[2026-09-29T21:01:44.578Z INFO  blacksilk_node] blacksilk-node 0.1.0 commit 64d89d4a17e8abaa060c1146ea30a492c373f1c9
[2026-09-29T21:01:44.578Z INFO  blacksilk_node] regtest: genesis 087d6fd4efbc45eb0a895dd0680a7fd305208cae239b1b4275d7148b29a569b7, consensus fingerprint 5fb8ef8f74efa7631e2d9aa5f809fc0d9ab9273fdc54d45e5aad73f889c5e72b
[2026-09-29T21:01:44.578Z INFO  blacksilk_node] regtest: loading C:/bszkeval/w4-lab-scratch/run1\node2
[2026-09-29T21:01:44.594Z INFO  blacksilk_node] chain loaded in 15.6ms: height 0, tip 087d6fd4efbc45eb
[2026-09-29T21:01:44.598Z INFO  blacksilk_node] P2P listening on 127.0.0.1:51041
[2026-09-29T21:01:44.599Z INFO  blacksilk_node] RPC listening on http://127.0.0.1:51040
[2026-09-29T21:01:44.606Z WARN  blacksilk_node::cookie] the data directory C:/bszkeval/w4-lab-scratch/run1\node2 is outside your user profile: on Windows the RPC cookie is protected only by that directory's permissions; make sure other users cannot read it
[2026-09-29T21:01:44.606Z INFO  blacksilk_node::serve] RPC credential written to C:/bszkeval/w4-lab-scratch/run1\node2\rpc.cookie (clients read it: --rpc-cookie)
[2026-09-29T21:01:44.949Z INFO  blacksilk_p2p::net::conn] connected inbound peer 127.0.0.1:9666 (height 0)
[2026-09-29T21:01:44.949Z INFO  blacksilk_p2p::net::conn] connected inbound peer 127.0.0.1:9670 (height 0)
[2026-09-29T21:01:44.980Z INFO  blacksilk_p2p::net::conn] connected outbound peer 127.0.0.1:53083 (height 0)
[2026-09-29T21:01:44.980Z DEBUG blacksilk_p2p::net::addr_relay] peer 3: addr with 1 entries
[2026-09-29T21:01:44.980Z INFO  blacksilk_p2p::net::conn] connected outbound peer 127.0.0.1:53084 (height 0)
[2026-09-29T21:01:44.981Z DEBUG blacksilk_p2p::net::addr_relay] peer 4: addr with 1 entries
[2026-09-29T21:01:45.019Z DEBUG blacksilk_p2p::net::addr_relay] peer 2: getaddr answered with 4 addresses
[2026-09-29T21:01:45.019Z DEBUG blacksilk_p2p::net::addr_relay] peer 2: addr with 1 entries
[2026-09-29T21:01:45.019Z DEBUG blacksilk_p2p::net::addr_relay] peer 1: getaddr answered with 4 addresses
[2026-09-29T21:01:45.019Z DEBUG blacksilk_p2p::net::addr_relay] peer 1: addr with 1 entries
[2026-09-29T21:01:45.056Z DEBUG blacksilk_p2p::net::addr_relay] peer 2: addr with 1 entries
[2026-09-29T21:01:45.056Z DEBUG blacksilk_p2p::net::addr_relay] peer 127.0.0.1:9670: 1 addresses over the rate limit dropped
[2026-09-29T21:01:45.056Z DEBUG blacksilk_p2p::net::addr_relay] peer 1: addr with 1 entries
[2026-09-29T21:01:45.056Z DEBUG blacksilk_p2p::net::addr_relay] peer 127.0.0.1:9666: 1 addresses over the rate limit dropped
[2026-09-29T21:01:45.056Z DEBUG blacksilk_p2p::net::addr_relay] peer 4: addr with 4 entries
[2026-09-29T21:01:45.056Z DEBUG blacksilk_p2p::net::addr_relay] peer 3: addr with 4 entries
[2026-09-29T21:01:47.948Z INFO  blacksilk_chain::manager::template] caught up at height 0: block templates are served from now on
[2026-09-29T21:01:47.948Z DEBUG blacksilk_p2p::net::headers] peer 2: 1 headers up to height 1 accepted (new: true)
[2026-09-29T21:01:48.017Z DEBUG blacksilk_p2p::net::blocks] peer 2: block a744844cbdc5 at height 1 received
[2026-09-29T21:01:48.299Z DEBUG blacksilk_p2p::net::headers] peer 4: 1 headers up to height 1 accepted (new: false)
[2026-09-29T21:01:48.318Z DEBUG blacksilk_p2p::net::headers] peer 1: 1 headers up to height 1 accepted (new: false)
[2026-09-29T21:01:48.318Z DEBUG blacksilk_p2p::net::headers] peer 3: 1 headers up to height 1 accepted (new: false)
[2026-09-29T21:01:49.468Z DEBUG blacksilk_p2p::net::headers] peer 2: 1 headers up to height 2 accepted (new: true)
[2026-09-29T21:01:49.543Z DEBUG blacksilk_p2p::net::blocks] peer 2: block 3b62880d5114 at height 2 received
[2026-09-29T21:01:49.577Z DEBUG blacksilk_p2p::net::headers] peer 4: 1 headers up to height 2 accepted (new: false)
[2026-09-29T21:01:49.628Z DEBUG blacksilk_p2p::net::headers] peer 3: 1 headers up to height 2 accepted (new: false)
[2026-09-29T21:01:49.628Z DEBUG blacksilk_p2p::net::headers] peer 1: 1 headers up to height 2 accepted (new: false)
[2026-09-29T21:01:50.726Z DEBUG blacksilk_p2p::net::headers] peer 2: 1 headers up to height 3 accepted (new: true)
[2026-09-29T21:01:50.796Z DEBUG blacksilk_p2p::net::blocks] peer 2: block c2de5319111c at height 3 received
[2026-09-29T21:01:50.894Z DEBUG blacksilk_p2p::net::headers] peer 4: 1 headers up to height 3 accepted (new: false)
[2026-09-29T21:01:50.925Z DEBUG blacksilk_p2p::net::headers] peer 3: 1 headers up to height 3 accepted (new: false)
[2026-09-29T21:01:52.002Z DEBUG blacksilk_p2p::net::headers] peer 2: 1 headers up to height 4 accepted (new: true)
[2026-09-29T21:01:52.064Z DEBUG blacksilk_p2p::net::blocks] peer 2: block a02d53e70c25 at height 4 received
[2026-09-29T21:01:52.200Z DEBUG blacksilk_p2p::net::headers] peer 4: 1 headers up to height 4 accepted (new: false)
[2026-09-29T21:01:52.230Z DEBUG blacksilk_p2p::net::headers] peer 3: 1 headers up to height 4 accepted (new: false)
[2026-09-29T21:01:53.060Z DEBUG blacksilk_p2p::net::headers] peer 2: 1 headers up to height 5 accepted (new: true)
[2026-09-29T21:01:53.136Z DEBUG blacksilk_p2p::net::blocks] peer 2: block d558e1dd347e at height 5 received
[2026-09-29T21:01:53.269Z DEBUG blacksilk_p2p::net::headers] peer 4: 1 headers up to height 5 accepted (new: false)
[2026-09-29T21:01:53.269Z DEBUG blacksilk_p2p::net::headers] peer 3: 1 headers up to height 5 accepted (new: false)
[2026-09-29T21:01:53.300Z DEBUG blacksilk_p2p::net::headers] peer 1: 1 headers up to height 5 accepted (new: false)
[2026-09-29T21:01:54.412Z DEBUG blacksilk_p2p::net::headers] peer 2: 1 headers up to height 6 accepted (new: true)
[2026-09-29T21:01:54.480Z DEBUG blacksilk_p2p::net::blocks] peer 2: block 276e1ea42d31 at height 6 received
[2026-09-29T21:01:54.570Z DEBUG blacksilk_p2p::net::headers] peer 4: 1 headers up to height 6 accepted (new: false)
[2026-09-29T21:01:54.570Z DEBUG blacksilk_p2p::net::headers] peer 3: 1 headers up to height 6 accepted (new: false)
[2026-09-29T21:01:54.602Z DEBUG blacksilk_p2p::net::headers] peer 1: 1 headers up to height 6 accepted (new: false)
[2026-09-29T21:01:55.716Z DEBUG blacksilk_p2p::net::headers] peer 2: 1 headers up to height 7 accepted (new: true)
[2026-09-29T21:01:55.788Z DEBUG blacksilk_p2p::net::blocks] peer 2: block b7a9cc59c9c9 at height 7 received
[2026-09-29T21:01:55.890Z DEBUG blacksilk_p2p::net::headers] peer 4: 1 headers up to height 7 accepted (new: false)
[2026-09-29T21:01:55.890Z DEBUG blacksilk_p2p::net::headers] peer 3: 1 headers up to height 7 accepted (new: false)
[2026-09-29T21:01:55.921Z DEBUG blacksilk_p2p::net::headers] peer 1: 1 headers up to height 7 accepted (new: false)
[2026-09-29T21:01:57.062Z DEBUG blacksilk_p2p::net::headers] peer 2: 1 headers up to height 8 accepted (new: true)
[2026-09-29T21:01:57.121Z DEBUG blacksilk_p2p::net::blocks] peer 2: block 73b5835e936c at height 8 received
[2026-09-29T21:01:57.168Z DEBUG blacksilk_p2p::net::headers] peer 3: 1 headers up to height 8 accepted (new: false)
[2026-09-29T21:01:57.189Z DEBUG blacksilk_p2p::net::headers] peer 4: 1 headers up to height 8 accepted (new: false)
[2026-09-29T21:01:58.392Z DEBUG blacksilk_p2p::net::headers] peer 2: 1 headers up to height 9 accepted (new: true)
[2026-09-29T21:01:58.458Z DEBUG blacksilk_p2p::net::blocks] peer 2: block 744b06a6f591 at height 9 received
[2026-09-29T21:01:58.532Z DEBUG blacksilk_p2p::net::headers] peer 1: 1 headers up to height 9 accepted (new: false)
[2026-09-29T21:01:58.728Z DEBUG blacksilk_p2p::net::headers] peer 4: 1 headers up to height 9 accepted (new: false)
[2026-09-29T21:01:58.728Z DEBUG blacksilk_p2p::net::headers] peer 3: 1 headers up to height 9 accepted (new: false)
[2026-09-29T21:01:59.866Z DEBUG blacksilk_p2p::net::headers] peer 2: 1 headers up to height 10 accepted (new: true)
[2026-09-29T21:01:59.925Z DEBUG blacksilk_p2p::net::blocks] peer 2: block 6a955bd1cb5e at height 10 received
[2026-09-29T21:02:01.243Z DEBUG blacksilk_p2p::net::headers] peer 2: 1 headers up to height 11 accepted (new: true)
[2026-09-29T21:02:01.317Z DEBUG blacksilk_p2p::net::blocks] peer 2: block b8374e5b2bdc at height 11 received
[2026-09-29T21:02:01.413Z DEBUG blacksilk_p2p::net::headers] peer 4: 1 headers up to height 11 accepted (new: false)
[2026-09-29T21:02:01.413Z DEBUG blacksilk_p2p::net::headers] peer 3: 1 headers up to height 11 accepted (new: false)
[2026-09-29T21:02:01.429Z DEBUG blacksilk_p2p::net::headers] peer 1: 1 headers up to height 11 accepted (new: false)
[2026-09-29T21:02:02.572Z DEBUG blacksilk_p2p::net::headers] peer 2: 1 headers up to height 12 accepted (new: true)
[2026-09-29T21:02:02.648Z DEBUG blacksilk_p2p::net::blocks] peer 2: block 537fbc9d2267 at height 12 received
[2026-09-29T21:02:02.724Z DEBUG blacksilk_p2p::net::headers] peer 4: 1 headers up to height 12 accepted (new: false)
[2026-09-29T21:02:02.724Z DEBUG blacksilk_p2p::net::headers] peer 3: 1 headers up to height 12 accepted (new: false)
[2026-09-29T21:02:02.740Z DEBUG blacksilk_p2p::net::headers] peer 1: 1 headers up to height 12 accepted (new: false)
[2026-09-29T21:02:03.628Z DEBUG blacksilk_p2p::net::headers] peer 2: 1 headers up to height 13 accepted (new: true)
[2026-09-29T21:02:03.699Z DEBUG blacksilk_p2p::net::blocks] peer 2: block 565170f1ad89 at height 13 received
[2026-09-29T21:02:03.759Z DEBUG blacksilk_p2p::net::headers] peer 4: 1 headers up to height 13 accepted (new: false)
[2026-09-29T21:02:03.759Z DEBUG blacksilk_p2p::net::headers] peer 3: 1 headers up to height 13 accepted (new: false)
[2026-09-29T21:02:03.759Z DEBUG blacksilk_p2p::net::headers] peer 1: 1 headers up to height 13 accepted (new: false)
[2026-09-29T21:02:04.931Z DEBUG blacksilk_p2p::net::headers] peer 2: 1 headers up to height 14 accepted (new: true)
[2026-09-29T21:02:05.009Z DEBUG blacksilk_p2p::net::blocks] peer 2: block 26fa5989db77 at height 14 received
[2026-09-29T21:02:05.059Z DEBUG blacksilk_p2p::net::headers] peer 4: 1 headers up to height 14 accepted (new: false)
[2026-09-29T21:02:05.059Z DEBUG blacksilk_p2p::net::headers] peer 3: 1 headers up to height 14 accepted (new: false)
[2026-09-29T21:02:06.238Z DEBUG blacksilk_p2p::net::headers] peer 2: 1 headers up to height 15 accepted (new: true)
[2026-09-29T21:02:06.299Z DEBUG blacksilk_p2p::net::blocks] peer 2: block cf6f7003e7e6 at height 15 received
[2026-09-29T21:02:06.362Z DEBUG blacksilk_p2p::net::headers] peer 3: 1 headers up to height 15 accepted (new: false)
[2026-09-29T21:02:06.362Z DEBUG blacksilk_p2p::net::headers] peer 1: 1 headers up to height 15 accepted (new: false)
[2026-09-29T21:02:06.362Z DEBUG blacksilk_p2p::net::headers] peer 4: 1 headers up to height 15 accepted (new: false)
[2026-09-29T21:02:07.530Z DEBUG blacksilk_p2p::net::headers] peer 2: 1 headers up to height 16 accepted (new: true)
[2026-09-29T21:02:07.588Z DEBUG blacksilk_p2p::net::blocks] peer 2: block 041cc573c9fd at height 16 received
[2026-09-29T21:02:07.656Z DEBUG blacksilk_p2p::net::headers] peer 1: 1 headers up to height 16 accepted (new: false)
[2026-09-29T21:02:07.656Z DEBUG blacksilk_p2p::net::headers] peer 3: 1 headers up to height 16 accepted (new: false)
[2026-09-29T21:02:07.656Z DEBUG blacksilk_p2p::net::headers] peer 4: 1 headers up to height 16 accepted (new: false)
[2026-09-29T21:02:08.540Z DEBUG blacksilk_p2p::net::headers] peer 2: 1 headers up to height 17 accepted (new: true)
[2026-09-29T21:02:08.603Z DEBUG blacksilk_p2p::net::blocks] peer 2: block ac5be2000ba5 at height 17 received
[2026-09-29T21:02:09.848Z DEBUG blacksilk_p2p::net::headers] peer 2: 1 headers up to height 18 accepted (new: true)
[2026-09-29T21:02:09.941Z DEBUG blacksilk_p2p::net::blocks] peer 2: block 10505d042443 at height 18 received
[2026-09-29T21:02:10.005Z DEBUG blacksilk_p2p::net::headers] peer 4: 1 headers up to height 18 accepted (new: false)
[2026-09-29T21:02:10.005Z DEBUG blacksilk_p2p::net::headers] peer 1: 1 headers up to height 18 accepted (new: false)
[2026-09-29T21:02:10.006Z DEBUG blacksilk_p2p::net::headers] peer 3: 1 headers up to height 18 accepted (new: false)
[2026-09-29T21:02:10.873Z DEBUG blacksilk_p2p::net::headers] peer 2: 1 headers up to height 19 accepted (new: true)
[2026-09-29T21:02:10.943Z DEBUG blacksilk_p2p::net::blocks] peer 2: block 469b6809e730 at height 19 received
[2026-09-29T21:02:11.044Z DEBUG blacksilk_p2p::net::headers] peer 3: 1 headers up to height 19 accepted (new: false)
[2026-09-29T21:02:11.044Z DEBUG blacksilk_p2p::net::headers] peer 4: 1 headers up to height 19 accepted (new: false)
[2026-09-29T21:02:11.044Z DEBUG blacksilk_p2p::net::headers] peer 1: 1 headers up to height 19 accepted (new: false)
[2026-09-29T21:02:11.910Z DEBUG blacksilk_p2p::net::headers] peer 2: 1 headers up to height 20 accepted (new: true)
[2026-09-29T21:02:11.984Z DEBUG blacksilk_p2p::net::blocks] peer 2: block b5f33a9fdaa5 at height 20 received
[2026-09-29T21:02:12.078Z DEBUG blacksilk_p2p::net::headers] peer 4: 1 headers up to height 20 accepted (new: false)
[2026-09-29T21:02:12.079Z DEBUG blacksilk_p2p::net::headers] peer 3: 1 headers up to height 20 accepted (new: false)
[2026-09-29T21:02:12.079Z DEBUG blacksilk_p2p::net::headers] peer 1: 1 headers up to height 20 accepted (new: false)
[2026-09-29T21:02:13.209Z DEBUG blacksilk_p2p::net::headers] peer 2: 1 headers up to height 21 accepted (new: true)
[2026-09-29T21:02:13.290Z DEBUG blacksilk_p2p::net::blocks] peer 2: block 480cc32f8457 at height 21 received
[2026-09-29T21:02:13.387Z DEBUG blacksilk_p2p::net::headers] peer 3: 1 headers up to height 21 accepted (new: false)
[2026-09-29T21:02:13.387Z DEBUG blacksilk_p2p::net::headers] peer 4: 1 headers up to height 21 accepted (new: false)
[2026-09-29T21:02:13.387Z DEBUG blacksilk_p2p::net::headers] peer 1: 1 headers up to height 21 accepted (new: false)
[2026-09-29T21:02:14.240Z DEBUG blacksilk_p2p::net::headers] peer 2: 1 headers up to height 22 accepted (new: true)
[2026-09-29T21:02:14.312Z DEBUG blacksilk_p2p::net::blocks] peer 2: block 67f83486e5b5 at height 22 received
[2026-09-29T21:02:14.417Z DEBUG blacksilk_p2p::net::headers] peer 4: 1 headers up to height 22 accepted (new: false)
[2026-09-29T21:02:14.417Z DEBUG blacksilk_p2p::net::headers] peer 3: 1 headers up to height 22 accepted (new: false)
[2026-09-29T21:02:14.417Z DEBUG blacksilk_p2p::net::headers] peer 1: 1 headers up to height 22 accepted (new: false)
[2026-09-29T21:02:15.535Z DEBUG blacksilk_p2p::net::headers] peer 2: 1 headers up to height 23 accepted (new: true)
[2026-09-29T21:02:15.600Z DEBUG blacksilk_p2p::net::blocks] peer 2: block e91ceda893b2 at height 23 received
[2026-09-29T21:02:16.637Z DEBUG blacksilk_p2p::net::headers] peer 2: 1 headers up to height 24 accepted (new: true)
[2026-09-29T21:02:16.710Z DEBUG blacksilk_p2p::net::blocks] peer 2: block 00f750ba0eb4 at height 24 received
[2026-09-29T21:02:16.757Z DEBUG blacksilk_p2p::net::headers] peer 3: 1 headers up to height 24 accepted (new: false)
[2026-09-29T21:02:16.757Z DEBUG blacksilk_p2p::net::headers] peer 1: 1 headers up to height 24 accepted (new: false)
[2026-09-29T21:02:16.757Z DEBUG blacksilk_p2p::net::headers] peer 4: 1 headers up to height 24 accepted (new: false)
[2026-09-29T21:02:17.650Z DEBUG blacksilk_p2p::net::headers] peer 2: 1 headers up to height 25 accepted (new: true)
[2026-09-29T21:02:17.715Z DEBUG blacksilk_p2p::net::blocks] peer 2: block c2fab0cd37e2 at height 25 received
[2026-09-29T21:02:17.808Z DEBUG blacksilk_p2p::net::headers] peer 1: 1 headers up to height 25 accepted (new: false)
[2026-09-29T21:02:17.808Z DEBUG blacksilk_p2p::net::headers] peer 3: 1 headers up to height 25 accepted (new: false)
[2026-09-29T21:02:17.808Z DEBUG blacksilk_p2p::net::headers] peer 4: 1 headers up to height 25 accepted (new: false)
[2026-09-29T21:02:18.943Z DEBUG blacksilk_p2p::net::headers] peer 2: 1 headers up to height 26 accepted (new: true)
[2026-09-29T21:02:19.012Z DEBUG blacksilk_p2p::net::blocks] peer 2: block ea7ff9bb1ea5 at height 26 received
[2026-09-29T21:02:19.136Z DEBUG blacksilk_p2p::net::headers] peer 4: 1 headers up to height 26 accepted (new: false)
[2026-09-29T21:02:19.136Z DEBUG blacksilk_p2p::net::headers] peer 3: 1 headers up to height 26 accepted (new: false)
[2026-09-29T21:02:19.136Z DEBUG blacksilk_p2p::net::headers] peer 1: 1 headers up to height 26 accepted (new: false)
[2026-09-29T21:02:19.982Z DEBUG blacksilk_p2p::net::headers] peer 2: 1 headers up to height 27 accepted (new: true)
[2026-09-29T21:02:20.042Z DEBUG blacksilk_p2p::net::blocks] peer 2: block ff0ecdc421a6 at height 27 received
[2026-09-29T21:02:20.157Z DEBUG blacksilk_p2p::net::headers] peer 4: 1 headers up to height 27 accepted (new: false)
[2026-09-29T21:02:20.158Z DEBUG blacksilk_p2p::net::headers] peer 3: 1 headers up to height 27 accepted (new: false)
[2026-09-29T21:02:20.158Z DEBUG blacksilk_p2p::net::headers] peer 1: 1 headers up to height 27 accepted (new: false)
[2026-09-29T21:02:21.034Z DEBUG blacksilk_p2p::net::headers] peer 2: 1 headers up to height 28 accepted (new: true)
[2026-09-29T21:02:21.105Z DEBUG blacksilk_p2p::net::blocks] peer 2: block 0ce9000040af at height 28 received
[2026-09-29T21:02:21.210Z DEBUG blacksilk_p2p::net::headers] peer 1: 1 headers up to height 28 accepted (new: false)
[2026-09-29T21:02:21.210Z DEBUG blacksilk_p2p::net::headers] peer 3: 1 headers up to height 28 accepted (new: false)
[2026-09-29T21:02:21.210Z DEBUG blacksilk_p2p::net::headers] peer 4: 1 headers up to height 28 accepted (new: false)
[2026-09-29T21:02:22.333Z DEBUG blacksilk_p2p::net::headers] peer 2: 1 headers up to height 29 accepted (new: true)
[2026-09-29T21:02:22.418Z DEBUG blacksilk_p2p::net::blocks] peer 2: block a1da6e2377e1 at height 29 received
[2026-09-29T21:02:22.501Z DEBUG blacksilk_p2p::net::headers] peer 3: 1 headers up to height 29 accepted (new: false)
[2026-09-29T21:02:22.513Z DEBUG blacksilk_p2p::net::headers] peer 4: 1 headers up to height 29 accepted (new: false)
[2026-09-29T21:02:22.513Z DEBUG blacksilk_p2p::net::headers] peer 1: 1 headers up to height 29 accepted (new: false)
[2026-09-29T21:02:23.365Z DEBUG blacksilk_p2p::net::headers] peer 2: 1 headers up to height 30 accepted (new: true)
[2026-09-29T21:02:23.414Z DEBUG blacksilk_p2p::net::blocks] peer 2: block 96b2e633f1a8 at height 30 received
[2026-09-29T21:02:23.564Z DEBUG blacksilk_p2p::net::headers] peer 4: 1 headers up to height 30 accepted (new: false)
[2026-09-29T21:02:23.564Z DEBUG blacksilk_p2p::net::headers] peer 3: 1 headers up to height 30 accepted (new: false)
[2026-09-29T21:02:23.564Z DEBUG blacksilk_p2p::net::headers] peer 1: 1 headers up to height 30 accepted (new: false)
[2026-09-29T21:02:24.438Z DEBUG blacksilk_p2p::net::headers] peer 2: 1 headers up to height 31 accepted (new: true)
[2026-09-29T21:02:24.509Z DEBUG blacksilk_p2p::net::blocks] peer 2: block 5a45557d17bc at height 31 received
[2026-09-29T21:02:24.597Z DEBUG blacksilk_p2p::net::headers] peer 4: 1 headers up to height 31 accepted (new: false)
[2026-09-29T21:02:24.597Z DEBUG blacksilk_p2p::net::headers] peer 3: 1 headers up to height 31 accepted (new: false)
[2026-09-29T21:02:24.597Z DEBUG blacksilk_p2p::net::headers] peer 1: 1 headers up to height 31 accepted (new: false)
[2026-09-29T21:02:25.725Z DEBUG blacksilk_p2p::net::headers] peer 2: 1 headers up to height 32 accepted (new: true)
[2026-09-29T21:02:25.802Z DEBUG blacksilk_p2p::net::blocks] peer 2: block 5e707b3f6160 at height 32 received
[2026-09-29T21:02:25.901Z DEBUG blacksilk_p2p::net::headers] peer 1: 1 headers up to height 32 accepted (new: false)
[2026-09-29T21:02:25.917Z DEBUG blacksilk_p2p::net::headers] peer 3: 1 headers up to height 32 accepted (new: false)
[2026-09-29T21:02:25.917Z DEBUG blacksilk_p2p::net::headers] peer 4: 1 headers up to height 32 accepted (new: false)
[2026-09-29T21:02:26.806Z DEBUG blacksilk_p2p::net::headers] peer 2: 1 headers up to height 33 accepted (new: true)
[2026-09-29T21:02:26.869Z DEBUG blacksilk_p2p::net::blocks] peer 2: block 1909d94e22b8 at height 33 received
[2026-09-29T21:02:26.934Z DEBUG blacksilk_p2p::net::headers] peer 3: 1 headers up to height 33 accepted (new: false)
[2026-09-29T21:02:26.934Z DEBUG blacksilk_p2p::net::headers] peer 1: 1 headers up to height 33 accepted (new: false)
[2026-09-29T21:02:26.965Z DEBUG blacksilk_p2p::net::headers] peer 4: 1 headers up to height 33 accepted (new: false)
[2026-09-29T21:02:28.106Z DEBUG blacksilk_p2p::net::headers] peer 2: 1 headers up to height 34 accepted (new: true)
[2026-09-29T21:02:28.198Z DEBUG blacksilk_p2p::net::blocks] peer 2: block b016ffa51099 at height 34 received
[2026-09-29T21:02:28.244Z DEBUG blacksilk_p2p::net::headers] peer 4: 1 headers up to height 34 accepted (new: false)
[2026-09-29T21:02:28.245Z DEBUG blacksilk_p2p::net::headers] peer 3: 1 headers up to height 34 accepted (new: false)
[2026-09-29T21:02:29.149Z DEBUG blacksilk_p2p::net::headers] peer 2: 1 headers up to height 35 accepted (new: true)
[2026-09-29T21:02:29.236Z DEBUG blacksilk_p2p::net::blocks] peer 2: block 244bdc771721 at height 35 received
[2026-09-29T21:02:29.287Z DEBUG blacksilk_p2p::net::headers] peer 4: 1 headers up to height 35 accepted (new: false)
[2026-09-29T21:02:29.302Z DEBUG blacksilk_p2p::net::headers] peer 3: 1 headers up to height 35 accepted (new: false)
[2026-09-29T21:02:30.529Z DEBUG blacksilk_p2p::net::headers] peer 2: 1 headers up to height 36 accepted (new: true)
[2026-09-29T21:02:30.590Z DEBUG blacksilk_p2p::net::blocks] peer 2: block b176594ff686 at height 36 received
[2026-09-29T21:02:31.747Z DEBUG blacksilk_p2p::net::headers] peer 2: 1 headers up to height 37 accepted (new: true)
[2026-09-29T21:02:31.824Z DEBUG blacksilk_p2p::net::blocks] peer 2: block 29e0a7325a9a at height 37 received
[2026-09-29T21:02:31.888Z DEBUG blacksilk_p2p::net::headers] peer 3: 1 headers up to height 37 accepted (new: false)
[2026-09-29T21:02:31.903Z DEBUG blacksilk_p2p::net::headers] peer 4: 1 headers up to height 37 accepted (new: false)
[2026-09-29T21:02:32.888Z DEBUG blacksilk_p2p::net::headers] peer 2: 1 headers up to height 38 accepted (new: true)
[2026-09-29T21:02:32.960Z DEBUG blacksilk_p2p::net::blocks] peer 2: block 9e90f74e027c at height 38 received
[2026-09-29T21:02:34.056Z DEBUG blacksilk_p2p::net::headers] peer 2: 1 headers up to height 39 accepted (new: true)
[2026-09-29T21:02:34.117Z DEBUG blacksilk_p2p::net::blocks] peer 2: block 4ae41ce77ffd at height 39 received
[2026-09-29T21:02:34.188Z DEBUG blacksilk_p2p::net::headers] peer 1: 1 headers up to height 39 accepted (new: false)
[2026-09-29T21:02:34.241Z DEBUG blacksilk_p2p::net::headers] peer 3: 1 headers up to height 39 accepted (new: false)
[2026-09-29T21:02:34.241Z DEBUG blacksilk_p2p::net::headers] peer 4: 1 headers up to height 39 accepted (new: false)
[2026-09-29T21:02:35.414Z DEBUG blacksilk_p2p::net::headers] peer 2: 1 headers up to height 40 accepted (new: true)
[2026-09-29T21:02:35.480Z DEBUG blacksilk_p2p::net::blocks] peer 2: block 84b10776222b at height 40 received
[2026-09-29T21:02:35.540Z DEBUG blacksilk_p2p::net::headers] peer 3: 1 headers up to height 40 accepted (new: false)
[2026-09-29T21:02:36.650Z DEBUG blacksilk_p2p::net::headers] peer 2: 1 headers up to height 41 accepted (new: true)
[2026-09-29T21:02:36.709Z DEBUG blacksilk_p2p::net::blocks] peer 2: block a6f4a4acf365 at height 41 received
[2026-09-29T21:02:37.778Z DEBUG blacksilk_p2p::net::headers] peer 2: 1 headers up to height 42 accepted (new: true)
[2026-09-29T21:02:37.836Z DEBUG blacksilk_p2p::net::blocks] peer 2: block 7b8ebde84eac at height 42 received
[2026-09-29T21:02:37.891Z DEBUG blacksilk_p2p::net::headers] peer 4: 1 headers up to height 42 accepted (new: false)
[2026-09-29T21:02:37.920Z DEBUG blacksilk_p2p::net::headers] peer 3: 1 headers up to height 42 accepted (new: false)
[2026-09-29T21:02:38.121Z DEBUG blacksilk_p2p::net::headers] peer 1: 1 headers up to height 42 accepted (new: false)
[2026-09-29T21:02:39.375Z DEBUG blacksilk_p2p::net::headers] peer 2: 1 headers up to height 43 accepted (new: true)
[2026-09-29T21:02:39.439Z DEBUG blacksilk_p2p::net::blocks] peer 2: block ead4d5151da4 at height 43 received
[2026-09-29T21:02:39.506Z DEBUG blacksilk_p2p::net::headers] peer 3: 1 headers up to height 43 accepted (new: false)
[2026-09-29T21:02:40.618Z DEBUG blacksilk_p2p::net::headers] peer 2: 1 headers up to height 44 accepted (new: true)
[2026-09-29T21:02:40.674Z DEBUG blacksilk_p2p::net::blocks] peer 2: block 3aedd0e1d782 at height 44 received
[2026-09-29T21:02:40.766Z DEBUG blacksilk_p2p::net::headers] peer 4: 1 headers up to height 44 accepted (new: false)
[2026-09-29T21:02:40.797Z DEBUG blacksilk_p2p::net::headers] peer 3: 1 headers up to height 44 accepted (new: false)
[2026-09-29T21:02:41.644Z DEBUG blacksilk_p2p::net::headers] peer 2: 1 headers up to height 45 accepted (new: true)
[2026-09-29T21:02:41.710Z DEBUG blacksilk_p2p::net::blocks] peer 2: block f414bd348963 at height 45 received
[2026-09-29T21:02:41.790Z DEBUG blacksilk_p2p::net::headers] peer 4: 1 headers up to height 45 accepted (new: false)
[2026-09-29T21:02:41.791Z DEBUG blacksilk_p2p::net::headers] peer 1: 1 headers up to height 45 accepted (new: false)
[2026-09-29T21:02:41.843Z DEBUG blacksilk_p2p::net::headers] peer 3: 1 headers up to height 45 accepted (new: false)
[2026-09-29T21:02:42.935Z DEBUG blacksilk_p2p::net::headers] peer 2: 1 headers up to height 46 accepted (new: true)
[2026-09-29T21:02:43.006Z DEBUG blacksilk_p2p::net::blocks] peer 2: block b440d137ad9a at height 46 received
[2026-09-29T21:02:43.092Z DEBUG blacksilk_p2p::net::headers] peer 1: 1 headers up to height 46 accepted (new: false)
[2026-09-29T21:02:43.092Z DEBUG blacksilk_p2p::net::headers] peer 4: 1 headers up to height 46 accepted (new: false)
[2026-09-29T21:02:43.141Z DEBUG blacksilk_p2p::net::headers] peer 3: 1 headers up to height 46 accepted (new: false)
[2026-09-29T21:02:43.976Z DEBUG blacksilk_p2p::net::headers] peer 2: 1 headers up to height 47 accepted (new: true)
[2026-09-29T21:02:44.030Z DEBUG blacksilk_p2p::net::blocks] peer 2: block f2f5cb8e8b67 at height 47 received
[2026-09-29T21:02:44.199Z DEBUG blacksilk_p2p::net::headers] peer 3: 1 headers up to height 47 accepted (new: false)
[2026-09-29T21:02:45.254Z DEBUG blacksilk_p2p::net::headers] peer 2: 1 headers up to height 48 accepted (new: true)
[2026-09-29T21:02:45.318Z DEBUG blacksilk_p2p::net::blocks] peer 2: block f80557b2792c at height 48 received
[2026-09-29T21:02:45.416Z DEBUG blacksilk_p2p::net::headers] peer 1: 1 headers up to height 48 accepted (new: false)
[2026-09-29T21:02:45.416Z DEBUG blacksilk_p2p::net::headers] peer 4: 1 headers up to height 48 accepted (new: false)
[2026-09-29T21:02:45.498Z DEBUG blacksilk_p2p::net::headers] peer 3: 1 headers up to height 48 accepted (new: false)
[2026-09-29T21:02:46.532Z DEBUG blacksilk_p2p::net::headers] peer 2: 1 headers up to height 49 accepted (new: true)
[2026-09-29T21:02:46.601Z DEBUG blacksilk_p2p::net::blocks] peer 2: block f30286704541 at height 49 received
[2026-09-29T21:02:46.723Z DEBUG blacksilk_p2p::net::headers] peer 4: 1 headers up to height 49 accepted (new: false)
[2026-09-29T21:02:46.723Z DEBUG blacksilk_p2p::net::headers] peer 1: 1 headers up to height 49 accepted (new: false)
[2026-09-29T21:02:46.798Z DEBUG blacksilk_p2p::net::headers] peer 3: 1 headers up to height 49 accepted (new: false)
[2026-09-29T21:02:47.610Z DEBUG blacksilk_p2p::net::headers] peer 2: 1 headers up to height 50 accepted (new: true)
[2026-09-29T21:02:47.669Z DEBUG blacksilk_p2p::net::blocks] peer 2: block ff1f7a154b17 at height 50 received
[2026-09-29T21:02:47.767Z DEBUG blacksilk_p2p::net::headers] peer 1: 1 headers up to height 50 accepted (new: false)
[2026-09-29T21:02:47.767Z DEBUG blacksilk_p2p::net::headers] peer 4: 1 headers up to height 50 accepted (new: false)
[2026-09-29T21:02:47.831Z DEBUG blacksilk_p2p::net::headers] peer 3: 1 headers up to height 50 accepted (new: false)
[2026-09-29T21:02:48.669Z DEBUG blacksilk_p2p::net::headers] peer 2: 1 headers up to height 51 accepted (new: true)
[2026-09-29T21:02:48.738Z DEBUG blacksilk_p2p::net::blocks] peer 2: block 423e4fddd8f9 at height 51 received
[2026-09-29T21:02:48.794Z DEBUG blacksilk_p2p::net::headers] peer 1: 1 headers up to height 51 accepted (new: false)
[2026-09-29T21:02:48.794Z DEBUG blacksilk_p2p::net::headers] peer 4: 1 headers up to height 51 accepted (new: false)
[2026-09-29T21:02:48.869Z DEBUG blacksilk_p2p::net::headers] peer 3: 1 headers up to height 51 accepted (new: false)
[2026-09-29T21:02:49.919Z DEBUG blacksilk_p2p::net::headers] peer 2: 1 headers up to height 52 accepted (new: true)
[2026-09-29T21:02:49.977Z DEBUG blacksilk_p2p::net::blocks] peer 2: block 0b800b0726a2 at height 52 received
[2026-09-29T21:02:50.120Z DEBUG blacksilk_p2p::net::headers] peer 4: 1 headers up to height 52 accepted (new: false)
[2026-09-29T21:02:50.120Z DEBUG blacksilk_p2p::net::headers] peer 1: 1 headers up to height 52 accepted (new: false)
[2026-09-29T21:02:50.189Z DEBUG blacksilk_p2p::net::headers] peer 3: 1 headers up to height 52 accepted (new: false)
[2026-09-29T21:02:51.225Z DEBUG blacksilk_p2p::net::headers] peer 2: 1 headers up to height 53 accepted (new: true)
[2026-09-29T21:02:51.289Z DEBUG blacksilk_p2p::net::blocks] peer 2: block c1e27511da95 at height 53 received
[2026-09-29T21:02:52.274Z DEBUG blacksilk_p2p::net::headers] peer 2: 1 headers up to height 54 accepted (new: true)
[2026-09-29T21:02:52.342Z DEBUG blacksilk_p2p::net::blocks] peer 2: block 95050cebcb04 at height 54 received
[2026-09-29T21:02:52.459Z DEBUG blacksilk_p2p::net::headers] peer 1: 1 headers up to height 54 accepted (new: false)
[2026-09-29T21:02:52.459Z DEBUG blacksilk_p2p::net::headers] peer 4: 1 headers up to height 54 accepted (new: false)
[2026-09-29T21:02:52.510Z DEBUG blacksilk_p2p::net::headers] peer 3: 1 headers up to height 54 accepted (new: false)
[2026-09-29T21:02:53.570Z DEBUG blacksilk_p2p::net::headers] peer 2: 1 headers up to height 55 accepted (new: true)
[2026-09-29T21:02:53.628Z DEBUG blacksilk_p2p::net::blocks] peer 2: block 36c0d5225dc1 at height 55 received
[2026-09-29T21:02:53.727Z DEBUG blacksilk_p2p::net::headers] peer 1: 1 headers up to height 55 accepted (new: false)
[2026-09-29T21:02:54.568Z DEBUG blacksilk_p2p::net::headers] peer 2: 1 headers up to height 56 accepted (new: true)
[2026-09-29T21:02:54.629Z DEBUG blacksilk_p2p::net::blocks] peer 2: block ef158d2822d8 at height 56 received
[2026-09-29T21:02:55.883Z DEBUG blacksilk_p2p::net::headers] peer 2: 1 headers up to height 57 accepted (new: true)
[2026-09-29T21:02:55.932Z DEBUG blacksilk_p2p::net::blocks] peer 2: block 558b2c75027d at height 57 received
[2026-09-29T21:02:56.922Z DEBUG blacksilk_p2p::net::headers] peer 2: 1 headers up to height 58 accepted (new: true)
[2026-09-29T21:02:57.007Z DEBUG blacksilk_p2p::net::blocks] peer 2: block bd5fcc1f4730 at height 58 received
[2026-09-29T21:02:57.979Z DEBUG blacksilk_p2p::net::headers] peer 2: 1 headers up to height 59 accepted (new: true)
[2026-09-29T21:02:58.044Z DEBUG blacksilk_p2p::net::blocks] peer 2: block 3cf3cdf8c7a0 at height 59 received
[2026-09-29T21:02:59.256Z DEBUG blacksilk_p2p::net::headers] peer 2: 1 headers up to height 60 accepted (new: true)
[2026-09-29T21:02:59.321Z DEBUG blacksilk_p2p::net::blocks] peer 2: block f6970b466e1a at height 60 received
[2026-09-29T21:03:00.364Z DEBUG blacksilk_p2p::net::headers] peer 2: 1 headers up to height 61 accepted (new: true)
[2026-09-29T21:03:00.427Z DEBUG blacksilk_p2p::net::blocks] peer 2: block ffcb7c18d0f0 at height 61 received
[2026-09-29T21:03:00.521Z DEBUG blacksilk_p2p::net::headers] peer 1: 1 headers up to height 61 accepted (new: false)
[2026-09-29T21:03:00.539Z DEBUG blacksilk_p2p::net::headers] peer 4: 1 headers up to height 61 accepted (new: false)
[2026-09-29T21:03:00.638Z DEBUG blacksilk_p2p::net::headers] peer 3: 1 headers up to height 61 accepted (new: false)
[2026-09-29T21:03:01.690Z DEBUG blacksilk_p2p::net::headers] peer 2: 1 headers up to height 62 accepted (new: true)
[2026-09-29T21:03:01.774Z DEBUG blacksilk_p2p::net::blocks] peer 2: block 93f491ae9fb9 at height 62 received
[2026-09-29T21:03:01.842Z DEBUG blacksilk_p2p::net::headers] peer 1: 1 headers up to height 62 accepted (new: false)
[2026-09-29T21:03:01.842Z DEBUG blacksilk_p2p::net::headers] peer 4: 1 headers up to height 62 accepted (new: false)
[2026-09-29T21:03:01.990Z DEBUG blacksilk_p2p::net::headers] peer 3: 1 headers up to height 62 accepted (new: false)
[2026-09-29T21:03:02.769Z DEBUG blacksilk_p2p::net::headers] peer 2: 1 headers up to height 63 accepted (new: true)
[2026-09-29T21:03:02.844Z DEBUG blacksilk_p2p::net::blocks] peer 2: block 1e3fe0c32df0 at height 63 received
[2026-09-29T21:03:02.909Z DEBUG blacksilk_p2p::net::headers] peer 4: 1 headers up to height 63 accepted (new: false)
[2026-09-29T21:03:02.909Z DEBUG blacksilk_p2p::net::headers] peer 1: 1 headers up to height 63 accepted (new: false)
[2026-09-29T21:03:03.019Z DEBUG blacksilk_p2p::net::headers] peer 3: 1 headers up to height 63 accepted (new: false)
[2026-09-29T21:03:04.031Z DEBUG blacksilk_p2p::net::headers] peer 2: 1 headers up to height 64 accepted (new: true)
[2026-09-29T21:03:04.086Z DEBUG blacksilk_p2p::net::blocks] peer 2: block 38e50b23768d at height 64 received
[2026-09-29T21:03:04.186Z DEBUG blacksilk_p2p::net::headers] peer 1: 1 headers up to height 64 accepted (new: false)
[2026-09-29T21:03:04.202Z DEBUG blacksilk_p2p::net::headers] peer 4: 1 headers up to height 64 accepted (new: false)
[2026-09-29T21:03:04.339Z DEBUG blacksilk_p2p::net::headers] peer 3: 1 headers up to height 64 accepted (new: false)
[2026-09-29T21:03:05.371Z DEBUG blacksilk_p2p::net::headers] peer 2: 1 headers up to height 65 accepted (new: true)
[2026-09-29T21:03:05.446Z DEBUG blacksilk_p2p::net::blocks] peer 2: block 9bf723cd1f4f at height 65 received
[2026-09-29T21:03:05.630Z DEBUG blacksilk_p2p::net::headers] peer 3: 1 headers up to height 65 accepted (new: false)
[2026-09-29T21:03:06.674Z DEBUG blacksilk_p2p::net::headers] peer 2: 1 headers up to height 66 accepted (new: true)
[2026-09-29T21:03:06.743Z DEBUG blacksilk_p2p::net::blocks] peer 2: block bf0ceefcd1b9 at height 66 received
[2026-09-29T21:03:06.812Z DEBUG blacksilk_p2p::net::headers] peer 4: 1 headers up to height 66 accepted (new: false)
[2026-09-29T21:03:06.812Z DEBUG blacksilk_p2p::net::headers] peer 1: 1 headers up to height 66 accepted (new: false)
[2026-09-29T21:03:06.953Z DEBUG blacksilk_p2p::net::headers] peer 3: 1 headers up to height 66 accepted (new: false)
[2026-09-29T21:03:08.092Z DEBUG blacksilk_p2p::net::headers] peer 2: 1 headers up to height 67 accepted (new: true)
[2026-09-29T21:03:08.156Z DEBUG blacksilk_p2p::net::blocks] peer 2: block 9af7328998b9 at height 67 received
[2026-09-29T21:03:08.266Z DEBUG blacksilk_p2p::net::headers] peer 3: 1 headers up to height 67 accepted (new: false)
[2026-09-29T21:03:09.346Z DEBUG blacksilk_p2p::net::headers] peer 2: 1 headers up to height 68 accepted (new: true)
[2026-09-29T21:03:09.402Z DEBUG blacksilk_p2p::net::blocks] peer 2: block 60c03c957a22 at height 68 received
[2026-09-29T21:03:09.436Z DEBUG blacksilk_p2p::net::headers] peer 1: 1 headers up to height 68 accepted (new: false)
[2026-09-29T21:03:09.580Z DEBUG blacksilk_p2p::net::headers] peer 3: 1 headers up to height 68 accepted (new: false)
[2026-09-29T21:03:10.333Z DEBUG blacksilk_p2p::net::headers] peer 2: 1 headers up to height 69 accepted (new: true)
[2026-09-29T21:03:10.404Z DEBUG blacksilk_p2p::net::blocks] peer 2: block 5b208a1dd925 at height 69 received
[2026-09-29T21:03:10.454Z DEBUG blacksilk_p2p::net::headers] peer 4: 1 headers up to height 69 accepted (new: false)
[2026-09-29T21:03:10.470Z DEBUG blacksilk_p2p::net::headers] peer 1: 1 headers up to height 69 accepted (new: false)
[2026-09-29T21:03:10.617Z DEBUG blacksilk_p2p::net::headers] peer 3: 1 headers up to height 69 accepted (new: false)
[2026-09-29T21:03:11.665Z DEBUG blacksilk_p2p::net::headers] peer 2: 1 headers up to height 70 accepted (new: true)
[2026-09-29T21:03:11.731Z DEBUG blacksilk_p2p::net::blocks] peer 2: block b2b792c50483 at height 70 received
[2026-09-29T21:03:11.763Z DEBUG blacksilk_p2p::net::headers] peer 4: 1 headers up to height 70 accepted (new: false)
[2026-09-29T21:03:11.901Z DEBUG blacksilk_p2p::net::headers] peer 3: 1 headers up to height 70 accepted (new: false)
[2026-09-29T21:03:12.970Z DEBUG blacksilk_p2p::net::headers] peer 2: 1 headers up to height 71 accepted (new: true)
[2026-09-29T21:03:13.036Z DEBUG blacksilk_p2p::net::blocks] peer 2: block e2ba2ff596f2 at height 71 received
[2026-09-29T21:03:13.196Z DEBUG blacksilk_p2p::net::headers] peer 3: 1 headers up to height 71 accepted (new: false)
[2026-09-29T21:03:14.185Z DEBUG blacksilk_p2p::net::headers] peer 2: 1 headers up to height 72 accepted (new: true)
[2026-09-29T21:03:14.246Z DEBUG blacksilk_p2p::net::blocks] peer 2: block 0a14dc5ea9ca at height 72 received
[2026-09-29T21:03:14.346Z DEBUG blacksilk_p2p::net::headers] peer 4: 1 headers up to height 72 accepted (new: false)
[2026-09-29T21:03:14.347Z DEBUG blacksilk_p2p::net::headers] peer 1: 1 headers up to height 72 accepted (new: false)
[2026-09-29T21:03:14.476Z DEBUG blacksilk_p2p::net::headers] peer 3: 1 headers up to height 72 accepted (new: false)
[2026-09-29T21:03:15.549Z DEBUG blacksilk_p2p::net::headers] peer 2: 1 headers up to height 73 accepted (new: true)
[2026-09-29T21:03:15.613Z DEBUG blacksilk_p2p::net::blocks] peer 2: block b7e27fec84a8 at height 73 received
[2026-09-29T21:03:15.662Z DEBUG blacksilk_p2p::net::headers] peer 1: 1 headers up to height 73 accepted (new: false)
[2026-09-29T21:03:15.662Z DEBUG blacksilk_p2p::net::headers] peer 4: 1 headers up to height 73 accepted (new: false)
[2026-09-29T21:03:15.794Z DEBUG blacksilk_p2p::net::headers] peer 3: 1 headers up to height 73 accepted (new: false)
[2026-09-29T21:03:16.801Z DEBUG blacksilk_p2p::net::headers] peer 2: 1 headers up to height 74 accepted (new: true)
[2026-09-29T21:03:16.866Z DEBUG blacksilk_p2p::net::blocks] peer 2: block a18435a49ab3 at height 74 received
[2026-09-29T21:03:16.933Z DEBUG blacksilk_p2p::net::headers] peer 1: 1 headers up to height 74 accepted (new: false)
[2026-09-29T21:03:16.977Z DEBUG blacksilk_p2p::net::headers] peer 4: 1 headers up to height 74 accepted (new: false)
[2026-09-29T21:03:17.104Z DEBUG blacksilk_p2p::net::headers] peer 3: 1 headers up to height 74 accepted (new: false)
[2026-09-29T21:03:18.167Z DEBUG blacksilk_p2p::net::headers] peer 2: 1 headers up to height 75 accepted (new: true)
[2026-09-29T21:03:18.234Z DEBUG blacksilk_p2p::net::blocks] peer 2: block e8109729c1d2 at height 75 received
[2026-09-29T21:03:18.283Z DEBUG blacksilk_p2p::net::headers] peer 4: 1 headers up to height 75 accepted (new: false)
[2026-09-29T21:03:18.283Z DEBUG blacksilk_p2p::net::headers] peer 1: 1 headers up to height 75 accepted (new: false)
[2026-09-29T21:03:18.398Z DEBUG blacksilk_p2p::net::headers] peer 3: 1 headers up to height 75 accepted (new: false)
[2026-09-29T21:03:19.193Z DEBUG blacksilk_p2p::net::headers] peer 2: 1 headers up to height 76 accepted (new: true)
[2026-09-29T21:03:19.253Z DEBUG blacksilk_p2p::net::blocks] peer 2: block a6bfa3e655df at height 76 received
[2026-09-29T21:03:19.435Z DEBUG blacksilk_p2p::net::headers] peer 3: 1 headers up to height 76 accepted (new: false)
[2026-09-29T21:03:21.297Z DEBUG blacksilk_p2p::net::headers] peer 2: 1 headers up to height 77 accepted (new: true)
[2026-09-29T21:03:21.367Z DEBUG blacksilk_p2p::net::blocks] peer 2: block 2202da37dd06 at height 77 received
[2026-09-29T21:03:21.421Z DEBUG blacksilk_p2p::net::headers] peer 4: 1 headers up to height 77 accepted (new: false)
[2026-09-29T21:03:21.421Z DEBUG blacksilk_p2p::net::headers] peer 1: 1 headers up to height 77 accepted (new: false)
[2026-09-29T21:03:21.503Z DEBUG blacksilk_p2p::net::headers] peer 3: 1 headers up to height 77 accepted (new: false)
[2026-09-29T21:03:23.126Z DEBUG blacksilk_p2p::net::headers] peer 2: 1 headers up to height 78 accepted (new: true)
[2026-09-29T21:03:23.204Z DEBUG blacksilk_p2p::net::blocks] peer 2: block c4d91ba88692 at height 78 received
[2026-09-29T21:03:23.245Z DEBUG blacksilk_p2p::net::headers] peer 1: 1 headers up to height 78 accepted (new: false)
[2026-09-29T21:03:23.245Z DEBUG blacksilk_p2p::net::headers] peer 4: 1 headers up to height 78 accepted (new: false)
[2026-09-29T21:03:23.308Z DEBUG blacksilk_p2p::net::headers] peer 3: 1 headers up to height 78 accepted (new: false)
[2026-09-29T21:03:25.678Z DEBUG blacksilk_p2p::net::headers] peer 2: 1 headers up to height 79 accepted (new: true)
[2026-09-29T21:03:25.743Z DEBUG blacksilk_p2p::net::blocks] peer 2: block e7cf5c7eb424 at height 79 received
[2026-09-29T21:03:25.836Z DEBUG blacksilk_p2p::net::headers] peer 1: 1 headers up to height 79 accepted (new: false)
[2026-09-29T21:03:25.836Z DEBUG blacksilk_p2p::net::headers] peer 4: 1 headers up to height 79 accepted (new: false)
[2026-09-29T21:03:25.917Z DEBUG blacksilk_p2p::net::headers] peer 3: 1 headers up to height 79 accepted (new: false)
[2026-09-29T21:03:26.731Z DEBUG blacksilk_p2p::net::headers] peer 2: 1 headers up to height 80 accepted (new: true)
[2026-09-29T21:03:26.795Z DEBUG blacksilk_p2p::net::blocks] peer 2: block 88ba23b78175 at height 80 received
[2026-09-29T21:03:26.869Z DEBUG blacksilk_p2p::net::headers] peer 1: 1 headers up to height 80 accepted (new: false)
[2026-09-29T21:03:26.945Z DEBUG blacksilk_p2p::net::headers] peer 3: 1 headers up to height 80 accepted (new: false)
[2026-09-29T21:03:28.066Z DEBUG blacksilk_p2p::net::headers] peer 2: 1 headers up to height 81 accepted (new: true)
[2026-09-29T21:03:28.129Z DEBUG blacksilk_p2p::net::blocks] peer 2: block 0ebd3d848e76 at height 81 received
[2026-09-29T21:03:28.190Z DEBUG blacksilk_p2p::net::headers] peer 4: 1 headers up to height 81 accepted (new: false)
[2026-09-29T21:03:28.190Z DEBUG blacksilk_p2p::net::headers] peer 1: 1 headers up to height 81 accepted (new: false)
[2026-09-29T21:03:28.251Z DEBUG blacksilk_p2p::net::headers] peer 3: 1 headers up to height 81 accepted (new: false)
[2026-09-29T21:03:29.915Z DEBUG blacksilk_p2p::net::headers] peer 2: 1 headers up to height 82 accepted (new: true)
[2026-09-29T21:03:29.984Z DEBUG blacksilk_p2p::net::blocks] peer 2: block 55334353ee29 at height 82 received
[2026-09-29T21:03:29.988Z DEBUG blacksilk_p2p::net::headers] peer 1: 1 headers up to height 82 accepted (new: false)
[2026-09-29T21:03:30.013Z DEBUG blacksilk_p2p::net::headers] peer 4: 1 headers up to height 82 accepted (new: false)
[2026-09-29T21:03:30.078Z DEBUG blacksilk_p2p::net::headers] peer 3: 1 headers up to height 82 accepted (new: false)
[2026-09-29T21:03:32.584Z DEBUG blacksilk_p2p::net::headers] peer 2: 1 headers up to height 83 accepted (new: true)
[2026-09-29T21:03:32.622Z DEBUG blacksilk_p2p::net::headers] peer 4: 1 headers up to height 83 accepted (new: false)
[2026-09-29T21:03:32.656Z DEBUG blacksilk_p2p::net::blocks] peer 2: block 49cb7608753c at height 83 received
[2026-09-29T21:03:32.672Z DEBUG blacksilk_p2p::net::headers] peer 3: 1 headers up to height 83 accepted (new: false)
[2026-09-29T21:03:35.322Z DEBUG blacksilk_p2p::net::headers] peer 2: 1 headers up to height 84 accepted (new: true)
[2026-09-29T21:03:35.399Z DEBUG blacksilk_p2p::net::blocks] peer 2: block 91a4263cc0fd at height 84 received
[2026-09-29T21:03:35.460Z DEBUG blacksilk_p2p::net::headers] peer 1: 1 headers up to height 84 accepted (new: false)
[2026-09-29T21:03:35.510Z DEBUG blacksilk_p2p::net::headers] peer 3: 1 headers up to height 84 accepted (new: false)
[2026-09-29T21:03:35.526Z DEBUG blacksilk_p2p::net::headers] peer 4: 1 headers up to height 84 accepted (new: false)
[2026-09-29T21:03:37.706Z DEBUG blacksilk_p2p::net::headers] peer 2: 1 headers up to height 85 accepted (new: true)
[2026-09-29T21:03:37.790Z DEBUG blacksilk_p2p::net::blocks] peer 2: block 0d17b964de53 at height 85 received
[2026-09-29T21:03:37.790Z DEBUG blacksilk_p2p::net::headers] peer 1: 1 headers up to height 85 accepted (new: false)
[2026-09-29T21:03:37.847Z DEBUG blacksilk_p2p::net::headers] peer 3: 1 headers up to height 85 accepted (new: false)
[2026-09-29T21:03:37.864Z DEBUG blacksilk_p2p::net::headers] peer 4: 1 headers up to height 85 accepted (new: false)
[2026-09-29T21:03:38.758Z DEBUG blacksilk_p2p::net::headers] peer 2: 1 headers up to height 86 accepted (new: true)
[2026-09-29T21:03:38.836Z DEBUG blacksilk_p2p::net::blocks] peer 2: block 35a4f4ed21c9 at height 86 received
[2026-09-29T21:03:38.880Z DEBUG blacksilk_p2p::net::headers] peer 4: 1 headers up to height 86 accepted (new: false)
[2026-09-29T21:03:38.880Z DEBUG blacksilk_p2p::net::headers] peer 3: 1 headers up to height 86 accepted (new: false)
[2026-09-29T21:03:41.085Z DEBUG blacksilk_p2p::net::headers] peer 2: 1 headers up to height 87 accepted (new: true)
[2026-09-29T21:03:41.152Z DEBUG blacksilk_p2p::net::blocks] peer 2: block 53186efa58d1 at height 87 received
[2026-09-29T21:03:41.184Z DEBUG blacksilk_p2p::net::headers] peer 1: 1 headers up to height 87 accepted (new: false)
[2026-09-29T21:03:41.219Z DEBUG blacksilk_p2p::net::headers] peer 4: 1 headers up to height 87 accepted (new: false)
[2026-09-29T21:03:41.219Z DEBUG blacksilk_p2p::net::headers] peer 3: 1 headers up to height 87 accepted (new: false)
[2026-09-29T21:03:42.450Z DEBUG blacksilk_p2p::net::headers] peer 2: 1 headers up to height 88 accepted (new: true)
[2026-09-29T21:03:42.521Z DEBUG blacksilk_p2p::net::blocks] peer 2: block 51b45d156f54 at height 88 received
[2026-09-29T21:03:42.735Z DEBUG blacksilk_p2p::net::headers] peer 1: 1 headers up to height 88 accepted (new: false)
[2026-09-29T21:03:42.791Z DEBUG blacksilk_p2p::net::headers] peer 3: 1 headers up to height 88 accepted (new: false)
[2026-09-29T21:03:42.791Z DEBUG blacksilk_p2p::net::headers] peer 4: 1 headers up to height 88 accepted (new: false)
[2026-09-29T21:03:44.721Z DEBUG blacksilk_p2p::net::headers] peer 2: 1 headers up to height 89 accepted (new: true)
[2026-09-29T21:03:44.789Z DEBUG blacksilk_p2p::net::blocks] peer 2: block 7123a0b2cac4 at height 89 received
[2026-09-29T21:03:44.840Z DEBUG blacksilk_p2p::net::headers] peer 4: 1 headers up to height 89 accepted (new: false)
[2026-09-29T21:03:44.875Z DEBUG blacksilk_p2p::net::headers] peer 3: 1 headers up to height 89 accepted (new: false)
[2026-09-29T21:03:46.001Z DEBUG blacksilk_p2p::net::headers] peer 2: 1 headers up to height 90 accepted (new: true)
[2026-09-29T21:03:46.058Z DEBUG blacksilk_p2p::net::blocks] peer 2: block cfa678597f5d at height 90 received
[2026-09-29T21:03:46.159Z DEBUG blacksilk_p2p::net::headers] peer 3: 1 headers up to height 90 accepted (new: false)
[2026-09-29T21:03:49.391Z DEBUG blacksilk_p2p::net::headers] peer 2: 1 headers up to height 91 accepted (new: true)
[2026-09-29T21:03:49.464Z DEBUG blacksilk_p2p::net::blocks] peer 2: block 46985b35ac5d at height 91 received
[2026-09-29T21:03:49.490Z DEBUG blacksilk_p2p::net::headers] peer 4: 1 headers up to height 91 accepted (new: false)
[2026-09-29T21:03:49.516Z DEBUG blacksilk_p2p::net::headers] peer 1: 1 headers up to height 91 accepted (new: false)
[2026-09-29T21:03:49.532Z DEBUG blacksilk_p2p::net::headers] peer 3: 1 headers up to height 91 accepted (new: false)
[2026-09-29T21:03:51.808Z DEBUG blacksilk_p2p::net::headers] peer 2: 1 headers up to height 92 accepted (new: true)
[2026-09-29T21:03:51.863Z DEBUG blacksilk_p2p::net::blocks] peer 2: block ebfd17920a38 at height 92 received
[2026-09-29T21:03:54.972Z DEBUG blacksilk_p2p::net::headers] peer 2: 1 headers up to height 93 accepted (new: true)
[2026-09-29T21:03:55.046Z DEBUG blacksilk_p2p::net::blocks] peer 2: block edf88bc76592 at height 93 received
[2026-09-29T21:03:55.122Z DEBUG blacksilk_p2p::net::headers] peer 3: 1 headers up to height 93 accepted (new: false)
[2026-09-29T21:03:56.803Z DEBUG blacksilk_p2p::net::headers] peer 2: 1 headers up to height 94 accepted (new: true)
[2026-09-29T21:03:56.872Z DEBUG blacksilk_p2p::net::blocks] peer 2: block b682bcd71488 at height 94 received
[2026-09-29T21:03:56.950Z DEBUG blacksilk_p2p::net::headers] peer 3: 1 headers up to height 94 accepted (new: false)
[2026-09-29T21:03:58.049Z DEBUG blacksilk_p2p::net::headers] peer 2: 1 headers up to height 95 accepted (new: true)
[2026-09-29T21:03:58.119Z DEBUG blacksilk_p2p::net::blocks] peer 2: block c1d96a356f92 at height 95 received
[2026-09-29T21:03:58.175Z DEBUG blacksilk_p2p::net::headers] peer 4: 1 headers up to height 95 accepted (new: false)
[2026-09-29T21:03:58.175Z DEBUG blacksilk_p2p::net::headers] peer 1: 1 headers up to height 95 accepted (new: false)
[2026-09-29T21:03:58.254Z DEBUG blacksilk_p2p::net::headers] peer 3: 1 headers up to height 95 accepted (new: false)
[2026-09-29T21:04:00.405Z DEBUG blacksilk_p2p::net::headers] peer 2: 1 headers up to height 96 accepted (new: true)
[2026-09-29T21:04:00.468Z DEBUG blacksilk_p2p::net::blocks] peer 2: block d02140cb177d at height 96 received
[2026-09-29T21:04:00.504Z DEBUG blacksilk_p2p::net::headers] peer 1: 1 headers up to height 96 accepted (new: false)
[2026-09-29T21:04:00.516Z DEBUG blacksilk_p2p::net::headers] peer 4: 1 headers up to height 96 accepted (new: false)
[2026-09-29T21:04:00.610Z DEBUG blacksilk_p2p::net::headers] peer 3: 1 headers up to height 96 accepted (new: false)
[2026-09-29T21:04:01.950Z DEBUG blacksilk_p2p::net::headers] peer 2: 1 headers up to height 97 accepted (new: true)
[2026-09-29T21:04:02.020Z DEBUG blacksilk_p2p::net::blocks] peer 2: block 557c360e208a at height 97 received
[2026-09-29T21:04:02.064Z DEBUG blacksilk_p2p::net::headers] peer 4: 1 headers up to height 97 accepted (new: false)
[2026-09-29T21:04:02.186Z DEBUG blacksilk_p2p::net::headers] peer 3: 1 headers up to height 97 accepted (new: false)
[2026-09-29T21:04:03.748Z DEBUG blacksilk_p2p::net::headers] peer 2: 1 headers up to height 98 accepted (new: true)
[2026-09-29T21:04:03.810Z DEBUG blacksilk_p2p::net::blocks] peer 2: block 8b66ba18f83d at height 98 received
[2026-09-29T21:04:03.886Z DEBUG blacksilk_p2p::net::headers] peer 4: 1 headers up to height 98 accepted (new: false)
[2026-09-29T21:04:04.053Z DEBUG blacksilk_p2p::net::headers] peer 3: 1 headers up to height 98 accepted (new: false)
[2026-09-29T21:04:05.091Z DEBUG blacksilk_p2p::net::headers] peer 2: 1 headers up to height 99 accepted (new: true)
[2026-09-29T21:04:05.154Z DEBUG blacksilk_p2p::net::blocks] peer 2: block 7e4f1fde9f12 at height 99 received
[2026-09-29T21:04:05.201Z DEBUG blacksilk_p2p::net::headers] peer 4: 1 headers up to height 99 accepted (new: false)
[2026-09-29T21:04:05.201Z DEBUG blacksilk_p2p::net::headers] peer 1: 1 headers up to height 99 accepted (new: false)
[2026-09-29T21:04:05.362Z DEBUG blacksilk_p2p::net::headers] peer 3: 1 headers up to height 99 accepted (new: false)
[2026-09-29T21:04:06.400Z DEBUG blacksilk_p2p::net::headers] peer 2: 1 headers up to height 100 accepted (new: true)
[2026-09-29T21:04:06.483Z DEBUG blacksilk_p2p::net::blocks] peer 2: block d0121c97b338 at height 100 received
[2026-09-29T21:04:06.509Z DEBUG blacksilk_p2p::net::headers] peer 1: 1 headers up to height 100 accepted (new: false)
[2026-09-29T21:04:06.525Z DEBUG blacksilk_p2p::net::headers] peer 4: 1 headers up to height 100 accepted (new: false)
[2026-09-29T21:04:06.676Z DEBUG blacksilk_p2p::net::headers] peer 3: 1 headers up to height 100 accepted (new: false)
[2026-09-29T21:04:08.141Z DEBUG blacksilk_p2p::net::headers] peer 2: 1 headers up to height 101 accepted (new: true)
[2026-09-29T21:04:08.210Z DEBUG blacksilk_p2p::net::blocks] peer 2: block d924d4ad073d at height 101 received
[2026-09-29T21:04:08.356Z DEBUG blacksilk_p2p::net::headers] peer 4: 1 headers up to height 101 accepted (new: false)
[2026-09-29T21:04:08.372Z DEBUG blacksilk_p2p::net::headers] peer 1: 1 headers up to height 101 accepted (new: false)
[2026-09-29T21:04:08.492Z DEBUG blacksilk_p2p::net::headers] peer 3: 1 headers up to height 101 accepted (new: false)
[2026-09-29T21:04:09.173Z DEBUG blacksilk_p2p::net::headers] peer 2: 1 headers up to height 102 accepted (new: true)
[2026-09-29T21:04:09.236Z DEBUG blacksilk_p2p::net::blocks] peer 2: block 456ca957fc5b at height 102 received
[2026-09-29T21:04:09.421Z DEBUG blacksilk_p2p::net::headers] peer 1: 1 headers up to height 102 accepted (new: false)
[2026-09-29T21:04:09.421Z DEBUG blacksilk_p2p::net::headers] peer 4: 1 headers up to height 102 accepted (new: false)
[2026-09-29T21:04:09.547Z DEBUG blacksilk_p2p::net::headers] peer 3: 1 headers up to height 102 accepted (new: false)
[2026-09-29T21:04:10.678Z DEBUG blacksilk_p2p::net::headers] peer 2: 1 headers up to height 103 accepted (new: true)
[2026-09-29T21:04:10.725Z DEBUG blacksilk_p2p::net::headers] peer 4: 1 headers up to height 103 accepted (new: false)
[2026-09-29T21:04:10.764Z DEBUG blacksilk_p2p::net::blocks] peer 2: block 206157839bf3 at height 103 received
[2026-09-29T21:04:10.862Z DEBUG blacksilk_p2p::net::headers] peer 3: 1 headers up to height 103 accepted (new: false)
[2026-09-29T21:04:12.826Z DEBUG blacksilk_p2p::net::headers] peer 2: 1 headers up to height 104 accepted (new: true)
[2026-09-29T21:04:12.900Z DEBUG blacksilk_p2p::net::blocks] peer 2: block d3c7c177d2dc at height 104 received
[2026-09-29T21:04:13.088Z DEBUG blacksilk_p2p::net::headers] peer 4: 1 headers up to height 104 accepted (new: false)
[2026-09-29T21:04:13.088Z DEBUG blacksilk_p2p::net::headers] peer 1: 1 headers up to height 104 accepted (new: false)
[2026-09-29T21:04:13.209Z DEBUG blacksilk_p2p::net::headers] peer 3: 1 headers up to height 104 accepted (new: false)
[2026-09-29T21:04:13.893Z DEBUG blacksilk_p2p::net::headers] peer 2: 1 headers up to height 105 accepted (new: true)
[2026-09-29T21:04:13.952Z DEBUG blacksilk_p2p::net::blocks] peer 2: block b05fbdb38070 at height 105 received
[2026-09-29T21:04:14.119Z DEBUG blacksilk_p2p::net::headers] peer 4: 1 headers up to height 105 accepted (new: false)
[2026-09-29T21:04:14.119Z DEBUG blacksilk_p2p::net::headers] peer 1: 1 headers up to height 105 accepted (new: false)
[2026-09-29T21:04:14.229Z DEBUG blacksilk_p2p::net::headers] peer 3: 1 headers up to height 105 accepted (new: false)
[2026-09-29T21:04:14.918Z DEBUG blacksilk_p2p::net::headers] peer 2: 1 headers up to height 106 accepted (new: true)
[2026-09-29T21:04:14.986Z DEBUG blacksilk_p2p::net::blocks] peer 2: block 167a14076a49 at height 106 received
[2026-09-29T21:04:15.171Z DEBUG blacksilk_p2p::net::headers] peer 1: 1 headers up to height 106 accepted (new: false)
[2026-09-29T21:04:15.171Z DEBUG blacksilk_p2p::net::headers] peer 4: 1 headers up to height 106 accepted (new: false)
[2026-09-29T21:04:15.289Z DEBUG blacksilk_p2p::net::headers] peer 3: 1 headers up to height 106 accepted (new: false)
[2026-09-29T21:04:16.173Z DEBUG blacksilk_p2p::net::headers] peer 2: 1 headers up to height 107 accepted (new: true)
[2026-09-29T21:04:16.241Z DEBUG blacksilk_p2p::net::blocks] peer 2: block fd968082432d at height 107 received
[2026-09-29T21:04:16.345Z DEBUG blacksilk_p2p::net::headers] peer 3: 1 headers up to height 107 accepted (new: false)
[2026-09-29T21:04:18.303Z DEBUG blacksilk_p2p::net::headers] peer 2: 1 headers up to height 108 accepted (new: true)
[2026-09-29T21:04:18.376Z DEBUG blacksilk_p2p::net::blocks] peer 2: block 1017a357213a at height 108 received
[2026-09-29T21:04:18.407Z DEBUG blacksilk_p2p::net::headers] peer 3: 1 headers up to height 108 accepted (new: false)
[2026-09-29T21:04:18.561Z DEBUG blacksilk_p2p::net::headers] peer 4: 1 headers up to height 108 accepted (new: false)
[2026-09-29T21:04:18.561Z DEBUG blacksilk_p2p::net::headers] peer 1: 1 headers up to height 108 accepted (new: false)
[2026-09-29T21:04:19.334Z DEBUG blacksilk_p2p::net::headers] peer 2: 1 headers up to height 109 accepted (new: true)
[2026-09-29T21:04:19.388Z DEBUG blacksilk_p2p::net::blocks] peer 2: block 81b9e20a114e at height 109 received
[2026-09-29T21:04:19.615Z DEBUG blacksilk_p2p::net::headers] peer 1: 1 headers up to height 109 accepted (new: false)
[2026-09-29T21:04:19.634Z DEBUG blacksilk_p2p::net::headers] peer 4: 1 headers up to height 109 accepted (new: false)
[2026-09-29T21:04:19.691Z DEBUG blacksilk_p2p::net::headers] peer 3: 1 headers up to height 109 accepted (new: false)
[2026-09-29T21:04:20.696Z DEBUG blacksilk_p2p::net::headers] peer 2: 1 headers up to height 110 accepted (new: true)
[2026-09-29T21:04:20.771Z DEBUG blacksilk_p2p::net::blocks] peer 2: block deab1ee93de4 at height 110 received
[2026-09-29T21:04:20.933Z DEBUG blacksilk_p2p::net::headers] peer 4: 1 headers up to height 110 accepted (new: false)
[2026-09-29T21:04:20.933Z DEBUG blacksilk_p2p::net::headers] peer 1: 1 headers up to height 110 accepted (new: false)
[2026-09-29T21:04:20.980Z DEBUG blacksilk_p2p::net::headers] peer 3: 1 headers up to height 110 accepted (new: false)
[2026-09-29T21:04:23.026Z DEBUG blacksilk_p2p::net::headers] peer 2: 1 headers up to height 111 accepted (new: true)
[2026-09-29T21:04:23.077Z DEBUG blacksilk_p2p::net::blocks] peer 2: block 72fc366a9a9f at height 111 received
[2026-09-29T21:04:23.256Z DEBUG blacksilk_p2p::net::headers] peer 1: 1 headers up to height 111 accepted (new: false)
[2026-09-29T21:04:23.256Z DEBUG blacksilk_p2p::net::headers] peer 4: 1 headers up to height 111 accepted (new: false)
[2026-09-29T21:04:23.339Z DEBUG blacksilk_p2p::net::headers] peer 3: 1 headers up to height 111 accepted (new: false)
[2026-09-29T21:04:24.298Z DEBUG blacksilk_p2p::net::headers] peer 2: 1 headers up to height 112 accepted (new: true)
[2026-09-29T21:04:24.355Z DEBUG blacksilk_p2p::net::blocks] peer 2: block 342ac237d06c at height 112 received
[2026-09-29T21:04:24.570Z DEBUG blacksilk_p2p::net::headers] peer 4: 1 headers up to height 112 accepted (new: false)
[2026-09-29T21:04:24.592Z DEBUG blacksilk_p2p::net::headers] peer 1: 1 headers up to height 112 accepted (new: false)
[2026-09-29T21:04:24.653Z DEBUG blacksilk_p2p::net::headers] peer 3: 1 headers up to height 112 accepted (new: false)
[2026-09-29T21:04:25.356Z DEBUG blacksilk_p2p::net::headers] peer 2: 1 headers up to height 113 accepted (new: true)
[2026-09-29T21:04:25.421Z DEBUG blacksilk_p2p::net::blocks] peer 2: block 939ae1b8a55d at height 113 received
[2026-09-29T21:04:25.605Z DEBUG blacksilk_p2p::net::headers] peer 4: 1 headers up to height 113 accepted (new: false)
[2026-09-29T21:04:25.621Z DEBUG blacksilk_p2p::net::headers] peer 1: 1 headers up to height 113 accepted (new: false)
[2026-09-29T21:04:25.710Z DEBUG blacksilk_p2p::net::headers] peer 3: 1 headers up to height 113 accepted (new: false)
[2026-09-29T21:04:26.953Z DEBUG blacksilk_p2p::net::headers] peer 2: 1 headers up to height 114 accepted (new: true)
[2026-09-29T21:04:27.036Z DEBUG blacksilk_p2p::net::blocks] peer 2: block 34ba4d1b465d at height 114 received
[2026-09-29T21:04:27.167Z DEBUG blacksilk_p2p::net::headers] peer 1: 1 headers up to height 114 accepted (new: false)
[2026-09-29T21:04:27.167Z DEBUG blacksilk_p2p::net::headers] peer 4: 1 headers up to height 114 accepted (new: false)
[2026-09-29T21:04:27.287Z DEBUG blacksilk_p2p::net::headers] peer 3: 1 headers up to height 114 accepted (new: false)
[2026-09-29T21:04:28.252Z DEBUG blacksilk_p2p::net::headers] peer 2: 1 headers up to height 115 accepted (new: true)
[2026-09-29T21:04:28.314Z DEBUG blacksilk_p2p::net::blocks] peer 2: block a1cfe9cda27c at height 115 received
[2026-09-29T21:04:28.460Z DEBUG blacksilk_p2p::net::headers] peer 1: 1 headers up to height 115 accepted (new: false)
[2026-09-29T21:04:28.460Z DEBUG blacksilk_p2p::net::headers] peer 4: 1 headers up to height 115 accepted (new: false)
[2026-09-29T21:04:28.560Z DEBUG blacksilk_p2p::net::headers] peer 3: 1 headers up to height 115 accepted (new: false)
[2026-09-29T21:04:29.798Z DEBUG blacksilk_p2p::net::headers] peer 2: 1 headers up to height 116 accepted (new: true)
[2026-09-29T21:04:29.861Z DEBUG blacksilk_p2p::net::blocks] peer 2: block daa1ba1db784 at height 116 received
[2026-09-29T21:04:30.043Z DEBUG blacksilk_p2p::net::headers] peer 4: 1 headers up to height 116 accepted (new: false)
[2026-09-29T21:04:30.043Z DEBUG blacksilk_p2p::net::headers] peer 1: 1 headers up to height 116 accepted (new: false)
[2026-09-29T21:04:30.109Z DEBUG blacksilk_p2p::net::headers] peer 3: 1 headers up to height 116 accepted (new: false)
[2026-09-29T21:04:33.993Z DEBUG blacksilk_p2p::net::headers] peer 2: 1 headers up to height 117 accepted (new: true)
[2026-09-29T21:04:34.059Z DEBUG blacksilk_p2p::net::blocks] peer 2: block 241e32d2f80f at height 117 received
[2026-09-29T21:04:34.262Z DEBUG blacksilk_p2p::net::headers] peer 1: 1 headers up to height 117 accepted (new: false)
[2026-09-29T21:04:34.263Z DEBUG blacksilk_p2p::net::headers] peer 4: 1 headers up to height 117 accepted (new: false)
[2026-09-29T21:04:34.328Z DEBUG blacksilk_p2p::net::headers] peer 3: 1 headers up to height 117 accepted (new: false)
[2026-09-29T21:04:36.086Z DEBUG blacksilk_p2p::net::headers] peer 2: 1 headers up to height 118 accepted (new: true)
[2026-09-29T21:04:36.163Z DEBUG blacksilk_p2p::net::blocks] peer 2: block 65152fcfec7b at height 118 received
[2026-09-29T21:04:36.366Z DEBUG blacksilk_p2p::net::headers] peer 4: 1 headers up to height 118 accepted (new: false)
[2026-09-29T21:04:36.366Z DEBUG blacksilk_p2p::net::headers] peer 1: 1 headers up to height 118 accepted (new: false)
[2026-09-29T21:04:36.381Z DEBUG blacksilk_p2p::net::headers] peer 3: 1 headers up to height 118 accepted (new: false)
[2026-09-29T21:04:37.397Z DEBUG blacksilk_p2p::net::headers] peer 2: 1 headers up to height 119 accepted (new: true)
[2026-09-29T21:04:37.456Z DEBUG blacksilk_p2p::net::blocks] peer 2: block 27321f001250 at height 119 received
[2026-09-29T21:04:37.682Z DEBUG blacksilk_p2p::net::headers] peer 4: 1 headers up to height 119 accepted (new: false)
[2026-09-29T21:04:37.683Z DEBUG blacksilk_p2p::net::headers] peer 1: 1 headers up to height 119 accepted (new: false)
[2026-09-29T21:04:37.683Z DEBUG blacksilk_p2p::net::headers] peer 3: 1 headers up to height 119 accepted (new: false)
[2026-09-29T21:04:41.534Z DEBUG blacksilk_p2p::net::headers] peer 2: 1 headers up to height 120 accepted (new: true)
[2026-09-29T21:04:41.587Z DEBUG blacksilk_p2p::net::blocks] peer 2: block 04c591829f12 at height 120 received
[2026-09-29T21:04:43.080Z DEBUG blacksilk_p2p::net::headers] peer 2: 1 headers up to height 121 accepted (new: true)
[2026-09-29T21:04:43.147Z DEBUG blacksilk_p2p::net::blocks] peer 2: block 545c7273c86d at height 121 received
[2026-09-29T21:04:45.708Z DEBUG blacksilk_p2p::net::headers] peer 2: 1 headers up to height 122 accepted (new: true)
[2026-09-29T21:04:45.768Z DEBUG blacksilk_p2p::net::blocks] peer 2: block b713f6fb4cb0 at height 122 received
[2026-09-29T21:04:48.558Z DEBUG blacksilk_p2p::net::headers] peer 2: 1 headers up to height 123 accepted (new: true)
[2026-09-29T21:04:48.613Z DEBUG blacksilk_p2p::net::blocks] peer 2: block 5449a53d77cf at height 123 received
[2026-09-29T21:04:52.101Z DEBUG blacksilk_p2p::net::headers] peer 2: 1 headers up to height 124 accepted (new: true)
[2026-09-29T21:04:52.163Z DEBUG blacksilk_p2p::net::blocks] peer 2: block 0ecd72a23c92 at height 124 received
[2026-09-29T21:04:52.210Z DEBUG blacksilk_p2p::net::headers] peer 1: 1 headers up to height 124 accepted (new: false)
[2026-09-29T21:04:52.285Z DEBUG blacksilk_p2p::net::headers] peer 3: 1 headers up to height 124 accepted (new: false)
[2026-09-29T21:04:53.336Z DEBUG blacksilk_p2p::net::headers] peer 2: 1 headers up to height 125 accepted (new: true)
[2026-09-29T21:04:53.416Z DEBUG blacksilk_p2p::net::blocks] peer 2: block 9c53957b0f74 at height 125 received
[2026-09-29T21:04:53.532Z DEBUG blacksilk_p2p::net::headers] peer 1: 1 headers up to height 125 accepted (new: false)
[2026-09-29T21:04:53.532Z DEBUG blacksilk_p2p::net::headers] peer 4: 1 headers up to height 125 accepted (new: false)
[2026-09-29T21:04:53.615Z DEBUG blacksilk_p2p::net::headers] peer 3: 1 headers up to height 125 accepted (new: false)
[2026-09-29T21:04:54.852Z DEBUG blacksilk_p2p::net::headers] peer 2: 1 headers up to height 126 accepted (new: true)
[2026-09-29T21:04:54.916Z DEBUG blacksilk_p2p::net::blocks] peer 2: block 0a80f92692b8 at height 126 received
[2026-09-29T21:04:55.098Z DEBUG blacksilk_p2p::net::headers] peer 4: 1 headers up to height 126 accepted (new: false)
[2026-09-29T21:04:55.098Z DEBUG blacksilk_p2p::net::headers] peer 1: 1 headers up to height 126 accepted (new: false)
[2026-09-29T21:04:55.170Z DEBUG blacksilk_p2p::net::headers] peer 3: 1 headers up to height 126 accepted (new: false)
[2026-09-29T21:04:56.714Z DEBUG blacksilk_p2p::net::headers] peer 2: 1 headers up to height 127 accepted (new: true)
[2026-09-29T21:04:56.778Z DEBUG blacksilk_p2p::net::blocks] peer 2: block f10254cf4461 at height 127 received
[2026-09-29T21:04:56.952Z DEBUG blacksilk_p2p::net::headers] peer 1: 1 headers up to height 127 accepted (new: false)
[2026-09-29T21:04:56.952Z DEBUG blacksilk_p2p::net::headers] peer 4: 1 headers up to height 127 accepted (new: false)
[2026-09-29T21:04:56.968Z DEBUG blacksilk_p2p::net::headers] peer 3: 1 headers up to height 127 accepted (new: false)
[2026-09-29T21:05:00.613Z DEBUG blacksilk_p2p::net::headers] peer 2: 1 headers up to height 128 accepted (new: true)
[2026-09-29T21:05:00.684Z DEBUG blacksilk_p2p::net::blocks] peer 2: block e331e06ff5aa at height 128 received
[2026-09-29T21:05:00.817Z DEBUG blacksilk_p2p::net::headers] peer 4: 1 headers up to height 128 accepted (new: false)
[2026-09-29T21:05:00.817Z DEBUG blacksilk_p2p::net::headers] peer 1: 1 headers up to height 128 accepted (new: false)
[2026-09-29T21:05:00.884Z DEBUG blacksilk_p2p::net::headers] peer 3: 1 headers up to height 128 accepted (new: false)
[2026-09-29T21:05:01.606Z DEBUG blacksilk_p2p::net::headers] peer 2: 1 headers up to height 129 accepted (new: true)
[2026-09-29T21:05:01.678Z DEBUG blacksilk_p2p::net::blocks] peer 2: block 2986f4462d6d at height 129 received
[2026-09-29T21:05:01.858Z DEBUG blacksilk_p2p::net::headers] peer 4: 1 headers up to height 129 accepted (new: false)
[2026-09-29T21:05:01.859Z DEBUG blacksilk_p2p::net::headers] peer 1: 1 headers up to height 129 accepted (new: false)
[2026-09-29T21:05:01.914Z DEBUG blacksilk_p2p::net::headers] peer 3: 1 headers up to height 129 accepted (new: false)
[2026-09-29T21:05:02.919Z DEBUG blacksilk_p2p::net::headers] peer 2: 1 headers up to height 130 accepted (new: true)
[2026-09-29T21:05:03.004Z DEBUG blacksilk_p2p::net::blocks] peer 2: block 84550aa73764 at height 130 received
[2026-09-29T21:05:03.183Z DEBUG blacksilk_p2p::net::headers] peer 1: 1 headers up to height 130 accepted (new: false)
[2026-09-29T21:05:03.184Z DEBUG blacksilk_p2p::net::headers] peer 4: 1 headers up to height 130 accepted (new: false)
[2026-09-29T21:05:03.206Z DEBUG blacksilk_p2p::net::headers] peer 3: 1 headers up to height 130 accepted (new: false)
[2026-09-29T21:05:04.434Z DEBUG blacksilk_p2p::net::headers] peer 2: 1 headers up to height 131 accepted (new: true)
[2026-09-29T21:05:04.499Z DEBUG blacksilk_p2p::net::blocks] peer 2: block 594919411e13 at height 131 received
[2026-09-29T21:05:04.533Z DEBUG blacksilk_p2p::net::headers] peer 3: 1 headers up to height 131 accepted (new: false)
[2026-09-29T21:05:04.759Z DEBUG blacksilk_p2p::net::headers] peer 4: 1 headers up to height 131 accepted (new: false)
[2026-09-29T21:05:04.759Z DEBUG blacksilk_p2p::net::headers] peer 1: 1 headers up to height 131 accepted (new: false)
[2026-09-29T21:05:11.976Z DEBUG blacksilk_p2p::net::headers] peer 2: 1 headers up to height 132 accepted (new: true)
[2026-09-29T21:05:12.032Z DEBUG blacksilk_p2p::net::blocks] peer 2: block daf20118ce49 at height 132 received
[2026-09-29T21:05:12.135Z DEBUG blacksilk_p2p::net::headers] peer 1: 1 headers up to height 132 accepted (new: false)
[2026-09-29T21:05:12.335Z DEBUG blacksilk_p2p::net::headers] peer 4: 1 headers up to height 132 accepted (new: false)
[2026-09-29T21:05:12.335Z DEBUG blacksilk_p2p::net::headers] peer 3: 1 headers up to height 132 accepted (new: false)
[2026-09-29T21:05:13.808Z DEBUG blacksilk_p2p::net::headers] peer 2: 1 headers up to height 133 accepted (new: true)
[2026-09-29T21:05:13.862Z DEBUG blacksilk_p2p::net::blocks] peer 2: block ab31fa7f8d12 at height 133 received
[2026-09-29T21:05:13.889Z DEBUG blacksilk_p2p::net::headers] peer 3: 1 headers up to height 133 accepted (new: false)
[2026-09-29T21:05:13.969Z DEBUG blacksilk_p2p::net::headers] peer 1: 1 headers up to height 133 accepted (new: false)
[2026-09-29T21:05:14.158Z DEBUG blacksilk_p2p::net::headers] peer 4: 1 headers up to height 133 accepted (new: false)
[2026-09-29T21:05:16.935Z DEBUG blacksilk_p2p::net::headers] peer 2: 1 headers up to height 134 accepted (new: true)
[2026-09-29T21:05:17.002Z DEBUG blacksilk_p2p::net::blocks] peer 2: block e7ff385ca135 at height 134 received
[2026-09-29T21:05:17.109Z DEBUG blacksilk_p2p::net::headers] peer 1: 1 headers up to height 134 accepted (new: false)
[2026-09-29T21:05:17.255Z DEBUG blacksilk_p2p::net::headers] peer 3: 1 headers up to height 134 accepted (new: false)
[2026-09-29T21:05:17.270Z DEBUG blacksilk_p2p::net::headers] peer 4: 1 headers up to height 134 accepted (new: false)
[2026-09-29T21:05:18.478Z DEBUG blacksilk_p2p::net::headers] peer 2: 1 headers up to height 135 accepted (new: true)
[2026-09-29T21:05:18.538Z DEBUG blacksilk_p2p::net::blocks] peer 2: block e484e094d306 at height 135 received
[2026-09-29T21:05:18.652Z DEBUG blacksilk_p2p::net::headers] peer 1: 1 headers up to height 135 accepted (new: false)
[2026-09-29T21:05:18.831Z DEBUG blacksilk_p2p::net::headers] peer 4: 1 headers up to height 135 accepted (new: false)
[2026-09-29T21:05:18.831Z DEBUG blacksilk_p2p::net::headers] peer 3: 1 headers up to height 135 accepted (new: false)
[2026-09-29T21:05:21.288Z DEBUG blacksilk_p2p::net::headers] peer 2: 1 headers up to height 136 accepted (new: true)
[2026-09-29T21:05:21.348Z DEBUG blacksilk_p2p::net::blocks] peer 2: block c4a988855221 at height 136 received
[2026-09-29T21:05:21.410Z DEBUG blacksilk_p2p::net::headers] peer 3: 1 headers up to height 136 accepted (new: false)
[2026-09-29T21:05:21.442Z DEBUG blacksilk_p2p::net::headers] peer 4: 1 headers up to height 136 accepted (new: false)
[2026-09-29T21:05:22.357Z DEBUG blacksilk_p2p::net::headers] peer 2: 1 headers up to height 137 accepted (new: true)
[2026-09-29T21:05:22.424Z DEBUG blacksilk_p2p::net::blocks] peer 2: block 67f69b1cbfeb at height 137 received
[2026-09-29T21:05:22.496Z DEBUG blacksilk_p2p::net::headers] peer 4: 1 headers up to height 137 accepted (new: false)
[2026-09-29T21:05:24.461Z DEBUG blacksilk_p2p::net::headers] peer 2: 1 headers up to height 138 accepted (new: true)
[2026-09-29T21:05:24.531Z DEBUG blacksilk_p2p::net::blocks] peer 2: block 235b21190e91 at height 138 received
[2026-09-29T21:05:24.664Z DEBUG blacksilk_p2p::net::headers] peer 1: 1 headers up to height 138 accepted (new: false)
[2026-09-29T21:05:24.795Z DEBUG blacksilk_p2p::net::headers] peer 3: 1 headers up to height 138 accepted (new: false)
[2026-09-29T21:05:24.819Z DEBUG blacksilk_p2p::net::headers] peer 4: 1 headers up to height 138 accepted (new: false)
[2026-09-29T21:05:26.047Z DEBUG blacksilk_p2p::net::headers] peer 2: 1 headers up to height 139 accepted (new: true)
[2026-09-29T21:05:26.099Z DEBUG blacksilk_p2p::net::blocks] peer 2: block 5d0c5076699c at height 139 received
[2026-09-29T21:05:26.200Z DEBUG blacksilk_p2p::net::headers] peer 1: 1 headers up to height 139 accepted (new: false)
[2026-09-29T21:05:26.341Z DEBUG blacksilk_p2p::net::headers] peer 3: 1 headers up to height 139 accepted (new: false)
[2026-09-29T21:05:26.381Z DEBUG blacksilk_p2p::net::headers] peer 4: 1 headers up to height 139 accepted (new: false)
[2026-09-29T21:05:29.426Z DEBUG blacksilk_p2p::net::headers] peer 2: 1 headers up to height 140 accepted (new: true)
[2026-09-29T21:05:29.477Z DEBUG blacksilk_p2p::net::blocks] peer 2: block 1ac2d5ef285c at height 140 received
[2026-09-29T21:05:29.570Z DEBUG blacksilk_p2p::net::headers] peer 1: 1 headers up to height 140 accepted (new: false)
[2026-09-29T21:05:29.706Z DEBUG blacksilk_p2p::net::headers] peer 3: 1 headers up to height 140 accepted (new: false)
[2026-09-29T21:05:29.737Z DEBUG blacksilk_p2p::net::headers] peer 4: 1 headers up to height 140 accepted (new: false)
[2026-09-29T21:05:30.446Z DEBUG blacksilk_p2p::net::headers] peer 2: 1 headers up to height 141 accepted (new: true)
[2026-09-29T21:05:30.507Z DEBUG blacksilk_p2p::net::blocks] peer 2: block 7553cf2045af at height 141 received
[2026-09-29T21:05:30.624Z DEBUG blacksilk_p2p::net::headers] peer 1: 1 headers up to height 141 accepted (new: false)
[2026-09-29T21:05:30.773Z DEBUG blacksilk_p2p::net::headers] peer 4: 1 headers up to height 141 accepted (new: false)
[2026-09-29T21:05:30.773Z DEBUG blacksilk_p2p::net::headers] peer 3: 1 headers up to height 141 accepted (new: false)
[2026-09-29T21:05:34.643Z DEBUG blacksilk_p2p::net::headers] peer 2: 1 headers up to height 142 accepted (new: true)
[2026-09-29T21:05:34.733Z DEBUG blacksilk_p2p::net::blocks] peer 2: block 138fdde19e72 at height 142 received
[2026-09-29T21:05:34.809Z DEBUG blacksilk_p2p::net::headers] peer 1: 1 headers up to height 142 accepted (new: false)
[2026-09-29T21:05:34.988Z DEBUG blacksilk_p2p::net::headers] peer 3: 1 headers up to height 142 accepted (new: false)
[2026-09-29T21:05:34.988Z DEBUG blacksilk_p2p::net::headers] peer 4: 1 headers up to height 142 accepted (new: false)
[2026-09-29T21:05:35.683Z DEBUG blacksilk_p2p::net::headers] peer 2: 1 headers up to height 143 accepted (new: true)
[2026-09-29T21:05:35.750Z DEBUG blacksilk_p2p::net::blocks] peer 2: block be4fd5be8e2f at height 143 received
[2026-09-29T21:05:35.844Z DEBUG blacksilk_p2p::net::headers] peer 1: 1 headers up to height 143 accepted (new: false)
[2026-09-29T21:05:36.013Z DEBUG blacksilk_p2p::net::headers] peer 4: 1 headers up to height 143 accepted (new: false)
[2026-09-29T21:05:36.013Z DEBUG blacksilk_p2p::net::headers] peer 3: 1 headers up to height 143 accepted (new: false)
[2026-09-29T21:05:36.999Z DEBUG blacksilk_p2p::net::headers] peer 2: 1 headers up to height 144 accepted (new: true)
[2026-09-29T21:05:37.076Z DEBUG blacksilk_p2p::net::blocks] peer 2: block 34bc074ca419 at height 144 received
[2026-09-29T21:05:37.149Z DEBUG blacksilk_p2p::net::headers] peer 1: 1 headers up to height 144 accepted (new: false)
[2026-09-29T21:05:37.315Z DEBUG blacksilk_p2p::net::headers] peer 3: 1 headers up to height 144 accepted (new: false)
[2026-09-29T21:05:37.330Z DEBUG blacksilk_p2p::net::headers] peer 4: 1 headers up to height 144 accepted (new: false)
[2026-09-29T21:05:38.014Z DEBUG blacksilk_p2p::net::headers] peer 2: 1 headers up to height 145 accepted (new: true)
[2026-09-29T21:05:38.085Z DEBUG blacksilk_p2p::net::blocks] peer 2: block 64a9b64bca63 at height 145 received
[2026-09-29T21:05:38.202Z DEBUG blacksilk_p2p::net::headers] peer 1: 1 headers up to height 145 accepted (new: false)
[2026-09-29T21:05:38.366Z DEBUG blacksilk_p2p::net::headers] peer 3: 1 headers up to height 145 accepted (new: false)
[2026-09-29T21:05:38.366Z DEBUG blacksilk_p2p::net::headers] peer 4: 1 headers up to height 145 accepted (new: false)
[2026-09-29T21:05:40.081Z DEBUG blacksilk_p2p::net::headers] peer 2: 1 headers up to height 146 accepted (new: true)
[2026-09-29T21:05:40.157Z DEBUG blacksilk_p2p::net::blocks] peer 2: block f3c249145c0d at height 146 received
[2026-09-29T21:05:40.196Z DEBUG blacksilk_p2p::net::headers] peer 4: 1 headers up to height 146 accepted (new: false)
[2026-09-29T21:05:41.948Z DEBUG blacksilk_p2p::net::headers] peer 2: 1 headers up to height 147 accepted (new: true)
[2026-09-29T21:05:42.022Z DEBUG blacksilk_p2p::net::blocks] peer 2: block e279f5e1916f at height 147 received
[2026-09-29T21:05:42.106Z DEBUG blacksilk_p2p::net::headers] peer 1: 1 headers up to height 147 accepted (new: false)
[2026-09-29T21:05:42.250Z DEBUG blacksilk_p2p::net::headers] peer 3: 1 headers up to height 147 accepted (new: false)
[2026-09-29T21:05:42.270Z DEBUG blacksilk_p2p::net::headers] peer 4: 1 headers up to height 147 accepted (new: false)
[2026-09-29T21:05:47.740Z DEBUG blacksilk_p2p::net::headers] peer 2: 1 headers up to height 148 accepted (new: true)
[2026-09-29T21:05:47.819Z DEBUG blacksilk_p2p::net::blocks] peer 2: block aabdddc1f1c5 at height 148 received
[2026-09-29T21:05:47.904Z DEBUG blacksilk_p2p::net::headers] peer 1: 1 headers up to height 148 accepted (new: false)
[2026-09-29T21:05:47.992Z DEBUG blacksilk_p2p::net::headers] peer 4: 1 headers up to height 148 accepted (new: false)
[2026-09-29T21:05:48.021Z DEBUG blacksilk_p2p::net::headers] peer 3: 1 headers up to height 148 accepted (new: false)
[2026-09-29T21:05:53.735Z DEBUG blacksilk_p2p::net::headers] peer 2: 1 headers up to height 149 accepted (new: true)
[2026-09-29T21:05:53.802Z DEBUG blacksilk_p2p::net::blocks] peer 2: block 43e38d7d3b50 at height 149 received
[2026-09-29T21:05:53.904Z DEBUG blacksilk_p2p::net::headers] peer 1: 1 headers up to height 149 accepted (new: false)
[2026-09-29T21:05:53.979Z DEBUG blacksilk_p2p::net::headers] peer 4: 1 headers up to height 149 accepted (new: false)
[2026-09-29T21:05:53.979Z DEBUG blacksilk_p2p::net::headers] peer 3: 1 headers up to height 149 accepted (new: false)
[2026-09-29T21:06:00.003Z DEBUG blacksilk_p2p::net::headers] peer 2: 1 headers up to height 150 accepted (new: true)
[2026-09-29T21:06:00.066Z DEBUG blacksilk_p2p::net::blocks] peer 2: block 2b0f1504b409 at height 150 received
[2026-09-29T21:06:00.171Z DEBUG blacksilk_p2p::net::headers] peer 1: 1 headers up to height 150 accepted (new: false)
[2026-09-29T21:06:00.251Z DEBUG blacksilk_p2p::net::headers] peer 4: 1 headers up to height 150 accepted (new: false)
[2026-09-29T21:06:00.251Z DEBUG blacksilk_p2p::net::headers] peer 3: 1 headers up to height 150 accepted (new: false)
[2026-09-29T21:06:01.493Z DEBUG blacksilk_p2p::net::headers] peer 2: 1 headers up to height 151 accepted (new: true)
[2026-09-29T21:06:01.555Z DEBUG blacksilk_p2p::net::blocks] peer 2: block 3832682ba246 at height 151 received
[2026-09-29T21:06:01.705Z DEBUG blacksilk_p2p::net::headers] peer 1: 1 headers up to height 151 accepted (new: false)
[2026-09-29T21:06:01.819Z DEBUG blacksilk_p2p::net::headers] peer 3: 1 headers up to height 151 accepted (new: false)
[2026-09-29T21:06:01.819Z DEBUG blacksilk_p2p::net::headers] peer 4: 1 headers up to height 151 accepted (new: false)
[2026-09-29T21:06:02.827Z DEBUG blacksilk_p2p::net::headers] peer 2: 1 headers up to height 152 accepted (new: true)
[2026-09-29T21:06:02.889Z DEBUG blacksilk_p2p::net::blocks] peer 2: block 576de4f1a20c at height 152 received
[2026-09-29T21:06:03.007Z DEBUG blacksilk_p2p::net::headers] peer 1: 1 headers up to height 152 accepted (new: false)
[2026-09-29T21:06:03.123Z DEBUG blacksilk_p2p::net::headers] peer 3: 1 headers up to height 152 accepted (new: false)
[2026-09-29T21:06:03.140Z DEBUG blacksilk_p2p::net::headers] peer 4: 1 headers up to height 152 accepted (new: false)
[2026-09-29T21:06:03.861Z DEBUG blacksilk_p2p::net::headers] peer 2: 1 headers up to height 153 accepted (new: true)
[2026-09-29T21:06:03.944Z DEBUG blacksilk_p2p::net::blocks] peer 2: block beb40a1c5ae0 at height 153 received
[2026-09-29T21:06:04.066Z DEBUG blacksilk_p2p::net::headers] peer 1: 1 headers up to height 153 accepted (new: false)
[2026-09-29T21:06:04.160Z DEBUG blacksilk_p2p::net::headers] peer 3: 1 headers up to height 153 accepted (new: false)
[2026-09-29T21:06:04.191Z DEBUG blacksilk_p2p::net::headers] peer 4: 1 headers up to height 153 accepted (new: false)
[2026-09-29T21:06:15.578Z DEBUG blacksilk_p2p::net::headers] peer 2: 1 headers up to height 154 accepted (new: true)
[2026-09-29T21:06:15.633Z DEBUG blacksilk_p2p::net::blocks] peer 2: block 697a72e382c1 at height 154 received
[2026-09-29T21:06:15.710Z DEBUG blacksilk_p2p::net::headers] peer 3: 1 headers up to height 154 accepted (new: false)
[2026-09-29T21:06:15.710Z DEBUG blacksilk_p2p::net::headers] peer 4: 1 headers up to height 154 accepted (new: false)
[2026-09-29T21:06:17.665Z DEBUG blacksilk_p2p::net::headers] peer 2: 1 headers up to height 155 accepted (new: true)
[2026-09-29T21:06:17.748Z DEBUG blacksilk_p2p::net::blocks] peer 2: block 143c4a7959cb at height 155 received
[2026-09-29T21:06:17.870Z DEBUG blacksilk_p2p::net::headers] peer 1: 1 headers up to height 155 accepted (new: false)
[2026-09-29T21:06:23.402Z DEBUG blacksilk_p2p::net::headers] peer 2: 1 headers up to height 156 accepted (new: true)
[2026-09-29T21:06:23.470Z DEBUG blacksilk_p2p::net::blocks] peer 2: block f1ef7b85d417 at height 156 received
[2026-09-29T21:06:23.556Z DEBUG blacksilk_p2p::net::headers] peer 4: 1 headers up to height 156 accepted (new: false)
[2026-09-29T21:06:25.766Z DEBUG blacksilk_p2p::net::headers] peer 2: 1 headers up to height 157 accepted (new: true)
[2026-09-29T21:06:25.825Z DEBUG blacksilk_p2p::net::blocks] peer 2: block 7fb3e66ac227 at height 157 received
[2026-09-29T21:06:25.910Z DEBUG blacksilk_p2p::net::headers] peer 4: 1 headers up to height 157 accepted (new: false)
[2026-09-29T21:06:26.784Z DEBUG blacksilk_p2p::net::headers] peer 2: 1 headers up to height 158 accepted (new: true)
[2026-09-29T21:06:26.868Z DEBUG blacksilk_p2p::net::blocks] peer 2: block 323454465820 at height 158 received
[2026-09-29T21:06:26.946Z DEBUG blacksilk_p2p::net::headers] peer 4: 1 headers up to height 158 accepted (new: false)
[2026-09-29T21:06:32.285Z DEBUG blacksilk_p2p::net::headers] peer 2: 1 headers up to height 159 accepted (new: true)
[2026-09-29T21:06:32.370Z DEBUG blacksilk_p2p::net::blocks] peer 2: block dd64cb3aff29 at height 159 received
[2026-09-29T21:06:32.433Z DEBUG blacksilk_p2p::net::headers] peer 4: 1 headers up to height 159 accepted (new: false)
[2026-09-29T21:06:32.437Z DEBUG blacksilk_p2p::net::headers] peer 1: 1 headers up to height 159 accepted (new: false)
[2026-09-29T21:06:33.841Z DEBUG blacksilk_p2p::net::headers] peer 2: 1 headers up to height 160 accepted (new: true)
[2026-09-29T21:06:33.903Z DEBUG blacksilk_p2p::net::blocks] peer 2: block c68aabc06e42 at height 160 received
[2026-09-29T21:06:34.027Z DEBUG blacksilk_p2p::net::headers] peer 4: 1 headers up to height 160 accepted (new: false)
[2026-09-29T21:06:34.027Z DEBUG blacksilk_p2p::net::headers] peer 1: 1 headers up to height 160 accepted (new: false)
[2026-09-29T21:06:39.802Z DEBUG blacksilk_p2p::net::headers] peer 2: 1 headers up to height 161 accepted (new: true)
[2026-09-29T21:06:39.861Z DEBUG blacksilk_p2p::net::blocks] peer 2: block 9a7020281f8d at height 161 received
[2026-09-29T21:06:39.984Z DEBUG blacksilk_p2p::net::headers] peer 1: 1 headers up to height 161 accepted (new: false)
[2026-09-29T21:06:40.011Z DEBUG blacksilk_p2p::net::headers] peer 4: 1 headers up to height 161 accepted (new: false)
[2026-09-29T21:06:46.553Z DEBUG blacksilk_p2p::net::headers] peer 2: 1 headers up to height 162 accepted (new: true)
[2026-09-29T21:06:46.625Z DEBUG blacksilk_p2p::net::blocks] peer 2: block 67b1a2bd9c76 at height 162 received
[2026-09-29T21:06:46.801Z DEBUG blacksilk_p2p::net::headers] peer 4: 1 headers up to height 162 accepted (new: false)
[2026-09-29T21:06:46.801Z DEBUG blacksilk_p2p::net::headers] peer 1: 1 headers up to height 162 accepted (new: false)
[2026-09-29T21:06:53.649Z DEBUG blacksilk_p2p::net::headers] peer 2: 1 headers up to height 163 accepted (new: true)
[2026-09-29T21:06:53.714Z DEBUG blacksilk_p2p::net::blocks] peer 2: block bdc9ddbaaed8 at height 163 received
[2026-09-29T21:06:53.894Z DEBUG blacksilk_p2p::net::headers] peer 4: 1 headers up to height 163 accepted (new: false)
[2026-09-29T21:06:53.894Z DEBUG blacksilk_p2p::net::headers] peer 1: 1 headers up to height 163 accepted (new: false)
[2026-09-29T21:06:57.050Z DEBUG blacksilk_p2p::net::headers] peer 2: 1 headers up to height 164 accepted (new: true)
[2026-09-29T21:06:57.135Z DEBUG blacksilk_p2p::net::blocks] peer 2: block a2879aec70c8 at height 164 received
[2026-09-29T21:06:57.303Z DEBUG blacksilk_p2p::net::headers] peer 4: 1 headers up to height 164 accepted (new: false)
[2026-09-29T21:06:57.303Z DEBUG blacksilk_p2p::net::headers] peer 1: 1 headers up to height 164 accepted (new: false)
[2026-09-29T21:06:57.339Z DEBUG blacksilk_p2p::net::headers] peer 3: 1 headers up to height 164 accepted (new: false)
[2026-09-29T21:07:04.879Z DEBUG blacksilk_p2p::net::headers] peer 2: 1 headers up to height 165 accepted (new: true)
[2026-09-29T21:07:04.941Z DEBUG blacksilk_p2p::net::blocks] peer 2: block 73788cf51f78 at height 165 received
[2026-09-29T21:07:05.121Z DEBUG blacksilk_p2p::net::headers] peer 1: 1 headers up to height 165 accepted (new: false)
[2026-09-29T21:07:05.121Z DEBUG blacksilk_p2p::net::headers] peer 4: 1 headers up to height 165 accepted (new: false)
[2026-09-29T21:07:05.121Z DEBUG blacksilk_p2p::net::headers] peer 3: 1 headers up to height 165 accepted (new: false)
[2026-09-29T21:07:06.481Z DEBUG blacksilk_p2p::net::headers] peer 2: 1 headers up to height 166 accepted (new: true)
[2026-09-29T21:07:06.539Z DEBUG blacksilk_p2p::net::blocks] peer 2: block ec6b318f34be at height 166 received
[2026-09-29T21:07:06.675Z DEBUG blacksilk_p2p::net::headers] peer 1: 1 headers up to height 166 accepted (new: false)
[2026-09-29T21:07:06.675Z DEBUG blacksilk_p2p::net::headers] peer 4: 1 headers up to height 166 accepted (new: false)
[2026-09-29T21:07:06.676Z DEBUG blacksilk_p2p::net::headers] peer 3: 1 headers up to height 166 accepted (new: false)
[2026-09-29T21:07:07.486Z DEBUG blacksilk_p2p::net::headers] peer 2: 1 headers up to height 167 accepted (new: true)
[2026-09-29T21:07:07.541Z DEBUG blacksilk_p2p::net::blocks] peer 2: block 88f668e463aa at height 167 received
[2026-09-29T21:07:07.703Z DEBUG blacksilk_p2p::net::headers] peer 1: 1 headers up to height 167 accepted (new: false)
[2026-09-29T21:07:07.723Z DEBUG blacksilk_p2p::net::headers] peer 4: 1 headers up to height 167 accepted (new: false)
[2026-09-29T21:07:07.724Z DEBUG blacksilk_p2p::net::headers] peer 3: 1 headers up to height 167 accepted (new: false)
[2026-09-29T21:07:12.507Z DEBUG blacksilk_p2p::net::headers] peer 2: 1 headers up to height 168 accepted (new: true)
[2026-09-29T21:07:12.582Z DEBUG blacksilk_p2p::net::blocks] peer 2: block 439afe7e52b6 at height 168 received
[2026-09-29T21:07:12.713Z DEBUG blacksilk_p2p::net::headers] peer 1: 1 headers up to height 168 accepted (new: false)
[2026-09-29T21:07:12.713Z DEBUG blacksilk_p2p::net::headers] peer 3: 1 headers up to height 168 accepted (new: false)
[2026-09-29T21:07:12.753Z DEBUG blacksilk_p2p::net::headers] peer 4: 1 headers up to height 168 accepted (new: false)
[2026-09-29T21:07:18.155Z DEBUG blacksilk_p2p::net::headers] peer 2: 1 headers up to height 169 accepted (new: true)
[2026-09-29T21:07:18.217Z DEBUG blacksilk_p2p::net::blocks] peer 2: block b7b1bdcc78a8 at height 169 received
[2026-09-29T21:07:26.253Z DEBUG blacksilk_p2p::net::headers] peer 2: 1 headers up to height 170 accepted (new: true)
[2026-09-29T21:07:26.320Z DEBUG blacksilk_p2p::net::blocks] peer 2: block 0b165d74008e at height 170 received
[2026-09-29T21:07:29.857Z DEBUG blacksilk_p2p::net::headers] peer 2: 1 headers up to height 171 accepted (new: true)
[2026-09-29T21:07:29.929Z DEBUG blacksilk_p2p::net::blocks] peer 2: block 9de0aafc3a5d at height 171 received
[2026-09-29T21:07:31.438Z DEBUG blacksilk_p2p::net::headers] peer 2: 1 headers up to height 172 accepted (new: true)
[2026-09-29T21:07:31.509Z DEBUG blacksilk_p2p::net::blocks] peer 2: block cc9304fa8c57 at height 172 received
[2026-09-29T21:07:32.719Z DEBUG blacksilk_p2p::net::headers] peer 2: 1 headers up to height 173 accepted (new: true)
[2026-09-29T21:07:32.793Z DEBUG blacksilk_p2p::net::blocks] peer 2: block 989ebaaf1227 at height 173 received
[2026-09-29T21:07:37.137Z DEBUG blacksilk_p2p::net::headers] peer 2: 1 headers up to height 174 accepted (new: true)
[2026-09-29T21:07:37.205Z DEBUG blacksilk_p2p::net::blocks] peer 2: block 47c5625cd3d8 at height 174 received
[2026-09-29T21:07:37.286Z DEBUG blacksilk_p2p::net::headers] peer 3: 1 headers up to height 174 accepted (new: false)
[2026-09-29T21:07:37.311Z DEBUG blacksilk_p2p::net::headers] peer 4: 1 headers up to height 174 accepted (new: false)
[2026-09-29T21:07:46.102Z DEBUG blacksilk_p2p::net::headers] peer 2: 1 headers up to height 175 accepted (new: true)
[2026-09-29T21:07:46.177Z DEBUG blacksilk_p2p::net::blocks] peer 2: block 684e9465795d at height 175 received
[2026-09-29T21:07:46.236Z DEBUG blacksilk_p2p::net::headers] peer 4: 1 headers up to height 175 accepted (new: false)
[2026-09-29T21:07:47.340Z DEBUG blacksilk_p2p::net::headers] peer 2: 1 headers up to height 176 accepted (new: true)
[2026-09-29T21:07:47.414Z DEBUG blacksilk_p2p::net::blocks] peer 2: block 36d1c8827d0e at height 176 received
[2026-09-29T21:07:47.495Z DEBUG blacksilk_p2p::net::headers] peer 3: 1 headers up to height 176 accepted (new: false)
[2026-09-29T21:07:47.554Z DEBUG blacksilk_p2p::net::headers] peer 4: 1 headers up to height 176 accepted (new: false)
[2026-09-29T21:07:50.147Z DEBUG blacksilk_p2p::net::headers] peer 2: 1 headers up to height 177 accepted (new: true)
[2026-09-29T21:07:50.207Z DEBUG blacksilk_p2p::net::blocks] peer 2: block fdb6ce2b1e4a at height 177 received
[2026-09-29T21:07:50.355Z DEBUG blacksilk_p2p::net::headers] peer 1: 1 headers up to height 177 accepted (new: false)
[2026-09-29T21:07:50.371Z DEBUG blacksilk_p2p::net::headers] peer 3: 1 headers up to height 177 accepted (new: false)
[2026-09-29T21:07:50.410Z DEBUG blacksilk_p2p::net::headers] peer 4: 1 headers up to height 177 accepted (new: false)
[2026-09-29T21:07:51.226Z DEBUG blacksilk_p2p::net::headers] peer 2: 1 headers up to height 178 accepted (new: true)
[2026-09-29T21:07:51.292Z DEBUG blacksilk_p2p::net::blocks] peer 2: block d1c2c8a9ef88 at height 178 received
[2026-09-29T21:07:51.394Z DEBUG blacksilk_p2p::net::headers] peer 1: 1 headers up to height 178 accepted (new: false)
[2026-09-29T21:07:51.414Z DEBUG blacksilk_p2p::net::headers] peer 3: 1 headers up to height 178 accepted (new: false)
[2026-09-29T21:07:51.459Z DEBUG blacksilk_p2p::net::headers] peer 4: 1 headers up to height 178 accepted (new: false)
[2026-09-29T21:08:00.846Z DEBUG blacksilk_p2p::net::headers] peer 2: 1 headers up to height 179 accepted (new: true)
[2026-09-29T21:08:00.921Z DEBUG blacksilk_p2p::net::blocks] peer 2: block b206b76cb37f at height 179 received
[2026-09-29T21:08:01.022Z DEBUG blacksilk_p2p::net::headers] peer 1: 1 headers up to height 179 accepted (new: false)
[2026-09-29T21:08:01.022Z DEBUG blacksilk_p2p::net::headers] peer 3: 1 headers up to height 179 accepted (new: false)
[2026-09-29T21:08:01.188Z DEBUG blacksilk_p2p::net::headers] peer 4: 1 headers up to height 179 accepted (new: false)
[2026-09-29T21:08:08.080Z DEBUG blacksilk_p2p::net::headers] peer 2: 1 headers up to height 180 accepted (new: true)
[2026-09-29T21:08:08.143Z DEBUG blacksilk_p2p::net::blocks] peer 2: block c449241697c7 at height 180 received
[2026-09-29T21:08:08.235Z DEBUG blacksilk_p2p::net::headers] peer 4: 1 headers up to height 180 accepted (new: false)
[2026-09-29T21:08:10.162Z DEBUG blacksilk_p2p::net::headers] peer 2: 1 headers up to height 181 accepted (new: true)
[2026-09-29T21:08:10.244Z DEBUG blacksilk_p2p::net::blocks] peer 2: block 4ca148411e1a at height 181 received
[2026-09-29T21:08:12.778Z DEBUG blacksilk_p2p::net::headers] peer 2: 1 headers up to height 182 accepted (new: true)
[2026-09-29T21:08:12.857Z DEBUG blacksilk_p2p::net::blocks] peer 2: block 5bcef1b24ca3 at height 182 received
[2026-09-29T21:08:12.945Z DEBUG blacksilk_p2p::net::headers] peer 4: 1 headers up to height 182 accepted (new: false)
[2026-09-29T21:08:17.991Z DEBUG blacksilk_p2p::net::headers] peer 2: 1 headers up to height 183 accepted (new: true)
[2026-09-29T21:08:18.056Z DEBUG blacksilk_p2p::net::blocks] peer 2: block 7efa33d8805f at height 183 received
[2026-09-29T21:08:21.103Z DEBUG blacksilk_p2p::net::headers] peer 2: 1 headers up to height 184 accepted (new: true)
[2026-09-29T21:08:21.186Z DEBUG blacksilk_p2p::net::blocks] peer 2: block 286660f10538 at height 184 received
[2026-09-29T21:08:21.327Z DEBUG blacksilk_p2p::net::headers] peer 4: 1 headers up to height 184 accepted (new: false)
[2026-09-29T21:08:21.388Z DEBUG blacksilk_p2p::net::headers] peer 1: 1 headers up to height 184 accepted (new: false)
[2026-09-29T21:08:21.388Z DEBUG blacksilk_p2p::net::headers] peer 3: 1 headers up to height 184 accepted (new: false)
[2026-09-29T21:08:34.725Z DEBUG blacksilk_p2p::net::headers] peer 2: 1 headers up to height 185 accepted (new: true)
[2026-09-29T21:08:34.809Z DEBUG blacksilk_p2p::net::blocks] peer 2: block 9f6829501716 at height 185 received
[2026-09-29T21:08:34.910Z DEBUG blacksilk_p2p::net::headers] peer 4: 1 headers up to height 185 accepted (new: false)
[2026-09-29T21:08:34.974Z DEBUG blacksilk_p2p::net::headers] peer 1: 1 headers up to height 185 accepted (new: false)
[2026-09-29T21:08:35.031Z DEBUG blacksilk_p2p::net::headers] peer 3: 1 headers up to height 185 accepted (new: false)
[2026-09-29T21:08:39.469Z DEBUG blacksilk_p2p::net::headers] peer 2: 1 headers up to height 186 accepted (new: true)
[2026-09-29T21:08:39.535Z DEBUG blacksilk_p2p::net::blocks] peer 2: block a9ebbae045a9 at height 186 received
[2026-09-29T21:08:39.568Z DEBUG blacksilk_p2p::net::headers] peer 4: 1 headers up to height 186 accepted (new: false)
[2026-09-29T21:08:39.679Z DEBUG blacksilk_p2p::net::headers] peer 3: 1 headers up to height 186 accepted (new: false)
[2026-09-29T21:08:39.724Z DEBUG blacksilk_p2p::net::headers] peer 1: 1 headers up to height 186 accepted (new: false)
[2026-09-29T21:08:41.228Z DEBUG blacksilk_p2p::net::headers] peer 2: 1 headers up to height 187 accepted (new: true)
[2026-09-29T21:08:41.295Z DEBUG blacksilk_p2p::net::blocks] peer 2: block 1f66b7704113 at height 187 received
[2026-09-29T21:08:54.865Z DEBUG blacksilk_p2p::net::headers] peer 2: 1 headers up to height 188 accepted (new: true)
[2026-09-29T21:08:54.946Z DEBUG blacksilk_p2p::net::blocks] peer 2: block f56ea0181a5c at height 188 received
[2026-09-29T21:08:54.992Z DEBUG blacksilk_p2p::net::headers] peer 4: 1 headers up to height 188 accepted (new: false)
[2026-09-29T21:08:55.093Z DEBUG blacksilk_p2p::net::headers] peer 3: 1 headers up to height 188 accepted (new: false)
[2026-09-29T21:08:55.149Z DEBUG blacksilk_p2p::net::headers] peer 1: 1 headers up to height 188 accepted (new: false)
[2026-09-29T21:08:57.445Z DEBUG blacksilk_p2p::net::headers] peer 2: 1 headers up to height 189 accepted (new: true)
[2026-09-29T21:08:57.513Z DEBUG blacksilk_p2p::net::blocks] peer 2: block db57c5c6ea53 at height 189 received
[2026-09-29T21:08:57.597Z DEBUG blacksilk_p2p::net::headers] peer 4: 1 headers up to height 189 accepted (new: false)
[2026-09-29T21:09:00.181Z DEBUG blacksilk_p2p::net::headers] peer 2: 1 headers up to height 190 accepted (new: true)
[2026-09-29T21:09:00.257Z DEBUG blacksilk_p2p::net::blocks] peer 2: block 74345f131362 at height 190 received
[2026-09-29T21:09:00.281Z DEBUG blacksilk_p2p::net::headers] peer 1: 1 headers up to height 190 accepted (new: false)
[2026-09-29T21:09:00.362Z DEBUG blacksilk_p2p::net::headers] peer 3: 1 headers up to height 190 accepted (new: false)
[2026-09-29T21:09:00.484Z DEBUG blacksilk_p2p::net::headers] peer 4: 1 headers up to height 190 accepted (new: false)
[2026-09-29T21:09:01.695Z DEBUG blacksilk_p2p::net::headers] peer 2: 1 headers up to height 191 accepted (new: true)
[2026-09-29T21:09:01.769Z DEBUG blacksilk_p2p::net::blocks] peer 2: block 40638d86dec8 at height 191 received
[2026-09-29T21:09:01.835Z DEBUG blacksilk_p2p::net::headers] peer 4: 1 headers up to height 191 accepted (new: false)
[2026-09-29T21:09:01.874Z DEBUG blacksilk_p2p::net::headers] peer 1: 1 headers up to height 191 accepted (new: false)
[2026-09-29T21:09:01.916Z DEBUG blacksilk_p2p::net::headers] peer 3: 1 headers up to height 191 accepted (new: false)
[2026-09-29T21:09:14.727Z DEBUG blacksilk_p2p::net::headers] peer 2: 1 headers up to height 192 accepted (new: true)
[2026-09-29T21:09:14.803Z DEBUG blacksilk_p2p::net::blocks] peer 2: block 9288a6ea6390 at height 192 received
[2026-09-29T21:09:14.923Z DEBUG blacksilk_p2p::net::headers] peer 1: 1 headers up to height 192 accepted (new: false)
[2026-09-29T21:09:14.923Z DEBUG blacksilk_p2p::net::headers] peer 4: 1 headers up to height 192 accepted (new: false)
[2026-09-29T21:09:16.328Z DEBUG blacksilk_p2p::net::headers] peer 2: 1 headers up to height 193 accepted (new: true)
[2026-09-29T21:09:16.397Z DEBUG blacksilk_p2p::net::blocks] peer 2: block d94e3a9fa0b0 at height 193 received
[2026-09-29T21:09:16.504Z DEBUG blacksilk_p2p::net::headers] peer 4: 1 headers up to height 193 accepted (new: false)
[2026-09-29T21:09:16.504Z DEBUG blacksilk_p2p::net::headers] peer 1: 1 headers up to height 193 accepted (new: false)
[2026-09-29T21:09:16.543Z DEBUG blacksilk_p2p::net::headers] peer 3: 1 headers up to height 193 accepted (new: false)
[2026-09-29T21:09:38.049Z DEBUG blacksilk_p2p::net::headers] peer 2: 1 headers up to height 194 accepted (new: true)
[2026-09-29T21:09:38.126Z DEBUG blacksilk_p2p::net::blocks] peer 2: block 069f51189cc9 at height 194 received
[2026-09-29T21:09:38.183Z DEBUG blacksilk_p2p::net::headers] peer 4: 1 headers up to height 194 accepted (new: false)
[2026-09-29T21:09:38.184Z DEBUG blacksilk_p2p::net::headers] peer 1: 1 headers up to height 194 accepted (new: false)
[2026-09-29T21:09:38.184Z DEBUG blacksilk_p2p::net::headers] peer 3: 1 headers up to height 194 accepted (new: false)
[2026-09-29T21:09:40.860Z DEBUG blacksilk_p2p::net::headers] peer 2: 1 headers up to height 195 accepted (new: true)
[2026-09-29T21:09:40.931Z DEBUG blacksilk_p2p::net::blocks] peer 2: block 9123afe32bab at height 195 received
[2026-09-29T21:09:41.036Z DEBUG blacksilk_p2p::net::headers] peer 4: 1 headers up to height 195 accepted (new: false)
[2026-09-29T21:09:41.036Z DEBUG blacksilk_p2p::net::headers] peer 1: 1 headers up to height 195 accepted (new: false)
[2026-09-29T21:09:41.036Z DEBUG blacksilk_p2p::net::headers] peer 3: 1 headers up to height 195 accepted (new: false)
[2026-09-29T21:09:57.062Z DEBUG blacksilk_p2p::net::headers] peer 2: 1 headers up to height 196 accepted (new: true)
[2026-09-29T21:09:57.136Z DEBUG blacksilk_p2p::net::blocks] peer 2: block 9eb21a8e8bbd at height 196 received
[2026-09-29T21:09:57.237Z DEBUG blacksilk_p2p::net::headers] peer 4: 1 headers up to height 196 accepted (new: false)
[2026-09-29T21:09:57.237Z DEBUG blacksilk_p2p::net::headers] peer 1: 1 headers up to height 196 accepted (new: false)
[2026-09-29T21:09:57.237Z DEBUG blacksilk_p2p::net::headers] peer 3: 1 headers up to height 196 accepted (new: false)
[2026-09-29T21:10:00.166Z DEBUG blacksilk_p2p::net::headers] peer 2: 1 headers up to height 197 accepted (new: true)
[2026-09-29T21:10:00.250Z DEBUG blacksilk_p2p::net::blocks] peer 2: block 809c135fda94 at height 197 received
[2026-09-29T21:10:00.372Z DEBUG blacksilk_p2p::net::headers] peer 1: 1 headers up to height 197 accepted (new: false)
[2026-09-29T21:10:00.387Z DEBUG blacksilk_p2p::net::headers] peer 4: 1 headers up to height 197 accepted (new: false)
[2026-09-29T21:10:00.403Z DEBUG blacksilk_p2p::net::headers] peer 3: 1 headers up to height 197 accepted (new: false)
[2026-09-29T21:10:18.167Z DEBUG blacksilk_p2p::net::headers] peer 2: 1 headers up to height 198 accepted (new: true)
[2026-09-29T21:10:18.242Z DEBUG blacksilk_p2p::net::blocks] peer 2: block 57874e9bd6e5 at height 198 received
[2026-09-29T21:10:18.330Z DEBUG blacksilk_p2p::net::headers] peer 4: 1 headers up to height 198 accepted (new: false)
[2026-09-29T21:10:18.407Z DEBUG blacksilk_p2p::net::headers] peer 1: 1 headers up to height 198 accepted (new: false)
[2026-09-29T21:10:18.492Z DEBUG blacksilk_p2p::net::headers] peer 3: 1 headers up to height 198 accepted (new: false)
[2026-09-29T21:10:25.131Z DEBUG blacksilk_p2p::net::headers] peer 2: 1 headers up to height 199 accepted (new: true)
[2026-09-29T21:10:25.201Z DEBUG blacksilk_p2p::net::blocks] peer 2: block a3cc514b74ba at height 199 received
[2026-09-29T21:10:25.292Z DEBUG blacksilk_p2p::net::headers] peer 3: 1 headers up to height 199 accepted (new: false)
[2026-09-29T21:10:31.396Z DEBUG blacksilk_p2p::net::headers] peer 2: 1 headers up to height 200 accepted (new: true)
[2026-09-29T21:10:31.460Z DEBUG blacksilk_p2p::net::blocks] peer 2: block 29cb42e84f63 at height 200 received
[2026-09-29T21:10:31.593Z DEBUG blacksilk_p2p::net::headers] peer 3: 1 headers up to height 200 accepted (new: false)
[2026-09-29T21:10:31.593Z DEBUG blacksilk_p2p::net::headers] peer 4: 1 headers up to height 200 accepted (new: false)
[2026-09-29T21:10:58.330Z DEBUG blacksilk_p2p::net::headers] peer 2: 1 headers up to height 201 accepted (new: true)
[2026-09-29T21:10:58.403Z DEBUG blacksilk_p2p::net::blocks] peer 2: block 2dbf4f570868 at height 201 received
[2026-09-29T21:10:58.423Z DEBUG blacksilk_p2p::net::headers] peer 1: 1 headers up to height 201 accepted (new: false)
[2026-09-29T21:10:58.497Z DEBUG blacksilk_p2p::net::headers] peer 4: 1 headers up to height 201 accepted (new: false)
[2026-09-29T21:11:10.155Z DEBUG blacksilk_p2p::net::headers] peer 2: 1 headers up to height 202 accepted (new: true)
[2026-09-29T21:11:10.220Z DEBUG blacksilk_p2p::net::blocks] peer 2: block ce35d97a37aa at height 202 received
[2026-09-29T21:11:10.305Z DEBUG blacksilk_p2p::net::headers] peer 4: 1 headers up to height 202 accepted (new: false)
[2026-09-29T21:11:10.305Z DEBUG blacksilk_p2p::net::headers] peer 3: 1 headers up to height 202 accepted (new: false)
[2026-09-29T21:11:14.274Z DEBUG blacksilk_p2p::net::headers] peer 2: 1 headers up to height 203 accepted (new: true)
[2026-09-29T21:11:14.327Z DEBUG blacksilk_p2p::net::blocks] peer 2: block 089647c52c45 at height 203 received
[2026-09-29T21:11:14.476Z DEBUG blacksilk_p2p::net::headers] peer 4: 1 headers up to height 203 accepted (new: false)
[2026-09-29T21:11:14.476Z DEBUG blacksilk_p2p::net::headers] peer 3: 1 headers up to height 203 accepted (new: false)
[2026-09-29T21:11:19.184Z DEBUG blacksilk_p2p::net::headers] peer 2: 1 headers up to height 204 accepted (new: true)
[2026-09-29T21:11:19.265Z DEBUG blacksilk_p2p::net::blocks] peer 2: block a737872de772 at height 204 received
[2026-09-29T21:11:19.407Z DEBUG blacksilk_p2p::net::headers] peer 3: 1 headers up to height 204 accepted (new: false)
[2026-09-29T21:11:23.915Z DEBUG blacksilk_p2p::net::headers] peer 2: 1 headers up to height 205 accepted (new: true)
[2026-09-29T21:11:23.992Z DEBUG blacksilk_p2p::net::blocks] peer 2: block 01a730472735 at height 205 received
[2026-09-29T21:11:24.093Z DEBUG blacksilk_p2p::net::headers] peer 3: 1 headers up to height 205 accepted (new: false)
[2026-09-29T21:11:36.203Z DEBUG blacksilk_p2p::net::headers] peer 2: 1 headers up to height 206 accepted (new: true)
[2026-09-29T21:11:36.280Z DEBUG blacksilk_p2p::net::blocks] peer 2: block b161260eaf2f at height 206 received
[2026-09-29T21:11:40.183Z DEBUG blacksilk_p2p::net::headers] peer 2: 1 headers up to height 207 accepted (new: true)
[2026-09-29T21:11:40.254Z DEBUG blacksilk_p2p::net::blocks] peer 2: block b7a160790f4e at height 207 received
[2026-09-29T21:11:40.347Z DEBUG blacksilk_p2p::net::headers] peer 4: 1 headers up to height 207 accepted (new: false)
[2026-09-29T21:11:40.347Z DEBUG blacksilk_p2p::net::headers] peer 3: 1 headers up to height 207 accepted (new: false)
[2026-09-29T21:11:40.418Z DEBUG blacksilk_p2p::net::headers] peer 1: 1 headers up to height 207 accepted (new: false)
[2026-09-29T21:11:48.138Z DEBUG blacksilk_p2p::net::headers] peer 2: 1 headers up to height 208 accepted (new: true)
[2026-09-29T21:11:48.226Z DEBUG blacksilk_p2p::net::blocks] peer 2: block c682804c52c3 at height 208 received
[2026-09-29T21:11:48.317Z INFO  blacksilk_node] block 3d8e01d222de9621 at height 208 accepted (tip 208)
[2026-09-29T21:11:50.384Z INFO  blacksilk_node] block ada02d1281e5f4ac at height 209 accepted (tip 209)
[2026-09-29T21:11:57.486Z INFO  blacksilk_node] block 08128b5c3c6e6370 at height 210 accepted (tip 210)
[2026-09-29T21:12:00.237Z DEBUG blacksilk_p2p::net::headers] peer 2: 1 headers up to height 211 accepted (new: true)
[2026-09-29T21:12:00.304Z DEBUG blacksilk_p2p::net::blocks] peer 2: block 53e4e0c83e76 at height 211 received
[2026-09-29T21:12:00.508Z DEBUG blacksilk_p2p::net::headers] peer 4: 1 headers up to height 211 accepted (new: false)
[2026-09-29T21:12:00.508Z DEBUG blacksilk_p2p::net::headers] peer 1: 1 headers up to height 211 accepted (new: false)
[2026-09-29T21:12:00.508Z DEBUG blacksilk_p2p::net::headers] peer 3: 1 headers up to height 211 accepted (new: false)
[2026-09-29T21:12:16.659Z DEBUG blacksilk_p2p::net::headers] peer 2: 1 headers up to height 212 accepted (new: true)
[2026-09-29T21:12:16.724Z DEBUG blacksilk_p2p::net::blocks] peer 2: block 1062fc936804 at height 212 received
[2026-09-29T21:12:16.807Z DEBUG blacksilk_p2p::net::headers] peer 1: 1 headers up to height 212 accepted (new: false)
[2026-09-29T21:12:18.421Z DEBUG blacksilk_p2p::net::headers] peer 2: 1 headers up to height 213 accepted (new: true)
[2026-09-29T21:12:18.482Z DEBUG blacksilk_p2p::net::blocks] peer 2: block 586c52a29bf5 at height 213 received
[2026-09-29T21:12:18.612Z DEBUG blacksilk_p2p::net::headers] peer 1: 1 headers up to height 213 accepted (new: false)
[2026-09-29T21:12:18.612Z DEBUG blacksilk_p2p::net::headers] peer 4: 1 headers up to height 213 accepted (new: false)
[2026-09-29T21:12:24.567Z INFO  blacksilk_node] block ccd94bbfd0b08a21 at height 214 accepted (tip 214)
[2026-09-29T21:12:26.811Z INFO  blacksilk_node] block e432ab801b5cc3f9 at height 215 accepted (tip 215)
[2026-09-29T21:12:28.453Z INFO  blacksilk_node] block 25f51931f6550b85 at height 216 accepted (tip 216)
[2026-09-29T21:12:32.726Z INFO  blacksilk_node] block 038fcdeef704d222 at height 217 accepted (tip 217)
[2026-09-29T21:12:37.758Z DEBUG blacksilk_p2p::net::headers] peer 2: 1 headers up to height 218 accepted (new: true)
[2026-09-29T21:12:37.811Z DEBUG blacksilk_p2p::net::blocks] peer 2: block 9083a1ac4d01 at height 218 received
[2026-09-29T21:12:37.918Z DEBUG blacksilk_p2p::net::headers] peer 1: 1 headers up to height 218 accepted (new: false)
[2026-09-29T21:12:37.938Z DEBUG blacksilk_p2p::net::headers] peer 4: 1 headers up to height 218 accepted (new: false)
[2026-09-29T21:12:43.791Z DEBUG blacksilk_p2p::net::headers] peer 2: 1 headers up to height 219 accepted (new: true)
[2026-09-29T21:12:43.853Z DEBUG blacksilk_p2p::net::blocks] peer 2: block 1418c0779dfc at height 219 received
[2026-09-29T21:12:43.950Z DEBUG blacksilk_p2p::net::headers] peer 4: 1 headers up to height 219 accepted (new: false)
[2026-09-29T21:12:43.950Z DEBUG blacksilk_p2p::net::headers] peer 1: 1 headers up to height 219 accepted (new: false)
[2026-09-29T21:12:46.679Z DEBUG blacksilk_p2p::net::headers] peer 2: 1 headers up to height 220 accepted (new: true)
[2026-09-29T21:12:46.740Z DEBUG blacksilk_p2p::net::blocks] peer 2: block dd366f69cb57 at height 220 received
[2026-09-29T21:12:46.809Z DEBUG blacksilk_p2p::net::headers] peer 1: 1 headers up to height 220 accepted (new: false)
[2026-09-29T21:12:46.825Z DEBUG blacksilk_p2p::net::headers] peer 4: 1 headers up to height 220 accepted (new: false)
[2026-09-29T21:12:47.690Z INFO  blacksilk_node] block 58710167f12e0b59 at height 220 accepted (tip 220)
[2026-09-29T21:12:47.745Z DEBUG blacksilk_p2p::net::headers] peer 2: 1 headers up to height 221 accepted (new: true)
[2026-09-29T21:12:47.818Z DEBUG blacksilk_p2p::net::blocks] peer 2: block fec5b2a63393 at height 221 received
[2026-09-29T21:12:47.880Z DEBUG blacksilk_p2p::net::headers] peer 1: 1 headers up to height 221 accepted (new: false)
[2026-09-29T21:12:47.880Z DEBUG blacksilk_p2p::net::headers] peer 4: 1 headers up to height 221 accepted (new: false)
[2026-09-29T21:12:53.190Z DEBUG blacksilk_p2p::net::headers] peer 2: 1 headers up to height 222 accepted (new: true)
[2026-09-29T21:12:53.275Z DEBUG blacksilk_p2p::net::blocks] peer 2: block d10c2629570e at height 222 received
[2026-09-29T21:12:53.348Z DEBUG blacksilk_p2p::net::headers] peer 4: 1 headers up to height 222 accepted (new: false)
[2026-09-29T21:12:53.348Z DEBUG blacksilk_p2p::net::headers] peer 1: 1 headers up to height 222 accepted (new: false)
[2026-09-29T21:12:53.364Z DEBUG blacksilk_p2p::net::headers] peer 3: 1 headers up to height 222 accepted (new: false)
[2026-09-29T21:13:01.348Z DEBUG blacksilk_p2p::net::headers] peer 2: 1 headers up to height 223 accepted (new: true)
[2026-09-29T21:13:01.408Z DEBUG blacksilk_p2p::net::blocks] peer 2: block 577bb07825fd at height 223 received
[2026-09-29T21:13:01.493Z DEBUG blacksilk_p2p::net::headers] peer 3: 1 headers up to height 223 accepted (new: false)
[2026-09-29T21:13:01.494Z DEBUG blacksilk_p2p::net::headers] peer 4: 1 headers up to height 223 accepted (new: false)
[2026-09-29T21:13:01.494Z DEBUG blacksilk_p2p::net::headers] peer 1: 1 headers up to height 223 accepted (new: false)
[2026-09-29T21:13:02.703Z DEBUG blacksilk_p2p::net::headers] peer 2: 1 headers up to height 224 accepted (new: true)
[2026-09-29T21:13:02.779Z DEBUG blacksilk_p2p::net::blocks] peer 2: block b9ad90bb1f0a at height 224 received
[2026-09-29T21:13:02.803Z DEBUG blacksilk_p2p::net::headers] peer 1: 1 headers up to height 224 accepted (new: false)
[2026-09-29T21:13:02.822Z DEBUG blacksilk_p2p::net::headers] peer 3: 1 headers up to height 224 accepted (new: false)
[2026-09-29T21:13:02.847Z DEBUG blacksilk_p2p::net::headers] peer 4: 1 headers up to height 224 accepted (new: false)
[2026-09-29T21:13:03.458Z INFO  blacksilk_node] block a102294d122c135e at height 224 accepted (tip 224)
[2026-09-29T21:13:04.755Z DEBUG blacksilk_p2p::net::headers] peer 2: 1 headers up to height 225 accepted (new: true)
[2026-09-29T21:13:04.834Z DEBUG blacksilk_p2p::net::blocks] peer 2: block ccb13d89bbad at height 225 received
[2026-09-29T21:13:04.899Z DEBUG blacksilk_p2p::net::headers] peer 1: 1 headers up to height 225 accepted (new: false)
[2026-09-29T21:13:04.899Z DEBUG blacksilk_p2p::net::headers] peer 3: 1 headers up to height 225 accepted (new: false)
[2026-09-29T21:13:04.899Z DEBUG blacksilk_p2p::net::headers] peer 4: 1 headers up to height 225 accepted (new: false)
[2026-09-29T21:13:06.224Z INFO  blacksilk_node] block e0f445256eec4d55 at height 226 accepted (tip 226)
[2026-09-29T21:13:07.980Z INFO  blacksilk_node] block 073b20a0a8b18008 at height 227 accepted (tip 227)
[2026-09-29T21:13:12.805Z DEBUG blacksilk_p2p::net::headers] peer 2: 1 headers up to height 228 accepted (new: true)
[2026-09-29T21:13:12.878Z DEBUG blacksilk_p2p::net::blocks] peer 2: block dd0d85f44d15 at height 228 received
[2026-09-29T21:13:13.006Z DEBUG blacksilk_p2p::net::headers] peer 1: 1 headers up to height 228 accepted (new: false)
[2026-09-29T21:13:13.023Z DEBUG blacksilk_p2p::net::headers] peer 3: 1 headers up to height 228 accepted (new: false)
[2026-09-29T21:13:13.024Z DEBUG blacksilk_p2p::net::headers] peer 4: 1 headers up to height 228 accepted (new: false)
[2026-09-29T21:13:14.654Z DEBUG blacksilk_p2p::net::headers] peer 2: 1 headers up to height 229 accepted (new: true)
[2026-09-29T21:13:14.717Z DEBUG blacksilk_p2p::net::blocks] peer 2: block 8d2bd99eea1e at height 229 received
[2026-09-29T21:13:14.827Z DEBUG blacksilk_p2p::net::headers] peer 3: 1 headers up to height 229 accepted (new: false)
[2026-09-29T21:13:14.827Z DEBUG blacksilk_p2p::net::headers] peer 1: 1 headers up to height 229 accepted (new: false)
[2026-09-29T21:13:14.827Z DEBUG blacksilk_p2p::net::headers] peer 4: 1 headers up to height 229 accepted (new: false)
[2026-09-29T21:13:19.208Z INFO  blacksilk_node] block 680653cd03e72c3f at height 230 accepted (tip 230)
[2026-09-29T21:13:23.477Z INFO  blacksilk_node] block 904106b3883cc663 at height 231 accepted (tip 231)
[2026-09-29T21:13:24.356Z DEBUG blacksilk_p2p::net::headers] peer 2: 1 headers up to height 231 accepted (new: true)
[2026-09-29T21:13:24.497Z DEBUG blacksilk_p2p::net::headers] peer 3: 1 headers up to height 231 accepted (new: true)
[2026-09-29T21:13:26.666Z DEBUG blacksilk_p2p::net::headers] peer 2: 1 headers up to height 232 accepted (new: true)
[2026-09-29T21:13:26.734Z DEBUG blacksilk_p2p::net::blocks] peer 2: block d0480a640fed at height 231 received
[2026-09-29T21:13:26.734Z DEBUG blacksilk_p2p::net::blocks] peer 2: block 61a101bf7ed3 at height 232 received
[2026-09-29T21:13:26.740Z INFO  blacksilk_chain::manager::fork_choice] reorganization: disconnecting 1 block(s) above height 230
[2026-09-29T21:13:26.741Z INFO  blacksilk_chain::manager::fork_choice] mempool after the reorganization: Revalidation { checked: 0, invalid: 0, ring_changed: 0 }; returned transactions: Readmission { readmitted: 0, already_pooled: 0, other_rules: 0, conflicts: 0, invalid: 0, ring_changed: 0, no_room: 0, over_budget: 0 }; 0 beyond the readmission budget, not captured
[2026-09-29T21:13:26.851Z DEBUG blacksilk_p2p::net::headers] peer 3: 1 headers up to height 232 accepted (new: false)
[2026-09-29T21:13:27.933Z INFO  blacksilk_node] block fadafcb6831626e8 at height 233 accepted (tip 233)
[2026-09-29T21:13:30.660Z INFO  blacksilk_node] block d1eab085c51ffc1d at height 234 accepted (tip 234)
[2026-09-29T21:13:39.800Z DEBUG blacksilk_p2p::net::headers] peer 2: 1 headers up to height 235 accepted (new: true)
[2026-09-29T21:13:39.873Z DEBUG blacksilk_p2p::net::blocks] peer 2: block f251c4857e66 at height 235 received
[2026-09-29T21:13:39.960Z DEBUG blacksilk_p2p::net::headers] peer 1: 1 headers up to height 235 accepted (new: false)
[2026-09-29T21:13:39.989Z DEBUG blacksilk_p2p::net::headers] peer 4: 1 headers up to height 235 accepted (new: false)
[2026-09-29T21:13:43.551Z DEBUG blacksilk_p2p::net::headers] peer 2: 1 headers up to height 236 accepted (new: true)
[2026-09-29T21:13:43.620Z DEBUG blacksilk_p2p::net::blocks] peer 2: block d9421c6b8a81 at height 236 received
[2026-09-29T21:13:43.678Z DEBUG blacksilk_p2p::net::headers] peer 4: 1 headers up to height 236 accepted (new: false)
[2026-09-29T21:13:43.860Z DEBUG blacksilk_p2p::net::headers] peer 3: 1 headers up to height 236 accepted (new: false)
[2026-09-29T21:13:43.860Z DEBUG blacksilk_p2p::net::headers] peer 1: 1 headers up to height 236 accepted (new: false)
[2026-09-29T21:14:03.671Z INFO  blacksilk_node] block e55797d432038d5b at height 237 accepted (tip 237)
[2026-09-29T21:14:10.081Z INFO  blacksilk_node] block 8079eaf4e2fd5172 at height 238 accepted (tip 238)
[2026-09-29T21:14:11.322Z INFO  blacksilk_node] block da99ff047e5a9f29 at height 239 accepted (tip 239)
[2026-09-29T21:14:12.536Z INFO  blacksilk_node] block 4fa28b5fd6fe0fed at height 240 accepted (tip 240)
[2026-09-29T21:14:13.698Z INFO  blacksilk_node] block eeafca6ca058613c at height 241 accepted (tip 241)
[2026-09-29T21:14:22.387Z INFO  blacksilk_node] block 5d43c17fdeae3d13 at height 242 accepted (tip 242)
[2026-09-29T21:14:23.649Z INFO  blacksilk_node] block 7dc70e919a77c04a at height 243 accepted (tip 243)
[2026-09-29T21:14:28.454Z INFO  blacksilk_node] block c3ea648451b3dbdc at height 244 accepted (tip 244)
[2026-09-29T21:14:34.761Z DEBUG blacksilk_p2p::net::headers] peer 2: 1 headers up to height 245 accepted (new: true)
[2026-09-29T21:14:34.820Z DEBUG blacksilk_p2p::net::blocks] peer 2: block 83c8aae61a19 at height 245 received
[2026-09-29T21:14:34.944Z DEBUG blacksilk_p2p::net::headers] peer 4: 1 headers up to height 245 accepted (new: false)
[2026-09-29T21:14:35.109Z DEBUG blacksilk_p2p::net::headers] peer 3: 1 headers up to height 245 accepted (new: false)
[2026-09-29T21:14:35.109Z DEBUG blacksilk_p2p::net::headers] peer 1: 1 headers up to height 245 accepted (new: false)
[2026-09-29T21:14:36.498Z INFO  blacksilk_node] block b564a5598135deec at height 246 accepted (tip 246)
[2026-09-29T21:14:38.292Z INFO  blacksilk_node] block 5cfdf1a0abc3c9bb at height 247 accepted (tip 247)
[2026-09-29T21:14:40.987Z INFO  blacksilk_node] block b4fa3d758dcd8fb8 at height 248 accepted (tip 248)
[2026-09-29T21:14:55.377Z DEBUG blacksilk_p2p::net::headers] peer 2: 1 headers up to height 249 accepted (new: true)
[2026-09-29T21:14:55.440Z DEBUG blacksilk_p2p::net::blocks] peer 2: block 0e09b4565a87 at height 249 received
[2026-09-29T21:14:55.737Z DEBUG blacksilk_p2p::net::headers] peer 3: 1 headers up to height 249 accepted (new: false)
[2026-09-29T21:14:55.738Z DEBUG blacksilk_p2p::net::headers] peer 4: 1 headers up to height 249 accepted (new: false)
[2026-09-29T21:14:55.738Z DEBUG blacksilk_p2p::net::headers] peer 1: 1 headers up to height 249 accepted (new: false)
[2026-09-29T21:15:10.811Z DEBUG blacksilk_p2p::net::headers] peer 2: 1 headers up to height 250 accepted (new: true)
[2026-09-29T21:15:10.898Z DEBUG blacksilk_p2p::net::blocks] peer 2: block 16f9f692c812 at height 250 received
[2026-09-29T21:15:10.937Z DEBUG blacksilk_p2p::net::headers] peer 1: 1 headers up to height 250 accepted (new: false)
[2026-09-29T21:15:10.938Z DEBUG blacksilk_p2p::net::headers] peer 3: 1 headers up to height 250 accepted (new: false)
[2026-09-29T21:15:10.963Z DEBUG blacksilk_p2p::net::headers] peer 4: 1 headers up to height 250 accepted (new: false)
[2026-09-29T21:15:17.216Z DEBUG blacksilk_p2p::net::stem] stem tx 3dbaba44e48b -> peer 3
[2026-09-29T21:15:29.380Z INFO  blacksilk_node] block cc0629b0b61a86de at height 251 accepted (tip 251)
[2026-09-29T21:15:33.579Z INFO  blacksilk_node] block 24c73fc23acc7df3 at height 252 accepted (tip 252)
[2026-09-29T21:15:55.243Z DEBUG blacksilk_p2p::net::headers] peer 2: 1 headers up to height 253 accepted (new: true)
[2026-09-29T21:15:55.323Z DEBUG blacksilk_p2p::net::blocks] peer 2: block 699bfe25d14d at height 253 received
[2026-09-29T21:15:58.640Z DEBUG blacksilk_p2p::net::maintenance] embargo expired for 3dbaba44e48b
[2026-09-29T21:15:58.651Z DEBUG blacksilk_p2p::net::stem] fluff tx 3dbaba44e48b
[2026-09-29T21:15:59.691Z INFO  blacksilk_node] block da202ed2b42011de at height 254 accepted (tip 254)
[2026-09-29T21:16:06.909Z INFO  blacksilk_node] block 52a6bd4bae259e15 at height 255 accepted (tip 255)
[2026-09-29T21:16:06.946Z DEBUG blacksilk_p2p::net::headers] peer 2: 1 headers up to height 255 accepted (new: true)
[2026-09-29T21:16:07.148Z DEBUG blacksilk_p2p::net::headers] peer 1: 1 headers up to height 255 accepted (new: true)
[2026-09-29T21:16:07.168Z DEBUG blacksilk_p2p::net::headers] peer 3: 1 headers up to height 255 accepted (new: true)
[2026-09-29T21:16:07.193Z DEBUG blacksilk_p2p::net::headers] peer 4: 1 headers up to height 255 accepted (new: true)
[2026-09-29T21:16:13.269Z DEBUG blacksilk_p2p::net::headers] peer 2: 1 headers up to height 256 accepted (new: true)
[2026-09-29T21:16:13.351Z DEBUG blacksilk_p2p::net::blocks] peer 4: block 9131b4bbc526 at height 255 received
[2026-09-29T21:16:13.351Z DEBUG blacksilk_p2p::net::blocks] peer 2: block b78fcd2afbf7 at height 256 received
[2026-09-29T21:16:13.363Z INFO  blacksilk_chain::manager::fork_choice] reorganization: disconnecting 1 block(s) above height 254
[2026-09-29T21:16:13.367Z INFO  blacksilk_chain::manager::fork_choice] mempool after the reorganization: Revalidation { checked: 0, invalid: 0, ring_changed: 0 }; returned transactions: Readmission { readmitted: 0, already_pooled: 0, other_rules: 0, conflicts: 0, invalid: 1, ring_changed: 0, no_room: 0, over_budget: 0 }; 0 beyond the readmission budget, not captured
[2026-09-29T21:16:13.419Z DEBUG blacksilk_p2p::net::headers] peer 4: 1 headers up to height 256 accepted (new: false)
[2026-09-29T21:16:13.419Z DEBUG blacksilk_p2p::net::headers] peer 1: 1 headers up to height 256 accepted (new: false)
[2026-09-29T21:16:13.444Z DEBUG blacksilk_p2p::net::headers] peer 3: 1 headers up to height 256 accepted (new: false)
[2026-09-29T21:16:31.799Z DEBUG blacksilk_p2p::net::headers] peer 2: 1 headers up to height 257 accepted (new: true)
[2026-09-29T21:16:31.860Z DEBUG blacksilk_p2p::net::blocks] peer 2: block 9e2280ca9418 at height 257 received
[2026-09-29T21:16:31.945Z DEBUG blacksilk_p2p::net::headers] peer 4: 1 headers up to height 257 accepted (new: false)
[2026-09-29T21:16:31.984Z DEBUG blacksilk_p2p::net::headers] peer 1: 1 headers up to height 257 accepted (new: false)
[2026-09-29T21:16:31.984Z DEBUG blacksilk_p2p::net::headers] peer 3: 1 headers up to height 257 accepted (new: false)
[2026-09-29T21:16:33.614Z DEBUG blacksilk_p2p::net::headers] peer 2: 1 headers up to height 258 accepted (new: true)
[2026-09-29T21:16:33.679Z DEBUG blacksilk_p2p::net::blocks] peer 2: block 3d93e150e7ee at height 258 received
[2026-09-29T21:16:33.778Z DEBUG blacksilk_p2p::net::headers] peer 4: 1 headers up to height 258 accepted (new: false)
[2026-09-29T21:16:33.827Z DEBUG blacksilk_p2p::net::headers] peer 3: 1 headers up to height 258 accepted (new: false)
[2026-09-29T21:16:33.827Z DEBUG blacksilk_p2p::net::headers] peer 1: 1 headers up to height 258 accepted (new: false)
[2026-09-29T21:16:37.631Z DEBUG blacksilk_p2p::net::stem] stem tx 665cdfe07942 -> peer 4
[2026-09-29T21:16:40.403Z DEBUG blacksilk_p2p::net::headers] peer 2: 1 headers up to height 259 accepted (new: true)
[2026-09-29T21:16:40.478Z DEBUG blacksilk_p2p::net::blocks] peer 2: block 223a8556cfbf at height 259 received
[2026-09-29T21:16:40.554Z DEBUG blacksilk_p2p::net::headers] peer 4: 1 headers up to height 259 accepted (new: false)
[2026-09-29T21:16:40.654Z DEBUG blacksilk_p2p::net::headers] peer 3: 1 headers up to height 259 accepted (new: false)
[2026-09-29T21:16:40.654Z DEBUG blacksilk_p2p::net::headers] peer 1: 1 headers up to height 259 accepted (new: false)
[2026-09-29T21:16:41.982Z DEBUG blacksilk_p2p::net::headers] peer 2: 1 headers up to height 260 accepted (new: true)
[2026-09-29T21:16:42.039Z DEBUG blacksilk_p2p::net::blocks] peer 2: block e2b4dd65c784 at height 260 received
[2026-09-29T21:16:42.133Z DEBUG blacksilk_p2p::net::headers] peer 4: 1 headers up to height 260 accepted (new: false)
[2026-09-29T21:16:42.241Z DEBUG blacksilk_p2p::net::headers] peer 3: 1 headers up to height 260 accepted (new: false)
[2026-09-29T21:16:42.241Z DEBUG blacksilk_p2p::net::headers] peer 1: 1 headers up to height 260 accepted (new: false)
[2026-09-29T21:16:46.433Z DEBUG blacksilk_p2p::net::headers] peer 2: 1 headers up to height 261 accepted (new: true)
[2026-09-29T21:16:46.501Z DEBUG blacksilk_p2p::net::blocks] peer 2: block 8ee1d5e4c8d1 at height 261 received
[2026-09-29T21:16:46.580Z DEBUG blacksilk_p2p::net::headers] peer 4: 1 headers up to height 261 accepted (new: false)
[2026-09-29T21:16:46.664Z DEBUG blacksilk_p2p::net::headers] peer 1: 1 headers up to height 261 accepted (new: false)
[2026-09-29T21:16:46.664Z DEBUG blacksilk_p2p::net::headers] peer 3: 1 headers up to height 261 accepted (new: false)
[2026-09-29T21:16:56.654Z DEBUG blacksilk_p2p::net::headers] peer 2: 1 headers up to height 262 accepted (new: true)
[2026-09-29T21:16:56.726Z DEBUG blacksilk_p2p::net::blocks] peer 2: block c9272b197af7 at height 262 received
[2026-09-29T21:16:56.812Z DEBUG blacksilk_p2p::net::headers] peer 4: 1 headers up to height 262 accepted (new: false)
[2026-09-29T21:16:56.956Z DEBUG blacksilk_p2p::net::headers] peer 3: 1 headers up to height 262 accepted (new: false)
[2026-09-29T21:16:56.956Z DEBUG blacksilk_p2p::net::headers] peer 1: 1 headers up to height 262 accepted (new: false)
[2026-09-29T21:16:59.060Z DEBUG blacksilk_p2p::net::headers] peer 2: 1 headers up to height 263 accepted (new: true)
[2026-09-29T21:16:59.147Z DEBUG blacksilk_p2p::net::blocks] peer 2: block 8d2ba24e4900 at height 263 received
[2026-09-29T21:16:59.206Z DEBUG blacksilk_p2p::net::headers] peer 4: 1 headers up to height 263 accepted (new: false)
[2026-09-29T21:16:59.265Z DEBUG blacksilk_p2p::net::headers] peer 1: 1 headers up to height 263 accepted (new: false)
[2026-09-29T21:16:59.266Z DEBUG blacksilk_p2p::net::headers] peer 3: 1 headers up to height 263 accepted (new: false)
[2026-09-29T21:17:09.228Z DEBUG blacksilk_p2p::net::headers] peer 2: 1 headers up to height 264 accepted (new: true)
[2026-09-29T21:17:09.307Z DEBUG blacksilk_p2p::net::blocks] peer 2: block dcb28f48e9aa at height 264 received
[2026-09-29T21:17:09.466Z DEBUG blacksilk_p2p::net::headers] peer 3: 1 headers up to height 264 accepted (new: false)
[2026-09-29T21:17:09.466Z DEBUG blacksilk_p2p::net::headers] peer 4: 1 headers up to height 264 accepted (new: false)
[2026-09-29T21:17:09.466Z DEBUG blacksilk_p2p::net::headers] peer 1: 1 headers up to height 264 accepted (new: false)
[2026-09-29T21:17:23.144Z DEBUG blacksilk_p2p::net::headers] peer 2: 1 headers up to height 265 accepted (new: true)
[2026-09-29T21:17:23.206Z DEBUG blacksilk_p2p::net::blocks] peer 2: block b6fb7c9330f1 at height 265 received
[2026-09-29T21:17:23.268Z DEBUG blacksilk_p2p::net::headers] peer 3: 1 headers up to height 265 accepted (new: false)
[2026-09-29T21:17:23.268Z DEBUG blacksilk_p2p::net::headers] peer 1: 1 headers up to height 265 accepted (new: false)
[2026-09-29T21:17:23.268Z DEBUG blacksilk_p2p::net::headers] peer 4: 1 headers up to height 265 accepted (new: false)
[2026-09-29T21:17:31.173Z DEBUG blacksilk_p2p::net::headers] peer 2: 1 headers up to height 266 accepted (new: true)
[2026-09-29T21:17:31.256Z DEBUG blacksilk_p2p::net::blocks] peer 2: block 649e6e040e49 at height 266 received
[2026-09-29T21:17:31.357Z DEBUG blacksilk_p2p::net::headers] peer 3: 1 headers up to height 266 accepted (new: false)
[2026-09-29T21:17:31.357Z DEBUG blacksilk_p2p::net::headers] peer 1: 1 headers up to height 266 accepted (new: false)
[2026-09-29T21:17:31.357Z DEBUG blacksilk_p2p::net::headers] peer 4: 1 headers up to height 266 accepted (new: false)
[2026-09-29T21:17:37.963Z DEBUG blacksilk_p2p::net::stem] stem tx 1a468ee1778f -> peer 3
[2026-09-29T21:17:47.401Z DEBUG blacksilk_p2p::net::headers] peer 2: 1 headers up to height 267 accepted (new: true)
[2026-09-29T21:17:47.475Z DEBUG blacksilk_p2p::net::blocks] peer 2: block 5702670905a3 at height 267 received
[2026-09-29T21:17:50.778Z INFO  blacksilk_node] block ea6451ad6396650d at height 268 accepted (tip 268)
[2026-09-29T21:18:09.534Z INFO  blacksilk_node] block 64ce3d952af8f96f at height 269 accepted (tip 269)
[2026-09-29T21:18:18.011Z DEBUG blacksilk_p2p::net::stem] stem tx deb1a94c9bb1 -> peer 3
[2026-09-29T21:18:20.014Z INFO  blacksilk_node] block 7eccda8d097995a7 at height 270 accepted (tip 270)
[2026-09-29T21:18:22.268Z INFO  blacksilk_node] block e8b2f6a80ef5837e at height 271 accepted (tip 271)
[2026-09-29T21:18:32.398Z DEBUG blacksilk_p2p::net::maintenance] embargo expired for deb1a94c9bb1
[2026-09-29T21:18:32.402Z DEBUG blacksilk_p2p::net::stem] fluff tx deb1a94c9bb1
[2026-09-29T21:18:33.235Z INFO  blacksilk_node] block 4a310430d122adc4 at height 272 accepted (tip 272)
[2026-09-29T21:18:36.110Z INFO  blacksilk_node] block 15539f742e86dd9e at height 273 accepted (tip 273)
[2026-09-29T21:18:36.224Z INFO  blacksilk_p2p::net::conn] disconnected peer 127.0.0.1:9670
[2026-09-29T21:18:36.224Z INFO  blacksilk_p2p::net::conn] disconnected peer 127.0.0.1:9666
[2026-09-29T21:18:56.446Z INFO  blacksilk_node] block cdd2bf07b22d76ba at height 274 accepted (tip 274)
[2026-09-29T21:19:05.533Z INFO  blacksilk_node] block c2e90f5d880389dc at height 275 accepted (tip 275)
[2026-09-29T21:20:19.101Z INFO  blacksilk_node] block 3f4d33e56d92ded8 at height 276 accepted (tip 276)
[2026-09-29T21:20:45.815Z INFO  blacksilk_node] block 6a17f049651aa756 at height 277 accepted (tip 277)
[2026-09-29T21:21:26.645Z INFO  blacksilk_node] block 887cb0fb54a9155a at height 278 accepted (tip 278)
[2026-09-29T21:21:44.981Z INFO  blacksilk_p2p::net::conn] connected inbound peer 127.0.0.1:10393 (height 281)
[2026-09-29T21:21:44.995Z INFO  blacksilk_node] block 9809c52aca633539 at height 279 accepted (tip 279)
[2026-09-29T21:21:45.058Z DEBUG blacksilk_p2p::net::addr_relay] peer 3: addr with 1 entries
[2026-09-29T21:21:45.058Z DEBUG blacksilk_p2p::net::addr_relay] peer 5: getaddr answered with 4 addresses
[2026-09-29T21:21:45.058Z DEBUG blacksilk_p2p::net::addr_relay] peer 5: addr with 1 entries
[2026-09-29T21:21:45.503Z DEBUG blacksilk_p2p::net::stem] stem tx 3da3701713ac -> peer 4
[2026-09-29T21:21:45.896Z INFO  blacksilk_p2p::net::conn] connected inbound peer 127.0.0.1:10400 (height 281)
[2026-09-29T21:21:45.997Z DEBUG blacksilk_p2p::net::addr_relay] peer 6: getaddr answered with 4 addresses
[2026-09-29T21:21:45.997Z DEBUG blacksilk_p2p::net::addr_relay] peer 6: addr with 1 entries
[2026-09-29T21:21:47.913Z DEBUG blacksilk_p2p::net::headers] peer 5: 10 headers up to height 281 accepted (new: true)
[2026-09-29T21:21:47.914Z DEBUG blacksilk_p2p::net::headers] peer 6: 10 headers up to height 281 accepted (new: false)
[2026-09-29T21:21:47.914Z DEBUG blacksilk_p2p::net::headers] peer 3: 1 headers up to height 280 accepted (new: false)
[2026-09-29T21:21:47.987Z DEBUG blacksilk_p2p::net::blocks] peer 3: block 5696e8dd9f60 at height 278 received
[2026-09-29T21:21:47.987Z DEBUG blacksilk_p2p::net::blocks] peer 3: block a1973f2b69c5 at height 279 received
[2026-09-29T21:21:47.987Z DEBUG blacksilk_p2p::net::blocks] peer 3: block 8a8a0f37d3ba at height 280 received
[2026-09-29T21:21:47.987Z DEBUG blacksilk_p2p::net::blocks] peer 6: block 74a685aa63a0 at height 272 received
[2026-09-29T21:21:47.988Z DEBUG blacksilk_p2p::net::blocks] peer 5: block 763c431fb632 at height 274 received
[2026-09-29T21:21:47.988Z DEBUG blacksilk_p2p::net::blocks] peer 5: block f5f39ad93295 at height 276 received
[2026-09-29T21:21:47.988Z DEBUG blacksilk_p2p::net::blocks] peer 5: block 5c8795eefc3b at height 277 received
[2026-09-29T21:21:47.988Z DEBUG blacksilk_p2p::net::blocks] peer 6: block 324e62efdffa at height 273 received
[2026-09-29T21:21:47.988Z DEBUG blacksilk_p2p::net::blocks] peer 6: block ce5110d4be66 at height 275 received
[2026-09-29T21:21:48.004Z INFO  blacksilk_chain::manager::fork_choice] reorganization: disconnecting 8 block(s) above height 271
[2026-09-29T21:21:48.026Z INFO  blacksilk_chain::manager::fork_choice] mempool after the reorganization: Revalidation { checked: 0, invalid: 0, ring_changed: 0 }; returned transactions: Readmission { readmitted: 1, already_pooled: 0, other_rules: 0, conflicts: 0, invalid: 2, ring_changed: 0, no_room: 0, over_budget: 0 }; 0 beyond the readmission budget, not captured
[2026-09-29T21:21:48.073Z DEBUG blacksilk_p2p::net::blocks] peer 6: block 02131f627d86 at height 281 received
[2026-09-29T21:21:48.618Z DEBUG blacksilk_p2p::net::headers] peer 6: 1 headers up to height 282 accepted (new: true)
[2026-09-29T21:21:48.618Z DEBUG blacksilk_p2p::net::headers] peer 5: 1 headers up to height 282 accepted (new: false)
[2026-09-29T21:21:48.619Z DEBUG blacksilk_p2p::net::headers] peer 4: 1 headers up to height 280 accepted (new: false)
[2026-09-29T21:21:48.686Z DEBUG blacksilk_p2p::net::blocks] peer 6: block 257262926909 at height 282 received
[2026-09-29T21:21:49.030Z DEBUG blacksilk_p2p::net::headers] peer 3: 1 headers up to height 282 accepted (new: false)
[2026-09-29T21:21:51.066Z INFO  blacksilk_node] block 939de6b8f575b3e7 at height 283 accepted (tip 283)
[2026-09-29T21:21:54.337Z INFO  blacksilk_node] block 24831acc3343ce53 at height 284 accepted (tip 284)
[2026-09-29T21:21:58.730Z DEBUG blacksilk_p2p::net::headers] peer 6: 1 headers up to height 285 accepted (new: true)
[2026-09-29T21:21:58.815Z DEBUG blacksilk_p2p::net::blocks] peer 6: block 327cfc49d179 at height 285 received
[2026-09-29T21:21:58.916Z DEBUG blacksilk_p2p::net::headers] peer 3: 1 headers up to height 285 accepted (new: false)
[2026-09-29T21:21:59.035Z DEBUG blacksilk_p2p::net::stem] stem tx 14b587264711 -> peer 3
[2026-09-29T21:22:04.090Z INFO  blacksilk_node] block a701f7c442f8acbb at height 286 accepted (tip 286)
[2026-09-29T21:22:08.885Z INFO  blacksilk_node] block 0a25b6055d39b4c8 at height 287 accepted (tip 287)
[2026-09-29T21:22:13.778Z DEBUG blacksilk_p2p::net::maintenance] embargo expired for 14b587264711
[2026-09-29T21:22:13.784Z DEBUG blacksilk_p2p::net::stem] fluff tx 14b587264711
[2026-09-29T21:22:16.106Z INFO  blacksilk_node] block 1616734a24bf0b58 at height 288 accepted (tip 288)
[2026-09-29T21:22:27.037Z INFO  blacksilk_node] block 91375fa5aaa1592b at height 289 accepted (tip 289)
[2026-09-29T21:22:32.301Z INFO  blacksilk_node] block abd1f82fd120f00c at height 290 accepted (tip 290)
[2026-09-29T21:22:39.364Z DEBUG blacksilk_p2p::net::stem] stem tx 068ef40de4a8 -> peer 3
[2026-09-29T21:22:45.561Z DEBUG blacksilk_p2p::net::headers] peer 6: 1 headers up to height 291 accepted (new: true)
[2026-09-29T21:22:45.616Z DEBUG blacksilk_p2p::net::blocks] peer 6: block 7f2255c8e95e at height 291 received
[2026-09-29T21:22:45.676Z DEBUG blacksilk_p2p::net::headers] peer 5: 1 headers up to height 291 accepted (new: false)
[2026-09-29T21:22:45.717Z DEBUG blacksilk_p2p::net::headers] peer 3: 1 headers up to height 291 accepted (new: false)
[2026-09-29T21:22:45.717Z DEBUG blacksilk_p2p::net::headers] peer 4: 1 headers up to height 291 accepted (new: false)
[2026-09-29T21:22:46.895Z INFO  blacksilk_node] block eb4039c2a1e414c6 at height 292 accepted (tip 292)
[2026-09-29T21:23:04.289Z INFO  blacksilk_node] block ba7253f3adf11919 at height 293 accepted (tip 293)
[2026-09-29T21:23:20.589Z INFO  blacksilk_node] block 783ad09b031efa9f at height 294 accepted (tip 294)
[2026-09-29T21:23:24.307Z DEBUG blacksilk_p2p::net::headers] peer 6: 1 headers up to height 295 accepted (new: true)
[2026-09-29T21:23:24.385Z DEBUG blacksilk_p2p::net::blocks] peer 6: block a7e326dfdf38 at height 295 received
[2026-09-29T21:23:35.759Z DEBUG blacksilk_p2p::net::headers] peer 6: 1 headers up to height 296 accepted (new: true)
[2026-09-29T21:23:35.826Z DEBUG blacksilk_p2p::net::blocks] peer 6: block 09b4f98ef612 at height 296 received
[2026-09-29T21:23:35.894Z DEBUG blacksilk_p2p::net::headers] peer 4: 1 headers up to height 296 accepted (new: false)
[2026-09-29T21:23:36.906Z INFO  blacksilk_node] block f42bf10bff985d44 at height 296 accepted (tip 296)
[2026-09-29T21:23:39.840Z DEBUG blacksilk_p2p::net::stem] stem tx a465550fc2e4 -> peer 3
[2026-09-29T21:23:41.567Z DEBUG blacksilk_p2p::net::headers] peer 6: 1 headers up to height 297 accepted (new: true)
[2026-09-29T21:23:41.630Z DEBUG blacksilk_p2p::net::blocks] peer 6: block 461f871787fa at height 297 received
[2026-09-29T21:23:41.645Z DEBUG blacksilk_p2p::net::headers] peer 4: 1 headers up to height 297 accepted (new: false)
[2026-09-29T21:23:41.765Z DEBUG blacksilk_p2p::net::headers] peer 5: 1 headers up to height 297 accepted (new: false)
[2026-09-29T21:23:41.925Z DEBUG blacksilk_p2p::net::headers] peer 3: 1 headers up to height 297 accepted (new: false)
[2026-09-29T21:23:50.569Z INFO  blacksilk_node] block c883c353a75bb2f8 at height 298 accepted (tip 298)
[2026-09-29T21:23:51.724Z DEBUG blacksilk_p2p::net::headers] peer 6: 1 headers up to height 298 accepted (new: true)
[2026-09-29T21:23:57.237Z DEBUG blacksilk_p2p::net::headers] peer 6: 1 headers up to height 299 accepted (new: true)
[2026-09-29T21:23:57.294Z DEBUG blacksilk_p2p::net::blocks] peer 6: block 7c6a851714a7 at height 298 received
[2026-09-29T21:23:57.294Z DEBUG blacksilk_p2p::net::blocks] peer 6: block 999d3a3aa907 at height 299 received
[2026-09-29T21:23:57.298Z INFO  blacksilk_chain::manager::fork_choice] reorganization: disconnecting 1 block(s) above height 297
[2026-09-29T21:23:57.299Z INFO  blacksilk_chain::manager::fork_choice] mempool after the reorganization: Revalidation { checked: 0, invalid: 0, ring_changed: 0 }; returned transactions: Readmission { readmitted: 0, already_pooled: 0, other_rules: 0, conflicts: 0, invalid: 0, ring_changed: 0, no_room: 0, over_budget: 0 }; 0 beyond the readmission budget, not captured
[2026-09-29T21:23:57.571Z DEBUG blacksilk_p2p::net::headers] peer 5: 1 headers up to height 299 accepted (new: false)
[2026-09-29T21:23:59.010Z DEBUG blacksilk_p2p::net::headers] peer 6: 1 headers up to height 300 accepted (new: true)
[2026-09-29T21:23:59.072Z DEBUG blacksilk_p2p::net::blocks] peer 6: block 9d9f363af87c at height 300 received
[2026-09-29T21:23:59.164Z DEBUG blacksilk_p2p::net::headers] peer 5: 1 headers up to height 300 accepted (new: false)
[2026-09-29T21:23:59.208Z DEBUG blacksilk_p2p::net::headers] peer 4: 1 headers up to height 300 accepted (new: false)
[2026-09-29T21:23:59.209Z DEBUG blacksilk_p2p::net::headers] peer 3: 1 headers up to height 300 accepted (new: false)
[2026-09-29T21:24:02.438Z DEBUG blacksilk_p2p::net::headers] peer 6: 1 headers up to height 301 accepted (new: true)
[2026-09-29T21:24:02.496Z DEBUG blacksilk_p2p::net::blocks] peer 6: block 34a09e898390 at height 301 received
[2026-09-29T21:24:02.562Z DEBUG blacksilk_p2p::net::headers] peer 4: 1 headers up to height 301 accepted (new: false)
[2026-09-29T21:24:02.578Z DEBUG blacksilk_p2p::net::headers] peer 3: 1 headers up to height 301 accepted (new: false)
[2026-09-29T21:24:04.244Z DEBUG blacksilk_p2p::net::headers] peer 6: 1 headers up to height 302 accepted (new: true)
[2026-09-29T21:24:04.316Z DEBUG blacksilk_p2p::net::blocks] peer 6: block 719528e39bd3 at height 302 received
[2026-09-29T21:24:04.398Z DEBUG blacksilk_p2p::net::headers] peer 3: 1 headers up to height 302 accepted (new: false)
[2026-09-29T21:24:04.398Z DEBUG blacksilk_p2p::net::headers] peer 4: 1 headers up to height 302 accepted (new: false)
[2026-09-29T21:24:04.398Z DEBUG blacksilk_p2p::net::headers] peer 5: 1 headers up to height 302 accepted (new: false)
[2026-09-29T21:24:08.021Z INFO  blacksilk_node] block a24ac7b6a2e1840c at height 303 accepted (tip 303)
[2026-09-29T21:24:20.072Z DEBUG blacksilk_p2p::net::stem] stem tx 8320c4a1988b -> peer 4
[2026-09-29T21:24:29.772Z DEBUG blacksilk_p2p::net::headers] peer 6: 2 headers up to height 304 accepted (new: true)
[2026-09-29T21:24:29.844Z DEBUG blacksilk_p2p::net::blocks] peer 6: block 7f38517d8827 at height 303 received
[2026-09-29T21:24:29.844Z DEBUG blacksilk_p2p::net::blocks] peer 6: block fd0cb5089677 at height 304 received
[2026-09-29T21:24:29.848Z INFO  blacksilk_chain::manager::fork_choice] reorganization: disconnecting 1 block(s) above height 302
[2026-09-29T21:24:29.854Z INFO  blacksilk_chain::manager::fork_choice] mempool after the reorganization: Revalidation { checked: 0, invalid: 0, ring_changed: 0 }; returned transactions: Readmission { readmitted: 0, already_pooled: 0, other_rules: 0, conflicts: 0, invalid: 0, ring_changed: 0, no_room: 0, over_budget: 0 }; 0 beyond the readmission budget, not captured
[2026-09-29T21:24:29.986Z DEBUG blacksilk_p2p::net::headers] peer 3: 1 headers up to height 304 accepted (new: false)
[2026-09-29T21:24:30.045Z DEBUG blacksilk_p2p::net::headers] peer 5: 1 headers up to height 304 accepted (new: false)
[2026-09-29T21:24:33.954Z INFO  blacksilk_node] block 74f27aa6e261e4e7 at height 305 accepted (tip 305)
[2026-09-29T21:24:34.033Z DEBUG blacksilk_p2p::net::headers] peer 6: 1 headers up to height 305 accepted (new: true)
[2026-09-29T21:24:34.234Z DEBUG blacksilk_p2p::net::headers] peer 5: 1 headers up to height 305 accepted (new: true)
[2026-09-29T21:24:34.355Z DEBUG blacksilk_p2p::net::headers] peer 4: 1 headers up to height 305 accepted (new: true)
[2026-09-29T21:24:34.415Z DEBUG blacksilk_p2p::net::headers] peer 3: 1 headers up to height 305 accepted (new: true)
[2026-09-29T21:24:40.353Z INFO  blacksilk_node] block 1855a302661bdae5 at height 306 accepted (tip 306)
[2026-09-29T21:24:41.312Z DEBUG blacksilk_p2p::net::admission] transaction 8320c4a1988b not valid here: KeyImageSpent { input: 0 }
[2026-09-29T21:24:46.276Z INFO  blacksilk_node] block 3db97fc40acecd72 at height 307 accepted (tip 307)
[2026-09-29T21:24:51.827Z INFO  blacksilk_node] block 3150e7900e4fbcfc at height 308 accepted (tip 308)
[2026-09-29T21:25:00.383Z DEBUG blacksilk_p2p::net::stem] stem tx 590566f7f5fa -> peer 3
[2026-09-29T21:25:13.534Z INFO  blacksilk_node] block 9b37fefc0c2cf802 at height 309 accepted (tip 309)
[2026-09-29T21:25:13.805Z DEBUG blacksilk_p2p::net::headers] peer 6: 1 headers up to height 309 accepted (new: true)
[2026-09-29T21:25:14.053Z DEBUG blacksilk_p2p::net::headers] peer 5: 1 headers up to height 309 accepted (new: true)
[2026-09-29T21:25:14.111Z DEBUG blacksilk_p2p::net::headers] peer 4: 1 headers up to height 309 accepted (new: true)
[2026-09-29T21:25:14.143Z DEBUG blacksilk_p2p::net::headers] peer 3: 1 headers up to height 309 accepted (new: true)
[2026-09-29T21:25:20.395Z DEBUG blacksilk_p2p::net::stem] stem tx a3716471318c -> peer 3
[2026-09-29T21:25:21.636Z DEBUG blacksilk_p2p::net::headers] peer 6: 1 headers up to height 310 accepted (new: true)
[2026-09-29T21:25:21.703Z DEBUG blacksilk_p2p::net::blocks] peer 5: block fd2bdf349d36 at height 309 received
[2026-09-29T21:25:21.703Z DEBUG blacksilk_p2p::net::blocks] peer 6: block 76bdf1cbd7f4 at height 310 received
[2026-09-29T21:25:21.708Z INFO  blacksilk_chain::manager::fork_choice] reorganization: disconnecting 1 block(s) above height 308
[2026-09-29T21:25:21.712Z INFO  blacksilk_chain::manager::fork_choice] mempool after the reorganization: Revalidation { checked: 0, invalid: 0, ring_changed: 0 }; returned transactions: Readmission { readmitted: 0, already_pooled: 0, other_rules: 0, conflicts: 0, invalid: 0, ring_changed: 0, no_room: 0, over_budget: 0 }; 0 beyond the readmission budget, not captured
[2026-09-29T21:25:21.906Z DEBUG blacksilk_p2p::net::headers] peer 5: 1 headers up to height 310 accepted (new: false)
[2026-09-29T21:25:21.946Z DEBUG blacksilk_p2p::net::headers] peer 4: 1 headers up to height 310 accepted (new: false)
[2026-09-29T21:25:22.007Z DEBUG blacksilk_p2p::net::headers] peer 3: 1 headers up to height 310 accepted (new: false)
[2026-09-29T21:25:28.147Z DEBUG blacksilk_p2p::net::headers] peer 6: 1 headers up to height 311 accepted (new: true)
[2026-09-29T21:25:28.208Z DEBUG blacksilk_p2p::net::blocks] peer 6: block fe52f8052ec0 at height 311 received
[2026-09-29T21:25:28.290Z DEBUG blacksilk_p2p::net::headers] peer 3: 1 headers up to height 311 accepted (new: false)
[2026-09-29T21:25:31.305Z INFO  blacksilk_node] block 2fbf99a2a0dc353d at height 312 accepted (tip 312)
[2026-09-29T21:25:35.780Z DEBUG blacksilk_p2p::net::headers] peer 6: 1 headers up to height 313 accepted (new: true)
[2026-09-29T21:25:35.837Z DEBUG blacksilk_p2p::net::blocks] peer 6: block 1a94f6b40d69 at height 313 received
[2026-09-29T21:25:35.920Z DEBUG blacksilk_p2p::net::headers] peer 3: 1 headers up to height 313 accepted (new: false)
[2026-09-29T21:25:38.619Z DEBUG blacksilk_p2p::net::headers] peer 6: 1 headers up to height 314 accepted (new: true)
[2026-09-29T21:25:38.678Z DEBUG blacksilk_p2p::net::blocks] peer 6: block 001246aaedf6 at height 314 received
[2026-09-29T21:25:38.756Z DEBUG blacksilk_p2p::net::headers] peer 5: 1 headers up to height 314 accepted (new: false)
[2026-09-29T21:25:38.819Z DEBUG blacksilk_p2p::net::headers] peer 3: 1 headers up to height 314 accepted (new: false)
[2026-09-29T21:25:40.514Z DEBUG blacksilk_p2p::net::stem] stem tx 17c095e4d8a3 -> peer 3
[2026-09-29T21:25:41.535Z DEBUG blacksilk_p2p::net::headers] peer 6: 1 headers up to height 315 accepted (new: true)
[2026-09-29T21:25:41.592Z DEBUG blacksilk_p2p::net::blocks] peer 6: block ccaa5b00e84e at height 315 received
[2026-09-29T21:25:41.713Z DEBUG blacksilk_p2p::net::headers] peer 3: 1 headers up to height 315 accepted (new: false)
[2026-09-29T21:26:00.570Z DEBUG blacksilk_p2p::net::stem] stem tx b62e3f6c73b6 -> peer 3
[2026-09-29T21:26:04.732Z INFO  blacksilk_node] block 43f1f69ed4e622e2 at height 316 accepted (tip 316)
[2026-09-29T21:26:08.220Z DEBUG blacksilk_p2p::net::headers] peer 6: 1 headers up to height 317 accepted (new: true)
[2026-09-29T21:26:08.293Z DEBUG blacksilk_p2p::net::blocks] peer 6: block 8b403324e9fb at height 317 received
[2026-09-29T21:26:08.559Z DEBUG blacksilk_p2p::net::headers] peer 4: 1 headers up to height 317 accepted (new: false)
[2026-09-29T21:26:08.559Z DEBUG blacksilk_p2p::net::headers] peer 3: 1 headers up to height 317 accepted (new: false)
[2026-09-29T21:26:08.559Z DEBUG blacksilk_p2p::net::headers] peer 5: 1 headers up to height 317 accepted (new: false)
[2026-09-29T21:26:10.301Z INFO  blacksilk_node] block dcb3f6c89cbcbcf1 at height 318 accepted (tip 318)
[2026-09-29T21:26:22.321Z INFO  blacksilk_node] block 13f3d80ca5332022 at height 319 accepted (tip 319)
[2026-09-29T21:26:23.182Z DEBUG blacksilk_p2p::net::maintenance] embargo expired for b62e3f6c73b6
[2026-09-29T21:26:23.186Z DEBUG blacksilk_p2p::net::stem] fluff tx b62e3f6c73b6
[2026-09-29T21:26:30.127Z INFO  blacksilk_node] block a88cc57887f292ca at height 320 accepted (tip 320)
[2026-09-29T21:26:40.771Z DEBUG blacksilk_p2p::net::stem] stem tx 5d1f367fa765 -> peer 3
[2026-09-29T21:26:51.072Z DEBUG blacksilk_p2p::net::headers] peer 6: 1 headers up to height 321 accepted (new: true)
[2026-09-29T21:26:51.161Z DEBUG blacksilk_p2p::net::blocks] peer 6: block a2ed2cac4e4b at height 321 received
[2026-09-29T21:26:51.225Z DEBUG blacksilk_p2p::net::headers] peer 4: 1 headers up to height 321 accepted (new: false)
[2026-09-29T21:26:51.242Z DEBUG blacksilk_p2p::net::headers] peer 5: 1 headers up to height 321 accepted (new: false)
[2026-09-29T21:26:52.740Z INFO  blacksilk_node] block ffb26e3be204021e at height 322 accepted (tip 322)
[2026-09-29T21:26:56.600Z INFO  blacksilk_node] block d33aab03ad8c02cb at height 323 accepted (tip 323)
[2026-09-29T21:26:59.606Z INFO  blacksilk_node] block 61d5048ca4519e4f at height 324 accepted (tip 324)
[2026-09-29T21:27:06.024Z INFO  blacksilk_node] block e5efe2cdf1cf8d15 at height 325 accepted (tip 325)
[2026-09-29T21:27:20.883Z DEBUG blacksilk_p2p::net::stem] stem tx dadaeedad385 -> peer 3
[2026-09-29T21:27:35.996Z INFO  blacksilk_node] block e5571c4cc40885f0 at height 326 accepted (tip 326)
[2026-09-29T21:27:40.338Z INFO  blacksilk_node] block ac3a906b8af065e0 at height 327 accepted (tip 327)
[2026-09-29T21:27:40.793Z DEBUG blacksilk_p2p::net::admission] transaction dadaeedad385 not valid here: KeyImageSpent { input: 0 }
[2026-09-29T21:28:02.719Z DEBUG blacksilk_p2p::net::addr_relay] peer 6: addr with 1 entries
[2026-09-29T21:28:02.761Z DEBUG blacksilk_p2p::net::addr_relay] peer 4: addr with 1 entries
[2026-09-29T21:28:02.805Z DEBUG blacksilk_p2p::net::addr_relay] peer 3: addr with 1 entries
[2026-09-29T21:28:04.875Z INFO  blacksilk_p2p::net::conn] connected inbound peer 127.0.0.1:10581 (height 16)
