[2026-10-09T04:38:33.859Z INFO  blacksilk_node] RandomX self-test passed: 9 known answers (reference and BlackSilk, light mode) in 4.2s
[2026-10-09T04:38:33.863Z INFO  blacksilk_node] blacksilk-node 0.1.0 commit 65d5a70d0b86668ff8662163d3bfe59809e81d1d, build flags: none
[2026-10-09T04:38:33.865Z INFO  blacksilk_node] regtest: genesis 3dbdba2aca8842cd3e02c7d8c72078f77ff132cc3c84a7f8b87891d0cc106141, consensus fingerprint a8669525661569ca5345ed0b6af610712d85e7c84802c01e40c563c4c95d7238
[2026-10-09T04:38:33.866Z INFO  blacksilk_node] regtest: loading C:\bsgate\node
[2026-10-09T04:38:41.614Z INFO  blacksilk_chain::manager::replay] block store: 64 of 756 stored proof-of-work hashes re-verified (the 16 highest connected blocks and up to 48 sampled heights) in 7.6s on 4 thread(s)
[2026-10-09T04:38:41.616Z INFO  blacksilk_node] chain loaded in 7.7s: height 556, tip 5e0ea890f7196a1a
[2026-10-09T04:38:41.617Z WARN  blacksilk_node] P2P disabled
[2026-10-09T04:38:41.622Z INFO  blacksilk_node] RPC listening on http://127.0.0.1:39333
[2026-10-09T04:38:41.628Z WARN  blacksilk_node::cookie] the data directory C:\bsgate\node is outside your user profile: on Windows the RPC cookie is protected only by that directory's permissions; make sure other users cannot read it
[2026-10-09T04:38:41.628Z INFO  blacksilk_node::serve] RPC credential written to C:\bsgate\node\rpc.cookie (clients read it: --rpc-cookie)
[2026-10-09T04:39:49.327Z INFO  blacksilk_chain::manager::template] caught up at height 556: block templates are served from now on
[2026-10-09T04:40:03.924Z INFO  blacksilk_node] block fe89cd8d12dd7dc9 at height 557 accepted (tip 557)
[2026-10-09T04:40:07.701Z INFO  blacksilk_node] block 634cb45b72207b81 at height 558 accepted (tip 558)
[2026-10-09T04:40:08.723Z INFO  blacksilk_node] block f29136c23792cfb4 at height 558 accepted (tip 558)
[2026-10-09T04:40:19.590Z INFO  blacksilk_node] block 7513ffc2e8f66ea9 at height 559 accepted (tip 559)
[2026-10-09T04:40:20.673Z INFO  blacksilk_node] block 57cca84a7d8ea5af at height 559 accepted (tip 559)
[2026-10-09T04:40:21.698Z INFO  blacksilk_node] block 43111b66be64a6fb at height 560 accepted (tip 560)
[2026-10-09T04:40:26.383Z INFO  blacksilk_node] block b9873372e24a21d3 at height 561 accepted (tip 561)
[2026-10-09T04:40:32.024Z INFO  blacksilk_node] block 73a12dc1fd33b9ec at height 562 accepted (tip 562)
[2026-10-09T04:40:33.020Z INFO  blacksilk_node] block aedbc714783aa70f at height 562 accepted (tip 562)
[2026-10-09T04:40:34.019Z INFO  blacksilk_node] block fa9d3f24c828dbc4 at height 563 accepted (tip 563)
[2026-10-09T04:40:35.133Z INFO  blacksilk_node] block 44e06754c34f261d at height 563 accepted (tip 563)
[2026-10-09T04:40:36.161Z INFO  blacksilk_node] block cab3d90c4ee654c2 at height 563 accepted (tip 563)
[2026-10-09T04:40:42.786Z INFO  blacksilk_node] block 6e9fb06b215892a4 at height 564 accepted (tip 564)
[2026-10-09T04:40:46.524Z INFO  blacksilk_node] block f49f0202aa1f7b2e at height 565 accepted (tip 565)
[2026-10-09T04:40:47.526Z INFO  blacksilk_node] block a26e546b26b1aed0 at height 565 accepted (tip 565)
[2026-10-09T04:40:49.914Z INFO  blacksilk_node] block 07e6cf9638ea1a31 at height 566 accepted (tip 566)
[2026-10-09T04:40:51.118Z INFO  blacksilk_node] block 102e82d5b32e6e2c at height 567 accepted (tip 567)
[2026-10-09T04:40:53.596Z INFO  blacksilk_node] block e4ec3c8a5ff3a17e at height 568 accepted (tip 568)
[2026-10-09T04:40:57.663Z INFO  blacksilk_node] block 7ccb0a78a3da3bc8 at height 569 accepted (tip 569)
[2026-10-09T04:41:00.376Z INFO  blacksilk_node] block 35ac9436d6fa199d at height 570 accepted (tip 570)
[2026-10-09T04:41:02.312Z INFO  blacksilk_node] block 125c50228faf7efc at height 571 accepted (tip 571)
[2026-10-09T04:41:17.734Z INFO  blacksilk_node] block 1f64b1997bd6cfe2 at height 572 accepted (tip 572)
[2026-10-09T04:41:21.487Z INFO  blacksilk_node] block 5b5bb3166276192a at height 573 accepted (tip 573)
[2026-10-09T04:41:31.111Z INFO  blacksilk_node] block d1e5805c14706873 at height 574 accepted (tip 574)
[2026-10-09T04:41:32.107Z INFO  blacksilk_node] block a63e82e2341695aa at height 574 accepted (tip 574)
[2026-10-09T04:41:33.114Z INFO  blacksilk_node] block 04bf49646ae29b81 at height 574 accepted (tip 574)
[2026-10-09T04:41:34.096Z INFO  blacksilk_node] block 8c98cb6697d09663 at height 574 accepted (tip 574)
[2026-10-09T04:41:35.169Z INFO  blacksilk_node] block 93bf113d14bd107f at height 575 accepted (tip 575)
[2026-10-09T04:41:36.207Z INFO  blacksilk_node] block d4f4cc1d125e8673 at height 575 accepted (tip 575)
[2026-10-09T04:41:37.206Z INFO  blacksilk_node] block 84217669f5cf5923 at height 576 accepted (tip 576)
[2026-10-09T04:41:43.332Z INFO  blacksilk_node] block f842e48b9fc3a12d at height 577 accepted (tip 577)
[2026-10-09T04:41:47.369Z INFO  blacksilk_node] block 99152e00fcae151c at height 578 accepted (tip 578)
[2026-10-09T04:41:48.371Z INFO  blacksilk_node] block 1e3acda536c2c177 at height 578 accepted (tip 578)
[2026-10-09T04:41:49.357Z INFO  blacksilk_node] block 6e788b5d0e98cca1 at height 579 accepted (tip 579)
[2026-10-09T04:41:52.629Z INFO  blacksilk_node] block f7cc3d1bce68f594 at height 580 accepted (tip 580)
[2026-10-09T04:41:59.583Z INFO  blacksilk_node] block fd3598c253b9ae35 at height 581 accepted (tip 581)
[2026-10-09T04:42:05.925Z INFO  blacksilk_node] block a89e363f7d05c542 at height 582 accepted (tip 582)
[2026-10-09T04:42:08.310Z INFO  blacksilk_node] block 664ea4c775250ece at height 583 accepted (tip 583)
[2026-10-09T04:42:10.025Z INFO  blacksilk_node] block f7b782ec5e989b2a at height 584 accepted (tip 584)
[2026-10-09T04:42:13.523Z INFO  blacksilk_node] block 05fafbc3164d51d9 at height 585 accepted (tip 585)
[2026-10-09T04:42:14.554Z INFO  blacksilk_node] block 6bd4d305809e4ced at height 585 accepted (tip 585)
[2026-10-09T04:42:18.981Z INFO  blacksilk_node] block 707f55898a051026 at height 586 accepted (tip 586)
[2026-10-09T04:42:21.246Z INFO  blacksilk_node] block a96911b3a4974a12 at height 587 accepted (tip 587)
[2026-10-09T04:42:26.481Z INFO  blacksilk_node] block 08ae657bd1866972 at height 588 accepted (tip 588)
[2026-10-09T04:42:29.936Z INFO  blacksilk_node] block 040f4a258ecd49ec at height 589 accepted (tip 589)
[2026-10-09T04:42:37.598Z INFO  blacksilk_node] block fa3dd25b5458a5a4 at height 590 accepted (tip 590)
[2026-10-09T04:42:40.039Z INFO  blacksilk_node] block 34ed9eb16357cb6c at height 591 accepted (tip 591)
[2026-10-09T04:42:45.628Z INFO  blacksilk_node] block 4a36f5e69152c6d2 at height 592 accepted (tip 592)
[2026-10-09T04:42:50.010Z INFO  blacksilk_node] block 7a1194b39c8db640 at height 593 accepted (tip 593)
[2026-10-09T04:42:57.522Z INFO  blacksilk_node] block 800bbbe55d0e8bb2 at height 594 accepted (tip 594)
[2026-10-09T04:43:06.216Z INFO  blacksilk_node] block 779179a6d2c07568 at height 595 accepted (tip 595)
[2026-10-09T04:43:09.590Z INFO  blacksilk_node] block 600b055926577444 at height 596 accepted (tip 596)
[2026-10-09T04:43:13.259Z INFO  blacksilk_node] block bb636ef983c7f09b at height 597 accepted (tip 597)
[2026-10-09T04:43:28.168Z INFO  blacksilk_node] block 0d8095007b46a6f8 at height 598 accepted (tip 598)
[2026-10-09T04:43:29.330Z INFO  blacksilk_node] block e71768176cdfed74 at height 598 accepted (tip 598)
[2026-10-09T04:43:31.949Z INFO  blacksilk_node] block 2e10159f5c18729d at height 599 accepted (tip 599)
[2026-10-09T04:43:45.556Z INFO  blacksilk_node] block 794beec465384d8b at height 600 accepted (tip 600)
[2026-10-09T04:44:03.501Z INFO  blacksilk_node] block 7e36777447cc5724 at height 601 accepted (tip 601)
[2026-10-09T04:44:18.551Z INFO  blacksilk_node] block 1b6d7ba0b2d5163f at height 602 accepted (tip 602)
[2026-10-09T04:44:25.209Z INFO  blacksilk_node] block da4d10b0d7893854 at height 603 accepted (tip 603)
[2026-10-09T04:44:26.546Z INFO  blacksilk_node] block bc07c31263d752c2 at height 604 accepted (tip 604)
[2026-10-09T04:44:34.352Z INFO  blacksilk_node] block aaa3dd3ee8571d77 at height 605 accepted (tip 605)
[2026-10-09T04:44:35.380Z INFO  blacksilk_node] block 72e28de1378c950e at height 605 accepted (tip 605)
[2026-10-09T04:44:43.968Z INFO  blacksilk_node] block 3f7ab509e89216af at height 606 accepted (tip 606)
[2026-10-09T04:44:45.006Z INFO  blacksilk_node] block c5b422ddbd419c5e at height 606 accepted (tip 606)
[2026-10-09T04:44:46.049Z INFO  blacksilk_node] block 8a3c6f6322aec093 at height 607 accepted (tip 607)
[2026-10-09T04:44:51.603Z INFO  blacksilk_node] block faf9ef9156e24d36 at height 608 accepted (tip 608)
[2026-10-09T04:45:06.218Z INFO  blacksilk_node] block 1e431e61088e01d0 at height 609 accepted (tip 609)
[2026-10-09T04:45:08.237Z INFO  blacksilk_node] block 21889510448f3ab2 at height 610 accepted (tip 610)
[2026-10-09T04:45:10.510Z INFO  blacksilk_node] block fc4131719692bbf4 at height 611 accepted (tip 611)
[2026-10-09T04:45:18.643Z INFO  blacksilk_node] block 78a9def141cd47e5 at height 612 accepted (tip 612)
[2026-10-09T04:45:35.303Z INFO  blacksilk_node] block 793886c6814b3fd7 at height 613 accepted (tip 613)
[2026-10-09T04:45:45.855Z INFO  blacksilk_node] block 6042c802f8499ff7 at height 614 accepted (tip 614)
[2026-10-09T04:45:49.664Z INFO  blacksilk_node] block ccc403cc5ea1d0a5 at height 615 accepted (tip 615)
[2026-10-09T04:45:50.699Z INFO  blacksilk_node] block 93b6e712c5c0e3a5 at height 615 accepted (tip 615)
[2026-10-09T04:46:04.142Z INFO  blacksilk_node] block 60a2d8c0f115ea9d at height 616 accepted (tip 616)
[2026-10-09T04:46:07.955Z INFO  blacksilk_node] block 25d39d8543f0f6dc at height 617 accepted (tip 617)
[2026-10-09T04:46:08.936Z INFO  blacksilk_node] block da67131bc507583d at height 617 accepted (tip 617)
[2026-10-09T04:46:11.528Z INFO  blacksilk_node] block 977c12f8dbfe7204 at height 618 accepted (tip 618)
[2026-10-09T04:46:17.727Z INFO  blacksilk_node] block f92c2ff6971823eb at height 619 accepted (tip 619)
[2026-10-09T04:46:24.686Z INFO  blacksilk_node] block 742f760e7c839d9f at height 620 accepted (tip 620)
[2026-10-09T04:46:29.198Z INFO  blacksilk_node] block 95892a497d23b4e1 at height 621 accepted (tip 621)
[2026-10-09T04:46:30.539Z INFO  blacksilk_node] block 2c2d2e95956e451a at height 622 accepted (tip 622)
[2026-10-09T04:46:32.821Z INFO  blacksilk_node] block 616dabf42f1b7e76 at height 623 accepted (tip 623)
[2026-10-09T04:46:41.604Z INFO  blacksilk_node] block 5af1dbe79f0bd6a5 at height 624 accepted (tip 624)
[2026-10-09T04:46:51.055Z INFO  blacksilk_node] block 0e90583e5ae6be29 at height 625 accepted (tip 625)
[2026-10-09T04:46:53.228Z INFO  blacksilk_node] block 14439d3f1ba1078b at height 626 accepted (tip 626)
[2026-10-09T04:46:54.739Z INFO  blacksilk_node] block 47f83b6ae0b83a58 at height 627 accepted (tip 627)
[2026-10-09T04:47:01.256Z INFO  blacksilk_node] block 09902143ad9f86e2 at height 628 accepted (tip 628)
[2026-10-09T04:47:08.829Z INFO  blacksilk_node] block 3c39521c6ea66160 at height 629 accepted (tip 629)
[2026-10-09T04:47:12.659Z INFO  blacksilk_node] block f00b928689886802 at height 630 accepted (tip 630)
[2026-10-09T04:47:19.363Z INFO  blacksilk_node] block 85a97025a07e7e95 at height 631 accepted (tip 631)
[2026-10-09T04:47:28.274Z INFO  blacksilk_node] block 725468676ab62925 at height 632 accepted (tip 632)
[2026-10-09T04:47:33.255Z INFO  blacksilk_node] block 48c23c520859f243 at height 633 accepted (tip 633)
[2026-10-09T04:47:34.290Z INFO  blacksilk_node] block 733f6658d9130a54 at height 633 accepted (tip 633)
[2026-10-09T04:47:35.378Z INFO  blacksilk_node] block f1127d7b6956edcf at height 634 accepted (tip 634)
[2026-10-09T04:47:42.545Z INFO  blacksilk_node] block aa4d68a4b9e299b9 at height 635 accepted (tip 635)
[2026-10-09T04:47:43.570Z INFO  blacksilk_node] block c4e3df9dda0316aa at height 635 accepted (tip 635)
[2026-10-09T04:47:52.554Z INFO  blacksilk_node] block 496bd35561810277 at height 636 accepted (tip 636)
[2026-10-09T04:47:59.371Z INFO  blacksilk_node] block 6d566d743dfb94f0 at height 637 accepted (tip 637)
[2026-10-09T04:48:00.414Z INFO  blacksilk_node] block a51290b71c10192a at height 637 accepted (tip 637)
[2026-10-09T04:48:13.397Z INFO  blacksilk_node] block 21db55c96dc0c0b0 at height 638 accepted (tip 638)
[2026-10-09T04:48:38.516Z INFO  blacksilk_node] block 4c6b0cbebe23fef0 at height 639 accepted (tip 639)
[2026-10-09T04:48:47.786Z INFO  blacksilk_node] block bd26f5c0a432cf9f at height 640 accepted (tip 640)
[2026-10-09T04:48:48.791Z INFO  blacksilk_node] block b6fd4db5c417bf20 at height 640 accepted (tip 640)
[2026-10-09T04:48:49.795Z INFO  blacksilk_node] block 5f8ea1e240c4e45a at height 641 accepted (tip 641)
[2026-10-09T04:48:53.017Z INFO  blacksilk_node] block c97493bbce2cec60 at height 642 accepted (tip 642)
[2026-10-09T04:49:12.979Z INFO  blacksilk_node] block 0fde6c8e2d94fde8 at height 643 accepted (tip 643)
[2026-10-09T04:49:15.878Z INFO  blacksilk_node] block afcd201abd3a6cb9 at height 644 accepted (tip 644)
[2026-10-09T04:49:28.932Z INFO  blacksilk_node] block e6fd5d554524fcc4 at height 645 accepted (tip 645)
[2026-10-09T04:49:35.109Z INFO  blacksilk_node] block fe831c8d061e4a63 at height 646 accepted (tip 646)
[2026-10-09T04:49:37.724Z INFO  blacksilk_node] block efe7e33b8b76081d at height 647 accepted (tip 647)
[2026-10-09T04:49:42.186Z INFO  blacksilk_node] block 8cd91cd17f1cd034 at height 648 accepted (tip 648)
[2026-10-09T04:49:43.858Z INFO  blacksilk_node] block bef319e5bbdfae84 at height 649 accepted (tip 649)
[2026-10-09T04:49:55.857Z INFO  blacksilk_node] block a0344cb9384abfc7 at height 650 accepted (tip 650)
[2026-10-09T04:50:07.612Z INFO  blacksilk_node] block 2fec43d105c69285 at height 651 accepted (tip 651)
[2026-10-09T04:50:21.301Z INFO  blacksilk_node] block 520f2b484ced1fcd at height 652 accepted (tip 652)
[2026-10-09T04:50:25.811Z INFO  blacksilk_node] block b69bff9f882db114 at height 653 accepted (tip 653)
[2026-10-09T04:50:29.569Z INFO  blacksilk_node] block b9703247085205d4 at height 654 accepted (tip 654)
[2026-10-09T04:50:32.961Z INFO  blacksilk_node] block 0cd36723480cf2d5 at height 655 accepted (tip 655)
[2026-10-09T04:50:41.287Z INFO  blacksilk_node] block 21a84f8fea5c5bde at height 656 accepted (tip 656)
[2026-10-09T04:50:48.799Z INFO  blacksilk_node] block 6c141bee4faef989 at height 657 accepted (tip 657)
[2026-10-09T04:50:54.623Z INFO  blacksilk_node] block af8d9cf23b6ae7fe at height 658 accepted (tip 658)
[2026-10-09T04:50:55.747Z INFO  blacksilk_node] block f21d414ee40f6b20 at height 659 accepted (tip 659)
[2026-10-09T04:51:10.023Z INFO  blacksilk_node] block 42a8587a48646d0f at height 660 accepted (tip 660)
[2026-10-09T04:51:31.535Z INFO  blacksilk_node] block 8cb2a2cba5dd6291 at height 661 accepted (tip 661)
[2026-10-09T04:51:32.595Z INFO  blacksilk_node] block f624d40df089bd30 at height 661 accepted (tip 661)
[2026-10-09T04:51:50.127Z INFO  blacksilk_node] block 4acde25e87a1da7c at height 662 accepted (tip 662)
[2026-10-09T04:51:58.248Z INFO  blacksilk_node] block fe2dea528fdbf20c at height 663 accepted (tip 663)
[2026-10-09T04:51:59.238Z INFO  blacksilk_node] block d550fa657fd49933 at height 663 accepted (tip 663)
[2026-10-09T04:52:13.115Z INFO  blacksilk_node] block f66688366077b832 at height 664 accepted (tip 664)
[2026-10-09T04:52:18.954Z INFO  blacksilk_node] block 2954c6ab464a1996 at height 665 accepted (tip 665)
[2026-10-09T04:52:37.034Z INFO  blacksilk_node] block 980f31b2d9f08528 at height 666 accepted (tip 666)
[2026-10-09T04:52:57.608Z INFO  blacksilk_node] block f2f2c9c9d74185cf at height 667 accepted (tip 667)
[2026-10-09T04:53:02.930Z INFO  blacksilk_node] block d2b13efd59855460 at height 668 accepted (tip 668)
[2026-10-09T04:53:24.004Z INFO  blacksilk_node] block 28eeb9bc4521b607 at height 669 accepted (tip 669)
[2026-10-09T04:53:25.144Z INFO  blacksilk_node] block df35736f77e46e77 at height 669 accepted (tip 669)
[2026-10-09T04:53:26.432Z INFO  blacksilk_node] block 9c8dfadc9f69d1c4 at height 670 accepted (tip 670)
[2026-10-09T04:53:28.126Z INFO  blacksilk_node] block b673f6dd14d9737e at height 671 accepted (tip 671)
[2026-10-09T04:53:42.030Z INFO  blacksilk_node] block 8e121a93bc9ee8cb at height 672 accepted (tip 672)
[2026-10-09T04:53:45.125Z INFO  blacksilk_node] block 4c4278e378a763a7 at height 673 accepted (tip 673)
[2026-10-09T04:54:03.997Z INFO  blacksilk_node] block 3f6cf8ce1f5bd8a4 at height 674 accepted (tip 674)
[2026-10-09T04:54:22.902Z INFO  blacksilk_node] block 08d6926c33deea12 at height 675 accepted (tip 675)
[2026-10-09T04:54:24.463Z INFO  blacksilk_node] block f7d4efe6ebf60a18 at height 676 accepted (tip 676)
[2026-10-09T04:54:25.449Z INFO  blacksilk_node] block 920c70ec0097a2a5 at height 676 accepted (tip 676)
[2026-10-09T04:54:27.631Z INFO  blacksilk_node] block 94de51357c19b4fc at height 677 accepted (tip 677)
[2026-10-09T04:54:28.973Z INFO  blacksilk_node] block 9d063045a44d9092 at height 678 accepted (tip 678)
[2026-10-09T04:54:30.025Z INFO  blacksilk_node] block f624a9c4ab77fe23 at height 678 accepted (tip 678)
[2026-10-09T04:54:52.500Z INFO  blacksilk_node] block a07f7311f9b06b0c at height 679 accepted (tip 679)
[2026-10-09T04:54:56.618Z INFO  blacksilk_node] block 38d263454ed4be0a at height 680 accepted (tip 680)
[2026-10-09T04:54:57.602Z INFO  blacksilk_node] block ebe47c3da4e74771 at height 680 accepted (tip 680)
[2026-10-09T04:54:58.655Z INFO  blacksilk_node] block 373bec24295d8884 at height 681 accepted (tip 681)
[2026-10-09T04:55:08.502Z INFO  blacksilk_node] block a95168202d4eea38 at height 682 accepted (tip 682)
[2026-10-09T04:55:20.938Z INFO  blacksilk_node] block 45cda78e3a2ab4a6 at height 683 accepted (tip 683)
[2026-10-09T04:55:28.231Z INFO  blacksilk_node] block 46d8c2dc15c6c4f0 at height 684 accepted (tip 684)
[2026-10-09T04:55:52.296Z INFO  blacksilk_node] block 507cbc3fccf7488e at height 685 accepted (tip 685)
[2026-10-09T04:55:55.462Z INFO  blacksilk_node] block 667b21b6a18481b2 at height 686 accepted (tip 686)
[2026-10-09T04:56:08.197Z INFO  blacksilk_node] block db174026e6e5855f at height 687 accepted (tip 687)
[2026-10-09T04:56:16.339Z INFO  blacksilk_node] block 6e2efef7ff612fb0 at height 688 accepted (tip 688)
[2026-10-09T04:56:19.628Z INFO  blacksilk_node] block 0f2c0abffb317b24 at height 689 accepted (tip 689)
[2026-10-09T04:57:01.446Z INFO  blacksilk_node] block 8d1e66ef14d22326 at height 690 accepted (tip 690)
[2026-10-09T04:57:09.202Z INFO  blacksilk_node] block f2a10273b8bd6037 at height 691 accepted (tip 691)
[2026-10-09T04:57:10.420Z INFO  blacksilk_node] block e95e5193cd9d2c69 at height 692 accepted (tip 692)
[2026-10-09T04:57:13.772Z INFO  blacksilk_node] block c3b1136c4cb7a59e at height 693 accepted (tip 693)
[2026-10-09T04:57:26.863Z INFO  blacksilk_node] block 995da69a7829e02f at height 694 accepted (tip 694)
[2026-10-09T04:57:48.276Z INFO  blacksilk_node] block 848cf3e297802190 at height 695 accepted (tip 695)
[2026-10-09T04:58:08.553Z INFO  blacksilk_node] block d3627ee2de27c00c at height 696 accepted (tip 696)
[2026-10-09T04:58:19.106Z INFO  blacksilk_node] block 54f5c207871826a1 at height 697 accepted (tip 697)
[2026-10-09T04:58:42.886Z INFO  blacksilk_node] block 972116d57708d474 at height 698 accepted (tip 698)
[2026-10-09T04:58:43.893Z INFO  blacksilk_node] block 3c855c9da5c57f0d at height 698 accepted (tip 698)
[2026-10-09T04:58:46.584Z INFO  blacksilk_node] block bae14b37d2f1bd7f at height 699 accepted (tip 699)
[2026-10-09T04:58:50.897Z INFO  blacksilk_node] block 5b27b1f73ecf19dd at height 700 accepted (tip 700)
[2026-10-09T04:58:51.916Z INFO  blacksilk_node] block 86928fe1236f2ceb at height 700 accepted (tip 700)
[2026-10-09T04:58:55.881Z INFO  blacksilk_node] block 79a3edf1a7513de5 at height 701 accepted (tip 701)
[2026-10-09T04:59:10.225Z INFO  blacksilk_node] block 5f743033568a26c3 at height 702 accepted (tip 702)
[2026-10-09T04:59:18.678Z INFO  blacksilk_node] block 2a4e5b2d4bdd5bd3 at height 703 accepted (tip 703)
[2026-10-09T04:59:19.907Z INFO  blacksilk_node] block af614850dc242c59 at height 704 accepted (tip 704)
[2026-10-09T04:59:21.117Z INFO  blacksilk_node] block 5f481350fd285d5f at height 705 accepted (tip 705)
[2026-10-09T04:59:27.971Z INFO  blacksilk_node] block 19cda3c5c9ababdc at height 706 accepted (tip 706)
[2026-10-09T04:59:35.958Z INFO  blacksilk_node] block 56de5936e2ba9d4f at height 707 accepted (tip 707)
[2026-10-09T04:59:48.441Z INFO  blacksilk_node] block 4a2a626ca62f21c5 at height 708 accepted (tip 708)
[2026-10-09T04:59:51.940Z INFO  blacksilk_node] block d02b4dfcd1f29af6 at height 709 accepted (tip 709)
[2026-10-09T05:00:08.204Z INFO  blacksilk_node] block 2c5fb00b1586487b at height 710 accepted (tip 710)
[2026-10-09T05:00:09.296Z INFO  blacksilk_node] block ee5d01efc605ca02 at height 710 accepted (tip 710)
[2026-10-09T05:00:22.927Z INFO  blacksilk_node] block 2531c3016c1fa07e at height 711 accepted (tip 711)
[2026-10-09T05:00:24.530Z INFO  blacksilk_node] block 121d2af5f62309c6 at height 712 accepted (tip 712)
[2026-10-09T05:00:29.879Z INFO  blacksilk_node] block 89c388c06ab6961c at height 713 accepted (tip 713)
[2026-10-09T05:00:30.903Z INFO  blacksilk_node] block afbe25f4a0cded61 at height 713 accepted (tip 713)
[2026-10-09T05:00:42.829Z INFO  blacksilk_node] block 43a12655c12ffabe at height 714 accepted (tip 714)
[2026-10-09T05:00:46.917Z INFO  blacksilk_node] block bd043f457cee332c at height 715 accepted (tip 715)
[2026-10-09T05:01:02.021Z INFO  blacksilk_node] block 10d908f1b7c803b2 at height 716 accepted (tip 716)
[2026-10-09T05:01:11.688Z INFO  blacksilk_node] block 0a6af00f1f2ba55a at height 717 accepted (tip 717)
[2026-10-09T05:01:16.235Z INFO  blacksilk_node] block e507c85f3f1a664e at height 718 accepted (tip 718)
[2026-10-09T05:01:24.783Z INFO  blacksilk_node] block 051b683d9e5e4412 at height 719 accepted (tip 719)
[2026-10-09T05:01:42.057Z INFO  blacksilk_node] block 2b951e7d23a5b1ce at height 720 accepted (tip 720)
[2026-10-09T05:02:13.197Z INFO  blacksilk_node] block e59062abebd80e02 at height 721 accepted (tip 721)
[2026-10-09T05:02:25.494Z INFO  blacksilk_node] block 2f731ffd1d0f7440 at height 722 accepted (tip 722)
[2026-10-09T05:02:36.550Z INFO  blacksilk_node] block 72ad329cf5e6c52b at height 723 accepted (tip 723)
[2026-10-09T05:02:37.840Z INFO  blacksilk_node] block e9a7f43a2ecd3cf5 at height 724 accepted (tip 724)
[2026-10-09T05:02:38.884Z INFO  blacksilk_node] block 8f5dc7aab1d9d86a at height 724 accepted (tip 724)
[2026-10-09T05:02:47.799Z INFO  blacksilk_node] block 53d951cc5c06e55e at height 725 accepted (tip 725)
[2026-10-09T05:02:58.250Z INFO  blacksilk_node] block 1bd20011f6eb33ec at height 726 accepted (tip 726)
[2026-10-09T05:03:11.265Z INFO  blacksilk_node] block 309c1fa30c17c59e at height 727 accepted (tip 727)
[2026-10-09T05:03:19.811Z INFO  blacksilk_node] block 0120be858104a186 at height 728 accepted (tip 728)
[2026-10-09T05:03:27.939Z INFO  blacksilk_node] block 1813879fd9faaa36 at height 729 accepted (tip 729)
[2026-10-09T05:03:42.158Z INFO  blacksilk_node] block 16fd153d50a5acdf at height 730 accepted (tip 730)
[2026-10-09T05:03:45.897Z INFO  blacksilk_node] block 2a647922eae4c41c at height 731 accepted (tip 731)
[2026-10-09T05:03:47.470Z INFO  blacksilk_node] block fe2a26f78ad1ed56 at height 732 accepted (tip 732)
[2026-10-09T05:03:48.453Z INFO  blacksilk_node] block f608c87c79b9a88b at height 732 accepted (tip 732)
[2026-10-09T05:03:49.494Z INFO  blacksilk_node] block b057af2cb532380f at height 733 accepted (tip 733)
[2026-10-09T05:03:50.524Z INFO  blacksilk_node] block e1afe821c6c7975e at height 733 accepted (tip 733)
[2026-10-09T05:03:57.519Z INFO  blacksilk_node] block 48070b1e92c44123 at height 734 accepted (tip 734)
[2026-10-09T05:03:58.510Z INFO  blacksilk_node] block 0e35e8236f51ef76 at height 734 accepted (tip 734)
[2026-10-09T05:04:03.050Z INFO  blacksilk_node] block b5615a7d892d91cd at height 735 accepted (tip 735)
[2026-10-09T05:04:14.264Z INFO  blacksilk_node] block ea97d9ebbda0de0b at height 736 accepted (tip 736)
[2026-10-09T05:04:20.889Z INFO  blacksilk_node] block f2ee652aa8680d45 at height 737 accepted (tip 737)
[2026-10-09T05:04:29.724Z INFO  blacksilk_node] block 7c7138f693af0f84 at height 738 accepted (tip 738)
[2026-10-09T05:04:44.728Z INFO  blacksilk_node] block b4caf255e0080244 at height 739 accepted (tip 739)
[2026-10-09T05:04:49.759Z INFO  blacksilk_node] block ccd52de4ede767e3 at height 740 accepted (tip 740)
[2026-10-09T05:04:51.145Z INFO  blacksilk_node] block 1e598094f384cd00 at height 741 accepted (tip 741)
[2026-10-09T05:04:59.523Z INFO  blacksilk_node] block 06191711503d8cd0 at height 742 accepted (tip 742)
[2026-10-09T05:05:29.706Z INFO  blacksilk_node] block 1aeb79dbecd44b6d at height 743 accepted (tip 743)
[2026-10-09T05:05:32.420Z INFO  blacksilk_node] block e819fd58e0c7183b at height 744 accepted (tip 744)
[2026-10-09T05:05:35.977Z INFO  blacksilk_node] block 6da6cab20e95f5af at height 745 accepted (tip 745)
[2026-10-09T05:05:39.287Z INFO  blacksilk_node] block 8293a5f92b71765b at height 746 accepted (tip 746)
[2026-10-09T05:05:53.474Z INFO  blacksilk_node] block 5e9a21f435c9e6f1 at height 747 accepted (tip 747)
[2026-10-09T05:05:54.501Z INFO  blacksilk_node] block 29e8ba6d490f30a8 at height 747 accepted (tip 747)
[2026-10-09T05:05:56.544Z INFO  blacksilk_node] block 5b208585c52e94d7 at height 748 accepted (tip 748)
[2026-10-09T05:06:08.045Z INFO  blacksilk_node] block 959a1d48db7e1dcf at height 749 accepted (tip 749)
[2026-10-09T05:06:15.974Z INFO  blacksilk_node] block dfc6b0793c996feb at height 750 accepted (tip 750)
[2026-10-09T05:06:19.548Z INFO  blacksilk_node] block 23e620bbe51eecd6 at height 751 accepted (tip 751)
[2026-10-09T05:06:20.882Z INFO  blacksilk_node] block ccabfee2ff432f6e at height 752 accepted (tip 752)
[2026-10-09T05:06:23.317Z INFO  blacksilk_node] block 84a8d6d53598622a at height 753 accepted (tip 753)
[2026-10-09T05:06:38.369Z INFO  blacksilk_node] block c3e9da5e6f2fe3e2 at height 754 accepted (tip 754)
[2026-10-09T05:06:53.549Z INFO  blacksilk_node] block bf4ec0a36452ada7 at height 755 accepted (tip 755)
[2026-10-09T05:07:06.992Z INFO  blacksilk_node] block c5c23df0fd8a6f93 at height 756 accepted (tip 756)
[2026-10-09T05:07:16.426Z INFO  blacksilk_node] block 70e105ee22100348 at height 757 accepted (tip 757)
[2026-10-09T05:07:24.343Z INFO  blacksilk_node] block c7efb6fe425b4fce at height 758 accepted (tip 758)
[2026-10-09T05:07:36.965Z INFO  blacksilk_node] block c7c4b645147def1c at height 759 accepted (tip 759)
[2026-10-09T05:07:44.772Z INFO  blacksilk_node] block 8a0f0772fc2e1a7c at height 760 accepted (tip 760)
[2026-10-09T05:07:46.291Z INFO  blacksilk_node] block 9c881d5df82c3613 at height 761 accepted (tip 761)
[2026-10-09T05:07:47.534Z INFO  blacksilk_node] block 39e0ce39e061f647 at height 762 accepted (tip 762)
[2026-10-09T05:07:59.864Z INFO  blacksilk_node] block 1e03ece7b56bab51 at height 763 accepted (tip 763)
[2026-10-09T05:08:08.493Z INFO  blacksilk_node] block 4f1d5782ee55abea at height 764 accepted (tip 764)
[2026-10-09T05:08:15.887Z INFO  blacksilk_node] block 08e646563b07f534 at height 765 accepted (tip 765)
[2026-10-09T05:08:34.410Z INFO  blacksilk_node] block 502349fe9561b681 at height 766 accepted (tip 766)
[2026-10-09T05:08:56.626Z INFO  blacksilk_node] block bff1034016ca7574 at height 767 accepted (tip 767)
[2026-10-09T05:09:00.320Z INFO  blacksilk_node] block af1e03ec4fba0f59 at height 768 accepted (tip 768)
[2026-10-09T05:09:02.796Z INFO  blacksilk_node] block 75ff973e783ffa51 at height 769 accepted (tip 769)
[2026-10-09T05:09:03.938Z INFO  blacksilk_node] block d4b5337b4b9b8673 at height 769 accepted (tip 769)
[2026-10-09T05:09:25.460Z INFO  blacksilk_node] block 7d701c68fe1b7d67 at height 770 accepted (tip 770)
[2026-10-09T05:09:26.886Z INFO  blacksilk_node] block 493ade8c0c5e841e at height 771 accepted (tip 771)
[2026-10-09T05:09:27.906Z INFO  blacksilk_node] block bbf6e4269ea5cace at height 771 accepted (tip 771)
[2026-10-09T05:09:36.918Z INFO  blacksilk_node] block 2dc15f71cd005b6a at height 772 accepted (tip 772)
[2026-10-09T05:09:42.856Z INFO  blacksilk_node] block cb2e928cae7da82b at height 773 accepted (tip 773)
[2026-10-09T05:10:25.026Z INFO  blacksilk_node] block 96f509b0162e9d1f at height 774 accepted (tip 774)
[2026-10-09T05:10:32.485Z INFO  blacksilk_node] block 8ff193172779cb43 at height 775 accepted (tip 775)
[2026-10-09T05:11:31.083Z INFO  blacksilk_node] block 00df32899d9e81b8 at height 776 accepted (tip 776)
[2026-10-09T05:11:34.042Z INFO  blacksilk_node] block a1108bee3c32f3e7 at height 777 accepted (tip 777)
[2026-10-09T05:11:35.412Z INFO  blacksilk_node] block c2e73ba52aa95890 at height 778 accepted (tip 778)
[2026-10-09T05:11:39.264Z INFO  blacksilk_node] block 3a609dd53d53a6ec at height 779 accepted (tip 779)
[2026-10-09T05:11:40.313Z INFO  blacksilk_node] block 4eb229c1f4783539 at height 779 accepted (tip 779)
[2026-10-09T05:11:46.601Z INFO  blacksilk_node] block 937c4c5eb2638912 at height 780 accepted (tip 780)
[2026-10-09T05:12:02.584Z INFO  blacksilk_node] block 56091127085ac177 at height 781 accepted (tip 781)
[2026-10-09T05:12:11.660Z INFO  blacksilk_node] block 3219ad6003ec1216 at height 782 accepted (tip 782)
[2026-10-09T05:12:14.607Z INFO  blacksilk_node] block 9040f7252d6da747 at height 783 accepted (tip 783)
[2026-10-09T05:12:31.602Z INFO  blacksilk_node] block af4014fc498b749d at height 784 accepted (tip 784)
[2026-10-09T05:12:36.185Z INFO  blacksilk_node] block 4bfa02bf55238d1c at height 785 accepted (tip 785)
[2026-10-09T05:12:50.454Z INFO  blacksilk_node] block 5c2771cca40d1dc6 at height 786 accepted (tip 786)
[2026-10-09T05:12:55.512Z INFO  blacksilk_node] block 8b480831f99ad795 at height 787 accepted (tip 787)
[2026-10-09T05:13:14.521Z INFO  blacksilk_node] block d7d28032ceb0a532 at height 788 accepted (tip 788)
[2026-10-09T05:13:18.096Z INFO  blacksilk_node] block 744046b199c7111f at height 789 accepted (tip 789)
[2026-10-09T05:13:23.980Z INFO  blacksilk_node] block 6ec0bba04161adb9 at height 790 accepted (tip 790)
[2026-10-09T05:13:25.570Z INFO  blacksilk_node] block 18ff9daabca7c08d at height 791 accepted (tip 791)
[2026-10-09T05:13:27.716Z INFO  blacksilk_node] block da84cf6f27a5153f at height 792 accepted (tip 792)
[2026-10-09T05:13:33.173Z INFO  blacksilk_node] block 5e678756d293b324 at height 793 accepted (tip 793)
[2026-10-09T05:13:36.304Z INFO  blacksilk_node] block 4397c2d275fb390e at height 794 accepted (tip 794)
[2026-10-09T05:13:37.330Z INFO  blacksilk_node] block eb511b807a72a576 at height 794 accepted (tip 794)
[2026-10-09T05:13:39.273Z INFO  blacksilk_node] block 86d3341bc9d4a8c8 at height 795 accepted (tip 795)
[2026-10-09T05:13:41.214Z INFO  blacksilk_node] block 58f790bcb44973d5 at height 796 accepted (tip 796)
[2026-10-09T05:14:02.304Z INFO  blacksilk_node] block c536f9444fd23ba3 at height 797 accepted (tip 797)
[2026-10-09T05:14:06.462Z INFO  blacksilk_node] block b5101289c80465e8 at height 798 accepted (tip 798)
[2026-10-09T05:14:25.920Z INFO  blacksilk_node] block 6b0d0080d1b6be0d at height 799 accepted (tip 799)
[2026-10-09T05:14:51.518Z INFO  blacksilk_node] block f8f89c687005c520 at height 800 accepted (tip 800)
[2026-10-09T05:14:55.536Z INFO  blacksilk_node] block 59545eed4304346f at height 801 accepted (tip 801)
[2026-10-09T05:15:15.640Z INFO  blacksilk_node] block 4b033e8e3c0fcaf7 at height 802 accepted (tip 802)
[2026-10-09T05:15:17.237Z INFO  blacksilk_node] block f3e6e179b7a3ec1d at height 803 accepted (tip 803)
[2026-10-09T05:15:19.441Z INFO  blacksilk_node] block cd236bd2992d05d6 at height 804 accepted (tip 804)
[2026-10-09T05:15:24.775Z INFO  blacksilk_node] block aa02b232d6ae0fff at height 805 accepted (tip 805)
[2026-10-09T05:15:25.803Z INFO  blacksilk_node] block 2bc67e5090a8bbbd at height 805 accepted (tip 805)
[2026-10-09T05:15:42.676Z INFO  blacksilk_node] block 844e58341d9d597f at height 806 accepted (tip 806)
[2026-10-09T05:15:46.464Z INFO  blacksilk_node] block 2da2d471ef3b1695 at height 807 accepted (tip 807)
[2026-10-09T05:15:50.370Z INFO  blacksilk_node] block c1f5053dd7ed802a at height 808 accepted (tip 808)
[2026-10-09T05:16:01.543Z INFO  blacksilk_node] block 62aedf469aae5c09 at height 809 accepted (tip 809)
[2026-10-09T05:16:06.621Z INFO  blacksilk_node] block 180dab1350d69e36 at height 810 accepted (tip 810)
[2026-10-09T05:16:22.511Z INFO  blacksilk_node] block 2f839b6d032a666a at height 811 accepted (tip 811)
[2026-10-09T05:16:24.837Z INFO  blacksilk_node] block 1fba80af4969ff1f at height 812 accepted (tip 812)
[2026-10-09T05:16:30.712Z INFO  blacksilk_node] block 7f82592724d86f85 at height 813 accepted (tip 813)
[2026-10-09T05:16:40.550Z INFO  blacksilk_node] block 6b3f6fc987e48d1b at height 814 accepted (tip 814)
[2026-10-09T05:16:41.587Z INFO  blacksilk_node] block 6bdf6d89eb18b5f2 at height 814 accepted (tip 814)
[2026-10-09T05:16:44.812Z INFO  blacksilk_node] block 37c47672b80f283d at height 815 accepted (tip 815)
[2026-10-09T05:16:55.404Z INFO  blacksilk_node] block 05ada8ccacf43479 at height 816 accepted (tip 816)
[2026-10-09T05:17:02.166Z INFO  blacksilk_node] block 0836e03d92d54bac at height 817 accepted (tip 817)
[2026-10-09T05:17:15.548Z INFO  blacksilk_node] block c8b6cd0b5f4b3f8e at height 818 accepted (tip 818)
[2026-10-09T05:17:19.171Z INFO  blacksilk_node] block e79780690de03d2f at height 819 accepted (tip 819)
[2026-10-09T05:17:36.947Z INFO  blacksilk_node] block 47a2d8251093478a at height 820 accepted (tip 820)
[2026-10-09T05:17:44.227Z INFO  blacksilk_node] block 2943fe964f0a4770 at height 821 accepted (tip 821)
[2026-10-09T05:17:48.631Z INFO  blacksilk_node] block 68ab2f94e3cd8193 at height 822 accepted (tip 822)
[2026-10-09T05:18:11.834Z INFO  blacksilk_node] block 8aa577d89003f527 at height 823 accepted (tip 823)
[2026-10-09T05:18:41.357Z INFO  blacksilk_node] block bd79d3ec768dd842 at height 824 accepted (tip 824)
[2026-10-09T05:18:46.847Z INFO  blacksilk_node] block df620eefbc0fbcd0 at height 825 accepted (tip 825)
[2026-10-09T05:18:56.674Z INFO  blacksilk_node] block 6bd894bef2ea035a at height 826 accepted (tip 826)
[2026-10-09T05:19:03.692Z INFO  blacksilk_node] block 8f7a635a3f9e5e69 at height 827 accepted (tip 827)
[2026-10-09T05:19:08.465Z INFO  blacksilk_node] block 39fc01c1d3979242 at height 828 accepted (tip 828)
[2026-10-09T05:19:40.246Z INFO  blacksilk_node] block fe59243820d257c7 at height 829 accepted (tip 829)
[2026-10-09T05:19:41.620Z INFO  blacksilk_node] block 43e457845cebb7d3 at height 830 accepted (tip 830)
[2026-10-09T05:19:42.956Z INFO  blacksilk_node] block 1de2e0b4b2396131 at height 831 accepted (tip 831)
[2026-10-09T05:20:03.369Z INFO  blacksilk_node] block b9e3c2f80c9a272b at height 832 accepted (tip 832)
[2026-10-09T05:20:11.833Z INFO  blacksilk_node] block 212bd6af3d773da5 at height 833 accepted (tip 833)
[2026-10-09T05:20:45.948Z INFO  blacksilk_node] block 8c45b33ef0bf3c06 at height 834 accepted (tip 834)
[2026-10-09T05:21:01.789Z INFO  blacksilk_node] block 531c41503fd53c30 at height 835 accepted (tip 835)
[2026-10-09T05:21:07.286Z INFO  blacksilk_node] block 020b3385ad1896a6 at height 836 accepted (tip 836)
[2026-10-09T05:21:14.465Z INFO  blacksilk_node] block 4bff9a7385f3cb17 at height 837 accepted (tip 837)
[2026-10-09T05:21:20.859Z INFO  blacksilk_node] block 4ed19113b82724e8 at height 838 accepted (tip 838)
[2026-10-09T05:21:32.182Z INFO  blacksilk_node] block 0bf01730e99081e8 at height 839 accepted (tip 839)
[2026-10-09T05:21:34.233Z INFO  blacksilk_node] block 0a1fb6749e9703fb at height 840 accepted (tip 840)
[2026-10-09T05:21:35.721Z INFO  blacksilk_node] block d1afb65c1079b3fd at height 841 accepted (tip 841)
[2026-10-09T05:21:53.607Z INFO  blacksilk_node] block 2c284ce5c32ea1bf at height 842 accepted (tip 842)
[2026-10-09T05:22:09.676Z INFO  blacksilk_node] block dbee50005ac54670 at height 843 accepted (tip 843)
[2026-10-09T05:22:16.984Z INFO  blacksilk_node] block ef00cd1d98ef179a at height 844 accepted (tip 844)
[2026-10-09T05:22:20.505Z INFO  blacksilk_node] block b62216eacccc52b7 at height 845 accepted (tip 845)
[2026-10-09T05:22:25.023Z INFO  blacksilk_node] block 54551ea2b4171204 at height 846 accepted (tip 846)
[2026-10-09T05:22:26.035Z INFO  blacksilk_node] block e975dfa7ccdc8b89 at height 846 accepted (tip 846)
[2026-10-09T05:22:27.207Z INFO  blacksilk_node] block e28b77b3822fa822 at height 847 accepted (tip 847)
[2026-10-09T05:22:28.839Z INFO  blacksilk_node] block 2347a4a190ed7c7c at height 848 accepted (tip 848)
[2026-10-09T05:22:40.185Z INFO  blacksilk_node] block dd9504989cde1e26 at height 849 accepted (tip 849)
[2026-10-09T05:22:44.391Z INFO  blacksilk_node] block fbfd8e08b7b5ae88 at height 850 accepted (tip 850)
[2026-10-09T05:22:56.635Z INFO  blacksilk_node] block 80a44d38af3d3678 at height 851 accepted (tip 851)
[2026-10-09T05:23:01.495Z INFO  blacksilk_node] block b04711fbb290c9a7 at height 852 accepted (tip 852)
[2026-10-09T05:23:02.499Z INFO  blacksilk_node] block e7c92a430ade77a4 at height 852 accepted (tip 852)
[2026-10-09T05:23:04.523Z INFO  blacksilk_node] block e443bf3951ca811b at height 853 accepted (tip 853)
[2026-10-09T05:23:16.189Z INFO  blacksilk_node] block 1529cef37ad9d2dc at height 854 accepted (tip 854)
[2026-10-09T05:23:20.190Z INFO  blacksilk_node] block 13211e14ad3df33a at height 855 accepted (tip 855)
[2026-10-09T05:23:23.616Z INFO  blacksilk_node] block ad099c5b68592d88 at height 856 accepted (tip 856)
[2026-10-09T05:23:24.750Z INFO  blacksilk_node] block bbd6479ec5ae0340 at height 856 accepted (tip 856)
[2026-10-09T05:23:31.089Z INFO  blacksilk_node] block 2a00351f5e0dec77 at height 857 accepted (tip 857)
[2026-10-09T05:23:36.448Z INFO  blacksilk_node] block 83ba45d058a4d6ef at height 858 accepted (tip 858)
[2026-10-09T05:23:45.402Z INFO  blacksilk_node] block 8397e2680028b0a4 at height 859 accepted (tip 859)
[2026-10-09T05:23:46.431Z INFO  blacksilk_node] block 13854097e3a1c655 at height 859 accepted (tip 859)
[2026-10-09T05:24:26.510Z INFO  blacksilk_node] block c4667413d3a3981d at height 860 accepted (tip 860)
[2026-10-09T05:24:32.579Z INFO  blacksilk_node] block 42e9f3b3c6a3b087 at height 861 accepted (tip 861)
[2026-10-09T05:25:08.268Z INFO  blacksilk_node] block 424420d405342129 at height 862 accepted (tip 862)
[2026-10-09T05:25:09.265Z INFO  blacksilk_node] block 0b6671d9cb863d40 at height 862 accepted (tip 862)
[2026-10-09T05:25:13.532Z INFO  blacksilk_node] block 5fba8c3d495e372e at height 863 accepted (tip 863)
[2026-10-09T05:25:19.123Z INFO  blacksilk_node] block 28299058120e3ca3 at height 864 accepted (tip 864)
[2026-10-09T05:25:34.911Z INFO  blacksilk_node] block aaddc74d53ce8675 at height 865 accepted (tip 865)
[2026-10-09T05:25:53.109Z INFO  blacksilk_node] block 7d93651df610918a at height 866 accepted (tip 866)
[2026-10-09T05:26:57.362Z INFO  blacksilk_node] block f70bdeb9211df31d at height 867 accepted (tip 867)
[2026-10-09T05:27:00.514Z INFO  blacksilk_node] block f012b8f05128c88e at height 868 accepted (tip 868)
[2026-10-09T05:27:01.571Z INFO  blacksilk_node] block 9c9aeda9921ce78a at height 868 accepted (tip 868)
[2026-10-09T05:27:05.937Z INFO  blacksilk_node] block 2b8f281bf937687f at height 869 accepted (tip 869)
[2026-10-09T05:27:33.551Z INFO  blacksilk_node] block 6ace9773b33f05de at height 870 accepted (tip 870)
[2026-10-09T05:27:36.553Z INFO  blacksilk_node] block 73d5c813881efe54 at height 871 accepted (tip 871)
[2026-10-09T05:27:42.935Z INFO  blacksilk_node] block 8e707829eaff5009 at height 872 accepted (tip 872)
[2026-10-09T05:27:50.713Z INFO  blacksilk_node] block 36d85cbc6d82e254 at height 873 accepted (tip 873)
[2026-10-09T05:28:01.052Z INFO  blacksilk_node] block 7a7eb5d63d9f8c01 at height 874 accepted (tip 874)
[2026-10-09T05:28:16.151Z INFO  blacksilk_node] block bf0cb8eff057a3a7 at height 875 accepted (tip 875)
[2026-10-09T05:28:17.125Z INFO  blacksilk_node] block 62d876537e81fbbf at height 875 accepted (tip 875)
[2026-10-09T05:28:25.057Z INFO  blacksilk_node] block 7afdec602dbeae83 at height 876 accepted (tip 876)
[2026-10-09T05:28:35.547Z INFO  blacksilk_node] block 88d9178c7b73b52e at height 877 accepted (tip 877)
[2026-10-09T05:28:43.106Z INFO  blacksilk_node] block f95d6e31d03f5306 at height 878 accepted (tip 878)
[2026-10-09T05:28:44.116Z INFO  blacksilk_node] block 46421f44c588f0fe at height 878 accepted (tip 878)
[2026-10-09T05:28:53.693Z INFO  blacksilk_node] block 2144a74c9dc8ee94 at height 879 accepted (tip 879)
[2026-10-09T05:28:56.863Z INFO  blacksilk_node] block 4dd4afff48826a3b at height 880 accepted (tip 880)
[2026-10-09T05:28:57.917Z INFO  blacksilk_node] block a35f2ad8ab510f1d at height 880 accepted (tip 880)
[2026-10-09T05:29:12.059Z INFO  blacksilk_node] block 7cc7e409832ea60d at height 881 accepted (tip 881)
[2026-10-09T05:29:18.583Z INFO  blacksilk_node] block e0e13524c399dceb at height 882 accepted (tip 882)
[2026-10-09T05:29:33.700Z INFO  blacksilk_node] block 6d7c61bee2c79582 at height 883 accepted (tip 883)
[2026-10-09T05:29:35.951Z INFO  blacksilk_node] block 93c18c99be52afcb at height 884 accepted (tip 884)
[2026-10-09T05:29:39.934Z INFO  blacksilk_node] block 756bcd3b1d15dd37 at height 885 accepted (tip 885)
[2026-10-09T05:29:41.876Z INFO  blacksilk_node] block 70bfca1970e4bcb0 at height 886 accepted (tip 886)
[2026-10-09T05:29:45.259Z INFO  blacksilk_node] block a91e27312393a48e at height 887 accepted (tip 887)
[2026-10-09T05:29:49.960Z INFO  blacksilk_node] block dcf6bdd9583eadff at height 888 accepted (tip 888)
[2026-10-09T05:29:52.783Z INFO  blacksilk_node] block ee22be09cf5527a2 at height 889 accepted (tip 889)
[2026-10-09T05:29:57.914Z INFO  blacksilk_node] block e53a36d69cb47275 at height 890 accepted (tip 890)
[2026-10-09T05:30:14.792Z INFO  blacksilk_node] block 236e942d8ad4fb33 at height 891 accepted (tip 891)
[2026-10-09T05:30:18.731Z INFO  blacksilk_node] block c57775b3cea31103 at height 892 accepted (tip 892)
[2026-10-09T05:30:26.692Z INFO  blacksilk_node] block a57cb91664280104 at height 893 accepted (tip 893)
[2026-10-09T05:30:27.815Z INFO  blacksilk_node] block 5de7fdc11d2c5e5f at height 894 accepted (tip 894)
[2026-10-09T05:30:33.405Z INFO  blacksilk_node] block c36c4c55bb5188cf at height 895 accepted (tip 895)
[2026-10-09T05:30:37.322Z INFO  blacksilk_node] block 148ca37d5c4f7753 at height 896 accepted (tip 896)
[2026-10-09T05:30:54.445Z INFO  blacksilk_node] block 70ea27e470e144df at height 897 accepted (tip 897)
[2026-10-09T05:31:12.568Z INFO  blacksilk_node] block 6db47f653d5d6aa9 at height 898 accepted (tip 898)
[2026-10-09T05:31:26.524Z INFO  blacksilk_node] block 5a4e4852d25a55bb at height 899 accepted (tip 899)
[2026-10-09T05:31:30.778Z INFO  blacksilk_node] block 1bf06ee98ac43a24 at height 900 accepted (tip 900)
[2026-10-09T05:31:32.931Z INFO  blacksilk_node] block 36312a7865e54dab at height 901 accepted (tip 901)
[2026-10-09T05:31:38.506Z INFO  blacksilk_node] block 010cab48ea17f041 at height 902 accepted (tip 902)
[2026-10-09T05:31:40.352Z INFO  blacksilk_node] block 9c0c6da0db562919 at height 903 accepted (tip 903)
[2026-10-09T05:31:57.355Z INFO  blacksilk_node] block 1807cb4a8c9d0a9a at height 904 accepted (tip 904)
[2026-10-09T05:32:06.282Z INFO  blacksilk_node] block 0cd37f72c8105873 at height 905 accepted (tip 905)
[2026-10-09T05:32:44.612Z INFO  blacksilk_node] block 274ac3f1ae68950b at height 906 accepted (tip 906)
[2026-10-09T05:32:49.614Z INFO  blacksilk_node] block 5cad7fe49121d57f at height 907 accepted (tip 907)
[2026-10-09T05:32:52.826Z INFO  blacksilk_node] block 046a0327fcace36c at height 908 accepted (tip 908)
[2026-10-09T05:32:56.168Z INFO  blacksilk_node] block 3c77c253d6638d1d at height 909 accepted (tip 909)
[2026-10-09T05:33:05.566Z INFO  blacksilk_node] block 50a0f746e90d5b8e at height 910 accepted (tip 910)
[2026-10-09T05:33:11.152Z INFO  blacksilk_node] block ef8e90846810a1aa at height 911 accepted (tip 911)
[2026-10-09T05:33:28.231Z INFO  blacksilk_node] block 27b0dc1e74c71ec5 at height 912 accepted (tip 912)
[2026-10-09T05:33:33.219Z INFO  blacksilk_node] block df230d94d4b794cd at height 913 accepted (tip 913)
[2026-10-09T05:33:42.564Z INFO  blacksilk_node] block aebab300acd550a4 at height 914 accepted (tip 914)
[2026-10-09T05:33:50.876Z INFO  blacksilk_node] block bd68d08a5a560978 at height 915 accepted (tip 915)
[2026-10-09T05:33:55.165Z INFO  blacksilk_node] block 3bcaa8344e911648 at height 916 accepted (tip 916)
[2026-10-09T05:34:07.474Z INFO  blacksilk_node] block f91eaa0ac15c3468 at height 917 accepted (tip 917)
[2026-10-09T05:34:09.327Z INFO  blacksilk_node] block 1884934fb8032f1a at height 918 accepted (tip 918)
[2026-10-09T05:34:16.681Z INFO  blacksilk_node] block 2721c4cdb49bfab9 at height 919 accepted (tip 919)
[2026-10-09T05:34:21.643Z INFO  blacksilk_node] block b554b5f6763a1608 at height 920 accepted (tip 920)
[2026-10-09T05:34:22.692Z INFO  blacksilk_node] block 861f3aa4d83ed120 at height 920 accepted (tip 920)
[2026-10-09T05:34:24.269Z INFO  blacksilk_node] block b7158727efccdeea at height 921 accepted (tip 921)
[2026-10-09T05:34:41.846Z INFO  blacksilk_node] block e2fff19a2da07b44 at height 922 accepted (tip 922)
[2026-10-09T05:34:43.790Z INFO  blacksilk_node] block c7348ba0b6fbbff4 at height 923 accepted (tip 923)
[2026-10-09T05:34:46.261Z INFO  blacksilk_node] block 1d95ba6eaa080113 at height 924 accepted (tip 924)
[2026-10-09T05:34:54.958Z INFO  blacksilk_node] block 965b8322ad6854a5 at height 925 accepted (tip 925)
[2026-10-09T05:35:04.510Z INFO  blacksilk_node] block f4c456db71297392 at height 926 accepted (tip 926)
[2026-10-09T05:35:21.899Z INFO  blacksilk_node] block 5799beacf21a9270 at height 927 accepted (tip 927)
[2026-10-09T05:35:50.146Z INFO  blacksilk_node] block 29428edaa8548ae5 at height 928 accepted (tip 928)
[2026-10-09T05:35:56.399Z INFO  blacksilk_node] block 84bb091e8b781284 at height 929 accepted (tip 929)
[2026-10-09T05:35:58.441Z INFO  blacksilk_node] block 303febeacf5560d0 at height 930 accepted (tip 930)
[2026-10-09T05:36:01.710Z INFO  blacksilk_node] block 443bbd0f4ceddce1 at height 931 accepted (tip 931)
[2026-10-09T05:36:04.703Z INFO  blacksilk_node] block 7c779d5a920a545d at height 932 accepted (tip 932)
[2026-10-09T05:36:06.063Z INFO  blacksilk_node] block 37581d14cffde6ee at height 933 accepted (tip 933)
[2026-10-09T05:36:27.098Z INFO  blacksilk_node] block 702bb1643c30128a at height 934 accepted (tip 934)
[2026-10-09T05:36:35.527Z INFO  blacksilk_node] block 801a529052e247fe at height 935 accepted (tip 935)
[2026-10-09T05:36:55.477Z INFO  blacksilk_node] block b34937bfb78289e0 at height 936 accepted (tip 936)
[2026-10-09T05:36:56.476Z INFO  blacksilk_node] block 8dac2ab05d445d06 at height 936 accepted (tip 936)
[2026-10-09T05:37:23.164Z INFO  blacksilk_node] block f3e623fd81862f00 at height 937 accepted (tip 937)
[2026-10-09T05:37:40.790Z INFO  blacksilk_node] block b126d2683a582a7c at height 938 accepted (tip 938)
[2026-10-09T05:37:43.004Z INFO  blacksilk_node] block 2fc2d36688d25ae9 at height 939 accepted (tip 939)
[2026-10-09T05:37:55.261Z INFO  blacksilk_node] block b37acd4e96c2da04 at height 940 accepted (tip 940)
[2026-10-09T05:38:25.620Z INFO  blacksilk_node] block d7946ae10372c3b7 at height 941 accepted (tip 941)
[2026-10-09T05:38:26.601Z INFO  blacksilk_node] block b5a872c0869bc07f at height 941 accepted (tip 941)
[2026-10-09T05:38:47.664Z INFO  blacksilk_node] block ede3776dcd1d9dde at height 942 accepted (tip 942)
[2026-10-09T05:38:56.674Z INFO  blacksilk_node] block e099a52e07cfedbf at height 943 accepted (tip 943)
[2026-10-09T05:39:01.434Z INFO  blacksilk_node] block 0aaa385bb05a7900 at height 944 accepted (tip 944)
[2026-10-09T05:39:06.300Z INFO  blacksilk_node] block 641dd90e90dfac28 at height 945 accepted (tip 945)
[2026-10-09T05:39:08.949Z INFO  blacksilk_node] block cea78e0ab4a48b0a at height 946 accepted (tip 946)
[2026-10-09T05:39:11.008Z INFO  blacksilk_node] block dd72671d26c9a5a1 at height 947 accepted (tip 947)
[2026-10-09T05:39:15.973Z INFO  blacksilk_node] block 2c1dcc65a5d140aa at height 948 accepted (tip 948)
[2026-10-09T05:39:26.118Z INFO  blacksilk_node] block e116d3f696d5ef6d at height 949 accepted (tip 949)
[2026-10-09T05:39:28.644Z INFO  blacksilk_node] block d6a6afa01db36d71 at height 950 accepted (tip 950)
[2026-10-09T05:39:40.078Z INFO  blacksilk_node] block 17982fcdbd0f6dae at height 951 accepted (tip 951)
[2026-10-09T05:39:51.586Z INFO  blacksilk_node] block 98b216f195b793f6 at height 952 accepted (tip 952)
[2026-10-09T05:39:59.207Z INFO  blacksilk_node] block f439d0077e6e1fd6 at height 953 accepted (tip 953)
[2026-10-09T05:40:03.273Z INFO  blacksilk_node] block 2502468a48419064 at height 954 accepted (tip 954)
[2026-10-09T05:40:11.008Z INFO  blacksilk_node] block f5b1f14a76d73839 at height 955 accepted (tip 955)
[2026-10-09T05:40:18.705Z INFO  blacksilk_node] block 3cca627a13c8338b at height 956 accepted (tip 956)
[2026-10-09T05:40:21.764Z INFO  blacksilk_node] block 7b2b283a2cf9a24d at height 957 accepted (tip 957)
[2026-10-09T05:40:24.855Z INFO  blacksilk_node] block 6b5f02d3495d7c68 at height 958 accepted (tip 958)
[2026-10-09T05:40:30.015Z INFO  blacksilk_node] block fa7af3d538c47cae at height 959 accepted (tip 959)
[2026-10-09T05:40:33.690Z INFO  blacksilk_node] block 0f508eaeab0426fc at height 960 accepted (tip 960)
[2026-10-09T05:40:37.568Z INFO  blacksilk_node] block 2ead5e2f03726be2 at height 961 accepted (tip 961)
[2026-10-09T05:40:57.336Z INFO  blacksilk_node] block 5d28d1363caa0dba at height 962 accepted (tip 962)
[2026-10-09T05:41:12.864Z INFO  blacksilk_node] block 7ba860fea9825241 at height 963 accepted (tip 963)
[2026-10-09T05:41:13.902Z INFO  blacksilk_node] block 4363c6e044295cd9 at height 963 accepted (tip 963)
[2026-10-09T05:41:14.953Z INFO  blacksilk_node] block 8470f172c78e0d62 at height 964 accepted (tip 964)
[2026-10-09T05:41:15.967Z INFO  blacksilk_node] block cbad4fcafaacba3b at height 964 accepted (tip 964)
[2026-10-09T05:41:19.192Z INFO  blacksilk_node] block 7294a933efcfac01 at height 965 accepted (tip 965)
[2026-10-09T05:41:37.491Z INFO  blacksilk_node] block 5690525ed8dc99de at height 966 accepted (tip 966)
[2026-10-09T05:41:54.076Z INFO  blacksilk_node] block 05d75c3d28ac4c0a at height 967 accepted (tip 967)
[2026-10-09T05:42:03.447Z INFO  blacksilk_node] block 488f0943af65a4f5 at height 968 accepted (tip 968)
[2026-10-09T05:42:43.876Z INFO  blacksilk_node] block dd57a8b9e051d28e at height 969 accepted (tip 969)
[2026-10-09T05:42:49.235Z INFO  blacksilk_node] block d03ce0ea264dcd4d at height 970 accepted (tip 970)
[2026-10-09T05:42:58.938Z INFO  blacksilk_node] block 735aeea8a010417d at height 971 accepted (tip 971)
[2026-10-09T05:43:13.957Z INFO  blacksilk_node] block 0a652d84c10e7637 at height 972 accepted (tip 972)
[2026-10-09T05:43:20.737Z INFO  blacksilk_node] block 5b90b8e26e90ded9 at height 973 accepted (tip 973)
[2026-10-09T05:43:22.607Z INFO  blacksilk_node] block c6f19852452fb229 at height 974 accepted (tip 974)
[2026-10-09T05:43:59.550Z INFO  blacksilk_node] block 371730d494093345 at height 975 accepted (tip 975)
[2026-10-09T05:44:08.219Z INFO  blacksilk_node] block e10f07b85d03ad99 at height 976 accepted (tip 976)
[2026-10-09T05:44:10.826Z INFO  blacksilk_node] block ada414a261614717 at height 977 accepted (tip 977)
[2026-10-09T05:44:24.130Z INFO  blacksilk_node] block 98c5966ac7599662 at height 978 accepted (tip 978)
[2026-10-09T05:44:27.293Z INFO  blacksilk_node] block fe2661c28fe5f786 at height 979 accepted (tip 979)
[2026-10-09T05:44:45.836Z INFO  blacksilk_node] block 17c716f4f4675840 at height 980 accepted (tip 980)
[2026-10-09T05:44:57.744Z INFO  blacksilk_node] block c118b9e06ca18b1c at height 981 accepted (tip 981)
[2026-10-09T05:45:04.834Z INFO  blacksilk_node] block 4b5f519ab0fc8a06 at height 982 accepted (tip 982)
[2026-10-09T05:45:19.277Z INFO  blacksilk_node] block 47523a5c4341cf41 at height 983 accepted (tip 983)
[2026-10-09T05:45:34.828Z INFO  blacksilk_node] block e07af8c943dc446f at height 984 accepted (tip 984)
[2026-10-09T05:45:40.873Z INFO  blacksilk_node] block f174ef6f8d16fa93 at height 985 accepted (tip 985)
[2026-10-09T05:45:50.216Z INFO  blacksilk_node] block f163042e64b3fe4f at height 986 accepted (tip 986)
[2026-10-09T05:46:01.493Z INFO  blacksilk_node] block 38cbc21cfd9feb40 at height 987 accepted (tip 987)
[2026-10-09T05:46:02.510Z INFO  blacksilk_node] block d6f42d3fa955a823 at height 987 accepted (tip 987)
[2026-10-09T05:46:03.554Z INFO  blacksilk_node] block 3197f0adc4b59dad at height 988 accepted (tip 988)
[2026-10-09T05:46:07.094Z INFO  blacksilk_node] block fbf24b50fc59ff2c at height 989 accepted (tip 989)
[2026-10-09T05:46:19.561Z INFO  blacksilk_node] block b7272e6e75923937 at height 990 accepted (tip 990)
[2026-10-09T05:46:29.653Z INFO  blacksilk_node] block cf6ec3fc133fe4a2 at height 991 accepted (tip 991)
[2026-10-09T05:46:41.406Z INFO  blacksilk_node] block 199c058fa8a9735e at height 992 accepted (tip 992)
[2026-10-09T05:47:22.490Z INFO  blacksilk_node] block d38e9ddbef8e39a2 at height 993 accepted (tip 993)
[2026-10-09T05:47:42.687Z INFO  blacksilk_node] block 8fbb3ce9367815aa at height 994 accepted (tip 994)
[2026-10-09T05:48:09.515Z INFO  blacksilk_node] block 9ea3685f33af0ddc at height 995 accepted (tip 995)
[2026-10-09T05:48:10.532Z INFO  blacksilk_node] block 99dfdaddeedef4c3 at height 995 accepted (tip 995)
[2026-10-09T05:48:18.524Z INFO  blacksilk_node] block 7ff0de278abf92f4 at height 996 accepted (tip 996)
[2026-10-09T05:48:25.268Z INFO  blacksilk_node] block feb75c7f565d29bd at height 997 accepted (tip 997)
[2026-10-09T05:48:30.696Z INFO  blacksilk_node] block 67079fcf6a385e1a at height 998 accepted (tip 998)
[2026-10-09T05:48:49.895Z INFO  blacksilk_node] block bad0fb63ca732df6 at height 999 accepted (tip 999)
[2026-10-09T05:48:51.994Z INFO  blacksilk_node] block 3b7f9e353b21610f at height 1000 accepted (tip 1000)
[2026-10-09T05:49:34.291Z INFO  blacksilk_node] block af9efb63f74184b5 at height 1001 accepted (tip 1001)
[2026-10-09T05:49:49.049Z INFO  blacksilk_node] block 88a6e8076b8de263 at height 1002 accepted (tip 1002)
[2026-10-09T05:49:56.868Z INFO  blacksilk_node] block 1bc853438024283c at height 1003 accepted (tip 1003)
[2026-10-09T05:50:05.377Z INFO  blacksilk_node] block 01ee963f354bf9a8 at height 1004 accepted (tip 1004)
[2026-10-09T05:50:14.963Z INFO  blacksilk_node] block e7a0a0e75f8fae6a at height 1005 accepted (tip 1005)
[2026-10-09T05:50:18.869Z INFO  blacksilk_node] block 57832da13cb8d483 at height 1006 accepted (tip 1006)
[2026-10-09T05:50:29.479Z INFO  blacksilk_node] block 7079ce6073031a06 at height 1007 accepted (tip 1007)
[2026-10-09T05:50:32.890Z INFO  blacksilk_node] block a8345eff05f475ce at height 1008 accepted (tip 1008)
[2026-10-09T05:50:37.523Z INFO  blacksilk_node] block 05a4c41eb5a2fdff at height 1009 accepted (tip 1009)
[2026-10-09T05:50:38.589Z INFO  blacksilk_node] block 54c5414f74d5f066 at height 1009 accepted (tip 1009)
[2026-10-09T05:50:59.483Z INFO  blacksilk_node] block efb04b0ad5199d0d at height 1010 accepted (tip 1010)
[2026-10-09T05:51:15.770Z INFO  blacksilk_node] block 00b702718ad545a1 at height 1011 accepted (tip 1011)
[2026-10-09T05:51:47.690Z INFO  blacksilk_node] block d53622b84e858a4f at height 1012 accepted (tip 1012)
[2026-10-09T05:51:56.836Z INFO  blacksilk_node] block ba6b26627aeea6d5 at height 1013 accepted (tip 1013)
[2026-10-09T05:52:07.801Z INFO  blacksilk_node] block 69952f25323c841e at height 1014 accepted (tip 1014)
[2026-10-09T05:52:20.293Z INFO  blacksilk_node] block 37579876bc732bb0 at height 1015 accepted (tip 1015)
[2026-10-09T05:52:21.602Z INFO  blacksilk_node] block 8d21e1d839e09063 at height 1016 accepted (tip 1016)
[2026-10-09T05:52:27.212Z INFO  blacksilk_node] block 52a526a45b9178a8 at height 1017 accepted (tip 1017)
[2026-10-09T05:52:34.354Z INFO  blacksilk_node] block f9a40167bc47d6f2 at height 1018 accepted (tip 1018)
[2026-10-09T05:52:38.785Z INFO  blacksilk_node] block 37630ed3e0b173bb at height 1019 accepted (tip 1019)
[2026-10-09T05:52:49.802Z INFO  blacksilk_node] block d2b945d6cb36f0e1 at height 1020 accepted (tip 1020)
[2026-10-09T05:52:51.594Z INFO  blacksilk_node] block 676222ee67e146dc at height 1021 accepted (tip 1021)
[2026-10-09T05:52:55.076Z INFO  blacksilk_node] block d8e038a89be9017e at height 1022 accepted (tip 1022)
[2026-10-09T05:53:02.692Z INFO  blacksilk_node] block ca8892d412a0ba3b at height 1023 accepted (tip 1023)
[2026-10-09T05:53:06.550Z INFO  blacksilk_node] block b79d40acd4ba838d at height 1024 accepted (tip 1024)
[2026-10-09T05:53:13.320Z INFO  blacksilk_node] block 3d569bb20d886c66 at height 1025 accepted (tip 1025)
[2026-10-09T05:53:33.918Z INFO  blacksilk_node] block f4c3361091b2e481 at height 1026 accepted (tip 1026)
[2026-10-09T05:53:40.056Z INFO  blacksilk_node] block a87a2ea36a0050b0 at height 1027 accepted (tip 1027)
[2026-10-09T05:53:41.052Z INFO  blacksilk_node] block f61fa0c2ab3779ba at height 1027 accepted (tip 1027)
[2026-10-09T05:53:48.916Z INFO  blacksilk_node] block 698142b57dcf6006 at height 1028 accepted (tip 1028)
[2026-10-09T05:54:09.839Z INFO  blacksilk_node] block 618a2ccc370bcfff at height 1029 accepted (tip 1029)
[2026-10-09T05:54:12.878Z INFO  blacksilk_node] block 8ff315b92b113d6a at height 1030 accepted (tip 1030)
[2026-10-09T05:54:15.007Z INFO  blacksilk_node] block c348aecf84600112 at height 1031 accepted (tip 1031)
[2026-10-09T05:54:24.343Z INFO  blacksilk_node] block a40d6954c2d55cb4 at height 1032 accepted (tip 1032)
[2026-10-09T05:54:53.494Z INFO  blacksilk_node] block 180d4aa0d4d3e421 at height 1033 accepted (tip 1033)
[2026-10-09T05:54:56.327Z INFO  blacksilk_node] block 045d45fc394d9fb6 at height 1034 accepted (tip 1034)
[2026-10-09T05:54:57.324Z INFO  blacksilk_node] block cb6b0a204820a8c3 at height 1034 accepted (tip 1034)
[2026-10-09T05:54:58.353Z INFO  blacksilk_node] block a65095bcac2c7ba1 at height 1034 accepted (tip 1034)
[2026-10-09T05:55:01.886Z INFO  blacksilk_node] block aa4f3497dae89b58 at height 1035 accepted (tip 1035)
[2026-10-09T05:55:06.135Z INFO  blacksilk_node] block 6681143cbfbf5c53 at height 1036 accepted (tip 1036)
[2026-10-09T05:55:34.216Z INFO  blacksilk_node] block 6b8ca9107bd9154a at height 1037 accepted (tip 1037)
[2026-10-09T05:55:38.612Z INFO  blacksilk_node] block cd10723d541b09e3 at height 1038 accepted (tip 1038)
[2026-10-09T05:56:12.815Z INFO  blacksilk_node] block bbabcdaf877b68df at height 1039 accepted (tip 1039)
[2026-10-09T05:56:27.369Z INFO  blacksilk_node] block 2a95f633dcedda67 at height 1040 accepted (tip 1040)
[2026-10-09T05:56:35.451Z INFO  blacksilk_node] block 7f9e900acd9e8c22 at height 1041 accepted (tip 1041)
[2026-10-09T05:56:36.471Z INFO  blacksilk_node] block 090f514df917d190 at height 1041 accepted (tip 1041)
[2026-10-09T05:56:47.980Z INFO  blacksilk_node] block e6ce83a4524d1163 at height 1042 accepted (tip 1042)
[2026-10-09T05:57:05.469Z INFO  blacksilk_node] block 0a1a0a240dcbcbe5 at height 1043 accepted (tip 1043)
[2026-10-09T05:57:09.559Z INFO  blacksilk_node] block 33966c00d63cdbcd at height 1044 accepted (tip 1044)
[2026-10-09T05:57:18.913Z INFO  blacksilk_node] block fb2ba18ebd5c0a9b at height 1045 accepted (tip 1045)
[2026-10-09T05:57:27.511Z INFO  blacksilk_node] block e6b2502d07db30de at height 1046 accepted (tip 1046)
[2026-10-09T05:57:38.527Z INFO  blacksilk_node] block ffc69b8981a2352e at height 1047 accepted (tip 1047)
[2026-10-09T05:57:44.262Z INFO  blacksilk_node] block a677b221f05cd0fb at height 1048 accepted (tip 1048)
[2026-10-09T05:57:45.310Z INFO  blacksilk_node] block 0cead48e7fd459c5 at height 1048 accepted (tip 1048)
[2026-10-09T05:57:48.516Z INFO  blacksilk_node] block fa702da30a5326a3 at height 1049 accepted (tip 1049)
[2026-10-09T05:57:58.447Z INFO  blacksilk_node] block 474c25f2a405cd44 at height 1050 accepted (tip 1050)
[2026-10-09T05:58:13.667Z INFO  blacksilk_node] block 98059530d6d644f3 at height 1051 accepted (tip 1051)
[2026-10-09T05:58:21.978Z INFO  blacksilk_node] block 5584879563a58623 at height 1052 accepted (tip 1052)
[2026-10-09T05:58:30.363Z INFO  blacksilk_node] block b75491778df4c7bb at height 1053 accepted (tip 1053)
[2026-10-09T05:58:34.385Z INFO  blacksilk_node] block ee9c13ec371b6e85 at height 1054 accepted (tip 1054)
[2026-10-09T05:58:44.177Z INFO  blacksilk_node] block 5c021fa4bbd883d8 at height 1055 accepted (tip 1055)
[2026-10-09T05:58:47.338Z INFO  blacksilk_node] block 00fb386095eacd98 at height 1056 accepted (tip 1056)
[2026-10-09T05:58:49.114Z INFO  blacksilk_node] block e915c49662d66adc at height 1057 accepted (tip 1057)
[2026-10-09T05:58:51.941Z INFO  blacksilk_node] block 472cb6673f5150ff at height 1058 accepted (tip 1058)
[2026-10-09T05:59:24.900Z INFO  blacksilk_node] block d2d798cd692ad739 at height 1059 accepted (tip 1059)
[2026-10-09T05:59:25.897Z INFO  blacksilk_node] block 2f13e048a6c30732 at height 1059 accepted (tip 1059)
[2026-10-09T05:59:27.129Z INFO  blacksilk_node] block 20194e41c2b0fc59 at height 1060 accepted (tip 1060)
[2026-10-09T05:59:28.127Z INFO  blacksilk_node] block 06eb77f0f09ab2fc at height 1060 accepted (tip 1060)
[2026-10-09T05:59:29.157Z INFO  blacksilk_node] block 8013ad001239a053 at height 1060 accepted (tip 1060)
[2026-10-09T05:59:30.181Z INFO  blacksilk_node] block d6b3833848b2573c at height 1060 accepted (tip 1060)
[2026-10-09T05:59:49.461Z INFO  blacksilk_node] block 61a14f787381d202 at height 1061 accepted (tip 1061)
[2026-10-09T05:59:58.722Z INFO  blacksilk_node] block 877e6764354487c5 at height 1062 accepted (tip 1062)
[2026-10-09T06:00:02.904Z INFO  blacksilk_node] block 5ed3d38d7d876be1 at height 1063 accepted (tip 1063)
[2026-10-09T06:00:23.318Z INFO  blacksilk_node] block 447fa3c589e48426 at height 1064 accepted (tip 1064)
[2026-10-09T06:00:38.386Z INFO  blacksilk_node] block a89597167944f9d5 at height 1065 accepted (tip 1065)
[2026-10-09T06:00:40.507Z INFO  blacksilk_node] block 300c1a7dbd993d0d at height 1066 accepted (tip 1066)
[2026-10-09T06:00:41.533Z INFO  blacksilk_node] block 14d8201ac91ac953 at height 1066 accepted (tip 1066)
[2026-10-09T06:00:44.084Z INFO  blacksilk_node] block d5215866b4bdc3f2 at height 1067 accepted (tip 1067)
[2026-10-09T06:00:49.468Z INFO  blacksilk_node] block b9ffd1546142c795 at height 1068 accepted (tip 1068)
[2026-10-09T06:00:54.807Z INFO  blacksilk_node] block c0242bcdcef9eafc at height 1069 accepted (tip 1069)
[2026-10-09T06:00:55.863Z INFO  blacksilk_node] block 18b69f969e488f7b at height 1069 accepted (tip 1069)
[2026-10-09T06:01:02.733Z INFO  blacksilk_node] block 360869d8152a6ca2 at height 1070 accepted (tip 1070)
[2026-10-09T06:01:23.586Z INFO  blacksilk_node] block d71f188dac6c5495 at height 1071 accepted (tip 1071)
[2026-10-09T06:01:24.803Z INFO  blacksilk_node] block 6a86f25debc96fe7 at height 1072 accepted (tip 1072)
[2026-10-09T06:01:29.822Z INFO  blacksilk_node] block b604391381d521ea at height 1073 accepted (tip 1073)
[2026-10-09T06:01:45.349Z INFO  blacksilk_node] block 56086a41178031e4 at height 1074 accepted (tip 1074)
[2026-10-09T06:01:50.493Z INFO  blacksilk_node] block 17d2b1382933b5dd at height 1075 accepted (tip 1075)
[2026-10-09T06:01:59.744Z INFO  blacksilk_node] block 2c3b0fa45bc0bb0f at height 1076 accepted (tip 1076)
[2026-10-09T06:02:08.733Z INFO  blacksilk_node] block c966fc68d60785a5 at height 1077 accepted (tip 1077)
[2026-10-09T06:02:12.162Z INFO  blacksilk_node] block f47fe8a0dc11a0ea at height 1078 accepted (tip 1078)
[2026-10-09T06:02:21.978Z INFO  blacksilk_node] block c94c7f61b6aa3b9f at height 1079 accepted (tip 1079)
[2026-10-09T06:02:22.993Z INFO  blacksilk_node] block a9e89b4ec3e4ab38 at height 1079 accepted (tip 1079)
[2026-10-09T06:02:24.875Z INFO  blacksilk_node] block be15359c41ee2359 at height 1080 accepted (tip 1080)
[2026-10-09T06:02:25.908Z INFO  blacksilk_node] block 88ddc943ffc83485 at height 1080 accepted (tip 1080)
[2026-10-09T06:02:30.220Z INFO  blacksilk_node] block cd71475ae3cb7ef2 at height 1081 accepted (tip 1081)
[2026-10-09T06:02:45.234Z INFO  blacksilk_node] block 08bdcc5d45b5ff40 at height 1082 accepted (tip 1082)
[2026-10-09T06:02:59.531Z INFO  blacksilk_node] block 7b01c8519522f8a8 at height 1083 accepted (tip 1083)
[2026-10-09T06:03:01.571Z INFO  blacksilk_node] block 7695dbe04b946a43 at height 1084 accepted (tip 1084)
[2026-10-09T06:03:27.236Z INFO  blacksilk_node] block 3c10408261de126d at height 1085 accepted (tip 1085)
[2026-10-09T06:03:35.342Z INFO  blacksilk_node] block 872b74bb99f96578 at height 1086 accepted (tip 1086)
[2026-10-09T06:03:36.925Z INFO  blacksilk_node] block c2a8592c324e95f3 at height 1087 accepted (tip 1087)
[2026-10-09T06:03:40.046Z INFO  blacksilk_node] block 4d8974077a38a412 at height 1088 accepted (tip 1088)
[2026-10-09T06:03:42.257Z INFO  blacksilk_node] block c8dc843e63a076d9 at height 1089 accepted (tip 1089)
[2026-10-09T06:03:50.189Z INFO  blacksilk_node] block cec29164cd551e66 at height 1090 accepted (tip 1090)
[2026-10-09T06:03:59.852Z INFO  blacksilk_node] block 8b52f4a1f8a1cd38 at height 1091 accepted (tip 1091)
[2026-10-09T06:04:01.254Z INFO  blacksilk_node] block 0ad3c83cba8274fb at height 1092 accepted (tip 1092)
[2026-10-09T06:04:02.284Z INFO  blacksilk_node] block afe1cbe0c4d6920b at height 1092 accepted (tip 1092)
[2026-10-09T06:04:06.493Z INFO  blacksilk_node] block 5e6e6ce09d7adb2c at height 1093 accepted (tip 1093)
[2026-10-09T06:04:14.059Z INFO  blacksilk_node] block a206b34117d02a9d at height 1094 accepted (tip 1094)
[2026-10-09T06:04:15.085Z INFO  blacksilk_node] block 7e9404b0cc6e1e19 at height 1094 accepted (tip 1094)
[2026-10-09T06:04:29.090Z INFO  blacksilk_node] block 5b184215e883dd69 at height 1095 accepted (tip 1095)
[2026-10-09T06:05:10.420Z INFO  blacksilk_node] block 1153c9206c7807b7 at height 1096 accepted (tip 1096)
[2026-10-09T06:05:21.049Z INFO  blacksilk_node] block 59dc4dc0e52415c4 at height 1097 accepted (tip 1097)
[2026-10-09T06:05:22.075Z INFO  blacksilk_node] block ac243d35a77f1e7b at height 1097 accepted (tip 1097)
[2026-10-09T06:05:23.361Z INFO  blacksilk_node] block 33699152f39cf976 at height 1098 accepted (tip 1098)
[2026-10-09T06:05:35.608Z INFO  blacksilk_node] block b439894c96dda2aa at height 1099 accepted (tip 1099)
[2026-10-09T06:05:37.579Z INFO  blacksilk_node] block a77314ae8f33d465 at height 1100 accepted (tip 1100)
[2026-10-09T06:05:52.141Z INFO  blacksilk_node] block 51f5d5ffc19d7102 at height 1101 accepted (tip 1101)
[2026-10-09T06:05:58.287Z INFO  blacksilk_node] block 0768ee3fc8db5159 at height 1102 accepted (tip 1102)
[2026-10-09T06:06:08.588Z INFO  blacksilk_node] block 91537e4c998ebc3b at height 1103 accepted (tip 1103)
[2026-10-09T06:06:18.556Z INFO  blacksilk_node] block b626cf8036144d40 at height 1104 accepted (tip 1104)
[2026-10-09T06:06:37.416Z INFO  blacksilk_node] block f2024f34aa11b399 at height 1105 accepted (tip 1105)
[2026-10-09T06:06:43.445Z INFO  blacksilk_node] block 008d09f62a55468d at height 1106 accepted (tip 1106)
[2026-10-09T06:06:52.132Z INFO  blacksilk_node] block e8842ba3a8880d22 at height 1107 accepted (tip 1107)
[2026-10-09T06:06:56.853Z INFO  blacksilk_node] block c8944fff2e11d207 at height 1108 accepted (tip 1108)
[2026-10-09T06:07:05.004Z INFO  blacksilk_node] block 9e9f33dbcd8f2a36 at height 1109 accepted (tip 1109)
[2026-10-09T06:07:32.284Z INFO  blacksilk_node] block e410a2643bbbd624 at height 1110 accepted (tip 1110)
[2026-10-09T06:07:33.884Z INFO  blacksilk_node] block ab7f83aa9292270a at height 1111 accepted (tip 1111)
[2026-10-09T06:07:36.010Z INFO  blacksilk_node] block cea8bc29dea24b52 at height 1112 accepted (tip 1112)
[2026-10-09T06:07:41.773Z INFO  blacksilk_node] block 6c83854f69ccdf1f at height 1113 accepted (tip 1113)
[2026-10-09T06:07:45.565Z INFO  blacksilk_node] block 38122a4bf22574e4 at height 1114 accepted (tip 1114)
[2026-10-09T06:07:49.998Z INFO  blacksilk_node] block 5e533a17fd9dca56 at height 1115 accepted (tip 1115)
[2026-10-09T06:07:51.072Z INFO  blacksilk_node] block 5804375dc92140c4 at height 1116 accepted (tip 1116)
[2026-10-09T06:07:52.472Z INFO  blacksilk_node] block 37be498cf0b16b5c at height 1117 accepted (tip 1117)
[2026-10-09T06:08:03.398Z INFO  blacksilk_node] block 595816d82f3d3b1b at height 1118 accepted (tip 1118)
[2026-10-09T06:08:11.175Z INFO  blacksilk_node] block 253fa1f5d85b3126 at height 1119 accepted (tip 1119)
[2026-10-09T06:08:27.301Z INFO  blacksilk_node] block d00a6bd3ba18a41a at height 1120 accepted (tip 1120)
[2026-10-09T06:08:28.334Z INFO  blacksilk_node] block 2683b37b421334ad at height 1120 accepted (tip 1120)
[2026-10-09T06:08:41.765Z INFO  blacksilk_node] block 6404583a5b713c79 at height 1121 accepted (tip 1121)
[2026-10-09T06:08:42.782Z INFO  blacksilk_node] block 5d9c5cd1ac5d7ff6 at height 1121 accepted (tip 1121)
[2026-10-09T06:08:44.607Z INFO  blacksilk_node] block 27f43530a59616c8 at height 1122 accepted (tip 1122)
[2026-10-09T06:08:50.008Z INFO  blacksilk_node] block 3157168a1a5bce2a at height 1123 accepted (tip 1123)
[2026-10-09T06:08:50.971Z INFO  blacksilk_node] block 9280444bfaf9a915 at height 1123 accepted (tip 1123)
[2026-10-09T06:08:55.414Z INFO  blacksilk_node] block 1d8f85491d758837 at height 1124 accepted (tip 1124)
[2026-10-09T06:09:03.593Z INFO  blacksilk_node] block 3f1660bac0318b5b at height 1125 accepted (tip 1125)
[2026-10-09T06:09:04.822Z INFO  blacksilk_node] block 8911278409be75b6 at height 1126 accepted (tip 1126)
[2026-10-09T06:09:24.240Z INFO  blacksilk_node] block c3f82a591c2d41b3 at height 1127 accepted (tip 1127)
[2026-10-09T06:09:29.012Z INFO  blacksilk_node] block 1de0f0892e1db16c at height 1128 accepted (tip 1128)
[2026-10-09T06:09:31.247Z INFO  blacksilk_node] block 2906d130f3cce779 at height 1129 accepted (tip 1129)
[2026-10-09T06:09:42.116Z INFO  blacksilk_node] block 32ac6e7d1baf1d26 at height 1130 accepted (tip 1130)
[2026-10-09T06:09:46.431Z INFO  blacksilk_node] block d196e865b33cb34c at height 1131 accepted (tip 1131)
[2026-10-09T06:10:15.111Z INFO  blacksilk_node] block b3d414ecf4b497d6 at height 1132 accepted (tip 1132)
[2026-10-09T06:10:40.175Z INFO  blacksilk_node] block 5098462d6675eea0 at height 1133 accepted (tip 1133)
[2026-10-09T06:10:41.222Z INFO  blacksilk_node] block 97ff3a6997646c5e at height 1133 accepted (tip 1133)
[2026-10-09T06:10:55.451Z INFO  blacksilk_node] block ec77236346fb86c9 at height 1134 accepted (tip 1134)
[2026-10-09T06:11:00.585Z INFO  blacksilk_node] block 4a34c6dfa6843677 at height 1135 accepted (tip 1135)
[2026-10-09T06:11:01.780Z INFO  blacksilk_node] block 43f1b9690194586e at height 1136 accepted (tip 1136)
[2026-10-09T06:11:12.214Z INFO  blacksilk_node] block 3a85ece065c871cb at height 1137 accepted (tip 1137)
[2026-10-09T06:11:23.159Z INFO  blacksilk_node] block 6e465a750e2e9998 at height 1138 accepted (tip 1138)
[2026-10-09T06:11:24.172Z INFO  blacksilk_node] block c291c02f0fed6619 at height 1138 accepted (tip 1138)
[2026-10-09T06:11:51.273Z INFO  blacksilk_node] block 9bd5f59494305854 at height 1139 accepted (tip 1139)
[2026-10-09T06:11:56.294Z INFO  blacksilk_node] block 1acb5c9e48827102 at height 1140 accepted (tip 1140)
[2026-10-09T06:12:00.911Z INFO  blacksilk_node] block 06de088e8b57b68a at height 1141 accepted (tip 1141)
[2026-10-09T06:12:01.918Z INFO  blacksilk_node] block fbfd27f4d80efdb5 at height 1141 accepted (tip 1141)
[2026-10-09T06:12:07.327Z INFO  blacksilk_node] block 564d5bc2b97ae3a2 at height 1142 accepted (tip 1142)
[2026-10-09T06:12:10.841Z INFO  blacksilk_node] block 468ddea35b94663b at height 1143 accepted (tip 1143)
[2026-10-09T06:12:15.714Z INFO  blacksilk_node] block 61e3c3ae22917324 at height 1144 accepted (tip 1144)
[2026-10-09T06:12:40.106Z INFO  blacksilk_node] block bca7a3b1d95d9ea3 at height 1145 accepted (tip 1145)
[2026-10-09T06:12:52.253Z INFO  blacksilk_node] block 2d1652fbc995ce22 at height 1146 accepted (tip 1146)
[2026-10-09T06:13:06.017Z INFO  blacksilk_node] block cac264bdc63bc5cf at height 1147 accepted (tip 1147)
[2026-10-09T06:13:07.005Z INFO  blacksilk_node] block 8ecfdf598b94a14d at height 1147 accepted (tip 1147)
[2026-10-09T06:13:10.104Z INFO  blacksilk_node] block a563477efb90cede at height 1148 accepted (tip 1148)
[2026-10-09T06:13:16.396Z INFO  blacksilk_node] block 771714867e2c487b at height 1149 accepted (tip 1149)
[2026-10-09T06:13:19.869Z INFO  blacksilk_node] block b0986afb47603c18 at height 1150 accepted (tip 1150)
[2026-10-09T06:13:29.249Z INFO  blacksilk_node] block e3fb96046459261e at height 1151 accepted (tip 1151)
[2026-10-09T06:13:43.458Z INFO  blacksilk_node] block 3a9534ab72ad9f89 at height 1152 accepted (tip 1152)
[2026-10-09T06:13:56.393Z INFO  blacksilk_node] block a75a9a9e0f6408b0 at height 1153 accepted (tip 1153)
[2026-10-09T06:14:04.871Z INFO  blacksilk_node] block 217f70540e9ac5d8 at height 1154 accepted (tip 1154)
[2026-10-09T06:14:09.369Z INFO  blacksilk_node] block 88517a57ce9b9f48 at height 1155 accepted (tip 1155)
[2026-10-09T06:14:12.709Z INFO  blacksilk_node] block 080a41b688d22faf at height 1156 accepted (tip 1156)
[2026-10-09T06:14:18.920Z INFO  blacksilk_node] block fd8901574186666a at height 1157 accepted (tip 1157)
[2026-10-09T06:14:19.974Z INFO  blacksilk_node] block ce8e4a56b41f5035 at height 1157 accepted (tip 1157)
[2026-10-09T06:14:21.770Z INFO  blacksilk_node] block 9356134d95446457 at height 1158 accepted (tip 1158)
[2026-10-09T06:14:26.316Z INFO  blacksilk_node] block 251931f041299758 at height 1159 accepted (tip 1159)
[2026-10-09T06:15:04.359Z INFO  blacksilk_node] block d7df3b8595ffc907 at height 1160 accepted (tip 1160)
[2026-10-09T06:15:06.129Z INFO  blacksilk_node] block 2e8f1733d8cc1ede at height 1161 accepted (tip 1161)
[2026-10-09T06:15:07.967Z INFO  blacksilk_node] block fab291358c5a7360 at height 1162 accepted (tip 1162)
[2026-10-09T06:15:36.225Z INFO  blacksilk_node] block 093c90ece3516b82 at height 1163 accepted (tip 1163)
[2026-10-09T06:15:37.646Z INFO  blacksilk_node] block 18b538645171e895 at height 1164 accepted (tip 1164)
[2026-10-09T06:15:39.586Z INFO  blacksilk_node] block 0da3e7d81d506361 at height 1165 accepted (tip 1165)
[2026-10-09T06:15:42.819Z INFO  blacksilk_node] block f827459eb6958378 at height 1166 accepted (tip 1166)
[2026-10-09T06:15:44.125Z INFO  blacksilk_node] block 9d034c93166e4aab at height 1167 accepted (tip 1167)
[2026-10-09T06:15:47.110Z INFO  blacksilk_node] block 877b0a1b96a35254 at height 1168 accepted (tip 1168)
[2026-10-09T06:16:02.688Z INFO  blacksilk_node] block 31ff17ac49b2c416 at height 1169 accepted (tip 1169)
[2026-10-09T06:16:23.055Z INFO  blacksilk_node] block 700508b27453c93d at height 1170 accepted (tip 1170)
[2026-10-09T06:16:34.958Z INFO  blacksilk_node] block 39c1ac08850d9f02 at height 1171 accepted (tip 1171)
[2026-10-09T06:16:36.020Z INFO  blacksilk_node] block 8f5e84c0f8804e97 at height 1172 accepted (tip 1172)
[2026-10-09T06:16:54.547Z INFO  blacksilk_node] block a923688a68c8970f at height 1173 accepted (tip 1173)
[2026-10-09T06:17:11.291Z INFO  blacksilk_node] block 458810f75069aea1 at height 1174 accepted (tip 1174)
[2026-10-09T06:17:22.414Z INFO  blacksilk_node] block 2440959e21d934da at height 1175 accepted (tip 1175)
[2026-10-09T06:17:49.890Z INFO  blacksilk_node] block ee488a789aff6a4c at height 1176 accepted (tip 1176)
[2026-10-09T06:17:51.168Z INFO  blacksilk_node] block ce372704de9b8cf7 at height 1177 accepted (tip 1177)
[2026-10-09T06:18:05.991Z INFO  blacksilk_node] block ffb1db276cc3ed9d at height 1178 accepted (tip 1178)
[2026-10-09T06:18:16.865Z INFO  blacksilk_node] block e519526d4c145b0b at height 1179 accepted (tip 1179)
[2026-10-09T06:18:17.908Z INFO  blacksilk_node] block 02702a3627a032b8 at height 1179 accepted (tip 1179)
[2026-10-09T06:18:19.720Z INFO  blacksilk_node] block 7030603ffd006017 at height 1180 accepted (tip 1180)
[2026-10-09T06:18:20.745Z INFO  blacksilk_node] block da494a4e08020102 at height 1180 accepted (tip 1180)
[2026-10-09T06:18:21.748Z INFO  blacksilk_node] block 9e84d9dce7fbaaa2 at height 1181 accepted (tip 1181)
[2026-10-09T06:18:45.230Z INFO  blacksilk_node] block 744ac9a9bc5977a0 at height 1182 accepted (tip 1182)
[2026-10-09T06:18:56.805Z INFO  blacksilk_node] block 99004f1c863eec41 at height 1183 accepted (tip 1183)
[2026-10-09T06:18:58.038Z INFO  blacksilk_node] block c1d56d12196a0832 at height 1184 accepted (tip 1184)
[2026-10-09T06:19:04.081Z INFO  blacksilk_node] block e967af2e97971f38 at height 1185 accepted (tip 1185)
[2026-10-09T06:19:09.063Z INFO  blacksilk_node] block 42457de78934447b at height 1186 accepted (tip 1186)
[2026-10-09T06:19:12.951Z INFO  blacksilk_node] block 3ab37cca019f18ca at height 1187 accepted (tip 1187)
[2026-10-09T06:19:26.746Z INFO  blacksilk_node] block aa6fd7ea43bf36d1 at height 1188 accepted (tip 1188)
[2026-10-09T06:19:29.775Z INFO  blacksilk_node] block 51d031ce79634466 at height 1189 accepted (tip 1189)
[2026-10-09T06:19:30.782Z INFO  blacksilk_node] block 6031fc726eba17f9 at height 1189 accepted (tip 1189)
[2026-10-09T06:19:35.274Z INFO  blacksilk_node] block fc2c052178cf8a2f at height 1190 accepted (tip 1190)
[2026-10-09T06:19:36.330Z INFO  blacksilk_node] block b25b66066d8ff803 at height 1190 accepted (tip 1190)
[2026-10-09T06:19:39.470Z INFO  blacksilk_node] block 517f614d42fec6c4 at height 1191 accepted (tip 1191)
[2026-10-09T06:19:42.381Z INFO  blacksilk_node] block 11de29dd904d04f2 at height 1192 accepted (tip 1192)
[2026-10-09T06:19:44.504Z INFO  blacksilk_node] block 71cc3ad5d49b70fe at height 1193 accepted (tip 1193)
[2026-10-09T06:19:51.862Z INFO  blacksilk_node] block 3a9bf043db897f81 at height 1194 accepted (tip 1194)
[2026-10-09T06:19:52.918Z INFO  blacksilk_node] block 765832fecbfed6b1 at height 1194 accepted (tip 1194)
[2026-10-09T06:20:21.374Z INFO  blacksilk_node] block 1b35f999b4c5bf2e at height 1195 accepted (tip 1195)
[2026-10-09T06:20:22.524Z INFO  blacksilk_node] block 0da3292f5f3510e7 at height 1196 accepted (tip 1196)
[2026-10-09T06:20:28.365Z INFO  blacksilk_node] block 3353fc4107bd5cf8 at height 1197 accepted (tip 1197)
[2026-10-09T06:20:34.326Z INFO  blacksilk_node] block 07a97ef9a1bb4b68 at height 1198 accepted (tip 1198)
[2026-10-09T06:20:48.997Z INFO  blacksilk_node] block 26ff7c6f3b3010ca at height 1199 accepted (tip 1199)
[2026-10-09T06:20:51.201Z INFO  blacksilk_node] block bd6f710765ca7deb at height 1200 accepted (tip 1200)
[2026-10-09T06:20:56.438Z INFO  blacksilk_node] block d35f3e1902140145 at height 1201 accepted (tip 1201)
[2026-10-09T06:21:10.714Z INFO  blacksilk_node] block 601d24af71ae130f at height 1202 accepted (tip 1202)
[2026-10-09T06:21:16.102Z INFO  blacksilk_node] block e50ebe70c901ed34 at height 1203 accepted (tip 1203)
[2026-10-09T06:21:40.257Z INFO  blacksilk_node] block 4172b353798457dd at height 1204 accepted (tip 1204)
[2026-10-09T06:22:42.161Z INFO  blacksilk_node] block 4aa3e64ab459fd4c at height 1205 accepted (tip 1205)
[2026-10-09T06:22:47.117Z INFO  blacksilk_node] block 596f94c960e55ed8 at height 1206 accepted (tip 1206)
[2026-10-09T06:23:04.710Z INFO  blacksilk_node] block fbac282cb088c16b at height 1207 accepted (tip 1207)
[2026-10-09T06:23:18.779Z INFO  blacksilk_node] block e7ea672df818595e at height 1208 accepted (tip 1208)
[2026-10-09T06:23:23.686Z INFO  blacksilk_node] block 89e9de682b0bc8c3 at height 1209 accepted (tip 1209)
[2026-10-09T06:23:34.009Z INFO  blacksilk_node] block df8e72e59d8dc14d at height 1210 accepted (tip 1210)
[2026-10-09T06:23:49.638Z INFO  blacksilk_node] block fbbab2f3bf36d21e at height 1211 accepted (tip 1211)
[2026-10-09T06:24:05.431Z INFO  blacksilk_node] block 7623cd6b41894e11 at height 1212 accepted (tip 1212)
[2026-10-09T06:24:14.795Z INFO  blacksilk_node] block 47dfc674fdbc6012 at height 1213 accepted (tip 1213)
[2026-10-09T06:24:15.900Z INFO  blacksilk_node] block 1e91f8e6d4b2e2cc at height 1213 accepted (tip 1213)
[2026-10-09T06:24:19.971Z INFO  blacksilk_node] block 04c2a8377b56975e at height 1214 accepted (tip 1214)
[2026-10-09T06:25:02.110Z INFO  blacksilk_node] block 1e01bc0abe64cf25 at height 1215 accepted (tip 1215)
[2026-10-09T06:25:16.907Z INFO  blacksilk_node] block a0fb7c7099d2c063 at height 1216 accepted (tip 1216)
[2026-10-09T06:25:31.424Z INFO  blacksilk_node] block 6f1512620344b886 at height 1217 accepted (tip 1217)
[2026-10-09T06:25:53.791Z INFO  blacksilk_node] block 4fec3aa3b6436570 at height 1218 accepted (tip 1218)
[2026-10-09T06:25:57.835Z INFO  blacksilk_node] block a6937bd7b913d3c8 at height 1219 accepted (tip 1219)
[2026-10-09T06:26:03.503Z INFO  blacksilk_node] block 4c39247a61da38d9 at height 1220 accepted (tip 1220)
[2026-10-09T06:26:10.895Z INFO  blacksilk_node] block d6b8a576ff1e0455 at height 1221 accepted (tip 1221)
[2026-10-09T06:26:20.579Z INFO  blacksilk_node] block eb022af1ded1cf0c at height 1222 accepted (tip 1222)
[2026-10-09T06:26:32.824Z INFO  blacksilk_node] block 5a7abad14463aae8 at height 1223 accepted (tip 1223)
[2026-10-09T06:26:37.440Z INFO  blacksilk_node] block aeff7c03d387880e at height 1224 accepted (tip 1224)
[2026-10-09T06:26:44.509Z INFO  blacksilk_node] block 326cfbfcad2aca52 at height 1225 accepted (tip 1225)
[2026-10-09T06:26:55.813Z INFO  blacksilk_node] block 43fba0f41bad7e8c at height 1226 accepted (tip 1226)
[2026-10-09T06:26:57.471Z INFO  blacksilk_node] block 7c242b78e8106390 at height 1227 accepted (tip 1227)
[2026-10-09T06:27:04.143Z INFO  blacksilk_node] block 5a6b0e5d1dea78e5 at height 1228 accepted (tip 1228)
[2026-10-09T06:27:07.202Z INFO  blacksilk_node] block 4fd845abec7262d6 at height 1229 accepted (tip 1229)
[2026-10-09T06:27:24.268Z INFO  blacksilk_node] block d93b3821e1d28336 at height 1230 accepted (tip 1230)
[2026-10-09T06:27:25.681Z INFO  blacksilk_node] block 3b722b01c737e5d0 at height 1231 accepted (tip 1231)
[2026-10-09T06:27:48.349Z INFO  blacksilk_node] block 09172e40faaa6544 at height 1232 accepted (tip 1232)
[2026-10-09T06:28:08.201Z INFO  blacksilk_node] block 73c40bd6214e5ed0 at height 1233 accepted (tip 1233)
[2026-10-09T06:28:09.795Z INFO  blacksilk_node] block addf58bad9f09354 at height 1234 accepted (tip 1234)
[2026-10-09T06:28:11.311Z INFO  blacksilk_node] block 8862e1b5a651817e at height 1235 accepted (tip 1235)
[2026-10-09T06:28:20.684Z INFO  blacksilk_node] block b61e3ed04466cc40 at height 1236 accepted (tip 1236)
[2026-10-09T06:28:25.702Z INFO  blacksilk_node] block 9db855cb3a78fac4 at height 1237 accepted (tip 1237)
[2026-10-09T06:28:30.031Z INFO  blacksilk_node] block 4bd243f94d71c18a at height 1238 accepted (tip 1238)
[2026-10-09T06:28:45.756Z INFO  blacksilk_node] block c3fb46b0d701952b at height 1239 accepted (tip 1239)
[2026-10-09T06:28:51.106Z INFO  blacksilk_node] block 6959981f645adcc5 at height 1240 accepted (tip 1240)
[2026-10-09T06:28:52.198Z INFO  blacksilk_node] block 0dbf2d47b772cdf4 at height 1241 accepted (tip 1241)
[2026-10-09T06:29:00.226Z INFO  blacksilk_node] block eba64f85f37f247b at height 1242 accepted (tip 1242)
[2026-10-09T06:29:26.513Z INFO  blacksilk_node] block a45dc7713dfa3382 at height 1243 accepted (tip 1243)
[2026-10-09T06:29:38.956Z INFO  blacksilk_node] block 978f57019c44e583 at height 1244 accepted (tip 1244)
[2026-10-09T06:29:42.889Z INFO  blacksilk_node] block 3363d4126b63306c at height 1245 accepted (tip 1245)
[2026-10-09T06:29:45.669Z INFO  blacksilk_node] block 6d36448ee227263c at height 1246 accepted (tip 1246)
[2026-10-09T06:29:48.567Z INFO  blacksilk_node] block 3ee0f129c09e4cd2 at height 1247 accepted (tip 1247)
[2026-10-09T06:30:02.379Z INFO  blacksilk_node] block 5f886f48812fd2fd at height 1248 accepted (tip 1248)
[2026-10-09T06:30:05.211Z INFO  blacksilk_node] block ae20e30f48200c14 at height 1249 accepted (tip 1249)
[2026-10-09T06:30:06.205Z INFO  blacksilk_node] block 0c8ba348fdbed240 at height 1249 accepted (tip 1249)
[2026-10-09T06:30:35.046Z INFO  blacksilk_node] block 302434f1394bb58e at height 1250 accepted (tip 1250)
[2026-10-09T06:30:58.416Z INFO  blacksilk_node] block dc8d96687ba3ef34 at height 1251 accepted (tip 1251)
[2026-10-09T06:30:59.739Z INFO  blacksilk_node] block 3b6df9049e045c24 at height 1252 accepted (tip 1252)
[2026-10-09T06:31:01.433Z INFO  blacksilk_node] block 7ea412187449b38b at height 1253 accepted (tip 1253)
[2026-10-09T06:31:07.604Z INFO  blacksilk_node] block 6de9c07c411b7c28 at height 1254 accepted (tip 1254)
[2026-10-09T06:31:13.788Z INFO  blacksilk_node] block 0e6da7f08ff1dad2 at height 1255 accepted (tip 1255)
[2026-10-09T06:31:18.369Z INFO  blacksilk_node] block 1286dbb8b93117cd at height 1256 accepted (tip 1256)
[2026-10-09T06:31:42.067Z INFO  blacksilk_node] block eaca44fdf38e673e at height 1257 accepted (tip 1257)
[2026-10-09T06:31:47.711Z INFO  blacksilk_node] block ffe61ee05a7087f5 at height 1258 accepted (tip 1258)
[2026-10-09T06:31:53.973Z INFO  blacksilk_node] block 599a05fccde70261 at height 1259 accepted (tip 1259)
[2026-10-09T06:31:59.057Z INFO  blacksilk_node] block f611d746ccc85e21 at height 1260 accepted (tip 1260)
[2026-10-09T06:32:09.338Z INFO  blacksilk_node] block 1decfdd5825a4cbd at height 1261 accepted (tip 1261)
[2026-10-09T06:32:23.466Z INFO  blacksilk_node] block efa1ffd834974695 at height 1262 accepted (tip 1262)
[2026-10-09T06:32:24.595Z INFO  blacksilk_node] block cf9a1fc73c798b0d at height 1263 accepted (tip 1263)
[2026-10-09T06:32:25.618Z INFO  blacksilk_node] block f59572aa070b7bbc at height 1263 accepted (tip 1263)
[2026-10-09T06:32:28.486Z INFO  blacksilk_node] block 73e34ce53de44f4b at height 1264 accepted (tip 1264)
[2026-10-09T06:32:30.323Z INFO  blacksilk_node] block 7d8762a16e759e54 at height 1265 accepted (tip 1265)
[2026-10-09T06:32:49.440Z INFO  blacksilk_node] block 266b35aef9fad1a4 at height 1266 accepted (tip 1266)
[2026-10-09T06:32:50.805Z INFO  blacksilk_node] block 084a06bd03d30ac1 at height 1267 accepted (tip 1267)
[2026-10-09T06:32:53.474Z INFO  blacksilk_node] block 0dce4e0ebc3d3ffc at height 1268 accepted (tip 1268)
[2026-10-09T06:32:56.865Z INFO  blacksilk_node] block 7a3d59b6838aafbe at height 1269 accepted (tip 1269)
[2026-10-09T06:33:25.364Z INFO  blacksilk_node] block 2149c47d71837c37 at height 1270 accepted (tip 1270)
[2026-10-09T06:33:27.296Z INFO  blacksilk_node] block 6ef0dad86d0cc096 at height 1271 accepted (tip 1271)
[2026-10-09T06:33:30.570Z INFO  blacksilk_node] block 047c238cfca21424 at height 1272 accepted (tip 1272)
[2026-10-09T06:33:55.373Z INFO  blacksilk_node] block f9323d25e10d6ff4 at height 1273 accepted (tip 1273)
[2026-10-09T06:33:59.163Z INFO  blacksilk_node] block 2d9bc16edaa4da06 at height 1274 accepted (tip 1274)
[2026-10-09T06:34:01.006Z INFO  blacksilk_node] block 3002b32f20a83a3d at height 1275 accepted (tip 1275)
[2026-10-09T06:34:07.548Z INFO  blacksilk_node] block 372c25af8f9d2379 at height 1276 accepted (tip 1276)
[2026-10-09T06:34:12.966Z INFO  blacksilk_node] block 2860ef707618d96f at height 1277 accepted (tip 1277)
[2026-10-09T06:34:23.106Z INFO  blacksilk_node] block 9744c6f93f2e7225 at height 1278 accepted (tip 1278)
[2026-10-09T06:34:28.506Z INFO  blacksilk_node] block 874445fdd46c0391 at height 1279 accepted (tip 1279)
[2026-10-09T06:34:37.507Z INFO  blacksilk_node] block 14356661e2a3ccc8 at height 1280 accepted (tip 1280)
[2026-10-09T06:34:38.508Z INFO  blacksilk_node] block c26dbab755ce9e82 at height 1280 accepted (tip 1280)
[2026-10-09T06:34:49.241Z INFO  blacksilk_node] block 8483d774e63f442b at height 1281 accepted (tip 1281)
[2026-10-09T06:35:08.172Z INFO  blacksilk_node] block 92f2fd8f77d91074 at height 1282 accepted (tip 1282)
[2026-10-09T06:35:18.156Z INFO  blacksilk_node] block 4ee0c7eb57acfd71 at height 1283 accepted (tip 1283)
[2026-10-09T06:35:32.795Z INFO  blacksilk_node] block 89eeb09819801ffa at height 1284 accepted (tip 1284)
[2026-10-09T06:35:41.763Z INFO  blacksilk_node] block 8694f799a48bcba9 at height 1285 accepted (tip 1285)
[2026-10-09T06:35:50.078Z INFO  blacksilk_node] block d888df8ef988a938 at height 1286 accepted (tip 1286)
[2026-10-09T06:35:51.044Z INFO  blacksilk_node] block 384721ef64b4037a at height 1286 accepted (tip 1286)
[2026-10-09T06:36:03.427Z INFO  blacksilk_node] block 1100f92dfc9cfad2 at height 1287 accepted (tip 1287)
[2026-10-09T06:36:11.035Z INFO  blacksilk_node] block e4c78aba9bd2016f at height 1288 accepted (tip 1288)
[2026-10-09T06:36:35.385Z INFO  blacksilk_node] block 1d9022549042ff2f at height 1289 accepted (tip 1289)
[2026-10-09T06:36:50.797Z INFO  blacksilk_node] block 974b9e8f1de5f4ab at height 1290 accepted (tip 1290)
[2026-10-09T06:37:09.822Z INFO  blacksilk_node] block 3370694a2c431e4b at height 1291 accepted (tip 1291)
[2026-10-09T06:37:14.773Z INFO  blacksilk_node] block 5acfc07acafc35ce at height 1292 accepted (tip 1292)
[2026-10-09T06:37:17.288Z INFO  blacksilk_node] block da314cf4c7cfd8ce at height 1293 accepted (tip 1293)
[2026-10-09T06:37:18.511Z INFO  blacksilk_node] block 72d1293b4ca84dea at height 1294 accepted (tip 1294)
[2026-10-09T06:37:25.629Z INFO  blacksilk_node] block b6413181fea22f28 at height 1295 accepted (tip 1295)
[2026-10-09T06:37:33.051Z INFO  blacksilk_node] block 8bcb92dcec60459f at height 1296 accepted (tip 1296)
[2026-10-09T06:37:36.186Z INFO  blacksilk_node] block 11a7a85c7cc90ef6 at height 1297 accepted (tip 1297)
[2026-10-09T06:37:52.574Z INFO  blacksilk_node] block b380255119dab1f5 at height 1298 accepted (tip 1298)
[2026-10-09T06:38:05.456Z INFO  blacksilk_node] block 6c43e6db3d86542b at height 1299 accepted (tip 1299)
[2026-10-09T06:38:09.442Z INFO  blacksilk_node] block e5370af5bc654ce1 at height 1300 accepted (tip 1300)
[2026-10-09T06:38:14.727Z INFO  blacksilk_node] block bcff0c60ff1194e7 at height 1301 accepted (tip 1301)
[2026-10-09T06:38:43.328Z INFO  blacksilk_node] block 536734c4cdbd04d7 at height 1302 accepted (tip 1302)
[2026-10-09T06:38:44.995Z INFO  blacksilk_node] block 1c7a5a9e1e67eb2f at height 1303 accepted (tip 1303)
[2026-10-09T06:39:03.520Z INFO  blacksilk_node] block 3d8ddbcb12475694 at height 1304 accepted (tip 1304)
[2026-10-09T06:39:04.601Z INFO  blacksilk_node] block 2c4fc5cb6b38e555 at height 1304 accepted (tip 1304)
[2026-10-09T06:39:06.384Z INFO  blacksilk_node] block f9cf0d96972bd364 at height 1305 accepted (tip 1305)
[2026-10-09T06:39:10.095Z INFO  blacksilk_node] block ece2918e4aaf12eb at height 1306 accepted (tip 1306)
[2026-10-09T06:39:19.498Z INFO  blacksilk_node] block 0ec08e2621670037 at height 1307 accepted (tip 1307)
[2026-10-09T06:39:28.609Z INFO  blacksilk_node] block 6ebd25a17dd34f78 at height 1308 accepted (tip 1308)
[2026-10-09T06:39:30.196Z INFO  blacksilk_node] block e117e7d25ea1c1ed at height 1309 accepted (tip 1309)
[2026-10-09T06:39:31.932Z INFO  blacksilk_node] block 73b4853c6aacc4fe at height 1310 accepted (tip 1310)
[2026-10-09T06:39:41.043Z INFO  blacksilk_node] block 3ce2ba565f619348 at height 1311 accepted (tip 1311)
[2026-10-09T06:39:58.800Z INFO  blacksilk_node] block a53d9480e06039d4 at height 1312 accepted (tip 1312)
[2026-10-09T06:40:14.468Z INFO  blacksilk_node] block c281e598d4958eef at height 1313 accepted (tip 1313)
[2026-10-09T06:40:19.310Z INFO  blacksilk_node] block e2a161c8d61ab76b at height 1314 accepted (tip 1314)
[2026-10-09T06:40:23.865Z INFO  blacksilk_node] block f874ec2827f8bb64 at height 1315 accepted (tip 1315)
[2026-10-09T06:40:32.689Z INFO  blacksilk_node] block d20ffa5c1989619b at height 1316 accepted (tip 1316)
[2026-10-09T06:40:44.280Z INFO  blacksilk_node] block 99f177bc3a4dd26f at height 1317 accepted (tip 1317)
[2026-10-09T06:40:46.062Z INFO  blacksilk_node] block b67ff2b9bf2259c5 at height 1318 accepted (tip 1318)
[2026-10-09T06:40:57.409Z INFO  blacksilk_node] block 22473540c550e263 at height 1319 accepted (tip 1319)
[2026-10-09T06:41:07.434Z INFO  blacksilk_node] block cfe622c13b4c6a58 at height 1320 accepted (tip 1320)
[2026-10-09T06:41:15.268Z INFO  blacksilk_node] block 6c2dea5b3ed728b3 at height 1321 accepted (tip 1321)
[2026-10-09T06:41:18.578Z INFO  blacksilk_node] block 820d99fdecedd366 at height 1322 accepted (tip 1322)
[2026-10-09T06:41:35.748Z INFO  blacksilk_node] block b7ef7ae76a07a8c0 at height 1323 accepted (tip 1323)
[2026-10-09T06:41:39.643Z INFO  blacksilk_node] block 1bd1327db88741d1 at height 1324 accepted (tip 1324)
[2026-10-09T06:41:43.866Z INFO  blacksilk_node] block fc3d6fa3de5f6a1f at height 1325 accepted (tip 1325)
[2026-10-09T06:41:57.436Z INFO  blacksilk_node] block f64cdf11edf82e61 at height 1326 accepted (tip 1326)
[2026-10-09T06:42:03.272Z INFO  blacksilk_node] block 4ceac01e85d2547b at height 1327 accepted (tip 1327)
[2026-10-09T06:42:12.425Z INFO  blacksilk_node] block cfa65b9bdcd3dba4 at height 1328 accepted (tip 1328)
[2026-10-09T06:42:21.602Z INFO  blacksilk_node] block 8aae93e4143a675b at height 1329 accepted (tip 1329)
[2026-10-09T06:42:22.639Z INFO  blacksilk_node] block 924fc344af0a1fa2 at height 1329 accepted (tip 1329)
[2026-10-09T06:42:32.714Z INFO  blacksilk_node] block 0d583c7c14c269cd at height 1330 accepted (tip 1330)
[2026-10-09T06:42:41.979Z INFO  blacksilk_node] block 1a02d25ff0c67bc5 at height 1331 accepted (tip 1331)
[2026-10-09T06:42:46.739Z INFO  blacksilk_node] block 514333282cd134ab at height 1332 accepted (tip 1332)
[2026-10-09T06:42:55.079Z INFO  blacksilk_node] block c3845cd7b53b9af9 at height 1333 accepted (tip 1333)
[2026-10-09T06:43:02.590Z INFO  blacksilk_node] block a5e18db45faf308e at height 1334 accepted (tip 1334)
[2026-10-09T06:43:12.138Z INFO  blacksilk_node] block a0118e95d8c7517d at height 1335 accepted (tip 1335)
[2026-10-09T06:43:17.944Z INFO  blacksilk_node] block 69e637ba2f050530 at height 1336 accepted (tip 1336)
[2026-10-09T06:43:37.191Z INFO  blacksilk_node] block 6fa3f17bbb7df9b9 at height 1337 accepted (tip 1337)
[2026-10-09T06:44:00.711Z INFO  blacksilk_node] block 9302b3a950a91e8f at height 1338 accepted (tip 1338)
[2026-10-09T06:44:09.575Z INFO  blacksilk_node] block 6fb2843b920c0da0 at height 1339 accepted (tip 1339)
[2026-10-09T06:44:13.879Z INFO  blacksilk_node] block f20bd4b81107185f at height 1340 accepted (tip 1340)
[2026-10-09T06:44:14.919Z INFO  blacksilk_node] block fce673cccea13281 at height 1340 accepted (tip 1340)
[2026-10-09T06:44:29.625Z INFO  blacksilk_node] block 70c51baf751a4a35 at height 1341 accepted (tip 1341)
[2026-10-09T06:44:42.298Z INFO  blacksilk_node] block 275270a58aec2cc3 at height 1342 accepted (tip 1342)
[2026-10-09T06:44:46.797Z INFO  blacksilk_node] block 6106d3a8e8001528 at height 1343 accepted (tip 1343)
[2026-10-09T06:44:57.549Z INFO  blacksilk_node] block 09a80b5c8b3051ef at height 1344 accepted (tip 1344)
[2026-10-09T06:45:06.187Z INFO  blacksilk_node] block d407ec8d4a9f62e8 at height 1345 accepted (tip 1345)
[2026-10-09T06:45:07.208Z INFO  blacksilk_node] block 81526fa1ed706adb at height 1345 accepted (tip 1345)
[2026-10-09T06:45:08.235Z INFO  blacksilk_node] block 90bfa70648d47f4f at height 1345 accepted (tip 1345)
[2026-10-09T06:45:15.129Z INFO  blacksilk_node] block 36ad1401a76ad19d at height 1346 accepted (tip 1346)
[2026-10-09T06:45:36.245Z INFO  blacksilk_node] block 1b15fc5b901d85d4 at height 1347 accepted (tip 1347)
[2026-10-09T06:45:41.617Z INFO  blacksilk_node] block 8f8492b87fb0a222 at height 1348 accepted (tip 1348)
[2026-10-09T06:45:44.015Z INFO  blacksilk_node] block 69a62ce60ed29cf3 at height 1349 accepted (tip 1349)
[2026-10-09T06:45:45.299Z INFO  blacksilk_node] block 17ca9d2eb14b39a4 at height 1350 accepted (tip 1350)
[2026-10-09T06:45:52.921Z INFO  blacksilk_node] block d1bf8db551a5a438 at height 1351 accepted (tip 1351)
[2026-10-09T06:45:57.347Z INFO  blacksilk_node] block a1b7735b37537ccc at height 1352 accepted (tip 1352)
[2026-10-09T06:45:59.388Z INFO  blacksilk_node] block 2a8e0cbc79c97bb0 at height 1353 accepted (tip 1353)
[2026-10-09T06:47:37.697Z INFO  blacksilk_node] block eeffbe979f1a0b5d at height 1354 accepted (tip 1354)
[2026-10-09T06:47:38.757Z INFO  blacksilk_node] block bd1dbe11540384aa at height 1354 accepted (tip 1354)
[2026-10-09T06:47:47.575Z INFO  blacksilk_node] block 4d7837bba3fecce5 at height 1355 accepted (tip 1355)
[2026-10-09T06:47:53.925Z INFO  blacksilk_node] block 0c8c4cb28bfb00f0 at height 1356 accepted (tip 1356)
[2026-10-09T06:47:55.704Z INFO  blacksilk_node] block 34fbe90d764abdb3 at height 1357 accepted (tip 1357)
[2026-10-09T06:48:02.264Z INFO  blacksilk_node] block 5488e85b7f191cc3 at height 1358 accepted (tip 1358)
[2026-10-09T06:48:09.255Z INFO  blacksilk_node] block c59af694a31b9af4 at height 1359 accepted (tip 1359)
[2026-10-09T06:48:11.059Z INFO  blacksilk_node] block bcc99d9bed7fb9ae at height 1360 accepted (tip 1360)
[2026-10-09T06:48:19.357Z INFO  blacksilk_node] block 9ed906ea39d1447c at height 1361 accepted (tip 1361)
[2026-10-09T06:48:22.645Z INFO  blacksilk_node] block 580ddf2c22dd4716 at height 1362 accepted (tip 1362)
[2026-10-09T06:48:42.497Z INFO  blacksilk_node] block 7db5e8bf1b934016 at height 1363 accepted (tip 1363)
[2026-10-09T06:48:50.328Z INFO  blacksilk_node] block 0b053a584b49984f at height 1364 accepted (tip 1364)
[2026-10-09T06:49:11.332Z INFO  blacksilk_node] block 1ce324fc5a929b48 at height 1365 accepted (tip 1365)
[2026-10-09T06:49:12.886Z INFO  blacksilk_node] block fdda6cb382e1a8c9 at height 1366 accepted (tip 1366)
[2026-10-09T06:49:29.151Z INFO  blacksilk_node] block e05f943c81f2dfad at height 1367 accepted (tip 1367)
[2026-10-09T06:49:31.428Z INFO  blacksilk_node] block f9f3605f7c51aa8e at height 1368 accepted (tip 1368)
[2026-10-09T06:49:33.549Z INFO  blacksilk_node] block 29ff56cb81ae749b at height 1369 accepted (tip 1369)
[2026-10-09T06:49:43.301Z INFO  blacksilk_node] block 32fc00608d5f79d3 at height 1370 accepted (tip 1370)
[2026-10-09T06:49:46.280Z INFO  blacksilk_node] block d5a1d9fbf2b1bcf4 at height 1371 accepted (tip 1371)
[2026-10-09T06:49:54.517Z INFO  blacksilk_node] block 65f8dfcfbb88f3a0 at height 1372 accepted (tip 1372)
[2026-10-09T06:50:01.395Z INFO  blacksilk_node] block 1debc540d8a9ee69 at height 1373 accepted (tip 1373)
[2026-10-09T06:50:02.408Z INFO  blacksilk_node] block baade6b0a14c31f2 at height 1373 accepted (tip 1373)
[2026-10-09T06:50:03.622Z INFO  blacksilk_node] block f2d244f4e853379b at height 1374 accepted (tip 1374)
[2026-10-09T06:50:12.874Z INFO  blacksilk_node] block 5110e9f8682485ab at height 1375 accepted (tip 1375)
[2026-10-09T06:50:15.869Z INFO  blacksilk_node] block 04f15276b666b43c at height 1376 accepted (tip 1376)
[2026-10-09T06:50:43.624Z INFO  blacksilk_node] block 6717e1f62f88145f at height 1377 accepted (tip 1377)
[2026-10-09T06:50:56.731Z INFO  blacksilk_node] block 9094b4bc9cc17c86 at height 1378 accepted (tip 1378)
[2026-10-09T06:51:03.381Z INFO  blacksilk_node] block d7c1dc337e6f17e6 at height 1379 accepted (tip 1379)
[2026-10-09T06:51:28.272Z INFO  blacksilk_node] block 1c2336592e34d5af at height 1380 accepted (tip 1380)
[2026-10-09T06:51:30.467Z INFO  blacksilk_node] block eb3e1687d8d3a04a at height 1381 accepted (tip 1381)
[2026-10-09T06:51:33.073Z INFO  blacksilk_node] block 5d4ea6723c9f364a at height 1382 accepted (tip 1382)
[2026-10-09T06:51:42.893Z INFO  blacksilk_node] block 3d5a3e9283059be5 at height 1383 accepted (tip 1383)
[2026-10-09T06:51:47.608Z INFO  blacksilk_node] block 188ad5edf8bd7dcc at height 1384 accepted (tip 1384)
[2026-10-09T06:52:11.622Z INFO  blacksilk_node] block c9f8fcb7fb959335 at height 1385 accepted (tip 1385)
[2026-10-09T06:52:13.231Z INFO  blacksilk_node] block 21d6e2339b5769b5 at height 1386 accepted (tip 1386)
[2026-10-09T06:52:19.467Z INFO  blacksilk_node] block 92fa50c7f415c301 at height 1387 accepted (tip 1387)
[2026-10-09T06:52:22.510Z INFO  blacksilk_node] block 98c11f3ab6ebaf38 at height 1388 accepted (tip 1388)
[2026-10-09T06:52:56.171Z INFO  blacksilk_node] block 799a2251b8118569 at height 1389 accepted (tip 1389)
[2026-10-09T06:53:04.530Z INFO  blacksilk_node] block 58ce0bce9fa94089 at height 1390 accepted (tip 1390)
[2026-10-09T06:53:11.380Z INFO  blacksilk_node] block 0d42911d2fe0060e at height 1391 accepted (tip 1391)
[2026-10-09T06:53:21.411Z INFO  blacksilk_node] block 4c47ac0d63ac266c at height 1392 accepted (tip 1392)
[2026-10-09T06:53:27.144Z INFO  blacksilk_node] block 2f06fd2a4b1b4149 at height 1393 accepted (tip 1393)
[2026-10-09T06:53:31.372Z INFO  blacksilk_node] block 094c6ee643f88c84 at height 1394 accepted (tip 1394)
[2026-10-09T06:53:34.931Z INFO  blacksilk_node] block 3f0402f06343cdf3 at height 1395 accepted (tip 1395)
[2026-10-09T06:53:37.545Z INFO  blacksilk_node] block c458ee55e2f1b528 at height 1396 accepted (tip 1396)
[2026-10-09T06:53:45.091Z INFO  blacksilk_node] block 12e2d1bce9513124 at height 1397 accepted (tip 1397)
[2026-10-09T06:54:16.251Z INFO  blacksilk_node] block 4329fa869f5b2d18 at height 1398 accepted (tip 1398)
[2026-10-09T06:54:20.349Z INFO  blacksilk_node] block be58b26943a33549 at height 1399 accepted (tip 1399)
[2026-10-09T06:54:26.214Z INFO  blacksilk_node] block 65b15eee382620af at height 1400 accepted (tip 1400)
[2026-10-09T06:54:34.835Z INFO  blacksilk_node] block 06866d7dcf030fb0 at height 1401 accepted (tip 1401)
[2026-10-09T06:54:42.413Z INFO  blacksilk_node] block 23c8b5caf2582b83 at height 1402 accepted (tip 1402)
[2026-10-09T06:54:49.063Z INFO  blacksilk_node] block 52e1e3ded2da7884 at height 1403 accepted (tip 1403)
[2026-10-09T06:55:22.032Z INFO  blacksilk_node] block de0f6f375520e0f6 at height 1404 accepted (tip 1404)
[2026-10-09T06:55:57.347Z INFO  blacksilk_node] block fe2ef739ae89df55 at height 1405 accepted (tip 1405)
[2026-10-09T06:56:13.878Z INFO  blacksilk_node] block 9e3a108740433c58 at height 1406 accepted (tip 1406)
[2026-10-09T06:56:14.897Z INFO  blacksilk_node] block e8d9c7decbdb36c8 at height 1406 accepted (tip 1406)
[2026-10-09T06:56:17.813Z INFO  blacksilk_node] block 13666c7595f94b83 at height 1407 accepted (tip 1407)
[2026-10-09T06:57:02.399Z INFO  blacksilk_node] block e2f93aacbb5344b3 at height 1408 accepted (tip 1408)
[2026-10-09T06:57:04.106Z INFO  blacksilk_node] block 488d52a065bf29ee at height 1409 accepted (tip 1409)
[2026-10-09T06:57:33.792Z INFO  blacksilk_node] block 36a43bc9ed0def8f at height 1410 accepted (tip 1410)
[2026-10-09T06:57:37.898Z INFO  blacksilk_node] block ae1097dfb48944bf at height 1411 accepted (tip 1411)
[2026-10-09T06:57:51.837Z INFO  blacksilk_node] block 8a14e45b9665bbd3 at height 1412 accepted (tip 1412)
[2026-10-09T06:58:02.924Z INFO  blacksilk_node] block aeefb9942170f500 at height 1413 accepted (tip 1413)
[2026-10-09T06:58:07.171Z INFO  blacksilk_node] block 11ff1f84f3914376 at height 1414 accepted (tip 1414)
[2026-10-09T06:58:59.287Z INFO  blacksilk_node] block 5460c1017cd78bdb at height 1415 accepted (tip 1415)
[2026-10-09T06:59:00.598Z INFO  blacksilk_node] block 474bf5ef144f01ce at height 1416 accepted (tip 1416)
[2026-10-09T06:59:19.168Z INFO  blacksilk_node] block a60c15a8e0d541a6 at height 1417 accepted (tip 1417)
[2026-10-09T06:59:20.955Z INFO  blacksilk_node] block 33257deee6ffa5d4 at height 1418 accepted (tip 1418)
[2026-10-09T06:59:40.366Z INFO  blacksilk_node] block 2299f51c2b783c7a at height 1419 accepted (tip 1419)
[2026-10-09T06:59:41.377Z INFO  blacksilk_node] block 41e9c96919e33d49 at height 1419 accepted (tip 1419)
[2026-10-09T06:59:48.954Z INFO  blacksilk_node] block 7e22ae02019f6b8e at height 1420 accepted (tip 1420)
[2026-10-09T06:59:50.097Z INFO  blacksilk_node] block a09b17f4cff8e2bd at height 1421 accepted (tip 1421)
[2026-10-09T06:59:52.614Z INFO  blacksilk_node] block fa282bedd7395432 at height 1422 accepted (tip 1422)
[2026-10-09T07:00:05.028Z INFO  blacksilk_node] block 3d47aebd96eb033a at height 1423 accepted (tip 1423)
[2026-10-09T07:00:21.668Z INFO  blacksilk_node] block 15a5f0ac6a715268 at height 1424 accepted (tip 1424)
[2026-10-09T07:00:30.159Z INFO  blacksilk_node] block 83c8a0df85eac498 at height 1425 accepted (tip 1425)
[2026-10-09T07:00:40.986Z INFO  blacksilk_node] block 9f5d666fa6bfb7c7 at height 1426 accepted (tip 1426)
[2026-10-09T07:00:54.184Z INFO  blacksilk_node] block eb1c628460df7707 at height 1427 accepted (tip 1427)
[2026-10-09T07:00:55.172Z INFO  blacksilk_node] block 85d42d2f676ca862 at height 1427 accepted (tip 1427)
[2026-10-09T07:01:12.110Z INFO  blacksilk_node] block 57b5b58b65d72519 at height 1428 accepted (tip 1428)
[2026-10-09T07:01:22.792Z INFO  blacksilk_node] block c4c1e5bc54dd7115 at height 1429 accepted (tip 1429)
[2026-10-09T07:01:26.259Z INFO  blacksilk_node] block 4d0bfa8918133199 at height 1430 accepted (tip 1430)
[2026-10-09T07:01:46.892Z INFO  blacksilk_node] block 1cc870bc52b76391 at height 1431 accepted (tip 1431)
[2026-10-09T07:01:48.968Z INFO  blacksilk_node] block d9f80cf86bea60cd at height 1432 accepted (tip 1432)
[2026-10-09T07:01:52.279Z INFO  blacksilk_node] block 8fe73550608debf9 at height 1433 accepted (tip 1433)
[2026-10-09T07:01:55.956Z INFO  blacksilk_node] block 17d310403c886917 at height 1434 accepted (tip 1434)
[2026-10-09T07:02:05.300Z INFO  blacksilk_node] block 18e0354e724f1c2c at height 1435 accepted (tip 1435)
[2026-10-09T07:02:10.237Z INFO  blacksilk_node] block e3e8cc3f00cc3d99 at height 1436 accepted (tip 1436)
[2026-10-09T07:02:19.684Z INFO  blacksilk_node] block 0abd54ba942fc4bf at height 1437 accepted (tip 1437)
[2026-10-09T07:02:20.706Z INFO  blacksilk_node] block ee3a2f85a30f8aa2 at height 1437 accepted (tip 1437)
[2026-10-09T07:02:37.182Z INFO  blacksilk_node] block 4d992ddddf85d0a2 at height 1438 accepted (tip 1438)
[2026-10-09T07:02:51.635Z INFO  blacksilk_node] block dc742291c8f4a07d at height 1439 accepted (tip 1439)
[2026-10-09T07:03:20.927Z INFO  blacksilk_node] block 5a6109a46a73346a at height 1440 accepted (tip 1440)
[2026-10-09T07:03:22.327Z INFO  blacksilk_node] block b446321ea83b118c at height 1441 accepted (tip 1441)
[2026-10-09T07:03:27.209Z INFO  blacksilk_node] block 98faf6cd7336a457 at height 1442 accepted (tip 1442)
[2026-10-09T07:03:55.057Z INFO  blacksilk_node] block c16a7c723d12a0fb at height 1443 accepted (tip 1443)
[2026-10-09T07:04:05.233Z INFO  blacksilk_node] block 5905dfe30e29f839 at height 1444 accepted (tip 1444)
[2026-10-09T07:04:20.789Z INFO  blacksilk_node] block 0dbc94b7514801ce at height 1445 accepted (tip 1445)
[2026-10-09T07:04:22.078Z INFO  blacksilk_node] block d2fe3a1af91c362d at height 1446 accepted (tip 1446)
[2026-10-09T07:04:23.076Z INFO  blacksilk_node] block cb37701264841a64 at height 1446 accepted (tip 1446)
[2026-10-09T07:04:24.094Z INFO  blacksilk_node] block de1f0ba06a1e0e4f at height 1447 accepted (tip 1447)
[2026-10-09T07:04:27.120Z INFO  blacksilk_node] block ad440b20e8335f83 at height 1448 accepted (tip 1448)
[2026-10-09T07:04:38.789Z INFO  blacksilk_node] block 3293fcc9d3324a89 at height 1449 accepted (tip 1449)
[2026-10-09T07:04:41.601Z INFO  blacksilk_node] block 0811760d6c836652 at height 1450 accepted (tip 1450)
[2026-10-09T07:05:13.573Z INFO  blacksilk_node] block 5cf425827beb484c at height 1451 accepted (tip 1451)
[2026-10-09T07:05:27.413Z INFO  blacksilk_node] block 5dbe994035cb27ee at height 1452 accepted (tip 1452)
[2026-10-09T07:05:44.500Z INFO  blacksilk_node] block d73340e3a3ae9c39 at height 1453 accepted (tip 1453)
[2026-10-09T07:05:55.359Z INFO  blacksilk_node] block 9f2bc813d0d2cdda at height 1454 accepted (tip 1454)
[2026-10-09T07:05:57.662Z INFO  blacksilk_node] block d45f265fd99d7ccb at height 1455 accepted (tip 1455)
[2026-10-09T07:06:17.672Z INFO  blacksilk_node] block cf1b0700f4cfd846 at height 1456 accepted (tip 1456)
[2026-10-09T07:06:20.220Z INFO  blacksilk_node] block 004170a421e6f8b2 at height 1457 accepted (tip 1457)
[2026-10-09T07:06:23.389Z INFO  blacksilk_node] block 185de2d75fc71bf2 at height 1458 accepted (tip 1458)
[2026-10-09T07:06:24.441Z INFO  blacksilk_node] block 921f0bd186710282 at height 1458 accepted (tip 1458)
[2026-10-09T07:06:25.899Z INFO  blacksilk_node] block 155201c7f1976222 at height 1459 accepted (tip 1459)
[2026-10-09T07:06:27.497Z INFO  blacksilk_node] block 58501c993d45dbaa at height 1460 accepted (tip 1460)
[2026-10-09T07:06:29.071Z INFO  blacksilk_node] block a3e2c5e5d24a5656 at height 1461 accepted (tip 1461)
[2026-10-09T07:06:31.058Z INFO  blacksilk_node] block 57b57134bbb4c4eb at height 1462 accepted (tip 1462)
[2026-10-09T07:06:38.509Z INFO  blacksilk_node] block 8ef21d12aa5c6e0b at height 1463 accepted (tip 1463)
[2026-10-09T07:07:01.305Z INFO  blacksilk_node] block 8e9fe662f0b514ce at height 1464 accepted (tip 1464)
[2026-10-09T07:07:03.002Z INFO  blacksilk_node] block 76425ee1d0aa608d at height 1465 accepted (tip 1465)
[2026-10-09T07:07:13.234Z INFO  blacksilk_node] block 9c8b440202418c42 at height 1466 accepted (tip 1466)
[2026-10-09T07:07:16.587Z INFO  blacksilk_node] block 3f5166bf9496a1f6 at height 1467 accepted (tip 1467)
[2026-10-09T07:07:23.305Z INFO  blacksilk_node] block d4d84020d60033e3 at height 1468 accepted (tip 1468)
[2026-10-09T07:07:42.951Z INFO  blacksilk_node] block f8824aa8255834f8 at height 1469 accepted (tip 1469)
[2026-10-09T07:08:08.329Z INFO  blacksilk_node] block 6d374b3df1bac278 at height 1470 accepted (tip 1470)
[2026-10-09T07:08:20.636Z INFO  blacksilk_node] block 0bca34488da171f6 at height 1471 accepted (tip 1471)
[2026-10-09T07:08:31.039Z INFO  blacksilk_node] block af93e61f594f9716 at height 1472 accepted (tip 1472)
[2026-10-09T07:08:34.318Z INFO  blacksilk_node] block 94af384b477ea955 at height 1473 accepted (tip 1473)
[2026-10-09T07:09:19.631Z INFO  blacksilk_node] block c96e2391a786f793 at height 1474 accepted (tip 1474)
[2026-10-09T07:09:24.875Z INFO  blacksilk_node] block ea2cce5e9406fef0 at height 1475 accepted (tip 1475)
[2026-10-09T07:09:38.330Z INFO  blacksilk_node] block 39a46caf5c61c43f at height 1476 accepted (tip 1476)
[2026-10-09T07:09:39.628Z INFO  blacksilk_node] block d032efcb59a3bf34 at height 1477 accepted (tip 1477)
[2026-10-09T07:09:46.423Z INFO  blacksilk_node] block dbb01d6a097faca4 at height 1478 accepted (tip 1478)
[2026-10-09T07:09:52.869Z INFO  blacksilk_node] block c3e21a26657fe7a6 at height 1479 accepted (tip 1479)
[2026-10-09T07:10:02.128Z INFO  blacksilk_node] block 47587c8d13c89a82 at height 1480 accepted (tip 1480)
[2026-10-09T07:10:05.782Z INFO  blacksilk_node] block 5d8fc7c1317746b0 at height 1481 accepted (tip 1481)
[2026-10-09T07:10:20.172Z INFO  blacksilk_node] block 4613c1e61e3b2021 at height 1482 accepted (tip 1482)
[2026-10-09T07:10:22.292Z INFO  blacksilk_node] block 460a5ea727aa3a2c at height 1483 accepted (tip 1483)
[2026-10-09T07:10:35.461Z INFO  blacksilk_node] block d7de262b4d1608a5 at height 1484 accepted (tip 1484)
[2026-10-09T07:10:36.456Z INFO  blacksilk_node] block 0efa2f0f9ba7962c at height 1484 accepted (tip 1484)
[2026-10-09T07:10:37.467Z INFO  blacksilk_node] block 0c6fbf1e12a3348b at height 1485 accepted (tip 1485)
[2026-10-09T07:10:46.656Z INFO  blacksilk_node] block 0140da4edd29267c at height 1486 accepted (tip 1486)
[2026-10-09T07:11:04.558Z INFO  blacksilk_node] block b831d156f344604f at height 1487 accepted (tip 1487)
[2026-10-09T07:11:06.007Z INFO  blacksilk_node] block 5e3bda5a25f57246 at height 1488 accepted (tip 1488)
[2026-10-09T07:11:24.095Z INFO  blacksilk_node] block 3b9e8dc13f1f9163 at height 1489 accepted (tip 1489)
[2026-10-09T07:11:37.376Z INFO  blacksilk_node] block ca23823733ec779d at height 1490 accepted (tip 1490)
[2026-10-09T07:11:39.702Z INFO  blacksilk_node] block ab6d7a6668ca053c at height 1491 accepted (tip 1491)
[2026-10-09T07:11:52.891Z INFO  blacksilk_node] block f8db5d8ee8dd3e82 at height 1492 accepted (tip 1492)
[2026-10-09T07:12:19.286Z INFO  blacksilk_node] block 066c162661c0e41b at height 1493 accepted (tip 1493)
[2026-10-09T07:12:28.877Z INFO  blacksilk_node] block b045c59a7f623b07 at height 1494 accepted (tip 1494)
[2026-10-09T07:12:52.228Z INFO  blacksilk_node] block cb2acbf578714907 at height 1495 accepted (tip 1495)
[2026-10-09T07:12:58.970Z INFO  blacksilk_node] block 7fafdee0d275c4e5 at height 1496 accepted (tip 1496)
[2026-10-09T07:13:05.411Z INFO  blacksilk_node] block 6224e4cf133013d7 at height 1497 accepted (tip 1497)
[2026-10-09T07:13:09.653Z INFO  blacksilk_node] block 011f77a4cb0303b7 at height 1498 accepted (tip 1498)
[2026-10-09T07:13:24.274Z INFO  blacksilk_node] block 6c1c0cad5920cd4e at height 1499 accepted (tip 1499)
[2026-10-09T07:13:33.545Z INFO  blacksilk_node] block 1a1d7cc2962c0a64 at height 1500 accepted (tip 1500)
[2026-10-09T07:13:34.534Z INFO  blacksilk_node] block 1b8169b2acc76211 at height 1500 accepted (tip 1500)
[2026-10-09T07:13:36.367Z INFO  blacksilk_node] block e3a350d16d274022 at height 1501 accepted (tip 1501)
[2026-10-09T07:14:04.515Z INFO  blacksilk_node] block 6593df3002ed8339 at height 1502 accepted (tip 1502)
[2026-10-09T07:14:05.504Z INFO  blacksilk_node] block 1c5ce650abf6aca1 at height 1502 accepted (tip 1502)
[2026-10-09T07:14:08.881Z INFO  blacksilk_node] block 0e6b4607974259e0 at height 1503 accepted (tip 1503)
[2026-10-09T07:14:26.376Z INFO  blacksilk_node] block e42f7d84f1449414 at height 1504 accepted (tip 1504)
[2026-10-09T07:14:33.409Z INFO  blacksilk_node] block 4a40750c30feeb4c at height 1505 accepted (tip 1505)
[2026-10-09T07:14:43.569Z INFO  blacksilk_node] block 5af69970a89d9af2 at height 1506 accepted (tip 1506)
[2026-10-09T07:15:03.079Z INFO  blacksilk_node] block d112ffca58f650ca at height 1507 accepted (tip 1507)
[2026-10-09T07:15:04.187Z INFO  blacksilk_node] block 6be708eb4ae130ab at height 1507 accepted (tip 1507)
[2026-10-09T07:15:21.701Z INFO  blacksilk_node] block ffccd43e4413d308 at height 1508 accepted (tip 1508)
[2026-10-09T07:15:54.015Z INFO  blacksilk_node] block 59fdc1f41e6b8ed7 at height 1509 accepted (tip 1509)
[2026-10-09T07:16:02.641Z INFO  blacksilk_node] block f80acb3fafbe858d at height 1510 accepted (tip 1510)
[2026-10-09T07:16:10.165Z INFO  blacksilk_node] block ebaee8a2ce54ce5f at height 1511 accepted (tip 1511)
[2026-10-09T07:16:14.030Z INFO  blacksilk_node] block e0dfa6b90b877d63 at height 1512 accepted (tip 1512)
[2026-10-09T07:16:24.440Z INFO  blacksilk_node] block 32e5aff581e00b64 at height 1513 accepted (tip 1513)
[2026-10-09T07:16:27.742Z INFO  blacksilk_node] block 4c8c630fe2ae619c at height 1514 accepted (tip 1514)
[2026-10-09T07:16:40.593Z INFO  blacksilk_node] block eadeaf1278156e20 at height 1515 accepted (tip 1515)
[2026-10-09T07:16:41.751Z INFO  blacksilk_node] block 6d3c3c08ada0e56b at height 1516 accepted (tip 1516)
[2026-10-09T07:16:54.925Z INFO  blacksilk_node] block 00f3c79cbddda8a4 at height 1517 accepted (tip 1517)
[2026-10-09T07:17:05.475Z INFO  blacksilk_node] block 2750e9b346759b5e at height 1518 accepted (tip 1518)
[2026-10-09T07:17:06.536Z INFO  blacksilk_node] block 510a510b7ceae60f at height 1518 accepted (tip 1518)
[2026-10-09T07:17:07.580Z INFO  blacksilk_node] block e1b045ed713ff4c9 at height 1519 accepted (tip 1519)
[2026-10-09T07:17:19.730Z INFO  blacksilk_node] block 02275800b7b5153f at height 1520 accepted (tip 1520)
[2026-10-09T07:17:24.264Z INFO  blacksilk_node] block 74aa32c39638d40d at height 1521 accepted (tip 1521)
[2026-10-09T07:17:44.222Z INFO  blacksilk_node] block 3fb32ff48dab34c4 at height 1522 accepted (tip 1522)
[2026-10-09T07:17:49.535Z INFO  blacksilk_node] block 6ac9f9863bfe3e39 at height 1523 accepted (tip 1523)
[2026-10-09T07:17:58.943Z INFO  blacksilk_node] block 5e333488eaebca42 at height 1524 accepted (tip 1524)
[2026-10-09T07:18:04.377Z INFO  blacksilk_node] block eb508bfcf00e925f at height 1525 accepted (tip 1525)
[2026-10-09T07:18:24.371Z INFO  blacksilk_node] block a0fdbc858a8011d5 at height 1526 accepted (tip 1526)
[2026-10-09T07:18:36.334Z INFO  blacksilk_node] block fcfa98481136ac7b at height 1527 accepted (tip 1527)
[2026-10-09T07:18:46.930Z INFO  blacksilk_node] block a929d17c19f4feca at height 1528 accepted (tip 1528)
[2026-10-09T07:18:50.003Z INFO  blacksilk_node] block f3d71f5a545f0df5 at height 1529 accepted (tip 1529)
[2026-10-09T07:18:54.156Z INFO  blacksilk_node] block 26513b5237f1bf21 at height 1530 accepted (tip 1530)
[2026-10-09T07:19:20.793Z INFO  blacksilk_node] block d748bffcb963ac73 at height 1531 accepted (tip 1531)
[2026-10-09T07:19:21.783Z INFO  blacksilk_node] block b21c141295dc26f1 at height 1531 accepted (tip 1531)
[2026-10-09T07:19:22.786Z INFO  blacksilk_node] block 6f2f3065025f0923 at height 1531 accepted (tip 1531)
[2026-10-09T07:19:33.485Z INFO  blacksilk_node] block b5fdaede1ad5e9be at height 1532 accepted (tip 1532)
[2026-10-09T07:19:35.308Z INFO  blacksilk_node] block 66e66979bad70736 at height 1533 accepted (tip 1533)
[2026-10-09T07:19:51.146Z INFO  blacksilk_node] block 926a1bc9d000c01b at height 1534 accepted (tip 1534)
[2026-10-09T07:19:52.126Z INFO  blacksilk_node] block 400e026e257663b8 at height 1534 accepted (tip 1534)
[2026-10-09T07:19:56.879Z INFO  blacksilk_node] block bc8f760fc2dea8ce at height 1535 accepted (tip 1535)
[2026-10-09T07:20:00.082Z INFO  blacksilk_node] block a078fbd0d02eee53 at height 1536 accepted (tip 1536)
[2026-10-09T07:20:02.030Z INFO  blacksilk_node] block d08d20eceacedad2 at height 1537 accepted (tip 1537)
[2026-10-09T07:20:13.019Z INFO  blacksilk_node] block 2d646e7f14a441b0 at height 1538 accepted (tip 1538)
[2026-10-09T07:20:18.809Z INFO  blacksilk_node] block 93d5f75778cb48fe at height 1539 accepted (tip 1539)
[2026-10-09T07:20:54.693Z INFO  blacksilk_node] block e6fcff00dab98346 at height 1540 accepted (tip 1540)
[2026-10-09T07:21:03.997Z INFO  blacksilk_node] block dbb1bee39060d4b6 at height 1541 accepted (tip 1541)
[2026-10-09T07:21:10.960Z INFO  blacksilk_node] block fb141a381dc14850 at height 1542 accepted (tip 1542)
[2026-10-09T07:21:11.977Z INFO  blacksilk_node] block 2f36f093262ce003 at height 1542 accepted (tip 1542)
[2026-10-09T07:21:13.100Z INFO  blacksilk_node] block 787ebd4c41c6f17e at height 1543 accepted (tip 1543)
[2026-10-09T07:21:14.104Z INFO  blacksilk_node] block 7f500dcf7d5f4430 at height 1543 accepted (tip 1543)
[2026-10-09T07:21:15.115Z INFO  blacksilk_node] block a2ff4633866f38db at height 1544 accepted (tip 1544)
[2026-10-09T07:21:22.808Z INFO  blacksilk_node] block e6c2deb868ea3bd1 at height 1545 accepted (tip 1545)
[2026-10-09T07:21:25.158Z INFO  blacksilk_node] block 211d60bf939a019d at height 1546 accepted (tip 1546)
[2026-10-09T07:21:28.938Z INFO  blacksilk_node] block da3c74ca854f7f5e at height 1547 accepted (tip 1547)
[2026-10-09T07:21:29.988Z INFO  blacksilk_node] block 4284b3070624f91c at height 1547 accepted (tip 1547)
[2026-10-09T07:21:30.997Z INFO  blacksilk_node] block 502cadcf93e9b1af at height 1548 accepted (tip 1548)
[2026-10-09T07:21:36.500Z INFO  blacksilk_node] block f5259bc535047f38 at height 1549 accepted (tip 1549)
[2026-10-09T07:22:28.020Z INFO  blacksilk_node] block ebdfe8715fc9d31b at height 1550 accepted (tip 1550)
[2026-10-09T07:22:29.806Z INFO  blacksilk_node] block 838f5f7949ff42c3 at height 1551 accepted (tip 1551)
[2026-10-09T07:22:32.155Z INFO  blacksilk_node] block 16193f99cceae5d7 at height 1552 accepted (tip 1552)
[2026-10-09T07:22:33.177Z INFO  blacksilk_node] block 921858dfa2dbb5ce at height 1552 accepted (tip 1552)
[2026-10-09T07:22:42.906Z INFO  blacksilk_node] block d949d7995c96800b at height 1553 accepted (tip 1553)
[2026-10-09T07:22:50.604Z INFO  blacksilk_node] block 8c57d121eef12f50 at height 1554 accepted (tip 1554)
[2026-10-09T07:22:52.379Z INFO  blacksilk_node] block 86cf52c6ecee0a45 at height 1555 accepted (tip 1555)
[2026-10-09T07:23:00.637Z INFO  blacksilk_node] block 70b63dc5f879ae87 at height 1556 accepted (tip 1556)
[2026-10-09T07:23:10.752Z INFO  blacksilk_node] block 06edd395291cdc3b at height 1557 accepted (tip 1557)
[2026-10-09T07:23:11.753Z INFO  blacksilk_node] block 9bb07c6019950aed at height 1557 accepted (tip 1557)
[2026-10-09T07:23:12.783Z INFO  blacksilk_node] block 99d46dc2cbe9fcb7 at height 1558 accepted (tip 1558)
[2026-10-09T07:23:29.009Z INFO  blacksilk_node] block cf53ff4da71f3cdc at height 1559 accepted (tip 1559)
[2026-10-09T07:23:30.622Z INFO  blacksilk_node] block d41b637f841bfc0f at height 1560 accepted (tip 1560)
[2026-10-09T07:23:31.636Z INFO  blacksilk_node] block bac90e6a2227d604 at height 1560 accepted (tip 1560)
[2026-10-09T07:23:32.677Z INFO  blacksilk_node] block 7f8b087d58ee2f73 at height 1561 accepted (tip 1561)
[2026-10-09T07:23:39.051Z INFO  blacksilk_node] block 82237aad9badcf1e at height 1562 accepted (tip 1562)
[2026-10-09T07:23:42.327Z INFO  blacksilk_node] block dc5a5d697dc028cb at height 1563 accepted (tip 1563)
[2026-10-09T07:23:56.092Z INFO  blacksilk_node] block 4d47f43d48d52d27 at height 1564 accepted (tip 1564)
[2026-10-09T07:23:58.269Z INFO  blacksilk_node] block 01603b52e382ef82 at height 1565 accepted (tip 1565)
[2026-10-09T07:23:59.265Z INFO  blacksilk_node] block 18b8a5ac98d19c46 at height 1565 accepted (tip 1565)
[2026-10-09T07:24:05.224Z INFO  blacksilk_node] block b6e3ae2b90f6ecb7 at height 1566 accepted (tip 1566)
[2026-10-09T07:24:08.033Z INFO  blacksilk_node] block b262dad34cf8fab9 at height 1567 accepted (tip 1567)
[2026-10-09T07:24:14.759Z INFO  blacksilk_node] block f662ad150d678232 at height 1568 accepted (tip 1568)
[2026-10-09T07:24:16.895Z INFO  blacksilk_node] block ed3e9f7e9a6779db at height 1569 accepted (tip 1569)
[2026-10-09T07:24:19.987Z INFO  blacksilk_node] block 2b9a744d0912cee6 at height 1570 accepted (tip 1570)
[2026-10-09T07:24:22.261Z INFO  blacksilk_node] block 135fa52e18b50aeb at height 1571 accepted (tip 1571)
[2026-10-09T07:24:38.506Z INFO  blacksilk_node] block 3ef52d07bcaf6681 at height 1572 accepted (tip 1572)
[2026-10-09T07:24:53.322Z INFO  blacksilk_node] block f3396a140432a133 at height 1573 accepted (tip 1573)
[2026-10-09T07:24:56.927Z INFO  blacksilk_node] block ad77178ae0b5b631 at height 1574 accepted (tip 1574)
[2026-10-09T07:25:15.114Z INFO  blacksilk_node] block 51afee30d6f5b021 at height 1575 accepted (tip 1575)
[2026-10-09T07:25:36.360Z INFO  blacksilk_node] block 5fb319daa8c49d8d at height 1576 accepted (tip 1576)
[2026-10-09T07:25:51.996Z INFO  blacksilk_node] block 31cd48fac52b71b3 at height 1577 accepted (tip 1577)
[2026-10-09T07:26:08.702Z INFO  blacksilk_node] block 2aff710f8317876c at height 1578 accepted (tip 1578)
[2026-10-09T07:26:19.566Z INFO  blacksilk_node] block 840e0e23a025e143 at height 1579 accepted (tip 1579)
[2026-10-09T07:26:24.553Z INFO  blacksilk_node] block 3bc621d5b5e6cdea at height 1580 accepted (tip 1580)
[2026-10-09T07:26:30.313Z INFO  blacksilk_node] block ed82b518ad8d4bb6 at height 1581 accepted (tip 1581)
[2026-10-09T07:26:33.385Z INFO  blacksilk_node] block 5c60d07d76af9dde at height 1582 accepted (tip 1582)
[2026-10-09T07:26:51.843Z INFO  blacksilk_node] block 832b2426b3ebdd15 at height 1583 accepted (tip 1583)
[2026-10-09T07:27:00.319Z INFO  blacksilk_node] block a67b0b40a84e05c5 at height 1584 accepted (tip 1584)
[2026-10-09T07:27:23.069Z INFO  blacksilk_node] block 6d5cc88646a0f962 at height 1585 accepted (tip 1585)
[2026-10-09T07:27:34.704Z INFO  blacksilk_node] block c613ef280208b291 at height 1586 accepted (tip 1586)
[2026-10-09T07:27:50.368Z INFO  blacksilk_node] block 15354eeea8546613 at height 1587 accepted (tip 1587)
[2026-10-09T07:27:54.329Z INFO  blacksilk_node] block b00c0ba57eb03bee at height 1588 accepted (tip 1588)
[2026-10-09T07:27:57.103Z INFO  blacksilk_node] block cf6c531c34106df7 at height 1589 accepted (tip 1589)
[2026-10-09T07:28:03.597Z INFO  blacksilk_node] block 864f8aae0257a85c at height 1590 accepted (tip 1590)
[2026-10-09T07:28:04.620Z INFO  blacksilk_node] block 08479519abc2cbad at height 1590 accepted (tip 1590)
[2026-10-09T07:28:19.077Z INFO  blacksilk_node] block e9bbff212e1bf6f4 at height 1591 accepted (tip 1591)
[2026-10-09T07:28:29.281Z INFO  blacksilk_node] block b2bb400043fe06ed at height 1592 accepted (tip 1592)
[2026-10-09T07:28:45.718Z INFO  blacksilk_node] block f6306a0cf5f9f33b at height 1593 accepted (tip 1593)
[2026-10-09T07:28:46.685Z INFO  blacksilk_node] block b18c28b9b3bfd8d2 at height 1593 accepted (tip 1593)
[2026-10-09T07:28:55.042Z INFO  blacksilk_node] block eb62c27e39d2c45b at height 1594 accepted (tip 1594)
[2026-10-09T07:28:59.431Z INFO  blacksilk_node] block 4eda43e4f098a640 at height 1595 accepted (tip 1595)
[2026-10-09T07:29:15.113Z INFO  blacksilk_node] block 6a9839b4aced8af2 at height 1596 accepted (tip 1596)
[2026-10-09T07:29:18.659Z INFO  blacksilk_node] block 886c3e48cf354ba2 at height 1597 accepted (tip 1597)
[2026-10-09T07:29:25.426Z INFO  blacksilk_node] block 690dc75cd38e946a at height 1598 accepted (tip 1598)
[2026-10-09T07:29:29.198Z INFO  blacksilk_node] block 131f5d847832ee62 at height 1599 accepted (tip 1599)
[2026-10-09T07:29:31.481Z INFO  blacksilk_node] block 307076739f6baf01 at height 1600 accepted (tip 1600)
[2026-10-09T07:29:32.490Z INFO  blacksilk_node] block 31744b6af7001349 at height 1600 accepted (tip 1600)
[2026-10-09T07:29:51.859Z INFO  blacksilk_node] block 12ea4c6d0637b5bd at height 1601 accepted (tip 1601)
[2026-10-09T07:29:53.371Z INFO  blacksilk_node] block c952e2a7b1d59dfa at height 1602 accepted (tip 1602)
[2026-10-09T07:29:57.258Z INFO  blacksilk_node] block e2ba9c0c4f3d5e5a at height 1603 accepted (tip 1603)
[2026-10-09T07:30:05.390Z INFO  blacksilk_node] block 67c963611d75a089 at height 1604 accepted (tip 1604)
[2026-10-09T07:30:11.603Z INFO  blacksilk_node] block b590c3364db0b55b at height 1605 accepted (tip 1605)
[2026-10-09T07:30:35.743Z INFO  blacksilk_node] block 8b16a4198bff980c at height 1606 accepted (tip 1606)
[2026-10-09T07:30:49.952Z INFO  blacksilk_node] block c9a752dd6e4b59c2 at height 1607 accepted (tip 1607)
[2026-10-09T07:31:10.896Z INFO  blacksilk_node] block 70b273b1f6a49003 at height 1608 accepted (tip 1608)
[2026-10-09T07:31:17.520Z INFO  blacksilk_node] block 119aaef923df4ef5 at height 1609 accepted (tip 1609)
[2026-10-09T07:31:23.152Z INFO  blacksilk_node] block 41d83b49a379692f at height 1610 accepted (tip 1610)
[2026-10-09T07:31:24.123Z INFO  blacksilk_node] block bb0e83f6f1883de3 at height 1610 accepted (tip 1610)
[2026-10-09T07:31:44.226Z INFO  blacksilk_node] block 3386e28e9e83a340 at height 1611 accepted (tip 1611)
[2026-10-09T07:32:01.928Z INFO  blacksilk_node] block 6aa1056212c22927 at height 1612 accepted (tip 1612)
[2026-10-09T07:32:08.633Z INFO  blacksilk_node] block 0f5f84f7bbca9d85 at height 1613 accepted (tip 1613)
[2026-10-09T07:32:15.968Z INFO  blacksilk_node] block 14cab7dda933a688 at height 1614 accepted (tip 1614)
[2026-10-09T07:32:22.955Z INFO  blacksilk_node] block f8a1060c77902fc0 at height 1615 accepted (tip 1615)
[2026-10-09T07:32:28.985Z INFO  blacksilk_node] block dbcdc9bb85d4df25 at height 1616 accepted (tip 1616)
[2026-10-09T07:32:32.908Z INFO  blacksilk_node] block 9a9c72336307a145 at height 1617 accepted (tip 1617)
[2026-10-09T07:32:40.629Z INFO  blacksilk_node] block 468722193dacf7b9 at height 1618 accepted (tip 1618)
[2026-10-09T07:32:52.085Z INFO  blacksilk_node] block fb894e8b17906138 at height 1619 accepted (tip 1619)
[2026-10-09T07:32:55.176Z INFO  blacksilk_node] block e9448529044bc2b8 at height 1620 accepted (tip 1620)
[2026-10-09T07:32:59.482Z INFO  blacksilk_node] block 7b019347c68c419f at height 1621 accepted (tip 1621)
[2026-10-09T07:33:11.909Z INFO  blacksilk_node] block 1253209acfcd6fce at height 1622 accepted (tip 1622)
[2026-10-09T07:33:15.612Z INFO  blacksilk_node] block 4657d5b53bd711ac at height 1623 accepted (tip 1623)
[2026-10-09T07:33:24.059Z INFO  blacksilk_node] block c9bfbccc5e2d9ad1 at height 1624 accepted (tip 1624)
[2026-10-09T07:33:25.421Z INFO  blacksilk_node] block 0b50466907744382 at height 1625 accepted (tip 1625)
[2026-10-09T07:33:30.106Z INFO  blacksilk_node] block e6ad2e691cbe221e at height 1626 accepted (tip 1626)
[2026-10-09T07:33:45.859Z INFO  blacksilk_node] block 933ab88d21d6b155 at height 1627 accepted (tip 1627)
[2026-10-09T07:34:07.080Z INFO  blacksilk_node] block 827dbac0d717df2d at height 1628 accepted (tip 1628)
[2026-10-09T07:34:11.693Z INFO  blacksilk_node] block 061b3cabd372afee at height 1629 accepted (tip 1629)
[2026-10-09T07:34:30.167Z INFO  blacksilk_node] block e135ab4ab504e95a at height 1630 accepted (tip 1630)
[2026-10-09T07:34:31.530Z INFO  blacksilk_node] block 4bb940006dcbe4f1 at height 1631 accepted (tip 1631)
[2026-10-09T07:34:41.010Z INFO  blacksilk_node] block 5ab12527331ea0bb at height 1632 accepted (tip 1632)
[2026-10-09T07:34:54.353Z INFO  blacksilk_node] block c1361de8ea216f1c at height 1633 accepted (tip 1633)
[2026-10-09T07:35:02.476Z INFO  blacksilk_node] block 76c43e3e2a519bd3 at height 1634 accepted (tip 1634)
[2026-10-09T07:35:11.768Z INFO  blacksilk_node] block d23592ae7c24e8c1 at height 1635 accepted (tip 1635)
[2026-10-09T07:35:37.147Z INFO  blacksilk_node] block 2255723eb5fa3f1b at height 1636 accepted (tip 1636)
[2026-10-09T07:36:00.701Z INFO  blacksilk_node] block 74f845e9f3daefb8 at height 1637 accepted (tip 1637)
[2026-10-09T07:36:04.807Z INFO  blacksilk_node] block 3ebfd73b4a25b75c at height 1638 accepted (tip 1638)
[2026-10-09T07:36:05.811Z INFO  blacksilk_node] block 720a2d2168ddd7a2 at height 1638 accepted (tip 1638)
[2026-10-09T07:36:16.351Z INFO  blacksilk_node] block 4564a00d239f0b01 at height 1639 accepted (tip 1639)
[2026-10-09T07:36:30.912Z INFO  blacksilk_node] block 2be1b534b6a0cce7 at height 1640 accepted (tip 1640)
[2026-10-09T07:36:36.305Z INFO  blacksilk_node] block 83e4cc382db0ec97 at height 1641 accepted (tip 1641)
[2026-10-09T07:36:37.342Z INFO  blacksilk_node] block d3d8193998e9d111 at height 1641 accepted (tip 1641)
[2026-10-09T07:36:38.347Z INFO  blacksilk_node] block fddf1ff9147ec817 at height 1642 accepted (tip 1642)
[2026-10-09T07:36:56.647Z INFO  blacksilk_node] block c5be2ed970cd0fcb at height 1643 accepted (tip 1643)
[2026-10-09T07:37:02.846Z INFO  blacksilk_node] block 58a77648b01581d8 at height 1644 accepted (tip 1644)
[2026-10-09T07:37:06.248Z INFO  blacksilk_node] block ab9a13bfa0f43e0f at height 1645 accepted (tip 1645)
[2026-10-09T07:37:10.089Z INFO  blacksilk_node] block fb8b0a4bea6295c6 at height 1646 accepted (tip 1646)
[2026-10-09T07:37:15.815Z INFO  blacksilk_node] block d6324e8d7f990fff at height 1647 accepted (tip 1647)
[2026-10-09T07:37:20.338Z INFO  blacksilk_node] block acdbd052101fc0e3 at height 1648 accepted (tip 1648)
[2026-10-09T07:37:25.441Z INFO  blacksilk_node] block d42112d42ddbee54 at height 1649 accepted (tip 1649)
[2026-10-09T07:37:29.136Z INFO  blacksilk_node] block be763ebf9451b0f3 at height 1650 accepted (tip 1650)
[2026-10-09T07:37:38.816Z INFO  blacksilk_node] block 92699a314d06c0a6 at height 1651 accepted (tip 1651)
[2026-10-09T07:37:49.287Z INFO  blacksilk_node] block b87f9bc6ecece440 at height 1652 accepted (tip 1652)
[2026-10-09T07:38:09.180Z INFO  blacksilk_node] block f83b2a585aa36a0e at height 1653 accepted (tip 1653)
[2026-10-09T07:38:15.364Z INFO  blacksilk_node] block 6833afe73b714389 at height 1654 accepted (tip 1654)
[2026-10-09T07:38:27.632Z INFO  blacksilk_node] block 0d9c889a9c9774e9 at height 1655 accepted (tip 1655)
[2026-10-09T07:38:29.405Z INFO  blacksilk_node] block 3296e30c23a5d77c at height 1656 accepted (tip 1656)
[2026-10-09T07:38:39.259Z INFO  blacksilk_node] block 4901d16f103d83e7 at height 1657 accepted (tip 1657)
[2026-10-09T07:38:43.427Z INFO  blacksilk_node] block b87dd3a37829669b at height 1658 accepted (tip 1658)
[2026-10-09T07:38:44.431Z INFO  blacksilk_node] block 50fb68c0f1d4a330 at height 1658 accepted (tip 1658)
[2026-10-09T07:38:47.188Z INFO  blacksilk_node] block 15b9126fe90ad92f at height 1659 accepted (tip 1659)
[2026-10-09T07:38:52.104Z INFO  blacksilk_node] block dcd9ef1fe820284e at height 1660 accepted (tip 1660)
[2026-10-09T07:39:07.087Z INFO  blacksilk_node] block af1d317bb2895b9d at height 1661 accepted (tip 1661)
[2026-10-09T07:39:12.146Z INFO  blacksilk_node] block e95ec622d2d408d6 at height 1662 accepted (tip 1662)
[2026-10-09T07:39:13.248Z INFO  blacksilk_node] block a5d2587c1fbcea9a at height 1662 accepted (tip 1662)
[2026-10-09T07:39:15.065Z INFO  blacksilk_node] block 1b376f625f0c2921 at height 1663 accepted (tip 1663)
[2026-10-09T07:39:19.239Z INFO  blacksilk_node] block f4082071d61a011d at height 1664 accepted (tip 1664)
[2026-10-09T07:39:21.840Z INFO  blacksilk_node] block 484427a5788825e1 at height 1665 accepted (tip 1665)
[2026-10-09T07:39:48.240Z INFO  blacksilk_node] block cddce4bef266bcfc at height 1666 accepted (tip 1666)
[2026-10-09T07:39:59.188Z INFO  blacksilk_node] block 1faa401089960626 at height 1667 accepted (tip 1667)
[2026-10-09T07:40:00.180Z INFO  blacksilk_node] block e64423619cf62e13 at height 1667 accepted (tip 1667)
[2026-10-09T07:40:23.873Z INFO  blacksilk_node] block 261ef364d63c42f3 at height 1668 accepted (tip 1668)
[2026-10-09T07:40:28.044Z INFO  blacksilk_node] block cbee10b563a1cbec at height 1669 accepted (tip 1669)
[2026-10-09T07:40:39.884Z INFO  blacksilk_node] block 55c0dffa2d09f980 at height 1670 accepted (tip 1670)
[2026-10-09T07:40:46.832Z INFO  blacksilk_node] block 2ea6d313e3b8c093 at height 1671 accepted (tip 1671)
[2026-10-09T07:41:03.077Z INFO  blacksilk_node] block 12b30633ef5c1313 at height 1672 accepted (tip 1672)
[2026-10-09T07:41:10.503Z INFO  blacksilk_node] block 28239a6f3ea3f35c at height 1673 accepted (tip 1673)
[2026-10-09T07:41:12.777Z INFO  blacksilk_node] block 9771c22223ec2bf8 at height 1674 accepted (tip 1674)
[2026-10-09T07:41:20.236Z INFO  blacksilk_node] block 9772cf843aea77d5 at height 1675 accepted (tip 1675)
[2026-10-09T07:41:35.322Z INFO  blacksilk_node] block 6fe11bfd64d8d701 at height 1676 accepted (tip 1676)
[2026-10-09T07:41:46.028Z INFO  blacksilk_node] block adbcf2228f6cfbca at height 1677 accepted (tip 1677)
[2026-10-09T07:41:48.395Z INFO  blacksilk_node] block c66f789ce35201c3 at height 1678 accepted (tip 1678)
[2026-10-09T07:42:05.110Z INFO  blacksilk_node] block 12052c9881e2ae86 at height 1679 accepted (tip 1679)
[2026-10-09T07:42:06.958Z INFO  blacksilk_node] block 44bc0b0fa2332bec at height 1680 accepted (tip 1680)
[2026-10-09T07:42:28.506Z INFO  blacksilk_node] block 1abdfc1cea046733 at height 1681 accepted (tip 1681)
[2026-10-09T07:42:41.005Z INFO  blacksilk_node] block 6f7d2251f5feaeb6 at height 1682 accepted (tip 1682)
[2026-10-09T07:43:04.980Z INFO  blacksilk_node] block 2c5caa187f3616db at height 1683 accepted (tip 1683)
[2026-10-09T07:43:10.176Z INFO  blacksilk_node] block f7491cf4f8e0a74f at height 1684 accepted (tip 1684)
[2026-10-09T07:43:21.795Z INFO  blacksilk_node] block 1326f757e84d9b73 at height 1685 accepted (tip 1685)
[2026-10-09T07:43:54.987Z INFO  blacksilk_node] block 37c13a13d2c989bc at height 1686 accepted (tip 1686)
[2026-10-09T07:43:56.036Z INFO  blacksilk_node] block 91dc9cdf288d7430 at height 1686 accepted (tip 1686)
[2026-10-09T07:44:47.908Z INFO  blacksilk_node] block e7e9e1fb3500663e at height 1687 accepted (tip 1687)
[2026-10-09T07:44:50.453Z INFO  blacksilk_node] block 9219b298aa20f926 at height 1688 accepted (tip 1688)
[2026-10-09T07:45:05.933Z INFO  blacksilk_node] block d3308fb89c1358ad at height 1689 accepted (tip 1689)
[2026-10-09T07:45:18.646Z INFO  blacksilk_node] block 91c539ed1f0bfab2 at height 1690 accepted (tip 1690)
[2026-10-09T07:45:33.373Z INFO  blacksilk_node] block 65266d8e672997e6 at height 1691 accepted (tip 1691)
[2026-10-09T07:45:34.397Z INFO  blacksilk_node] block 42fa8513e22c227f at height 1691 accepted (tip 1691)
[2026-10-09T07:45:35.452Z INFO  blacksilk_node] block 24c61758dda92924 at height 1692 accepted (tip 1692)
[2026-10-09T07:45:53.058Z INFO  blacksilk_node] block 53c53288a1289743 at height 1693 accepted (tip 1693)
[2026-10-09T07:46:16.581Z INFO  blacksilk_node] block e3766ed49641cbe7 at height 1694 accepted (tip 1694)
[2026-10-09T07:46:18.014Z INFO  blacksilk_node] block 8ef70a68a5ff3f1e at height 1695 accepted (tip 1695)
[2026-10-09T07:46:24.513Z INFO  blacksilk_node] block b55810305529b12f at height 1696 accepted (tip 1696)
[2026-10-09T07:46:35.126Z INFO  blacksilk_node] block a5f8f7fef2b74780 at height 1697 accepted (tip 1697)
[2026-10-09T07:46:41.942Z INFO  blacksilk_node] block 97bbb0cfc26a2de9 at height 1698 accepted (tip 1698)
[2026-10-09T07:46:42.970Z INFO  blacksilk_node] block 01c38809e5362e5b at height 1698 accepted (tip 1698)
[2026-10-09T07:47:08.445Z INFO  blacksilk_node] block ab5cbb45693044a0 at height 1699 accepted (tip 1699)
[2026-10-09T07:47:14.258Z INFO  blacksilk_node] block adb6087761f80b1f at height 1700 accepted (tip 1700)
[2026-10-09T07:47:15.285Z INFO  blacksilk_node] block eacac21217ac9293 at height 1700 accepted (tip 1700)
[2026-10-09T07:47:17.487Z INFO  blacksilk_node] block 1dbf6f3d4fd93ea3 at height 1701 accepted (tip 1701)
[2026-10-09T07:47:18.484Z INFO  blacksilk_node] block 34c6f348e192c7b1 at height 1701 accepted (tip 1701)
[2026-10-09T07:47:25.049Z INFO  blacksilk_node] block 88c501f15b59f704 at height 1702 accepted (tip 1702)
[2026-10-09T07:47:30.857Z INFO  blacksilk_node] block 05206f6be2b2323e at height 1703 accepted (tip 1703)
[2026-10-09T07:47:31.872Z INFO  blacksilk_node] block 24ebe503552371cd at height 1703 accepted (tip 1703)
[2026-10-09T07:47:33.120Z INFO  blacksilk_node] block 6d554f0e5d0b0e0c at height 1704 accepted (tip 1704)
[2026-10-09T07:47:44.075Z INFO  blacksilk_node] block cd666d588d3fa60d at height 1705 accepted (tip 1705)
[2026-10-09T07:47:54.336Z INFO  blacksilk_node] block 28f9002d0a2f8731 at height 1706 accepted (tip 1706)
[2026-10-09T07:48:23.122Z INFO  blacksilk_node] block 721d8f4a81485ae5 at height 1707 accepted (tip 1707)
[2026-10-09T07:48:30.083Z INFO  blacksilk_node] block 3b27fcb2d3c13170 at height 1708 accepted (tip 1708)
[2026-10-09T07:48:33.864Z INFO  blacksilk_node] block 982b10f5ec415bb4 at height 1709 accepted (tip 1709)
[2026-10-09T07:48:35.509Z INFO  blacksilk_node] block 077f5f80d0df7c4f at height 1710 accepted (tip 1710)
[2026-10-09T07:48:50.717Z INFO  blacksilk_node] block e83be67157a3f661 at height 1711 accepted (tip 1711)
[2026-10-09T07:48:51.708Z INFO  blacksilk_node] block e1985cbaf2d741d3 at height 1711 accepted (tip 1711)
[2026-10-09T07:49:12.587Z INFO  blacksilk_node] block 9484e6f0a7a91d7b at height 1712 accepted (tip 1712)
[2026-10-09T07:49:14.848Z INFO  blacksilk_node] block 19c88d6208a57d15 at height 1713 accepted (tip 1713)
[2026-10-09T07:49:38.283Z INFO  blacksilk_node] block c25a0de054a35cfa at height 1714 accepted (tip 1714)
[2026-10-09T07:49:46.155Z INFO  blacksilk_node] block b7ad67468b205477 at height 1715 accepted (tip 1715)
[2026-10-09T07:49:51.845Z INFO  blacksilk_node] block 93697da302e1fd9f at height 1716 accepted (tip 1716)
[2026-10-09T07:49:53.745Z INFO  blacksilk_node] block 8ebe4ae93cec5140 at height 1717 accepted (tip 1717)
[2026-10-09T07:50:14.421Z INFO  blacksilk_node] block ab524c2e68cc0565 at height 1718 accepted (tip 1718)
[2026-10-09T07:50:15.437Z INFO  blacksilk_node] block ebd4fc042285ab5a at height 1718 accepted (tip 1718)
[2026-10-09T07:50:38.936Z INFO  blacksilk_node] block 2a5433f14a5719fb at height 1719 accepted (tip 1719)
[2026-10-09T07:50:52.396Z INFO  blacksilk_node] block aa9a8f0437ad317e at height 1720 accepted (tip 1720)
[2026-10-09T07:50:53.418Z INFO  blacksilk_node] block f9797342092be878 at height 1720 accepted (tip 1720)
[2026-10-09T07:51:06.439Z INFO  blacksilk_node] block 5833ba19daf9d6e0 at height 1721 accepted (tip 1721)
[2026-10-09T07:51:12.327Z INFO  blacksilk_node] block 4d5dcdabada180e3 at height 1722 accepted (tip 1722)
[2026-10-09T07:51:13.321Z INFO  blacksilk_node] block e6011a8ddc6a3960 at height 1722 accepted (tip 1722)
[2026-10-09T07:51:23.570Z INFO  blacksilk_node] block 8130c5b0d5a23d15 at height 1723 accepted (tip 1723)
[2026-10-09T07:51:24.568Z INFO  blacksilk_node] block f0cca2931dcafa2b at height 1723 accepted (tip 1723)
[2026-10-09T07:51:38.139Z INFO  blacksilk_node] block fde5e945585bed86 at height 1724 accepted (tip 1724)
[2026-10-09T07:51:44.268Z INFO  blacksilk_node] block 27d6d04c25056524 at height 1725 accepted (tip 1725)
[2026-10-09T07:51:46.268Z INFO  blacksilk_node] block 9e55d4adb97cef3c at height 1726 accepted (tip 1726)
[2026-10-09T07:51:47.998Z INFO  blacksilk_node] block 173b480234e3797f at height 1727 accepted (tip 1727)
[2026-10-09T07:51:56.355Z INFO  blacksilk_node] block ef4fcdc9712c7fa1 at height 1728 accepted (tip 1728)
[2026-10-09T07:52:07.312Z INFO  blacksilk_node] block f60d420d078c5d24 at height 1729 accepted (tip 1729)
[2026-10-09T07:52:14.115Z INFO  blacksilk_node] block abe640d452e50462 at height 1730 accepted (tip 1730)
[2026-10-09T07:52:27.315Z INFO  blacksilk_node] block 79dd76907e94c88d at height 1731 accepted (tip 1731)
[2026-10-09T07:52:32.407Z INFO  blacksilk_node] block cbbe0a2491d1c1df at height 1732 accepted (tip 1732)
[2026-10-09T07:52:33.479Z INFO  blacksilk_node] block dbe4dfcaafc8041c at height 1732 accepted (tip 1732)
[2026-10-09T07:52:34.512Z INFO  blacksilk_node] block 6c474ec15461a360 at height 1733 accepted (tip 1733)
[2026-10-09T07:52:50.197Z INFO  blacksilk_node] block af945f1964ff2401 at height 1734 accepted (tip 1734)
[2026-10-09T07:53:07.064Z INFO  blacksilk_node] block 17e14b0608d682cc at height 1735 accepted (tip 1735)
[2026-10-09T07:53:18.844Z INFO  blacksilk_node] block 2487203bdfb4f269 at height 1736 accepted (tip 1736)
[2026-10-09T07:53:35.529Z INFO  blacksilk_node] block 846c45308fec0991 at height 1737 accepted (tip 1737)
[2026-10-09T07:53:40.837Z INFO  blacksilk_node] block 2738f40894e7b21e at height 1738 accepted (tip 1738)
[2026-10-09T07:53:54.639Z INFO  blacksilk_node] block 7c24b19c85b7e64f at height 1739 accepted (tip 1739)
[2026-10-09T07:53:57.723Z INFO  blacksilk_node] block 71a969207a1ffb94 at height 1740 accepted (tip 1740)
[2026-10-09T07:53:58.735Z INFO  blacksilk_node] block 10655585527fd26f at height 1740 accepted (tip 1740)
[2026-10-09T07:54:10.160Z INFO  blacksilk_node] block 79e86b21cc868ffe at height 1741 accepted (tip 1741)
[2026-10-09T07:54:11.171Z INFO  blacksilk_node] block 9cb601936c538bb3 at height 1741 accepted (tip 1741)
[2026-10-09T07:54:18.037Z INFO  blacksilk_node] block 9e4219b7d1e288a7 at height 1742 accepted (tip 1742)
[2026-10-09T07:54:24.089Z INFO  blacksilk_node] block ade9a732f040029e at height 1743 accepted (tip 1743)
[2026-10-09T07:54:30.725Z INFO  blacksilk_node] block ea69dac0b64e86a1 at height 1744 accepted (tip 1744)
[2026-10-09T07:54:50.122Z INFO  blacksilk_node] block 2390badfb2056100 at height 1745 accepted (tip 1745)
[2026-10-09T07:55:06.242Z INFO  blacksilk_node] block 6b47a5a4d6d739e7 at height 1746 accepted (tip 1746)
[2026-10-09T07:55:08.097Z INFO  blacksilk_node] block 4afc64d697a92ed1 at height 1747 accepted (tip 1747)
[2026-10-09T07:55:09.224Z INFO  blacksilk_node] block 241cd31f6d86a3f3 at height 1748 accepted (tip 1748)
[2026-10-09T07:55:10.599Z INFO  blacksilk_node] block 4463932d6f303d95 at height 1749 accepted (tip 1749)
[2026-10-09T07:55:25.819Z INFO  blacksilk_node] block 71de1a34984d83bc at height 1750 accepted (tip 1750)
[2026-10-09T07:55:29.709Z INFO  blacksilk_node] block 7ccc04e34cce153b at height 1751 accepted (tip 1751)
[2026-10-09T07:55:30.742Z INFO  blacksilk_node] block 4bc71fe0c1d82fd8 at height 1751 accepted (tip 1751)
[2026-10-09T07:55:33.332Z INFO  blacksilk_node] block 4140ce42bc4236ce at height 1752 accepted (tip 1752)
[2026-10-09T07:55:42.967Z INFO  blacksilk_node] block f4f55d25c4bfd7cf at height 1753 accepted (tip 1753)
[2026-10-09T07:55:46.543Z INFO  blacksilk_node] block 53ca63b9a8550cf2 at height 1754 accepted (tip 1754)
[2026-10-09T07:55:47.537Z INFO  blacksilk_node] block 8babb58f6c15e5d1 at height 1754 accepted (tip 1754)
[2026-10-09T07:55:54.554Z INFO  blacksilk_node] block 245aa317964111f4 at height 1755 accepted (tip 1755)
[2026-10-09T07:55:58.605Z INFO  blacksilk_node] block e24c7a67c8c4dacd at height 1756 accepted (tip 1756)
[2026-10-09T07:56:07.125Z INFO  blacksilk_node] block 657e4c2bfe198293 at height 1757 accepted (tip 1757)
[2026-10-09T07:56:17.574Z INFO  blacksilk_node] block 893bb803beaa33ce at height 1758 accepted (tip 1758)
[2026-10-09T07:56:27.399Z INFO  blacksilk_node] block e25e3e05e91b4125 at height 1759 accepted (tip 1759)
[2026-10-09T07:56:39.018Z INFO  blacksilk_node] block 987a3bf8efc13d61 at height 1760 accepted (tip 1760)
[2026-10-09T07:56:41.187Z INFO  blacksilk_node] block 3188a22f92175919 at height 1761 accepted (tip 1761)
[2026-10-09T07:56:54.881Z INFO  blacksilk_node] block 54863d902af2be5b at height 1762 accepted (tip 1762)
[2026-10-09T07:57:13.717Z INFO  blacksilk_node] block 2640b04e257140b2 at height 1763 accepted (tip 1763)
[2026-10-09T07:57:17.597Z INFO  blacksilk_node] block 67f7ef301d1ac148 at height 1764 accepted (tip 1764)
[2026-10-09T07:57:24.170Z INFO  blacksilk_node] block 1b4d191d614792e1 at height 1765 accepted (tip 1765)
[2026-10-09T07:57:28.905Z INFO  blacksilk_node] block 60259845a00bf215 at height 1766 accepted (tip 1766)
[2026-10-09T07:57:35.135Z INFO  blacksilk_node] block fb5bc72441374da0 at height 1767 accepted (tip 1767)
[2026-10-09T07:57:36.615Z INFO  blacksilk_node] block a0d91f1bc50de19e at height 1768 accepted (tip 1768)
[2026-10-09T07:58:00.645Z INFO  blacksilk_node] block e788fa9facc46e76 at height 1769 accepted (tip 1769)
[2026-10-09T07:58:01.672Z INFO  blacksilk_node] block 892e64e97f542cef at height 1769 accepted (tip 1769)
[2026-10-09T07:58:11.061Z INFO  blacksilk_node] block 329d006ce5cb33a5 at height 1770 accepted (tip 1770)
[2026-10-09T07:58:22.092Z INFO  blacksilk_node] block 831897aad7498b6d at height 1771 accepted (tip 1771)
[2026-10-09T07:58:28.503Z INFO  blacksilk_node] block 31099eb91da69b7e at height 1772 accepted (tip 1772)
[2026-10-09T07:58:42.603Z INFO  blacksilk_node] block fddc49f35a42ad43 at height 1773 accepted (tip 1773)
[2026-10-09T07:58:43.717Z INFO  blacksilk_node] block e0e174b46c65c2cc at height 1774 accepted (tip 1774)
[2026-10-09T07:58:44.740Z INFO  blacksilk_node] block 56c248d253ba2b36 at height 1774 accepted (tip 1774)
[2026-10-09T07:58:50.441Z INFO  blacksilk_node] block e668a5dfeb27cb98 at height 1775 accepted (tip 1775)
[2026-10-09T07:59:01.309Z INFO  blacksilk_node] block 7998786c2add4c12 at height 1776 accepted (tip 1776)
[2026-10-09T07:59:10.003Z INFO  blacksilk_node] block e13c9d1bc7b153c3 at height 1777 accepted (tip 1777)
[2026-10-09T07:59:32.130Z INFO  blacksilk_node] block 422251e3d488634d at height 1778 accepted (tip 1778)
[2026-10-09T07:59:40.677Z INFO  blacksilk_node] block 302729b1716bc4db at height 1779 accepted (tip 1779)
[2026-10-09T07:59:42.969Z INFO  blacksilk_node] block a30a5ecb05621873 at height 1780 accepted (tip 1780)
[2026-10-09T07:59:52.460Z INFO  blacksilk_node] block d52d5d04092561e9 at height 1781 accepted (tip 1781)
[2026-10-09T08:00:08.274Z INFO  blacksilk_node] block 55bbecfe09762230 at height 1782 accepted (tip 1782)
[2026-10-09T08:00:12.391Z INFO  blacksilk_node] block 2ac041bb39430c8a at height 1783 accepted (tip 1783)
[2026-10-09T08:00:18.245Z INFO  blacksilk_node] block 6da47bec08b100ec at height 1784 accepted (tip 1784)
[2026-10-09T08:00:20.600Z INFO  blacksilk_node] block 52329a696d620314 at height 1785 accepted (tip 1785)
[2026-10-09T08:00:28.917Z INFO  blacksilk_node] block a46649cacb46c1a2 at height 1786 accepted (tip 1786)
[2026-10-09T08:00:33.699Z INFO  blacksilk_node] block c0bdc802c88988e6 at height 1787 accepted (tip 1787)
[2026-10-09T08:00:34.903Z INFO  blacksilk_node] block 773d875676a169e5 at height 1788 accepted (tip 1788)
[2026-10-09T08:00:35.919Z INFO  blacksilk_node] block aef48abcc3504c9f at height 1788 accepted (tip 1788)
[2026-10-09T08:00:36.950Z INFO  blacksilk_node] block a87c3aca08545198 at height 1789 accepted (tip 1789)
[2026-10-09T08:00:49.752Z INFO  blacksilk_node] block 21e7f283da93d786 at height 1790 accepted (tip 1790)
[2026-10-09T08:00:54.924Z INFO  blacksilk_node] block 9f36a1fcde24d013 at height 1791 accepted (tip 1791)
[2026-10-09T08:01:13.501Z INFO  blacksilk_node] block ec8ee45df8e34949 at height 1792 accepted (tip 1792)
[2026-10-09T08:01:21.473Z INFO  blacksilk_node] block f4b8832f57f71888 at height 1793 accepted (tip 1793)
[2026-10-09T08:01:26.514Z INFO  blacksilk_node] block ce64aaaa1653afa5 at height 1794 accepted (tip 1794)
[2026-10-09T08:01:27.552Z INFO  blacksilk_node] block 1e9b380ece659194 at height 1794 accepted (tip 1794)
[2026-10-09T08:01:32.107Z INFO  blacksilk_node] block 56c6b91c80d88864 at height 1795 accepted (tip 1795)
[2026-10-09T08:01:50.580Z INFO  blacksilk_node] block 95e7099a24a2a204 at height 1796 accepted (tip 1796)
[2026-10-09T08:01:57.566Z INFO  blacksilk_node] block 789384930a030cd6 at height 1797 accepted (tip 1797)
[2026-10-09T08:02:06.610Z INFO  blacksilk_node] block cdd98d9c877e9e07 at height 1798 accepted (tip 1798)
[2026-10-09T08:02:16.268Z INFO  blacksilk_node] block d313d1706d244db2 at height 1799 accepted (tip 1799)
[2026-10-09T08:02:21.212Z INFO  blacksilk_node] block e051d1ad47b748ce at height 1800 accepted (tip 1800)
[2026-10-09T08:02:25.884Z INFO  blacksilk_node] block 8a4987a8d3b09ae3 at height 1801 accepted (tip 1801)
[2026-10-09T08:02:37.304Z INFO  blacksilk_node] block 1b64fc8f3a219df0 at height 1802 accepted (tip 1802)
[2026-10-09T08:02:38.905Z INFO  blacksilk_node] block 4e5972ec68dedef5 at height 1803 accepted (tip 1803)
[2026-10-09T08:02:41.317Z INFO  blacksilk_node] block cb3f8be632470ce5 at height 1804 accepted (tip 1804)
[2026-10-09T08:02:45.979Z INFO  blacksilk_node] block d06c347ba6d15d8d at height 1805 accepted (tip 1805)
[2026-10-09T08:02:50.518Z INFO  blacksilk_node] block 1277f9503aaabd36 at height 1806 accepted (tip 1806)
[2026-10-09T08:02:51.518Z INFO  blacksilk_node] block 17ad07ebc9771669 at height 1806 accepted (tip 1806)
[2026-10-09T08:03:06.371Z INFO  blacksilk_node] block a08e05822323f91c at height 1807 accepted (tip 1807)
[2026-10-09T08:03:30.727Z INFO  blacksilk_node] block 4d4b09b6bb722441 at height 1808 accepted (tip 1808)
[2026-10-09T08:03:38.168Z INFO  blacksilk_node] block 9ffc8f3873b49fdd at height 1809 accepted (tip 1809)
[2026-10-09T08:03:42.261Z INFO  blacksilk_node] block c422dacdfdcd52bd at height 1810 accepted (tip 1810)
[2026-10-09T08:04:00.951Z INFO  blacksilk_node] block 63daa712e2d70b3d at height 1811 accepted (tip 1811)
[2026-10-09T08:04:04.911Z INFO  blacksilk_node] block d091c57c54f04f26 at height 1812 accepted (tip 1812)
[2026-10-09T08:04:15.840Z INFO  blacksilk_node] block c12ef61078bbdb15 at height 1813 accepted (tip 1813)
[2026-10-09T08:04:16.909Z INFO  blacksilk_node] block 6d47882e48036356 at height 1813 accepted (tip 1813)
[2026-10-09T08:04:27.636Z INFO  blacksilk_node] block fe7a2d996ab8e7a6 at height 1814 accepted (tip 1814)
[2026-10-09T08:04:34.563Z INFO  blacksilk_node] block 08f6e9c20f0fc340 at height 1815 accepted (tip 1815)
[2026-10-09T08:04:49.623Z INFO  blacksilk_node] block 9aaddd98640fc670 at height 1816 accepted (tip 1816)
[2026-10-09T08:04:53.316Z INFO  blacksilk_node] block ff4581ad98c1f0ee at height 1817 accepted (tip 1817)
[2026-10-09T08:04:55.517Z INFO  blacksilk_node] block 04db76c2e853405f at height 1818 accepted (tip 1818)
[2026-10-09T08:05:34.845Z INFO  blacksilk_node] block a0fd0fead2058938 at height 1819 accepted (tip 1819)
[2026-10-09T08:05:46.425Z INFO  blacksilk_node] block d54481539da864d3 at height 1820 accepted (tip 1820)
[2026-10-09T08:05:53.741Z INFO  blacksilk_node] block 6adf0c2221772ba6 at height 1821 accepted (tip 1821)
[2026-10-09T08:05:58.760Z INFO  blacksilk_node] block 02b0550f03bde5a2 at height 1822 accepted (tip 1822)
[2026-10-09T08:06:29.544Z INFO  blacksilk_node] block 0961035c331ed9c3 at height 1823 accepted (tip 1823)
[2026-10-09T08:06:30.572Z INFO  blacksilk_node] block 2aca2eb8117ee3e3 at height 1823 accepted (tip 1823)
[2026-10-09T08:06:34.025Z INFO  blacksilk_node] block 5df6c22e9dd1675e at height 1824 accepted (tip 1824)
[2026-10-09T08:06:38.841Z INFO  blacksilk_node] block a809212be08b016f at height 1825 accepted (tip 1825)
[2026-10-09T08:07:00.609Z INFO  blacksilk_node] block 6e02334f32f2931c at height 1826 accepted (tip 1826)
[2026-10-09T08:07:25.097Z INFO  blacksilk_node] block 93d9da094b2927a7 at height 1827 accepted (tip 1827)
[2026-10-09T08:07:32.411Z INFO  blacksilk_node] block 63cebbbe809db183 at height 1828 accepted (tip 1828)
[2026-10-09T08:07:37.950Z INFO  blacksilk_node] block 1175542ae0d37ddf at height 1829 accepted (tip 1829)
[2026-10-09T08:07:44.256Z INFO  blacksilk_node] block e212899d482db6ad at height 1830 accepted (tip 1830)
[2026-10-09T08:07:52.426Z INFO  blacksilk_node] block 09bd3e3929b056d6 at height 1831 accepted (tip 1831)
[2026-10-09T08:08:19.666Z INFO  blacksilk_node] block 0405d388abd52811 at height 1832 accepted (tip 1832)
[2026-10-09T08:08:41.904Z INFO  blacksilk_node] block 97c7b0c5c54c75ab at height 1833 accepted (tip 1833)
[2026-10-09T08:09:02.058Z INFO  blacksilk_node] block f1b5b8d3a984fc77 at height 1834 accepted (tip 1834)
[2026-10-09T08:09:07.638Z INFO  blacksilk_node] block ed8964dbe62f773e at height 1835 accepted (tip 1835)
[2026-10-09T08:09:23.051Z INFO  blacksilk_node] block c6744bfe1230dce2 at height 1836 accepted (tip 1836)
[2026-10-09T08:09:40.414Z INFO  blacksilk_node] block 5b216086965b4441 at height 1837 accepted (tip 1837)
[2026-10-09T08:09:42.735Z INFO  blacksilk_node] block 79d0e53c86a48d44 at height 1838 accepted (tip 1838)
[2026-10-09T08:09:45.040Z INFO  blacksilk_node] block a6bba8fd094293b7 at height 1839 accepted (tip 1839)
[2026-10-09T08:10:25.819Z INFO  blacksilk_node] block 1b3b9be6f58770f6 at height 1840 accepted (tip 1840)
[2026-10-09T08:10:50.073Z INFO  blacksilk_node] block 42b587a69d6631ca at height 1841 accepted (tip 1841)
[2026-10-09T08:10:52.531Z INFO  blacksilk_node] block a8e7ceffb81ff728 at height 1842 accepted (tip 1842)
[2026-10-09T08:11:04.810Z INFO  blacksilk_node] block e44bc4b990064adb at height 1843 accepted (tip 1843)
[2026-10-09T08:11:11.407Z INFO  blacksilk_node] block 7c6d686b30562387 at height 1844 accepted (tip 1844)
[2026-10-09T08:11:15.840Z INFO  blacksilk_node] block 881d1232c38e9970 at height 1845 accepted (tip 1845)
[2026-10-09T08:11:19.712Z INFO  blacksilk_node] block f0e43520c90df89a at height 1846 accepted (tip 1846)
[2026-10-09T08:11:50.149Z INFO  blacksilk_node] block a2e97c1baca5a896 at height 1847 accepted (tip 1847)
[2026-10-09T08:12:06.796Z INFO  blacksilk_node] block 208aa4d4fd40b041 at height 1848 accepted (tip 1848)
[2026-10-09T08:12:07.845Z INFO  blacksilk_node] block 11fd5ae4d5bd607d at height 1848 accepted (tip 1848)
[2026-10-09T08:12:08.880Z INFO  blacksilk_node] block 51df4a2a780262e5 at height 1849 accepted (tip 1849)
[2026-10-09T08:12:10.573Z INFO  blacksilk_node] block 00cacc4d8c5db118 at height 1850 accepted (tip 1850)
[2026-10-09T08:12:11.703Z INFO  blacksilk_node] block 5385d9d60d8aab41 at height 1851 accepted (tip 1851)
[2026-10-09T08:12:16.823Z INFO  blacksilk_node] block 56039df7224da932 at height 1852 accepted (tip 1852)
[2026-10-09T08:12:25.411Z INFO  blacksilk_node] block 44295d44f1c664e1 at height 1853 accepted (tip 1853)
[2026-10-09T08:12:26.727Z INFO  blacksilk_node] block fb83b520b14073ba at height 1854 accepted (tip 1854)
[2026-10-09T08:12:30.742Z INFO  blacksilk_node] block cfc551cfc8d4aaf9 at height 1855 accepted (tip 1855)
[2026-10-09T08:13:02.743Z INFO  blacksilk_node] block 3100089378c3bbf6 at height 1856 accepted (tip 1856)
[2026-10-09T08:13:08.326Z INFO  blacksilk_node] block 23a134d48d8eeb85 at height 1857 accepted (tip 1857)
[2026-10-09T08:13:11.434Z INFO  blacksilk_node] block 45e88d2eb32c811d at height 1858 accepted (tip 1858)
[2026-10-09T08:13:14.251Z INFO  blacksilk_node] block 30b435b545f90e00 at height 1859 accepted (tip 1859)
[2026-10-09T08:13:24.315Z INFO  blacksilk_node] block a8484b0d42a7c8cd at height 1860 accepted (tip 1860)
[2026-10-09T08:13:37.950Z INFO  blacksilk_node] block 4e5430d4f2259de3 at height 1861 accepted (tip 1861)
[2026-10-09T08:13:40.687Z INFO  blacksilk_node] block ac69a347b3b935f7 at height 1862 accepted (tip 1862)
[2026-10-09T08:13:52.801Z INFO  blacksilk_node] block dbe49c34e93abdd5 at height 1863 accepted (tip 1863)
[2026-10-09T08:13:59.376Z INFO  blacksilk_node] block 94c06b6cd69628e4 at height 1864 accepted (tip 1864)
[2026-10-09T08:14:20.716Z INFO  blacksilk_node] block dfd4f58f2cf5b33a at height 1865 accepted (tip 1865)
[2026-10-09T08:14:38.336Z INFO  blacksilk_node] block 191f2486838efafa at height 1866 accepted (tip 1866)
[2026-10-09T08:14:41.878Z INFO  blacksilk_node] block 5904f0b9118f3086 at height 1867 accepted (tip 1867)
[2026-10-09T08:15:02.009Z INFO  blacksilk_node] block b290b9d4ed461a9c at height 1868 accepted (tip 1868)
[2026-10-09T08:15:10.080Z INFO  blacksilk_node] block a8afd44e825c1456 at height 1869 accepted (tip 1869)
[2026-10-09T08:15:19.458Z INFO  blacksilk_node] block 6754a44c1a860f9d at height 1870 accepted (tip 1870)
[2026-10-09T08:15:24.240Z INFO  blacksilk_node] block fa97a0ed860ee8a2 at height 1871 accepted (tip 1871)
[2026-10-09T08:15:31.331Z INFO  blacksilk_node] block d4182f69750ed276 at height 1872 accepted (tip 1872)
[2026-10-09T08:15:34.637Z INFO  blacksilk_node] block a9fe4c85d8f0fab1 at height 1873 accepted (tip 1873)
[2026-10-09T08:15:55.228Z INFO  blacksilk_node] block f60a4f595e950fab at height 1874 accepted (tip 1874)
[2026-10-09T08:16:13.213Z INFO  blacksilk_node] block 8ffa73b15c754344 at height 1875 accepted (tip 1875)
[2026-10-09T08:16:22.228Z INFO  blacksilk_node] block 9d0c1957d64f1e2d at height 1876 accepted (tip 1876)
[2026-10-09T08:16:35.096Z INFO  blacksilk_node] block 37e0da5fad76910d at height 1877 accepted (tip 1877)
[2026-10-09T08:16:36.618Z INFO  blacksilk_node] block 9c4e3c271fa7ae06 at height 1878 accepted (tip 1878)
[2026-10-09T08:16:39.718Z INFO  blacksilk_node] block 743b31da27c9ca23 at height 1879 accepted (tip 1879)
[2026-10-09T08:16:53.555Z INFO  blacksilk_node] block f0cbe33fd44a9446 at height 1880 accepted (tip 1880)
[2026-10-09T08:16:55.212Z INFO  blacksilk_node] block 795aa622881957f0 at height 1881 accepted (tip 1881)
[2026-10-09T08:16:56.969Z INFO  blacksilk_node] block 3eb782f8d48ff98a at height 1882 accepted (tip 1882)
[2026-10-09T08:17:14.338Z INFO  blacksilk_node] block 4932267e08c9956d at height 1883 accepted (tip 1883)
[2026-10-09T08:17:24.707Z INFO  blacksilk_node] block 42badb6596e6e1a3 at height 1884 accepted (tip 1884)
[2026-10-09T08:17:40.350Z INFO  blacksilk_node] block 7f742d079f780828 at height 1885 accepted (tip 1885)
[2026-10-09T08:17:44.305Z INFO  blacksilk_node] block 7f98f4fa04cac8aa at height 1886 accepted (tip 1886)
[2026-10-09T08:17:58.681Z INFO  blacksilk_node] block 94727dc1afe2b6b5 at height 1887 accepted (tip 1887)
[2026-10-09T08:18:18.327Z INFO  blacksilk_node] block bdbdbbb09439cfe5 at height 1888 accepted (tip 1888)
[2026-10-09T08:18:30.759Z INFO  blacksilk_node] block 8114e335522d3d8e at height 1889 accepted (tip 1889)
[2026-10-09T08:19:02.358Z INFO  blacksilk_node] block f749a5a940a818d8 at height 1890 accepted (tip 1890)
[2026-10-09T08:19:20.401Z INFO  blacksilk_node] block 1a17875ef07091ce at height 1891 accepted (tip 1891)
[2026-10-09T08:19:24.409Z INFO  blacksilk_node] block 9fac3ef1d11eb67a at height 1892 accepted (tip 1892)
[2026-10-09T08:19:28.709Z INFO  blacksilk_node] block 581498d80a2687ac at height 1893 accepted (tip 1893)
[2026-10-09T08:19:41.220Z INFO  blacksilk_node] block 987db7848bacce35 at height 1894 accepted (tip 1894)
[2026-10-09T08:19:46.631Z INFO  blacksilk_node] block fb6672f98bd2d72f at height 1895 accepted (tip 1895)
[2026-10-09T08:19:47.695Z INFO  blacksilk_node] block 03faa961e1db9366 at height 1895 accepted (tip 1895)
[2026-10-09T08:19:49.512Z INFO  blacksilk_node] block 9ae661c9f6b96244 at height 1896 accepted (tip 1896)
[2026-10-09T08:19:50.553Z INFO  blacksilk_node] block fe0436052437a1f6 at height 1896 accepted (tip 1896)
[2026-10-09T08:20:21.046Z INFO  blacksilk_node] block 66a5f9ce0f6a6c16 at height 1897 accepted (tip 1897)
[2026-10-09T08:20:46.557Z INFO  blacksilk_node] block 08bbff2ff3a72f48 at height 1898 accepted (tip 1898)
[2026-10-09T08:20:48.583Z INFO  blacksilk_node] block 71480e72948770ff at height 1899 accepted (tip 1899)
[2026-10-09T08:21:19.459Z INFO  blacksilk_node] block 5ff4882598e282f7 at height 1900 accepted (tip 1900)
[2026-10-09T08:21:20.483Z INFO  blacksilk_node] block 0272208aba690171 at height 1900 accepted (tip 1900)
[2026-10-09T08:21:23.651Z INFO  blacksilk_node] block e36f1c25028a5472 at height 1901 accepted (tip 1901)
[2026-10-09T08:21:31.323Z INFO  blacksilk_node] block 4e79c3106023e849 at height 1902 accepted (tip 1902)
[2026-10-09T08:21:45.435Z INFO  blacksilk_node] block 0988a52f9b02d28c at height 1903 accepted (tip 1903)
[2026-10-09T08:21:46.937Z INFO  blacksilk_node] block fdd58103b76a28e0 at height 1904 accepted (tip 1904)
[2026-10-09T08:21:47.955Z INFO  blacksilk_node] block 47639d82a1ef8e51 at height 1904 accepted (tip 1904)
[2026-10-09T08:22:05.821Z INFO  blacksilk_node] block 74dda9ff0118a114 at height 1905 accepted (tip 1905)
[2026-10-09T08:22:09.431Z INFO  blacksilk_node] block ec258657b2484cda at height 1906 accepted (tip 1906)
[2026-10-09T08:22:21.651Z INFO  blacksilk_node] block ca10132bed9d6337 at height 1907 accepted (tip 1907)
[2026-10-09T08:22:22.779Z INFO  blacksilk_node] block e87b5e6b5cc95792 at height 1908 accepted (tip 1908)
[2026-10-09T08:22:23.792Z INFO  blacksilk_node] block 43b39a305d342e0d at height 1908 accepted (tip 1908)
[2026-10-09T08:22:25.330Z INFO  blacksilk_node] block 1834e050032dd44f at height 1909 accepted (tip 1909)
[2026-10-09T08:22:45.326Z INFO  blacksilk_node] block 7b048cb25cbbfcf9 at height 1910 accepted (tip 1910)
[2026-10-09T08:23:06.358Z INFO  blacksilk_node] block 61189f59e2c6fd60 at height 1911 accepted (tip 1911)
[2026-10-09T08:23:07.401Z INFO  blacksilk_node] block a9f3a8cfa1b677c0 at height 1911 accepted (tip 1911)
[2026-10-09T08:23:19.735Z INFO  blacksilk_node] block ddf25b66068fb409 at height 1912 accepted (tip 1912)
[2026-10-09T08:23:49.855Z INFO  blacksilk_node] block 797e7f8d0bef9f8c at height 1913 accepted (tip 1913)
[2026-10-09T08:23:51.004Z INFO  blacksilk_node] block aed1bc4ba5d18156 at height 1914 accepted (tip 1914)
[2026-10-09T08:24:04.851Z INFO  blacksilk_node] block 2c19da1b9f86857f at height 1915 accepted (tip 1915)
[2026-10-09T08:24:13.405Z INFO  blacksilk_node] block eb3d1435b83428e2 at height 1916 accepted (tip 1916)
[2026-10-09T08:24:18.724Z INFO  blacksilk_node] block aaa46ed1631eac33 at height 1917 accepted (tip 1917)
[2026-10-09T08:24:26.925Z INFO  blacksilk_node] block 37fe5d06984cb8cf at height 1918 accepted (tip 1918)
[2026-10-09T08:24:33.433Z INFO  blacksilk_node] block 92c5c9440b5d9614 at height 1919 accepted (tip 1919)
[2026-10-09T08:24:34.563Z INFO  blacksilk_node] block 4d84296791e42c38 at height 1920 accepted (tip 1920)
[2026-10-09T08:24:36.862Z INFO  blacksilk_node] block 05501be54030e1f8 at height 1921 accepted (tip 1921)
[2026-10-09T08:24:45.902Z INFO  blacksilk_node] block 50606604577a86fc at height 1922 accepted (tip 1922)
[2026-10-09T08:24:48.003Z INFO  blacksilk_node] block fe9573acd9db553a at height 1923 accepted (tip 1923)
[2026-10-09T08:24:55.121Z INFO  blacksilk_node] block 90694ee57c8fff0e at height 1924 accepted (tip 1924)
[2026-10-09T08:24:59.558Z INFO  blacksilk_node] block 9ef0f4a66fb9eea7 at height 1925 accepted (tip 1925)
[2026-10-09T08:25:00.568Z INFO  blacksilk_node] block e9e389f5261bd326 at height 1925 accepted (tip 1925)
[2026-10-09T08:25:01.612Z INFO  blacksilk_node] block 38d038dd6c610c1d at height 1925 accepted (tip 1925)
[2026-10-09T08:25:10.455Z INFO  blacksilk_node] block 6dd3166c0cf609b8 at height 1926 accepted (tip 1926)
[2026-10-09T08:25:28.463Z INFO  blacksilk_node] block 03aeacfe1938205c at height 1927 accepted (tip 1927)
[2026-10-09T08:25:34.790Z INFO  blacksilk_node] block 3812e0a2130958cd at height 1928 accepted (tip 1928)
[2026-10-09T08:25:37.083Z INFO  blacksilk_node] block e0eeed3e9dec3645 at height 1929 accepted (tip 1929)
[2026-10-09T08:25:38.356Z INFO  blacksilk_node] block 2f3065d2206a97f2 at height 1930 accepted (tip 1930)
[2026-10-09T08:25:50.075Z INFO  blacksilk_node] block e8eb0f42ce07705f at height 1931 accepted (tip 1931)
[2026-10-09T08:26:01.312Z INFO  blacksilk_node] block 7f33f4caebdf290b at height 1932 accepted (tip 1932)
[2026-10-09T08:26:04.633Z INFO  blacksilk_node] block 677ca222fb4a4fa0 at height 1933 accepted (tip 1933)
[2026-10-09T08:26:16.016Z INFO  blacksilk_node] block 4b1996b63864556f at height 1934 accepted (tip 1934)
[2026-10-09T08:26:20.084Z INFO  blacksilk_node] block dbb9f237d9236668 at height 1935 accepted (tip 1935)
[2026-10-09T08:26:21.708Z INFO  blacksilk_node] block c67c76403329d1bf at height 1936 accepted (tip 1936)
[2026-10-09T08:26:35.046Z INFO  blacksilk_node] block e52f0638c401cb5a at height 1937 accepted (tip 1937)
[2026-10-09T08:26:43.155Z INFO  blacksilk_node] block 7717c93cb15a2000 at height 1938 accepted (tip 1938)
[2026-10-09T08:26:46.143Z INFO  blacksilk_node] block ad9b237a45521c99 at height 1939 accepted (tip 1939)
[2026-10-09T08:26:49.096Z INFO  blacksilk_node] block 5976811a9cb49b5f at height 1940 accepted (tip 1940)
[2026-10-09T08:27:12.649Z INFO  blacksilk_node] block febdffb9b7d50ce7 at height 1941 accepted (tip 1941)
[2026-10-09T08:27:18.546Z INFO  blacksilk_node] block e6dbdf9b59b7c0d3 at height 1942 accepted (tip 1942)
[2026-10-09T08:27:19.564Z INFO  blacksilk_node] block 36d8a6d32764f992 at height 1942 accepted (tip 1942)
[2026-10-09T08:27:24.854Z INFO  blacksilk_node] block 2da03dcfad873833 at height 1943 accepted (tip 1943)
[2026-10-09T08:27:50.737Z INFO  blacksilk_node] block 4d2d6c63c521320d at height 1944 accepted (tip 1944)
[2026-10-09T08:27:57.054Z INFO  blacksilk_node] block 76c7bc032a6e21a8 at height 1945 accepted (tip 1945)
[2026-10-09T08:28:05.687Z INFO  blacksilk_node] block 20b20a2f0a767824 at height 1946 accepted (tip 1946)
[2026-10-09T08:28:15.522Z INFO  blacksilk_node] block 3c44ddf125bd9aab at height 1947 accepted (tip 1947)
[2026-10-09T08:28:23.250Z INFO  blacksilk_node] block 89a180f4adbb197b at height 1948 accepted (tip 1948)
[2026-10-09T08:28:30.700Z INFO  blacksilk_node] block 39311d38d75a8952 at height 1949 accepted (tip 1949)
[2026-10-09T08:28:42.412Z INFO  blacksilk_node] block 4645632cee918005 at height 1950 accepted (tip 1950)
[2026-10-09T08:28:45.460Z INFO  blacksilk_node] block 5fa4f0b6698293e6 at height 1951 accepted (tip 1951)
[2026-10-09T08:28:55.291Z INFO  blacksilk_node] block 096fc760e4a9e86d at height 1952 accepted (tip 1952)
[2026-10-09T08:29:01.471Z INFO  blacksilk_node] block 6bc390c9d1cb18f5 at height 1953 accepted (tip 1953)
[2026-10-09T08:29:10.959Z INFO  blacksilk_node] block 6d9ce296cb7aa87c at height 1954 accepted (tip 1954)
[2026-10-09T08:29:21.648Z INFO  blacksilk_node] block 1cb327f394648db8 at height 1955 accepted (tip 1955)
[2026-10-09T08:29:26.762Z INFO  blacksilk_node] block 37d651b02bd1e493 at height 1956 accepted (tip 1956)
[2026-10-09T08:29:32.431Z INFO  blacksilk_node] block c280cd57d984220a at height 1957 accepted (tip 1957)
[2026-10-09T08:29:33.543Z INFO  blacksilk_node] block 7b95b01368595c15 at height 1957 accepted (tip 1957)
[2026-10-09T08:29:52.653Z INFO  blacksilk_node] block b922f94cd3a9e223 at height 1958 accepted (tip 1958)
[2026-10-09T08:29:55.991Z INFO  blacksilk_node] block 119d7f78d1e94e40 at height 1959 accepted (tip 1959)
[2026-10-09T08:30:05.686Z INFO  blacksilk_node] block 5b13c711a1d1ba40 at height 1960 accepted (tip 1960)
[2026-10-09T08:30:22.636Z INFO  blacksilk_node] block f0295a2a0067b60f at height 1961 accepted (tip 1961)
[2026-10-09T08:30:46.841Z INFO  blacksilk_node] block 20f74fec932964bf at height 1962 accepted (tip 1962)
[2026-10-09T08:31:16.344Z INFO  blacksilk_node] block 639733ab99af7009 at height 1963 accepted (tip 1963)
[2026-10-09T08:31:17.385Z INFO  blacksilk_node] block c7c803d45071aa79 at height 1963 accepted (tip 1963)
[2026-10-09T08:31:18.362Z INFO  blacksilk_node] block 1338c47b69cee293 at height 1963 accepted (tip 1963)
[2026-10-09T08:31:19.441Z INFO  blacksilk_node] block a7b7501e974af091 at height 1964 accepted (tip 1964)
[2026-10-09T08:31:21.795Z INFO  blacksilk_node] block 64f22b36157a861a at height 1965 accepted (tip 1965)
[2026-10-09T08:31:54.003Z INFO  blacksilk_node] block a54b92c192feec47 at height 1966 accepted (tip 1966)
[2026-10-09T08:31:54.992Z INFO  blacksilk_node] block ebc101029335b62a at height 1966 accepted (tip 1966)
[2026-10-09T08:32:04.443Z INFO  blacksilk_node] block aeb1e6f9b33b5aea at height 1967 accepted (tip 1967)
[2026-10-09T08:32:06.624Z INFO  blacksilk_node] block 80adf741aec8490a at height 1968 accepted (tip 1968)
[2026-10-09T08:32:15.255Z INFO  blacksilk_node] block 88cfabf7bfaa951d at height 1969 accepted (tip 1969)
[2026-10-09T08:32:27.909Z INFO  blacksilk_node] block 09bd5a635d87215d at height 1970 accepted (tip 1970)
[2026-10-09T08:32:28.979Z INFO  blacksilk_node] block ada7be29a8a0aa74 at height 1970 accepted (tip 1970)
[2026-10-09T08:32:32.885Z INFO  blacksilk_node] block 7f932794da68e954 at height 1971 accepted (tip 1971)
[2026-10-09T08:32:39.957Z INFO  blacksilk_node] block dfdbf4625fd2cbac at height 1972 accepted (tip 1972)
[2026-10-09T08:32:54.762Z INFO  blacksilk_node] block 1d594cbdd535be3a at height 1973 accepted (tip 1973)
[2026-10-09T08:32:55.808Z INFO  blacksilk_node] block df5784fcfb859483 at height 1973 accepted (tip 1973)
[2026-10-09T08:33:01.188Z INFO  blacksilk_node] block e50cbabbcfabcc57 at height 1974 accepted (tip 1974)
[2026-10-09T08:33:02.489Z INFO  blacksilk_node] block e29dae3d88ff347b at height 1975 accepted (tip 1975)
[2026-10-09T08:33:04.388Z INFO  blacksilk_node] block 8203dc7e76759d5d at height 1976 accepted (tip 1976)
[2026-10-09T08:33:08.630Z INFO  blacksilk_node] block 65b3d2f657a8e21f at height 1977 accepted (tip 1977)
[2026-10-09T08:33:17.506Z INFO  blacksilk_node] block 3fafc878dc466049 at height 1978 accepted (tip 1978)
[2026-10-09T08:33:24.629Z INFO  blacksilk_node] block c06d850c9c81c830 at height 1979 accepted (tip 1979)
[2026-10-09T08:33:31.695Z INFO  blacksilk_node] block 0ed627eb8b97c0ac at height 1980 accepted (tip 1980)
[2026-10-09T08:33:32.771Z INFO  blacksilk_node] block 7549ea3a6fc65623 at height 1980 accepted (tip 1980)
[2026-10-09T08:33:36.910Z INFO  blacksilk_node] block 8d27e95e8b4a1fa5 at height 1981 accepted (tip 1981)
[2026-10-09T08:33:39.345Z INFO  blacksilk_node] block 9d6c4deb46d6d678 at height 1982 accepted (tip 1982)
[2026-10-09T08:33:43.043Z INFO  blacksilk_node] block 74143297877bec8d at height 1983 accepted (tip 1983)
[2026-10-09T08:33:44.113Z INFO  blacksilk_node] block 3d3c4d38f5834a71 at height 1983 accepted (tip 1983)
[2026-10-09T08:33:52.210Z INFO  blacksilk_node] block f5a19c45808018bc at height 1984 accepted (tip 1984)
[2026-10-09T08:34:02.566Z INFO  blacksilk_node] block ded136771ce89263 at height 1985 accepted (tip 1985)
[2026-10-09T08:34:03.845Z INFO  blacksilk_node] block a13df6cdfb307849 at height 1986 accepted (tip 1986)
[2026-10-09T08:34:05.759Z INFO  blacksilk_node] block 0bf2cdf08ca59996 at height 1987 accepted (tip 1987)
[2026-10-09T08:34:06.995Z INFO  blacksilk_node] block a87a746debdab640 at height 1988 accepted (tip 1988)
[2026-10-09T08:34:19.072Z INFO  blacksilk_node] block 0c91b6e8f31433b7 at height 1989 accepted (tip 1989)
[2026-10-09T08:34:21.917Z INFO  blacksilk_node] block 3e7e1bf5b8e9a90a at height 1990 accepted (tip 1990)
[2026-10-09T08:34:23.607Z INFO  blacksilk_node] block 03483a39fc7e383d at height 1991 accepted (tip 1991)
[2026-10-09T08:34:43.933Z INFO  blacksilk_node] block 49950539b6f1ea39 at height 1992 accepted (tip 1992)
[2026-10-09T08:34:50.820Z INFO  blacksilk_node] block 95a44aad94ea593f at height 1993 accepted (tip 1993)
[2026-10-09T08:34:52.089Z INFO  blacksilk_node] block 6fa204fca2c0466e at height 1993 accepted (tip 1993)
[2026-10-09T08:34:57.703Z INFO  blacksilk_node] block 54d067b3915a83ad at height 1994 accepted (tip 1994)
[2026-10-09T08:35:00.143Z INFO  blacksilk_node] block 5ba7c9f33bbb2114 at height 1995 accepted (tip 1995)
[2026-10-09T08:35:14.938Z INFO  blacksilk_node] block 2bd0322c4c6a6bf1 at height 1996 accepted (tip 1996)
[2026-10-09T08:35:21.589Z INFO  blacksilk_node] block b73563031d0f19c3 at height 1997 accepted (tip 1997)
[2026-10-09T08:35:27.735Z INFO  blacksilk_node] block 97bfde9ec159302f at height 1998 accepted (tip 1998)
[2026-10-09T08:35:41.819Z INFO  blacksilk_node] block 14a165cddb1ddf80 at height 1999 accepted (tip 1999)
[2026-10-09T08:35:43.938Z INFO  blacksilk_node] block 13e4c3496c965661 at height 2000 accepted (tip 2000)
[2026-10-09T08:35:44.933Z INFO  blacksilk_node] block fc5c02dafba7a560 at height 2000 accepted (tip 2000)
[2026-10-09T08:35:59.245Z INFO  blacksilk_node] block 120c173437478e1a at height 2001 accepted (tip 2001)
[2026-10-09T08:36:20.653Z INFO  blacksilk_node] block 9781bbc7c5a2b658 at height 2002 accepted (tip 2002)
[2026-10-09T08:36:34.931Z INFO  blacksilk_node] block eae8d5ad41d83e55 at height 2003 accepted (tip 2003)
[2026-10-09T08:36:36.603Z INFO  blacksilk_node] block 594a128e6eadb8f8 at height 2004 accepted (tip 2004)
[2026-10-09T08:36:40.737Z INFO  blacksilk_node] block aa5b2332728c47a6 at height 2005 accepted (tip 2005)
[2026-10-09T08:37:05.105Z INFO  blacksilk_node] block 8f432bc287647c49 at height 2006 accepted (tip 2006)
[2026-10-09T08:37:17.254Z INFO  blacksilk_node] block 92205ff603319cde at height 2007 accepted (tip 2007)
[2026-10-09T08:37:20.976Z INFO  blacksilk_node] block b8cfe881b0818e5a at height 2008 accepted (tip 2008)
[2026-10-09T08:37:51.766Z INFO  blacksilk_node] block e17b6ec20a547c0f at height 2009 accepted (tip 2009)
[2026-10-09T08:38:08.722Z INFO  blacksilk_node] block e2c891f32b6404e2 at height 2010 accepted (tip 2010)
[2026-10-09T08:38:16.141Z INFO  blacksilk_node] block aa36d651c7970e41 at height 2011 accepted (tip 2011)
[2026-10-09T08:38:17.153Z INFO  blacksilk_node] block 9c4a931c45cd34cf at height 2011 accepted (tip 2011)
[2026-10-09T08:38:35.585Z INFO  blacksilk_node] block 21d5ad4a9e3a72a1 at height 2012 accepted (tip 2012)
[2026-10-09T08:38:54.869Z INFO  blacksilk_node] block b0150bd9331714f0 at height 2013 accepted (tip 2013)
[2026-10-09T08:39:01.866Z INFO  blacksilk_node] block 6a44d9f0a85a4462 at height 2014 accepted (tip 2014)
[2026-10-09T08:39:06.247Z INFO  blacksilk_node] block c855cfe0488e37dc at height 2015 accepted (tip 2015)
[2026-10-09T08:39:31.651Z INFO  blacksilk_node] block 3d7ab6c267b47aaa at height 2016 accepted (tip 2016)
[2026-10-09T08:39:38.729Z INFO  blacksilk_node] block 0985c56ebdbebcee at height 2017 accepted (tip 2017)
[2026-10-09T08:39:42.329Z INFO  blacksilk_node] block 55b149cd9f5c58ea at height 2018 accepted (tip 2018)
[2026-10-09T08:39:49.418Z INFO  blacksilk_node] block cdede1cf5be093bd at height 2019 accepted (tip 2019)
[2026-10-09T08:40:00.461Z INFO  blacksilk_node] block 8153e91bbc2bc50d at height 2020 accepted (tip 2020)
[2026-10-09T08:40:01.500Z INFO  blacksilk_node] block 0e21a690454d6bd1 at height 2020 accepted (tip 2020)
[2026-10-09T08:40:04.141Z INFO  blacksilk_node] block 0d0081cba1b700a7 at height 2021 accepted (tip 2021)
[2026-10-09T08:40:16.793Z INFO  blacksilk_node] block e415b3ecd16ace9f at height 2022 accepted (tip 2022)
[2026-10-09T08:40:18.937Z INFO  blacksilk_node] block 1fe0d404acb0f98b at height 2023 accepted (tip 2023)
[2026-10-09T08:40:26.139Z INFO  blacksilk_node] block fd4a5c1b86315924 at height 2024 accepted (tip 2024)
[2026-10-09T08:40:38.815Z INFO  blacksilk_node] block 4e49e973ecf15c4a at height 2025 accepted (tip 2025)
[2026-10-09T08:40:44.754Z INFO  blacksilk_node] block cd255e9b73414b34 at height 2026 accepted (tip 2026)
[2026-10-09T08:40:49.216Z INFO  blacksilk_node] block 0978e11ed5e14e1b at height 2027 accepted (tip 2027)
[2026-10-09T08:41:07.188Z INFO  blacksilk_node] block fcb3463e41adbf1c at height 2028 accepted (tip 2028)
[2026-10-09T08:41:09.269Z INFO  blacksilk_node] block bcf7e874464b5571 at height 2029 accepted (tip 2029)
[2026-10-09T08:41:27.172Z INFO  blacksilk_node] block 620937e0e39b6e0d at height 2030 accepted (tip 2030)
[2026-10-09T08:41:32.451Z INFO  blacksilk_node] block 57ddbfeb229c9f66 at height 2031 accepted (tip 2031)
[2026-10-09T08:41:33.537Z INFO  blacksilk_node] block 0d697d9ff87b9492 at height 2031 accepted (tip 2031)
[2026-10-09T08:41:43.517Z INFO  blacksilk_node] block df6e5ab73571896e at height 2032 accepted (tip 2032)
[2026-10-09T08:41:45.511Z INFO  blacksilk_node] block 45157fce84726423 at height 2033 accepted (tip 2033)
[2026-10-09T08:42:14.175Z INFO  blacksilk_node] block 0847908b5619de95 at height 2034 accepted (tip 2034)
[2026-10-09T08:42:16.207Z INFO  blacksilk_node] block d50b5b2e7011bf80 at height 2035 accepted (tip 2035)
[2026-10-09T08:42:23.403Z INFO  blacksilk_node] block b7c4de6c7497b412 at height 2036 accepted (tip 2036)
[2026-10-09T08:42:24.404Z INFO  blacksilk_node] block e80127fd783618de at height 2036 accepted (tip 2036)
[2026-10-09T08:42:25.440Z INFO  blacksilk_node] block 309f8947e93680e2 at height 2037 accepted (tip 2037)
[2026-10-09T08:42:30.142Z INFO  blacksilk_node] block 739c720d9c3f4618 at height 2038 accepted (tip 2038)
[2026-10-09T08:42:39.627Z INFO  blacksilk_node] block cae74932cf1ef8a5 at height 2039 accepted (tip 2039)
[2026-10-09T08:42:54.125Z INFO  blacksilk_node] block 228e3639a9f6f4d6 at height 2040 accepted (tip 2040)
[2026-10-09T08:43:22.685Z INFO  blacksilk_node] block b6bcb2e21fdf3269 at height 2041 accepted (tip 2041)
[2026-10-09T08:43:29.565Z INFO  blacksilk_node] block 7cdab36c524c4176 at height 2042 accepted (tip 2042)
[2026-10-09T08:43:44.671Z INFO  blacksilk_node] block ee2026ee54c3bc96 at height 2043 accepted (tip 2043)
[2026-10-09T08:43:59.815Z INFO  blacksilk_node] block 93ea670f7434da7a at height 2044 accepted (tip 2044)
[2026-10-09T08:44:03.814Z INFO  blacksilk_node] block c942c99338e2908a at height 2045 accepted (tip 2045)
[2026-10-09T08:44:04.790Z INFO  blacksilk_node] block 436824c4b47e2696 at height 2045 accepted (tip 2045)
[2026-10-09T08:44:05.818Z INFO  blacksilk_node] block d9ffb5b1b25d1fa6 at height 2046 accepted (tip 2046)
[2026-10-09T08:44:35.052Z INFO  blacksilk_node] block f3ba68a8018ef7aa at height 2047 accepted (tip 2047)
[2026-10-09T08:44:38.893Z INFO  blacksilk_node] block b2835265be38b157 at height 2048 accepted (tip 2048)
[2026-10-09T08:44:40.242Z INFO  blacksilk_node] block 67b295dfba1cabe9 at height 2049 accepted (tip 2049)
[2026-10-09T08:44:41.466Z INFO  blacksilk_node] block 6729093bc8bfafec at height 2050 accepted (tip 2050)
[2026-10-09T08:44:54.842Z INFO  blacksilk_node] block c595c52cf58cf2ea at height 2051 accepted (tip 2051)
[2026-10-09T08:45:06.606Z INFO  blacksilk_node] block 9e1d440957fce0bd at height 2052 accepted (tip 2052)
[2026-10-09T08:45:18.719Z INFO  blacksilk_node] block 01f73547a0acf29b at height 2053 accepted (tip 2053)
[2026-10-09T08:45:28.597Z INFO  blacksilk_node] block 8213dd0d6a8395cd at height 2054 accepted (tip 2054)
[2026-10-09T08:45:42.557Z INFO  blacksilk_node] block 717c09c4ede1caac at height 2055 accepted (tip 2055)
[2026-10-09T08:45:57.087Z INFO  blacksilk_node] block 6c0a34fbe62fa60d at height 2056 accepted (tip 2056)
[2026-10-09T08:46:00.285Z INFO  blacksilk_node] block 996df4592592b003 at height 2057 accepted (tip 2057)
[2026-10-09T08:46:16.174Z INFO  blacksilk_node] block 20b62b58f987db8c at height 2058 accepted (tip 2058)
[2026-10-09T08:46:17.206Z INFO  blacksilk_node] block 60038aafa377d655 at height 2058 accepted (tip 2058)
[2026-10-09T08:46:18.212Z INFO  blacksilk_node] block ed4d00b98107a9c3 at height 2058 accepted (tip 2058)
[2026-10-09T08:46:26.369Z INFO  blacksilk_node] block 3d1f2ebfec65b954 at height 2059 accepted (tip 2059)
[2026-10-09T08:46:42.014Z INFO  blacksilk_node] block d0d72e866a05edd0 at height 2060 accepted (tip 2060)
[2026-10-09T08:46:43.040Z INFO  blacksilk_node] block e79ef38d19cfe9c6 at height 2060 accepted (tip 2060)
[2026-10-09T08:46:48.002Z INFO  blacksilk_node] block 9618e0279abc9d6c at height 2061 accepted (tip 2061)
[2026-10-09T08:46:51.307Z INFO  blacksilk_node] block 83ed7bbb70bdbeba at height 2062 accepted (tip 2062)
[2026-10-09T08:46:55.695Z INFO  blacksilk_node] block e3d96de76b4c0c87 at height 2063 accepted (tip 2063)
[2026-10-09T08:46:58.613Z INFO  blacksilk_node] block 60f3d5fa288d7049 at height 2064 accepted (tip 2064)
[2026-10-09T08:47:28.632Z INFO  blacksilk_node] block 4f80096a3b3f7a7d at height 2065 accepted (tip 2065)
[2026-10-09T08:47:31.295Z INFO  blacksilk_node] block e1569efa3edafa4b at height 2066 accepted (tip 2066)
[2026-10-09T08:47:35.507Z INFO  blacksilk_node] block b4812ab7513d0e28 at height 2067 accepted (tip 2067)
[2026-10-09T08:47:39.509Z INFO  blacksilk_node] block 946b3502b3d6deff at height 2068 accepted (tip 2068)
[2026-10-09T08:47:48.905Z INFO  blacksilk_node] block 593706f2216d7c25 at height 2069 accepted (tip 2069)
[2026-10-09T08:48:12.986Z INFO  blacksilk_node] block 97fc595f87bd7b2e at height 2070 accepted (tip 2070)
[2026-10-09T08:48:22.743Z INFO  blacksilk_node] block ad32c4e5c867712e at height 2071 accepted (tip 2071)
[2026-10-09T08:48:33.062Z INFO  blacksilk_node] block 14d90e5ac8af07a6 at height 2072 accepted (tip 2072)
[2026-10-09T08:48:38.103Z INFO  blacksilk_node] block ee33536b0a4b3281 at height 2073 accepted (tip 2073)
[2026-10-09T08:48:43.099Z INFO  blacksilk_node] block 817431e00dd9ce09 at height 2074 accepted (tip 2074)
[2026-10-09T08:48:49.161Z INFO  blacksilk_node] block d850e40005dbba6d at height 2075 accepted (tip 2075)
[2026-10-09T08:48:50.194Z INFO  blacksilk_node] block 8f0308c0733490e0 at height 2075 accepted (tip 2075)
[2026-10-09T08:48:51.221Z INFO  blacksilk_node] block 3e69fc484e00cfa0 at height 2075 accepted (tip 2075)
[2026-10-09T08:48:52.248Z INFO  blacksilk_node] block 12c4c0de8c990f49 at height 2076 accepted (tip 2076)
[2026-10-09T08:49:04.570Z INFO  blacksilk_node] block 9df36386d9a4221e at height 2077 accepted (tip 2077)
[2026-10-09T08:49:24.901Z INFO  blacksilk_node] block 106a0fcd1f44e64d at height 2078 accepted (tip 2078)
[2026-10-09T08:49:27.565Z INFO  blacksilk_node] block b555a9aa2e068dc9 at height 2079 accepted (tip 2079)
[2026-10-09T08:49:44.971Z INFO  blacksilk_node] block 2248a5ff2be03ff4 at height 2080 accepted (tip 2080)
[2026-10-09T08:50:06.317Z INFO  blacksilk_node] block 51e89748c677a226 at height 2081 accepted (tip 2081)
[2026-10-09T08:50:08.101Z INFO  blacksilk_node] block ea4e80cbdf8e5b45 at height 2082 accepted (tip 2082)
[2026-10-09T08:50:09.145Z INFO  blacksilk_node] block 3cca34b51cad1ed0 at height 2082 accepted (tip 2082)
[2026-10-09T08:50:12.576Z INFO  blacksilk_node] block ec3977d7f80463bf at height 2083 accepted (tip 2083)
[2026-10-09T08:50:30.633Z INFO  blacksilk_node] block e50421aefdc0504f at height 2084 accepted (tip 2084)
[2026-10-09T08:50:37.092Z INFO  blacksilk_node] block 7c376e51a84bf7af at height 2085 accepted (tip 2085)
[2026-10-09T08:50:54.157Z INFO  blacksilk_node] block 67a7779e046681b0 at height 2086 accepted (tip 2086)
[2026-10-09T08:50:56.796Z INFO  blacksilk_node] block e6d28ae12aa51ec7 at height 2087 accepted (tip 2087)
[2026-10-09T08:51:02.149Z INFO  blacksilk_node] block 63f6eef3abdd11e3 at height 2088 accepted (tip 2088)
[2026-10-09T08:51:08.594Z INFO  blacksilk_node] block 028d0f4cf63ff96d at height 2089 accepted (tip 2089)
[2026-10-09T08:51:24.915Z INFO  blacksilk_node] block 7bd3af1f48da4410 at height 2090 accepted (tip 2090)
[2026-10-09T08:51:30.846Z INFO  blacksilk_node] block 93b73444972b1e82 at height 2091 accepted (tip 2091)
[2026-10-09T08:51:36.123Z INFO  blacksilk_node] block a9d34356a1911238 at height 2092 accepted (tip 2092)
[2026-10-09T08:51:57.364Z INFO  blacksilk_node] block aa44f5305fedd8f1 at height 2093 accepted (tip 2093)
[2026-10-09T08:52:19.060Z INFO  blacksilk_node] block 283654045e897851 at height 2094 accepted (tip 2094)
[2026-10-09T08:52:30.025Z INFO  blacksilk_node] block 7698dd6daa8d33e1 at height 2095 accepted (tip 2095)
[2026-10-09T08:52:38.914Z INFO  blacksilk_node] block 40cae7200ef1b828 at height 2096 accepted (tip 2096)
[2026-10-09T08:52:43.772Z INFO  blacksilk_node] block c2017a78533ad311 at height 2097 accepted (tip 2097)
[2026-10-09T08:52:50.823Z INFO  blacksilk_node] block 1330db69590f6490 at height 2098 accepted (tip 2098)
[2026-10-09T08:52:51.816Z INFO  blacksilk_node] block 1a4d85fbf6f82c51 at height 2098 accepted (tip 2098)
[2026-10-09T08:52:58.463Z INFO  blacksilk_node] block 6b68f7769ae74679 at height 2099 accepted (tip 2099)
[2026-10-09T08:53:00.180Z INFO  blacksilk_node] block db492f6db3541466 at height 2100 accepted (tip 2100)
[2026-10-09T08:53:02.860Z INFO  blacksilk_node] block a67956efa724c3ce at height 2101 accepted (tip 2101)
[2026-10-09T08:53:06.026Z INFO  blacksilk_node] block 7a5ff50d7ae614fa at height 2102 accepted (tip 2102)
[2026-10-09T08:53:22.273Z INFO  blacksilk_node] block f30031d9284ad8ad at height 2103 accepted (tip 2103)
[2026-10-09T08:53:35.336Z INFO  blacksilk_node] block 9188290a7a94711d at height 2104 accepted (tip 2104)
[2026-10-09T08:53:36.355Z INFO  blacksilk_node] block f2c8e86f67b53e64 at height 2104 accepted (tip 2104)
[2026-10-09T08:53:39.764Z INFO  blacksilk_node] block d15cff16ee242b87 at height 2105 accepted (tip 2105)
[2026-10-09T08:53:45.095Z INFO  blacksilk_node] block 0fff1e58a8fd34f7 at height 2106 accepted (tip 2106)
[2026-10-09T08:53:46.356Z INFO  blacksilk_node] block 912df508b05f445b at height 2107 accepted (tip 2107)
[2026-10-09T08:54:10.423Z INFO  blacksilk_node] block 7d3186fcfcf96db5 at height 2108 accepted (tip 2108)
[2026-10-09T08:54:30.641Z INFO  blacksilk_node] block 41ae0b7f0cacb1c3 at height 2109 accepted (tip 2109)
[2026-10-09T08:54:35.617Z INFO  blacksilk_node] block 2b909ac3c0520b82 at height 2110 accepted (tip 2110)
[2026-10-09T08:54:37.138Z INFO  blacksilk_node] block 43daea2f03e91274 at height 2111 accepted (tip 2111)
[2026-10-09T08:54:42.085Z INFO  blacksilk_node] block 7fbb775f67d2958e at height 2112 accepted (tip 2112)
[2026-10-09T08:54:55.268Z INFO  blacksilk_node] block ef919348d540045a at height 2113 accepted (tip 2113)
[2026-10-09T08:54:58.106Z INFO  blacksilk_node] block 894f8120633ce7ed at height 2114 accepted (tip 2114)
[2026-10-09T08:55:26.147Z INFO  blacksilk_node] block 65069eff16776a6e at height 2115 accepted (tip 2115)
[2026-10-09T08:55:27.412Z INFO  blacksilk_node] block ff71226308e0a3c4 at height 2116 accepted (tip 2116)
[2026-10-09T08:55:31.219Z INFO  blacksilk_node] block bf6b83e35d549690 at height 2117 accepted (tip 2117)
[2026-10-09T08:55:40.002Z INFO  blacksilk_node] block 5e8a0849dbc9eb9e at height 2118 accepted (tip 2118)
[2026-10-09T08:55:45.003Z INFO  blacksilk_node] block a5b54e953ad116dc at height 2119 accepted (tip 2119)
[2026-10-09T08:55:46.103Z INFO  blacksilk_node] block ab10680a842d701a at height 2119 accepted (tip 2119)
[2026-10-09T08:55:47.238Z INFO  blacksilk_node] block 7361949476f45736 at height 2120 accepted (tip 2120)
[2026-10-09T08:56:04.685Z INFO  blacksilk_node] block 578937be09564f4a at height 2121 accepted (tip 2121)
[2026-10-09T08:56:07.001Z INFO  blacksilk_node] block 27bab80702753872 at height 2122 accepted (tip 2122)
[2026-10-09T08:56:11.087Z INFO  blacksilk_node] block 39c229baf4b66144 at height 2123 accepted (tip 2123)
[2026-10-09T08:56:36.071Z INFO  blacksilk_node] block de4a447329e96d9f at height 2124 accepted (tip 2124)
[2026-10-09T08:56:40.647Z INFO  blacksilk_node] block 046409b6137c5462 at height 2125 accepted (tip 2125)
[2026-10-09T08:56:58.493Z INFO  blacksilk_node] block 4f8b653f5394483e at height 2126 accepted (tip 2126)
[2026-10-09T08:57:03.517Z INFO  blacksilk_node] block 1e41392aa1243bd9 at height 2127 accepted (tip 2127)
[2026-10-09T08:57:04.569Z INFO  blacksilk_node] block 3173276d4b4dabe6 at height 2127 accepted (tip 2127)
[2026-10-09T08:57:10.498Z INFO  blacksilk_node] block 1e1c13e06f565ae9 at height 2128 accepted (tip 2128)
[2026-10-09T08:57:13.341Z INFO  blacksilk_node] block 41b865772d8244e4 at height 2129 accepted (tip 2129)
[2026-10-09T08:57:27.830Z INFO  blacksilk_node] block c40cf7f4468a6f18 at height 2130 accepted (tip 2130)
[2026-10-09T08:57:35.550Z INFO  blacksilk_node] block 8d90908937107e0a at height 2131 accepted (tip 2131)
[2026-10-09T08:57:43.597Z INFO  blacksilk_node] block 77aa7e281365fdc0 at height 2132 accepted (tip 2132)
[2026-10-09T08:58:03.505Z INFO  blacksilk_node] block d3863e6d4af78bb7 at height 2133 accepted (tip 2133)
[2026-10-09T08:58:17.450Z INFO  blacksilk_node] block a1f9517742fa4d5b at height 2134 accepted (tip 2134)
[2026-10-09T08:58:27.977Z INFO  blacksilk_node] Ctrl-C: shutting down
