1791516879951 - < {"id":1,"jsonrpc":"2.0","method":"login","params":{"login":"x","pass":"x","agent":"XMRig/6.26.0 (Windows NT 10.0; Win64; x64) libuv/1.51.0 msvc/2022","algo":["rx/blacksilk","cn/2","cn/r","cn/fast","cn/half","cn/xao","cn/rto","cn/rwz","cn/zls","cn/double","cn/ccx","cn-lite/1","cn-heavy/0","cn-heavy/tube","cn-heavy/xhv","cn-pico","cn-pico/tlo","cn/upx2","rx/0","rx/2","rx/wow","rx/arq","rx/graft","rx/sfx","cn/1","rx/yada","argon2/chukwa","argon2/chukwav2","argon2/ninja"]}}
1791516879951 0c3be847 > {"error":null,"id":1,"jsonrpc":"2.0","result":{"extensions":["algo","keepalive"],"id":"0c3be847","job":{"algo":"rx/blacksilk","blob":"4253696c6b2f31316da13ac7f16b21e58848c23aab71da64ab154d349d9ed4be022055b67b78af0000000095df54c9","height":1,"job_id":"1","seed_hash":"3dbdba2aca8842cd3e02c7d8c72078f77ff132cc3c84a7f8b87891d0cc106141","target":"e0bc9a7856341200"},"status":"OK"}}
1791516897841 0c3be847 < {"id":2,"jsonrpc":"2.0","method":"submit","params":{"id":"0c3be847","job_id":"1","nonce":"210c0100","result":"e843a8355730fe58d907e590e6f65d5bde0a0e205f3b7e7abe46e5933a5b0300","algo":"rx/blacksilk"}}
1791516899720 0c3be847 > {"error":null,"id":2,"jsonrpc":"2.0","result":{"status":"OK"}}
1791516899743 0c3be847 > {"jsonrpc":"2.0","method":"job","params":{"algo":"rx/blacksilk","blob":"4253696c6b2f315bc8fda0d2f0ed76780046555bfa97fac6efbac1af68b2bb882c633159ed0f62000000008c006083","height":2,"job_id":"2","seed_hash":"3dbdba2aca8842cd3e02c7d8c72078f77ff132cc3c84a7f8b87891d0cc106141","target":"e0bc9a7856341200"}}
1791516909438 0c3be847 < {"id":3,"jsonrpc":"2.0","method":"submit","params":{"id":"0c3be847","job_id":"2","nonce":"790b0100","result":"8ef28d731f450fe401f45b1f5261691903da179b812681dfae5e29ddd8950b00","algo":"rx/blacksilk"}}
1791516909450 0c3be847 < {"id":4,"jsonrpc":"2.0","method":"submit","params":{"id":"0c3be847","job_id":"2","nonce":"620b0000","result":"e38690d12bc645a05ec8d286d1223de592b657d5277f86b78ef5ee1901f21100","algo":"rx/blacksilk"}}
1791516910484 0c3be847 > {"error":null,"id":3,"jsonrpc":"2.0","result":{"status":"OK"}}
1791516910509 0c3be847 > {"jsonrpc":"2.0","method":"job","params":{"algo":"rx/blacksilk","blob":"4253696c6b2f3190da78e808141ffd30fb746f89dde70a24f75836d7bc3d2e1aba801802fbc1ff0000000090fca5a3","height":3,"job_id":"3","seed_hash":"3dbdba2aca8842cd3e02c7d8c72078f77ff132cc3c84a7f8b87891d0cc106141","target":"e0bc9a7856341200"}}
1791516911565 0c3be847 > {"error":null,"id":4,"jsonrpc":"2.0","result":{"status":"OK_OFF_BEST_CHAIN"}}
1791516913741 0c3be847 < {"id":5,"jsonrpc":"2.0","method":"submit","params":{"id":"0c3be847","job_id":"3","nonce":"95830100","result":"ac52f08144d4432d3e5ee0afb54ab1e8cc16dd84f5330a1b3b98233b419d0b00","algo":"rx/blacksilk"}}
1791516914165 0c3be847 < {"id":6,"jsonrpc":"2.0","method":"submit","params":{"id":"0c3be847","job_id":"3","nonce":"14840100","result":"973820bea234e5b2ba57c140ef0022a3566307c82080651e00e013dec4010a00","algo":"rx/blacksilk"}}
1791516914499 0c3be847 < {"id":7,"jsonrpc":"2.0","method":"submit","params":{"id":"0c3be847","job_id":"3","nonce":"78040000","result":"1b110f7f0c99918443c3f093517da205d613e33f393cdb20deda0bbf94400d00","algo":"rx/blacksilk"}}
1791516914760 0c3be847 > {"error":null,"id":5,"jsonrpc":"2.0","result":{"status":"OK"}}
1791516914782 0c3be847 > {"jsonrpc":"2.0","method":"job","params":{"algo":"rx/blacksilk","blob":"4253696c6b2f314b2e7c02807b52b8c32b1787086630db8195566f241f59c5b91b9a0cbb0cf4aa0000000069894e3a","height":4,"job_id":"4","seed_hash":"3dbdba2aca8842cd3e02c7d8c72078f77ff132cc3c84a7f8b87891d0cc106141","target":"e0bc9a7856341200"}}
1791516914913 0c3be847 < {"id":8,"jsonrpc":"2.0","method":"submit","params":{"id":"0c3be847","job_id":"4","nonce":"24000100","result":"8abeeae87aac0c5d7019ad09977e695391736c5b394fdbc30fc0db8dab1c1100","algo":"rx/blacksilk"}}
1791516915825 0c3be847 > {"error":null,"id":6,"jsonrpc":"2.0","result":{"status":"OK_OFF_BEST_CHAIN"}}
1791516916857 0c3be847 > {"error":null,"id":7,"jsonrpc":"2.0","result":{"status":"OK_OFF_BEST_CHAIN"}}
1791516917897 0c3be847 > {"error":null,"id":8,"jsonrpc":"2.0","result":{"status":"OK"}}
1791516917920 0c3be847 > {"jsonrpc":"2.0","method":"job","params":{"algo":"rx/blacksilk","blob":"4253696c6b2f31747e66b7248861457c434da9c3caadf80eab17287e9b98db6cb5f48f9624c21a00000000e7f97745","height":5,"job_id":"5","seed_hash":"3dbdba2aca8842cd3e02c7d8c72078f77ff132cc3c84a7f8b87891d0cc106141","target":"e0bc9a7856341200"}}
1791516918887 0c3be847 < {"id":9,"jsonrpc":"2.0","method":"submit","params":{"id":"0c3be847","job_id":"5","nonce":"27810000","result":"a12a6d6cc62f1603472172d94d64ac9dc54c9b6741ff4dadec0177dadaee0100","algo":"rx/blacksilk"}}
1791516919925 0c3be847 > {"error":null,"id":9,"jsonrpc":"2.0","result":{"status":"OK"}}
1791516919957 0c3be847 > {"jsonrpc":"2.0","method":"job","params":{"algo":"rx/blacksilk","blob":"4253696c6b2f318c69e033660eabbdf2be5698d3d7f9f48679ca4485b0b8d86fda288e5db1329d00000000706e9e50","height":6,"job_id":"6","seed_hash":"3dbdba2aca8842cd3e02c7d8c72078f77ff132cc3c84a7f8b87891d0cc106141","target":"e0bc9a7856341200"}}
1791516920488 0c3be847 < {"id":10,"jsonrpc":"2.0","method":"submit","params":{"id":"0c3be847","job_id":"6","nonce":"96800100","result":"f3242c80ed184ccf792f0c8070aba881b4bec2808ca43e2412d1d08c5b550700","algo":"rx/blacksilk"}}
1791516921096 0c3be847 < {"id":11,"jsonrpc":"2.0","method":"submit","params":{"id":"0c3be847","job_id":"6","nonce":"33810100","result":"122d6ca7a03f888a78134fddc2c7466d3a7440f11d58bd1651e606a2dcf20c00","algo":"rx/blacksilk"}}
1791516921111 0c3be847 < {"id":12,"jsonrpc":"2.0","method":"submit","params":{"id":"0c3be847","job_id":"6","nonce":"38810100","result":"ad1902dfddb1d66913938524121604a9dcd882cefae0ae0d461a58d9b2950400","algo":"rx/blacksilk"}}
1791516921576 0c3be847 > {"error":null,"id":10,"jsonrpc":"2.0","result":{"status":"OK"}}
1791516921594 0c3be847 > {"jsonrpc":"2.0","method":"job","params":{"algo":"rx/blacksilk","blob":"4253696c6b2f315d5ed7eadd9dc21e0750acade5901132456acee9775bc372b69dfd02b74bffeb000000007cd6db6d","height":7,"job_id":"7","seed_hash":"3dbdba2aca8842cd3e02c7d8c72078f77ff132cc3c84a7f8b87891d0cc106141","target":"e0bc9a7856341200"}}
1791516922668 0c3be847 > {"error":null,"id":11,"jsonrpc":"2.0","result":{"status":"OK_OFF_BEST_CHAIN"}}
1791516923743 0c3be847 > {"error":null,"id":12,"jsonrpc":"2.0","result":{"status":"OK_OFF_BEST_CHAIN"}}
1791516928658 0c3be847 < {"id":13,"jsonrpc":"2.0","method":"submit","params":{"id":"0c3be847","job_id":"7","nonce":"19880100","result":"7051cdfa7e34bceb6581662f02099ea82d9ff97ed3d5e803acc679e57fcf0e00","algo":"rx/blacksilk"}}
1791516929719 0c3be847 > {"error":null,"id":13,"jsonrpc":"2.0","result":{"status":"OK"}}
1791516929737 0c3be847 > {"jsonrpc":"2.0","method":"job","params":{"algo":"rx/blacksilk","blob":"4253696c6b2f314217ffdf32450d76842bbaba3229b834b04cae1b538c85aa10e3090130ac208900000000a648db46","height":8,"job_id":"8","seed_hash":"3dbdba2aca8842cd3e02c7d8c72078f77ff132cc3c84a7f8b87891d0cc106141","target":"e0bc9a7856341200"}}
1791516936414 0c3be847 < {"id":14,"jsonrpc":"2.0","method":"submit","params":{"id":"0c3be847","job_id":"8","nonce":"83070100","result":"e85e043d8de129e06f74dc95616142e25973c4bfd5542ea1d8eb89ff39810700","algo":"rx/blacksilk"}}
1791516937483 0c3be847 > {"error":null,"id":14,"jsonrpc":"2.0","result":{"status":"OK"}}
1791516937501 0c3be847 > {"jsonrpc":"2.0","method":"job","params":{"algo":"rx/blacksilk","blob":"4253696c6b2f315244cda42ccf2a3b2ca9e0244bf6f038edcacd9fd1738d84f9f16ff63eabe14900000000f1ec1f7a","height":9,"job_id":"9","seed_hash":"3dbdba2aca8842cd3e02c7d8c72078f77ff132cc3c84a7f8b87891d0cc106141","target":"e0bc9a7856341200"}}
1791516937568 0c3be847 < {"id":15,"jsonrpc":"2.0","method":"submit","params":{"id":"0c3be847","job_id":"9","nonce":"13000000","result":"9459b5298c5133a1a6958bba5d15474cf0158c012b8746b3b458e85162220e00","algo":"rx/blacksilk"}}
1791516937949 0c3be847 < {"id":16,"jsonrpc":"2.0","method":"submit","params":{"id":"0c3be847","job_id":"9","nonce":"7f000000","result":"c322cdcf218c0cd6f4e8969456eb4312cc17e876d12955768fccebf4eaa30000","algo":"rx/blacksilk"}}
1791516938652 0c3be847 > {"error":null,"id":15,"jsonrpc":"2.0","result":{"status":"OK"}}
1791516938670 0c3be847 > {"jsonrpc":"2.0","method":"job","params":{"algo":"rx/blacksilk","blob":"4253696c6b2f316cefded3ffb85245e65c7c8e2fe840c1458ba151211a02d5078a9402aae0af0c000000003e75926d","height":10,"job_id":"10","seed_hash":"3dbdba2aca8842cd3e02c7d8c72078f77ff132cc3c84a7f8b87891d0cc106141","target":"e0bc9a7856341200"}}
1791516939809 0c3be847 > {"error":null,"id":16,"jsonrpc":"2.0","result":{"status":"OK_OFF_BEST_CHAIN"}}
1791516950126 - < {"id":1,"jsonrpc":"2.0","method":"login","params":{"agent":"blacksilk-stratum-probe/0.1.0","algo":["rx/blacksilk"],"login":"x","pass":"diff=1"}}
1791516950126 3d6153eb > {"error":null,"id":1,"jsonrpc":"2.0","result":{"extensions":["algo","keepalive"],"id":"3d6153eb","job":{"algo":"rx/blacksilk","blob":"4253696c6b2f316cefded3ffb85245e65c7c8e2fe840c1458ba151211a02d5078a9402aae0af0c00000000d9c621d0","height":10,"job_id":"11","seed_hash":"3dbdba2aca8842cd3e02c7d8c72078f77ff132cc3c84a7f8b87891d0cc106141","target":"ffffffffffffffff"},"status":"OK"}}
1791516950137 3d6153eb < {"id":2,"jsonrpc":"2.0","method":"submit","params":{"algo":"rx/blacksilk","id":"3d6153eb","job_id":"11","nonce":"0000000","result":"0000000000000000000000000000000000000000000000000000000000000000"}}
1791516950137 3d6153eb > {"error":{"code":-1,"message":"Invalid nonce"},"id":2,"jsonrpc":"2.0","result":null}
1791516951199 3d6153eb < {"id":3,"jsonrpc":"2.0","method":"submit","params":{"algo":"rx/blacksilk","id":"3d6153eb","job_id":"11","nonce":"9cb44062","result":"4970e135c77f6954cd810cf5358f8bd4a99b355c23c72b686899dda144c3ddb7"}}
1791516951612 3d6153eb > {"error":{"code":-1,"message":"Invalid result"},"id":3,"jsonrpc":"2.0","result":null}
1791516952034 3d6153eb < {"id":4,"jsonrpc":"2.0","method":"submit","params":{"algo":"rx/blacksilk","id":"3d6153eb","job_id":"11","nonce":"87e39bcc","result":"c6c20b9ed28bb4529482a297be85213fbe5e8d53a4ded40ddedff6ec31b29c91"}}
1791516952450 3d6153eb > {"error":{"code":-1,"message":"Invalid result"},"id":4,"jsonrpc":"2.0","result":null}
1791516952451 3d6153eb < {"id":5,"jsonrpc":"2.0","method":"submit","params":{"algo":"rx/blacksilk","id":"3d6153eb","job_id":"11","nonce":"87e39bcc","result":"c6c20b9ed28bb4529482a297be85213fbe5e8d53a4ded40ddedff6ec31b29c91"}}
1791516952451 3d6153eb > {"error":{"code":-1,"message":"Duplicate share"},"id":5,"jsonrpc":"2.0","result":null}
1791516952879 3d6153eb < {"id":6,"jsonrpc":"2.0","method":"submit","params":{"algo":"rx/blacksilk","id":"3d6153eb","job_id":"11","nonce":"6b103549","result":"0b1848bf84b728c3fd24a2348f1f3a35fd642eb3695eee753aa8ddf76046c2c1"}}
1791516953716 3d6153eb > {"error":null,"id":6,"jsonrpc":"2.0","result":{"status":"OK"}}
1791516953744 0c3be847 > {"jsonrpc":"2.0","method":"job","params":{"algo":"rx/blacksilk","blob":"4253696c6b2f31423cdf564e3d08296d0567914e8a5fc27c04095c89133b5af4a67f81df78d03100000000691f56bf","height":11,"job_id":"12","seed_hash":"3dbdba2aca8842cd3e02c7d8c72078f77ff132cc3c84a7f8b87891d0cc106141","target":"e0bc9a7856341200"}}
1791516953744 3d6153eb > {"jsonrpc":"2.0","method":"job","params":{"algo":"rx/blacksilk","blob":"4253696c6b2f31423cdf564e3d08296d0567914e8a5fc27c04095c89133b5af4a67f81df78d031000000004a18c884","height":11,"job_id":"13","seed_hash":"3dbdba2aca8842cd3e02c7d8c72078f77ff132cc3c84a7f8b87891d0cc106141","target":"ffffffffffffffff"}}
1791516953746 3d6153eb < {"id":7,"jsonrpc":"2.0","method":"submit","params":{"algo":"rx/blacksilk","id":"3d6153eb","job_id":"11","nonce":"6b103549","result":"0b1848bf84b728c3fd24a2348f1f3a35fd642eb3695eee753aa8ddf76046c2c1"}}
1791516953746 3d6153eb > {"error":{"code":-1,"message":"Stale job"},"id":7,"jsonrpc":"2.0","result":null}
1791516958555 - < {"id":1,"jsonrpc":"2.0","method":"login","params":{"agent":"blacksilk-stratum-probe/0.1.0","algo":["rx/blacksilk"],"login":"x","pass":"diff=1"}}
1791516958555 02b81d36 > {"error":null,"id":1,"jsonrpc":"2.0","result":{"extensions":["algo","keepalive"],"id":"02b81d36","job":{"algo":"rx/blacksilk","blob":"4253696c6b2f31423cdf564e3d08296d0567914e8a5fc27c04095c89133b5af4a67f81df78d03100000000448a246c","height":11,"job_id":"14","seed_hash":"3dbdba2aca8842cd3e02c7d8c72078f77ff132cc3c84a7f8b87891d0cc106141","target":"ffffffffffffffff"},"status":"OK"}}
1791516958556 02b81d36 < {"id":2,"jsonrpc":"2.0","method":"submit","params":{"algo":"rx/blacksilk","id":"02b81d36","job_id":"9","nonce":"13000000","result":"9459b5298c5133a1a6958bba5d15474cf0158c012b8746b3b458e85162220e00\r"}}
1791516958557 02b81d36 > {"error":{"code":-1,"message":"Stale job"},"id":2,"jsonrpc":"2.0","result":null}
1791516965830 0c3be847 < {"id":17,"jsonrpc":"2.0","method":"submit","params":{"id":"0c3be847","job_id":"12","nonce":"51830100","result":"68bb65d856560654cc658329e64862b58643ddcdbe82ef3e3e39fb42ada80600","algo":"rx/blacksilk"}}
1791516966819 0c3be847 > {"error":null,"id":17,"jsonrpc":"2.0","result":{"status":"OK"}}
1791516966847 0c3be847 > {"jsonrpc":"2.0","method":"job","params":{"algo":"rx/blacksilk","blob":"4253696c6b2f315ed83335a549c71fcfdcb78e542f83b5ee493c8b0e10a522d94717d73d87916000000000eb3cdc43","height":12,"job_id":"15","seed_hash":"3dbdba2aca8842cd3e02c7d8c72078f77ff132cc3c84a7f8b87891d0cc106141","target":"e0bc9a7856341200"}}
1791516967772 0c3be847 < {"id":18,"jsonrpc":"2.0","method":"submit","params":{"id":"0c3be847","job_id":"15","nonce":"15010100","result":"e4396c36d82e2c56b80ba2c0506ece51cd73a1d728b90476264a2979ad6b1000","algo":"rx/blacksilk"}}
1791516968777 0c3be847 > {"error":null,"id":18,"jsonrpc":"2.0","result":{"status":"OK"}}
1791516968798 0c3be847 > {"jsonrpc":"2.0","method":"job","params":{"algo":"rx/blacksilk","blob":"4253696c6b2f3129c8e6111d760fe3c40ab8bff1edca2cfcdf0c7e185a5168bcb14ce6e7a41b73000000002bdf0ee3","height":13,"job_id":"16","seed_hash":"3dbdba2aca8842cd3e02c7d8c72078f77ff132cc3c84a7f8b87891d0cc106141","target":"e0bc9a7856341200"}}
1791516972236 0c3be847 < {"id":19,"jsonrpc":"2.0","method":"submit","params":{"id":"0c3be847","job_id":"16","nonce":"de030100","result":"78c976bb4387f47a4c72f7b43cb1f3fbc8cf6fff93ee8091a486dea611bf0100","algo":"rx/blacksilk"}}
1791516973315 0c3be847 > {"error":null,"id":19,"jsonrpc":"2.0","result":{"status":"OK"}}
1791516973339 0c3be847 > {"jsonrpc":"2.0","method":"job","params":{"algo":"rx/blacksilk","blob":"4253696c6b2f3120670713e90c0d9b25dd3c980a15a68841735c6bebcee23e49a9d2b6e925e7f80000000028d96e68","height":14,"job_id":"17","seed_hash":"3dbdba2aca8842cd3e02c7d8c72078f77ff132cc3c84a7f8b87891d0cc106141","target":"e0bc9a7856341200"}}
1791516977786 0c3be847 < {"id":20,"jsonrpc":"2.0","method":"submit","params":{"id":"0c3be847","job_id":"17","nonce":"25050000","result":"f0a59e60ecaf729715c971a3d1d2e1f73d2f72d3aae014b61edc2498be2a0000","algo":"rx/blacksilk"}}
1791516977808 0c3be847 < {"id":21,"jsonrpc":"2.0","method":"submit","params":{"id":"0c3be847","job_id":"17","nonce":"2d850000","result":"c1d8829f4b74af7b90787a04b4588a029628f54ee944588ce86b6485c3d80000","algo":"rx/blacksilk"}}
1791516978902 0c3be847 > {"error":null,"id":20,"jsonrpc":"2.0","result":{"status":"OK"}}
1791516978932 0c3be847 > {"jsonrpc":"2.0","method":"job","params":{"algo":"rx/blacksilk","blob":"4253696c6b2f31c64244d80bf7c23c5eca6df8b15a66e57e2ec33c4ef416817c7464498a00a39e00000000387b3b51","height":15,"job_id":"18","seed_hash":"3dbdba2aca8842cd3e02c7d8c72078f77ff132cc3c84a7f8b87891d0cc106141","target":"e0bc9a7856341200"}}
1791516979980 0c3be847 > {"error":null,"id":21,"jsonrpc":"2.0","result":{"status":"OK_OFF_BEST_CHAIN"}}
1791516980548 0c3be847 < {"id":22,"jsonrpc":"2.0","method":"submit","params":{"id":"0c3be847","job_id":"18","nonce":"b2010100","result":"f4d55e11e8f1c47501087e7f035a8967e7d6349216ed657f2c9122363b480b00","algo":"rx/blacksilk"}}
1791516981602 0c3be847 > {"error":null,"id":22,"jsonrpc":"2.0","result":{"status":"OK"}}
1791516981633 0c3be847 > {"jsonrpc":"2.0","method":"job","params":{"algo":"rx/blacksilk","blob":"4253696c6b2f319c72540761d5f7748830d9f55358f51aaa4fc1bd643a025df1118009cc7d7f5f00000000395b679d","height":16,"job_id":"19","seed_hash":"3dbdba2aca8842cd3e02c7d8c72078f77ff132cc3c84a7f8b87891d0cc106141","target":"e0bc9a7856341200"}}
1791516983090 0c3be847 < {"id":23,"jsonrpc":"2.0","method":"submit","params":{"id":"0c3be847","job_id":"19","nonce":"9a810100","result":"ec53cbb88e2fd41f7ee79498b6456fe1bab1c0673e98b07d94ccb2f978c10000","algo":"rx/blacksilk"}}
1791516984064 0c3be847 < {"id":24,"jsonrpc":"2.0","method":"submit","params":{"id":"0c3be847","job_id":"19","nonce":"79820000","result":"f329236b75aa83273d87030c189b593535cbc7b0d63f8eef63d4e87f8e1d0300","algo":"rx/blacksilk"}}
1791516984185 0c3be847 > {"error":null,"id":23,"jsonrpc":"2.0","result":{"status":"OK"}}
1791516984207 0c3be847 > {"jsonrpc":"2.0","method":"job","params":{"algo":"rx/blacksilk","blob":"4253696c6b2f313178308aef389d270046c1d0a07fd4e349cdb7bc9d67c707c577dfbf53ff1413000000004dbebb8a","height":17,"job_id":"20","seed_hash":"3dbdba2aca8842cd3e02c7d8c72078f77ff132cc3c84a7f8b87891d0cc106141","target":"e0bc9a7856341200"}}
1791516985267 0c3be847 > {"error":null,"id":24,"jsonrpc":"2.0","result":{"status":"OK_OFF_BEST_CHAIN"}}
1791516990738 0c3be847 < {"id":25,"jsonrpc":"2.0","method":"submit","params":{"id":"0c3be847","job_id":"20","nonce":"9c070000","result":"b16425278ba67b45a31222b5d98404609ed7dfdfcaf24b4acf8aeb180e4e0900","algo":"rx/blacksilk"}}
1791516991328 0c3be847 < {"id":26,"jsonrpc":"2.0","method":"submit","params":{"id":"0c3be847","job_id":"20","nonce":"4b080000","result":"b560e6bd466d93eec9d82dafccc1794bcf181b1ac97de2f6ab4cbbf6f00b1200","algo":"rx/blacksilk"}}
1791516991712 0c3be847 < {"id":27,"jsonrpc":"2.0","method":"submit","params":{"id":"0c3be847","job_id":"20","nonce":"8a080100","result":"831bdbe1b79230d768dc5eece5f2418e02cd5d51f5562aad4b14b357b8c50500","algo":"rx/blacksilk"}}
1791516991762 0c3be847 > {"error":null,"id":25,"jsonrpc":"2.0","result":{"status":"OK"}}
1791516991785 0c3be847 > {"jsonrpc":"2.0","method":"job","params":{"algo":"rx/blacksilk","blob":"4253696c6b2f3147b9970b35e478f9ea474c8da3b709f1251976ed14df3a443a1ed044623d72ac0000000047fb35bf","height":18,"job_id":"21","seed_hash":"3dbdba2aca8842cd3e02c7d8c72078f77ff132cc3c84a7f8b87891d0cc106141","target":"e0bc9a7856341200"}}
1791516992827 0c3be847 > {"error":null,"id":26,"jsonrpc":"2.0","result":{"status":"OK_OFF_BEST_CHAIN"}}
1791516993889 0c3be847 > {"error":null,"id":27,"jsonrpc":"2.0","result":{"status":"OK_OFF_BEST_CHAIN"}}
1791516995086 0c3be847 < {"id":28,"jsonrpc":"2.0","method":"submit","params":{"id":"0c3be847","job_id":"21","nonce":"9c030100","result":"aba14a065f72a53641afa125474d64452098ca280e906d72b73b45235e1f0800","algo":"rx/blacksilk"}}
1791516995288 0c3be847 < {"id":29,"jsonrpc":"2.0","method":"submit","params":{"id":"0c3be847","job_id":"21","nonce":"00840100","result":"ea19d655fa62982ecf1bbecea84c6f23c5628c13fda1a9f5c118633dd7360200","algo":"rx/blacksilk"}}
1791516996104 0c3be847 > {"error":null,"id":28,"jsonrpc":"2.0","result":{"status":"OK"}}
1791516996126 0c3be847 > {"jsonrpc":"2.0","method":"job","params":{"algo":"rx/blacksilk","blob":"4253696c6b2f3114507c27be0a36efb3789cfdca959f990e65e5e4a2ba631e89851ed750a8faea00000000c4eba9b9","height":19,"job_id":"22","seed_hash":"3dbdba2aca8842cd3e02c7d8c72078f77ff132cc3c84a7f8b87891d0cc106141","target":"e0bc9a7856341200"}}
1791516997169 0c3be847 > {"error":null,"id":29,"jsonrpc":"2.0","result":{"status":"OK_OFF_BEST_CHAIN"}}
1791516998011 0c3be847 < {"id":30,"jsonrpc":"2.0","method":"submit","params":{"id":"0c3be847","job_id":"22","nonce":"1a020100","result":"ea598cf2b43bccfd205e701c569b7e90a484bcc2a35debbdab612884876c0400","algo":"rx/blacksilk"}}
1791516999078 0c3be847 > {"error":null,"id":30,"jsonrpc":"2.0","result":{"status":"OK"}}
1791516999096 0c3be847 > {"jsonrpc":"2.0","method":"job","params":{"algo":"rx/blacksilk","blob":"4253696c6b2f3179ea925cc234c80fbf7cfd5d1cac1e8ad1940f8769368f19b4b8d0c6c4063ab000000000c23e634b","height":20,"job_id":"23","seed_hash":"3dbdba2aca8842cd3e02c7d8c72078f77ff132cc3c84a7f8b87891d0cc106141","target":"e0bc9a7856341200"}}
1791517000107 0c3be847 < {"id":31,"jsonrpc":"2.0","method":"submit","params":{"id":"0c3be847","job_id":"23","nonce":"14810000","result":"55c9fcc51e2c80e49dfc1aa3fa8a3555cf3cdf8253fefb157f02a99a2c3a0600","algo":"rx/blacksilk"}}
1791517001171 0c3be847 > {"error":null,"id":31,"jsonrpc":"2.0","result":{"status":"OK"}}
1791517001200 0c3be847 > {"jsonrpc":"2.0","method":"job","params":{"algo":"rx/blacksilk","blob":"4253696c6b2f314124c5f2a2e0b42e674ad95d166a1319e5e2b600d0306ab13729b7225db6f3c0000000006cdf6611","height":21,"job_id":"24","seed_hash":"3dbdba2aca8842cd3e02c7d8c72078f77ff132cc3c84a7f8b87891d0cc106141","target":"e0bc9a7856341200"}}
1791517003135 0c3be847 < {"id":32,"jsonrpc":"2.0","method":"submit","params":{"id":"0c3be847","job_id":"24","nonce":"45020000","result":"9e12622cd08aea12f3b7e1bb48179be581b08a77a5e2b2265acb799f848d0100","algo":"rx/blacksilk"}}
1791517004125 0c3be847 > {"error":null,"id":32,"jsonrpc":"2.0","result":{"status":"OK"}}
1791517004125 0c3be847 > {"jsonrpc":"2.0","method":"job","params":{"algo":"rx/blacksilk","blob":"4253696c6b2f316b197a7d8cb5e4861358fd1be7dd1120ba4f81bfb66df9454ee83f0c1fe76fa300000000eecfe40b","height":22,"job_id":"25","seed_hash":"3dbdba2aca8842cd3e02c7d8c72078f77ff132cc3c84a7f8b87891d0cc106141","target":"e0bc9a7856341200"}}
1791517004739 0c3be847 < {"id":33,"jsonrpc":"2.0","method":"submit","params":{"id":"0c3be847","job_id":"25","nonce":"b6000100","result":"64103d9cccb89ab7a2128caf8cf36e32a802040c2847bf79d3ab8e1fd85d1000","algo":"rx/blacksilk"}}
1791517005807 0c3be847 > {"error":null,"id":33,"jsonrpc":"2.0","result":{"status":"OK"}}
1791517005824 0c3be847 > {"jsonrpc":"2.0","method":"job","params":{"algo":"rx/blacksilk","blob":"4253696c6b2f31867ba73f8db6ff91e3826cf360dbf2b82749719d0885de2bdcb77ae47d06181300000000ff90e674","height":23,"job_id":"26","seed_hash":"3dbdba2aca8842cd3e02c7d8c72078f77ff132cc3c84a7f8b87891d0cc106141","target":"e0bc9a7856341200"}}
1791517006001 0c3be847 < {"id":34,"jsonrpc":"2.0","method":"submit","params":{"id":"0c3be847","job_id":"26","nonce":"33800100","result":"3fa8a1f3ef8beec2ab829650e036d035f78a4f9fbdb35e69f16df243632c1200","algo":"rx/blacksilk"}}
1791517007048 0c3be847 > {"error":null,"id":34,"jsonrpc":"2.0","result":{"status":"OK"}}
1791517007074 0c3be847 > {"jsonrpc":"2.0","method":"job","params":{"algo":"rx/blacksilk","blob":"4253696c6b2f31a7e59a20ab97a0a9782da7d18de2b210235f4ddd6eb6a3d4ab96304b53918a60000000001d5924db","height":24,"job_id":"27","seed_hash":"3dbdba2aca8842cd3e02c7d8c72078f77ff132cc3c84a7f8b87891d0cc106141","target":"e0bc9a7856341200"}}
1791517009422 0c3be847 < {"id":35,"jsonrpc":"2.0","method":"submit","params":{"id":"0c3be847","job_id":"27","nonce":"b2020100","result":"ea95a9bc703565df549e0a73a269573991a21af36e56a01d1ddb503c611d1200","algo":"rx/blacksilk"}}
1791517010441 0c3be847 > {"error":null,"id":35,"jsonrpc":"2.0","result":{"status":"OK"}}
1791517010463 0c3be847 > {"jsonrpc":"2.0","method":"job","params":{"algo":"rx/blacksilk","blob":"4253696c6b2f3115f6711ad0f20f67f6b977c8e92cb8ee22e2884ad819bcb8a1dbf63f1ce17a8400000000d25f3d3b","height":25,"job_id":"28","seed_hash":"3dbdba2aca8842cd3e02c7d8c72078f77ff132cc3c84a7f8b87891d0cc106141","target":"e0bc9a7856341200"}}
1791517031874 0c3be847 < {"id":36,"jsonrpc":"2.0","method":"submit","params":{"id":"0c3be847","job_id":"28","nonce":"e6970100","result":"73e9a27d987efb6d2a9839b5c9470d2bbdc6dfe1d197d6b3c8ebfb64de510200","algo":"rx/blacksilk"}}
1791517032128 0c3be847 < {"id":37,"jsonrpc":"2.0","method":"submit","params":{"id":"0c3be847","job_id":"28","nonce":"00180000","result":"6aa082da31034a798c99278b84783868a03d8b4342a23031d1f50eaf3dfd0200","algo":"rx/blacksilk"}}
1791517032997 0c3be847 > {"error":null,"id":36,"jsonrpc":"2.0","result":{"status":"OK"}}
1791517033016 0c3be847 > {"jsonrpc":"2.0","method":"job","params":{"algo":"rx/blacksilk","blob":"4253696c6b2f31e7a79b51a0791b99be6d2be525c32d63d60306c1e735c4af521ef16da009e06500000000b9ee35e2","height":26,"job_id":"29","seed_hash":"3dbdba2aca8842cd3e02c7d8c72078f77ff132cc3c84a7f8b87891d0cc106141","target":"e0bc9a7856341200"}}
1791517034089 0c3be847 > {"error":null,"id":37,"jsonrpc":"2.0","result":{"status":"OK_OFF_BEST_CHAIN"}}
1791517035017 0c3be847 < {"id":38,"jsonrpc":"2.0","method":"submit","params":{"id":"0c3be847","job_id":"29","nonce":"30020000","result":"43538bf9d6ed072b6c68150a71597f9e3c68c3f8c9862d27dc2a5268cc550100","algo":"rx/blacksilk"}}
1791517036092 0c3be847 > {"error":null,"id":38,"jsonrpc":"2.0","result":{"status":"OK"}}
1791517036092 0c3be847 > {"jsonrpc":"2.0","method":"job","params":{"algo":"rx/blacksilk","blob":"4253696c6b2f31eb728e025c4ad174e84897dbf141a4d9ae0193eab36be7724dc29f068b6166e800000000e1704136","height":27,"job_id":"30","seed_hash":"3dbdba2aca8842cd3e02c7d8c72078f77ff132cc3c84a7f8b87891d0cc106141","target":"e0bc9a7856341200"}}
1791517037840 0c3be847 < {"id":39,"jsonrpc":"2.0","method":"submit","params":{"id":"0c3be847","job_id":"30","nonce":"14020100","result":"0bd805da175065bf8cd01f64536adc984e76412ac5dfb7ea51ac9f6015590100","algo":"rx/blacksilk"}}
1791517038874 0c3be847 > {"error":null,"id":39,"jsonrpc":"2.0","result":{"status":"OK"}}
1791517038893 0c3be847 > {"jsonrpc":"2.0","method":"job","params":{"algo":"rx/blacksilk","blob":"4253696c6b2f319b622668b92013ca885a9cffd45f148fd38fbc0cb1edea39d820192020db27da00000000f2310df8","height":28,"job_id":"31","seed_hash":"3dbdba2aca8842cd3e02c7d8c72078f77ff132cc3c84a7f8b87891d0cc106141","target":"e0bc9a7856341200"}}
1791517040949 0c3be847 < {"id":40,"jsonrpc":"2.0","method":"submit","params":{"id":"0c3be847","job_id":"31","nonce":"4f020100","result":"2de5c44ee2cfbecf6e1339342ea58af6a5bbbd9780ee565c980353fc9f9a0100","algo":"rx/blacksilk"}}
1791517041975 0c3be847 > {"error":null,"id":40,"jsonrpc":"2.0","result":{"status":"OK"}}
1791517041997 0c3be847 > {"jsonrpc":"2.0","method":"job","params":{"algo":"rx/blacksilk","blob":"4253696c6b2f3106c03c39b49f0952607ca82aaee5b8af31550b2534bebc99410412037e91cc35000000001cdbf105","height":29,"job_id":"32","seed_hash":"3dbdba2aca8842cd3e02c7d8c72078f77ff132cc3c84a7f8b87891d0cc106141","target":"e0bc9a7856341200"}}
1791517044553 0c3be847 < {"id":41,"jsonrpc":"2.0","method":"submit","params":{"id":"0c3be847","job_id":"32","nonce":"fc020000","result":"ed1dcdebd8d3efb18758f3291f1fa3dd31b1baea1c73c5bb47dbf4dd82790100","algo":"rx/blacksilk"}}
1791517045640 0c3be847 > {"error":null,"id":41,"jsonrpc":"2.0","result":{"status":"OK"}}
1791517045653 0c3be847 > {"jsonrpc":"2.0","method":"job","params":{"algo":"rx/blacksilk","blob":"4253696c6b2f314c99d36b8d6b7e228f985c02619e447142e9a17d71b59c476526c09322afad43000000008bad5839","height":30,"job_id":"33","seed_hash":"3dbdba2aca8842cd3e02c7d8c72078f77ff132cc3c84a7f8b87891d0cc106141","target":"e0bc9a7856341200"}}
1791517046445 0c3be847 < {"id":42,"jsonrpc":"2.0","method":"submit","params":{"id":"0c3be847","job_id":"33","nonce":"ef000100","result":"ba63733f57aeac29f80296cb3cd3c1de3436aad097aafea1fe8e6438113c0000","algo":"rx/blacksilk"}}
1791517047478 0c3be847 > {"error":null,"id":42,"jsonrpc":"2.0","result":{"status":"OK"}}
1791517047478 0c3be847 > {"jsonrpc":"2.0","method":"job","params":{"algo":"rx/blacksilk","blob":"4253696c6b2f31877eb294678238dd20501857909911b3c60cece59d034236ffa57c03de930478000000008285a293","height":31,"job_id":"34","seed_hash":"3dbdba2aca8842cd3e02c7d8c72078f77ff132cc3c84a7f8b87891d0cc106141","target":"e0bc9a7856341200"}}
1791517048420 0c3be847 < {"id":43,"jsonrpc":"2.0","method":"submit","params":{"id":"0c3be847","job_id":"34","nonce":"1a010100","result":"e155c4d13b9d3c0247a22e50ff4ee2e6e8e990af9beef30d629c88b5cbbd0d00","algo":"rx/blacksilk"}}
1791517048672 0c3be847 < {"id":44,"jsonrpc":"2.0","method":"submit","params":{"id":"0c3be847","job_id":"34","nonce":"61010000","result":"93715f505771b61456899eb2df36c1bfdfea76c93239c059ff1f8998bb0e0b00","algo":"rx/blacksilk"}}
1791517049442 0c3be847 > {"error":null,"id":43,"jsonrpc":"2.0","result":{"status":"OK"}}
1791517049459 0c3be847 > {"jsonrpc":"2.0","method":"job","params":{"algo":"rx/blacksilk","blob":"4253696c6b2f31de7f6c03395428d2fc351e81590551ad76208b5e0f9cf4c1f26ce24e7116f51200000000faa8cd15","height":32,"job_id":"35","seed_hash":"3dbdba2aca8842cd3e02c7d8c72078f77ff132cc3c84a7f8b87891d0cc106141","target":"e0bc9a7856341200"}}
1791517050451 0c3be847 > {"error":null,"id":44,"jsonrpc":"2.0","result":{"status":"OK_OFF_BEST_CHAIN"}}
1791517056895 0c3be847 < {"id":45,"jsonrpc":"2.0","method":"submit","params":{"id":"0c3be847","job_id":"35","nonce":"8a080100","result":"2bfe304e2c58e5a9966c992203c27a26bcfea20b245860fc55fd25fd72c80c00","algo":"rx/blacksilk"}}
1791517057890 0c3be847 > {"error":null,"id":45,"jsonrpc":"2.0","result":{"status":"OK"}}
1791517057922 0c3be847 > {"jsonrpc":"2.0","method":"job","params":{"algo":"rx/blacksilk","blob":"4253696c6b2f3199a522475867e0ac3bc7f829e9814195ac8e700b91f85c3d436c2c1cdfc9dd3b00000000ddeacf32","height":33,"job_id":"36","seed_hash":"3dbdba2aca8842cd3e02c7d8c72078f77ff132cc3c84a7f8b87891d0cc106141","target":"e0bc9a7856341200"}}
1791517063940 0c3be847 < {"id":46,"jsonrpc":"2.0","method":"submit","params":{"id":"0c3be847","job_id":"36","nonce":"b3060100","result":"d2e7276ec15f90bc85ce53bec88090227f0c371f2fb2dc472ad7df24e82b1000","algo":"rx/blacksilk"}}
1791517065096 0c3be847 > {"error":null,"id":46,"jsonrpc":"2.0","result":{"status":"OK"}}
1791517065096 0c3be847 > {"jsonrpc":"2.0","method":"job","params":{"algo":"rx/blacksilk","blob":"4253696c6b2f31d87d00485b6c26a6ec40c6b73bf758a10011ec88ea8f8c03fb24bcc699b6d1a0000000005e5ecfa4","height":34,"job_id":"37","seed_hash":"3dbdba2aca8842cd3e02c7d8c72078f77ff132cc3c84a7f8b87891d0cc106141","target":"e0bc9a7856341200"}}
1791517065990 0c3be847 < {"id":47,"jsonrpc":"2.0","method":"submit","params":{"id":"0c3be847","job_id":"37","nonce":"09810000","result":"1ef826be9e59938cda13ba62c036f87a8487d862024dbd7c63b4d932de6e0800","algo":"rx/blacksilk"}}
1791517066982 0c3be847 > {"error":null,"id":47,"jsonrpc":"2.0","result":{"status":"OK"}}
1791517067002 0c3be847 > {"jsonrpc":"2.0","method":"job","params":{"algo":"rx/blacksilk","blob":"4253696c6b2f31150e212454a9b2648854e4c5c1a87710d18b7770ef505ca3c953467e791a32ba0000000048404a6f","height":35,"job_id":"38","seed_hash":"3dbdba2aca8842cd3e02c7d8c72078f77ff132cc3c84a7f8b87891d0cc106141","target":"e0bc9a7856341200"}}
1791517069677 0c3be847 < {"id":48,"jsonrpc":"2.0","method":"submit","params":{"id":"0c3be847","job_id":"38","nonce":"1a030100","result":"90928c10bcabd72eff82372af12eb4695d6a22cd884364a94321eb2891e11000","algo":"rx/blacksilk"}}
1791517070726 0c3be847 > {"error":null,"id":48,"jsonrpc":"2.0","result":{"status":"OK"}}
1791517070759 0c3be847 > {"jsonrpc":"2.0","method":"job","params":{"algo":"rx/blacksilk","blob":"4253696c6b2f3190d29d0603e64b022bcdda816b91045a3f37fb85736b89c60a6dc2cce704de0400000000825d3c92","height":36,"job_id":"39","seed_hash":"3dbdba2aca8842cd3e02c7d8c72078f77ff132cc3c84a7f8b87891d0cc106141","target":"e0bc9a7856341200"}}
1791517074255 0c3be847 < {"id":49,"jsonrpc":"2.0","method":"submit","params":{"id":"0c3be847","job_id":"39","nonce":"1b840000","result":"be1096e7545e49ff76e2f9d182a4708479c730be544d7db0eefcc45650ca0e00","algo":"rx/blacksilk"}}
1791517075331 0c3be847 > {"error":null,"id":49,"jsonrpc":"2.0","result":{"status":"OK"}}
1791517075349 0c3be847 > {"jsonrpc":"2.0","method":"job","params":{"algo":"rx/blacksilk","blob":"4253696c6b2f31532febd9c92d7638f60dc59ef01e4f81c49b0c392a4e85e9180e84a849142163000000001b915ede","height":37,"job_id":"40","seed_hash":"3dbdba2aca8842cd3e02c7d8c72078f77ff132cc3c84a7f8b87891d0cc106141","target":"e0bc9a7856341200"}}
1791517078189 0c3be847 < {"id":50,"jsonrpc":"2.0","method":"submit","params":{"id":"0c3be847","job_id":"40","nonce":"4f030000","result":"519f0358eb468012d36061113b7bdfd7c2ffe95986d77f13b7fa92f88bbf0b00","algo":"rx/blacksilk"}}
1791517079216 0c3be847 > {"error":null,"id":50,"jsonrpc":"2.0","result":{"status":"OK"}}
1791517079238 0c3be847 > {"jsonrpc":"2.0","method":"job","params":{"algo":"rx/blacksilk","blob":"4253696c6b2f31c29a7cee28ed5632bb7b5e9e919f0f052d34e3ca79926013da6e2a972560107d00000000dd87dcde","height":38,"job_id":"41","seed_hash":"3dbdba2aca8842cd3e02c7d8c72078f77ff132cc3c84a7f8b87891d0cc106141","target":"e0bc9a7856341200"}}
1791517085141 0c3be847 < {"id":51,"jsonrpc":"2.0","method":"submit","params":{"id":"0c3be847","job_id":"41","nonce":"da060000","result":"03cc5a38d3f5324fba7ee76539fd55f8407ec5209900b00189ac9a7695530d00","algo":"rx/blacksilk"}}
1791517085633 0c3be847 < {"id":52,"jsonrpc":"2.0","method":"submit","params":{"id":"0c3be847","job_id":"41","nonce":"55070100","result":"ddf9334b55a48d7f020a83784ac6a6f669cd3f923e51d406fbf49878431a0100","algo":"rx/blacksilk"}}
1791517086181 0c3be847 > {"error":null,"id":51,"jsonrpc":"2.0","result":{"status":"OK"}}
1791517086200 0c3be847 > {"jsonrpc":"2.0","method":"job","params":{"algo":"rx/blacksilk","blob":"4253696c6b2f31eaf2c9a5203f923dd94cbfb09191757937cbb9376cd5037d5337da1cd0566c2900000000b496e913","height":39,"job_id":"42","seed_hash":"3dbdba2aca8842cd3e02c7d8c72078f77ff132cc3c84a7f8b87891d0cc106141","target":"e0bc9a7856341200"}}
1791517087231 0c3be847 > {"error":null,"id":52,"jsonrpc":"2.0","result":{"status":"OK_OFF_BEST_CHAIN"}}
1791517094486 0c3be847 < {"id":53,"jsonrpc":"2.0","method":"submit","params":{"id":"0c3be847","job_id":"42","nonce":"bd090100","result":"1806ff05bfc4b8b7207cab0a9955c3e719512e58fb04d1c597441c790ff30f00","algo":"rx/blacksilk"}}
1791517095145 0c3be847 < {"id":54,"jsonrpc":"2.0","method":"submit","params":{"id":"0c3be847","job_id":"42","nonce":"578a0000","result":"172964d6a9e2b5b94662a439bc0da7ab738de633fef6f2687f360a56872a0800","algo":"rx/blacksilk"}}
1791517095491 0c3be847 > {"error":null,"id":53,"jsonrpc":"2.0","result":{"status":"OK"}}
1791517095513 0c3be847 > {"jsonrpc":"2.0","method":"job","params":{"algo":"rx/blacksilk","blob":"4253696c6b2f317fa4214df35fe5119bd380868135aa34a58530d8951ee9de2e76a99a30863712000000009a1fd359","height":40,"job_id":"43","seed_hash":"3dbdba2aca8842cd3e02c7d8c72078f77ff132cc3c84a7f8b87891d0cc106141","target":"e0bc9a7856341200"}}
1791517096526 0c3be847 > {"error":null,"id":54,"jsonrpc":"2.0","result":{"status":"OK_OFF_BEST_CHAIN"}}
1791517097576 0c3be847 < {"id":55,"jsonrpc":"2.0","method":"submit","params":{"id":"0c3be847","job_id":"43","nonce":"5a020100","result":"1d92da20d8f99a7042ebc3044e1e6fe0814ca22cd689af18c3dd8c99cbfb0d00","algo":"rx/blacksilk"}}
1791517098578 0c3be847 > {"error":null,"id":55,"jsonrpc":"2.0","result":{"status":"OK"}}
1791517098582 0c3be847 < {"id":56,"jsonrpc":"2.0","method":"submit","params":{"id":"0c3be847","job_id":"43","nonce":"96830100","result":"746874c0a1504f70753ade11fad500a03d4ca70f7d147f1d87963859bcb30e00","algo":"rx/blacksilk"}}
1791517098601 0c3be847 > {"jsonrpc":"2.0","method":"job","params":{"algo":"rx/blacksilk","blob":"4253696c6b2f311270ff9c8d6eae5691c22330e8a56cef3a954ebdd98a0419922e260a70baf177000000006bb9c6e8","height":41,"job_id":"44","seed_hash":"3dbdba2aca8842cd3e02c7d8c72078f77ff132cc3c84a7f8b87891d0cc106141","target":"e0bc9a7856341200"}}
1791517099605 0c3be847 > {"error":null,"id":56,"jsonrpc":"2.0","result":{"status":"OK_OFF_BEST_CHAIN"}}
1791517106982 0c3be847 < {"id":57,"jsonrpc":"2.0","method":"submit","params":{"id":"0c3be847","job_id":"44","nonce":"dc090000","result":"3fab454b31c996787dbcf5c14b86d768302f41be8e9bbe2d62809fd45f630000","algo":"rx/blacksilk"}}
1791517108023 0c3be847 > {"error":null,"id":57,"jsonrpc":"2.0","result":{"status":"OK"}}
1791517108023 0c3be847 > {"jsonrpc":"2.0","method":"job","params":{"algo":"rx/blacksilk","blob":"4253696c6b2f31247f8a8deded3c43b4f983b78fccde2baceb477575f4394942ce376aaac58c0f00000000765e5c95","height":42,"job_id":"45","seed_hash":"3dbdba2aca8842cd3e02c7d8c72078f77ff132cc3c84a7f8b87891d0cc106141","target":"e0bc9a7856341200"}}
1791517109023 0c3be847 < {"id":58,"jsonrpc":"2.0","method":"submit","params":{"id":"0c3be847","job_id":"45","nonce":"30810000","result":"c3357f08c16bcb9ab48106b987dfca92ef98b5fd6e3945e053160610ea0e0500","algo":"rx/blacksilk"}}
1791517110098 0c3be847 > {"error":null,"id":58,"jsonrpc":"2.0","result":{"status":"OK"}}
1791517110104 0c3be847 > {"jsonrpc":"2.0","method":"job","params":{"algo":"rx/blacksilk","blob":"4253696c6b2f3154f61a0e381c198ff93ed67e9e6e98141499badf9eee29885c3c5c1e1185f2810000000058a0b519","height":43,"job_id":"46","seed_hash":"3dbdba2aca8842cd3e02c7d8c72078f77ff132cc3c84a7f8b87891d0cc106141","target":"e0bc9a7856341200"}}
1791517110728 0c3be847 < {"id":59,"jsonrpc":"2.0","method":"submit","params":{"id":"0c3be847","job_id":"46","nonce":"b9800100","result":"32cccc7c758dfcd524a2628591e1108ad05975719d685f0b125878efa1cc0f00","algo":"rx/blacksilk"}}
1791517111752 0c3be847 > {"error":null,"id":59,"jsonrpc":"2.0","result":{"status":"OK"}}
1791517111772 0c3be847 > {"jsonrpc":"2.0","method":"job","params":{"algo":"rx/blacksilk","blob":"4253696c6b2f31cba24d0f8fe1d9abfcdd3e51a50cd402b3e5fdcd70d968c978db6610fe3f098200000000e95ef08c","height":44,"job_id":"47","seed_hash":"3dbdba2aca8842cd3e02c7d8c72078f77ff132cc3c84a7f8b87891d0cc106141","target":"e0bc9a7856341200"}}
1791517113523 0c3be847 < {"id":60,"jsonrpc":"2.0","method":"submit","params":{"id":"0c3be847","job_id":"47","nonce":"14020100","result":"1cea9fa228124b6ba67ea0abd20219e16abe6edd0dfc1e96251321f10ef90b00","algo":"rx/blacksilk"}}
1791517114594 0c3be847 > {"error":null,"id":60,"jsonrpc":"2.0","result":{"status":"OK"}}
1791517114610 0c3be847 > {"jsonrpc":"2.0","method":"job","params":{"algo":"rx/blacksilk","blob":"4253696c6b2f31f1ba1477311c5caffa8140b8ccaa77ae80ef29e9f7e0cfdeb15e3474909f4828000000009408315d","height":45,"job_id":"48","seed_hash":"3dbdba2aca8842cd3e02c7d8c72078f77ff132cc3c84a7f8b87891d0cc106141","target":"e0bc9a7856341200"}}
1791517123626 0c3be847 < {"id":61,"jsonrpc":"2.0","method":"submit","params":{"id":"0c3be847","job_id":"48","nonce":"7b8a0100","result":"829c8c7eff0dbd978e47fbc39d724850d0426dab82585b8f7875aee9b88a0d00","algo":"rx/blacksilk"}}
1791517124690 0c3be847 > {"error":null,"id":61,"jsonrpc":"2.0","result":{"status":"OK"}}
1791517124708 0c3be847 > {"jsonrpc":"2.0","method":"job","params":{"algo":"rx/blacksilk","blob":"4253696c6b2f3141af989a04dcb6490f8ec5f132874bf5ef9610dcf84f2578a3e1ca586c73896a00000000ba62c763","height":46,"job_id":"49","seed_hash":"3dbdba2aca8842cd3e02c7d8c72078f77ff132cc3c84a7f8b87891d0cc106141","target":"e0bc9a7856341200"}}
1791517128918 0c3be847 < {"id":62,"jsonrpc":"2.0","method":"submit","params":{"id":"0c3be847","job_id":"49","nonce":"33040100","result":"6e8c0e33252091750cf9321e545c3d76af1ee8e5ae02c68afef77f2dd6590100","algo":"rx/blacksilk"}}
1791517130031 0c3be847 > {"error":null,"id":62,"jsonrpc":"2.0","result":{"status":"OK"}}
1791517130031 0c3be847 > {"jsonrpc":"2.0","method":"job","params":{"algo":"rx/blacksilk","blob":"4253696c6b2f31a7cb11c149b62f34be51a86d37d68c00b183b601911e6bcfd76edeab9c7df588000000004064c62d","height":47,"job_id":"50","seed_hash":"3dbdba2aca8842cd3e02c7d8c72078f77ff132cc3c84a7f8b87891d0cc106141","target":"e0bc9a7856341200"}}
1791517131023 0c3be847 < {"id":63,"jsonrpc":"2.0","method":"submit","params":{"id":"0c3be847","job_id":"50","nonce":"2f810000","result":"918b54c990ed369a40b81a29bfcfbe2d93e75eb15883020ba6624c62041b0b00","algo":"rx/blacksilk"}}
1791517131091 0c3be847 < {"id":64,"jsonrpc":"2.0","method":"submit","params":{"id":"0c3be847","job_id":"50","nonce":"36010100","result":"4d2b92f91f4a01ffec2c71a3654b7852f74805ed3c74f1136b4d5606abd20e00","algo":"rx/blacksilk"}}
1791517131939 0c3be847 < {"id":65,"jsonrpc":"2.0","method":"submit","params":{"id":"0c3be847","job_id":"50","nonce":"34820000","result":"dc7927a70ec0632ceead367b81fec38beb2b23e2b171ad2f2e9dcfc4f4601000","algo":"rx/blacksilk"}}
1791517132036 0c3be847 > {"error":null,"id":63,"jsonrpc":"2.0","result":{"status":"OK"}}
1791517132053 0c3be847 > {"jsonrpc":"2.0","method":"job","params":{"algo":"rx/blacksilk","blob":"4253696c6b2f3187f18adc681815fc3346ef43a0b5f34a2b6df7bba30a0b5104941dc61c51f3f300000000a99cd866","height":48,"job_id":"51","seed_hash":"3dbdba2aca8842cd3e02c7d8c72078f77ff132cc3c84a7f8b87891d0cc106141","target":"e0bc9a7856341200"}}
1791517133082 0c3be847 > {"error":null,"id":64,"jsonrpc":"2.0","result":{"status":"OK_OFF_BEST_CHAIN"}}
1791517133140 0c3be847 < {"id":66,"jsonrpc":"2.0","method":"submit","params":{"id":"0c3be847","job_id":"51","nonce":"27810100","result":"c680278123ddbe6cb19abf272ba03852454a521592688290bd387b99bfe41100","algo":"rx/blacksilk"}}
1791517134124 0c3be847 > {"error":null,"id":65,"jsonrpc":"2.0","result":{"status":"OK_OFF_BEST_CHAIN"}}
1791517135127 0c3be847 > {"error":null,"id":66,"jsonrpc":"2.0","result":{"status":"OK"}}
1791517135158 0c3be847 > {"jsonrpc":"2.0","method":"job","params":{"algo":"rx/blacksilk","blob":"4253696c6b2f31adabf4462dcc47b0f4c6e6fb3f984c2e60632f0644244b4097864cd81b489055000000003108949c","height":49,"job_id":"52","seed_hash":"3dbdba2aca8842cd3e02c7d8c72078f77ff132cc3c84a7f8b87891d0cc106141","target":"e0bc9a7856341200"}}
1791517138238 0c3be847 < {"id":67,"jsonrpc":"2.0","method":"submit","params":{"id":"0c3be847","job_id":"52","nonce":"a0030000","result":"d10e9f1dbeeb5071cad4054e32e06648997742058c73adced03ae2d0193b0600","algo":"rx/blacksilk"}}
1791517139266 0c3be847 > {"error":null,"id":67,"jsonrpc":"2.0","result":{"status":"OK"}}
1791517139283 0c3be847 > {"jsonrpc":"2.0","method":"job","params":{"algo":"rx/blacksilk","blob":"4253696c6b2f31c199f416e3ea21cc8a7e392fd757070c29ace29e6048c3e2e69158865704694f0000000018bd9702","height":50,"job_id":"53","seed_hash":"3dbdba2aca8842cd3e02c7d8c72078f77ff132cc3c84a7f8b87891d0cc106141","target":"e0bc9a7856341200"}}
1791517139596 0c3be847 < {"id":68,"jsonrpc":"2.0","method":"submit","params":{"id":"0c3be847","job_id":"53","nonce":"56000000","result":"a15d6290daaa9c1a39835b488eb58d5531d25dadf787a732029e32fe24a50b00","algo":"rx/blacksilk"}}
1791517140527 0c3be847 < {"id":69,"jsonrpc":"2.0","method":"submit","params":{"id":"0c3be847","job_id":"53","nonce":"5a810000","result":"415c1fa293a9b355b222b94ef906e3fd6652af2ae6bf48e6c52e99cf95630e00","algo":"rx/blacksilk"}}
1791517140630 0c3be847 > {"error":null,"id":68,"jsonrpc":"2.0","result":{"status":"OK"}}
1791517140649 0c3be847 > {"jsonrpc":"2.0","method":"job","params":{"algo":"rx/blacksilk","blob":"4253696c6b2f31bd7e717c52fcc19633c4eb820d65f943e7d1f24cf91c36410ec06abe5844d40400000000b57e0234","height":51,"job_id":"54","seed_hash":"3dbdba2aca8842cd3e02c7d8c72078f77ff132cc3c84a7f8b87891d0cc106141","target":"e0bc9a7856341200"}}
1791517141682 0c3be847 > {"error":null,"id":69,"jsonrpc":"2.0","result":{"status":"OK_OFF_BEST_CHAIN"}}
1791517144281 0c3be847 < {"id":70,"jsonrpc":"2.0","method":"submit","params":{"id":"0c3be847","job_id":"54","nonce":"02040100","result":"b04166a87ac57287ded4e5c184811e77c5d081240ce756f3bbdcfe37f5990e00","algo":"rx/blacksilk"}}
1791517145340 0c3be847 > {"error":null,"id":70,"jsonrpc":"2.0","result":{"status":"OK"}}
1791517145358 0c3be847 > {"jsonrpc":"2.0","method":"job","params":{"algo":"rx/blacksilk","blob":"4253696c6b2f31257fe9cc26dfb1b12f47aa1ed3b7d9271d24e0a4c5fab91a1b67266e4c1df74a00000000bbb53125","height":52,"job_id":"55","seed_hash":"3dbdba2aca8842cd3e02c7d8c72078f77ff132cc3c84a7f8b87891d0cc106141","target":"e0bc9a7856341200"}}
1791517147423 0c3be847 < {"id":71,"jsonrpc":"2.0","method":"submit","params":{"id":"0c3be847","job_id":"55","nonce":"6a020100","result":"278a564544bcb6380b153e2db41adc8d24bdbe545c541007f69eca2da8de0300","algo":"rx/blacksilk"}}
1791517148434 0c3be847 > {"error":null,"id":71,"jsonrpc":"2.0","result":{"status":"OK"}}
1791517148463 0c3be847 > {"jsonrpc":"2.0","method":"job","params":{"algo":"rx/blacksilk","blob":"4253696c6b2f31df8a8a97ffa15414eccfcfde29eaf6d76093ab08607962a0177fee9a33829098000000005779047c","height":53,"job_id":"56","seed_hash":"3dbdba2aca8842cd3e02c7d8c72078f77ff132cc3c84a7f8b87891d0cc106141","target":"e0bc9a7856341200"}}
1791517150945 0c3be847 < {"id":72,"jsonrpc":"2.0","method":"submit","params":{"id":"0c3be847","job_id":"56","nonce":"e8020000","result":"bf5bd8c868db2334cd7839ac476ea44634be1ad4abbb953bb9bacff1b2c11100","algo":"rx/blacksilk"}}
1791517151802 0c3be847 < {"id":73,"jsonrpc":"2.0","method":"submit","params":{"id":"0c3be847","job_id":"56","nonce":"d1030000","result":"030181ceb6031de855ddc6e6eb6d7589437e82f0c4cd778a239b5079761f0800","algo":"rx/blacksilk"}}
1791517151960 0c3be847 > {"error":null,"id":72,"jsonrpc":"2.0","result":{"status":"OK"}}
1791517151985 0c3be847 > {"jsonrpc":"2.0","method":"job","params":{"algo":"rx/blacksilk","blob":"4253696c6b2f316d88feb1b97bded837a137c633254b89f4ac15dd11da6a0c4878f218bdd9051e00000000cd5a9dd7","height":54,"job_id":"57","seed_hash":"3dbdba2aca8842cd3e02c7d8c72078f77ff132cc3c84a7f8b87891d0cc106141","target":"e0bc9a7856341200"}}
1791517153025 0c3be847 > {"error":null,"id":73,"jsonrpc":"2.0","result":{"status":"OK_OFF_BEST_CHAIN"}}
1791517154219 0c3be847 < {"id":74,"jsonrpc":"2.0","method":"submit","params":{"id":"0c3be847","job_id":"57","nonce":"7f820000","result":"b1bea49db9a593ae83ce5d99e1d9faa9ce5c8a96a806ca39378bede785e60e00","algo":"rx/blacksilk"}}
1791517155244 0c3be847 > {"error":null,"id":74,"jsonrpc":"2.0","result":{"status":"OK"}}
1791517155244 0c3be847 > {"jsonrpc":"2.0","method":"job","params":{"algo":"rx/blacksilk","blob":"4253696c6b2f3121f6d18a1ba33d778ff52a1d92b5da45c364e5136b54d22208901bab5a064aef000000002f1855c8","height":55,"job_id":"58","seed_hash":"3dbdba2aca8842cd3e02c7d8c72078f77ff132cc3c84a7f8b87891d0cc106141","target":"e0bc9a7856341200"}}
1791517157847 0c3be847 < {"id":75,"jsonrpc":"2.0","method":"submit","params":{"id":"0c3be847","job_id":"58","nonce":"03830100","result":"fe18dee91a3957e4deb7bd98638cd4fce0930694bef5456a53b95311ecc31100","algo":"rx/blacksilk"}}
1791517158890 0c3be847 > {"error":null,"id":75,"jsonrpc":"2.0","result":{"status":"OK"}}
1791517158913 0c3be847 > {"jsonrpc":"2.0","method":"job","params":{"algo":"rx/blacksilk","blob":"4253696c6b2f31d65ec1094b227928f1daa67a85381d9e563763d5f90907edc392d5f86000c2d800000000bb513a54","height":56,"job_id":"59","seed_hash":"3dbdba2aca8842cd3e02c7d8c72078f77ff132cc3c84a7f8b87891d0cc106141","target":"e0bc9a7856341200"}}
1791517158986 0c3be847 < {"id":76,"jsonrpc":"2.0","method":"submit","params":{"id":"0c3be847","job_id":"59","nonce":"15000000","result":"fe19caca81eae3f0b4ac05ac8db5614e13af3123a64839395aa04234ff361100","algo":"rx/blacksilk"}}
1791517160023 0c3be847 > {"error":null,"id":76,"jsonrpc":"2.0","result":{"status":"OK"}}
1791517160047 0c3be847 > {"jsonrpc":"2.0","method":"job","params":{"algo":"rx/blacksilk","blob":"4253696c6b2f3198341d1f8ef44048f948f06e0e70be262c5220c311d8b97746a946dd82220a90000000006737fd55","height":57,"job_id":"60","seed_hash":"3dbdba2aca8842cd3e02c7d8c72078f77ff132cc3c84a7f8b87891d0cc106141","target":"e0bc9a7856341200"}}
1791517160277 0c3be847 < {"id":77,"jsonrpc":"2.0","method":"submit","params":{"id":"0c3be847","job_id":"60","nonce":"43800100","result":"48671a223fca22c94f50d7f10378c6e0bc3af7a196af63052ebdb96e186e0500","algo":"rx/blacksilk"}}
1791517161333 0c3be847 > {"error":null,"id":77,"jsonrpc":"2.0","result":{"status":"OK"}}
1791517161351 0c3be847 > {"jsonrpc":"2.0","method":"job","params":{"algo":"rx/blacksilk","blob":"4253696c6b2f31cc273356efcc7cf535aabef457baaf55ee0e816680061549f3ece511785c90a500000000b269c96c","height":58,"job_id":"61","seed_hash":"3dbdba2aca8842cd3e02c7d8c72078f77ff132cc3c84a7f8b87891d0cc106141","target":"e0bc9a7856341200"}}
1791517163372 0c3be847 < {"id":78,"jsonrpc":"2.0","method":"submit","params":{"id":"0c3be847","job_id":"61","nonce":"71820100","result":"51033eb791550c00777390cafe56210a77d37e24aa8ef1f292edd5f750df0900","algo":"rx/blacksilk"}}
1791517163914 0c3be847 < {"id":79,"jsonrpc":"2.0","method":"submit","params":{"id":"0c3be847","job_id":"61","nonce":"f4820100","result":"6a682985a1a17e19e2a2b30be6b2839c452a76143041b45e937bbc73e00a0e00","algo":"rx/blacksilk"}}
1791517164468 0c3be847 > {"error":null,"id":78,"jsonrpc":"2.0","result":{"status":"OK"}}
1791517164486 0c3be847 > {"jsonrpc":"2.0","method":"job","params":{"algo":"rx/blacksilk","blob":"4253696c6b2f310fd4006cab92b2047d3d8f3dec5a3b810cf07d7be3ea1422433b05af3eccfe9400000000d46a647d","height":59,"job_id":"62","seed_hash":"3dbdba2aca8842cd3e02c7d8c72078f77ff132cc3c84a7f8b87891d0cc106141","target":"e0bc9a7856341200"}}
1791517164703 0c3be847 < {"id":80,"jsonrpc":"2.0","method":"submit","params":{"id":"0c3be847","job_id":"62","nonce":"3f800100","result":"927f6caaf8884264da62ebe8ea62236b956eb676d9b79979dddc418c852f0600","algo":"rx/blacksilk"}}
1791517165525 0c3be847 > {"error":null,"id":79,"jsonrpc":"2.0","result":{"status":"OK_OFF_BEST_CHAIN"}}
1791517166606 0c3be847 > {"error":null,"id":80,"jsonrpc":"2.0","result":{"status":"OK"}}
1791517166623 0c3be847 > {"jsonrpc":"2.0","method":"job","params":{"algo":"rx/blacksilk","blob":"4253696c6b2f316851a268fd4c3c88f4dd02766cf33c69a67cf69fcf6bd7ed99cfd322d8d1a9c0000000006483e9f5","height":60,"job_id":"63","seed_hash":"3dbdba2aca8842cd3e02c7d8c72078f77ff132cc3c84a7f8b87891d0cc106141","target":"e0bc9a7856341200"}}
1791517168624 0c3be847 < {"id":81,"jsonrpc":"2.0","method":"submit","params":{"id":"0c3be847","job_id":"63","nonce":"52020000","result":"c7f8e79755583d29aa9fb88f107f27b5623130480612caae3f40d58d42710e00","algo":"rx/blacksilk"}}
1791517168995 0c3be847 < {"id":82,"jsonrpc":"2.0","method":"submit","params":{"id":"0c3be847","job_id":"63","nonce":"bb820100","result":"020a4b45e8583e247083f9bd82582869e64e47ca9020a10fa6bbda91c66b0f00","algo":"rx/blacksilk"}}
1791517169115 0c3be847 < {"id":83,"jsonrpc":"2.0","method":"submit","params":{"id":"0c3be847","job_id":"63","nonce":"e3020100","result":"f1ffeb1dcb26b26d564a7309ff2fb6423b401e5afe33b65f7b73b954a4b21000","algo":"rx/blacksilk"}}
1791517169671 0c3be847 > {"error":null,"id":81,"jsonrpc":"2.0","result":{"status":"OK"}}
1791517169696 0c3be847 > {"jsonrpc":"2.0","method":"job","params":{"algo":"rx/blacksilk","blob":"4253696c6b2f3182b80e6126eac38571bb10ab6005b28dbc29338788a54a220805c1ef4ffd746e00000000191de7b3","height":61,"job_id":"64","seed_hash":"3dbdba2aca8842cd3e02c7d8c72078f77ff132cc3c84a7f8b87891d0cc106141","target":"e0bc9a7856341200"}}
1791517170697 0c3be847 > {"error":null,"id":82,"jsonrpc":"2.0","result":{"status":"OK_OFF_BEST_CHAIN"}}
1791517171701 0c3be847 > {"error":null,"id":83,"jsonrpc":"2.0","result":{"status":"OK_OFF_BEST_CHAIN"}}
1791517172784 0c3be847 < {"id":84,"jsonrpc":"2.0","method":"submit","params":{"id":"0c3be847","job_id":"64","nonce":"89830100","result":"7e92c9d8de0aaa636adda8dc4fdd341afba74f27b39390aa476ec05f9af30100","algo":"rx/blacksilk"}}
1791517173829 0c3be847 > {"error":null,"id":84,"jsonrpc":"2.0","result":{"status":"OK"}}
1791517173835 0c3be847 > {"jsonrpc":"2.0","method":"job","params":{"algo":"rx/blacksilk","blob":"4253696c6b2f31e25a7daeb17f0800c9c5b5257323cc27474cd51774a4b44530369626600c02f200000000a95ae171","height":62,"job_id":"65","seed_hash":"3dbdba2aca8842cd3e02c7d8c72078f77ff132cc3c84a7f8b87891d0cc106141","target":"e0bc9a7856341200"}}
1791517174898 0c3be847 < {"id":85,"jsonrpc":"2.0","method":"submit","params":{"id":"0c3be847","job_id":"65","nonce":"3e810000","result":"4f8e1618f768c2f86597fdffec2d7e3b8d7995a3ece3ba79f37fbd9a58cb0b00","algo":"rx/blacksilk"}}
1791517175623 0c3be847 < {"id":86,"jsonrpc":"2.0","method":"submit","params":{"id":"0c3be847","job_id":"65","nonce":"0b020100","result":"638bc07acd3dee4f7a69fe08c6d183cf8683188823834c6f2755ddff82470300","algo":"rx/blacksilk"}}
1791517175963 0c3be847 > {"error":null,"id":85,"jsonrpc":"2.0","result":{"status":"OK"}}
1791517175989 0c3be847 > {"jsonrpc":"2.0","method":"job","params":{"algo":"rx/blacksilk","blob":"4253696c6b2f316b954ce923d61099437ca530b037ff844207f8e63e9577353f9379df42bcc11f0000000011774698","height":63,"job_id":"66","seed_hash":"3dbdba2aca8842cd3e02c7d8c72078f77ff132cc3c84a7f8b87891d0cc106141","target":"e0bc9a7856341200"}}
1791517176996 0c3be847 > {"error":null,"id":86,"jsonrpc":"2.0","result":{"status":"OK_OFF_BEST_CHAIN"}}
1791517182607 0c3be847 < {"id":87,"jsonrpc":"2.0","method":"submit","params":{"id":"0c3be847","job_id":"66","nonce":"9c870000","result":"72efa0aa51dbda2404e6c029ac2b5ef2d18ee5721a86a7be3dcab41bb5c50400","algo":"rx/blacksilk"}}
1791517182645 0c3be847 < {"id":88,"jsonrpc":"2.0","method":"submit","params":{"id":"0c3be847","job_id":"66","nonce":"a8870000","result":"f74c7ae13a0b158aa7633c4b9f208fccad39181881ca4a858c5923ef03c50300","algo":"rx/blacksilk"}}
1791517183658 0c3be847 > {"error":null,"id":87,"jsonrpc":"2.0","result":{"status":"OK"}}
1791517183658 0c3be847 > {"jsonrpc":"2.0","method":"job","params":{"algo":"rx/blacksilk","blob":"4253696c6b2f31923a91ac73403caa5b1da15ab62de076368eaba628bc1a394f940125cb07e31a0000000058bd0c6a","height":64,"job_id":"67","seed_hash":"3dbdba2aca8842cd3e02c7d8c72078f77ff132cc3c84a7f8b87891d0cc106141","target":"e0bc9a7856341200"}}
1791517183659 0c3be847 < {"id":89,"jsonrpc":"2.0","method":"submit","params":{"id":"0c3be847","job_id":"66","nonce":"98080000","result":"aed5b805a1f78fe158cceb409370bac2d7380edcaa727eef048ae32220aa0300","algo":"rx/blacksilk"}}
1791517183659 0c3be847 > {"error":{"code":-1,"message":"Stale job"},"id":89,"jsonrpc":"2.0","result":null}
1791517184795 0c3be847 > {"error":null,"id":88,"jsonrpc":"2.0","result":{"status":"OK_OFF_BEST_CHAIN"}}
1791517189993 0c3be847 < {"id":90,"jsonrpc":"2.0","method":"submit","params":{"id":"0c3be847","job_id":"67","nonce":"eb860100","result":"71e5874816f0bfcb486cfaee22a58058d7517cf8ffe83fb932849ce96f2b0300","algo":"rx/blacksilk"}}
1791517191028 0c3be847 > {"error":null,"id":90,"jsonrpc":"2.0","result":{"status":"OK"}}
1791517191047 0c3be847 > {"jsonrpc":"2.0","method":"job","params":{"algo":"rx/blacksilk","blob":"4253696c6b2f31f2f02bc7befabfdb988234204f3461bf09abbf8f7ca72b028eec8ac3d9fbd4b1000000004612702e","height":65,"job_id":"68","seed_hash":"3dbdba2aca8842cd3e02c7d8c72078f77ff132cc3c84a7f8b87891d0cc106141","target":"e0bc9a7856341200"}}
1791517192385 0c3be847 < {"id":91,"jsonrpc":"2.0","method":"submit","params":{"id":"0c3be847","job_id":"68","nonce":"94010000","result":"b055954c997a978882b5a6f774457d061a3068eb8f3a544ce8d78befc3130d00","algo":"rx/blacksilk"}}
1791517193461 0c3be847 > {"error":null,"id":91,"jsonrpc":"2.0","result":{"status":"OK"}}
1791517193482 0c3be847 > {"jsonrpc":"2.0","method":"job","params":{"algo":"rx/blacksilk","blob":"4253696c6b2f314e4fc5fcf60175533aced26be7240195a251fb8b88612b5b23231aa2ffbf7e0f000000006c14697a","height":66,"job_id":"69","seed_hash":"3dbdba2aca8842cd3e02c7d8c72078f77ff132cc3c84a7f8b87891d0cc106141","target":"e0bc9a7856341200"}}
1791517193685 0c3be847 < {"id":92,"jsonrpc":"2.0","method":"submit","params":{"id":"0c3be847","job_id":"69","nonce":"3a800000","result":"00fe1deb7e82d3b9539b59f6b708ded449d2ae42bd3ad5f85c6da829b3840900","algo":"rx/blacksilk"}}
1791517194259 0c3be847 < {"id":93,"jsonrpc":"2.0","method":"submit","params":{"id":"0c3be847","job_id":"69","nonce":"de000000","result":"d1fa7d02c0bdf79c1ec5bc2fb72af6ed8f91661de00bf530b117568d8ce10400","algo":"rx/blacksilk"}}
1791517194738 0c3be847 > {"error":null,"id":92,"jsonrpc":"2.0","result":{"status":"OK"}}
1791517194769 0c3be847 > {"jsonrpc":"2.0","method":"job","params":{"algo":"rx/blacksilk","blob":"4253696c6b2f31ae3f0b186cd662be86bc2e18e3de1b9a987f618778bde04f72b87d756f338e9e00000000aceaeb19","height":67,"job_id":"70","seed_hash":"3dbdba2aca8842cd3e02c7d8c72078f77ff132cc3c84a7f8b87891d0cc106141","target":"e0bc9a7856341200"}}
1791517195474 0c3be847 < {"id":94,"jsonrpc":"2.0","method":"submit","params":{"id":"0c3be847","job_id":"70","nonce":"bb800100","result":"321db2b21cf629c566f00ea9b26f02ee897d6f8549fdaa4f399f4a1f56c51100","algo":"rx/blacksilk"}}
1791517195786 0c3be847 > {"error":null,"id":93,"jsonrpc":"2.0","result":{"status":"OK_OFF_BEST_CHAIN"}}
1791517196451 0c3be847 < {"id":95,"jsonrpc":"2.0","method":"submit","params":{"id":"0c3be847","job_id":"70","nonce":"ce010100","result":"927f35ec7fe9642efd31d503b81ee66b06b36aaf0af6c3400003e147060b0f00","algo":"rx/blacksilk"}}
1791517196848 0c3be847 > {"error":null,"id":94,"jsonrpc":"2.0","result":{"status":"OK"}}
1791517196872 0c3be847 > {"jsonrpc":"2.0","method":"job","params":{"algo":"rx/blacksilk","blob":"4253696c6b2f31785ea678de2be539923e2d8a0b480981ae7082c1055ac9ceaa77008c34a8eea50000000008e41c41","height":68,"job_id":"71","seed_hash":"3dbdba2aca8842cd3e02c7d8c72078f77ff132cc3c84a7f8b87891d0cc106141","target":"e0bc9a7856341200"}}
1791517197782 0c3be847 < {"id":96,"jsonrpc":"2.0","method":"submit","params":{"id":"0c3be847","job_id":"71","nonce":"01010000","result":"89075dbf7b753b627458c8cadcb0722e8294f49e6490ac48e83d2cbb7a4c0600","algo":"rx/blacksilk"}}
1791517197915 0c3be847 > {"error":null,"id":95,"jsonrpc":"2.0","result":{"status":"OK_OFF_BEST_CHAIN"}}
1791517198979 0c3be847 > {"error":null,"id":96,"jsonrpc":"2.0","result":{"status":"OK"}}
1791517198979 0c3be847 > {"jsonrpc":"2.0","method":"job","params":{"algo":"rx/blacksilk","blob":"4253696c6b2f316a5984b3141843dea78087052e5fe4de1648d1aa64a53404c52c02161f3f8f2600000000ae2f2bea","height":69,"job_id":"72","seed_hash":"3dbdba2aca8842cd3e02c7d8c72078f77ff132cc3c84a7f8b87891d0cc106141","target":"e0bc9a7856341200"}}
1791517207020 0c3be847 < {"id":97,"jsonrpc":"2.0","method":"submit","params":{"id":"0c3be847","job_id":"72","nonce":"28090100","result":"97ef72ea6e038eabaa1982adbabd5b013b17d44a9ebf2bec586ab3096ae50e00","algo":"rx/blacksilk"}}
1791517208029 0c3be847 > {"error":null,"id":97,"jsonrpc":"2.0","result":{"status":"OK"}}
1791517208055 0c3be847 > {"jsonrpc":"2.0","method":"job","params":{"algo":"rx/blacksilk","blob":"4253696c6b2f31d8ad0f6c0b7be682eba2756df3251ecac089e28d4e6786e6abcda6065d7f48bd000000006e51e7bf","height":70,"job_id":"73","seed_hash":"3dbdba2aca8842cd3e02c7d8c72078f77ff132cc3c84a7f8b87891d0cc106141","target":"e0bc9a7856341200"}}
1791517210162 0c3be847 < {"id":98,"jsonrpc":"2.0","method":"submit","params":{"id":"0c3be847","job_id":"73","nonce":"6f820000","result":"9d69cee818380f109bdffa18639b1cd4e3e055df319ee9b408d69eedbb350900","algo":"rx/blacksilk"}}
1791517211236 0c3be847 > {"error":null,"id":98,"jsonrpc":"2.0","result":{"status":"OK"}}
1791517211261 0c3be847 > {"jsonrpc":"2.0","method":"job","params":{"algo":"rx/blacksilk","blob":"4253696c6b2f31a5bad0e348fc8129866fa3f6d4dad003d58ec568f6b81aa108180f88f2df04040000000013c23e2c","height":71,"job_id":"74","seed_hash":"3dbdba2aca8842cd3e02c7d8c72078f77ff132cc3c84a7f8b87891d0cc106141","target":"e0bc9a7856341200"}}
1791517211699 0c3be847 < {"id":99,"jsonrpc":"2.0","method":"submit","params":{"id":"0c3be847","job_id":"74","nonce":"82800000","result":"7b02d2fd021f3045dc133140b1d6b98213a5ea9fa57739a4c577296f73570800","algo":"rx/blacksilk"}}
1791517212696 0c3be847 > {"error":null,"id":99,"jsonrpc":"2.0","result":{"status":"OK"}}
1791517212714 0c3be847 > {"jsonrpc":"2.0","method":"job","params":{"algo":"rx/blacksilk","blob":"4253696c6b2f31c78d5b2c26d2f3baa41e4bbf8863b5958f6aa1efae795829d91a7b6312b29eed00000000888ee611","height":72,"job_id":"75","seed_hash":"3dbdba2aca8842cd3e02c7d8c72078f77ff132cc3c84a7f8b87891d0cc106141","target":"e0bc9a7856341200"}}
1791517215651 0c3be847 < {"id":100,"jsonrpc":"2.0","method":"submit","params":{"id":"0c3be847","job_id":"75","nonce":"6c030100","result":"c7f5194bd0c843f62abd2730eb39fbaa30be30502d6b9b367df02c161ef80900","algo":"rx/blacksilk"}}
1791517216694 0c3be847 > {"error":null,"id":100,"jsonrpc":"2.0","result":{"status":"OK"}}
1791517216719 0c3be847 > {"jsonrpc":"2.0","method":"job","params":{"algo":"rx/blacksilk","blob":"4253696c6b2f31d9c303af5da378ab72e5fc726bdd170dbf41081b10697c0300da87c1abcd494b00000000a40f8782","height":73,"job_id":"76","seed_hash":"3dbdba2aca8842cd3e02c7d8c72078f77ff132cc3c84a7f8b87891d0cc106141","target":"e0bc9a7856341200"}}
1791517218653 0c3be847 < {"id":101,"jsonrpc":"2.0","method":"submit","params":{"id":"0c3be847","job_id":"76","nonce":"3d020100","result":"a45639be615d05e576b37345329811070f0a9221228823dffcdb45d6038a0200","algo":"rx/blacksilk"}}
1791517219704 0c3be847 > {"error":null,"id":101,"jsonrpc":"2.0","result":{"status":"OK"}}
1791517219724 0c3be847 > {"jsonrpc":"2.0","method":"job","params":{"algo":"rx/blacksilk","blob":"4253696c6b2f31f7ce3cfdf79057caf209aacd392196fb0608ae91c86626c09f564ff27451a5b3000000007d36183f","height":74,"job_id":"77","seed_hash":"3dbdba2aca8842cd3e02c7d8c72078f77ff132cc3c84a7f8b87891d0cc106141","target":"e0bc9a7856341200"}}
1791517225573 0c3be847 < {"id":102,"jsonrpc":"2.0","method":"submit","params":{"id":"0c3be847","job_id":"77","nonce":"bc860100","result":"b2adc81a91ee1a235ad622ad4a77355a26d5409f4add0e92e3183b8036bd0100","algo":"rx/blacksilk"}}
1791517226605 0c3be847 > {"error":null,"id":102,"jsonrpc":"2.0","result":{"status":"OK"}}
1791517226634 0c3be847 > {"jsonrpc":"2.0","method":"job","params":{"algo":"rx/blacksilk","blob":"4253696c6b2f31e0fbabba511c97a5d537d9c48821b375968f8e77b4b4cbb90f9590ef9aedf734000000001c382417","height":75,"job_id":"78","seed_hash":"3dbdba2aca8842cd3e02c7d8c72078f77ff132cc3c84a7f8b87891d0cc106141","target":"e0bc9a7856341200"}}
1791517229211 0c3be847 < {"id":103,"jsonrpc":"2.0","method":"submit","params":{"id":"0c3be847","job_id":"78","nonce":"fb820000","result":"654640be245dc88796ccf0085191ce500381fae278eae5368af0d20c07830b00","algo":"rx/blacksilk"}}
1791517229868 0c3be847 < {"id":104,"jsonrpc":"2.0","method":"submit","params":{"id":"0c3be847","job_id":"78","nonce":"b3830100","result":"cc3da0173c233a345ef3e1aa95011acb149ed044d57903c084b520a4b8e40500","algo":"rx/blacksilk"}}
1791517230262 0c3be847 > {"error":null,"id":103,"jsonrpc":"2.0","result":{"status":"OK"}}
1791517230275 0c3be847 > {"jsonrpc":"2.0","method":"job","params":{"algo":"rx/blacksilk","blob":"4253696c6b2f310eebdf1899dc5d571ab2a8fef5557955d53c7d1223526b3c9f70414bf2cd72e600000000ea5c5b30","height":76,"job_id":"79","seed_hash":"3dbdba2aca8842cd3e02c7d8c72078f77ff132cc3c84a7f8b87891d0cc106141","target":"e0bc9a7856341200"}}
1791517231296 0c3be847 > {"error":null,"id":104,"jsonrpc":"2.0","result":{"status":"OK_OFF_BEST_CHAIN"}}
1791517234158 0c3be847 < {"id":105,"jsonrpc":"2.0","method":"submit","params":{"id":"0c3be847","job_id":"79","nonce":"86840100","result":"584cece87c06e33ff2699e0c75a849a63a85fa17057733d28e4c5c0614c81000","algo":"rx/blacksilk"}}
1791517234368 0c3be847 < {"id":106,"jsonrpc":"2.0","method":"submit","params":{"id":"0c3be847","job_id":"79","nonce":"c8040000","result":"d96180e93213d40781d5dd14003b31af02bd88c70aa8a491ec275d7d9b820500","algo":"rx/blacksilk"}}
1791517234867 0c3be847 < {"id":107,"jsonrpc":"2.0","method":"submit","params":{"id":"0c3be847","job_id":"79","nonce":"4e850000","result":"2a558fabc089997de137c1a8e0ddc9a4fb354481873d1b9571fc09a920f60b00","algo":"rx/blacksilk"}}
1791517235212 0c3be847 > {"error":null,"id":105,"jsonrpc":"2.0","result":{"status":"OK"}}
1791517235231 0c3be847 > {"jsonrpc":"2.0","method":"job","params":{"algo":"rx/blacksilk","blob":"4253696c6b2f31b5a228dc1c378ab929c697fed0e982c8c9f191142a7676704ae3a1c49e6f1be100000000eaf05190","height":77,"job_id":"80","seed_hash":"3dbdba2aca8842cd3e02c7d8c72078f77ff132cc3c84a7f8b87891d0cc106141","target":"e0bc9a7856341200"}}
1791517236265 0c3be847 > {"error":null,"id":106,"jsonrpc":"2.0","result":{"status":"OK_OFF_BEST_CHAIN"}}
1791517237301 0c3be847 > {"error":null,"id":107,"jsonrpc":"2.0","result":{"status":"OK_OFF_BEST_CHAIN"}}
1791517240326 0c3be847 < {"id":108,"jsonrpc":"2.0","method":"submit","params":{"id":"0c3be847","job_id":"80","nonce":"b3850000","result":"f2e1f92b321fcc56539560770c8b40dbfbbb0aa8c142dcdeec5c4c62dc2e0d00","algo":"rx/blacksilk"}}
1791517240689 0c3be847 < {"id":109,"jsonrpc":"2.0","method":"submit","params":{"id":"0c3be847","job_id":"80","nonce":"16860000","result":"3fb4de0df3286546d1dcbca42623a05e76596b2ae19b466b97ef9a6302ef0500","algo":"rx/blacksilk"}}
1791517241401 0c3be847 > {"error":null,"id":108,"jsonrpc":"2.0","result":{"status":"OK"}}
1791517241408 0c3be847 > {"jsonrpc":"2.0","method":"job","params":{"algo":"rx/blacksilk","blob":"4253696c6b2f3164b55483346b88f6d0bca941257a8bbd7917e74c789155e21ae836925ed78d8f00000000a2ab4618","height":78,"job_id":"81","seed_hash":"3dbdba2aca8842cd3e02c7d8c72078f77ff132cc3c84a7f8b87891d0cc106141","target":"e0bc9a7856341200"}}
1791517242430 0c3be847 > {"error":null,"id":109,"jsonrpc":"2.0","result":{"status":"OK_OFF_BEST_CHAIN"}}
1791517244375 0c3be847 < {"id":110,"jsonrpc":"2.0","method":"submit","params":{"id":"0c3be847","job_id":"81","nonce":"46030000","result":"d9aa64eee52a431fc76a4336471934473b5c4614bb9d03da49ef514093ff0a00","algo":"rx/blacksilk"}}
1791517244915 0c3be847 < {"id":111,"jsonrpc":"2.0","method":"submit","params":{"id":"0c3be847","job_id":"81","nonce":"b7030100","result":"eef702ef5336abf4461e789dcc845e5136fc514d0218839000cfdcdef4d10300","algo":"rx/blacksilk"}}
1791517245497 0c3be847 > {"error":null,"id":110,"jsonrpc":"2.0","result":{"status":"OK"}}
1791517245513 0c3be847 < {"id":112,"jsonrpc":"2.0","method":"submit","params":{"id":"0c3be847","job_id":"81","nonce":"59840100","result":"2d65d91e34b8e76d975bedd70ae89001fe3ac8fa93a1f4ebe71c36594d9f0800","algo":"rx/blacksilk"}}
1791517245530 0c3be847 > {"jsonrpc":"2.0","method":"job","params":{"algo":"rx/blacksilk","blob":"4253696c6b2f316e4f326b8ca4150e67192835d67d00fa9cad042cd2ae28fdeffdb92850092b8e00000000f1dd03eb","height":79,"job_id":"82","seed_hash":"3dbdba2aca8842cd3e02c7d8c72078f77ff132cc3c84a7f8b87891d0cc106141","target":"e0bc9a7856341200"}}
1791517245966 0c3be847 < {"id":113,"jsonrpc":"2.0","method":"submit","params":{"id":"0c3be847","job_id":"82","nonce":"68800100","result":"ca29e7be577f80fdd58d1a2c0a78aa823e81449de8631fdb21250058998b1000","algo":"rx/blacksilk"}}
1791517246590 0c3be847 > {"error":null,"id":111,"jsonrpc":"2.0","result":{"status":"OK_OFF_BEST_CHAIN"}}
1791517247640 0c3be847 > {"error":null,"id":112,"jsonrpc":"2.0","result":{"status":"OK_OFF_BEST_CHAIN"}}
1791517248670 0c3be847 > {"error":null,"id":113,"jsonrpc":"2.0","result":{"status":"OK"}}
1791517248702 0c3be847 > {"jsonrpc":"2.0","method":"job","params":{"algo":"rx/blacksilk","blob":"4253696c6b2f31fa4edb8e249d301f2a6af6f21559a70be769e12bbb3abbb2d365107b679bfa410000000048ab9d12","height":80,"job_id":"83","seed_hash":"3dbdba2aca8842cd3e02c7d8c72078f77ff132cc3c84a7f8b87891d0cc106141","target":"e0bc9a7856341200"}}
1791517250197 0c3be847 < {"id":114,"jsonrpc":"2.0","method":"submit","params":{"id":"0c3be847","job_id":"83","nonce":"af010100","result":"e4671b0d068d076124b40be70055654de1f5c4759c7b1d6b8b6f690279720300","algo":"rx/blacksilk"}}
1791517250411 0c3be847 < {"id":115,"jsonrpc":"2.0","method":"submit","params":{"id":"0c3be847","job_id":"83","nonce":"ef010000","result":"3f2e2d113f7cb391a03bdd6b353423f09559f710d0a7a87bad85e7bb01760d00","algo":"rx/blacksilk"}}
1791517251224 0c3be847 > {"error":null,"id":114,"jsonrpc":"2.0","result":{"status":"OK"}}
1791517251241 0c3be847 > {"jsonrpc":"2.0","method":"job","params":{"algo":"rx/blacksilk","blob":"4253696c6b2f318fff3af050eed131aafe7063492b2ba1d52d0014e5df0b6199ecc5b0233c31960000000030504f84","height":81,"job_id":"84","seed_hash":"3dbdba2aca8842cd3e02c7d8c72078f77ff132cc3c84a7f8b87891d0cc106141","target":"e0bc9a7856341200"}}
1791517251666 0c3be847 < {"id":116,"jsonrpc":"2.0","method":"submit","params":{"id":"0c3be847","job_id":"84","nonce":"74000100","result":"dd4f5f62f0e88f954ef1ef3a3c9105438b99ebac09443937806a5fd488e90c00","algo":"rx/blacksilk"}}
1791517252244 0c3be847 > {"error":null,"id":115,"jsonrpc":"2.0","result":{"status":"OK_OFF_BEST_CHAIN"}}
1791517253299 0c3be847 > {"error":null,"id":116,"jsonrpc":"2.0","result":{"status":"OK"}}
1791517253300 0c3be847 > {"jsonrpc":"2.0","method":"job","params":{"algo":"rx/blacksilk","blob":"4253696c6b2f31dcb18374d5cf26dcc7d06f84927228e318734dfa9df2f0bc52cc08f183560d980000000099217d9e","height":82,"job_id":"85","seed_hash":"3dbdba2aca8842cd3e02c7d8c72078f77ff132cc3c84a7f8b87891d0cc106141","target":"e0bc9a7856341200"}}
1791517254061 0c3be847 < {"id":117,"jsonrpc":"2.0","method":"submit","params":{"id":"0c3be847","job_id":"85","nonce":"de800100","result":"052802b9f64890e70e699df521c765db7db0cbd978e381a0648d5251bdf90f00","algo":"rx/blacksilk"}}
1791517255088 0c3be847 > {"error":null,"id":117,"jsonrpc":"2.0","result":{"status":"OK"}}
1791517255112 0c3be847 > {"jsonrpc":"2.0","method":"job","params":{"algo":"rx/blacksilk","blob":"4253696c6b2f31e0a8281f680a67bea57d45e1fc99bb7c86ae34c09fb7bbdd380750ac61779f8b000000006270877e","height":83,"job_id":"86","seed_hash":"3dbdba2aca8842cd3e02c7d8c72078f77ff132cc3c84a7f8b87891d0cc106141","target":"e0bc9a7856341200"}}
1791517257327 0c3be847 < {"id":118,"jsonrpc":"2.0","method":"submit","params":{"id":"0c3be847","job_id":"86","nonce":"9e020000","result":"22c91972bf47d349a0331222345671dd2de770b8e28836c2e75714c7b5720d00","algo":"rx/blacksilk"}}
1791517258349 0c3be847 > {"error":null,"id":118,"jsonrpc":"2.0","result":{"status":"OK"}}
1791517258368 0c3be847 > {"jsonrpc":"2.0","method":"job","params":{"algo":"rx/blacksilk","blob":"4253696c6b2f318a3505a9b6bbe30a6fa8d45de146c459e9c4e26e214b6e0dd45a0040d567ef75000000009084b9c2","height":84,"job_id":"87","seed_hash":"3dbdba2aca8842cd3e02c7d8c72078f77ff132cc3c84a7f8b87891d0cc106141","target":"e0bc9a7856341200"}}
1791517258435 0c3be847 < {"id":119,"jsonrpc":"2.0","method":"submit","params":{"id":"0c3be847","job_id":"87","nonce":"13000000","result":"6e491a712c8ddca73b3d1baac2fc51fa20589e3f3bc45e4fb33a13d0b1d70600","algo":"rx/blacksilk"}}
1791517258930 0c3be847 < {"id":120,"jsonrpc":"2.0","method":"submit","params":{"id":"0c3be847","job_id":"87","nonce":"99000100","result":"d0da8cd11e51be7ae7583851dbc1169adf7b060f6694de944d17c3201bc20300","algo":"rx/blacksilk"}}
1791517259437 0c3be847 > {"error":null,"id":119,"jsonrpc":"2.0","result":{"status":"OK"}}
1791517259470 0c3be847 > {"jsonrpc":"2.0","method":"job","params":{"algo":"rx/blacksilk","blob":"4253696c6b2f318d9882433f6f0c888920fc8488391cda5902f598de7560fa5f40db929074d29200000000668c7b29","height":85,"job_id":"88","seed_hash":"3dbdba2aca8842cd3e02c7d8c72078f77ff132cc3c84a7f8b87891d0cc106141","target":"e0bc9a7856341200"}}
1791517259612 0c3be847 < {"id":121,"jsonrpc":"2.0","method":"submit","params":{"id":"0c3be847","job_id":"88","nonce":"26800000","result":"ec38321233e67c5980e62b99efc5a542c2e8cd151e0daef27d3032c7f2900300","algo":"rx/blacksilk"}}
1791517259652 0c3be847 < {"id":122,"jsonrpc":"2.0","method":"submit","params":{"id":"0c3be847","job_id":"88","nonce":"31000000","result":"ac639aea6323275f7423c966c2ba5decd521e8c61ac7b30b89b1f0a7d82a0a00","algo":"rx/blacksilk"}}
1791517259933 0c3be847 < {"id":123,"jsonrpc":"2.0","method":"submit","params":{"id":"0c3be847","job_id":"88","nonce":"83800100","result":"69769663ad75f632bd282377b09bdab9d71b69c6340f8ef71ec3885732060c00","algo":"rx/blacksilk"}}
1791517260487 0c3be847 > {"error":null,"id":120,"jsonrpc":"2.0","result":{"status":"OK_OFF_BEST_CHAIN"}}
1791517260557 0c3be847 < {"id":124,"jsonrpc":"2.0","method":"submit","params":{"id":"0c3be847","job_id":"88","nonce":"31010000","result":"43fc17a878665c199ce3fac81d9ea67c342725062f89b7c06bea07f82d980d00","algo":"rx/blacksilk"}}
1791517261524 0c3be847 > {"error":null,"id":121,"jsonrpc":"2.0","result":{"status":"OK"}}
1791517261539 0c3be847 > {"jsonrpc":"2.0","method":"job","params":{"algo":"rx/blacksilk","blob":"4253696c6b2f319f5f95175b173111e1c1b809a60f30ff7b077277ef5cc2fc74e8ea6fab562eff000000001a86064f","height":86,"job_id":"89","seed_hash":"3dbdba2aca8842cd3e02c7d8c72078f77ff132cc3c84a7f8b87891d0cc106141","target":"e0bc9a7856341200"}}
1791517262575 0c3be847 > {"error":null,"id":122,"jsonrpc":"2.0","result":{"status":"OK_OFF_BEST_CHAIN"}}
1791517263645 0c3be847 > {"error":null,"id":123,"jsonrpc":"2.0","result":{"status":"OK_OFF_BEST_CHAIN"}}
1791517264227 0c3be847 < {"id":125,"jsonrpc":"2.0","method":"submit","params":{"id":"0c3be847","job_id":"89","nonce":"f8020000","result":"6fa6c54adb14f0ea05492f71680116fa8aea86ee837a63979a85f7122df00300","algo":"rx/blacksilk"}}
1791517264629 0c3be847 > {"error":null,"id":124,"jsonrpc":"2.0","result":{"status":"OK_OFF_BEST_CHAIN"}}
1791517265647 0c3be847 > {"error":null,"id":125,"jsonrpc":"2.0","result":{"status":"OK"}}
1791517265660 0c3be847 > {"jsonrpc":"2.0","method":"job","params":{"algo":"rx/blacksilk","blob":"4253696c6b2f312751b19a8ec48b1bde2890daf7d52de9685e2903d704a9b393093d4296da1ae00000000023022372","height":87,"job_id":"90","seed_hash":"3dbdba2aca8842cd3e02c7d8c72078f77ff132cc3c84a7f8b87891d0cc106141","target":"e0bc9a7856341200"}}
1791517266676 0c3be847 < {"id":126,"jsonrpc":"2.0","method":"submit","params":{"id":"0c3be847","job_id":"90","nonce":"14810100","result":"313e9d8c4fd41358f7d5616439e66e07544bc225515118d79a12ad4a4ded0a00","algo":"rx/blacksilk"}}
1791517267716 0c3be847 > {"error":null,"id":126,"jsonrpc":"2.0","result":{"status":"OK"}}
1791517267731 0c3be847 > {"jsonrpc":"2.0","method":"job","params":{"algo":"rx/blacksilk","blob":"4253696c6b2f314b054dfd279d8cc18d9997cc1532cc4405d77331416156a8c5e55df07d76375b00000000849b6128","height":88,"job_id":"91","seed_hash":"3dbdba2aca8842cd3e02c7d8c72078f77ff132cc3c84a7f8b87891d0cc106141","target":"e0bc9a7856341200"}}
1791517271468 0c3be847 < {"id":127,"jsonrpc":"2.0","method":"submit","params":{"id":"0c3be847","job_id":"91","nonce":"5f840000","result":"51c504c0ee2b533eeaab26d9fc61640fb98863916e9a155c5236f6b062190a00","algo":"rx/blacksilk"}}
1791517272517 0c3be847 > {"error":null,"id":127,"jsonrpc":"2.0","result":{"status":"OK"}}
1791517272539 0c3be847 > {"jsonrpc":"2.0","method":"job","params":{"algo":"rx/blacksilk","blob":"4253696c6b2f31ef507bfbb29d299a95669e40739b29df57aa0a6e395ecb671234c9fe5d76c524000000006d6865a4","height":89,"job_id":"92","seed_hash":"3dbdba2aca8842cd3e02c7d8c72078f77ff132cc3c84a7f8b87891d0cc106141","target":"e0bc9a7856341200"}}
1791517273515 0c3be847 < {"id":128,"jsonrpc":"2.0","method":"submit","params":{"id":"0c3be847","job_id":"92","nonce":"0c810000","result":"3ee683ea8d4d4dbb2cff3d84c6b3908a30c45f128531b4be0a6f3bcc85540000","algo":"rx/blacksilk"}}
1791517274564 0c3be847 > {"error":null,"id":128,"jsonrpc":"2.0","result":{"status":"OK"}}
1791517274593 0c3be847 > {"jsonrpc":"2.0","method":"job","params":{"algo":"rx/blacksilk","blob":"4253696c6b2f31c80064bd4eda1238ecad2d0fdfa2712c1c7d979ccf217cecced6e85fec152620000000004ae58bc5","height":90,"job_id":"93","seed_hash":"3dbdba2aca8842cd3e02c7d8c72078f77ff132cc3c84a7f8b87891d0cc106141","target":"e0bc9a7856341200"}}
1791517278081 0c3be847 < {"id":129,"jsonrpc":"2.0","method":"submit","params":{"id":"0c3be847","job_id":"93","nonce":"f8830100","result":"8e842a71d06a59e5e3f631173fe6cb0557dd0afac69a23fa6329662ce3870500","algo":"rx/blacksilk"}}
1791517279121 0c3be847 > {"error":null,"id":129,"jsonrpc":"2.0","result":{"status":"OK"}}
1791517279122 0c3be847 > {"jsonrpc":"2.0","method":"job","params":{"algo":"rx/blacksilk","blob":"4253696c6b2f31970e82c7e7f6b2b617ea14335c200f2b56043aeeaf912f670f2a24d61b343f0e000000002a4e7022","height":91,"job_id":"94","seed_hash":"3dbdba2aca8842cd3e02c7d8c72078f77ff132cc3c84a7f8b87891d0cc106141","target":"e0bc9a7856341200"}}
1791517279322 0c3be847 < {"id":130,"jsonrpc":"2.0","method":"submit","params":{"id":"0c3be847","job_id":"94","nonce":"3a800100","result":"4597dc7bd99dd249e51a1338ce7f0bf0bbade8bf086b29c3fc656a2edd120600","algo":"rx/blacksilk"}}
1791517280374 0c3be847 > {"error":null,"id":130,"jsonrpc":"2.0","result":{"status":"OK"}}
1791517280374 0c3be847 > {"jsonrpc":"2.0","method":"job","params":{"algo":"rx/blacksilk","blob":"4253696c6b2f319af4bf0c49242fa51b06e58792c0f6d92b8028c069577a77d6f4ed8e508ba5160000000051276ee7","height":92,"job_id":"95","seed_hash":"3dbdba2aca8842cd3e02c7d8c72078f77ff132cc3c84a7f8b87891d0cc106141","target":"e0bc9a7856341200"}}
1791517281006 0c3be847 < {"id":131,"jsonrpc":"2.0","method":"submit","params":{"id":"0c3be847","job_id":"95","nonce":"c2000100","result":"b9d653c100df19c913229738ef62f429536ca0e50302caad9787d7ef1fcb0300","algo":"rx/blacksilk"}}
1791517281413 0c3be847 < {"id":132,"jsonrpc":"2.0","method":"submit","params":{"id":"0c3be847","job_id":"95","nonce":"21010000","result":"1b70aed217d4c70df5141ac94fef4d413691684596d1e1a3727273f03f180d00","algo":"rx/blacksilk"}}
1791517282091 0c3be847 > {"error":null,"id":131,"jsonrpc":"2.0","result":{"status":"OK"}}
1791517282121 0c3be847 > {"jsonrpc":"2.0","method":"job","params":{"algo":"rx/blacksilk","blob":"4253696c6b2f31d404d0765ce9439a8a04a451757a885e853e6890a69e610a8fcff16d0f57484800000000e0633711","height":93,"job_id":"96","seed_hash":"3dbdba2aca8842cd3e02c7d8c72078f77ff132cc3c84a7f8b87891d0cc106141","target":"e0bc9a7856341200"}}
1791517283147 0c3be847 > {"error":null,"id":132,"jsonrpc":"2.0","result":{"status":"OK_OFF_BEST_CHAIN"}}
1791517285215 0c3be847 < {"id":133,"jsonrpc":"2.0","method":"submit","params":{"id":"0c3be847","job_id":"96","nonce":"87830100","result":"d56dfdd94dcabcbedc848c7995643ee401a88e0bf6529f8a2ea8890bbe8c0d00","algo":"rx/blacksilk"}}
1791517286244 0c3be847 > {"error":null,"id":133,"jsonrpc":"2.0","result":{"status":"OK"}}
1791517286260 0c3be847 > {"jsonrpc":"2.0","method":"job","params":{"algo":"rx/blacksilk","blob":"4253696c6b2f31c2b41869ee4bdced97efc21202ba78a833405f06b5f79075372f55099f23e306000000008e92a871","height":94,"job_id":"97","seed_hash":"3dbdba2aca8842cd3e02c7d8c72078f77ff132cc3c84a7f8b87891d0cc106141","target":"e0bc9a7856341200"}}
1791517286404 0c3be847 < {"id":134,"jsonrpc":"2.0","method":"submit","params":{"id":"0c3be847","job_id":"97","nonce":"29800100","result":"95ddbb6736adbcb6e5fdb6f3ed20d2784e28b78fc18c487eebd4f4e77b370300","algo":"rx/blacksilk"}}
1791517287520 0c3be847 > {"error":null,"id":134,"jsonrpc":"2.0","result":{"status":"OK"}}
1791517287546 0c3be847 > {"jsonrpc":"2.0","method":"job","params":{"algo":"rx/blacksilk","blob":"4253696c6b2f316a022983fa16a1c20ed884eb529ea067699b86476540335b9f2fdabfd6580afa00000000c1009366","height":95,"job_id":"98","seed_hash":"3dbdba2aca8842cd3e02c7d8c72078f77ff132cc3c84a7f8b87891d0cc106141","target":"e0bc9a7856341200"}}
1791517287625 0c3be847 < {"id":135,"jsonrpc":"2.0","method":"submit","params":{"id":"0c3be847","job_id":"98","nonce":"16800100","result":"d14ad545853e7cbd44981d0a85f0b2935eb37d74894db930a66cdeab9a9c0200","algo":"rx/blacksilk"}}
1791517288656 0c3be847 > {"error":null,"id":135,"jsonrpc":"2.0","result":{"status":"OK"}}
1791517288680 0c3be847 > {"jsonrpc":"2.0","method":"job","params":{"algo":"rx/blacksilk","blob":"4253696c6b2f315c8e909ac98b91c2c0335672ffe9e728d715487b7d8ffbad8fa3f27b0abf291800000000e9da1c7d","height":96,"job_id":"99","seed_hash":"3dbdba2aca8842cd3e02c7d8c72078f77ff132cc3c84a7f8b87891d0cc106141","target":"e0bc9a7856341200"}}
1791517289551 0c3be847 < {"id":136,"jsonrpc":"2.0","method":"submit","params":{"id":"0c3be847","job_id":"99","nonce":"08810000","result":"9d9e1377662d8567894a89b5bce2f7d9b5066f5dd280d020c4f3920d226b0e00","algo":"rx/blacksilk"}}
1791517290134 0c3be847 < {"id":137,"jsonrpc":"2.0","method":"submit","params":{"id":"0c3be847","job_id":"99","nonce":"a3010000","result":"9d1f7d70f2d5f247e7bf715b4d8cd748271f44b867435ffb8ac98c0941220000","algo":"rx/blacksilk"}}
1791517290602 0c3be847 > {"error":null,"id":136,"jsonrpc":"2.0","result":{"status":"OK"}}
1791517290631 0c3be847 > {"jsonrpc":"2.0","method":"job","params":{"algo":"rx/blacksilk","blob":"4253696c6b2f3199065af5c1204de4fc1040d77d5eb87eb9a7a773e53cf0895d6ca5df731d95be000000007ed14519","height":97,"job_id":"100","seed_hash":"3dbdba2aca8842cd3e02c7d8c72078f77ff132cc3c84a7f8b87891d0cc106141","target":"e0bc9a7856341200"}}
1791517291136 0c3be847 < {"id":138,"jsonrpc":"2.0","method":"submit","params":{"id":"0c3be847","job_id":"100","nonce":"94800000","result":"1495723a2be4fc524ed9b6448d6f109e454ab58dc84ffd741b829c2b18780600","algo":"rx/blacksilk"}}
1791517291596 0c3be847 > {"error":null,"id":137,"jsonrpc":"2.0","result":{"status":"OK_OFF_BEST_CHAIN"}}
1791517292634 0c3be847 > {"error":null,"id":138,"jsonrpc":"2.0","result":{"status":"OK"}}
1791517292654 0c3be847 > {"jsonrpc":"2.0","method":"job","params":{"algo":"rx/blacksilk","blob":"4253696c6b2f31c8a36f38eb6c54e07477373edcc99dfff3d52d66317c62c0340af45bf1d2ebb2000000008a8ec96f","height":98,"job_id":"101","seed_hash":"3dbdba2aca8842cd3e02c7d8c72078f77ff132cc3c84a7f8b87891d0cc106141","target":"e0bc9a7856341200"}}
1791517293629 0c3be847 < {"id":139,"jsonrpc":"2.0","method":"submit","params":{"id":"0c3be847","job_id":"101","nonce":"20010000","result":"bdf90d5637a79ebc6dfa0d752e8ae2940519333533b129c026bdf8175b7a0200","algo":"rx/blacksilk"}}
1791517294663 0c3be847 > {"error":null,"id":139,"jsonrpc":"2.0","result":{"status":"OK"}}
1791517294690 0c3be847 > {"jsonrpc":"2.0","method":"job","params":{"algo":"rx/blacksilk","blob":"4253696c6b2f31ecdf50f455d2a935a66612076fb6b21e9bcdfe82e705480dabec1af4ac48626f000000007ddc89bc","height":99,"job_id":"102","seed_hash":"3dbdba2aca8842cd3e02c7d8c72078f77ff132cc3c84a7f8b87891d0cc106141","target":"e0bc9a7856341200"}}
1791517297376 0c3be847 < {"id":140,"jsonrpc":"2.0","method":"submit","params":{"id":"0c3be847","job_id":"102","nonce":"20030100","result":"1292848284d6daed21c415c8e9108489203223811d2aef88148f614a837b1000","algo":"rx/blacksilk"}}
1791517298417 0c3be847 > {"error":null,"id":140,"jsonrpc":"2.0","result":{"status":"OK"}}
1791517298428 0c3be847 > {"jsonrpc":"2.0","method":"job","params":{"algo":"rx/blacksilk","blob":"4253696c6b2f31f48500114fcdeed049a07f02d812d3c1c80e47ed2da32e41601c8c78d44c0ad800000000eb08b9d9","height":100,"job_id":"103","seed_hash":"3dbdba2aca8842cd3e02c7d8c72078f77ff132cc3c84a7f8b87891d0cc106141","target":"e0bc9a7856341200"}}
1791517302235 0c3be847 < {"id":141,"jsonrpc":"2.0","method":"submit","params":{"id":"0c3be847","job_id":"103","nonce":"39040100","result":"a1dacdbd6c26c88323e705681d149d06a51c4e5bd4e3ae037bc0ecce3c7b0100","algo":"rx/blacksilk"}}
1791517303215 0c3be847 > {"error":null,"id":141,"jsonrpc":"2.0","result":{"status":"OK"}}
1791517303236 0c3be847 > {"jsonrpc":"2.0","method":"job","params":{"algo":"rx/blacksilk","blob":"4253696c6b2f31e576afe9eb03ea503e6363c4010eabcee2245fe77963a891ecf2bf0f2dd28fd40000000087d701ca","height":101,"job_id":"104","seed_hash":"3dbdba2aca8842cd3e02c7d8c72078f77ff132cc3c84a7f8b87891d0cc106141","target":"e0bc9a7856341200"}}
1791517321228 0c3be847 < {"id":142,"jsonrpc":"2.0","method":"submit","params":{"id":"0c3be847","job_id":"104","nonce":"e7940100","result":"467b62798ac03b7032672a01678dad5ba7f1508f17385c0a4af5068ba4a20800","algo":"rx/blacksilk"}}
1791517321549 0c3be847 < {"id":143,"jsonrpc":"2.0","method":"submit","params":{"id":"0c3be847","job_id":"104","nonce":"0c150000","result":"9331d81282267e5173328880a46217039c813e8a4fcd7677c306c4185ec60e00","algo":"rx/blacksilk"}}
1791517322296 0c3be847 > {"error":null,"id":142,"jsonrpc":"2.0","result":{"status":"OK"}}
1791517322314 0c3be847 < {"id":144,"jsonrpc":"2.0","method":"submit","params":{"id":"0c3be847","job_id":"104","nonce":"f9950000","result":"ef13dc3d2cda10c047ae3b295b64052a102a89999ae3c927cabb98d49ccf0100","algo":"rx/blacksilk"}}
1791517322317 0c3be847 > {"jsonrpc":"2.0","method":"job","params":{"algo":"rx/blacksilk","blob":"4253696c6b2f318a182dec25cc78a94ca04fa5c2848c4ba340d80c6cbacee1c582d8584b3c8b6800000000c0c7e9fb","height":102,"job_id":"105","seed_hash":"3dbdba2aca8842cd3e02c7d8c72078f77ff132cc3c84a7f8b87891d0cc106141","target":"e0bc9a7856341200"}}
1791517323318 0c3be847 > {"error":null,"id":143,"jsonrpc":"2.0","result":{"status":"OK_OFF_BEST_CHAIN"}}
1791517324352 0c3be847 > {"error":null,"id":144,"jsonrpc":"2.0","result":{"status":"OK_OFF_BEST_CHAIN"}}
1791517326794 0c3be847 < {"id":145,"jsonrpc":"2.0","method":"submit","params":{"id":"0c3be847","job_id":"105","nonce":"26850000","result":"fb84459632424c4a97dbcbaacd3c02c791a5c2da3258a915c8e09e9642060400","algo":"rx/blacksilk"}}
1791517327854 0c3be847 > {"error":null,"id":145,"jsonrpc":"2.0","result":{"status":"OK"}}
1791517327875 0c3be847 > {"jsonrpc":"2.0","method":"job","params":{"algo":"rx/blacksilk","blob":"4253696c6b2f319d33c0150e2239b5787880054bd3327b7399aab48698ac3fcfc6b2acecba605400000000e6eb49bf","height":103,"job_id":"106","seed_hash":"3dbdba2aca8842cd3e02c7d8c72078f77ff132cc3c84a7f8b87891d0cc106141","target":"e0bc9a7856341200"}}
1791517328607 0c3be847 < {"id":146,"jsonrpc":"2.0","method":"submit","params":{"id":"0c3be847","job_id":"106","nonce":"b5000000","result":"89fddce27be37e3247ca5ce579e1135c223b6a481e5d3f8d0e4ffa8c5d891100","algo":"rx/blacksilk"}}
1791517329641 0c3be847 < {"id":147,"jsonrpc":"2.0","method":"submit","params":{"id":"0c3be847","job_id":"106","nonce":"e6810100","result":"18513c233fc04dce6b09999b1819474c22aa3a398a7ffb5fc486bcd2813b1100","algo":"rx/blacksilk"}}
1791517329662 0c3be847 > {"error":null,"id":146,"jsonrpc":"2.0","result":{"status":"OK"}}
1791517329694 0c3be847 > {"jsonrpc":"2.0","method":"job","params":{"algo":"rx/blacksilk","blob":"4253696c6b2f31e90c93163945b7c69105180f49cf0583edadf0be1c53666caf82c9810740d8b000000000152aa0c8","height":104,"job_id":"107","seed_hash":"3dbdba2aca8842cd3e02c7d8c72078f77ff132cc3c84a7f8b87891d0cc106141","target":"e0bc9a7856341200"}}
1791517330727 0c3be847 > {"error":null,"id":147,"jsonrpc":"2.0","result":{"status":"OK_OFF_BEST_CHAIN"}}
1791517332039 0c3be847 < {"id":148,"jsonrpc":"2.0","method":"submit","params":{"id":"0c3be847","job_id":"107","nonce":"a6020000","result":"f050de5bc84822ba703075651eb03ceefc99dab7502e7eafa50b21d075590e00","algo":"rx/blacksilk"}}
1791517332627 0c3be847 < {"id":149,"jsonrpc":"2.0","method":"submit","params":{"id":"0c3be847","job_id":"107","nonce":"54030000","result":"2b18d809c8b805f0c3f45b66ff6ced4bf13f2923c08e08b75760ac4defe60b00","algo":"rx/blacksilk"}}
1791517333116 0c3be847 > {"error":null,"id":148,"jsonrpc":"2.0","result":{"status":"OK"}}
1791517333134 0c3be847 > {"jsonrpc":"2.0","method":"job","params":{"algo":"rx/blacksilk","blob":"4253696c6b2f314f8c8d5de7efec1cdd32518dc5b13fc510ed5e2b1fa3b71cf66df1409f66d97c00000000a035c122","height":105,"job_id":"108","seed_hash":"3dbdba2aca8842cd3e02c7d8c72078f77ff132cc3c84a7f8b87891d0cc106141","target":"e0bc9a7856341200"}}
1791517334131 0c3be847 > {"error":null,"id":149,"jsonrpc":"2.0","result":{"status":"OK_OFF_BEST_CHAIN"}}
1791517334131 0c3be847 < {"id":150,"jsonrpc":"2.0","method":"submit","params":{"id":"0c3be847","job_id":"108","nonce":"13010000","result":"e348c4ed447e44e787b33d42623458761cc7441228df044596c011dd2ee60000","algo":"rx/blacksilk"}}
1791517335176 0c3be847 > {"error":null,"id":150,"jsonrpc":"2.0","result":{"status":"OK"}}
1791517335176 0c3be847 > {"jsonrpc":"2.0","method":"job","params":{"algo":"rx/blacksilk","blob":"4253696c6b2f31aa8ab4d596dced94e8b6c70997e660e8fdf9185f389da1bf72b4f6613ceea427000000005e9ea09f","height":106,"job_id":"109","seed_hash":"3dbdba2aca8842cd3e02c7d8c72078f77ff132cc3c84a7f8b87891d0cc106141","target":"e0bc9a7856341200"}}
1791517339883 0c3be847 < {"id":151,"jsonrpc":"2.0","method":"submit","params":{"id":"0c3be847","job_id":"109","nonce":"89050000","result":"a07ab325758e703aefb1de69f33c7ca31dee205ac251ec68d6df19b539fa0e00","algo":"rx/blacksilk"}}
1791517340724 0c3be847 < {"id":152,"jsonrpc":"2.0","method":"submit","params":{"id":"0c3be847","job_id":"109","nonce":"72860000","result":"d7f13cf052bad713c5d121507a0642fe800b7f60f061843c2c6983fc6a5e0400","algo":"rx/blacksilk"}}
1791517340979 0c3be847 > {"error":null,"id":151,"jsonrpc":"2.0","result":{"status":"OK"}}
1791517340996 0c3be847 > {"jsonrpc":"2.0","method":"job","params":{"algo":"rx/blacksilk","blob":"4253696c6b2f3122fc61cd589f5ed5efbf173c18367f420483906dd9aeb01ef3fa10dbeeaefb3300000000a38e9d05","height":107,"job_id":"110","seed_hash":"3dbdba2aca8842cd3e02c7d8c72078f77ff132cc3c84a7f8b87891d0cc106141","target":"e0bc9a7856341200"}}
1791517341230 0c3be847 < {"id":153,"jsonrpc":"2.0","method":"submit","params":{"id":"0c3be847","job_id":"110","nonce":"39800000","result":"d728e23fe7bdf61bb2c51e4f60c496438b91fdc139bde0b7a664d9db5fd00c00","algo":"rx/blacksilk"}}
1791517341247 0c3be847 < {"id":154,"jsonrpc":"2.0","method":"submit","params":{"id":"0c3be847","job_id":"110","nonce":"3e000000","result":"69d71fd0581659eaf9a79af358c7f9319edbc534d6c0d1d4a5a9fcd913190a00","algo":"rx/blacksilk"}}
1791517342028 0c3be847 > {"error":null,"id":152,"jsonrpc":"2.0","result":{"status":"OK_OFF_BEST_CHAIN"}}
1791517343095 0c3be847 > {"error":null,"id":153,"jsonrpc":"2.0","result":{"status":"OK"}}
1791517343117 0c3be847 > {"jsonrpc":"2.0","method":"job","params":{"algo":"rx/blacksilk","blob":"4253696c6b2f318b4926aa44876e93f9111b8ae185238e23ad6c15603d6787e21bb9471edd0bf60000000077facfe9","height":108,"job_id":"111","seed_hash":"3dbdba2aca8842cd3e02c7d8c72078f77ff132cc3c84a7f8b87891d0cc106141","target":"e0bc9a7856341200"}}
1791517344186 0c3be847 > {"error":null,"id":154,"jsonrpc":"2.0","result":{"status":"OK_OFF_BEST_CHAIN"}}
1791517344710 0c3be847 < {"id":155,"jsonrpc":"2.0","method":"submit","params":{"id":"0c3be847","job_id":"111","nonce":"cf810100","result":"5dbc1187eb2772f6c4a3c02d968b169bb0de286a40dabb2c1da0165f0de30200","algo":"rx/blacksilk"}}
1791517344965 0c3be847 < {"id":156,"jsonrpc":"2.0","method":"submit","params":{"id":"0c3be847","job_id":"111","nonce":"f4010100","result":"f5b22d80b9617af04d37b0192e2fc0fed3e3ed73f29ba1a7949d8efcaf360700","algo":"rx/blacksilk"}}
1791517345758 0c3be847 > {"error":null,"id":155,"jsonrpc":"2.0","result":{"status":"OK"}}
1791517345758 0c3be847 > {"jsonrpc":"2.0","method":"job","params":{"algo":"rx/blacksilk","blob":"4253696c6b2f319a33f94c22fb4e9811e06cded71ea1f79336182f76de64b8bbec4be066015ce700000000473e4d11","height":109,"job_id":"112","seed_hash":"3dbdba2aca8842cd3e02c7d8c72078f77ff132cc3c84a7f8b87891d0cc106141","target":"e0bc9a7856341200"}}
1791517346819 0c3be847 > {"error":null,"id":156,"jsonrpc":"2.0","result":{"status":"OK_OFF_BEST_CHAIN"}}
1791517355192 0c3be847 < {"id":157,"jsonrpc":"2.0","method":"submit","params":{"id":"0c3be847","job_id":"112","nonce":"ec0a0100","result":"396f3885378633adaeb37aca3699471edae47588bd5390df820af427ecce0000","algo":"rx/blacksilk"}}
1791517355954 0c3be847 < {"id":158,"jsonrpc":"2.0","method":"submit","params":{"id":"0c3be847","job_id":"112","nonce":"c90b0100","result":"ad3be8a5bb5758b2735ccb9c5b509a8d391c588e2092d588848c22e6463d1000","algo":"rx/blacksilk"}}
1791517356248 0c3be847 > {"error":null,"id":157,"jsonrpc":"2.0","result":{"status":"OK"}}
1791517356269 0c3be847 > {"jsonrpc":"2.0","method":"job","params":{"algo":"rx/blacksilk","blob":"4253696c6b2f314fed442290694e7a0c2b62ef4931e62aef28a351a23126065544db4cb3433c670000000078c17adb","height":110,"job_id":"113","seed_hash":"3dbdba2aca8842cd3e02c7d8c72078f77ff132cc3c84a7f8b87891d0cc106141","target":"e0bc9a7856341200"}}
1791517357242 0c3be847 > {"error":null,"id":158,"jsonrpc":"2.0","result":{"status":"OK_OFF_BEST_CHAIN"}}
1791517361785 0c3be847 < {"id":159,"jsonrpc":"2.0","method":"submit","params":{"id":"0c3be847","job_id":"113","nonce":"6c860000","result":"aed0c03cd8ebddcc2f2577f770997d0bb9930977870f64adc1f18d8ed3180900","algo":"rx/blacksilk"}}
1791517362237 0c3be847 < {"id":160,"jsonrpc":"2.0","method":"submit","params":{"id":"0c3be847","job_id":"113","nonce":"d7060100","result":"fdabcb777016333bf26174fcf4e851aa51dde90c7dd2e16b91946c8f2f0e0f00","algo":"rx/blacksilk"}}
1791517362797 0c3be847 > {"error":null,"id":159,"jsonrpc":"2.0","result":{"status":"OK"}}
1791517362812 0c3be847 > {"jsonrpc":"2.0","method":"job","params":{"algo":"rx/blacksilk","blob":"4253696c6b2f315708b2f871ca75b1976b1713e26364a4bec849a0719e3c840c76cfab0a1ab02000000000ba17d776","height":111,"job_id":"114","seed_hash":"3dbdba2aca8842cd3e02c7d8c72078f77ff132cc3c84a7f8b87891d0cc106141","target":"e0bc9a7856341200"}}
1791517363835 0c3be847 > {"error":null,"id":160,"jsonrpc":"2.0","result":{"status":"OK_OFF_BEST_CHAIN"}}
1791517367556 0c3be847 < {"id":161,"jsonrpc":"2.0","method":"submit","params":{"id":"0c3be847","job_id":"114","nonce":"7e050100","result":"500481fa120272fbd8f74dbab3a103543c592af8b013aa80c73f3237a1bc1100","algo":"rx/blacksilk"}}
1791517368621 0c3be847 > {"error":null,"id":161,"jsonrpc":"2.0","result":{"status":"OK"}}
1791517368639 0c3be847 > {"jsonrpc":"2.0","method":"job","params":{"algo":"rx/blacksilk","blob":"4253696c6b2f31aff17662c5a4644720f5333552ddf34b480e2e955ebf7f1d98c021eaaa455884000000006889c59d","height":112,"job_id":"115","seed_hash":"3dbdba2aca8842cd3e02c7d8c72078f77ff132cc3c84a7f8b87891d0cc106141","target":"e0bc9a7856341200"}}
1791517374524 0c3be847 < {"id":162,"jsonrpc":"2.0","method":"submit","params":{"id":"0c3be847","job_id":"115","nonce":"bc860100","result":"8501edc2eec329becfca04f7c1945c4da2b5c783136dcc2c1ef1b2e1cb210200","algo":"rx/blacksilk"}}
1791517375538 0c3be847 < {"id":163,"jsonrpc":"2.0","method":"submit","params":{"id":"0c3be847","job_id":"115","nonce":"e7070000","result":"fd20ec78d36d9e852453d602882d59d38660031e1b5be580746e63c335270700","algo":"rx/blacksilk"}}
1791517375598 0c3be847 > {"error":null,"id":162,"jsonrpc":"2.0","result":{"status":"OK"}}
1791517375617 0c3be847 > {"jsonrpc":"2.0","method":"job","params":{"algo":"rx/blacksilk","blob":"4253696c6b2f31fc91d566b95e3ed888ea4a8905a909caa02f65c94e41d4d43cdefc45a6fb8770000000006ec25d1e","height":113,"job_id":"116","seed_hash":"3dbdba2aca8842cd3e02c7d8c72078f77ff132cc3c84a7f8b87891d0cc106141","target":"e0bc9a7856341200"}}
1791517376492 0c3be847 < {"id":164,"jsonrpc":"2.0","method":"submit","params":{"id":"0c3be847","job_id":"116","nonce":"fc000100","result":"26dc951b8c6a3bfbaeb924dea8687e20c73f81888aa5e6214580dbe0ff9d1100","algo":"rx/blacksilk"}}
1791517376587 0c3be847 < {"id":165,"jsonrpc":"2.0","method":"submit","params":{"id":"0c3be847","job_id":"116","nonce":"16010100","result":"182858606be0f99ba6b7611b5fa2ff7ecfe3569dcf762883d705c3f95f690d00","algo":"rx/blacksilk"}}
1791517376688 0c3be847 > {"error":null,"id":163,"jsonrpc":"2.0","result":{"status":"OK_OFF_BEST_CHAIN"}}
1791517377704 0c3be847 > {"error":null,"id":164,"jsonrpc":"2.0","result":{"status":"OK"}}
1791517377718 0c3be847 > {"jsonrpc":"2.0","method":"job","params":{"algo":"rx/blacksilk","blob":"4253696c6b2f31e0bf5f230645c80210a489abbb98eaaff06d76fa3bc4c0c42ab387250d8e0b8200000000b85e7ddc","height":114,"job_id":"117","seed_hash":"3dbdba2aca8842cd3e02c7d8c72078f77ff132cc3c84a7f8b87891d0cc106141","target":"e0bc9a7856341200"}}
1791517378201 0c3be847 < {"id":166,"jsonrpc":"2.0","method":"submit","params":{"id":"0c3be847","job_id":"117","nonce":"88800000","result":"8d815a88cda700fc2ffd5141799f1f112d9a55f53e52c5031741fec405980b00","algo":"rx/blacksilk"}}
1791517378741 0c3be847 > {"error":null,"id":165,"jsonrpc":"2.0","result":{"status":"OK_OFF_BEST_CHAIN"}}
1791517379760 0c3be847 > {"error":null,"id":166,"jsonrpc":"2.0","result":{"status":"OK"}}
1791517379790 0c3be847 > {"jsonrpc":"2.0","method":"job","params":{"algo":"rx/blacksilk","blob":"4253696c6b2f31069f9394b6e6e55d397c82460f80e19686556db7ac8dff94b3332daa3623b1630000000006245ec7","height":115,"job_id":"118","seed_hash":"3dbdba2aca8842cd3e02c7d8c72078f77ff132cc3c84a7f8b87891d0cc106141","target":"e0bc9a7856341200"}}
1791517382506 0c3be847 < {"id":167,"jsonrpc":"2.0","method":"submit","params":{"id":"0c3be847","job_id":"118","nonce":"24830000","result":"8496422826184518d49d48ab875188815b0fee383c151ffe2562e605689e1100","algo":"rx/blacksilk"}}
1791517382945 0c3be847 < {"id":168,"jsonrpc":"2.0","method":"submit","params":{"id":"0c3be847","job_id":"118","nonce":"a5830100","result":"7a975f152f346999daf1e5d9859edf367414f8a1d1f34bc08b6f7ab25c2e0200","algo":"rx/blacksilk"}}
1791517383577 0c3be847 > {"error":null,"id":167,"jsonrpc":"2.0","result":{"status":"OK"}}
1791517383595 0c3be847 > {"jsonrpc":"2.0","method":"job","params":{"algo":"rx/blacksilk","blob":"4253696c6b2f316b550572aa148bec56e6162b136f8e0b7e276d9eaff8cf2d050bbebf5c815575000000002b3d1ee7","height":116,"job_id":"119","seed_hash":"3dbdba2aca8842cd3e02c7d8c72078f77ff132cc3c84a7f8b87891d0cc106141","target":"e0bc9a7856341200"}}
1791517383964 0c3be847 < {"id":169,"jsonrpc":"2.0","method":"submit","params":{"id":"0c3be847","job_id":"119","nonce":"5e800100","result":"4fd307fbfdb06963f54e083cbe24ffb860ac75d14de803b169b8d67140110f00","algo":"rx/blacksilk"}}
1791517384601 0c3be847 > {"error":null,"id":168,"jsonrpc":"2.0","result":{"status":"OK_OFF_BEST_CHAIN"}}
1791517384718 0c3be847 < {"id":170,"jsonrpc":"2.0","method":"submit","params":{"id":"0c3be847","job_id":"119","nonce":"35810100","result":"2eaa6464ee949ecf09aee1fdf7a9201920647d7d5106d245cda1abf2a2920700","algo":"rx/blacksilk"}}
1791517385650 0c3be847 > {"error":null,"id":169,"jsonrpc":"2.0","result":{"status":"OK"}}
1791517385666 0c3be847 > {"jsonrpc":"2.0","method":"job","params":{"algo":"rx/blacksilk","blob":"4253696c6b2f31547b40a764f392537ec65e6925998af99a1d5c446f731515dd82036c958d3b4d000000005c447109","height":117,"job_id":"120","seed_hash":"3dbdba2aca8842cd3e02c7d8c72078f77ff132cc3c84a7f8b87891d0cc106141","target":"e0bc9a7856341200"}}
1791517386680 0c3be847 > {"error":null,"id":170,"jsonrpc":"2.0","result":{"status":"OK_OFF_BEST_CHAIN"}}
1791517388688 0c3be847 < {"id":171,"jsonrpc":"2.0","method":"submit","params":{"id":"0c3be847","job_id":"120","nonce":"7f030100","result":"fe91d0610b932cae11fe2af515afe08ff8d0ff4da9427ac08af7a706ed1c0b00","algo":"rx/blacksilk"}}
1791517388750 0c3be847 < {"id":172,"jsonrpc":"2.0","method":"submit","params":{"id":"0c3be847","job_id":"120","nonce":"9c030000","result":"d84217fb1251be334c563311fd6dc76be010cb921d14896c82a5d3f3affd1100","algo":"rx/blacksilk"}}
1791517389744 0c3be847 > {"error":null,"id":171,"jsonrpc":"2.0","result":{"status":"OK"}}
1791517389745 0c3be847 > {"jsonrpc":"2.0","method":"job","params":{"algo":"rx/blacksilk","blob":"4253696c6b2f315eb3f4ee776c4d8c1203a17c66405158b076fa71116b21bb29d6701e57b8dcd400000000d366b92d","height":118,"job_id":"121","seed_hash":"3dbdba2aca8842cd3e02c7d8c72078f77ff132cc3c84a7f8b87891d0cc106141","target":"e0bc9a7856341200"}}
1791517390836 0c3be847 > {"error":null,"id":172,"jsonrpc":"2.0","result":{"status":"OK_OFF_BEST_CHAIN"}}
1791517391997 0c3be847 < {"id":173,"jsonrpc":"2.0","method":"submit","params":{"id":"0c3be847","job_id":"121","nonce":"8f020000","result":"3664b1586267e24e47ede5fe9d59310e2a69cd7c67dcd6ea9541bc307eec0700","algo":"rx/blacksilk"}}
1791517392530 0c3be847 < {"id":174,"jsonrpc":"2.0","method":"submit","params":{"id":"0c3be847","job_id":"121","nonce":"ff820000","result":"58c4389f44c24496635a448b818a22b4602645c9a14a18f23cfc4a10b9180f00","algo":"rx/blacksilk"}}
1791517393049 0c3be847 > {"error":null,"id":173,"jsonrpc":"2.0","result":{"status":"OK"}}
1791517393076 0c3be847 > {"jsonrpc":"2.0","method":"job","params":{"algo":"rx/blacksilk","blob":"4253696c6b2f31c6dbec131370fbebb53d9a13cb23b53f25c7ef3cad8f5910a900e352efd0567300000000b585c020","height":119,"job_id":"122","seed_hash":"3dbdba2aca8842cd3e02c7d8c72078f77ff132cc3c84a7f8b87891d0cc106141","target":"e0bc9a7856341200"}}
1791517393137 0c3be847 < {"id":175,"jsonrpc":"2.0","method":"submit","params":{"id":"0c3be847","job_id":"122","nonce":"0e800000","result":"981d4cec341e4611fa7d9ee507feabbd515b4cd659344cba9abec7cc10f00d00","algo":"rx/blacksilk"}}
1791517394110 0c3be847 > {"error":null,"id":174,"jsonrpc":"2.0","result":{"status":"OK_OFF_BEST_CHAIN"}}
1791517395168 0c3be847 > {"error":null,"id":175,"jsonrpc":"2.0","result":{"status":"OK"}}
1791517395197 0c3be847 > {"jsonrpc":"2.0","method":"job","params":{"algo":"rx/blacksilk","blob":"4253696c6b2f3150a38bb27fd673ba7eee4c509eca3db5ed7c7ab541797746802b16dff67a5f6f00000000e6426356","height":120,"job_id":"123","seed_hash":"3dbdba2aca8842cd3e02c7d8c72078f77ff132cc3c84a7f8b87891d0cc106141","target":"e0bc9a7856341200"}}
1791517397876 0c3be847 < {"id":176,"jsonrpc":"2.0","method":"submit","params":{"id":"0c3be847","job_id":"123","nonce":"20030000","result":"7a251a8f41eba4743c0cf1e52fc6aac70b9cc2488b10f714cd018d491ee20c00","algo":"rx/blacksilk"}}
1791517398912 0c3be847 > {"error":null,"id":176,"jsonrpc":"2.0","result":{"status":"OK"}}
1791517398936 0c3be847 > {"jsonrpc":"2.0","method":"job","params":{"algo":"rx/blacksilk","blob":"4253696c6b2f31b7299728e50635e3ff655410ebe375938e3ee74abc8bcf7dabc4e227514bb539000000004000977e","height":121,"job_id":"124","seed_hash":"3dbdba2aca8842cd3e02c7d8c72078f77ff132cc3c84a7f8b87891d0cc106141","target":"e0bc9a7856341200"}}
1791517400663 0c3be847 < {"id":177,"jsonrpc":"2.0","method":"submit","params":{"id":"0c3be847","job_id":"124","nonce":"07820000","result":"a02a8d5a1dffc931a7c645f7712b34bc7ab1afbad12b4df3179519173f1f1100","algo":"rx/blacksilk"}}
1791517401672 0c3be847 > {"error":null,"id":177,"jsonrpc":"2.0","result":{"status":"OK"}}
1791517401690 0c3be847 > {"jsonrpc":"2.0","method":"job","params":{"algo":"rx/blacksilk","blob":"4253696c6b2f318a867a295415c94f6569363fe7cd5d3a372a35d114b7a5345660e0f9e7864ce900000000bfe9e844","height":122,"job_id":"125","seed_hash":"3dbdba2aca8842cd3e02c7d8c72078f77ff132cc3c84a7f8b87891d0cc106141","target":"e0bc9a7856341200"}}
1791517407370 0c3be847 < {"id":178,"jsonrpc":"2.0","method":"submit","params":{"id":"0c3be847","job_id":"125","nonce":"a6060000","result":"20633fc291cbf0dcabc3608bb60f4e87481711a9963bedee77389b845e2e0300","algo":"rx/blacksilk"}}
1791517408314 0c3be847 < {"id":179,"jsonrpc":"2.0","method":"submit","params":{"id":"0c3be847","job_id":"125","nonce":"ae870000","result":"088f2266511bfb17eba2cd5ace7f6f184fea8384f46255e8f49fb44d13960600","algo":"rx/blacksilk"}}
1791517408416 0c3be847 > {"error":null,"id":178,"jsonrpc":"2.0","result":{"status":"OK"}}
1791517408435 0c3be847 > {"jsonrpc":"2.0","method":"job","params":{"algo":"rx/blacksilk","blob":"4253696c6b2f31c3107be9c7bd31b7be08bbc4407e1b654d7d14509986e8df4e5c888e3460e4bc00000000804b826a","height":123,"job_id":"126","seed_hash":"3dbdba2aca8842cd3e02c7d8c72078f77ff132cc3c84a7f8b87891d0cc106141","target":"e0bc9a7856341200"}}
1791517409448 0c3be847 > {"error":null,"id":179,"jsonrpc":"2.0","result":{"status":"OK_OFF_BEST_CHAIN"}}
1791517410314 0c3be847 < {"id":180,"jsonrpc":"2.0","method":"submit","params":{"id":"0c3be847","job_id":"126","nonce":"10020000","result":"5b1d77f773ec623efd3d324d90ba54c76576953c6468aaf3336d7a4bf7eb0900","algo":"rx/blacksilk"}}
1791517411410 0c3be847 > {"error":null,"id":180,"jsonrpc":"2.0","result":{"status":"OK"}}
1791517411410 0c3be847 > {"jsonrpc":"2.0","method":"job","params":{"algo":"rx/blacksilk","blob":"4253696c6b2f31697593144ba6040b1a1197ed0c859b7f530da3651ba44f082e811099315ffbf8000000007d667991","height":124,"job_id":"127","seed_hash":"3dbdba2aca8842cd3e02c7d8c72078f77ff132cc3c84a7f8b87891d0cc106141","target":"e0bc9a7856341200"}}
1791517414116 0c3be847 < {"id":181,"jsonrpc":"2.0","method":"submit","params":{"id":"0c3be847","job_id":"127","nonce":"1e030100","result":"080e314dba79c6a140e50707d800d236c0704d22772e7d59c7aaa60af6870400","algo":"rx/blacksilk"}}
1791517415182 0c3be847 > {"error":null,"id":181,"jsonrpc":"2.0","result":{"status":"OK"}}
1791517415211 0c3be847 > {"jsonrpc":"2.0","method":"job","params":{"algo":"rx/blacksilk","blob":"4253696c6b2f31242379324b412580f1faf07ed5d759af005489b3e6d75236a5a0df7ff8ee8931000000003a2e0a8f","height":125,"job_id":"128","seed_hash":"3dbdba2aca8842cd3e02c7d8c72078f77ff132cc3c84a7f8b87891d0cc106141","target":"e0bc9a7856341200"}}
1791517417847 0c3be847 < {"id":182,"jsonrpc":"2.0","method":"submit","params":{"id":"0c3be847","job_id":"128","nonce":"18830000","result":"e0664269961b3fa1b66ab7e6d310d6dafae434b967a3502975f06d16824a0900","algo":"rx/blacksilk"}}
1791517417939 0c3be847 < {"id":183,"jsonrpc":"2.0","method":"submit","params":{"id":"0c3be847","job_id":"128","nonce":"21830100","result":"eb22ea243fc1660d031d804d93d79f3dfa9dc2c07c0b213bbc1c1cb40ada0700","algo":"rx/blacksilk"}}
1791517418853 0c3be847 > {"error":null,"id":182,"jsonrpc":"2.0","result":{"status":"OK"}}
1791517418885 0c3be847 > {"jsonrpc":"2.0","method":"job","params":{"algo":"rx/blacksilk","blob":"4253696c6b2f319a2bfd6d31e60f3e3949e24155f9463e2a34afc62a3db6f8ce28e69b6209d84d00000000c5b0aaf4","height":126,"job_id":"129","seed_hash":"3dbdba2aca8842cd3e02c7d8c72078f77ff132cc3c84a7f8b87891d0cc106141","target":"e0bc9a7856341200"}}
1791517419882 0c3be847 > {"error":null,"id":183,"jsonrpc":"2.0","result":{"status":"OK_OFF_BEST_CHAIN"}}
1791517423199 0c3be847 < {"id":184,"jsonrpc":"2.0","method":"submit","params":{"id":"0c3be847","job_id":"129","nonce":"00850100","result":"330c6590ce9c23054474a04d5d19b485a16f3babdf13fc5ee381faed71d40800","algo":"rx/blacksilk"}}
1791517424219 0c3be847 > {"error":null,"id":184,"jsonrpc":"2.0","result":{"status":"OK"}}
1791517424242 0c3be847 > {"jsonrpc":"2.0","method":"job","params":{"algo":"rx/blacksilk","blob":"4253696c6b2f319042ed1f722b1597008e2bd41ac3c3179c461b7e6586216e368e34e693d869580000000048470396","height":127,"job_id":"130","seed_hash":"3dbdba2aca8842cd3e02c7d8c72078f77ff132cc3c84a7f8b87891d0cc106141","target":"e0bc9a7856341200"}}
1791517432520 0c3be847 < {"id":185,"jsonrpc":"2.0","method":"submit","params":{"id":"0c3be847","job_id":"130","nonce":"3f890000","result":"fa5ef7926167a35fd088b928a155b9bca7d21ecf0f17b54d96b595ba100f0200","algo":"rx/blacksilk"}}
1791517433161 0c3be847 < {"id":186,"jsonrpc":"2.0","method":"submit","params":{"id":"0c3be847","job_id":"130","nonce":"fb090100","result":"b1c5b34cc28532b54dfc0387b44d79f03ca35e352392bca91e4d5ffc28a50200","algo":"rx/blacksilk"}}
1791517433529 0c3be847 > {"error":null,"id":185,"jsonrpc":"2.0","result":{"status":"OK"}}
1791517433557 0c3be847 > {"jsonrpc":"2.0","method":"job","params":{"algo":"rx/blacksilk","blob":"4253696c6b2f31bdcfc836a1fcbd2d4f7ea1ebf7fc5b02fb1d388670e0abaf75984887f94b6567000000000ad2cfb3","height":128,"job_id":"131","seed_hash":"3dbdba2aca8842cd3e02c7d8c72078f77ff132cc3c84a7f8b87891d0cc106141","target":"e0bc9a7856341200"}}
1791517434651 0c3be847 > {"error":null,"id":186,"jsonrpc":"2.0","result":{"status":"OK_OFF_BEST_CHAIN"}}
1791517435089 0c3be847 < {"id":187,"jsonrpc":"2.0","method":"submit","params":{"id":"0c3be847","job_id":"131","nonce":"a0810000","result":"c16bfe8d99d41ed1daf50134970f213a78690b37a7e10f5c95e2c951d1110900","algo":"rx/blacksilk"}}
1791517436142 0c3be847 > {"error":null,"id":187,"jsonrpc":"2.0","result":{"status":"OK"}}
1791517436162 0c3be847 > {"jsonrpc":"2.0","method":"job","params":{"algo":"rx/blacksilk","blob":"4253696c6b2f31fccf5f76950d85ea2af5d1329b3f2ec9ba6a937f553632e23af45c0f1d9bd77c0000000094f7f39c","height":129,"job_id":"132","seed_hash":"3dbdba2aca8842cd3e02c7d8c72078f77ff132cc3c84a7f8b87891d0cc106141","target":"e0bc9a7856341200"}}
1791517439887 0c3be847 < {"id":188,"jsonrpc":"2.0","method":"submit","params":{"id":"0c3be847","job_id":"132","nonce":"3f840000","result":"0b4ee8c7760ec3c5ed7b58c73a21f10aa92d4703584b262dfcbdd76d64880600","algo":"rx/blacksilk"}}
1791517440928 0c3be847 > {"error":null,"id":188,"jsonrpc":"2.0","result":{"status":"OK"}}
1791517440951 0c3be847 > {"jsonrpc":"2.0","method":"job","params":{"algo":"rx/blacksilk","blob":"4253696c6b2f31bc6cd7b4e859cc0d192869098c31f2965fa2d858d396b237cf6976902493e7da000000001dc706be","height":130,"job_id":"133","seed_hash":"3dbdba2aca8842cd3e02c7d8c72078f77ff132cc3c84a7f8b87891d0cc106141","target":"e0bc9a7856341200"}}
1791517441050 0c3be847 < {"id":189,"jsonrpc":"2.0","method":"submit","params":{"id":"0c3be847","job_id":"133","nonce":"1b000100","result":"63bc78181f29c9c3b4b3f449f0f5d0f32b6f0874be019cbf2433672e34dd0800","algo":"rx/blacksilk"}}
1791517442092 0c3be847 > {"error":null,"id":189,"jsonrpc":"2.0","result":{"status":"OK"}}
1791517442103 0c3be847 > {"jsonrpc":"2.0","method":"job","params":{"algo":"rx/blacksilk","blob":"4253696c6b2f315d0feec4ee892f990c79e097941ab0169be640d887abbdb7ca9a0d250b14b2e30000000033155998","height":131,"job_id":"134","seed_hash":"3dbdba2aca8842cd3e02c7d8c72078f77ff132cc3c84a7f8b87891d0cc106141","target":"e0bc9a7856341200"}}
1791517449887 0c3be847 < {"id":190,"jsonrpc":"2.0","method":"submit","params":{"id":"0c3be847","job_id":"134","nonce":"26890000","result":"0876cda123e2cc8d261b7760f7c7505b7d4da479e4988efad62c790f8c7c0300","algo":"rx/blacksilk"}}
1791517450961 0c3be847 > {"error":null,"id":190,"jsonrpc":"2.0","result":{"status":"OK"}}
1791517450982 0c3be847 > {"jsonrpc":"2.0","method":"job","params":{"algo":"rx/blacksilk","blob":"4253696c6b2f3160b743b1b4757a5df519f6b357adb1803bd2e5517f7255422ecdf0f5299f0b470000000089b92a8d","height":132,"job_id":"135","seed_hash":"3dbdba2aca8842cd3e02c7d8c72078f77ff132cc3c84a7f8b87891d0cc106141","target":"e0bc9a7856341200"}}
1791517452215 0c3be847 < {"id":191,"jsonrpc":"2.0","method":"submit","params":{"id":"0c3be847","job_id":"135","nonce":"56810000","result":"bf8691a15ba59c6ced29014aad69b970db771fbb9e4ec94abe5e573da3110400","algo":"rx/blacksilk"}}
1791517453231 0c3be847 > {"error":null,"id":191,"jsonrpc":"2.0","result":{"status":"OK"}}
1791517453254 0c3be847 > {"jsonrpc":"2.0","method":"job","params":{"algo":"rx/blacksilk","blob":"4253696c6b2f31c405fb99ea8686f792086b6e1ce1a2762b66c9515d2dc536c70b52de1c6663880000000028920a30","height":133,"job_id":"136","seed_hash":"3dbdba2aca8842cd3e02c7d8c72078f77ff132cc3c84a7f8b87891d0cc106141","target":"e0bc9a7856341200"}}
1791517454236 0c3be847 < {"id":192,"jsonrpc":"2.0","method":"submit","params":{"id":"0c3be847","job_id":"136","nonce":"2a010100","result":"414ed4d855f38a9646715a40d8b89bc1f08fb6b7601d58605290a3b91b940100","algo":"rx/blacksilk"}}
1791517454719 0c3be847 < {"id":193,"jsonrpc":"2.0","method":"submit","params":{"id":"0c3be847","job_id":"136","nonce":"b8010100","result":"3d7d79d31d2d2ed4275611445497a3f95c9062d007211c3d9813bd412aba1100","algo":"rx/blacksilk"}}
1791517455291 0c3be847 > {"error":null,"id":192,"jsonrpc":"2.0","result":{"status":"OK"}}
1791517455322 0c3be847 > {"jsonrpc":"2.0","method":"job","params":{"algo":"rx/blacksilk","blob":"4253696c6b2f31109e7719ba35182f33d46402512ef9e81527a90ffd79401c8af9d59349eeb16300000000d87e7aeb","height":134,"job_id":"137","seed_hash":"3dbdba2aca8842cd3e02c7d8c72078f77ff132cc3c84a7f8b87891d0cc106141","target":"e0bc9a7856341200"}}
1791517456316 0c3be847 > {"error":null,"id":193,"jsonrpc":"2.0","result":{"status":"OK_OFF_BEST_CHAIN"}}
1791517460861 0c3be847 < {"id":194,"jsonrpc":"2.0","method":"submit","params":{"id":"0c3be847","job_id":"137","nonce":"64860000","result":"bfb6ac343cb78c85cb0f62fe478bb976a95e858d047036f9eca19910d7631100","algo":"rx/blacksilk"}}
1791517461806 0c3be847 < {"id":195,"jsonrpc":"2.0","method":"submit","params":{"id":"0c3be847","job_id":"137","nonce":"50070000","result":"eb8327bbbc03ceab7ab6a70bf9ee36f3f5c37d9ce16dbf97b9a74f518efe0600","algo":"rx/blacksilk"}}
1791517461911 0c3be847 > {"error":null,"id":194,"jsonrpc":"2.0","result":{"status":"OK"}}
1791517461932 0c3be847 > {"jsonrpc":"2.0","method":"job","params":{"algo":"rx/blacksilk","blob":"4253696c6b2f316020a6c90ee155f79816294c9452d438bf7085cf070236e2f028a46e85ada74500000000aeb264e3","height":135,"job_id":"138","seed_hash":"3dbdba2aca8842cd3e02c7d8c72078f77ff132cc3c84a7f8b87891d0cc106141","target":"e0bc9a7856341200"}}
1791517462950 0c3be847 > {"error":null,"id":195,"jsonrpc":"2.0","result":{"status":"OK_OFF_BEST_CHAIN"}}
1791517468077 0c3be847 < {"id":196,"jsonrpc":"2.0","method":"submit","params":{"id":"0c3be847","job_id":"138","nonce":"30070100","result":"aa7a0776c138c51b2bc9d662348ab20d0090b5d2856f81d77216206e33821000","algo":"rx/blacksilk"}}
1791517469122 0c3be847 > {"error":null,"id":196,"jsonrpc":"2.0","result":{"status":"OK"}}
1791517469146 0c3be847 > {"jsonrpc":"2.0","method":"job","params":{"algo":"rx/blacksilk","blob":"4253696c6b2f3157a6c6c5b45c97e2f1040aed45afaf85dd08e7bb58e8f2658725e2eedb8837cd0000000075ba0ca8","height":136,"job_id":"139","seed_hash":"3dbdba2aca8842cd3e02c7d8c72078f77ff132cc3c84a7f8b87891d0cc106141","target":"e0bc9a7856341200"}}
1791517472858 0c3be847 < {"id":197,"jsonrpc":"2.0","method":"submit","params":{"id":"0c3be847","job_id":"139","nonce":"3d840000","result":"e9cab5d4b2711d5affa8547e3db649e18faf8ff9d96e9b55bde3f317e7560f00","algo":"rx/blacksilk"}}
1791517473274 0c3be847 < {"id":198,"jsonrpc":"2.0","method":"submit","params":{"id":"0c3be847","job_id":"139","nonce":"a7040100","result":"6fd583f7ab360a5973a0475dcb51e4b391b878825c113f1589a6c9d235c50700","algo":"rx/blacksilk"}}
1791517473882 0c3be847 < {"id":199,"jsonrpc":"2.0","method":"submit","params":{"id":"0c3be847","job_id":"139","nonce":"54050100","result":"9fb3e5de7a6c6be728de6d916470e774eb4985b36683bc7011ab68bf80320000","algo":"rx/blacksilk"}}
1791517473930 0c3be847 > {"error":null,"id":197,"jsonrpc":"2.0","result":{"status":"OK"}}
1791517473954 0c3be847 > {"jsonrpc":"2.0","method":"job","params":{"algo":"rx/blacksilk","blob":"4253696c6b2f3134d11c6eed22dff97c077eed589f4d743d88cc2e8c06406db02ac41e9b26b9c4000000004d4f8f0d","height":137,"job_id":"140","seed_hash":"3dbdba2aca8842cd3e02c7d8c72078f77ff132cc3c84a7f8b87891d0cc106141","target":"e0bc9a7856341200"}}
1791517474942 0c3be847 > {"error":null,"id":198,"jsonrpc":"2.0","result":{"status":"OK_OFF_BEST_CHAIN"}}
1791517475868 0c3be847 < {"id":200,"jsonrpc":"2.0","method":"submit","params":{"id":"0c3be847","job_id":"140","nonce":"12020100","result":"a02fcb22917f320cf4dd2ed5f6914b483feb6b9c9d0b995826a9d6e381eb0700","algo":"rx/blacksilk"}}
1791517475986 0c3be847 > {"error":null,"id":199,"jsonrpc":"2.0","result":{"status":"OK_OFF_BEST_CHAIN"}}
1791517477005 0c3be847 > {"error":null,"id":200,"jsonrpc":"2.0","result":{"status":"OK"}}
1791517477025 0c3be847 > {"jsonrpc":"2.0","method":"job","params":{"algo":"rx/blacksilk","blob":"4253696c6b2f31812845027ec966a0c6949dc307218de363a8526b86e88efafec26da00db688b3000000003e187de2","height":138,"job_id":"141","seed_hash":"3dbdba2aca8842cd3e02c7d8c72078f77ff132cc3c84a7f8b87891d0cc106141","target":"e0bc9a7856341200"}}
1791517486853 0c3be847 < {"id":201,"jsonrpc":"2.0","method":"submit","params":{"id":"0c3be847","job_id":"141","nonce":"5c8b0000","result":"064bc6afe7705d46eddc5f7fdc3cd20e1b8eb56bc8cb66473f1c4ece2f7a0e00","algo":"rx/blacksilk"}}
1791517487883 0c3be847 > {"error":null,"id":201,"jsonrpc":"2.0","result":{"status":"OK"}}
1791517487907 0c3be847 > {"jsonrpc":"2.0","method":"job","params":{"algo":"rx/blacksilk","blob":"4253696c6b2f3179999aa81ba498838426a9ac4b1db995a1a4f5608102fcabcb70245030429ff8000000007ea50b4d","height":139,"job_id":"142","seed_hash":"3dbdba2aca8842cd3e02c7d8c72078f77ff132cc3c84a7f8b87891d0cc106141","target":"e0bc9a7856341200"}}
1791517489198 0c3be847 < {"id":202,"jsonrpc":"2.0","method":"submit","params":{"id":"0c3be847","job_id":"142","nonce":"81010000","result":"60cfc03deb3f51cd1012169e1bf7e7b5be7a49d4bfb2d7da0c66c130b3d11000","algo":"rx/blacksilk"}}
1791517490244 0c3be847 > {"error":null,"id":202,"jsonrpc":"2.0","result":{"status":"OK"}}
1791517490261 0c3be847 > {"jsonrpc":"2.0","method":"job","params":{"algo":"rx/blacksilk","blob":"4253696c6b2f312954e745284639e8c4519022a11539de4bdfec712e07b05bf443edbe0f1da383000000001502015b","height":140,"job_id":"143","seed_hash":"3dbdba2aca8842cd3e02c7d8c72078f77ff132cc3c84a7f8b87891d0cc106141","target":"e0bc9a7856341200"}}
1791517490725 0c3be847 < {"id":203,"jsonrpc":"2.0","method":"submit","params":{"id":"0c3be847","job_id":"143","nonce":"8a000100","result":"99949f0d46b110b120dd5c5e611b65668d20ad6c52ac60f75ff0c8bf627d0500","algo":"rx/blacksilk"}}
1791517491720 0c3be847 > {"error":null,"id":203,"jsonrpc":"2.0","result":{"status":"OK"}}
1791517491748 0c3be847 > {"jsonrpc":"2.0","method":"job","params":{"algo":"rx/blacksilk","blob":"4253696c6b2f31f05a5403fe726c388453e112bb908747a853e61a3253a29f3f26717ce311c94e0000000024a72d7b","height":141,"job_id":"144","seed_hash":"3dbdba2aca8842cd3e02c7d8c72078f77ff132cc3c84a7f8b87891d0cc106141","target":"e0bc9a7856341200"}}
1791517493186 0c3be847 < {"id":204,"jsonrpc":"2.0","method":"submit","params":{"id":"0c3be847","job_id":"144","nonce":"93010000","result":"7c5afd49c1effb1dda3dc8ccd54112ebda5ddbdc92e01fd2a642861edd640600","algo":"rx/blacksilk"}}
1791517494135 0c3be847 < {"id":205,"jsonrpc":"2.0","method":"submit","params":{"id":"0c3be847","job_id":"144","nonce":"a3020100","result":"efdfc4697899821552bb42b7e1446a6279a2f2f3b83046f5b064805d95d60200","algo":"rx/blacksilk"}}
1791517494236 0c3be847 > {"error":null,"id":204,"jsonrpc":"2.0","result":{"status":"OK"}}
1791517494250 0c3be847 > {"jsonrpc":"2.0","method":"job","params":{"algo":"rx/blacksilk","blob":"4253696c6b2f3101f3660b0006eaeafa824a7f871af408978a6556da68d49d1a1f83518cce8dca0000000047f3ea01","height":142,"job_id":"145","seed_hash":"3dbdba2aca8842cd3e02c7d8c72078f77ff132cc3c84a7f8b87891d0cc106141","target":"e0bc9a7856341200"}}
1791517495247 0c3be847 > {"error":null,"id":205,"jsonrpc":"2.0","result":{"status":"OK_OFF_BEST_CHAIN"}}
1791517498557 0c3be847 < {"id":206,"jsonrpc":"2.0","method":"submit","params":{"id":"0c3be847","job_id":"145","nonce":"f2040000","result":"d6ac37f8708616ddbc439ec8c83652c8ba845f467693137071a08cb4c0c20800","algo":"rx/blacksilk"}}
1791517499586 0c3be847 > {"error":null,"id":206,"jsonrpc":"2.0","result":{"status":"OK"}}
1791517499608 0c3be847 > {"jsonrpc":"2.0","method":"job","params":{"algo":"rx/blacksilk","blob":"4253696c6b2f31133b8a95e643a8df785a2fa179aa97c4f321d2518be67c9cd085fc018a4ae42f00000000b1b84fb8","height":143,"job_id":"146","seed_hash":"3dbdba2aca8842cd3e02c7d8c72078f77ff132cc3c84a7f8b87891d0cc106141","target":"e0bc9a7856341200"}}
1791517500577 0c3be847 < {"id":207,"jsonrpc":"2.0","method":"submit","params":{"id":"0c3be847","job_id":"146","nonce":"25010100","result":"cb2df246a7e7cc24171f2d51b523e6dda8c61eef58cf4451c15af502f6da0a00","algo":"rx/blacksilk"}}
1791517501627 0c3be847 > {"error":null,"id":207,"jsonrpc":"2.0","result":{"status":"OK"}}
1791517501646 0c3be847 > {"jsonrpc":"2.0","method":"job","params":{"algo":"rx/blacksilk","blob":"4253696c6b2f31baa3f64a37c903a0de47b7b2fb847e3ad5e1a613c410bb3541e159a6d27f71ad000000003db4f75c","height":144,"job_id":"147","seed_hash":"3dbdba2aca8842cd3e02c7d8c72078f77ff132cc3c84a7f8b87891d0cc106141","target":"e0bc9a7856341200"}}
1791517502136 0c3be847 < {"id":208,"jsonrpc":"2.0","method":"submit","params":{"id":"0c3be847","job_id":"147","nonce":"79000100","result":"447a7c188bc57fb9352e3995162b9fda0b8f0c51389f27a30ac6b1e3487c0100","algo":"rx/blacksilk"}}
1791517503039 0c3be847 < {"id":209,"jsonrpc":"2.0","method":"submit","params":{"id":"0c3be847","job_id":"147","nonce":"63810000","result":"96cd66ff660e05ee631eaf991251a616f5581a7f59ae2b53a7eb83b85d400400","algo":"rx/blacksilk"}}
1791517503178 0c3be847 > {"error":null,"id":208,"jsonrpc":"2.0","result":{"status":"OK"}}
1791517503198 0c3be847 > {"jsonrpc":"2.0","method":"job","params":{"algo":"rx/blacksilk","blob":"4253696c6b2f31b7fc31f77d0ef3b70cc39604ac79b2066a34cd43a0bf7cec6e3097397a7a69c000000000c751d58e","height":145,"job_id":"148","seed_hash":"3dbdba2aca8842cd3e02c7d8c72078f77ff132cc3c84a7f8b87891d0cc106141","target":"e0bc9a7856341200"}}
1791517504232 0c3be847 > {"error":null,"id":209,"jsonrpc":"2.0","result":{"status":"OK_OFF_BEST_CHAIN"}}
1791517508830 0c3be847 < {"id":210,"jsonrpc":"2.0","method":"submit","params":{"id":"0c3be847","job_id":"148","nonce":"88860100","result":"4c243c60750d351162f4637d0424915695de15186d9a6fa780096fa641860b00","algo":"rx/blacksilk"}}
1791517509209 0c3be847 < {"id":211,"jsonrpc":"2.0","method":"submit","params":{"id":"0c3be847","job_id":"148","nonce":"ed860100","result":"da57c680e85d48bf4c40048c59bf4eef512df3dad91763801b0ccedb1e0a1100","algo":"rx/blacksilk"}}
1791517509886 0c3be847 > {"error":null,"id":210,"jsonrpc":"2.0","result":{"status":"OK"}}
1791517509906 0c3be847 > {"jsonrpc":"2.0","method":"job","params":{"algo":"rx/blacksilk","blob":"4253696c6b2f313c5676a31eeeec2baa4d62ff78e8013ff7797c4b03276b3cc89ac15faf3993d000000000469b5e41","height":146,"job_id":"149","seed_hash":"3dbdba2aca8842cd3e02c7d8c72078f77ff132cc3c84a7f8b87891d0cc106141","target":"e0bc9a7856341200"}}
1791517510886 0c3be847 > {"error":null,"id":211,"jsonrpc":"2.0","result":{"status":"OK_OFF_BEST_CHAIN"}}
1791517514229 0c3be847 < {"id":212,"jsonrpc":"2.0","method":"submit","params":{"id":"0c3be847","job_id":"149","nonce":"e3840000","result":"72c78cf16b392f391f7431cdd4c28b2e9ee526c6fb2503e1e8c7bf1b2f561000","algo":"rx/blacksilk"}}
1791517515239 0c3be847 < {"id":213,"jsonrpc":"2.0","method":"submit","params":{"id":"0c3be847","job_id":"149","nonce":"f0050100","result":"2a9625d1d44b004557ac7f99c65234de8609644b9bff30fcae3c10c377340800","algo":"rx/blacksilk"}}
1791517515310 0c3be847 > {"error":null,"id":212,"jsonrpc":"2.0","result":{"status":"OK"}}
1791517515334 0c3be847 > {"jsonrpc":"2.0","method":"job","params":{"algo":"rx/blacksilk","blob":"4253696c6b2f3176896ad20786a18bc11c4ed34c6d24ea1ec26ca7bc3f2b71d0aeb0195835bed8000000008bf03c6e","height":147,"job_id":"150","seed_hash":"3dbdba2aca8842cd3e02c7d8c72078f77ff132cc3c84a7f8b87891d0cc106141","target":"e0bc9a7856341200"}}
1791517516394 0c3be847 > {"error":null,"id":213,"jsonrpc":"2.0","result":{"status":"OK_OFF_BEST_CHAIN"}}
1791517516553 0c3be847 < {"id":214,"jsonrpc":"2.0","method":"submit","params":{"id":"0c3be847","job_id":"150","nonce":"5c010000","result":"50ba4ffbbecc0f5f396f3b2b4cf8892b711c0449d6ebdd16523d5272f39a1000","algo":"rx/blacksilk"}}
1791517517562 0c3be847 > {"error":null,"id":214,"jsonrpc":"2.0","result":{"status":"OK"}}
1791517517587 0c3be847 > {"jsonrpc":"2.0","method":"job","params":{"algo":"rx/blacksilk","blob":"4253696c6b2f313393c2191a0de259b7243807974fc391397b1ed76edc8a4237a01cc21e63a619000000004846c906","height":148,"job_id":"151","seed_hash":"3dbdba2aca8842cd3e02c7d8c72078f77ff132cc3c84a7f8b87891d0cc106141","target":"e0bc9a7856341200"}}
1791517518620 0c3be847 < {"id":215,"jsonrpc":"2.0","method":"submit","params":{"id":"0c3be847","job_id":"151","nonce":"2c010100","result":"910629aa6e7ade4f3eac0badc24810515afe3cef42ab649b3401e642b20b0a00","algo":"rx/blacksilk"}}
1791517519628 0c3be847 > {"error":null,"id":215,"jsonrpc":"2.0","result":{"status":"OK"}}
1791517519658 0c3be847 > {"jsonrpc":"2.0","method":"job","params":{"algo":"rx/blacksilk","blob":"4253696c6b2f3125f1bc92627940e2c736147a82ddec1f1683b6fc63915144ca317e815f9744ac00000000aaac639f","height":149,"job_id":"152","seed_hash":"3dbdba2aca8842cd3e02c7d8c72078f77ff132cc3c84a7f8b87891d0cc106141","target":"e0bc9a7856341200"}}
1791517519963 0c3be847 < {"id":216,"jsonrpc":"2.0","method":"submit","params":{"id":"0c3be847","job_id":"152","nonce":"5a000000","result":"35a60f6472495a31c667d376bbcaa26f5fb9fb66d6efb072af37f0308f3b0f00","algo":"rx/blacksilk"}}
1791517520994 0c3be847 > {"error":null,"id":216,"jsonrpc":"2.0","result":{"status":"OK"}}
1791517521025 0c3be847 > {"jsonrpc":"2.0","method":"job","params":{"algo":"rx/blacksilk","blob":"4253696c6b2f31aff5cf2d2323d79788780e101416426d554cbe8b32ab32c13064b4485781323f00000000fd1e1623","height":150,"job_id":"153","seed_hash":"3dbdba2aca8842cd3e02c7d8c72078f77ff132cc3c84a7f8b87891d0cc106141","target":"e0bc9a7856341200"}}
1791517523582 0c3be847 < {"id":217,"jsonrpc":"2.0","method":"submit","params":{"id":"0c3be847","job_id":"153","nonce":"05830100","result":"c28d502208895933b873d99c25d5832c92c90178a2c7263c4a288015ca400900","algo":"rx/blacksilk"}}
1791517524268 0c3be847 < {"id":218,"jsonrpc":"2.0","method":"submit","params":{"id":"0c3be847","job_id":"153","nonce":"a3030100","result":"b15d500d8689409037c5d0d7df74d88f717f3cf22208651ea5c88faea4091100","algo":"rx/blacksilk"}}
1791517524588 0c3be847 > {"error":null,"id":217,"jsonrpc":"2.0","result":{"status":"OK"}}
1791517524616 0c3be847 > {"jsonrpc":"2.0","method":"job","params":{"algo":"rx/blacksilk","blob":"4253696c6b2f31aa1a6bf505fa6ef2a5cb9964b21e56c4b23dc4b12434de0be8f940993ce01c800000000062b74f2b","height":151,"job_id":"154","seed_hash":"3dbdba2aca8842cd3e02c7d8c72078f77ff132cc3c84a7f8b87891d0cc106141","target":"e0bc9a7856341200"}}
1791517524957 0c3be847 < {"id":219,"jsonrpc":"2.0","method":"submit","params":{"id":"0c3be847","job_id":"154","nonce":"5e800000","result":"6a19476e10c51fcfa7f89e5762a263e243ffaf6ed7a02aff554cb306666e0d00","algo":"rx/blacksilk"}}
1791517525657 0c3be847 > {"error":null,"id":218,"jsonrpc":"2.0","result":{"status":"OK_OFF_BEST_CHAIN"}}
1791517526224 0c3be847 < {"id":220,"jsonrpc":"2.0","method":"submit","params":{"id":"0c3be847","job_id":"154","nonce":"db010100","result":"a062148fd8c6fc53feb23c4e56a639b005acc97495dc301eedbd43528c2a0e00","algo":"rx/blacksilk"}}
1791517526698 0c3be847 > {"error":null,"id":219,"jsonrpc":"2.0","result":{"status":"OK"}}
1791517526718 0c3be847 > {"jsonrpc":"2.0","method":"job","params":{"algo":"rx/blacksilk","blob":"4253696c6b2f31d173f032a2e1aeb717d5a81898d3bdb5c31acb886ac15bed7109ce41083b22d100000000778c9c2c","height":152,"job_id":"155","seed_hash":"3dbdba2aca8842cd3e02c7d8c72078f77ff132cc3c84a7f8b87891d0cc106141","target":"e0bc9a7856341200"}}
1791517527736 0c3be847 > {"error":null,"id":220,"jsonrpc":"2.0","result":{"status":"OK_OFF_BEST_CHAIN"}}
1791517528354 0c3be847 < {"id":221,"jsonrpc":"2.0","method":"submit","params":{"id":"0c3be847","job_id":"155","nonce":"d9810000","result":"855d63943c652830c659ecb313e8c221dd94900acf332d3a3d2dd5f30b0d0d00","algo":"rx/blacksilk"}}
1791517529370 0c3be847 > {"error":null,"id":221,"jsonrpc":"2.0","result":{"status":"OK"}}
1791517529389 0c3be847 > {"jsonrpc":"2.0","method":"job","params":{"algo":"rx/blacksilk","blob":"4253696c6b2f317d3fd03e42f0ad452236068a79d5c8de2f7f5a3041d8a4eb1cbd3ffb2bb040cb0000000077c905cb","height":153,"job_id":"156","seed_hash":"3dbdba2aca8842cd3e02c7d8c72078f77ff132cc3c84a7f8b87891d0cc106141","target":"e0bc9a7856341200"}}
1791517529947 0c3be847 < {"id":222,"jsonrpc":"2.0","method":"submit","params":{"id":"0c3be847","job_id":"156","nonce":"a2000000","result":"af627b1037457ed40b87da6a5014d77bcfdaa208b50dd002f08de16b046b0300","algo":"rx/blacksilk"}}
1791517530207 0c3be847 < {"id":223,"jsonrpc":"2.0","method":"submit","params":{"id":"0c3be847","job_id":"156","nonce":"ed800100","result":"acea39e7efa46ef44a89c5797e5a98c169c7e1382ae8116f09fe4ef269010c00","algo":"rx/blacksilk"}}
1791517530523 0c3be847 < {"id":224,"jsonrpc":"2.0","method":"submit","params":{"id":"0c3be847","job_id":"156","nonce":"3d810000","result":"1a8166c1ae0eeaa3adb3220f28009d88c3afa79b3515e2bd917671528b7e0a00","algo":"rx/blacksilk"}}
1791517530970 0c3be847 > {"error":null,"id":222,"jsonrpc":"2.0","result":{"status":"OK"}}
1791517530992 0c3be847 > {"jsonrpc":"2.0","method":"job","params":{"algo":"rx/blacksilk","blob":"4253696c6b2f3158480f0773a4c6751e12056e0c8a3795e15ad2fdb1048d54073a0de2b6a48aca00000000d6b13ce4","height":154,"job_id":"157","seed_hash":"3dbdba2aca8842cd3e02c7d8c72078f77ff132cc3c84a7f8b87891d0cc106141","target":"e0bc9a7856341200"}}
1791517531983 0c3be847 > {"error":null,"id":223,"jsonrpc":"2.0","result":{"status":"OK_OFF_BEST_CHAIN"}}
1791517533026 0c3be847 > {"error":null,"id":224,"jsonrpc":"2.0","result":{"status":"OK_OFF_BEST_CHAIN"}}
1791517538470 0c3be847 < {"id":225,"jsonrpc":"2.0","method":"submit","params":{"id":"0c3be847","job_id":"157","nonce":"73880000","result":"52ccfe28216436190c611bda7b0b382706ca4672493cbd7b0569d1df0f0f0500","algo":"rx/blacksilk"}}
1791517539535 0c3be847 > {"error":null,"id":225,"jsonrpc":"2.0","result":{"status":"OK"}}
1791517539555 0c3be847 > {"jsonrpc":"2.0","method":"job","params":{"algo":"rx/blacksilk","blob":"4253696c6b2f31ad13fc2d8c01e97853ef152c7274862e017b041e92b24a9750ad7300393800be000000008361d2f6","height":155,"job_id":"158","seed_hash":"3dbdba2aca8842cd3e02c7d8c72078f77ff132cc3c84a7f8b87891d0cc106141","target":"e0bc9a7856341200"}}
1791517545019 0c3be847 < {"id":226,"jsonrpc":"2.0","method":"submit","params":{"id":"0c3be847","job_id":"158","nonce":"52060000","result":"5b0a525641393ca5cd01948858df5f80f732c8806d41de7d81f94167e1060d00","algo":"rx/blacksilk"}}
1791517546082 0c3be847 > {"error":null,"id":226,"jsonrpc":"2.0","result":{"status":"OK"}}
1791517546100 0c3be847 > {"jsonrpc":"2.0","method":"job","params":{"algo":"rx/blacksilk","blob":"4253696c6b2f31a5ab57d418b4b2dfd48ce6017182a09441b1ecb26eca7ca0df20b95079bfa62900000000b0c0d9dd","height":156,"job_id":"159","seed_hash":"3dbdba2aca8842cd3e02c7d8c72078f77ff132cc3c84a7f8b87891d0cc106141","target":"e0bc9a7856341200"}}
1791517548780 0c3be847 < {"id":227,"jsonrpc":"2.0","method":"submit","params":{"id":"0c3be847","job_id":"159","nonce":"1f830000","result":"885052ebaf6ac0c45baf344b664c844a501ed880fdc452777ca85198ba961000","algo":"rx/blacksilk"}}
1791517549812 0c3be847 > {"error":null,"id":227,"jsonrpc":"2.0","result":{"status":"OK"}}
1791517549839 0c3be847 > {"jsonrpc":"2.0","method":"job","params":{"algo":"rx/blacksilk","blob":"4253696c6b2f310707d78e0fa0bd0d16a119366dd3ae793ad0182071d022c884e6482c673135020000000028bed3d7","height":157,"job_id":"160","seed_hash":"3dbdba2aca8842cd3e02c7d8c72078f77ff132cc3c84a7f8b87891d0cc106141","target":"e0bc9a7856341200"}}
1791517552032 0c3be847 < {"id":228,"jsonrpc":"2.0","method":"submit","params":{"id":"0c3be847","job_id":"160","nonce":"92020100","result":"977d4c500d4143a9aa05bf300bd9b52f98eeddbd1cc055c49aaa4549080b1200","algo":"rx/blacksilk"}}
1791517553084 0c3be847 > {"error":null,"id":228,"jsonrpc":"2.0","result":{"status":"OK"}}
1791517553109 0c3be847 > {"jsonrpc":"2.0","method":"job","params":{"algo":"rx/blacksilk","blob":"4253696c6b2f316cc6a830d6505a092ae72613d4bcbf8c6ccbe4665a6004e50fa8167c9d6f7a6500000000a315d3a1","height":158,"job_id":"161","seed_hash":"3dbdba2aca8842cd3e02c7d8c72078f77ff132cc3c84a7f8b87891d0cc106141","target":"e0bc9a7856341200"}}
1791517557275 0c3be847 < {"id":229,"jsonrpc":"2.0","method":"submit","params":{"id":"0c3be847","job_id":"161","nonce":"ca840100","result":"8a7be99125e1d70d5c3f525bda42dd1bd7445069643a01aafdb727a89dab0f00","algo":"rx/blacksilk"}}
1791517558306 0c3be847 > {"error":null,"id":229,"jsonrpc":"2.0","result":{"status":"OK"}}
1791517558335 0c3be847 > {"jsonrpc":"2.0","method":"job","params":{"algo":"rx/blacksilk","blob":"4253696c6b2f312f924537490bec1dc7f5041df6b1f84aab8da3ad1d84485b8d0a4ec7287b5c54000000002fa16ceb","height":159,"job_id":"162","seed_hash":"3dbdba2aca8842cd3e02c7d8c72078f77ff132cc3c84a7f8b87891d0cc106141","target":"e0bc9a7856341200"}}
1791517559110 0c3be847 < {"id":230,"jsonrpc":"2.0","method":"submit","params":{"id":"0c3be847","job_id":"162","nonce":"ea000100","result":"8a8df7628e58b2b5ff7b9f59b2b5cd712c564b82d4bf7159574812a99ee80300","algo":"rx/blacksilk"}}
1791517559361 0c3be847 < {"id":231,"jsonrpc":"2.0","method":"submit","params":{"id":"0c3be847","job_id":"162","nonce":"26810000","result":"e9dc82c9a1b6df8ab4a7e296161536dfdd26f94bf01c9db815c2655778220100","algo":"rx/blacksilk"}}
1791517560194 0c3be847 > {"error":null,"id":230,"jsonrpc":"2.0","result":{"status":"OK"}}
1791517560220 0c3be847 > {"jsonrpc":"2.0","method":"job","params":{"algo":"rx/blacksilk","blob":"4253696c6b2f31c92a936ddca5ae60c613332f07e3fc72cb75e93597de8ef17708208f14afc56100000000659630ca","height":160,"job_id":"163","seed_hash":"3dbdba2aca8842cd3e02c7d8c72078f77ff132cc3c84a7f8b87891d0cc106141","target":"e0bc9a7856341200"}}
1791517560683 0c3be847 < {"id":232,"jsonrpc":"2.0","method":"submit","params":{"id":"0c3be847","job_id":"163","nonce":"7b800000","result":"a8a3eddb87a2263fa78262df305738644d8fe83d15761a4360fbb036d6b20e00","algo":"rx/blacksilk"}}
1791517560957 0c3be847 < {"id":233,"jsonrpc":"2.0","method":"submit","params":{"id":"0c3be847","job_id":"163","nonce":"c8000100","result":"0433c35f9fbba3c6fa9257fc3f34a47c45fc7b4e253e2d31d759116e29e50f00","algo":"rx/blacksilk"}}
1791517561235 0c3be847 > {"error":null,"id":231,"jsonrpc":"2.0","result":{"status":"OK_OFF_BEST_CHAIN"}}
1791517562293 0c3be847 > {"error":null,"id":232,"jsonrpc":"2.0","result":{"status":"OK"}}
1791517562324 0c3be847 > {"jsonrpc":"2.0","method":"job","params":{"algo":"rx/blacksilk","blob":"4253696c6b2f31517c8806ea2d1b9983a6169dae7dad21c1ef52473cb505f7c4aa0b7c10b9524c0000000065d55629","height":161,"job_id":"164","seed_hash":"3dbdba2aca8842cd3e02c7d8c72078f77ff132cc3c84a7f8b87891d0cc106141","target":"e0bc9a7856341200"}}
1791517562557 0c3be847 < {"id":234,"jsonrpc":"2.0","method":"submit","params":{"id":"0c3be847","job_id":"164","nonce":"3f000100","result":"5664d5e2222eebb5c1c5c80065b7d7d578d487cb84778e889e6c3ba3a2c50b00","algo":"rx/blacksilk"}}
1791517563280 0c3be847 > {"error":null,"id":233,"jsonrpc":"2.0","result":{"status":"OK_OFF_BEST_CHAIN"}}
1791517564282 0c3be847 > {"error":null,"id":234,"jsonrpc":"2.0","result":{"status":"OK"}}
1791517564283 0c3be847 > {"jsonrpc":"2.0","method":"job","params":{"algo":"rx/blacksilk","blob":"4253696c6b2f31bd24887abd628990ff45adfef1985dea867cd0dc5ca133c4d86268efd599d23c00000000164d8617","height":162,"job_id":"165","seed_hash":"3dbdba2aca8842cd3e02c7d8c72078f77ff132cc3c84a7f8b87891d0cc106141","target":"e0bc9a7856341200"}}
1791517568776 0c3be847 < {"id":235,"jsonrpc":"2.0","method":"submit","params":{"id":"0c3be847","job_id":"165","nonce":"3b850000","result":"0bb10ac7ebf8bb9c700c1e490cd174ea838770bc2a0e3c8d44d5c06e54ae0300","algo":"rx/blacksilk"}}
1791517569826 0c3be847 > {"error":null,"id":235,"jsonrpc":"2.0","result":{"status":"OK"}}
1791517569852 0c3be847 > {"jsonrpc":"2.0","method":"job","params":{"algo":"rx/blacksilk","blob":"4253696c6b2f31d84cebce6930a523b4e8303b4f899fec9c295ee4f1381ce8372ef8337270baad00000000296aec12","height":163,"job_id":"166","seed_hash":"3dbdba2aca8842cd3e02c7d8c72078f77ff132cc3c84a7f8b87891d0cc106141","target":"e0bc9a7856341200"}}
1791517570024 0c3be847 < {"id":236,"jsonrpc":"2.0","method":"submit","params":{"id":"0c3be847","job_id":"166","nonce":"32800100","result":"3767ec2f442183aa8d1c6093a244b4331ae293ad3e13ec4b2a29cf2a841f0500","algo":"rx/blacksilk"}}
1791517571053 0c3be847 > {"error":null,"id":236,"jsonrpc":"2.0","result":{"status":"OK"}}
1791517571071 0c3be847 > {"jsonrpc":"2.0","method":"job","params":{"algo":"rx/blacksilk","blob":"4253696c6b2f31dd9e145df0012bb6868cf81f8ce6401c61ee48b9723e2f67788dd88478a7111000000000de54a8b7","height":164,"job_id":"167","seed_hash":"3dbdba2aca8842cd3e02c7d8c72078f77ff132cc3c84a7f8b87891d0cc106141","target":"e0bc9a7856341200"}}
1791517571830 0c3be847 < {"id":237,"jsonrpc":"2.0","method":"submit","params":{"id":"0c3be847","job_id":"167","nonce":"e9000000","result":"f1c14003e471b0f85edad0253c2faaab9083035ba2025c14037b0a59990b1200","algo":"rx/blacksilk"}}
1791517572845 0c3be847 > {"error":null,"id":237,"jsonrpc":"2.0","result":{"status":"OK"}}
1791517572873 0c3be847 > {"jsonrpc":"2.0","method":"job","params":{"algo":"rx/blacksilk","blob":"4253696c6b2f31f6e44a7d44f0ec55d31bca10ee04a5415fe2c4904f61f5db84cca45ba9741f2900000000aab32ce3","height":165,"job_id":"168","seed_hash":"3dbdba2aca8842cd3e02c7d8c72078f77ff132cc3c84a7f8b87891d0cc106141","target":"e0bc9a7856341200"}}
1791517574241 0c3be847 < {"id":238,"jsonrpc":"2.0","method":"submit","params":{"id":"0c3be847","job_id":"168","nonce":"90810100","result":"981bf8d40c69f06fed5aec34e426d36ce7779fcc7a7a5b5f3d5b295dacdc0b00","algo":"rx/blacksilk"}}
1791517575334 0c3be847 > {"error":null,"id":238,"jsonrpc":"2.0","result":{"status":"OK"}}
1791517575335 0c3be847 > {"jsonrpc":"2.0","method":"job","params":{"algo":"rx/blacksilk","blob":"4253696c6b2f310bfc85dee8673108785c429bae49cb70a89224199272545badcb756c7e93c73b0000000018220f85","height":166,"job_id":"169","seed_hash":"3dbdba2aca8842cd3e02c7d8c72078f77ff132cc3c84a7f8b87891d0cc106141","target":"e0bc9a7856341200"}}
1791517581094 0c3be847 < {"id":239,"jsonrpc":"2.0","method":"submit","params":{"id":"0c3be847","job_id":"169","nonce":"be860100","result":"e85114c4c6a85a87fbd8cc9e83973d11d863169246dcdc3efac8c45af80a0400","algo":"rx/blacksilk"}}
1791517582133 0c3be847 > {"error":null,"id":239,"jsonrpc":"2.0","result":{"status":"OK"}}
1791517582155 0c3be847 > {"jsonrpc":"2.0","method":"job","params":{"algo":"rx/blacksilk","blob":"4253696c6b2f31c6793a9f71e6aa4a790cf404fd9da9edfa22f559fb607d2427350211f656c621000000007e579130","height":167,"job_id":"170","seed_hash":"3dbdba2aca8842cd3e02c7d8c72078f77ff132cc3c84a7f8b87891d0cc106141","target":"e0bc9a7856341200"}}
1791517591638 0c3be847 < {"id":240,"jsonrpc":"2.0","method":"submit","params":{"id":"0c3be847","job_id":"170","nonce":"018b0100","result":"11b6fbd7e2b32050b7c247f045e003082f1b7932fa017f118da7e5aabb800b00","algo":"rx/blacksilk"}}
1791517592753 0c3be847 > {"error":null,"id":240,"jsonrpc":"2.0","result":{"status":"OK"}}
1791517592771 0c3be847 > {"jsonrpc":"2.0","method":"job","params":{"algo":"rx/blacksilk","blob":"4253696c6b2f3199ce3f8a2cb3d11e040e57009fee5684182f1dafb9c49018f131679acd95ff9300000000027ee5f2","height":168,"job_id":"171","seed_hash":"3dbdba2aca8842cd3e02c7d8c72078f77ff132cc3c84a7f8b87891d0cc106141","target":"e0bc9a7856341200"}}
1791517594278 0c3be847 < {"id":241,"jsonrpc":"2.0","method":"submit","params":{"id":"0c3be847","job_id":"171","nonce":"bc010000","result":"5e9c95f8be7744eb7075e07aa498cb6b8020f949b9e198f3c162bb5c0ed20200","algo":"rx/blacksilk"}}
1791517595353 0c3be847 > {"error":null,"id":241,"jsonrpc":"2.0","result":{"status":"OK"}}
1791517595374 0c3be847 > {"jsonrpc":"2.0","method":"job","params":{"algo":"rx/blacksilk","blob":"4253696c6b2f31b5e30aa72f293c100ac4dd378b15661777a4b47f2f1a28be2146f7dbe91bdd3d00000000cfa284c1","height":169,"job_id":"172","seed_hash":"3dbdba2aca8842cd3e02c7d8c72078f77ff132cc3c84a7f8b87891d0cc106141","target":"e0bc9a7856341200"}}
1791517597878 0c3be847 < {"id":242,"jsonrpc":"2.0","method":"submit","params":{"id":"0c3be847","job_id":"172","nonce":"e6820100","result":"3b00cd23180b07bad67aa609d4bd5086272f257fd8fbc6b6ee82cd09c62c0000","algo":"rx/blacksilk"}}
1791517598868 0c3be847 < {"id":243,"jsonrpc":"2.0","method":"submit","params":{"id":"0c3be847","job_id":"172","nonce":"00840100","result":"d8eff85ecf430cbdef01bef5831aa134010fc2bdb59646218b0db6b0280d0f00","algo":"rx/blacksilk"}}
1791517598932 0c3be847 > {"error":null,"id":242,"jsonrpc":"2.0","result":{"status":"OK"}}
1791517598961 0c3be847 > {"jsonrpc":"2.0","method":"job","params":{"algo":"rx/blacksilk","blob":"4253696c6b2f31e4120f77d53f793dd3a0413113a6793627f43455d7946cb43eb92dae5d2e31820000000095934a47","height":170,"job_id":"173","seed_hash":"3dbdba2aca8842cd3e02c7d8c72078f77ff132cc3c84a7f8b87891d0cc106141","target":"e0bc9a7856341200"}}
1791517599628 0c3be847 < {"id":244,"jsonrpc":"2.0","method":"submit","params":{"id":"0c3be847","job_id":"173","nonce":"be000100","result":"8081e31d748739acd39037d6b8249c9f68b4650d35d5e3d7ba75f3945d450800","algo":"rx/blacksilk"}}
1791517599986 0c3be847 > {"error":null,"id":243,"jsonrpc":"2.0","result":{"status":"OK_OFF_BEST_CHAIN"}}
1791517601038 0c3be847 > {"error":null,"id":244,"jsonrpc":"2.0","result":{"status":"OK"}}
1791517601050 0c3be847 > {"jsonrpc":"2.0","method":"job","params":{"algo":"rx/blacksilk","blob":"4253696c6b2f31809da8dbecfaa5dd2fdc414356c227978510fc6e3300db22da018ff51c27dff90000000014a51fe9","height":171,"job_id":"174","seed_hash":"3dbdba2aca8842cd3e02c7d8c72078f77ff132cc3c84a7f8b87891d0cc106141","target":"e0bc9a7856341200"}}
1791517601161 0c3be847 < {"id":245,"jsonrpc":"2.0","method":"submit","params":{"id":"0c3be847","job_id":"174","nonce":"1f000100","result":"c40bf5d4cbf0b2b7a20f29729448c920c45dae410474fad0a05a16bc39021000","algo":"rx/blacksilk"}}
1791517602139 0c3be847 < {"id":246,"jsonrpc":"2.0","method":"submit","params":{"id":"0c3be847","job_id":"174","nonce":"31810000","result":"c1cddef6da795a7afb67c7d0a3f1baeb98ad4b490f63003bc1506e3895ee0400","algo":"rx/blacksilk"}}
1791517602221 0c3be847 > {"error":null,"id":245,"jsonrpc":"2.0","result":{"status":"OK"}}
1791517602235 0c3be847 > {"jsonrpc":"2.0","method":"job","params":{"algo":"rx/blacksilk","blob":"4253696c6b2f3188455611bcfdcb27b5eb12cc177208e240affabb523ad867e962ea788587f5e700000000d2a281a5","height":172,"job_id":"175","seed_hash":"3dbdba2aca8842cd3e02c7d8c72078f77ff132cc3c84a7f8b87891d0cc106141","target":"e0bc9a7856341200"}}
1791517603295 0c3be847 > {"error":null,"id":246,"jsonrpc":"2.0","result":{"status":"OK_OFF_BEST_CHAIN"}}
1791517603482 0c3be847 < {"id":247,"jsonrpc":"2.0","method":"submit","params":{"id":"0c3be847","job_id":"175","nonce":"74810000","result":"6f91f2065f48d4b96d9645fed036b6e5efc95f81ad4d4699fbc13bddd8530500","algo":"rx/blacksilk"}}
1791517604509 0c3be847 > {"error":null,"id":247,"jsonrpc":"2.0","result":{"status":"OK"}}
1791517604523 0c3be847 > {"jsonrpc":"2.0","method":"job","params":{"algo":"rx/blacksilk","blob":"4253696c6b2f312c7f07159ef7e7c9860946889d4a07b42fccfe40b8eac71007bab19f06e5eaef0000000060116920","height":173,"job_id":"176","seed_hash":"3dbdba2aca8842cd3e02c7d8c72078f77ff132cc3c84a7f8b87891d0cc106141","target":"e0bc9a7856341200"}}
1791517604713 0c3be847 < {"id":248,"jsonrpc":"2.0","method":"submit","params":{"id":"0c3be847","job_id":"176","nonce":"38800100","result":"d8af520cd378bb396b929c0bd4630c2b164c015218b317640b11b4730fea0d00","algo":"rx/blacksilk"}}
1791517605736 0c3be847 > {"error":null,"id":248,"jsonrpc":"2.0","result":{"status":"OK"}}
1791517605759 0c3be847 > {"jsonrpc":"2.0","method":"job","params":{"algo":"rx/blacksilk","blob":"4253696c6b2f31694649bd038e9de57c19d8d903cb84fe625d00bad5f8b48473b8712277579476000000004f3d8f0e","height":174,"job_id":"177","seed_hash":"3dbdba2aca8842cd3e02c7d8c72078f77ff132cc3c84a7f8b87891d0cc106141","target":"e0bc9a7856341200"}}
1791517623407 0c3be847 < {"id":249,"jsonrpc":"2.0","method":"submit","params":{"id":"0c3be847","job_id":"177","nonce":"43940000","result":"aa4a02cdca9052b1bb94514b0b84fff17997da10e16337f3cf3d63942a230800","algo":"rx/blacksilk"}}
1791517623410 0c3be847 < {"id":250,"jsonrpc":"2.0","method":"submit","params":{"id":"0c3be847","job_id":"177","nonce":"65940100","result":"7a6146b989eef8660503a7b107e8740a66072373b9ddad64f2950f7a5ccc0200","algo":"rx/blacksilk"}}
1791517624201 0c3be847 < {"id":251,"jsonrpc":"2.0","method":"submit","params":{"id":"0c3be847","job_id":"177","nonce":"49950100","result":"00ac2150a7ed9f1fb5b8f0599eca21e5b5f6dee35161901bb7ca8bcfe8790900","algo":"rx/blacksilk"}}
1791517624432 0c3be847 > {"error":null,"id":249,"jsonrpc":"2.0","result":{"status":"OK"}}
1791517624452 0c3be847 > {"jsonrpc":"2.0","method":"job","params":{"algo":"rx/blacksilk","blob":"4253696c6b2f319c366a97e62eafdc7067469ec8cb95f55e9fa0be789e7ff520ffb8f59ab9cfcb000000007c4fab74","height":175,"job_id":"178","seed_hash":"3dbdba2aca8842cd3e02c7d8c72078f77ff132cc3c84a7f8b87891d0cc106141","target":"e0bc9a7856341200"}}
1791517625449 0c3be847 > {"error":null,"id":250,"jsonrpc":"2.0","result":{"status":"OK_OFF_BEST_CHAIN"}}
1791517626445 0c3be847 > {"error":null,"id":251,"jsonrpc":"2.0","result":{"status":"OK_OFF_BEST_CHAIN"}}
1791517639653 0c3be847 < {"id":252,"jsonrpc":"2.0","method":"submit","params":{"id":"0c3be847","job_id":"178","nonce":"07110000","result":"5490bc51040d624d255654120ede627c596bb51514ead31c36ac7d6903590b00","algo":"rx/blacksilk"}}
1791517640678 0c3be847 > {"error":null,"id":252,"jsonrpc":"2.0","result":{"status":"OK"}}
1791517640696 0c3be847 > {"jsonrpc":"2.0","method":"job","params":{"algo":"rx/blacksilk","blob":"4253696c6b2f315707c7798a7d2096fe510fd8e2bba55bd0c0700f6132e60b42a0ea5c099db913000000000fb97c0d","height":176,"job_id":"179","seed_hash":"3dbdba2aca8842cd3e02c7d8c72078f77ff132cc3c84a7f8b87891d0cc106141","target":"e0bc9a7856341200"}}
1791517642754 0c3be847 < {"id":253,"jsonrpc":"2.0","method":"submit","params":{"id":"0c3be847","job_id":"179","nonce":"66020000","result":"250f46047012f7a98a83974b7c48bd437ea5268ce034e73a005dc6e118a50900","algo":"rx/blacksilk"}}
1791517643845 0c3be847 > {"error":null,"id":253,"jsonrpc":"2.0","result":{"status":"OK"}}
1791517643866 0c3be847 > {"jsonrpc":"2.0","method":"job","params":{"algo":"rx/blacksilk","blob":"4253696c6b2f31524684948eed08b3545504e1101f75d72f2596e063f2820a19ad7cd9270a2c6600000000288273fd","height":177,"job_id":"180","seed_hash":"3dbdba2aca8842cd3e02c7d8c72078f77ff132cc3c84a7f8b87891d0cc106141","target":"e0bc9a7856341200"}}
1791517643937 0c3be847 < {"id":254,"jsonrpc":"2.0","method":"submit","params":{"id":"0c3be847","job_id":"180","nonce":"14800000","result":"14493e10871761848d4befff26fb0855e6d181dbd059bb63c2a7de6fadb70800","algo":"rx/blacksilk"}}
1791517644951 0c3be847 > {"error":null,"id":254,"jsonrpc":"2.0","result":{"status":"OK"}}
1791517644970 0c3be847 > {"jsonrpc":"2.0","method":"job","params":{"algo":"rx/blacksilk","blob":"4253696c6b2f3137a7ef42b1678752e909d6b7b8a5db563e449470b1b146ac0d1ab299de61d22900000000814cbe45","height":178,"job_id":"181","seed_hash":"3dbdba2aca8842cd3e02c7d8c72078f77ff132cc3c84a7f8b87891d0cc106141","target":"e0bc9a7856341200"}}
1791517649807 0c3be847 < {"id":255,"jsonrpc":"2.0","method":"submit","params":{"id":"0c3be847","job_id":"181","nonce":"52850100","result":"7f4aff1177eb140fbc9c0cb02352de18a5648216e18bb02b6c0be30daebd0000","algo":"rx/blacksilk"}}
1791517650889 0c3be847 > {"error":null,"id":255,"jsonrpc":"2.0","result":{"status":"OK"}}
1791517650912 0c3be847 > {"jsonrpc":"2.0","method":"job","params":{"algo":"rx/blacksilk","blob":"4253696c6b2f31ad951617a9211f91fcd59c4b75517415fd011cf92aa6b065f7098a938ed20f670000000031a62620","height":179,"job_id":"182","seed_hash":"3dbdba2aca8842cd3e02c7d8c72078f77ff132cc3c84a7f8b87891d0cc106141","target":"e0bc9a7856341200"}}
1791517654724 0c3be847 < {"id":256,"jsonrpc":"2.0","method":"submit","params":{"id":"0c3be847","job_id":"182","nonce":"5e840100","result":"9f945af44a7b330f05a4f6b9013877020256833a0db686496f98104365211000","algo":"rx/blacksilk"}}
1791517655773 0c3be847 > {"error":null,"id":256,"jsonrpc":"2.0","result":{"status":"OK"}}
1791517655774 0c3be847 > {"jsonrpc":"2.0","method":"job","params":{"algo":"rx/blacksilk","blob":"4253696c6b2f31a9a77717cef207ddb8ec5136f6acd1534c0470a847dd38d61dbb7ccf5838629000000000de2ba318","height":180,"job_id":"183","seed_hash":"3dbdba2aca8842cd3e02c7d8c72078f77ff132cc3c84a7f8b87891d0cc106141","target":"e0bc9a7856341200"}}
1791517665367 0c3be847 < {"id":257,"jsonrpc":"2.0","method":"submit","params":{"id":"0c3be847","job_id":"183","nonce":"c10a0100","result":"6e04a7d2c744815e5c9c2439e095812bd0d3d58580ae6157de188d783b7c0f00","algo":"rx/blacksilk"}}
1791517666437 0c3be847 > {"error":null,"id":257,"jsonrpc":"2.0","result":{"status":"OK"}}
1791517666452 0c3be847 > {"jsonrpc":"2.0","method":"job","params":{"algo":"rx/blacksilk","blob":"4253696c6b2f311d199b782d9395117d33045b76338583e2d668cc52c861bec16357192bcec9ea00000000c464fb62","height":181,"job_id":"184","seed_hash":"3dbdba2aca8842cd3e02c7d8c72078f77ff132cc3c84a7f8b87891d0cc106141","target":"e0bc9a7856341200"}}
1791517666691 0c3be847 < {"id":258,"jsonrpc":"2.0","method":"submit","params":{"id":"0c3be847","job_id":"184","nonce":"47000100","result":"4e1468f1e069c1734ba9c818236491ba448bb1c4c40bae449edb2cf35ee61000","algo":"rx/blacksilk"}}
1791517667500 0c3be847 < {"id":259,"jsonrpc":"2.0","method":"submit","params":{"id":"0c3be847","job_id":"184","nonce":"0e810000","result":"f5e254aa54a50917fc52cd10ad5bd2f1051e96fb8bde78a0715cb35e46d60300","algo":"rx/blacksilk"}}
1791517667804 0c3be847 > {"error":null,"id":258,"jsonrpc":"2.0","result":{"status":"OK"}}
1791517667822 0c3be847 > {"jsonrpc":"2.0","method":"job","params":{"algo":"rx/blacksilk","blob":"4253696c6b2f31fb5720a3cf2220c075bd42976b611af6e655594d5747a723376e02cef2265d7f000000005d25297f","height":182,"job_id":"185","seed_hash":"3dbdba2aca8842cd3e02c7d8c72078f77ff132cc3c84a7f8b87891d0cc106141","target":"e0bc9a7856341200"}}
1791517668146 0c3be847 < {"id":260,"jsonrpc":"2.0","method":"submit","params":{"id":"0c3be847","job_id":"185","nonce":"54800000","result":"4b3a12497c9eb632694e45ebcb64896325a2ab20d03245e6b97e347cf8220000","algo":"rx/blacksilk"}}
1791517668366 0c3be847 < {"id":261,"jsonrpc":"2.0","method":"submit","params":{"id":"0c3be847","job_id":"185","nonce":"98800000","result":"885783c9d571887f30a092e20a2d84203f0a5f2c1732e7e2d46ac436f3821100","algo":"rx/blacksilk"}}
1791517668875 0c3be847 > {"error":null,"id":259,"jsonrpc":"2.0","result":{"status":"OK_OFF_BEST_CHAIN"}}
1791517669910 0c3be847 > {"error":null,"id":260,"jsonrpc":"2.0","result":{"status":"OK"}}
1791517669940 0c3be847 > {"jsonrpc":"2.0","method":"job","params":{"algo":"rx/blacksilk","blob":"4253696c6b2f3122c800d3c6c15f7bff51033abfa534364f72c2440b39e9f20a9e170ac7f9bb5f0000000072d99a50","height":183,"job_id":"186","seed_hash":"3dbdba2aca8842cd3e02c7d8c72078f77ff132cc3c84a7f8b87891d0cc106141","target":"e0bc9a7856341200"}}
1791517670571 0c3be847 < {"id":262,"jsonrpc":"2.0","method":"submit","params":{"id":"0c3be847","job_id":"186","nonce":"a8800100","result":"f16b5cbbee08d9715634e108197acea8c263f78a7666f1afae40bdf2b5dc0b00","algo":"rx/blacksilk"}}
1791517670940 0c3be847 > {"error":null,"id":261,"jsonrpc":"2.0","result":{"status":"OK_OFF_BEST_CHAIN"}}
1791517671949 0c3be847 > {"error":null,"id":262,"jsonrpc":"2.0","result":{"status":"OK"}}
1791517671959 0c3be847 > {"jsonrpc":"2.0","method":"job","params":{"algo":"rx/blacksilk","blob":"4253696c6b2f3114bf964311ea085a8f81fd235fe458bd35e3a7dd41bc288b4b021edc7fd5ba0b000000000bd2e4bc","height":184,"job_id":"187","seed_hash":"3dbdba2aca8842cd3e02c7d8c72078f77ff132cc3c84a7f8b87891d0cc106141","target":"e0bc9a7856341200"}}
1791517684238 0c3be847 < {"id":263,"jsonrpc":"2.0","method":"submit","params":{"id":"0c3be847","job_id":"187","nonce":"5f8e0000","result":"89b5c2f73da5c9da60401e2b9f43dc8bc3dd9bd1e3f2985e2670852c00070800","algo":"rx/blacksilk"}}
1791517685350 0c3be847 > {"error":null,"id":263,"jsonrpc":"2.0","result":{"status":"OK"}}
1791517685381 0c3be847 > {"jsonrpc":"2.0","method":"job","params":{"algo":"rx/blacksilk","blob":"4253696c6b2f31344b256e9f52b83865ce5e09e9d9aff260091a8825310bad5342a17fb8d2d90c00000000a08c3b08","height":185,"job_id":"188","seed_hash":"3dbdba2aca8842cd3e02c7d8c72078f77ff132cc3c84a7f8b87891d0cc106141","target":"e0bc9a7856341200"}}
1791517688007 0c3be847 < {"id":264,"jsonrpc":"2.0","method":"submit","params":{"id":"0c3be847","job_id":"188","nonce":"09030100","result":"0e9a9e3b93175f2dc526e92b0087ce4f688a0ddaff065bbcf56d94b6dff40d00","algo":"rx/blacksilk"}}
1791517689044 0c3be847 > {"error":null,"id":264,"jsonrpc":"2.0","result":{"status":"OK"}}
1791517689044 0c3be847 > {"jsonrpc":"2.0","method":"job","params":{"algo":"rx/blacksilk","blob":"4253696c6b2f31e6de1fc0423e186c06f977f66ff6cfb0d2a15fa2ef914a2e28042c54fbde9c9b00000000e77a971c","height":186,"job_id":"189","seed_hash":"3dbdba2aca8842cd3e02c7d8c72078f77ff132cc3c84a7f8b87891d0cc106141","target":"e0bc9a7856341200"}}
1791517698845 0c3be847 < {"id":265,"jsonrpc":"2.0","method":"submit","params":{"id":"0c3be847","job_id":"189","nonce":"6b0b0100","result":"d0474902a1b60eda0064240e574d31c8fe3c8d3bbd76f734d0523dcf89090a00","algo":"rx/blacksilk"}}
1791517699918 0c3be847 > {"error":null,"id":265,"jsonrpc":"2.0","result":{"status":"OK"}}
1791517699938 0c3be847 > {"jsonrpc":"2.0","method":"job","params":{"algo":"rx/blacksilk","blob":"4253696c6b2f3115a4fa247522bf1d3a60c33b070c52da7622266da29aecc746b0885050f8d9fa0000000094ae99e5","height":187,"job_id":"190","seed_hash":"3dbdba2aca8842cd3e02c7d8c72078f77ff132cc3c84a7f8b87891d0cc106141","target":"e0bc9a7856341200"}}
1791517703571 0c3be847 < {"id":266,"jsonrpc":"2.0","method":"submit","params":{"id":"0c3be847","job_id":"190","nonce":"47840100","result":"fb01d3cd7f6e5a9666f7cb07463d322e79dae2b42bb7613cc63b8b7b36fc0000","algo":"rx/blacksilk"}}
1791517704644 0c3be847 > {"error":null,"id":266,"jsonrpc":"2.0","result":{"status":"OK"}}
1791517704661 0c3be847 > {"jsonrpc":"2.0","method":"job","params":{"algo":"rx/blacksilk","blob":"4253696c6b2f310427f77ef0631afc16871e297f530156339467ea1f98c4faed62e9da6cd1a98d00000000f3c652cf","height":188,"job_id":"191","seed_hash":"3dbdba2aca8842cd3e02c7d8c72078f77ff132cc3c84a7f8b87891d0cc106141","target":"e0bc9a7856341200"}}
1791517717578 0c3be847 < {"id":267,"jsonrpc":"2.0","method":"submit","params":{"id":"0c3be847","job_id":"191","nonce":"2d0f0000","result":"6dacc4c231cc93399f50ce80803b05b3a4cf1073cbbcf3459dcee4b0f20e0b00","algo":"rx/blacksilk"}}
1791517718633 0c3be847 > {"error":null,"id":267,"jsonrpc":"2.0","result":{"status":"OK"}}
1791517718651 0c3be847 > {"jsonrpc":"2.0","method":"job","params":{"algo":"rx/blacksilk","blob":"4253696c6b2f31904df3a7b5a6ce0fb67d8a6d2fe44cf4b506569311edaa93104b9a8d0b7d0cc700000000ff9f1241","height":189,"job_id":"192","seed_hash":"3dbdba2aca8842cd3e02c7d8c72078f77ff132cc3c84a7f8b87891d0cc106141","target":"e0bc9a7856341200"}}
1791517724449 0c3be847 < {"id":268,"jsonrpc":"2.0","method":"submit","params":{"id":"0c3be847","job_id":"192","nonce":"d7860000","result":"afe4cc625ecd08796902d90278b28c6ca2f15b5532e42526c0698749560d0100","algo":"rx/blacksilk"}}
1791517725498 0c3be847 > {"error":null,"id":268,"jsonrpc":"2.0","result":{"status":"OK"}}
1791517725498 0c3be847 > {"jsonrpc":"2.0","method":"job","params":{"algo":"rx/blacksilk","blob":"4253696c6b2f31a120a35039d45910ee4405452a99b27fd18ce1732494bbf577362c448f5b657700000000f569d3a5","height":190,"job_id":"193","seed_hash":"3dbdba2aca8842cd3e02c7d8c72078f77ff132cc3c84a7f8b87891d0cc106141","target":"e0bc9a7856341200"}}
1791517737017 0c3be847 < {"id":269,"jsonrpc":"2.0","method":"submit","params":{"id":"0c3be847","job_id":"193","nonce":"588d0000","result":"84ddfc4d3e4fff52edb31a7c0a504f1f50e85ad328c57d4ababbf7cd24b50100","algo":"rx/blacksilk"}}
1791517738085 0c3be847 > {"error":null,"id":269,"jsonrpc":"2.0","result":{"status":"OK"}}
1791517738115 0c3be847 > {"jsonrpc":"2.0","method":"job","params":{"algo":"rx/blacksilk","blob":"4253696c6b2f31a9ac19f32681ac89193ba644f2b9801b7f61c49143ac44007db1c1114b97d75f00000000e2d66428","height":191,"job_id":"194","seed_hash":"3dbdba2aca8842cd3e02c7d8c72078f77ff132cc3c84a7f8b87891d0cc106141","target":"e0bc9a7856341200"}}
1791517742085 0c3be847 < {"id":270,"jsonrpc":"2.0","method":"submit","params":{"id":"0c3be847","job_id":"194","nonce":"8e840100","result":"0a8943f9ef085e5ae0c720db4e565106e8056314f9be2e89744709e9306f0700","algo":"rx/blacksilk"}}
1791517743135 0c3be847 > {"error":null,"id":270,"jsonrpc":"2.0","result":{"status":"OK"}}
1791517743155 0c3be847 > {"jsonrpc":"2.0","method":"job","params":{"algo":"rx/blacksilk","blob":"4253696c6b2f31f482b72d3a8f546baca8fb0a333ef943080574e69567ba74f3bc7953d1d517b100000000a82b0e64","height":192,"job_id":"195","seed_hash":"3dbdba2aca8842cd3e02c7d8c72078f77ff132cc3c84a7f8b87891d0cc106141","target":"e0bc9a7856341200"}}
1791517747059 0c3be847 < {"id":271,"jsonrpc":"2.0","method":"submit","params":{"id":"0c3be847","job_id":"195","nonce":"74040100","result":"1b42f288e42a925c396ee9d92481fe81ece211102310204cd91e917b2f4d0500","algo":"rx/blacksilk"}}
1791517748108 0c3be847 > {"error":null,"id":271,"jsonrpc":"2.0","result":{"status":"OK"}}
1791517748130 0c3be847 > {"jsonrpc":"2.0","method":"job","params":{"algo":"rx/blacksilk","blob":"4253696c6b2f31bb3fd49b7936f3095ea62e10659f25536b059976242ae9e85613cd55b03476f5000000005fc9aae3","height":193,"job_id":"196","seed_hash":"3dbdba2aca8842cd3e02c7d8c72078f77ff132cc3c84a7f8b87891d0cc106141","target":"e0bc9a7856341200"}}
1791517749101 0c3be847 < {"id":272,"jsonrpc":"2.0","method":"submit","params":{"id":"0c3be847","job_id":"196","nonce":"19810000","result":"8002cc2409e15c50ff33ae743687d7a898ab0b977a6ccf4a5d79ac7a3df80c00","algo":"rx/blacksilk"}}
1791517750140 0c3be847 > {"error":null,"id":272,"jsonrpc":"2.0","result":{"status":"OK"}}
1791517750163 0c3be847 > {"jsonrpc":"2.0","method":"job","params":{"algo":"rx/blacksilk","blob":"4253696c6b2f3110c49803a59aceab942a1d762e602a2d5b2c4d49aa64a295ef0b951126365ba3000000009e7c10df","height":194,"job_id":"197","seed_hash":"3dbdba2aca8842cd3e02c7d8c72078f77ff132cc3c84a7f8b87891d0cc106141","target":"e0bc9a7856341200"}}
1791517752844 0c3be847 < {"id":273,"jsonrpc":"2.0","method":"submit","params":{"id":"0c3be847","job_id":"197","nonce":"33830100","result":"923c06d98c839f0f0948dfed930fc326e1e5dc96f11ba780acc0923f0abf1000","algo":"rx/blacksilk"}}
1791517753846 0c3be847 > {"error":null,"id":273,"jsonrpc":"2.0","result":{"status":"OK"}}
1791517753846 0c3be847 > {"jsonrpc":"2.0","method":"job","params":{"algo":"rx/blacksilk","blob":"4253696c6b2f315e8d74a6aae38c489a9bdca86a5d45533668bc2ad8faf8d2d24e8330a393bebc000000005a24df94","height":195,"job_id":"198","seed_hash":"3dbdba2aca8842cd3e02c7d8c72078f77ff132cc3c84a7f8b87891d0cc106141","target":"e0bc9a7856341200"}}
1791517759597 0c3be847 < {"id":274,"jsonrpc":"2.0","method":"submit","params":{"id":"0c3be847","job_id":"198","nonce":"8c060100","result":"9e9d8c6cf20ef52774255c3302473935d4ce41eaa0aaa3f96eb5edeaed970200","algo":"rx/blacksilk"}}
1791517760329 0c3be847 < {"id":275,"jsonrpc":"2.0","method":"submit","params":{"id":"0c3be847","job_id":"198","nonce":"63070000","result":"07b36fd80ce9d5e29b9efc9c1fd122939d9bf185028e371d71711451cbd70900","algo":"rx/blacksilk"}}
1791517760620 0c3be847 > {"error":null,"id":274,"jsonrpc":"2.0","result":{"status":"OK"}}
1791517760649 0c3be847 > {"jsonrpc":"2.0","method":"job","params":{"algo":"rx/blacksilk","blob":"4253696c6b2f31cc15a68048df50f4d7f457f7c49c053665d831cc42744adf2b19735fed21b239000000001769a1b0","height":196,"job_id":"199","seed_hash":"3dbdba2aca8842cd3e02c7d8c72078f77ff132cc3c84a7f8b87891d0cc106141","target":"e0bc9a7856341200"}}
1791517761667 0c3be847 > {"error":null,"id":275,"jsonrpc":"2.0","result":{"status":"OK_OFF_BEST_CHAIN"}}
1791517763166 0c3be847 < {"id":276,"jsonrpc":"2.0","method":"submit","params":{"id":"0c3be847","job_id":"199","nonce":"dc820000","result":"3381239a5b57641835d0b314e083cc8c90f7f88a5a34615ae22e791f696d0600","algo":"rx/blacksilk"}}
1791517764187 0c3be847 > {"error":null,"id":276,"jsonrpc":"2.0","result":{"status":"OK"}}
1791517764202 0c3be847 > {"jsonrpc":"2.0","method":"job","params":{"algo":"rx/blacksilk","blob":"4253696c6b2f31be9cab220037e66d0158a240f9ddbc834bde9409cbca842bcabf7b145b8e6d2200000000225ff77f","height":197,"job_id":"200","seed_hash":"3dbdba2aca8842cd3e02c7d8c72078f77ff132cc3c84a7f8b87891d0cc106141","target":"e0bc9a7856341200"}}
1791517766803 0c3be847 < {"id":277,"jsonrpc":"2.0","method":"submit","params":{"id":"0c3be847","job_id":"200","nonce":"11830100","result":"70dd847dc1b0f5b41ead0d07a66dfb493c50c9d96ed4a3726cb1cd7eef141100","algo":"rx/blacksilk"}}
1791517767873 0c3be847 > {"error":null,"id":277,"jsonrpc":"2.0","result":{"status":"OK"}}
1791517767895 0c3be847 > {"jsonrpc":"2.0","method":"job","params":{"algo":"rx/blacksilk","blob":"4253696c6b2f31c90a511cbb59441ad4b69f663a12f545c4b959f7280503dafb693cac2c1688e60000000065d39dbe","height":198,"job_id":"201","seed_hash":"3dbdba2aca8842cd3e02c7d8c72078f77ff132cc3c84a7f8b87891d0cc106141","target":"e0bc9a7856341200"}}
1791517767899 0c3be847 < {"id":278,"jsonrpc":"2.0","method":"submit","params":{"id":"0c3be847","job_id":"200","nonce":"4b040100","result":"0e17e990ed89ef97fe35b0dab2a616a2f5348c5288c303f22b28c082397d0500","algo":"rx/blacksilk"}}
1791517767899 0c3be847 > {"error":{"code":-1,"message":"Stale job"},"id":278,"jsonrpc":"2.0","result":null}
1791517769293 0c3be847 < {"id":279,"jsonrpc":"2.0","method":"submit","params":{"id":"0c3be847","job_id":"201","nonce":"a0010000","result":"37d88f02b7b6962ef2cd83482147463ceabe6082b30f543f8545e3a3908e0e00","algo":"rx/blacksilk"}}
1791517770346 0c3be847 > {"error":null,"id":279,"jsonrpc":"2.0","result":{"status":"OK"}}
1791517770365 0c3be847 > {"jsonrpc":"2.0","method":"job","params":{"algo":"rx/blacksilk","blob":"4253696c6b2f31794c454bd109f8926777e5a70f8df7591af44dff5e43ffad89490d2286eddcc4000000002f30640f","height":199,"job_id":"202","seed_hash":"3dbdba2aca8842cd3e02c7d8c72078f77ff132cc3c84a7f8b87891d0cc106141","target":"e0bc9a7856341200"}}
1791517771419 0c3be847 < {"id":280,"jsonrpc":"2.0","method":"submit","params":{"id":"0c3be847","job_id":"202","nonce":"3c010100","result":"07203c5c91fe34c73bb36ae6a104b3dc820944ff921a4d380e8c47dd43de0500","algo":"rx/blacksilk"}}
1791517772438 0c3be847 > {"error":null,"id":280,"jsonrpc":"2.0","result":{"status":"OK"}}
1791517772439 0c3be847 > {"jsonrpc":"2.0","method":"job","params":{"algo":"rx/blacksilk","blob":"4253696c6b2f318df0e7b7c2ef9c39816842839a620d0732c1254fe31ba589f68dfb0d1625f6e00000000049a5ef4d","height":200,"job_id":"203","seed_hash":"3dbdba2aca8842cd3e02c7d8c72078f77ff132cc3c84a7f8b87891d0cc106141","target":"e0bc9a7856341200"}}
1791517776850 0c3be847 < {"id":281,"jsonrpc":"2.0","method":"submit","params":{"id":"0c3be847","job_id":"203","nonce":"06850100","result":"ba8b64cdd97f2eb9c6a9465d6ec740e6bfcfeea79a720e8dcdd8771d46ff0000","algo":"rx/blacksilk"}}
1791517777896 0c3be847 > {"error":null,"id":281,"jsonrpc":"2.0","result":{"status":"OK"}}
1791517777926 0c3be847 > {"jsonrpc":"2.0","method":"job","params":{"algo":"rx/blacksilk","blob":"4253696c6b2f3100cee0b976f996a831d4503f3f03c5743d2586fb7e94a2594e49b287f1f5eb0400000000b4702571","height":201,"job_id":"204","seed_hash":"3dbdba2aca8842cd3e02c7d8c72078f77ff132cc3c84a7f8b87891d0cc106141","target":"e0bc9a7856341200"}}
1791517785108 0c3be847 < {"id":282,"jsonrpc":"2.0","method":"submit","params":{"id":"0c3be847","job_id":"204","nonce":"41880000","result":"12d73eb906a35a52ea45978b6fba684148356eb79cdaa1adc6da31bc8d990100","algo":"rx/blacksilk"}}
1791517786129 0c3be847 > {"error":null,"id":282,"jsonrpc":"2.0","result":{"status":"OK"}}
1791517786154 0c3be847 > {"jsonrpc":"2.0","method":"job","params":{"algo":"rx/blacksilk","blob":"4253696c6b2f313b095ddfccfa7ddbada67dd22d9986d50ab1732b3115af9c47d2fdef75f200720000000068fd6309","height":202,"job_id":"205","seed_hash":"3dbdba2aca8842cd3e02c7d8c72078f77ff132cc3c84a7f8b87891d0cc106141","target":"e0bc9a7856341200"}}
1791517787238 0c3be847 < {"id":283,"jsonrpc":"2.0","method":"submit","params":{"id":"0c3be847","job_id":"205","nonce":"3b810100","result":"8260643aab5336e7bed88dcf24b9159447c8689e7d1e30423a4224e498840600","algo":"rx/blacksilk"}}
1791517788326 0c3be847 > {"error":null,"id":283,"jsonrpc":"2.0","result":{"status":"OK"}}
1791517788342 0c3be847 > {"jsonrpc":"2.0","method":"job","params":{"algo":"rx/blacksilk","blob":"4253696c6b2f31488025662231cd7966209e73033e171d6034007f59ca8ec4b759235531910f8f000000003a92c610","height":203,"job_id":"206","seed_hash":"3dbdba2aca8842cd3e02c7d8c72078f77ff132cc3c84a7f8b87891d0cc106141","target":"e0bc9a7856341200"}}
1791517793698 0c3be847 < {"id":284,"jsonrpc":"2.0","method":"submit","params":{"id":"0c3be847","job_id":"206","nonce":"32060100","result":"294a57a10b8352eae59fccb5ed19d49411176434d3ae181b1ef6e4698c010600","algo":"rx/blacksilk"}}
1791517794757 0c3be847 > {"error":null,"id":284,"jsonrpc":"2.0","result":{"status":"OK"}}
1791517794757 0c3be847 > {"jsonrpc":"2.0","method":"job","params":{"algo":"rx/blacksilk","blob":"4253696c6b2f31ae7100801af0eedfc5f9400f4ba37737372a51b60861f525c7b5751343be95cc000000005879c707","height":204,"job_id":"207","seed_hash":"3dbdba2aca8842cd3e02c7d8c72078f77ff132cc3c84a7f8b87891d0cc106141","target":"e0bc9a7856341200"}}
1791517794805 0c3be847 < {"id":285,"jsonrpc":"2.0","method":"submit","params":{"id":"0c3be847","job_id":"207","nonce":"0d000000","result":"ae80674b261902614a82b12c345b929ceda33216c227ec5ca07c337820b60100","algo":"rx/blacksilk"}}
1791517795878 0c3be847 > {"error":null,"id":285,"jsonrpc":"2.0","result":{"status":"OK"}}
1791517795878 0c3be847 > {"jsonrpc":"2.0","method":"job","params":{"algo":"rx/blacksilk","blob":"4253696c6b2f31cd7d7cb2e8768d900cfd5d4ca933770a74727e5e093edd8838e784f5165197db00000000ce20fad3","height":205,"job_id":"208","seed_hash":"3dbdba2aca8842cd3e02c7d8c72078f77ff132cc3c84a7f8b87891d0cc106141","target":"e0bc9a7856341200"}}
1791517796538 0c3be847 < {"id":286,"jsonrpc":"2.0","method":"submit","params":{"id":"0c3be847","job_id":"208","nonce":"c2800000","result":"e25e9b6bff689792179fc060010ed27d5a487aed95fbd5a317a5dff920670d00","algo":"rx/blacksilk"}}
1791517797559 0c3be847 > {"error":null,"id":286,"jsonrpc":"2.0","result":{"status":"OK"}}
1791517797571 0c3be847 > {"jsonrpc":"2.0","method":"job","params":{"algo":"rx/blacksilk","blob":"4253696c6b2f3160719bf9f6a5738fcc804e7404412cc6dab31c28314ed278f0339f9de064f4730000000017134070","height":206,"job_id":"209","seed_hash":"3dbdba2aca8842cd3e02c7d8c72078f77ff132cc3c84a7f8b87891d0cc106141","target":"e0bc9a7856341200"}}
1791517799989 0c3be847 < {"id":287,"jsonrpc":"2.0","method":"submit","params":{"id":"0c3be847","job_id":"209","nonce":"c0820100","result":"461dea24fe53b0cfccd8c54b079b6609eb3e6a7862be92b1534c958b392d0e00","algo":"rx/blacksilk"}}
1791517801012 0c3be847 > {"error":null,"id":287,"jsonrpc":"2.0","result":{"status":"OK"}}
1791517801030 0c3be847 > {"jsonrpc":"2.0","method":"job","params":{"algo":"rx/blacksilk","blob":"4253696c6b2f318f2034fbd80dce12fb6369b20c233f29bc3290a04165b0a48621abf1497e0e11000000004aeda347","height":207,"job_id":"210","seed_hash":"3dbdba2aca8842cd3e02c7d8c72078f77ff132cc3c84a7f8b87891d0cc106141","target":"e0bc9a7856341200"}}
1791517802004 0c3be847 < {"id":288,"jsonrpc":"2.0","method":"submit","params":{"id":"0c3be847","job_id":"210","nonce":"22810000","result":"801632cc1156cbc4647dbc2b3cb472d65bca18cdbd9cc4258388e91248990700","algo":"rx/blacksilk"}}
1791517803031 0c3be847 > {"error":null,"id":288,"jsonrpc":"2.0","result":{"status":"OK"}}
1791517803062 0c3be847 > {"jsonrpc":"2.0","method":"job","params":{"algo":"rx/blacksilk","blob":"4253696c6b2f3114baacddf4aa4ede0695951f0d671425db02d88e7530a5b7ef200db75c8e4408000000005f497e9f","height":208,"job_id":"211","seed_hash":"3dbdba2aca8842cd3e02c7d8c72078f77ff132cc3c84a7f8b87891d0cc106141","target":"e0bc9a7856341200"}}
1791517803821 0c3be847 < {"id":289,"jsonrpc":"2.0","method":"submit","params":{"id":"0c3be847","job_id":"211","nonce":"d6800000","result":"be9b7d871afa559402c910d8d00ffd0aeb7d32305ad66386e196e62988820900","algo":"rx/blacksilk"}}
1791517804870 0c3be847 > {"error":null,"id":289,"jsonrpc":"2.0","result":{"status":"OK"}}
1791517804870 0c3be847 > {"jsonrpc":"2.0","method":"job","params":{"algo":"rx/blacksilk","blob":"4253696c6b2f3111b6c64de2474bb7a7effb733d65a741038979134f27523f44d741f67531e00900000000aecab5f1","height":209,"job_id":"212","seed_hash":"3dbdba2aca8842cd3e02c7d8c72078f77ff132cc3c84a7f8b87891d0cc106141","target":"e0bc9a7856341200"}}
1791517804877 0c3be847 < {"id":290,"jsonrpc":"2.0","method":"submit","params":{"id":"0c3be847","job_id":"212","nonce":"00000100","result":"bc9c5256cef4d38d75948f2b40b59894b42a197cc45077bffe77c15e5f5a1000","algo":"rx/blacksilk"}}
1791517805706 0c3be847 < {"id":291,"jsonrpc":"2.0","method":"submit","params":{"id":"0c3be847","job_id":"212","nonce":"f3000000","result":"1e980e9350e617e32ac85115352c53357a8bcb40514d041abe9cdac58e970a00","algo":"rx/blacksilk"}}
1791517805958 0c3be847 > {"error":null,"id":290,"jsonrpc":"2.0","result":{"status":"OK"}}
1791517805986 0c3be847 > {"jsonrpc":"2.0","method":"job","params":{"algo":"rx/blacksilk","blob":"4253696c6b2f31992358325467725a6a540985375f96bf2e2225a52082e3072fe7a493bfefe2830000000023ac56f3","height":210,"job_id":"213","seed_hash":"3dbdba2aca8842cd3e02c7d8c72078f77ff132cc3c84a7f8b87891d0cc106141","target":"e0bc9a7856341200"}}
1791517806964 0c3be847 > {"error":null,"id":291,"jsonrpc":"2.0","result":{"status":"OK_OFF_BEST_CHAIN"}}
1791517810896 0c3be847 < {"id":292,"jsonrpc":"2.0","method":"submit","params":{"id":"0c3be847","job_id":"213","nonce":"b0850100","result":"7c8152d19187db2c749367d87e1f89de3a0dc35e6eb4e2653ead61224ab10800","algo":"rx/blacksilk"}}
1791517811947 0c3be847 > {"error":null,"id":292,"jsonrpc":"2.0","result":{"status":"OK"}}
1791517811979 0c3be847 > {"jsonrpc":"2.0","method":"job","params":{"algo":"rx/blacksilk","blob":"4253696c6b2f31222044af2d67580510c6b62a47161fc78b0942fa3e81de47caa496ec3df17a1900000000fb4281a8","height":211,"job_id":"214","seed_hash":"3dbdba2aca8842cd3e02c7d8c72078f77ff132cc3c84a7f8b87891d0cc106141","target":"e0bc9a7856341200"}}
1791517812274 0c3be847 < {"id":293,"jsonrpc":"2.0","method":"submit","params":{"id":"0c3be847","job_id":"214","nonce":"59000000","result":"330eca698835182066bebafd90ffd79b5e9484926f784b1b2c921129b2290e00","algo":"rx/blacksilk"}}
1791517812858 0c3be847 < {"id":294,"jsonrpc":"2.0","method":"submit","params":{"id":"0c3be847","job_id":"214","nonce":"07810100","result":"851f6d0c151f6726129333265c69c1c9dd47cf75ea1eb3dafd19381885ea0d00","algo":"rx/blacksilk"}}
1791517813353 0c3be847 > {"error":null,"id":293,"jsonrpc":"2.0","result":{"status":"OK"}}
1791517813354 0c3be847 > {"jsonrpc":"2.0","method":"job","params":{"algo":"rx/blacksilk","blob":"4253696c6b2f31b534f9dec3ec3785f618f7db62afea8b02bdcb984797c383dfbad08c091467ce0000000022d1e64a","height":212,"job_id":"215","seed_hash":"3dbdba2aca8842cd3e02c7d8c72078f77ff132cc3c84a7f8b87891d0cc106141","target":"e0bc9a7856341200"}}
1791517814441 0c3be847 > {"error":null,"id":294,"jsonrpc":"2.0","result":{"status":"OK_OFF_BEST_CHAIN"}}
1791517815608 0c3be847 < {"id":295,"jsonrpc":"2.0","method":"submit","params":{"id":"0c3be847","job_id":"215","nonce":"8e820000","result":"3e7fde9a667e3fadca5bdfdcf4068845e5e40050cdefdb9616a5f4ec75230000","algo":"rx/blacksilk"}}
1791517816630 0c3be847 > {"error":null,"id":295,"jsonrpc":"2.0","result":{"status":"OK"}}
1791517816652 0c3be847 > {"jsonrpc":"2.0","method":"job","params":{"algo":"rx/blacksilk","blob":"4253696c6b2f3159e5024e5c942265ae0747f59298a924a48a55bec237d4ffd55bff54317fc0000000000013a2b66e","height":213,"job_id":"216","seed_hash":"3dbdba2aca8842cd3e02c7d8c72078f77ff132cc3c84a7f8b87891d0cc106141","target":"e0bc9a7856341200"}}
1791517819335 0c3be847 < {"id":296,"jsonrpc":"2.0","method":"submit","params":{"id":"0c3be847","job_id":"216","nonce":"13030100","result":"5cc11aad27ef871881ab5cb24db24300f954ef1df610254672f4bcc222e90800","algo":"rx/blacksilk"}}
1791517820414 0c3be847 > {"error":null,"id":296,"jsonrpc":"2.0","result":{"status":"OK"}}
1791517820414 0c3be847 > {"jsonrpc":"2.0","method":"job","params":{"algo":"rx/blacksilk","blob":"4253696c6b2f31136e02029168c110b31c7a4275a3085f887d5fcda8590d7a38bddc9796bb6f930000000075a8a7c4","height":214,"job_id":"217","seed_hash":"3dbdba2aca8842cd3e02c7d8c72078f77ff132cc3c84a7f8b87891d0cc106141","target":"e0bc9a7856341200"}}
1791517821853 0c3be847 < {"id":297,"jsonrpc":"2.0","method":"submit","params":{"id":"0c3be847","job_id":"217","nonce":"a6010100","result":"6c3a15ebc9931e5153cea0c2638a07fadf54eb194bf94149c35e3451102f1100","algo":"rx/blacksilk"}}
1791517822901 0c3be847 > {"error":null,"id":297,"jsonrpc":"2.0","result":{"status":"OK"}}
1791517822929 0c3be847 > {"jsonrpc":"2.0","method":"job","params":{"algo":"rx/blacksilk","blob":"4253696c6b2f319d89af91f0b747930daf5453ac230ee6211a71fe87a2fb8cce8a0adc4bf27ddd00000000cc6d6d70","height":215,"job_id":"218","seed_hash":"3dbdba2aca8842cd3e02c7d8c72078f77ff132cc3c84a7f8b87891d0cc106141","target":"e0bc9a7856341200"}}
1791517829255 0c3be847 < {"id":298,"jsonrpc":"2.0","method":"submit","params":{"id":"0c3be847","job_id":"218","nonce":"79870000","result":"8b56594e6fac1c63ebb4c26d702714b6da9dbf645f62ee4c8bdcff1999ac0900","algo":"rx/blacksilk"}}
1791517829888 0c3be847 < {"id":299,"jsonrpc":"2.0","method":"submit","params":{"id":"0c3be847","job_id":"218","nonce":"2a880100","result":"ecda9e786cb01ad746d0b36259b1e05e904b932d2b2ef847561db7bfa9050b00","algo":"rx/blacksilk"}}
1791517830292 0c3be847 > {"error":null,"id":298,"jsonrpc":"2.0","result":{"status":"OK"}}
1791517830309 0c3be847 > {"jsonrpc":"2.0","method":"job","params":{"algo":"rx/blacksilk","blob":"4253696c6b2f312b4a9a46b477c6b14242b7303483216cb3cbca32d0459f70b18bf07063d03d2300000000b79562fd","height":216,"job_id":"219","seed_hash":"3dbdba2aca8842cd3e02c7d8c72078f77ff132cc3c84a7f8b87891d0cc106141","target":"e0bc9a7856341200"}}
1791517831315 0c3be847 > {"error":null,"id":299,"jsonrpc":"2.0","result":{"status":"OK_OFF_BEST_CHAIN"}}
1791517831371 0c3be847 < {"id":300,"jsonrpc":"2.0","method":"submit","params":{"id":"0c3be847","job_id":"219","nonce":"22010000","result":"519792bd2a8eba4fd3a5855ef487cb6b70c6b4a513b243770910fb4e5e150c00","algo":"rx/blacksilk"}}
1791517831775 0c3be847 < {"id":301,"jsonrpc":"2.0","method":"submit","params":{"id":"0c3be847","job_id":"219","nonce":"95010000","result":"e2b76dc9979591b09d23c48b69a2ef3be779d8725b43afcbf148f6401ce50b00","algo":"rx/blacksilk"}}
1791517832406 0c3be847 > {"error":null,"id":300,"jsonrpc":"2.0","result":{"status":"OK"}}
1791517832427 0c3be847 > {"jsonrpc":"2.0","method":"job","params":{"algo":"rx/blacksilk","blob":"4253696c6b2f313b687a8b5cc1d4e86ceb8b902f6e420b7c9326734eb449f3ee6eb0ebc7c180b300000000a53e553b","height":217,"job_id":"220","seed_hash":"3dbdba2aca8842cd3e02c7d8c72078f77ff132cc3c84a7f8b87891d0cc106141","target":"e0bc9a7856341200"}}
1791517833465 0c3be847 > {"error":null,"id":301,"jsonrpc":"2.0","result":{"status":"OK_OFF_BEST_CHAIN"}}
1791517836084 0c3be847 < {"id":302,"jsonrpc":"2.0","method":"submit","params":{"id":"0c3be847","job_id":"220","nonce":"18840100","result":"a6c79d60adeacfde999ec9302aac9012c55f5cf0875bf394299a4c90d6451000","algo":"rx/blacksilk"}}
1791517837150 0c3be847 > {"error":null,"id":302,"jsonrpc":"2.0","result":{"status":"OK"}}
1791517837169 0c3be847 > {"jsonrpc":"2.0","method":"job","params":{"algo":"rx/blacksilk","blob":"4253696c6b2f31391aab53abfb326e9a7a883f2fb17f91fde4c932721a9d2f72a957b9402af25f00000000c7c0b294","height":218,"job_id":"221","seed_hash":"3dbdba2aca8842cd3e02c7d8c72078f77ff132cc3c84a7f8b87891d0cc106141","target":"e0bc9a7856341200"}}
1791517838861 0c3be847 < {"id":303,"jsonrpc":"2.0","method":"submit","params":{"id":"0c3be847","job_id":"221","nonce":"f7810000","result":"b555ab5fcdc2eef7a1f99276e295b4b9eb3547e1ca40f22d708935d0a0bd0c00","algo":"rx/blacksilk"}}
1791517840014 0c3be847 > {"error":null,"id":303,"jsonrpc":"2.0","result":{"status":"OK"}}
1791517840039 0c3be847 > {"jsonrpc":"2.0","method":"job","params":{"algo":"rx/blacksilk","blob":"4253696c6b2f319851ac0d13595acfd6a2a744869cd0de208d5087bff852f64ac9c792e8861daf00000000c52b9dfd","height":219,"job_id":"222","seed_hash":"3dbdba2aca8842cd3e02c7d8c72078f77ff132cc3c84a7f8b87891d0cc106141","target":"e0bc9a7856341200"}}
1791517843576 0c3be847 < {"id":304,"jsonrpc":"2.0","method":"submit","params":{"id":"0c3be847","job_id":"222","nonce":"20840100","result":"b2eedb4136feef56b2c371499b20d68e6643dc128eac32e2f20c74400f450200","algo":"rx/blacksilk"}}
1791517844625 0c3be847 > {"error":null,"id":304,"jsonrpc":"2.0","result":{"status":"OK"}}
1791517844647 0c3be847 > {"jsonrpc":"2.0","method":"job","params":{"algo":"rx/blacksilk","blob":"4253696c6b2f3173ef4d66dddbfbc248d1106a5bffbcc377b13c55a557498a609f3f27cb417bd8000000000def9a3a","height":220,"job_id":"223","seed_hash":"3dbdba2aca8842cd3e02c7d8c72078f77ff132cc3c84a7f8b87891d0cc106141","target":"e0bc9a7856341200"}}
1791517845626 0c3be847 < {"id":305,"jsonrpc":"2.0","method":"submit","params":{"id":"0c3be847","job_id":"223","nonce":"27810100","result":"4650b6c9376674f61a131faf6208381c5ec9fb3f3e68dea7e6bb92b7afe70d00","algo":"rx/blacksilk"}}
1791517846136 0c3be847 < {"id":306,"jsonrpc":"2.0","method":"submit","params":{"id":"0c3be847","job_id":"223","nonce":"b7810000","result":"eb126ac14571dce9cf5badd5ecd5ec944084df8b289eef8584d98853f4140600","algo":"rx/blacksilk"}}
1791517846628 0c3be847 > {"error":null,"id":305,"jsonrpc":"2.0","result":{"status":"OK"}}
1791517846648 0c3be847 > {"jsonrpc":"2.0","method":"job","params":{"algo":"rx/blacksilk","blob":"4253696c6b2f31888a283844acbe8bc41a12b45b4ef2297937b07aeceb3879838c8b2f119b5cef000000005e28884b","height":221,"job_id":"224","seed_hash":"3dbdba2aca8842cd3e02c7d8c72078f77ff132cc3c84a7f8b87891d0cc106141","target":"e0bc9a7856341200"}}
1791517847699 0c3be847 > {"error":null,"id":306,"jsonrpc":"2.0","result":{"status":"OK_OFF_BEST_CHAIN"}}
1791517849313 0c3be847 < {"id":307,"jsonrpc":"2.0","method":"submit","params":{"id":"0c3be847","job_id":"224","nonce":"f2820000","result":"aebe7cf5b3986e886c8cd9b09ff26d7a357fc08ec3273dadaec4eecb128c0000","algo":"rx/blacksilk"}}
1791517850368 0c3be847 > {"error":null,"id":307,"jsonrpc":"2.0","result":{"status":"OK"}}
1791517850390 0c3be847 > {"jsonrpc":"2.0","method":"job","params":{"algo":"rx/blacksilk","blob":"4253696c6b2f318c3671d9ea96208c2bdf9cac07fbbaa281c03e704a3627c8291e879deda3cd8b00000000ce23fa56","height":222,"job_id":"225","seed_hash":"3dbdba2aca8842cd3e02c7d8c72078f77ff132cc3c84a7f8b87891d0cc106141","target":"e0bc9a7856341200"}}
1791517850754 0c3be847 < {"id":308,"jsonrpc":"2.0","method":"submit","params":{"id":"0c3be847","job_id":"225","nonce":"6b000000","result":"3ce07dc11d3d4721fb9ce4ef9c1206564b890b132c2301ad18f321db7e4a0600","algo":"rx/blacksilk"}}
1791517851069 0c3be847 < {"id":309,"jsonrpc":"2.0","method":"submit","params":{"id":"0c3be847","job_id":"225","nonce":"c5800000","result":"cad7cfd75a395ba297b85d7f47b5738b7590b7c0b23b454f5cacef8fae6f0f00","algo":"rx/blacksilk"}}
1791517851795 0c3be847 > {"error":null,"id":308,"jsonrpc":"2.0","result":{"status":"OK"}}
1791517851795 0c3be847 > {"jsonrpc":"2.0","method":"job","params":{"algo":"rx/blacksilk","blob":"4253696c6b2f3142b46d9eed9320819e6516f897a4498beb33612ef71c81f99164fe1fb2abeba20000000020e64768","height":223,"job_id":"226","seed_hash":"3dbdba2aca8842cd3e02c7d8c72078f77ff132cc3c84a7f8b87891d0cc106141","target":"e0bc9a7856341200"}}
1791517852864 0c3be847 > {"error":null,"id":309,"jsonrpc":"2.0","result":{"status":"OK_OFF_BEST_CHAIN"}}
1791517857422 0c3be847 < {"id":310,"jsonrpc":"2.0","method":"submit","params":{"id":"0c3be847","job_id":"226","nonce":"8b060100","result":"c3d439d5f673f51894373ebf7a4a8156ee37ecbc66b893b722ec595103df1100","algo":"rx/blacksilk"}}
1791517858439 0c3be847 > {"error":null,"id":310,"jsonrpc":"2.0","result":{"status":"OK"}}
1791517858467 0c3be847 > {"jsonrpc":"2.0","method":"job","params":{"algo":"rx/blacksilk","blob":"4253696c6b2f31041e0adf3d27a8d0a10ea83c49c6f2fdb2d4144fc0705092bc880999f3f7214900000000710143c3","height":224,"job_id":"227","seed_hash":"3dbdba2aca8842cd3e02c7d8c72078f77ff132cc3c84a7f8b87891d0cc106141","target":"e0bc9a7856341200"}}
1791517860554 0c3be847 < {"id":311,"jsonrpc":"2.0","method":"submit","params":{"id":"0c3be847","job_id":"227","nonce":"54820000","result":"e68a8023d2a3b01f70a1c599f96a6c91698ca61088cff81efc61a6a38e5a0700","algo":"rx/blacksilk"}}
1791517861585 0c3be847 > {"error":null,"id":311,"jsonrpc":"2.0","result":{"status":"OK"}}
1791517861605 0c3be847 > {"jsonrpc":"2.0","method":"job","params":{"algo":"rx/blacksilk","blob":"4253696c6b2f318ba0fa5ae31cccabc83ce2ba73f01385ee0a6bf7abedc874f99b7630c31c5fab000000004aa640ae","height":225,"job_id":"228","seed_hash":"3dbdba2aca8842cd3e02c7d8c72078f77ff132cc3c84a7f8b87891d0cc106141","target":"e0bc9a7856341200"}}
1791517863904 0c3be847 < {"id":312,"jsonrpc":"2.0","method":"submit","params":{"id":"0c3be847","job_id":"228","nonce":"bf820000","result":"e212ed53f55977a8af7a586b9676c31646530c7766b06df6e4a62dafdd300f00","algo":"rx/blacksilk"}}
1791517864972 0c3be847 > {"error":null,"id":312,"jsonrpc":"2.0","result":{"status":"OK"}}
1791517864992 0c3be847 > {"jsonrpc":"2.0","method":"job","params":{"algo":"rx/blacksilk","blob":"4253696c6b2f31210da7be78d93c0815da8190f9fa3732e1cef7c18c1a6cb5eeefb06bf661d79200000000ce5ac3c5","height":226,"job_id":"229","seed_hash":"3dbdba2aca8842cd3e02c7d8c72078f77ff132cc3c84a7f8b87891d0cc106141","target":"e0bc9a7856341200"}}
1791517867494 0c3be847 < {"id":313,"jsonrpc":"2.0","method":"submit","params":{"id":"0c3be847","job_id":"229","nonce":"e8820000","result":"c7fa4cdd4a5aaf99163d64893ed55613f818d97604c6e2b753500babb2840b00","algo":"rx/blacksilk"}}
1791517868499 0c3be847 > {"error":null,"id":313,"jsonrpc":"2.0","result":{"status":"OK"}}
1791517868517 0c3be847 > {"jsonrpc":"2.0","method":"job","params":{"algo":"rx/blacksilk","blob":"4253696c6b2f31c56125d588b1ef7a593b5c95a97daf8ca7885a1d452d1c3e2c17a602b8e89d1e00000000c36abab8","height":227,"job_id":"230","seed_hash":"3dbdba2aca8842cd3e02c7d8c72078f77ff132cc3c84a7f8b87891d0cc106141","target":"e0bc9a7856341200"}}
1791517869157 0c3be847 < {"id":314,"jsonrpc":"2.0","method":"submit","params":{"id":"0c3be847","job_id":"230","nonce":"bc000000","result":"b5f7950a6bb7b3b69f1710e9db38e39d8fc24f88d696015cbbf92da066f10c00","algo":"rx/blacksilk"}}
1791517869662 0c3be847 < {"id":315,"jsonrpc":"2.0","method":"submit","params":{"id":"0c3be847","job_id":"230","nonce":"3e810000","result":"d398033b330c00cff2f166ef0d99cd8c5c7a78be8db63c68fb297a8fbf6f1000","algo":"rx/blacksilk"}}
1791517870002 0c3be847 < {"id":316,"jsonrpc":"2.0","method":"submit","params":{"id":"0c3be847","job_id":"230","nonce":"a6810100","result":"da2b9e492d127c3db09b63bf299253eb22ffe49f02bcf5b7bd2f6c79cf930c00","algo":"rx/blacksilk"}}
1791517870239 0c3be847 > {"error":null,"id":314,"jsonrpc":"2.0","result":{"status":"OK"}}
1791517870239 0c3be847 > {"jsonrpc":"2.0","method":"job","params":{"algo":"rx/blacksilk","blob":"4253696c6b2f31e86f850a26864b5c506403a225d9471587223514c327574f20d64e3ba7b4e87600000000311e5c93","height":228,"job_id":"231","seed_hash":"3dbdba2aca8842cd3e02c7d8c72078f77ff132cc3c84a7f8b87891d0cc106141","target":"e0bc9a7856341200"}}
1791517871152 0c3be847 < {"id":317,"jsonrpc":"2.0","method":"submit","params":{"id":"0c3be847","job_id":"231","nonce":"0e010100","result":"ed244b354c220717fb3d636666092db1a05ccaf04c6db3a2112529f4a8fb0600","algo":"rx/blacksilk"}}
1791517871332 0c3be847 > {"error":null,"id":315,"jsonrpc":"2.0","result":{"status":"OK_OFF_BEST_CHAIN"}}
1791517872409 0c3be847 > {"error":null,"id":316,"jsonrpc":"2.0","result":{"status":"OK_OFF_BEST_CHAIN"}}
1791517873487 0c3be847 > {"error":null,"id":317,"jsonrpc":"2.0","result":{"status":"OK"}}
1791517873504 0c3be847 > {"jsonrpc":"2.0","method":"job","params":{"algo":"rx/blacksilk","blob":"4253696c6b2f3108be10cfb643bafbfc981a24473b836c030ab01bae1742eb4259dab25908d40900000000b5ad8840","height":229,"job_id":"232","seed_hash":"3dbdba2aca8842cd3e02c7d8c72078f77ff132cc3c84a7f8b87891d0cc106141","target":"e0bc9a7856341200"}}
1791517874505 0c3be847 < {"id":318,"jsonrpc":"2.0","method":"submit","params":{"id":"0c3be847","job_id":"232","nonce":"2f010100","result":"5e9ea29bdfc7a3b161156159df8c2d8f89566977d537e5a0d7615abdb8a11100","algo":"rx/blacksilk"}}
1791517875537 0c3be847 > {"error":null,"id":318,"jsonrpc":"2.0","result":{"status":"OK"}}
1791517875559 0c3be847 > {"jsonrpc":"2.0","method":"job","params":{"algo":"rx/blacksilk","blob":"4253696c6b2f31f552a9a517614c79c0ff4d4f7a5f95bd0b637d85580e75f2260b6b12bf1362b900000000a9ecb0d8","height":230,"job_id":"233","seed_hash":"3dbdba2aca8842cd3e02c7d8c72078f77ff132cc3c84a7f8b87891d0cc106141","target":"e0bc9a7856341200"}}
1791517882834 0c3be847 < {"id":319,"jsonrpc":"2.0","method":"submit","params":{"id":"0c3be847","job_id":"233","nonce":"59880100","result":"d86a5b2b0492c2ca37c3af62d4a98071e842660c4adec7fdf1e0b434c59b0700","algo":"rx/blacksilk"}}
1791517883880 0c3be847 > {"error":null,"id":319,"jsonrpc":"2.0","result":{"status":"OK"}}
1791517883909 0c3be847 > {"jsonrpc":"2.0","method":"job","params":{"algo":"rx/blacksilk","blob":"4253696c6b2f31ee61ea594b86a3b05570cd5f61b56ef6951c6d5adf6c4b69ad9788b191a1c90a000000008da4e8a6","height":231,"job_id":"234","seed_hash":"3dbdba2aca8842cd3e02c7d8c72078f77ff132cc3c84a7f8b87891d0cc106141","target":"e0bc9a7856341200"}}
1791517884390 0c3be847 < {"id":320,"jsonrpc":"2.0","method":"submit","params":{"id":"0c3be847","job_id":"234","nonce":"8e000100","result":"3cf5f809e6618415b86ddf5572c865d11c4119562c4cc4444b9dea94c0de0b00","algo":"rx/blacksilk"}}
1791517885466 0c3be847 > {"error":null,"id":320,"jsonrpc":"2.0","result":{"status":"OK"}}
1791517885494 0c3be847 > {"jsonrpc":"2.0","method":"job","params":{"algo":"rx/blacksilk","blob":"4253696c6b2f313b8305f6a8e3cb7f1ae06b3a3d48e2698ce5d3882c183c78014708bb97c3433f00000000d5e6f17f","height":232,"job_id":"235","seed_hash":"3dbdba2aca8842cd3e02c7d8c72078f77ff132cc3c84a7f8b87891d0cc106141","target":"e0bc9a7856341200"}}
1791517902316 0c3be847 < {"id":321,"jsonrpc":"2.0","method":"submit","params":{"id":"0c3be847","job_id":"235","nonce":"8a930000","result":"a1009e2ae62cea006250524b01a56b6998b0681d561ca048798d8bfa56d40b00","algo":"rx/blacksilk"}}
1791517903372 0c3be847 > {"error":null,"id":321,"jsonrpc":"2.0","result":{"status":"OK"}}
1791517903389 0c3be847 > {"jsonrpc":"2.0","method":"job","params":{"algo":"rx/blacksilk","blob":"4253696c6b2f315fb159c6c28bd2ab7ea2f9edf44054e70ab645d00672d4fe24140aa661017c9800000000524ca981","height":233,"job_id":"236","seed_hash":"3dbdba2aca8842cd3e02c7d8c72078f77ff132cc3c84a7f8b87891d0cc106141","target":"e0bc9a7856341200"}}
1791517907435 0c3be847 < {"id":322,"jsonrpc":"2.0","method":"submit","params":{"id":"0c3be847","job_id":"236","nonce":"b7040000","result":"33f6d54a1fe898dbbb838b5315fe456c0683c1115e5c5f6d2c7a8e7fedb90e00","algo":"rx/blacksilk"}}
1791517908463 0c3be847 > {"error":null,"id":322,"jsonrpc":"2.0","result":{"status":"OK"}}
1791517908481 0c3be847 > {"jsonrpc":"2.0","method":"job","params":{"algo":"rx/blacksilk","blob":"4253696c6b2f31b25840e13f1fc3f84b9182ef38c3f1a65952882a4f3f775479661001cbf5cba500000000c9972845","height":234,"job_id":"237","seed_hash":"3dbdba2aca8842cd3e02c7d8c72078f77ff132cc3c84a7f8b87891d0cc106141","target":"e0bc9a7856341200"}}
1791517908843 0c3be847 < {"id":323,"jsonrpc":"2.0","method":"submit","params":{"id":"0c3be847","job_id":"237","nonce":"6d800100","result":"404278e2f92fe1bad16465fc7b5fd26cae0029a3f7d5720ce4fa6686a3fe0300","algo":"rx/blacksilk"}}
1791517909875 0c3be847 < {"id":324,"jsonrpc":"2.0","method":"submit","params":{"id":"0c3be847","job_id":"237","nonce":"98010100","result":"3c37b709c0bafbb76293cf5fe5582fc128b7d9e40483d630c302953f78b30200","algo":"rx/blacksilk"}}
1791517909892 0c3be847 > {"error":null,"id":323,"jsonrpc":"2.0","result":{"status":"OK"}}
1791517909916 0c3be847 > {"jsonrpc":"2.0","method":"job","params":{"algo":"rx/blacksilk","blob":"4253696c6b2f3118484b5b24bddbbf27a0606beeb252f6f206d700d58e1fb6e0ca23d8ad8e74620000000061014f46","height":235,"job_id":"238","seed_hash":"3dbdba2aca8842cd3e02c7d8c72078f77ff132cc3c84a7f8b87891d0cc106141","target":"e0bc9a7856341200"}}
1791517910930 0c3be847 > {"error":null,"id":324,"jsonrpc":"2.0","result":{"status":"OK_OFF_BEST_CHAIN"}}
1791517915998 0c3be847 < {"id":325,"jsonrpc":"2.0","method":"submit","params":{"id":"0c3be847","job_id":"238","nonce":"05870100","result":"393e5638a8751599f3d743f31b3f52362ddf5bb8b62ad7e97d29066642240400","algo":"rx/blacksilk"}}
1791517917049 0c3be847 > {"error":null,"id":325,"jsonrpc":"2.0","result":{"status":"OK"}}
1791517917076 0c3be847 > {"jsonrpc":"2.0","method":"job","params":{"algo":"rx/blacksilk","blob":"4253696c6b2f3126933393e70d6d86b6705fe77dca9be0e2c62b2ab85d61d52d9ecf28ba9b12b900000000fc10edbf","height":236,"job_id":"239","seed_hash":"3dbdba2aca8842cd3e02c7d8c72078f77ff132cc3c84a7f8b87891d0cc106141","target":"e0bc9a7856341200"}}
1791517917648 0c3be847 < {"id":326,"jsonrpc":"2.0","method":"submit","params":{"id":"0c3be847","job_id":"239","nonce":"a8000000","result":"97f0cd32e6b49f781ee1c860b59ec1685c94ab7e9a3ea6c671ef2e6a59510b00","algo":"rx/blacksilk"}}
1791517918705 0c3be847 > {"error":null,"id":326,"jsonrpc":"2.0","result":{"status":"OK"}}
1791517918728 0c3be847 > {"jsonrpc":"2.0","method":"job","params":{"algo":"rx/blacksilk","blob":"4253696c6b2f31eb44a8dfab4e8a82606bfcfc4182dff09972cd84d6acfe88a77ab668d03363c800000000b306fa8b","height":237,"job_id":"240","seed_hash":"3dbdba2aca8842cd3e02c7d8c72078f77ff132cc3c84a7f8b87891d0cc106141","target":"e0bc9a7856341200"}}
1791517920113 0c3be847 < {"id":327,"jsonrpc":"2.0","method":"submit","params":{"id":"0c3be847","job_id":"240","nonce":"9f010000","result":"96d8250eb2744d61df526ee5a5f2f69d5452ca44160e1820a3dba94962970b00","algo":"rx/blacksilk"}}
1791517921151 0c3be847 > {"error":null,"id":327,"jsonrpc":"2.0","result":{"status":"OK"}}
1791517921179 0c3be847 > {"jsonrpc":"2.0","method":"job","params":{"algo":"rx/blacksilk","blob":"4253696c6b2f31b072d6ea6844e2a35d9c50beb9a0b975f3c381633bd8f2eabeedce12e42b0e84000000004efdd1f5","height":238,"job_id":"241","seed_hash":"3dbdba2aca8842cd3e02c7d8c72078f77ff132cc3c84a7f8b87891d0cc106141","target":"e0bc9a7856341200"}}
1791517923767 0c3be847 < {"id":328,"jsonrpc":"2.0","method":"submit","params":{"id":"0c3be847","job_id":"241","nonce":"ed020000","result":"03edbd27bf380160a5add4cca11eb0cee87c72eada5252718f8a3992ff5f0200","algo":"rx/blacksilk"}}
1791517924832 0c3be847 > {"error":null,"id":328,"jsonrpc":"2.0","result":{"status":"OK"}}
1791517924832 0c3be847 > {"jsonrpc":"2.0","method":"job","params":{"algo":"rx/blacksilk","blob":"4253696c6b2f31ca79dfacf175cfa6e42f4c1d19e6ead11fcb34d39875d785ad26adccbef3672a000000007bd7ecf4","height":239,"job_id":"242","seed_hash":"3dbdba2aca8842cd3e02c7d8c72078f77ff132cc3c84a7f8b87891d0cc106141","target":"e0bc9a7856341200"}}
1791517926224 0c3be847 < {"id":329,"jsonrpc":"2.0","method":"submit","params":{"id":"0c3be847","job_id":"242","nonce":"9c810100","result":"1167be0e4f17d0e2fb52891999671d14f0c5b8a7a5f8034758752b8810360700","algo":"rx/blacksilk"}}
1791517927248 0c3be847 > {"error":null,"id":329,"jsonrpc":"2.0","result":{"status":"OK"}}
1791517927276 0c3be847 > {"jsonrpc":"2.0","method":"job","params":{"algo":"rx/blacksilk","blob":"4253696c6b2f312bbfaf14a7bc08b9a7a9cf5380ecc065216ca23a83ec8414a5be13733587cd7300000000f43078ab","height":240,"job_id":"243","seed_hash":"3dbdba2aca8842cd3e02c7d8c72078f77ff132cc3c84a7f8b87891d0cc106141","target":"e0bc9a7856341200"}}
1791517928245 0c3be847 < {"id":330,"jsonrpc":"2.0","method":"submit","params":{"id":"0c3be847","job_id":"243","nonce":"25010100","result":"545b13192084d6d81cd2f5ca666a5de6af1f359a86af5b93868d6d27e9880900","algo":"rx/blacksilk"}}
1791517928860 0c3be847 < {"id":331,"jsonrpc":"2.0","method":"submit","params":{"id":"0c3be847","job_id":"243","nonce":"c1810100","result":"cdddc1c4ec16d90d8399b342fed69af23c1325fd87499ca8a760762c36290500","algo":"rx/blacksilk"}}
1791517929249 0c3be847 > {"error":null,"id":330,"jsonrpc":"2.0","result":{"status":"OK"}}
1791517929277 0c3be847 > {"jsonrpc":"2.0","method":"job","params":{"algo":"rx/blacksilk","blob":"4253696c6b2f3121d40a3e9ef1bf6935ff8684290f922585b6e46161c1b12d7efa74d01e9c04d6000000002c64ee01","height":241,"job_id":"244","seed_hash":"3dbdba2aca8842cd3e02c7d8c72078f77ff132cc3c84a7f8b87891d0cc106141","target":"e0bc9a7856341200"}}
1791517929806 0c3be847 < {"id":332,"jsonrpc":"2.0","method":"submit","params":{"id":"0c3be847","job_id":"244","nonce":"89000100","result":"4f96cd9bd30835f963a39e9dcd2d72a62338f4b722aa0e721b6733d046290f00","algo":"rx/blacksilk"}}
1791517930280 0c3be847 > {"error":null,"id":331,"jsonrpc":"2.0","result":{"status":"OK_OFF_BEST_CHAIN"}}
1791517930407 0c3be847 < {"id":333,"jsonrpc":"2.0","method":"submit","params":{"id":"0c3be847","job_id":"244","nonce":"39010000","result":"22d0190d838155652e692391538c39ce479a3d4edaeeddca865d0410f4910e00","algo":"rx/blacksilk"}}
1791517930454 0c3be847 < {"id":334,"jsonrpc":"2.0","method":"submit","params":{"id":"0c3be847","job_id":"244","nonce":"44810100","result":"f5a1459abe46e4ca32e20402c814781d1ec7bc9febab7610425d6a06028d0b00","algo":"rx/blacksilk"}}
1791517931316 0c3be847 > {"error":null,"id":332,"jsonrpc":"2.0","result":{"status":"OK"}}
1791517931333 0c3be847 > {"jsonrpc":"2.0","method":"job","params":{"algo":"rx/blacksilk","blob":"4253696c6b2f3110733d5816bb7dae5cda2d9ff1014c007c6046a53ac2b49cc48404bf750d6b1b000000007757ab32","height":242,"job_id":"245","seed_hash":"3dbdba2aca8842cd3e02c7d8c72078f77ff132cc3c84a7f8b87891d0cc106141","target":"e0bc9a7856341200"}}
1791517931812 0c3be847 < {"id":335,"jsonrpc":"2.0","method":"submit","params":{"id":"0c3be847","job_id":"245","nonce":"84000000","result":"80161b0fb1d314444f434017745d10416e744c4ab53016a72efdc0c44ade0f00","algo":"rx/blacksilk"}}
1791517932336 0c3be847 > {"error":null,"id":333,"jsonrpc":"2.0","result":{"status":"OK_OFF_BEST_CHAIN"}}
1791517933338 0c3be847 > {"error":null,"id":334,"jsonrpc":"2.0","result":{"status":"OK_OFF_BEST_CHAIN"}}
1791517934391 0c3be847 > {"error":null,"id":335,"jsonrpc":"2.0","result":{"status":"OK"}}
1791517934419 0c3be847 > {"jsonrpc":"2.0","method":"job","params":{"algo":"rx/blacksilk","blob":"4253696c6b2f3118f005dcda5943c4c1af6279aba1c9fed7556386e8a5dca719eeed3b92eb2775000000009cf8ca76","height":243,"job_id":"246","seed_hash":"3dbdba2aca8842cd3e02c7d8c72078f77ff132cc3c84a7f8b87891d0cc106141","target":"e0bc9a7856341200"}}
1791517938109 0c3be847 < {"id":336,"jsonrpc":"2.0","method":"submit","params":{"id":"0c3be847","job_id":"246","nonce":"4f040000","result":"243f4aecae7bae992d897b3c3e82c9e25b869ab99fd4bf1ac26e19e164ac0a00","algo":"rx/blacksilk"}}
1791517938354 0c3be847 < {"id":337,"jsonrpc":"2.0","method":"submit","params":{"id":"0c3be847","job_id":"246","nonce":"ab840100","result":"a6b7a5249cfc383c0a315e0892f90dbadcb902cf244443c9e12b534fc2200500","algo":"rx/blacksilk"}}
1791517939128 0c3be847 > {"error":null,"id":336,"jsonrpc":"2.0","result":{"status":"OK"}}
1791517939160 0c3be847 > {"jsonrpc":"2.0","method":"job","params":{"algo":"rx/blacksilk","blob":"4253696c6b2f31b58596297fe44db4c67f7f59bafe73b1cc101d307ad56afef7b0a11445155a9400000000d3797a1e","height":244,"job_id":"247","seed_hash":"3dbdba2aca8842cd3e02c7d8c72078f77ff132cc3c84a7f8b87891d0cc106141","target":"e0bc9a7856341200"}}
1791517940155 0c3be847 > {"error":null,"id":337,"jsonrpc":"2.0","result":{"status":"OK_OFF_BEST_CHAIN"}}
1791517940757 0c3be847 < {"id":338,"jsonrpc":"2.0","method":"submit","params":{"id":"0c3be847","job_id":"247","nonce":"a6810100","result":"0e3e0f64f81b854dd73efd607b57ff237c42123ef42a93aa7084697eb7a10a00","algo":"rx/blacksilk"}}
1791517941811 0c3be847 > {"error":null,"id":338,"jsonrpc":"2.0","result":{"status":"OK"}}
1791517941832 0c3be847 > {"jsonrpc":"2.0","method":"job","params":{"algo":"rx/blacksilk","blob":"4253696c6b2f312622c01583d482051c86f1a0a6ee14c5a520ed8dd6a2f17a2cdf2e82aae56ea5000000001f862043","height":245,"job_id":"248","seed_hash":"3dbdba2aca8842cd3e02c7d8c72078f77ff132cc3c84a7f8b87891d0cc106141","target":"e0bc9a7856341200"}}
1791517942033 0c3be847 < {"id":339,"jsonrpc":"2.0","method":"submit","params":{"id":"0c3be847","job_id":"248","nonce":"2e000100","result":"d3454d1bd712fa25d473a239ffad1e87547afc00a8b603517fd9c05c23c90f00","algo":"rx/blacksilk"}}
1791517943105 0c3be847 > {"error":null,"id":339,"jsonrpc":"2.0","result":{"status":"OK"}}
1791517943106 0c3be847 > {"jsonrpc":"2.0","method":"job","params":{"algo":"rx/blacksilk","blob":"4253696c6b2f312c3cda25abcbe1cf5370a4f2facdcd38540af5a4f77b8331b56201495001dcdd00000000da23371c","height":246,"job_id":"249","seed_hash":"3dbdba2aca8842cd3e02c7d8c72078f77ff132cc3c84a7f8b87891d0cc106141","target":"e0bc9a7856341200"}}
1791517944226 0c3be847 < {"id":340,"jsonrpc":"2.0","method":"submit","params":{"id":"0c3be847","job_id":"249","nonce":"53010100","result":"7f6e8aa190a70719fc7fc29d31e69d628f6f6afaed3abfa71ed8a616dc1c0c00","algo":"rx/blacksilk"}}
1791517944266 0c3be847 < {"id":341,"jsonrpc":"2.0","method":"submit","params":{"id":"0c3be847","job_id":"249","nonce":"5f810100","result":"49bb57dbbba5bef45bf834b814f6390fe603f92c037ad60a3e8372d6ca5f0700","algo":"rx/blacksilk"}}
1791517945307 0c3be847 > {"error":null,"id":340,"jsonrpc":"2.0","result":{"status":"OK"}}
1791517945307 0c3be847 > {"jsonrpc":"2.0","method":"job","params":{"algo":"rx/blacksilk","blob":"4253696c6b2f31cc7459920349a45b6f2e95c444dd31c50c2fe2860a9f66b58e2fbd6ea3aafb8b0000000014c6dde1","height":247,"job_id":"250","seed_hash":"3dbdba2aca8842cd3e02c7d8c72078f77ff132cc3c84a7f8b87891d0cc106141","target":"e0bc9a7856341200"}}
1791517946336 0c3be847 > {"error":null,"id":341,"jsonrpc":"2.0","result":{"status":"OK_OFF_BEST_CHAIN"}}
1791517948992 0c3be847 < {"id":342,"jsonrpc":"2.0","method":"submit","params":{"id":"0c3be847","job_id":"250","nonce":"4a840100","result":"d572df1fff16cf624fe198dc909fdcea2833f8d38833e7da69187d5d4d3e0d00","algo":"rx/blacksilk"}}
1791517949316 0c3be847 < {"id":343,"jsonrpc":"2.0","method":"submit","params":{"id":"0c3be847","job_id":"250","nonce":"b3040100","result":"a230810d51fb98047a8b307d57de799c02cf67255c70030e4b80d654ef780e00","algo":"rx/blacksilk"}}
1791517949331 0c3be847 < {"id":344,"jsonrpc":"2.0","method":"submit","params":{"id":"0c3be847","job_id":"250","nonce":"af840100","result":"ba912bc838850d6f676fd5ab0f594986d3523f536b6a3f201ea0cb387ab60000","algo":"rx/blacksilk"}}
1791517949978 0c3be847 < {"id":345,"jsonrpc":"2.0","method":"submit","params":{"id":"0c3be847","job_id":"250","nonce":"39850000","result":"c062087b6ddead6bf1a9e713949e237e4274d635b537cd8c78f1bb0a7ccd0500","algo":"rx/blacksilk"}}
1791517950074 0c3be847 > {"error":null,"id":342,"jsonrpc":"2.0","result":{"status":"OK"}}
1791517950079 0c3be847 > {"jsonrpc":"2.0","method":"job","params":{"algo":"rx/blacksilk","blob":"4253696c6b2f31f7f40ee8b8192d2357264e4ff782b11f94de0a5913aa7a9076a1d0f79e3223a3000000007dd854fa","height":248,"job_id":"251","seed_hash":"3dbdba2aca8842cd3e02c7d8c72078f77ff132cc3c84a7f8b87891d0cc106141","target":"e0bc9a7856341200"}}
1791517951132 0c3be847 > {"error":null,"id":343,"jsonrpc":"2.0","result":{"status":"OK_OFF_BEST_CHAIN"}}
1791517952155 0c3be847 > {"error":null,"id":344,"jsonrpc":"2.0","result":{"status":"OK_OFF_BEST_CHAIN"}}
1791517953245 0c3be847 > {"error":null,"id":345,"jsonrpc":"2.0","result":{"status":"OK_OFF_BEST_CHAIN"}}
1791517961466 0c3be847 < {"id":346,"jsonrpc":"2.0","method":"submit","params":{"id":"0c3be847","job_id":"251","nonce":"228d0100","result":"c7c875ce69242b1a12385ec6db945242ef243b8b1001e4ba0af5aec64d330100","algo":"rx/blacksilk"}}
1791517962561 0c3be847 > {"error":null,"id":346,"jsonrpc":"2.0","result":{"status":"OK"}}
1791517962580 0c3be847 > {"jsonrpc":"2.0","method":"job","params":{"algo":"rx/blacksilk","blob":"4253696c6b2f31f67d0f3839f618bab495278c95194bb44a51e8945f89698525f5d2dbe0d3d5080000000069251cc0","height":249,"job_id":"252","seed_hash":"3dbdba2aca8842cd3e02c7d8c72078f77ff132cc3c84a7f8b87891d0cc106141","target":"e0bc9a7856341200"}}
1791517965654 0c3be847 < {"id":347,"jsonrpc":"2.0","method":"submit","params":{"id":"0c3be847","job_id":"252","nonce":"99830100","result":"a4810da11aac8e3268744cf0a2c06543bbeb8d61a0e483cd6cdc307859840b00","algo":"rx/blacksilk"}}
1791517965884 0c3be847 < {"id":348,"jsonrpc":"2.0","method":"submit","params":{"id":"0c3be847","job_id":"252","nonce":"df030100","result":"71f404322111d2b87b202d13dd22c371e8167e8154927bbc5833e7052c970b00","algo":"rx/blacksilk"}}
1791517966643 0c3be847 > {"error":null,"id":347,"jsonrpc":"2.0","result":{"status":"OK"}}
1791517966655 0c3be847 > {"jsonrpc":"2.0","method":"job","params":{"algo":"rx/blacksilk","blob":"4253696c6b2f3177015b043a8a22ba14aefeba96bf816351eee44821893a30ddc7b21e4901fbb100000000a5e7aa61","height":250,"job_id":"253","seed_hash":"3dbdba2aca8842cd3e02c7d8c72078f77ff132cc3c84a7f8b87891d0cc106141","target":"e0bc9a7856341200"}}
1791517967711 0c3be847 > {"error":null,"id":348,"jsonrpc":"2.0","result":{"status":"OK_OFF_BEST_CHAIN"}}
1791517967894 0c3be847 < {"id":349,"jsonrpc":"2.0","method":"submit","params":{"id":"0c3be847","job_id":"253","nonce":"60810100","result":"593932280f4a472a0890e81b4889c06af2b5f013b90df8b11e549a6e1bac1100","algo":"rx/blacksilk"}}
1791517968969 0c3be847 > {"error":null,"id":349,"jsonrpc":"2.0","result":{"status":"OK"}}
1791517968991 0c3be847 > {"jsonrpc":"2.0","method":"job","params":{"algo":"rx/blacksilk","blob":"4253696c6b2f311734540ea6d9ff73c50e3b0e9870828e713b472276ca4d15118594e1a28bd9a40000000097ee4e75","height":251,"job_id":"254","seed_hash":"3dbdba2aca8842cd3e02c7d8c72078f77ff132cc3c84a7f8b87891d0cc106141","target":"e0bc9a7856341200"}}
1791517971352 0c3be847 < {"id":350,"jsonrpc":"2.0","method":"submit","params":{"id":"0c3be847","job_id":"254","nonce":"8e020100","result":"34b123bf85d724807dba7fc24136b57a7ed4c24802f72af7496f831013e80500","algo":"rx/blacksilk"}}
1791517972409 0c3be847 > {"error":null,"id":350,"jsonrpc":"2.0","result":{"status":"OK"}}
1791517972429 0c3be847 > {"jsonrpc":"2.0","method":"job","params":{"algo":"rx/blacksilk","blob":"4253696c6b2f3116acb299c018ed0739d178a38ef52dc9c72fa08c7e5ae3ff42e36a1bf29e545100000000ee0dead1","height":252,"job_id":"255","seed_hash":"3dbdba2aca8842cd3e02c7d8c72078f77ff132cc3c84a7f8b87891d0cc106141","target":"e0bc9a7856341200"}}
1791517972764 0c3be847 < {"id":351,"jsonrpc":"2.0","method":"submit","params":{"id":"0c3be847","job_id":"255","nonce":"60800000","result":"1803e32e0914cc2c861b4550a15d30116d74342e6ac981fd60f93e4a87d51100","algo":"rx/blacksilk"}}
1791517973827 0c3be847 > {"error":null,"id":351,"jsonrpc":"2.0","result":{"status":"OK"}}
1791517973848 0c3be847 > {"jsonrpc":"2.0","method":"job","params":{"algo":"rx/blacksilk","blob":"4253696c6b2f31fe1d142a31272e5c733f44dee2d25b11db994abbdfcc74d068f6bee9c2c2167d00000000b48b3db0","height":253,"job_id":"256","seed_hash":"3dbdba2aca8842cd3e02c7d8c72078f77ff132cc3c84a7f8b87891d0cc106141","target":"e0bc9a7856341200"}}
1791517974645 0c3be847 < {"id":352,"jsonrpc":"2.0","method":"submit","params":{"id":"0c3be847","job_id":"256","nonce":"ee000100","result":"92bc2b08575bdfab1b3ddd44ae476e55b382d1ff691604f4de9d6c061fab0700","algo":"rx/blacksilk"}}
1791517975680 0c3be847 > {"error":null,"id":352,"jsonrpc":"2.0","result":{"status":"OK"}}
1791517975698 0c3be847 > {"jsonrpc":"2.0","method":"job","params":{"algo":"rx/blacksilk","blob":"4253696c6b2f3175a60336db9ed5d73a4ab71f8e27743f9f91bac9a727271085c4b0ceefd68c540000000074508d84","height":254,"job_id":"257","seed_hash":"3dbdba2aca8842cd3e02c7d8c72078f77ff132cc3c84a7f8b87891d0cc106141","target":"e0bc9a7856341200"}}
1791517978758 0c3be847 < {"id":353,"jsonrpc":"2.0","method":"submit","params":{"id":"0c3be847","job_id":"257","nonce":"9f830000","result":"a6ce2aba347871704236e24e06e8385385db4eeabedbeda35c3b6728607d0a00","algo":"rx/blacksilk"}}
1791517979020 0c3be847 < {"id":354,"jsonrpc":"2.0","method":"submit","params":{"id":"0c3be847","job_id":"257","nonce":"e1030100","result":"4baab2b5fc5e56ea1412917c9b25326fd7e5b1f779c4d771064d6f19cb1e0400","algo":"rx/blacksilk"}}
1791517979243 0c3be847 < {"id":355,"jsonrpc":"2.0","method":"submit","params":{"id":"0c3be847","job_id":"257","nonce":"2a040000","result":"befbaf6149bb7909987a6d3fec5d425a6aef971a678d3fa9fd85af41edb60e00","algo":"rx/blacksilk"}}
1791517979820 0c3be847 > {"error":null,"id":353,"jsonrpc":"2.0","result":{"status":"OK"}}
1791517979839 0c3be847 > {"jsonrpc":"2.0","method":"job","params":{"algo":"rx/blacksilk","blob":"4253696c6b2f315a0d8abcdad359fc684f95208f050751aa13f4b2654c36ff4a3bc956b5fa5e4700000000ed144f0f","height":255,"job_id":"258","seed_hash":"3dbdba2aca8842cd3e02c7d8c72078f77ff132cc3c84a7f8b87891d0cc106141","target":"e0bc9a7856341200"}}
1791517980901 0c3be847 > {"error":null,"id":354,"jsonrpc":"2.0","result":{"status":"OK_OFF_BEST_CHAIN"}}
1791517981950 0c3be847 > {"error":null,"id":355,"jsonrpc":"2.0","result":{"status":"OK_OFF_BEST_CHAIN"}}
1791517982856 0c3be847 < {"id":356,"jsonrpc":"2.0","method":"submit","params":{"id":"0c3be847","job_id":"258","nonce":"42830000","result":"fa55f771ca552be0aa86f012668671e02ed05cd46c2f5dcb77b91b9f94ad0200","algo":"rx/blacksilk"}}
1791517983044 0c3be847 < {"id":357,"jsonrpc":"2.0","method":"submit","params":{"id":"0c3be847","job_id":"258","nonce":"74030000","result":"67e910bb0d6656b81c57f6e2dcbc614747ed7741cff94bccc48ea82de5b51000","algo":"rx/blacksilk"}}
1791517983936 0c3be847 > {"error":null,"id":356,"jsonrpc":"2.0","result":{"status":"OK"}}
1791517983963 0c3be847 > {"jsonrpc":"2.0","method":"job","params":{"algo":"rx/blacksilk","blob":"4253696c6b2f312bf6b53d62cb3dbcc53f249e151f45aaa9ea34958ad38efcee0130fbff96a166000000000e3f5da6","height":256,"job_id":"259","seed_hash":"3dbdba2aca8842cd3e02c7d8c72078f77ff132cc3c84a7f8b87891d0cc106141","target":"e0bc9a7856341200"}}
1791517985003 0c3be847 > {"error":null,"id":357,"jsonrpc":"2.0","result":{"status":"OK_OFF_BEST_CHAIN"}}
1791517985184 0c3be847 < {"id":358,"jsonrpc":"2.0","method":"submit","params":{"id":"0c3be847","job_id":"259","nonce":"5a010000","result":"093805ddaca20e624119c4d5483698ba41dd3e9552ac54dfefeb51eb55800000","algo":"rx/blacksilk"}}
1791517986234 0c3be847 > {"error":null,"id":358,"jsonrpc":"2.0","result":{"status":"OK"}}
1791517986252 0c3be847 > {"jsonrpc":"2.0","method":"job","params":{"algo":"rx/blacksilk","blob":"4253696c6b2f31f28ac24093e1eb051925e0a161caf7d5abda1c3f0cbeef6cb5ac3239124699d7000000004eb1a90a","height":257,"job_id":"260","seed_hash":"3dbdba2aca8842cd3e02c7d8c72078f77ff132cc3c84a7f8b87891d0cc106141","target":"e0bc9a7856341200"}}
1791517987876 0c3be847 < {"id":359,"jsonrpc":"2.0","method":"submit","params":{"id":"0c3be847","job_id":"260","nonce":"e7810100","result":"2c9d1f9c8f7bfcabd18a75d8c1deb96fa3c1ea1cd39656ee8dcabc708f930100","algo":"rx/blacksilk"}}
1791517988931 0c3be847 > {"error":null,"id":359,"jsonrpc":"2.0","result":{"status":"OK"}}
1791517988955 0c3be847 > {"jsonrpc":"2.0","method":"job","params":{"algo":"rx/blacksilk","blob":"4253696c6b2f319c91c2d0413d518e3a6e3f70db9adf1de746777899f6593f73602ac22936b4b800000000a714c86d","height":258,"job_id":"261","seed_hash":"3dbdba2aca8842cd3e02c7d8c72078f77ff132cc3c84a7f8b87891d0cc106141","target":"e0bc9a7856341200"}}
1791517990108 0c3be847 < {"id":360,"jsonrpc":"2.0","method":"submit","params":{"id":"0c3be847","job_id":"261","nonce":"5f810100","result":"01bf26bb376ec24736b140e6df6a6148c01d5ee04149f79072258936665a0c00","algo":"rx/blacksilk"}}
1791517991195 0c3be847 > {"error":null,"id":360,"jsonrpc":"2.0","result":{"status":"OK"}}
1791517991226 0c3be847 > {"jsonrpc":"2.0","method":"job","params":{"algo":"rx/blacksilk","blob":"4253696c6b2f31af1413df4a9928c183ed5123019d784865973c4732ac9700d41cf49edb0aab740000000013ff7e98","height":259,"job_id":"262","seed_hash":"3dbdba2aca8842cd3e02c7d8c72078f77ff132cc3c84a7f8b87891d0cc106141","target":"e0bc9a7856341200"}}
1791517991568 0c3be847 < {"id":361,"jsonrpc":"2.0","method":"submit","params":{"id":"0c3be847","job_id":"262","nonce":"68800100","result":"780c922302a951fa0f51fcf4a334dac643231085869f050260caceacf49e1000","algo":"rx/blacksilk"}}
1791517992446 0c3be847 < {"id":362,"jsonrpc":"2.0","method":"submit","params":{"id":"0c3be847","job_id":"262","nonce":"65810100","result":"a916fc51c473e6725247eb6166be6098d71bac0d6ce17f41aebdb6659cc60400","algo":"rx/blacksilk"}}
1791517992609 0c3be847 > {"error":null,"id":361,"jsonrpc":"2.0","result":{"status":"OK"}}
1791517992628 0c3be847 > {"jsonrpc":"2.0","method":"job","params":{"algo":"rx/blacksilk","blob":"4253696c6b2f3151f32fcb85bd1715ec81e4d8e103508bad5f9a0de832f538fb90e9cebaecda8a000000009b0d06b9","height":260,"job_id":"263","seed_hash":"3dbdba2aca8842cd3e02c7d8c72078f77ff132cc3c84a7f8b87891d0cc106141","target":"e0bc9a7856341200"}}
1791517993656 0c3be847 > {"error":null,"id":362,"jsonrpc":"2.0","result":{"status":"OK_OFF_BEST_CHAIN"}}
1791517996068 0c3be847 < {"id":363,"jsonrpc":"2.0","method":"submit","params":{"id":"0c3be847","job_id":"263","nonce":"e3030100","result":"2cecd1931d73a1ea750f271b19f864e12b1adcaad3512eb2944bf722da320a00","algo":"rx/blacksilk"}}
1791517996928 0c3be847 < {"id":364,"jsonrpc":"2.0","method":"submit","params":{"id":"0c3be847","job_id":"263","nonce":"bf040000","result":"c1ffd22f9a02c975cc3a2ecc048a72349ee9891e11ccdb1339a1546ad19c0900","algo":"rx/blacksilk"}}
1791517997110 0c3be847 > {"error":null,"id":363,"jsonrpc":"2.0","result":{"status":"OK"}}
1791517997134 0c3be847 > {"jsonrpc":"2.0","method":"job","params":{"algo":"rx/blacksilk","blob":"4253696c6b2f312f49fb789df6edea709bc17717a90c82ae0c8a95c16abb2d02281bf4ebd47c3e000000000a2c5095","height":261,"job_id":"264","seed_hash":"3dbdba2aca8842cd3e02c7d8c72078f77ff132cc3c84a7f8b87891d0cc106141","target":"e0bc9a7856341200"}}
1791517997701 0c3be847 < {"id":365,"jsonrpc":"2.0","method":"submit","params":{"id":"0c3be847","job_id":"264","nonce":"8d000100","result":"ae01b9ac40049ea47c1878364d03f469e31d2dfa51e46dd5626bc2ff435e0500","algo":"rx/blacksilk"}}
1791517998116 0c3be847 < {"id":366,"jsonrpc":"2.0","method":"submit","params":{"id":"0c3be847","job_id":"264","nonce":"0d010100","result":"16b1ae5d21921a7aefe820d28c500482f4bbc6c231ac1358c27419ccb1270b00","algo":"rx/blacksilk"}}
1791517998190 0c3be847 > {"error":null,"id":364,"jsonrpc":"2.0","result":{"status":"OK_OFF_BEST_CHAIN"}}
1791517999305 0c3be847 > {"error":null,"id":365,"jsonrpc":"2.0","result":{"status":"OK"}}
1791517999337 0c3be847 > {"jsonrpc":"2.0","method":"job","params":{"algo":"rx/blacksilk","blob":"4253696c6b2f31f5c8946dfd4e684440f71724f9017aac6dbba8563e47b47f495d3addf085a6b600000000754e3054","height":262,"job_id":"265","seed_hash":"3dbdba2aca8842cd3e02c7d8c72078f77ff132cc3c84a7f8b87891d0cc106141","target":"e0bc9a7856341200"}}
1791518000349 0c3be847 > {"error":null,"id":366,"jsonrpc":"2.0","result":{"status":"OK_OFF_BEST_CHAIN"}}
1791518002267 0c3be847 < {"id":367,"jsonrpc":"2.0","method":"submit","params":{"id":"0c3be847","job_id":"265","nonce":"56030000","result":"7a803b6df8126191074848daf8c23ddcb0d7c58137ac5a293476f75b8dbe0e00","algo":"rx/blacksilk"}}
1791518003332 0c3be847 > {"error":null,"id":367,"jsonrpc":"2.0","result":{"status":"OK"}}
1791518003359 0c3be847 > {"jsonrpc":"2.0","method":"job","params":{"algo":"rx/blacksilk","blob":"4253696c6b2f31cbe964ba35f2a54795d0f558a9aad89ece06ffcecb6b47e0f2c46aa1c2727a73000000001b51c741","height":263,"job_id":"266","seed_hash":"3dbdba2aca8842cd3e02c7d8c72078f77ff132cc3c84a7f8b87891d0cc106141","target":"e0bc9a7856341200"}}
1791518003607 0c3be847 < {"id":368,"jsonrpc":"2.0","method":"submit","params":{"id":"0c3be847","job_id":"266","nonce":"4a000100","result":"247a4019740d2de4a644e39210a9b15bb9d79cdf3092c24325bbc2bf41a60400","algo":"rx/blacksilk"}}
1791518004640 0c3be847 > {"error":null,"id":368,"jsonrpc":"2.0","result":{"status":"OK"}}
1791518004660 0c3be847 > {"jsonrpc":"2.0","method":"job","params":{"algo":"rx/blacksilk","blob":"4253696c6b2f31c9a9ea2db9e141203dd1de304700ddd68725d5f3a08b23f32d0e206be0434d18000000003a9e11ea","height":264,"job_id":"267","seed_hash":"3dbdba2aca8842cd3e02c7d8c72078f77ff132cc3c84a7f8b87891d0cc106141","target":"e0bc9a7856341200"}}
1791518006448 0c3be847 < {"id":369,"jsonrpc":"2.0","method":"submit","params":{"id":"0c3be847","job_id":"267","nonce":"1a020000","result":"b94c02491b5e62e932d2c012df9478ce95811025812894bed243db0592d20700","algo":"rx/blacksilk"}}
1791518007445 0c3be847 > {"error":null,"id":369,"jsonrpc":"2.0","result":{"status":"OK"}}
1791518007467 0c3be847 > {"jsonrpc":"2.0","method":"job","params":{"algo":"rx/blacksilk","blob":"4253696c6b2f31754f99dfdf6a834ce74b4dae190cc4abe129aeff74bb683ab38b8be48b31e16f0000000068c726e9","height":265,"job_id":"268","seed_hash":"3dbdba2aca8842cd3e02c7d8c72078f77ff132cc3c84a7f8b87891d0cc106141","target":"e0bc9a7856341200"}}
1791518009686 0c3be847 < {"id":370,"jsonrpc":"2.0","method":"submit","params":{"id":"0c3be847","job_id":"268","nonce":"8a820100","result":"85d67db7dd087e89ddb8f2690253a1f2efb4fe2b0b13e8214195144aa37e1000","algo":"rx/blacksilk"}}
1791518010712 0c3be847 > {"error":null,"id":370,"jsonrpc":"2.0","result":{"status":"OK"}}
1791518010738 0c3be847 > {"jsonrpc":"2.0","method":"job","params":{"algo":"rx/blacksilk","blob":"4253696c6b2f3119dc2d2c937b8f0ad58d68df1b49041c4ff1be9d8a64e7ad4735768fa2b72f6a00000000a3e05267","height":266,"job_id":"269","seed_hash":"3dbdba2aca8842cd3e02c7d8c72078f77ff132cc3c84a7f8b87891d0cc106141","target":"e0bc9a7856341200"}}
1791518014859 0c3be847 < {"id":371,"jsonrpc":"2.0","method":"submit","params":{"id":"0c3be847","job_id":"269","nonce":"e2840100","result":"aa5121b9ac5b6bc77d9921d9e478f35d8e7bf85b0007bd9c3f878d9300300800","algo":"rx/blacksilk"}}
1791518015133 0c3be847 < {"id":372,"jsonrpc":"2.0","method":"submit","params":{"id":"0c3be847","job_id":"269","nonce":"35850100","result":"d800504a129d71e8bc2d1293ff1e2892677ca7dbfd336dc5f04251afc86e0800","algo":"rx/blacksilk"}}
1791518015962 0c3be847 > {"error":null,"id":371,"jsonrpc":"2.0","result":{"status":"OK"}}
1791518015979 0c3be847 > {"jsonrpc":"2.0","method":"job","params":{"algo":"rx/blacksilk","blob":"4253696c6b2f31ad7c92fe6eda4608d01d72c7d0d117275675a9ab7472371b7e8ab7c13cf222f2000000003585e8e6","height":267,"job_id":"270","seed_hash":"3dbdba2aca8842cd3e02c7d8c72078f77ff132cc3c84a7f8b87891d0cc106141","target":"e0bc9a7856341200"}}
1791518017037 0c3be847 > {"error":null,"id":372,"jsonrpc":"2.0","result":{"status":"OK_OFF_BEST_CHAIN"}}
1791518017409 0c3be847 < {"id":373,"jsonrpc":"2.0","method":"submit","params":{"id":"0c3be847","job_id":"270","nonce":"a3810100","result":"039092e6fce1837313087a573a898720e2b79f775d97330619aaa80cb88c0500","algo":"rx/blacksilk"}}
1791518018446 0c3be847 > {"error":null,"id":373,"jsonrpc":"2.0","result":{"status":"OK"}}
1791518018452 0c3be847 > {"jsonrpc":"2.0","method":"job","params":{"algo":"rx/blacksilk","blob":"4253696c6b2f313725be282d79b0911383987ed9ca02fc36207010fc5703aaf9ccb04e43ad8127000000007a7a5037","height":268,"job_id":"271","seed_hash":"3dbdba2aca8842cd3e02c7d8c72078f77ff132cc3c84a7f8b87891d0cc106141","target":"e0bc9a7856341200"}}
1791518020458 0c3be847 < {"id":374,"jsonrpc":"2.0","method":"submit","params":{"id":"0c3be847","job_id":"271","nonce":"65020100","result":"e49fd44183096471c2c0497650d68b39091707945f47c27678dc669e462b0400","algo":"rx/blacksilk"}}
1791518021519 0c3be847 > {"error":null,"id":374,"jsonrpc":"2.0","result":{"status":"OK"}}
1791518021539 0c3be847 > {"jsonrpc":"2.0","method":"job","params":{"algo":"rx/blacksilk","blob":"4253696c6b2f310a0410673575c01e3bf7fb67ffa9d03e7e3456ba582ac0856e7076eced4f304700000000dc244705","height":269,"job_id":"272","seed_hash":"3dbdba2aca8842cd3e02c7d8c72078f77ff132cc3c84a7f8b87891d0cc106141","target":"e0bc9a7856341200"}}
1791518021994 0c3be847 < {"id":375,"jsonrpc":"2.0","method":"submit","params":{"id":"0c3be847","job_id":"272","nonce":"8d000100","result":"739cbe8ec377f1a3b2d0a94640649936bfb731c47cff11e5dfa61a2f53a80c00","algo":"rx/blacksilk"}}
1791518022506 0c3be847 < {"id":376,"jsonrpc":"2.0","method":"submit","params":{"id":"0c3be847","job_id":"272","nonce":"20810100","result":"4a3d667cf5b5bf9f160f195e3d77830bbca4897197191d907007f42bfa260200","algo":"rx/blacksilk"}}
1791518023026 0c3be847 > {"error":null,"id":375,"jsonrpc":"2.0","result":{"status":"OK"}}
1791518023058 0c3be847 > {"jsonrpc":"2.0","method":"job","params":{"algo":"rx/blacksilk","blob":"4253696c6b2f3155f122d8693efa1143d2db93d20ab615a93973ab9c9e94b200ed247364de165900000000c059bcaa","height":270,"job_id":"273","seed_hash":"3dbdba2aca8842cd3e02c7d8c72078f77ff132cc3c84a7f8b87891d0cc106141","target":"e0bc9a7856341200"}}
1791518024128 0c3be847 > {"error":null,"id":376,"jsonrpc":"2.0","result":{"status":"OK_OFF_BEST_CHAIN"}}
1791518026557 0c3be847 < {"id":377,"jsonrpc":"2.0","method":"submit","params":{"id":"0c3be847","job_id":"273","nonce":"0c840000","result":"2b1a3aab2b53fcdcc5ed6043b8b551eb550dbf657c0cc9333bc2f4e690d10500","algo":"rx/blacksilk"}}
1791518027614 0c3be847 > {"error":null,"id":377,"jsonrpc":"2.0","result":{"status":"OK"}}
1791518027632 0c3be847 > {"jsonrpc":"2.0","method":"job","params":{"algo":"rx/blacksilk","blob":"4253696c6b2f312f1896755ca286d08dd5825dd64c52f32f563135e669adc181b9ab97c025b59c00000000104f8728","height":271,"job_id":"274","seed_hash":"3dbdba2aca8842cd3e02c7d8c72078f77ff132cc3c84a7f8b87891d0cc106141","target":"e0bc9a7856341200"}}
1791518030277 0c3be847 < {"id":378,"jsonrpc":"2.0","method":"submit","params":{"id":"0c3be847","job_id":"274","nonce":"f1820000","result":"4397ebecb48d9eccac650bc6882b2bf25d28060e86b2223d10073f627b271200","algo":"rx/blacksilk"}}
1791518031442 0c3be847 > {"error":null,"id":378,"jsonrpc":"2.0","result":{"status":"OK"}}
1791518031442 0c3be847 > {"jsonrpc":"2.0","method":"job","params":{"algo":"rx/blacksilk","blob":"4253696c6b2f316b0634d4ec7e794752b356a71711106609a120e01eb35da6328148e7e8fafd8700000000800e7fb0","height":272,"job_id":"275","seed_hash":"3dbdba2aca8842cd3e02c7d8c72078f77ff132cc3c84a7f8b87891d0cc106141","target":"e0bc9a7856341200"}}
1791518032882 0c3be847 < {"id":379,"jsonrpc":"2.0","method":"submit","params":{"id":"0c3be847","job_id":"275","nonce":"a0810100","result":"7ca241e4189d40fdb9964b7de5cdb69424277022aecb96292d6a9b0b15a00500","algo":"rx/blacksilk"}}
1791518033933 0c3be847 > {"error":null,"id":379,"jsonrpc":"2.0","result":{"status":"OK"}}
1791518033958 0c3be847 > {"jsonrpc":"2.0","method":"job","params":{"algo":"rx/blacksilk","blob":"4253696c6b2f3148c8e91c963c2370aa5e269448efe5f77868b2b58049f62339fdcfa3a035385a000000008f2e32bc","height":273,"job_id":"276","seed_hash":"3dbdba2aca8842cd3e02c7d8c72078f77ff132cc3c84a7f8b87891d0cc106141","target":"e0bc9a7856341200"}}
1791518047879 0c3be847 < {"id":380,"jsonrpc":"2.0","method":"submit","params":{"id":"0c3be847","job_id":"276","nonce":"32900100","result":"b26d7d0500712d7c8f8aebce6db2ad4643d7c8407b471f7f3ca599389edd0200","algo":"rx/blacksilk"}}
1791518048878 0c3be847 > {"error":null,"id":380,"jsonrpc":"2.0","result":{"status":"OK"}}
1791518048897 0c3be847 > {"jsonrpc":"2.0","method":"job","params":{"algo":"rx/blacksilk","blob":"4253696c6b2f3171e681efe186b0e2623f4370e2e4ed8b7c7e6d16c91d074277f171bf29bb934000000000f1d165c8","height":274,"job_id":"277","seed_hash":"3dbdba2aca8842cd3e02c7d8c72078f77ff132cc3c84a7f8b87891d0cc106141","target":"e0bc9a7856341200"}}
1791518052934 0c3be847 < {"id":381,"jsonrpc":"2.0","method":"submit","params":{"id":"0c3be847","job_id":"277","nonce":"ab840100","result":"b60dc454d57028d709020b069927f603ac647f8d585efca31e52d32a83540a00","algo":"rx/blacksilk"}}
1791518054001 0c3be847 > {"error":null,"id":381,"jsonrpc":"2.0","result":{"status":"OK"}}
1791518054023 0c3be847 > {"jsonrpc":"2.0","method":"job","params":{"algo":"rx/blacksilk","blob":"4253696c6b2f31bf7a14f5e179e05f20c53cad98304d8fb2f496e4fc1f7550570476ebf592603f00000000ef7ab071","height":275,"job_id":"278","seed_hash":"3dbdba2aca8842cd3e02c7d8c72078f77ff132cc3c84a7f8b87891d0cc106141","target":"e0bc9a7856341200"}}
1791518061487 0c3be847 < {"id":382,"jsonrpc":"2.0","method":"submit","params":{"id":"0c3be847","job_id":"278","nonce":"85880000","result":"699dc6473593b21c645aa68c74f387ca6355c6531ed2b7a3241b1e9f480e0d00","algo":"rx/blacksilk"}}
1791518062573 0c3be847 > {"error":null,"id":382,"jsonrpc":"2.0","result":{"status":"OK"}}
1791518062573 0c3be847 > {"jsonrpc":"2.0","method":"job","params":{"algo":"rx/blacksilk","blob":"4253696c6b2f31239b35fb675e4992af9e480c20fa29cde06769be9464941ccfad71dc4c7b7548000000000740600a","height":276,"job_id":"279","seed_hash":"3dbdba2aca8842cd3e02c7d8c72078f77ff132cc3c84a7f8b87891d0cc106141","target":"e0bc9a7856341200"}}
1791518067693 0c3be847 < {"id":383,"jsonrpc":"2.0","method":"submit","params":{"id":"0c3be847","job_id":"279","nonce":"dc050100","result":"2a3421dd3d609746c49a13dd49f9123de5c61c5341471e5a39d624d931700000","algo":"rx/blacksilk"}}
1791518068724 0c3be847 > {"error":null,"id":383,"jsonrpc":"2.0","result":{"status":"OK"}}
1791518068745 0c3be847 > {"jsonrpc":"2.0","method":"job","params":{"algo":"rx/blacksilk","blob":"4253696c6b2f31fba3f271e4d9ce9583127fd5d672b453f51ad5aa16c0a0ece960dd7e5350bed8000000000d23ae3d","height":277,"job_id":"280","seed_hash":"3dbdba2aca8842cd3e02c7d8c72078f77ff132cc3c84a7f8b87891d0cc106141","target":"e0bc9a7856341200"}}
1791518068938 0c3be847 < {"id":384,"jsonrpc":"2.0","method":"submit","params":{"id":"0c3be847","job_id":"280","nonce":"3a800000","result":"911ed4e2938903f9e3c05919de1d1abddb165da4be1e7554c5c6a9b9ee370900","algo":"rx/blacksilk"}}
1791518069070 0c3be847 < {"id":385,"jsonrpc":"2.0","method":"submit","params":{"id":"0c3be847","job_id":"280","nonce":"5c800000","result":"aa740470e0e12d1d1cc040fa33209f7d5f17707c391a042581015b59241d1200","algo":"rx/blacksilk"}}
1791518069982 0c3be847 > {"error":null,"id":384,"jsonrpc":"2.0","result":{"status":"OK"}}
1791518069999 0c3be847 > {"jsonrpc":"2.0","method":"job","params":{"algo":"rx/blacksilk","blob":"4253696c6b2f31288d2794dbcc0bdae4ea3e8631295260d4e51054258d7db863fbae289b8572eb00000000b0fe000e","height":278,"job_id":"281","seed_hash":"3dbdba2aca8842cd3e02c7d8c72078f77ff132cc3c84a7f8b87891d0cc106141","target":"e0bc9a7856341200"}}
1791518070158 0c3be847 < {"id":386,"jsonrpc":"2.0","method":"submit","params":{"id":"0c3be847","job_id":"281","nonce":"2e000000","result":"8ac4df493f563a625b3f8c19f90935fc0558f01141cb3070be386361cd5c1100","algo":"rx/blacksilk"}}
1791518071035 0c3be847 > {"error":null,"id":385,"jsonrpc":"2.0","result":{"status":"OK_OFF_BEST_CHAIN"}}
1791518072095 0c3be847 > {"error":null,"id":386,"jsonrpc":"2.0","result":{"status":"OK"}}
1791518072116 0c3be847 > {"jsonrpc":"2.0","method":"job","params":{"algo":"rx/blacksilk","blob":"4253696c6b2f31d245d169f8b78084656221cb09afe4fd8bdc2ca13c7e8a7dcfe0e2a6eabf910c00000000f73ec35e","height":279,"job_id":"282","seed_hash":"3dbdba2aca8842cd3e02c7d8c72078f77ff132cc3c84a7f8b87891d0cc106141","target":"e0bc9a7856341200"}}
1791518072395 0c3be847 < {"id":387,"jsonrpc":"2.0","method":"submit","params":{"id":"0c3be847","job_id":"282","nonce":"4d800000","result":"27218bacc6a6a8b71c5aa36c6d0fbe683416dd9e2c07d977d182261e0bad1100","algo":"rx/blacksilk"}}
1791518073418 0c3be847 > {"error":null,"id":387,"jsonrpc":"2.0","result":{"status":"OK"}}
1791518073435 0c3be847 > {"jsonrpc":"2.0","method":"job","params":{"algo":"rx/blacksilk","blob":"4253696c6b2f3186b932a13c3ed6b0dca00f8090319b23a85424d1ff7d741077787c681c756854000000006854b45b","height":280,"job_id":"283","seed_hash":"3dbdba2aca8842cd3e02c7d8c72078f77ff132cc3c84a7f8b87891d0cc106141","target":"e0bc9a7856341200"}}
1791518087486 0c3be847 < {"id":388,"jsonrpc":"2.0","method":"submit","params":{"id":"0c3be847","job_id":"283","nonce":"5e900100","result":"15274ef0f2177206ec987ef3d5577ea86cfd3318f1ff16a02527a4c35f210700","algo":"rx/blacksilk"}}
1791518088532 0c3be847 > {"error":null,"id":388,"jsonrpc":"2.0","result":{"status":"OK"}}
1791518088559 0c3be847 > {"jsonrpc":"2.0","method":"job","params":{"algo":"rx/blacksilk","blob":"4253696c6b2f310e39d1df86a83d90f0b1b8ae6f3bf20e50749140ab0fee9686c21118e8542b3f00000000c72e4a40","height":281,"job_id":"284","seed_hash":"3dbdba2aca8842cd3e02c7d8c72078f77ff132cc3c84a7f8b87891d0cc106141","target":"e0bc9a7856341200"}}
1791518089217 0c3be847 < {"id":389,"jsonrpc":"2.0","method":"submit","params":{"id":"0c3be847","job_id":"284","nonce":"be800000","result":"b9b4606422df23b9f629eb1d216c9214bdf2005346f32939ff93c9d31bc80800","algo":"rx/blacksilk"}}
1791518090279 0c3be847 > {"error":null,"id":389,"jsonrpc":"2.0","result":{"status":"OK"}}
1791518090312 0c3be847 > {"jsonrpc":"2.0","method":"job","params":{"algo":"rx/blacksilk","blob":"4253696c6b2f3154fd47a6e0bdc29638280c00d5c2541f964d8807ecb12395e95df7bcd749bbf30000000058087fd3","height":282,"job_id":"285","seed_hash":"3dbdba2aca8842cd3e02c7d8c72078f77ff132cc3c84a7f8b87891d0cc106141","target":"e0bc9a7856341200"}}
1791518091844 0c3be847 < {"id":390,"jsonrpc":"2.0","method":"submit","params":{"id":"0c3be847","job_id":"285","nonce":"bc010000","result":"6457562294243c4c699df2f5261627892abde80652cc0f63c036632c65320f00","algo":"rx/blacksilk"}}
1791518092896 0c3be847 > {"error":null,"id":390,"jsonrpc":"2.0","result":{"status":"OK"}}
1791518092913 0c3be847 > {"jsonrpc":"2.0","method":"job","params":{"algo":"rx/blacksilk","blob":"4253696c6b2f31d83c43ddd4d8ac21ddd918a1c40614f3dbd514a56ffcd70101868defcf908d8000000000ec8ac268","height":283,"job_id":"286","seed_hash":"3dbdba2aca8842cd3e02c7d8c72078f77ff132cc3c84a7f8b87891d0cc106141","target":"e0bc9a7856341200"}}
1791518098066 0c3be847 < {"id":391,"jsonrpc":"2.0","method":"submit","params":{"id":"0c3be847","job_id":"286","nonce":"fa050000","result":"339ce297696c5e6798bcb4718de8638282dc45fdab78a3a66d72999b307c0700","algo":"rx/blacksilk"}}
1791518098390 0c3be847 < {"id":392,"jsonrpc":"2.0","method":"submit","params":{"id":"0c3be847","job_id":"286","nonce":"7e060100","result":"37dbe6fcbd54e44b1274eb7d3cc9b5c5d158fb9b83017fffc2c8f515167b1100","algo":"rx/blacksilk"}}
1791518099116 0c3be847 > {"error":null,"id":391,"jsonrpc":"2.0","result":{"status":"OK"}}
1791518099116 0c3be847 > {"jsonrpc":"2.0","method":"job","params":{"algo":"rx/blacksilk","blob":"4253696c6b2f3172d307ad176c13342d232aceed2e09fe0adab9f00ad176366f6c870b928fbde300000000b7f347d4","height":284,"job_id":"287","seed_hash":"3dbdba2aca8842cd3e02c7d8c72078f77ff132cc3c84a7f8b87891d0cc106141","target":"e0bc9a7856341200"}}
1791518100129 0c3be847 > {"error":null,"id":392,"jsonrpc":"2.0","result":{"status":"OK_OFF_BEST_CHAIN"}}
1791518107210 0c3be847 < {"id":393,"jsonrpc":"2.0","method":"submit","params":{"id":"0c3be847","job_id":"287","nonce":"5c090000","result":"21708277125791cb0f1b825dac5aaba2cae3cf17cb2a50477592ef620cb00b00","algo":"rx/blacksilk"}}
1791518108237 0c3be847 > {"error":null,"id":393,"jsonrpc":"2.0","result":{"status":"OK"}}
1791518108257 0c3be847 > {"jsonrpc":"2.0","method":"job","params":{"algo":"rx/blacksilk","blob":"4253696c6b2f318ceae96f97a94c9d2c292571cc7879242ec7b3a4de8c0a7232b9a91c888f562d00000000cda910b9","height":285,"job_id":"288","seed_hash":"3dbdba2aca8842cd3e02c7d8c72078f77ff132cc3c84a7f8b87891d0cc106141","target":"e0bc9a7856341200"}}
1791518109709 0c3be847 < {"id":394,"jsonrpc":"2.0","method":"submit","params":{"id":"0c3be847","job_id":"288","nonce":"b5810000","result":"9116dabe63118606a4f587d76ba6530806e2ffb865013ddc60f530795f2b0200","algo":"rx/blacksilk"}}
1791518110748 0c3be847 < {"id":395,"jsonrpc":"2.0","method":"submit","params":{"id":"0c3be847","job_id":"288","nonce":"d5820000","result":"dd4efb43c4e3bb4b3d7f10b45c322243212213f3dcfea1e64bf4deff4ab20500","algo":"rx/blacksilk"}}
1791518110760 0c3be847 > {"error":null,"id":394,"jsonrpc":"2.0","result":{"status":"OK"}}
1791518110778 0c3be847 > {"jsonrpc":"2.0","method":"job","params":{"algo":"rx/blacksilk","blob":"4253696c6b2f319a12aaa29e9eb08dba321b0987a460bf4d02c89e9fed11000284d2260bfbfbf60000000016a03ebd","height":286,"job_id":"289","seed_hash":"3dbdba2aca8842cd3e02c7d8c72078f77ff132cc3c84a7f8b87891d0cc106141","target":"e0bc9a7856341200"}}
1791518111804 0c3be847 > {"error":null,"id":395,"jsonrpc":"2.0","result":{"status":"OK_OFF_BEST_CHAIN"}}
1791518114126 0c3be847 < {"id":396,"jsonrpc":"2.0","method":"submit","params":{"id":"0c3be847","job_id":"289","nonce":"ce030100","result":"813b4f6d5d7a49f41618ec806f8431b8f95096e51b23b1c35920703fdf8a0500","algo":"rx/blacksilk"}}
1791518115201 0c3be847 > {"error":null,"id":396,"jsonrpc":"2.0","result":{"status":"OK"}}
1791518115219 0c3be847 > {"jsonrpc":"2.0","method":"job","params":{"algo":"rx/blacksilk","blob":"4253696c6b2f312518596279cc9ff7d176dc57ddf5d9674e9ed6b6b255aa23df94c59eb6fa6a530000000025b096fa","height":287,"job_id":"290","seed_hash":"3dbdba2aca8842cd3e02c7d8c72078f77ff132cc3c84a7f8b87891d0cc106141","target":"e0bc9a7856341200"}}
1791518115761 0c3be847 < {"id":397,"jsonrpc":"2.0","method":"submit","params":{"id":"0c3be847","job_id":"290","nonce":"a0800000","result":"90ab834699b5b7a08ce549b4b45551c210df26adf90ba55327f20758dcd30600","algo":"rx/blacksilk"}}
1791518116788 0c3be847 > {"error":null,"id":397,"jsonrpc":"2.0","result":{"status":"OK"}}
1791518116821 0c3be847 > {"jsonrpc":"2.0","method":"job","params":{"algo":"rx/blacksilk","blob":"4253696c6b2f31d92aeda29dcc66fc4656db19f9d01f5a2b9e745bcd2964d8bc16b85eea08d14600000000037c233c","height":288,"job_id":"291","seed_hash":"3dbdba2aca8842cd3e02c7d8c72078f77ff132cc3c84a7f8b87891d0cc106141","target":"e0bc9a7856341200"}}
1791518118694 0c3be847 < {"id":398,"jsonrpc":"2.0","method":"submit","params":{"id":"0c3be847","job_id":"291","nonce":"1c820100","result":"3969ebe335fc7bbae993de178914526d1f8c2cfc1033ce8022bbe9170bc40d00","algo":"rx/blacksilk"}}
1791518119742 0c3be847 > {"error":null,"id":398,"jsonrpc":"2.0","result":{"status":"OK"}}
1791518119758 0c3be847 > {"jsonrpc":"2.0","method":"job","params":{"algo":"rx/blacksilk","blob":"4253696c6b2f317b80e75a152267ad64742614e112e1c3e6e0fba6e6bcbe0556b69a86bdcceb700000000070f4974e","height":289,"job_id":"292","seed_hash":"3dbdba2aca8842cd3e02c7d8c72078f77ff132cc3c84a7f8b87891d0cc106141","target":"e0bc9a7856341200"}}
1791518122109 0c3be847 < {"id":399,"jsonrpc":"2.0","method":"submit","params":{"id":"0c3be847","job_id":"292","nonce":"b1020000","result":"6c9c71e5a46dd4fd387ae74c5d88e2823d0f5f75a723c343c3bc4dcfa31b0f00","algo":"rx/blacksilk"}}
1791518122356 0c3be847 < {"id":400,"jsonrpc":"2.0","method":"submit","params":{"id":"0c3be847","job_id":"292","nonce":"f8020100","result":"6a9ca7c43194bdda20cdf70a62ca10853bf1ef1d247222700b6fc32f62270500","algo":"rx/blacksilk"}}
1791518123215 0c3be847 > {"error":null,"id":399,"jsonrpc":"2.0","result":{"status":"OK"}}
1791518123230 0c3be847 > {"jsonrpc":"2.0","method":"job","params":{"algo":"rx/blacksilk","blob":"4253696c6b2f318079f02d326561e14615108f9221eaf62be8ff13ed99fb5d66115dce0d2dc31f000000002905fbcf","height":290,"job_id":"293","seed_hash":"3dbdba2aca8842cd3e02c7d8c72078f77ff132cc3c84a7f8b87891d0cc106141","target":"e0bc9a7856341200"}}
1791518124260 0c3be847 > {"error":null,"id":400,"jsonrpc":"2.0","result":{"status":"OK_OFF_BEST_CHAIN"}}
1791518127724 0c3be847 < {"id":401,"jsonrpc":"2.0","method":"submit","params":{"id":"0c3be847","job_id":"293","nonce":"12850000","result":"6523da7f71928db8157b69f0cc4e1ff1147e8e321ed691d48c6be51f7cda0200","algo":"rx/blacksilk"}}
1791518128754 0c3be847 > {"error":null,"id":401,"jsonrpc":"2.0","result":{"status":"OK"}}
1791518128774 0c3be847 > {"jsonrpc":"2.0","method":"job","params":{"algo":"rx/blacksilk","blob":"4253696c6b2f31d6391ba5519d09387e51aa5a9df3e22da89e362d1c06e0857845cbb5f245adbd00000000149daae5","height":291,"job_id":"294","seed_hash":"3dbdba2aca8842cd3e02c7d8c72078f77ff132cc3c84a7f8b87891d0cc106141","target":"e0bc9a7856341200"}}
1791518129456 0c3be847 < {"id":402,"jsonrpc":"2.0","method":"submit","params":{"id":"0c3be847","job_id":"294","nonce":"cf800100","result":"c55fcc4c0aea344d14b89b52bd86d6ca9f7b3a252dfb760f20b1444905111100","algo":"rx/blacksilk"}}
1791518130416 0c3be847 < {"id":403,"jsonrpc":"2.0","method":"submit","params":{"id":"0c3be847","job_id":"294","nonce":"ca010000","result":"7fcb7fb25e47da9b805b68ad7da9e0788f246d5cb443a27744c8c544cbe60c00","algo":"rx/blacksilk"}}
1791518130504 0c3be847 > {"error":null,"id":402,"jsonrpc":"2.0","result":{"status":"OK"}}
1791518130525 0c3be847 > {"jsonrpc":"2.0","method":"job","params":{"algo":"rx/blacksilk","blob":"4253696c6b2f3171813d5e1666d15b18a9fdedfe8642a389a7e55bf4750aa195e55a69215241eb000000001ad67b1d","height":292,"job_id":"295","seed_hash":"3dbdba2aca8842cd3e02c7d8c72078f77ff132cc3c84a7f8b87891d0cc106141","target":"e0bc9a7856341200"}}
1791518131501 0c3be847 > {"error":null,"id":403,"jsonrpc":"2.0","result":{"status":"OK_OFF_BEST_CHAIN"}}
1791518131549 0c3be847 < {"id":404,"jsonrpc":"2.0","method":"submit","params":{"id":"0c3be847","job_id":"295","nonce":"24810100","result":"cde4780b527f4fae23f7e3477d73f2bb91775d9c8bd6e5311ab93078603b0600","algo":"rx/blacksilk"}}
1791518132370 0c3be847 < {"id":405,"jsonrpc":"2.0","method":"submit","params":{"id":"0c3be847","job_id":"295","nonce":"e4010000","result":"d85a7efeac1d5ae840231a9d24782116105d8b14e9318bf63df5e0cb345b1100","algo":"rx/blacksilk"}}
1791518132515 0c3be847 < {"id":406,"jsonrpc":"2.0","method":"submit","params":{"id":"0c3be847","job_id":"295","nonce":"0d020000","result":"75a600d6d29fdac5e0e927eb56f613c9163e38cdc97dc2c5c54a2d3e0b4e0900","algo":"rx/blacksilk"}}
1791518132603 0c3be847 > {"error":null,"id":404,"jsonrpc":"2.0","result":{"status":"OK"}}
1791518132628 0c3be847 > {"jsonrpc":"2.0","method":"job","params":{"algo":"rx/blacksilk","blob":"4253696c6b2f31c61014ab054a8decfd707c9f77e167cf51e37a298015cb0ecd3c79d7065bb9140000000004fa44b5","height":293,"job_id":"296","seed_hash":"3dbdba2aca8842cd3e02c7d8c72078f77ff132cc3c84a7f8b87891d0cc106141","target":"e0bc9a7856341200"}}
1791518133667 0c3be847 > {"error":null,"id":405,"jsonrpc":"2.0","result":{"status":"OK_OFF_BEST_CHAIN"}}
1791518133885 0c3be847 < {"id":407,"jsonrpc":"2.0","method":"submit","params":{"id":"0c3be847","job_id":"296","nonce":"5a810100","result":"73735928b5a53328ae49c0312f66f21a347990f85709fc51b3e43874795b1100","algo":"rx/blacksilk"}}
1791518134709 0c3be847 > {"error":null,"id":406,"jsonrpc":"2.0","result":{"status":"OK_OFF_BEST_CHAIN"}}
1791518135770 0c3be847 > {"error":null,"id":407,"jsonrpc":"2.0","result":{"status":"OK"}}
1791518135770 0c3be847 > {"jsonrpc":"2.0","method":"job","params":{"algo":"rx/blacksilk","blob":"4253696c6b2f31a5d2208e81cc51311c520e8dd0397955fb966a8debc4c3a697bef85a0f8037aa000000006825b53a","height":294,"job_id":"297","seed_hash":"3dbdba2aca8842cd3e02c7d8c72078f77ff132cc3c84a7f8b87891d0cc106141","target":"e0bc9a7856341200"}}
1791518136634 0c3be847 < {"id":408,"jsonrpc":"2.0","method":"submit","params":{"id":"0c3be847","job_id":"297","nonce":"f5800000","result":"84bd469bde6582f86a483e4e7d7f1724d485226fca2a04b0064729b778070c00","algo":"rx/blacksilk"}}
1791518137308 0c3be847 < {"id":409,"jsonrpc":"2.0","method":"submit","params":{"id":"0c3be847","job_id":"297","nonce":"bc810100","result":"44944e46a7869ce72fb1060b570d5360e2b0c12d828ec5ab51a17891389f0b00","algo":"rx/blacksilk"}}
1791518137652 0c3be847 > {"error":null,"id":408,"jsonrpc":"2.0","result":{"status":"OK"}}
1791518137670 0c3be847 > {"jsonrpc":"2.0","method":"job","params":{"algo":"rx/blacksilk","blob":"4253696c6b2f3198fc53095b77acf7287e22cc1d09981e83fda4881f5f192fde8c057112d1135000000000db4843ac","height":295,"job_id":"298","seed_hash":"3dbdba2aca8842cd3e02c7d8c72078f77ff132cc3c84a7f8b87891d0cc106141","target":"e0bc9a7856341200"}}
1791518138718 0c3be847 > {"error":null,"id":409,"jsonrpc":"2.0","result":{"status":"OK_OFF_BEST_CHAIN"}}
1791518139828 0c3be847 < {"id":410,"jsonrpc":"2.0","method":"submit","params":{"id":"0c3be847","job_id":"298","nonce":"88020100","result":"d536c2c57a0e0fb5e6b9a71bd31a1e392226ff672a15e21af9dfd4cf94e70e00","algo":"rx/blacksilk"}}
1791518139974 0c3be847 < {"id":411,"jsonrpc":"2.0","method":"submit","params":{"id":"0c3be847","job_id":"298","nonce":"b5020000","result":"3dabbe4dee5ebbe3b84eb57b1f8b191b3283579bd807ea3206602014af0b0a00","algo":"rx/blacksilk"}}
1791518140891 0c3be847 > {"error":null,"id":410,"jsonrpc":"2.0","result":{"status":"OK"}}
1791518140909 0c3be847 > {"jsonrpc":"2.0","method":"job","params":{"algo":"rx/blacksilk","blob":"4253696c6b2f313014c3e7e123330286570b943a00a05f2aa8ce688f0a859744ca421f7b3f32ce00000000c17adaaa","height":296,"job_id":"299","seed_hash":"3dbdba2aca8842cd3e02c7d8c72078f77ff132cc3c84a7f8b87891d0cc106141","target":"e0bc9a7856341200"}}
1791518141918 0c3be847 < {"id":412,"jsonrpc":"2.0","method":"submit","params":{"id":"0c3be847","job_id":"299","nonce":"0d810100","result":"da6206ac4a36392028b16923d419c625337161f8c101c009f546953763af0600","algo":"rx/blacksilk"}}
1791518141970 0c3be847 > {"error":null,"id":411,"jsonrpc":"2.0","result":{"status":"OK_OFF_BEST_CHAIN"}}
1791518142999 0c3be847 > {"error":null,"id":412,"jsonrpc":"2.0","result":{"status":"OK"}}
1791518143024 0c3be847 < {"id":413,"jsonrpc":"2.0","method":"submit","params":{"id":"0c3be847","job_id":"299","nonce":"3f820100","result":"6f6c4d221b813aea6dff342ac415991cffb71a430f457850aa48ac7d61fc0b00","algo":"rx/blacksilk"}}
1791518143029 0c3be847 > {"jsonrpc":"2.0","method":"job","params":{"algo":"rx/blacksilk","blob":"4253696c6b2f31a0a1c3ca3743501da4750a0b0ed2f982033b10fe88acae2b7781d691a8cc64ea00000000d69b9fc7","height":297,"job_id":"300","seed_hash":"3dbdba2aca8842cd3e02c7d8c72078f77ff132cc3c84a7f8b87891d0cc106141","target":"e0bc9a7856341200"}}
1791518144018 0c3be847 > {"error":null,"id":413,"jsonrpc":"2.0","result":{"status":"OK_OFF_BEST_CHAIN"}}
1791518146716 0c3be847 < {"id":414,"jsonrpc":"2.0","method":"submit","params":{"id":"0c3be847","job_id":"300","nonce":"3a840000","result":"43fd87b4b3f47d80e04743a4fbafb3eb9f794c3cdbabda7e4667a9e772d60900","algo":"rx/blacksilk"}}
1791518147750 0c3be847 > {"error":null,"id":414,"jsonrpc":"2.0","result":{"status":"OK"}}
1791518147770 0c3be847 > {"jsonrpc":"2.0","method":"job","params":{"algo":"rx/blacksilk","blob":"4253696c6b2f31b36e7675443f438cf7a2f90af7cc27cd5dcaedf0e2a1037f9e3de26484f8323e00000000e7fd9176","height":298,"job_id":"301","seed_hash":"3dbdba2aca8842cd3e02c7d8c72078f77ff132cc3c84a7f8b87891d0cc106141","target":"e0bc9a7856341200"}}
1791518149572 0c3be847 < {"id":415,"jsonrpc":"2.0","method":"submit","params":{"id":"0c3be847","job_id":"301","nonce":"fe010100","result":"4e16009424b616a5da387f910545eab7794cc54f184948a125ce9047fb640000","algo":"rx/blacksilk"}}
1791518150782 0c3be847 > {"error":null,"id":415,"jsonrpc":"2.0","result":{"status":"OK"}}
1791518150807 0c3be847 > {"jsonrpc":"2.0","method":"job","params":{"algo":"rx/blacksilk","blob":"4253696c6b2f316ec6f9f1b1e7c471be314925c6830930e72da5905abcbbb4a6b5219e18c2f24600000000cca02066","height":299,"job_id":"302","seed_hash":"3dbdba2aca8842cd3e02c7d8c72078f77ff132cc3c84a7f8b87891d0cc106141","target":"e0bc9a7856341200"}}
1791518155094 0c3be847 < {"id":416,"jsonrpc":"2.0","method":"submit","params":{"id":"0c3be847","job_id":"302","nonce":"0a050000","result":"e2b6605710943b95e5fdfad6a981bbc843b9b241717f2ad3f5ced73fae960e00","algo":"rx/blacksilk"}}
1791518156100 0c3be847 > {"error":null,"id":416,"jsonrpc":"2.0","result":{"status":"OK"}}
1791518156131 0c3be847 > {"jsonrpc":"2.0","method":"job","params":{"algo":"rx/blacksilk","blob":"4253696c6b2f31d144c8fb229a12c8825869c3cbd5cff1321c83b9c92f7c41a6bd6a77bf5e096d00000000341b172b","height":300,"job_id":"303","seed_hash":"3dbdba2aca8842cd3e02c7d8c72078f77ff132cc3c84a7f8b87891d0cc106141","target":"e0bc9a7856341200"}}
1791518159387 0c3be847 < {"id":417,"jsonrpc":"2.0","method":"submit","params":{"id":"0c3be847","job_id":"303","nonce":"d6030000","result":"7ffcf2b861546b10aed68e62ea3cc903d895d46e13dfd19a33eeb7252da80c00","algo":"rx/blacksilk"}}
1791518160405 0c3be847 < {"id":418,"jsonrpc":"2.0","method":"submit","params":{"id":"0c3be847","job_id":"303","nonce":"fc040100","result":"be3272d157ad714337ab6a6c76ded4133d3fe137d27caf1b12a511ba81e70000","algo":"rx/blacksilk"}}
1791518160419 0c3be847 > {"error":null,"id":417,"jsonrpc":"2.0","result":{"status":"OK"}}
1791518160438 0c3be847 > {"jsonrpc":"2.0","method":"job","params":{"algo":"rx/blacksilk","blob":"4253696c6b2f319c240cbe39acbabdb53067abcfe68e9460f691bcb3a4de4b681019e8938fba3e00000000a0bba55e","height":301,"job_id":"304","seed_hash":"3dbdba2aca8842cd3e02c7d8c72078f77ff132cc3c84a7f8b87891d0cc106141","target":"e0bc9a7856341200"}}
1791518161479 0c3be847 > {"error":null,"id":418,"jsonrpc":"2.0","result":{"status":"OK_OFF_BEST_CHAIN"}}
1791518162236 0c3be847 < {"id":419,"jsonrpc":"2.0","method":"submit","params":{"id":"0c3be847","job_id":"304","nonce":"fc010000","result":"a7cd570a95b0db207aab5fd3519eb36eefae3ef044963a018716c5b1ba320700","algo":"rx/blacksilk"}}
1791518163282 0c3be847 > {"error":null,"id":419,"jsonrpc":"2.0","result":{"status":"OK"}}
1791518163282 0c3be847 > {"jsonrpc":"2.0","method":"job","params":{"algo":"rx/blacksilk","blob":"4253696c6b2f31107852799a127123dea1c22f1fe38d402bdd1315cf554aab342dcb19581d009900000000cb18afe8","height":302,"job_id":"305","seed_hash":"3dbdba2aca8842cd3e02c7d8c72078f77ff132cc3c84a7f8b87891d0cc106141","target":"e0bc9a7856341200"}}
1791518163784 0c3be847 < {"id":420,"jsonrpc":"2.0","method":"submit","params":{"id":"0c3be847","job_id":"305","nonce":"95800000","result":"64b12b6b6d98323b4cdd285a3ba06411ae61ba87855f0b0eb80e744b684a0500","algo":"rx/blacksilk"}}
1791518164192 0c3be847 < {"id":421,"jsonrpc":"2.0","method":"submit","params":{"id":"0c3be847","job_id":"305","nonce":"fe000000","result":"d01bad754399f9b4893d2e20ccb0075a3d600162003a28e6b4df183448c40600","algo":"rx/blacksilk"}}
1791518164452 0c3be847 < {"id":422,"jsonrpc":"2.0","method":"submit","params":{"id":"0c3be847","job_id":"305","nonce":"46010000","result":"01988a77701505d0d91fa458a96657fec56271cf749fdd9a980e4e129c6a0c00","algo":"rx/blacksilk"}}
1791518164808 0c3be847 > {"error":null,"id":420,"jsonrpc":"2.0","result":{"status":"OK"}}
1791518164828 0c3be847 > {"jsonrpc":"2.0","method":"job","params":{"algo":"rx/blacksilk","blob":"4253696c6b2f318b16bf796517ab63e582cf22439c46f93521f3ff64b1f26359b755520f0af7150000000053bace2a","height":303,"job_id":"306","seed_hash":"3dbdba2aca8842cd3e02c7d8c72078f77ff132cc3c84a7f8b87891d0cc106141","target":"e0bc9a7856341200"}}
1791518165876 0c3be847 > {"error":null,"id":421,"jsonrpc":"2.0","result":{"status":"OK_OFF_BEST_CHAIN"}}
1791518166961 0c3be847 > {"error":null,"id":422,"jsonrpc":"2.0","result":{"status":"OK_OFF_BEST_CHAIN"}}
1791518169848 0c3be847 < {"id":423,"jsonrpc":"2.0","method":"submit","params":{"id":"0c3be847","job_id":"306","nonce":"a9050000","result":"0f8a3d3f3c58e5c9ac6bac59b7dfef065fb2f1252aebab9edc4f315f68970100","algo":"rx/blacksilk"}}
1791518170872 0c3be847 > {"error":null,"id":423,"jsonrpc":"2.0","result":{"status":"OK"}}
1791518170888 0c3be847 > {"jsonrpc":"2.0","method":"job","params":{"algo":"rx/blacksilk","blob":"4253696c6b2f31549f20f4f27a544df230a5e5cb1416195165cf02c70b35b9727904ba2c3a0d8b00000000c5255271","height":304,"job_id":"307","seed_hash":"3dbdba2aca8842cd3e02c7d8c72078f77ff132cc3c84a7f8b87891d0cc106141","target":"e0bc9a7856341200"}}
1791518171771 0c3be847 < {"id":424,"jsonrpc":"2.0","method":"submit","params":{"id":"0c3be847","job_id":"307","nonce":"f3800000","result":"3f00ba3da925c809eaae2869c8cbd6c1ba2f5bb4fa0395a18376ff41108d0300","algo":"rx/blacksilk"}}
1791518172820 0c3be847 > {"error":null,"id":424,"jsonrpc":"2.0","result":{"status":"OK"}}
1791518172841 0c3be847 > {"jsonrpc":"2.0","method":"job","params":{"algo":"rx/blacksilk","blob":"4253696c6b2f3119df9e4e6f65d67c090df3153e22ac0f5d9f246ee002176aa7eee5fbad576b60000000003dccb24b","height":305,"job_id":"308","seed_hash":"3dbdba2aca8842cd3e02c7d8c72078f77ff132cc3c84a7f8b87891d0cc106141","target":"e0bc9a7856341200"}}
1791518173564 0c3be847 < {"id":425,"jsonrpc":"2.0","method":"submit","params":{"id":"0c3be847","job_id":"308","nonce":"d4800100","result":"7ea6f96d132bbeac1d591187e2109143c38779e8d9a9eba5b568bfa6c0970d00","algo":"rx/blacksilk"}}
1791518174598 0c3be847 > {"error":null,"id":425,"jsonrpc":"2.0","result":{"status":"OK"}}
1791518174628 0c3be847 > {"jsonrpc":"2.0","method":"job","params":{"algo":"rx/blacksilk","blob":"4253696c6b2f31a40619604ff4656542a4ec2abac27c9f4be525e41be64566290a25202190e3ef000000004b09291b","height":306,"job_id":"309","seed_hash":"3dbdba2aca8842cd3e02c7d8c72078f77ff132cc3c84a7f8b87891d0cc106141","target":"e0bc9a7856341200"}}
1791518175016 0c3be847 < {"id":426,"jsonrpc":"2.0","method":"submit","params":{"id":"0c3be847","job_id":"309","nonce":"6c000100","result":"37f1284f0fc39c29dcc4ac2ebe6679e7f31fa6f034f2ddca9745871408320000","algo":"rx/blacksilk"}}
1791518176052 0c3be847 > {"error":null,"id":426,"jsonrpc":"2.0","result":{"status":"OK"}}
1791518176052 0c3be847 > {"jsonrpc":"2.0","method":"job","params":{"algo":"rx/blacksilk","blob":"4253696c6b2f31243df0b6d458ceb023cbdea18fbf4597bbc67376c2fb398f55571f80ab3571ca000000005e5e2d5b","height":307,"job_id":"310","seed_hash":"3dbdba2aca8842cd3e02c7d8c72078f77ff132cc3c84a7f8b87891d0cc106141","target":"e0bc9a7856341200"}}
1791518187533 0c3be847 < {"id":427,"jsonrpc":"2.0","method":"submit","params":{"id":"0c3be847","job_id":"310","nonce":"3f0d0000","result":"d34d9de02862cc6b78c200d988d1c934025cdb6e888544d748f1b35702ce0d00","algo":"rx/blacksilk"}}
1791518188548 0c3be847 > {"error":null,"id":427,"jsonrpc":"2.0","result":{"status":"OK"}}
1791518188565 0c3be847 > {"jsonrpc":"2.0","method":"job","params":{"algo":"rx/blacksilk","blob":"4253696c6b2f3167a97ad52aa8d2588fdfb3a0547c70f3ad67a7addfe0fb0a1d557269cbd2757200000000cbf8dd36","height":308,"job_id":"311","seed_hash":"3dbdba2aca8842cd3e02c7d8c72078f77ff132cc3c84a7f8b87891d0cc106141","target":"e0bc9a7856341200"}}
1791518189255 0c3be847 < {"id":428,"jsonrpc":"2.0","method":"submit","params":{"id":"0c3be847","job_id":"311","nonce":"d1800100","result":"1b92feef6e0b93ca5d918b14d7cc70020f3032dc28832ea925efdd1bcd0e0600","algo":"rx/blacksilk"}}
1791518190255 0c3be847 > {"error":null,"id":428,"jsonrpc":"2.0","result":{"status":"OK"}}
1791518190269 0c3be847 > {"jsonrpc":"2.0","method":"job","params":{"algo":"rx/blacksilk","blob":"4253696c6b2f3173367a06a21b7ea0453828c5dcaed52f2b2fed9544cee8fb92d2d46b9cedd7d000000000e0980f07","height":309,"job_id":"312","seed_hash":"3dbdba2aca8842cd3e02c7d8c72078f77ff132cc3c84a7f8b87891d0cc106141","target":"e0bc9a7856341200"}}
1791518195891 0c3be847 < {"id":429,"jsonrpc":"2.0","method":"submit","params":{"id":"0c3be847","job_id":"312","nonce":"88860100","result":"5a1af290cbab946d4a9a9dbb6e72e87f1cc64fae0696caaf9ea8793f44650700","algo":"rx/blacksilk"}}
1791518196940 0c3be847 > {"error":null,"id":429,"jsonrpc":"2.0","result":{"status":"OK"}}
1791518196963 0c3be847 > {"jsonrpc":"2.0","method":"job","params":{"algo":"rx/blacksilk","blob":"4253696c6b2f3172d5f2dda069314604ac2c451a52f942bdbd7c6faf540d7007dd6256c252919d000000009c420c28","height":310,"job_id":"313","seed_hash":"3dbdba2aca8842cd3e02c7d8c72078f77ff132cc3c84a7f8b87891d0cc106141","target":"e0bc9a7856341200"}}
1791518198737 0c3be847 < {"id":430,"jsonrpc":"2.0","method":"submit","params":{"id":"0c3be847","job_id":"313","nonce":"0e020000","result":"e1098d4c1d79453f3eb019ad4f9f1af016f4f1984479960c42677753a87c0700","algo":"rx/blacksilk"}}
1791518199784 0c3be847 > {"error":null,"id":430,"jsonrpc":"2.0","result":{"status":"OK"}}
1791518199798 0c3be847 > {"jsonrpc":"2.0","method":"job","params":{"algo":"rx/blacksilk","blob":"4253696c6b2f3116dbf331f4a446401747bc6613fdcaac8adc3171ab1a848918003ddbe5099a4e00000000fda04330","height":311,"job_id":"314","seed_hash":"3dbdba2aca8842cd3e02c7d8c72078f77ff132cc3c84a7f8b87891d0cc106141","target":"e0bc9a7856341200"}}
1791518205622 0c3be847 < {"id":431,"jsonrpc":"2.0","method":"submit","params":{"id":"0c3be847","job_id":"314","nonce":"c9860100","result":"126579eeeb8a23b0bb4b3120565c437e4674787c9c48720c696eab109d230400","algo":"rx/blacksilk"}}
1791518206668 0c3be847 > {"error":null,"id":431,"jsonrpc":"2.0","result":{"status":"OK"}}
1791518206695 0c3be847 > {"jsonrpc":"2.0","method":"job","params":{"algo":"rx/blacksilk","blob":"4253696c6b2f31f63761179f6f1bc198615343f8eeb6152d706b87d089748e096f4b4273428ec600000000cfb34a3e","height":312,"job_id":"315","seed_hash":"3dbdba2aca8842cd3e02c7d8c72078f77ff132cc3c84a7f8b87891d0cc106141","target":"e0bc9a7856341200"}}
1791518210560 0c3be847 < {"id":432,"jsonrpc":"2.0","method":"submit","params":{"id":"0c3be847","job_id":"315","nonce":"58840100","result":"4343526d19e61c801102dcb8113bca0edd3cb825a048ec9807bc133056ed0300","algo":"rx/blacksilk"}}
1791518211612 0c3be847 > {"error":null,"id":432,"jsonrpc":"2.0","result":{"status":"OK"}}
1791518211634 0c3be847 > {"jsonrpc":"2.0","method":"job","params":{"algo":"rx/blacksilk","blob":"4253696c6b2f314b0868c9cb3031b9f187f4cbb6f3b87acae571f5e675a4cd22101022cac3c0cf00000000c169e5ac","height":313,"job_id":"316","seed_hash":"3dbdba2aca8842cd3e02c7d8c72078f77ff132cc3c84a7f8b87891d0cc106141","target":"e0bc9a7856341200"}}
1791518213124 0c3be847 < {"id":433,"jsonrpc":"2.0","method":"submit","params":{"id":"0c3be847","job_id":"316","nonce":"a9010000","result":"85615f95660721f33fcb7958caba4e29a3c2d962eb9c8d171d806418d0d80a00","algo":"rx/blacksilk"}}
1791518214175 0c3be847 > {"error":null,"id":433,"jsonrpc":"2.0","result":{"status":"OK"}}
1791518214189 0c3be847 > {"jsonrpc":"2.0","method":"job","params":{"algo":"rx/blacksilk","blob":"4253696c6b2f3183c7fd65d6e40668354e58fdbb44ad607c16ffaee9ecd2123d5da44e9e0915f0000000008cdea317","height":314,"job_id":"317","seed_hash":"3dbdba2aca8842cd3e02c7d8c72078f77ff132cc3c84a7f8b87891d0cc106141","target":"e0bc9a7856341200"}}
1791518216092 0c3be847 < {"id":434,"jsonrpc":"2.0","method":"submit","params":{"id":"0c3be847","job_id":"317","nonce":"3f020000","result":"947a00e43fc396f63d893e4b35112023ca50a4a3ae3962204eb448f5b65b0c00","algo":"rx/blacksilk"}}
1791518217116 0c3be847 > {"error":null,"id":434,"jsonrpc":"2.0","result":{"status":"OK"}}
1791518217143 0c3be847 > {"jsonrpc":"2.0","method":"job","params":{"algo":"rx/blacksilk","blob":"4253696c6b2f3146a97d75fa6179a09724188ea99843c53b765411ad21f5dd3627414648deb33b000000006c06b6a5","height":315,"job_id":"318","seed_hash":"3dbdba2aca8842cd3e02c7d8c72078f77ff132cc3c84a7f8b87891d0cc106141","target":"e0bc9a7856341200"}}
1791518219463 0c3be847 < {"id":435,"jsonrpc":"2.0","method":"submit","params":{"id":"0c3be847","job_id":"318","nonce":"b2020100","result":"0aa731289e5935dc3956f017719a89d0bf7a8066c8937d9131fe8ca4a3091000","algo":"rx/blacksilk"}}
1791518220489 0c3be847 > {"error":null,"id":435,"jsonrpc":"2.0","result":{"status":"OK"}}
1791518220515 0c3be847 > {"jsonrpc":"2.0","method":"job","params":{"algo":"rx/blacksilk","blob":"4253696c6b2f31cd00cce4c5bdb3b21884d6912983ee891e2217229307691ec64fb080ebca85e7000000006a736526","height":316,"job_id":"319","seed_hash":"3dbdba2aca8842cd3e02c7d8c72078f77ff132cc3c84a7f8b87891d0cc106141","target":"e0bc9a7856341200"}}
1791518220864 0c3be847 < {"id":436,"jsonrpc":"2.0","method":"submit","params":{"id":"0c3be847","job_id":"319","nonce":"66000000","result":"1af73691d534f95dc27c8deb0043b125e003b7fd7c0928d8f181c4e94def0100","algo":"rx/blacksilk"}}
1791518221882 0c3be847 > {"error":null,"id":436,"jsonrpc":"2.0","result":{"status":"OK"}}
1791518221899 0c3be847 > {"jsonrpc":"2.0","method":"job","params":{"algo":"rx/blacksilk","blob":"4253696c6b2f319ae20479a666bb0bab0529ce20eba2081822a1e5f5f810b3a6557ff611396af100000000b6fa5b18","height":317,"job_id":"320","seed_hash":"3dbdba2aca8842cd3e02c7d8c72078f77ff132cc3c84a7f8b87891d0cc106141","target":"e0bc9a7856341200"}}
1791518222928 0c3be847 < {"id":437,"jsonrpc":"2.0","method":"submit","params":{"id":"0c3be847","job_id":"320","nonce":"34010000","result":"123a9168cf060aecd850d1d77553edb3d7238d37471d274bbd27da178a5f0900","algo":"rx/blacksilk"}}
1791518223093 0c3be847 < {"id":438,"jsonrpc":"2.0","method":"submit","params":{"id":"0c3be847","job_id":"320","nonce":"5a810000","result":"fe7a0a4640afc799c602f1e84d5a3f8a986cebfabaee7deaa4ed4bccd7f20a00","algo":"rx/blacksilk"}}
1791518223937 0c3be847 > {"error":null,"id":437,"jsonrpc":"2.0","result":{"status":"OK"}}
1791518223953 0c3be847 > {"jsonrpc":"2.0","method":"job","params":{"algo":"rx/blacksilk","blob":"4253696c6b2f313a4162c38939bdb70605485a6f13e62c43a888293603dd76dc1a172357fdb55c00000000f3e078dd","height":318,"job_id":"321","seed_hash":"3dbdba2aca8842cd3e02c7d8c72078f77ff132cc3c84a7f8b87891d0cc106141","target":"e0bc9a7856341200"}}
1791518224094 0c3be847 < {"id":439,"jsonrpc":"2.0","method":"submit","params":{"id":"0c3be847","job_id":"321","nonce":"24800100","result":"ddec619ab5ffa227bb730b386c3c4c57382769d0f9cfef9e0340b1feb9a00c00","algo":"rx/blacksilk"}}
1791518224978 0c3be847 > {"error":null,"id":438,"jsonrpc":"2.0","result":{"status":"OK_OFF_BEST_CHAIN"}}
1791518225962 0c3be847 < {"id":440,"jsonrpc":"2.0","method":"submit","params":{"id":"0c3be847","job_id":"321","nonce":"44020000","result":"8491776bd82a5f37421116dda420b504cf596681376d74b7c50c6057f4c20400","algo":"rx/blacksilk"}}
1791518226042 0c3be847 > {"error":null,"id":439,"jsonrpc":"2.0","result":{"status":"OK"}}
1791518226074 0c3be847 > {"jsonrpc":"2.0","method":"job","params":{"algo":"rx/blacksilk","blob":"4253696c6b2f31f7af580cf7fe8caa2d62ff79a958b8ed567e1e28fb88ab60f1e84e53796db44600000000a4ef044f","height":319,"job_id":"322","seed_hash":"3dbdba2aca8842cd3e02c7d8c72078f77ff132cc3c84a7f8b87891d0cc106141","target":"e0bc9a7856341200"}}
1791518227088 0c3be847 > {"error":null,"id":440,"jsonrpc":"2.0","result":{"status":"OK_OFF_BEST_CHAIN"}}
1791518234586 0c3be847 < {"id":441,"jsonrpc":"2.0","method":"submit","params":{"id":"0c3be847","job_id":"322","nonce":"cd890100","result":"3d1fde36cea798a52aedc3e8e4a8032ab5fc20246a12d4c7c913cc47ee150c00","algo":"rx/blacksilk"}}
1791518234920 0c3be847 < {"id":442,"jsonrpc":"2.0","method":"submit","params":{"id":"0c3be847","job_id":"322","nonce":"298a0100","result":"6985aae50935412f142bfb37fb3810116224be1da024ac1246813b87fdfd0400","algo":"rx/blacksilk"}}
1791518235622 0c3be847 > {"error":null,"id":441,"jsonrpc":"2.0","result":{"status":"OK"}}
1791518235638 0c3be847 > {"jsonrpc":"2.0","method":"job","params":{"algo":"rx/blacksilk","blob":"4253696c6b2f31c7e0e44970b57aa49a4de6eaa888d272037a90456ced22e66eb571d047e41a0a0000000096c721de","height":320,"job_id":"323","seed_hash":"3dbdba2aca8842cd3e02c7d8c72078f77ff132cc3c84a7f8b87891d0cc106141","target":"e0bc9a7856341200"}}
1791518236649 0c3be847 > {"error":null,"id":442,"jsonrpc":"2.0","result":{"status":"OK_OFF_BEST_CHAIN"}}
1791518237224 0c3be847 < {"id":443,"jsonrpc":"2.0","method":"submit","params":{"id":"0c3be847","job_id":"323","nonce":"cb010000","result":"f5befaefe7bcaec79ad98ee224bcfbc79ff70002fb042c5b2e73e750b4de0c00","algo":"rx/blacksilk"}}
1791518238225 0c3be847 > {"error":null,"id":443,"jsonrpc":"2.0","result":{"status":"OK"}}
1791518238243 0c3be847 > {"jsonrpc":"2.0","method":"job","params":{"algo":"rx/blacksilk","blob":"4253696c6b2f31a5686ffb62c1f0e9fc71f9f8679cbbdaccc8d0aa64e82835ec4ffa77d8a95a2b00000000ab0b5c9b","height":321,"job_id":"324","seed_hash":"3dbdba2aca8842cd3e02c7d8c72078f77ff132cc3c84a7f8b87891d0cc106141","target":"e0bc9a7856341200"}}
1791518241341 0c3be847 < {"id":444,"jsonrpc":"2.0","method":"submit","params":{"id":"0c3be847","job_id":"324","nonce":"93030100","result":"64fe3d22a1e7e9906a515a0916750404f43db3b50d2e86bc3099c77bb9040700","algo":"rx/blacksilk"}}
1791518241654 0c3be847 < {"id":445,"jsonrpc":"2.0","method":"submit","params":{"id":"0c3be847","job_id":"324","nonce":"f5030100","result":"593d75cd06a9d0f53de939c52569b57bf9d630d1e6877dafa2ff774b3ad10d00","algo":"rx/blacksilk"}}
1791518242356 0c3be847 > {"error":null,"id":444,"jsonrpc":"2.0","result":{"status":"OK"}}
1791518242380 0c3be847 > {"jsonrpc":"2.0","method":"job","params":{"algo":"rx/blacksilk","blob":"4253696c6b2f31bf73202fa7e8d9ed5756a55ecd1843f042ac78ba99068169b69048a670fde0f400000000ea1a98f6","height":322,"job_id":"325","seed_hash":"3dbdba2aca8842cd3e02c7d8c72078f77ff132cc3c84a7f8b87891d0cc106141","target":"e0bc9a7856341200"}}
1791518243435 0c3be847 > {"error":null,"id":445,"jsonrpc":"2.0","result":{"status":"OK_OFF_BEST_CHAIN"}}
1791518244313 0c3be847 < {"id":446,"jsonrpc":"2.0","method":"submit","params":{"id":"0c3be847","job_id":"325","nonce":"1e820000","result":"a22b483db42740288772ac5ce0a85a8f58815a63ff195001bdd70f14273b0400","algo":"rx/blacksilk"}}
1791518245342 0c3be847 > {"error":null,"id":446,"jsonrpc":"2.0","result":{"status":"OK"}}
1791518245342 0c3be847 > {"jsonrpc":"2.0","method":"job","params":{"algo":"rx/blacksilk","blob":"4253696c6b2f3116d240b35e0a79f19fe5dca7d487d54ee50f037cbc393d1e44d675117de28c8a00000000ed3f22ad","height":323,"job_id":"326","seed_hash":"3dbdba2aca8842cd3e02c7d8c72078f77ff132cc3c84a7f8b87891d0cc106141","target":"e0bc9a7856341200"}}
1791518255481 0c3be847 < {"id":447,"jsonrpc":"2.0","method":"submit","params":{"id":"0c3be847","job_id":"326","nonce":"b20b0000","result":"8d5f28bd6c8c700a52e57228c8cfe567e7ac0bc569989015727c0972a0c80900","algo":"rx/blacksilk"}}
1791518255718 0c3be847 < {"id":448,"jsonrpc":"2.0","method":"submit","params":{"id":"0c3be847","job_id":"326","nonce":"f10b0000","result":"9bf8d7d8a9d2310b51800ccc35ce9e6e34d0cfa88fa205df207554790f2c0700","algo":"rx/blacksilk"}}
1791518256530 0c3be847 > {"error":null,"id":447,"jsonrpc":"2.0","result":{"status":"OK"}}
1791518256554 0c3be847 > {"jsonrpc":"2.0","method":"job","params":{"algo":"rx/blacksilk","blob":"4253696c6b2f314842bc21ea78a877cfe645d899c94dee823d10e4fb6c44a55e099f806e05f91400000000a3656e2e","height":324,"job_id":"327","seed_hash":"3dbdba2aca8842cd3e02c7d8c72078f77ff132cc3c84a7f8b87891d0cc106141","target":"e0bc9a7856341200"}}
1791518256661 0c3be847 < {"id":449,"jsonrpc":"2.0","method":"submit","params":{"id":"0c3be847","job_id":"327","nonce":"19800100","result":"1d7ab23c3369465bb9fac8af93ff4ca3e699bba080a7febcb6fbb7089f020600","algo":"rx/blacksilk"}}
1791518257611 0c3be847 > {"error":null,"id":448,"jsonrpc":"2.0","result":{"status":"OK_OFF_BEST_CHAIN"}}
1791518258670 0c3be847 > {"error":null,"id":449,"jsonrpc":"2.0","result":{"status":"OK"}}
1791518258691 0c3be847 > {"jsonrpc":"2.0","method":"job","params":{"algo":"rx/blacksilk","blob":"4253696c6b2f3162f8ca262864f6a80ec2a4f09eae357c52c56669f5a8e3fe26e6dbffbb65808300000000a283d2fd","height":325,"job_id":"328","seed_hash":"3dbdba2aca8842cd3e02c7d8c72078f77ff132cc3c84a7f8b87891d0cc106141","target":"e0bc9a7856341200"}}
1791518263812 0c3be847 < {"id":450,"jsonrpc":"2.0","method":"submit","params":{"id":"0c3be847","job_id":"328","nonce":"0a060100","result":"4f83ccfd22fa18631475080620704105bc3ed91aef89531ed42c122de8d60400","algo":"rx/blacksilk"}}
1791518264267 0c3be847 < {"id":451,"jsonrpc":"2.0","method":"submit","params":{"id":"0c3be847","job_id":"328","nonce":"82060000","result":"345c6c854d66fbc58a9afcdddd0b838deba154f3012e143da68e37d5642b0f00","algo":"rx/blacksilk"}}
1791518264870 0c3be847 > {"error":null,"id":450,"jsonrpc":"2.0","result":{"status":"OK"}}
1791518264902 0c3be847 > {"jsonrpc":"2.0","method":"job","params":{"algo":"rx/blacksilk","blob":"4253696c6b2f312be671e4602f3b4dc6c3a7ad6bb3e82a3e1a5aa9aa15bc1b5f4cae043a5799d900000000e9eaa564","height":326,"job_id":"329","seed_hash":"3dbdba2aca8842cd3e02c7d8c72078f77ff132cc3c84a7f8b87891d0cc106141","target":"e0bc9a7856341200"}}
1791518265957 0c3be847 > {"error":null,"id":451,"jsonrpc":"2.0","result":{"status":"OK_OFF_BEST_CHAIN"}}
1791518268401 0c3be847 < {"id":452,"jsonrpc":"2.0","method":"submit","params":{"id":"0c3be847","job_id":"329","nonce":"d5030100","result":"2e8c94709492ccb422a82a829179aeb63a17e1a8b8f388b4ecb52f3f4ade0500","algo":"rx/blacksilk"}}
1791518269406 0c3be847 < {"id":453,"jsonrpc":"2.0","method":"submit","params":{"id":"0c3be847","job_id":"329","nonce":"07050000","result":"2ed9dfa0696346e2da00926c5c6748c55751efc810432fb06837ab9ff6f20200","algo":"rx/blacksilk"}}
1791518269473 0c3be847 < {"id":454,"jsonrpc":"2.0","method":"submit","params":{"id":"0c3be847","job_id":"329","nonce":"04850000","result":"b318491e41c7359b82b855b2d0f55be821c8b22e56b2dadbaaca4836f4f00800","algo":"rx/blacksilk"}}
1791518269477 0c3be847 > {"error":null,"id":452,"jsonrpc":"2.0","result":{"status":"OK"}}
1791518269509 0c3be847 > {"jsonrpc":"2.0","method":"job","params":{"algo":"rx/blacksilk","blob":"4253696c6b2f3120f10ba4a675ae9c155073b3dc5c0a6be249d135c9931d0b39fdfdbf387f4269000000004cc7b1c8","height":327,"job_id":"330","seed_hash":"3dbdba2aca8842cd3e02c7d8c72078f77ff132cc3c84a7f8b87891d0cc106141","target":"e0bc9a7856341200"}}
1791518270560 0c3be847 > {"error":null,"id":453,"jsonrpc":"2.0","result":{"status":"OK_OFF_BEST_CHAIN"}}
1791518270917 0c3be847 < {"id":455,"jsonrpc":"2.0","method":"submit","params":{"id":"0c3be847","job_id":"330","nonce":"99810100","result":"38d1fdf1d82462c5c8e724091cbe35888b5813c0eea4d782c87456b45afd0100","algo":"rx/blacksilk"}}
1791518271577 0c3be847 > {"error":null,"id":454,"jsonrpc":"2.0","result":{"status":"OK_OFF_BEST_CHAIN"}}
1791518271976 0c3be847 < {"id":456,"jsonrpc":"2.0","method":"submit","params":{"id":"0c3be847","job_id":"330","nonce":"97020000","result":"0b87348b434934fab2ec1234c3945b61c3f1766a0845ecf645d0140c1fa50000","algo":"rx/blacksilk"}}
1791518272304 0c3be847 < {"id":457,"jsonrpc":"2.0","method":"submit","params":{"id":"0c3be847","job_id":"330","nonce":"1d030100","result":"51294596f6adc83bcba096843e8e0e90481101a0934e94deed70630853b90a00","algo":"rx/blacksilk"}}
1791518272685 0c3be847 > {"error":null,"id":455,"jsonrpc":"2.0","result":{"status":"OK"}}
1791518272713 0c3be847 > {"jsonrpc":"2.0","method":"job","params":{"algo":"rx/blacksilk","blob":"4253696c6b2f31b08f88c6df39434417715c8d8668a9c7401f93f2e5035532c64bb81f87fabd0f000000006b220756","height":328,"job_id":"331","seed_hash":"3dbdba2aca8842cd3e02c7d8c72078f77ff132cc3c84a7f8b87891d0cc106141","target":"e0bc9a7856341200"}}
1791518273767 0c3be847 > {"error":null,"id":456,"jsonrpc":"2.0","result":{"status":"OK_OFF_BEST_CHAIN"}}
1791518274793 0c3be847 > {"error":null,"id":457,"jsonrpc":"2.0","result":{"status":"OK_OFF_BEST_CHAIN"}}
1791518283844 0c3be847 < {"id":458,"jsonrpc":"2.0","method":"submit","params":{"id":"0c3be847","job_id":"331","nonce":"b60c0100","result":"2780db4827e20e3c8630dc758d2bda757d692fe0e75161eee2ab68c97e640b00","algo":"rx/blacksilk"}}
1791518284870 0c3be847 > {"error":null,"id":458,"jsonrpc":"2.0","result":{"status":"OK"}}
1791518284870 0c3be847 > {"jsonrpc":"2.0","method":"job","params":{"algo":"rx/blacksilk","blob":"4253696c6b2f319ed1ec3d787395913c450b585dc803086f13ecefdb10a128482c25038bb9d9e90000000003c0d4e0","height":329,"job_id":"332","seed_hash":"3dbdba2aca8842cd3e02c7d8c72078f77ff132cc3c84a7f8b87891d0cc106141","target":"e0bc9a7856341200"}}
1791518286425 0c3be847 < {"id":459,"jsonrpc":"2.0","method":"submit","params":{"id":"0c3be847","job_id":"332","nonce":"d3010000","result":"ec03dd5528d2e6cb472fca61232875fc2bef37ecfc4a21731ffb9abd01f30700","algo":"rx/blacksilk"}}
1791518287483 0c3be847 > {"error":null,"id":459,"jsonrpc":"2.0","result":{"status":"OK"}}
1791518287504 0c3be847 > {"jsonrpc":"2.0","method":"job","params":{"algo":"rx/blacksilk","blob":"4253696c6b2f31b0d74d8c2aacc2ed0c35e3f7889a2a98697fa33e5c81c8c61e653058f5dc7047000000006e9cf84f","height":330,"job_id":"333","seed_hash":"3dbdba2aca8842cd3e02c7d8c72078f77ff132cc3c84a7f8b87891d0cc106141","target":"e0bc9a7856341200"}}
1791518293597 0c3be847 < {"id":460,"jsonrpc":"2.0","method":"submit","params":{"id":"0c3be847","job_id":"333","nonce":"01070000","result":"1907e96fa2ec41c79894032f0895417aa3d78133f06db45ae2842da3530b0200","algo":"rx/blacksilk"}}
1791518294623 0c3be847 > {"error":null,"id":460,"jsonrpc":"2.0","result":{"status":"OK"}}
1791518294647 0c3be847 > {"jsonrpc":"2.0","method":"job","params":{"algo":"rx/blacksilk","blob":"4253696c6b2f318d2bd7fe2b48b4b0d291fd65602a1df3af17fbef0ff91159f30c0a42ac9a134e000000005214a2ae","height":331,"job_id":"334","seed_hash":"3dbdba2aca8842cd3e02c7d8c72078f77ff132cc3c84a7f8b87891d0cc106141","target":"e0bc9a7856341200"}}
1791518300325 0c3be847 < {"id":461,"jsonrpc":"2.0","method":"submit","params":{"id":"0c3be847","job_id":"334","nonce":"ad860000","result":"488c735715aa8709c8aa70d85853b979f299a35158b4ec75722c5744d2c40800","algo":"rx/blacksilk"}}
1791518301349 0c3be847 > {"error":null,"id":461,"jsonrpc":"2.0","result":{"status":"OK"}}
1791518301350 0c3be847 > {"jsonrpc":"2.0","method":"job","params":{"algo":"rx/blacksilk","blob":"4253696c6b2f31f5898a963172b4e5f87eb12a7b542004dc605bbfe484b518b90746a0f6efdf740000000034b974e7","height":332,"job_id":"335","seed_hash":"3dbdba2aca8842cd3e02c7d8c72078f77ff132cc3c84a7f8b87891d0cc106141","target":"e0bc9a7856341200"}}
1791518310737 0c3be847 < {"id":462,"jsonrpc":"2.0","method":"submit","params":{"id":"0c3be847","job_id":"335","nonce":"9f0a0100","result":"add8d8e76a9807d250c38d65655b19983287cfc82de87186a2b9e7eed0ac0400","algo":"rx/blacksilk"}}
1791518311810 0c3be847 > {"error":null,"id":462,"jsonrpc":"2.0","result":{"status":"OK"}}
1791518311810 0c3be847 > {"jsonrpc":"2.0","method":"job","params":{"algo":"rx/blacksilk","blob":"4253696c6b2f31db1722bd529bd88525e3f32e4098a986d27c05b3b13579563ecae818b7b8577d00000000bfa8402d","height":333,"job_id":"336","seed_hash":"3dbdba2aca8842cd3e02c7d8c72078f77ff132cc3c84a7f8b87891d0cc106141","target":"e0bc9a7856341200"}}
1791518318097 0c3be847 < {"id":463,"jsonrpc":"2.0","method":"submit","params":{"id":"0c3be847","job_id":"336","nonce":"68870100","result":"8ac9256799db9811497be1f2bff6d56ee5ae509984ea877005ee001fcecf0d00","algo":"rx/blacksilk"}}
1791518319158 0c3be847 > {"error":null,"id":463,"jsonrpc":"2.0","result":{"status":"OK"}}
1791518319159 0c3be847 > {"jsonrpc":"2.0","method":"job","params":{"algo":"rx/blacksilk","blob":"4253696c6b2f3139a6f8193a3cb3a9234bbac4e3d831ab601ad2ba035a6e3bd312d032ba4a05e1000000002b974374","height":334,"job_id":"337","seed_hash":"3dbdba2aca8842cd3e02c7d8c72078f77ff132cc3c84a7f8b87891d0cc106141","target":"e0bc9a7856341200"}}
1791518319895 0c3be847 < {"id":464,"jsonrpc":"2.0","method":"submit","params":{"id":"0c3be847","job_id":"337","nonce":"da800100","result":"802f0433668d02e7ba490989d333a35bfae206b7506bcd37d70c10c2d15b1100","algo":"rx/blacksilk"}}
1791518320891 0c3be847 > {"error":null,"id":464,"jsonrpc":"2.0","result":{"status":"OK"}}
1791518320923 0c3be847 > {"jsonrpc":"2.0","method":"job","params":{"algo":"rx/blacksilk","blob":"4253696c6b2f3151b2eee39f5f633e02eda5753f7dc35b923f02d8d05434df65d86044e8f6b55d000000006a36dfdb","height":335,"job_id":"338","seed_hash":"3dbdba2aca8842cd3e02c7d8c72078f77ff132cc3c84a7f8b87891d0cc106141","target":"e0bc9a7856341200"}}
1791518321910 0c3be847 < {"id":465,"jsonrpc":"2.0","method":"submit","params":{"id":"0c3be847","job_id":"338","nonce":"29810000","result":"652f7972c5ff943af601b87d1fca6c96e1fe39d9206644b25b3cf824f6830100","algo":"rx/blacksilk"}}
1791518322949 0c3be847 > {"error":null,"id":465,"jsonrpc":"2.0","result":{"status":"OK"}}
1791518322975 0c3be847 > {"jsonrpc":"2.0","method":"job","params":{"algo":"rx/blacksilk","blob":"4253696c6b2f3128b134b82e6f2b9cc5ca9ce6a599f32a38408b19be8f90344600e5681d53b4f3000000001fa645db","height":336,"job_id":"339","seed_hash":"3dbdba2aca8842cd3e02c7d8c72078f77ff132cc3c84a7f8b87891d0cc106141","target":"e0bc9a7856341200"}}
1791518323104 0c3be847 < {"id":466,"jsonrpc":"2.0","method":"submit","params":{"id":"0c3be847","job_id":"339","nonce":"27800000","result":"0c10fe3219542b89032a817050dfeeb28582a7cb23d35a3b2fe9f012259f0d00","algo":"rx/blacksilk"}}
1791518324161 0c3be847 > {"error":null,"id":466,"jsonrpc":"2.0","result":{"status":"OK"}}
1791518324176 0c3be847 > {"jsonrpc":"2.0","method":"job","params":{"algo":"rx/blacksilk","blob":"4253696c6b2f315b02eace76293705bead18ebd3597bdb458a1cbadaf1641c3fec5b8fbbd45a59000000004646f966","height":337,"job_id":"340","seed_hash":"3dbdba2aca8842cd3e02c7d8c72078f77ff132cc3c84a7f8b87891d0cc106141","target":"e0bc9a7856341200"}}
1791518324836 0c3be847 < {"id":467,"jsonrpc":"2.0","method":"submit","params":{"id":"0c3be847","job_id":"340","nonce":"c5000100","result":"6577d6051168dafe2ff563d05abb8435363736deeed9e780c524d56644e90c00","algo":"rx/blacksilk"}}
1791518325876 0c3be847 > {"error":null,"id":467,"jsonrpc":"2.0","result":{"status":"OK"}}
1791518325894 0c3be847 > {"jsonrpc":"2.0","method":"job","params":{"algo":"rx/blacksilk","blob":"4253696c6b2f31bfca1669ebda402f682ffbe69002c4e41e6aca97857959e5e00fba3ff56a43e90000000062324c36","height":338,"job_id":"341","seed_hash":"3dbdba2aca8842cd3e02c7d8c72078f77ff132cc3c84a7f8b87891d0cc106141","target":"e0bc9a7856341200"}}
1791518328772 0c3be847 < {"id":468,"jsonrpc":"2.0","method":"submit","params":{"id":"0c3be847","job_id":"341","nonce":"52830000","result":"c783362791ad5ac7f62d26e3834bda837bfab3ab170edfcfddf63bec41cf0500","algo":"rx/blacksilk"}}
1791518329540 0c3be847 < {"id":469,"jsonrpc":"2.0","method":"submit","params":{"id":"0c3be847","job_id":"341","nonce":"27040100","result":"08550872827ced547cfddf469917b3434858616e5f405a4b34e6c77142950000","algo":"rx/blacksilk"}}
1791518329804 0c3be847 > {"error":null,"id":468,"jsonrpc":"2.0","result":{"status":"OK"}}
1791518329815 0c3be847 > {"jsonrpc":"2.0","method":"job","params":{"algo":"rx/blacksilk","blob":"4253696c6b2f311358c5ea8874d3e0494363f394a9e7ddfd5b847f7242d07aae0155de613ebff40000000031ad7720","height":339,"job_id":"342","seed_hash":"3dbdba2aca8842cd3e02c7d8c72078f77ff132cc3c84a7f8b87891d0cc106141","target":"e0bc9a7856341200"}}
1791518330772 0c3be847 < {"id":470,"jsonrpc":"2.0","method":"submit","params":{"id":"0c3be847","job_id":"342","nonce":"0b010000","result":"aa9e16e5b16f45bd430c34351785847d6ef7fc62229824f5dd68ccf69b070a00","algo":"rx/blacksilk"}}
1791518330886 0c3be847 > {"error":null,"id":469,"jsonrpc":"2.0","result":{"status":"OK_OFF_BEST_CHAIN"}}
1791518332061 0c3be847 > {"error":null,"id":470,"jsonrpc":"2.0","result":{"status":"OK"}}
1791518332062 0c3be847 > {"jsonrpc":"2.0","method":"job","params":{"algo":"rx/blacksilk","blob":"4253696c6b2f311f0675026d99d07b0294da2f9f393410da03dfa64384fe56dd3870e13299e44e000000003c705496","height":340,"job_id":"343","seed_hash":"3dbdba2aca8842cd3e02c7d8c72078f77ff132cc3c84a7f8b87891d0cc106141","target":"e0bc9a7856341200"}}
1791518333210 0c3be847 < {"id":471,"jsonrpc":"2.0","method":"submit","params":{"id":"0c3be847","job_id":"343","nonce":"4a010000","result":"5c09c4345cb089273bb8eb06e34a2934944ed6f8403775c9008c190cc9230900","algo":"rx/blacksilk"}}
1791518334264 0c3be847 > {"error":null,"id":471,"jsonrpc":"2.0","result":{"status":"OK"}}
1791518334264 0c3be847 > {"jsonrpc":"2.0","method":"job","params":{"algo":"rx/blacksilk","blob":"4253696c6b2f317138aedb6dcfa91e5cc980f46c83c2a1e0cd65a3dee07b3811546af4386492d9000000000910e2de","height":341,"job_id":"344","seed_hash":"3dbdba2aca8842cd3e02c7d8c72078f77ff132cc3c84a7f8b87891d0cc106141","target":"e0bc9a7856341200"}}
1791518335840 0c3be847 < {"id":472,"jsonrpc":"2.0","method":"submit","params":{"id":"0c3be847","job_id":"344","nonce":"d5810000","result":"a43c0e7e6d139cb5b6137e55eb3cefb1df1e4f12264709a34b217c294af00600","algo":"rx/blacksilk"}}
1791518336894 0c3be847 > {"error":null,"id":472,"jsonrpc":"2.0","result":{"status":"OK"}}
1791518336913 0c3be847 > {"jsonrpc":"2.0","method":"job","params":{"algo":"rx/blacksilk","blob":"4253696c6b2f31259abb1a71d5575e02052f2d632c02141baf54e5ce6ed8b56aa0819847dba92a000000005a6f8a39","height":342,"job_id":"345","seed_hash":"3dbdba2aca8842cd3e02c7d8c72078f77ff132cc3c84a7f8b87891d0cc106141","target":"e0bc9a7856341200"}}
1791518343964 0c3be847 < {"id":473,"jsonrpc":"2.0","method":"submit","params":{"id":"0c3be847","job_id":"345","nonce":"5b880100","result":"b1da5e8916d56c4b5e0e7acfe85ba6ee14715039ba189f5b32c6f1e983940a00","algo":"rx/blacksilk"}}
1791518344631 0c3be847 < {"id":474,"jsonrpc":"2.0","method":"submit","params":{"id":"0c3be847","job_id":"345","nonce":"03890000","result":"c6bff544a1bd3a6f14bdf2129e0498aa831463590e00b61ea5ca59eb90d00900","algo":"rx/blacksilk"}}
1791518345037 0c3be847 > {"error":null,"id":473,"jsonrpc":"2.0","result":{"status":"OK"}}
1791518345059 0c3be847 > {"jsonrpc":"2.0","method":"job","params":{"algo":"rx/blacksilk","blob":"4253696c6b2f31b08382724dfe60b70b83f7fe105c8ecb71923e067233a815ab351baa3335e37500000000079c0b10","height":343,"job_id":"346","seed_hash":"3dbdba2aca8842cd3e02c7d8c72078f77ff132cc3c84a7f8b87891d0cc106141","target":"e0bc9a7856341200"}}
1791518345950 0c3be847 < {"id":475,"jsonrpc":"2.0","method":"submit","params":{"id":"0c3be847","job_id":"346","nonce":"f8800100","result":"bec821ba2a2a3bb889d362f7ad4d561254327e681858cc201d452950f9971100","algo":"rx/blacksilk"}}
1791518346109 0c3be847 > {"error":null,"id":474,"jsonrpc":"2.0","result":{"status":"OK_OFF_BEST_CHAIN"}}
1791518347131 0c3be847 > {"error":null,"id":475,"jsonrpc":"2.0","result":{"status":"OK"}}
1791518347144 0c3be847 > {"jsonrpc":"2.0","method":"job","params":{"algo":"rx/blacksilk","blob":"4253696c6b2f31ecb990359fea78d774abe806fced9e74524ba2fb28d0b1fb85ed09d2762f4b1300000000220c7906","height":344,"job_id":"347","seed_hash":"3dbdba2aca8842cd3e02c7d8c72078f77ff132cc3c84a7f8b87891d0cc106141","target":"e0bc9a7856341200"}}
1791518348691 0c3be847 < {"id":476,"jsonrpc":"2.0","method":"submit","params":{"id":"0c3be847","job_id":"347","nonce":"c2810100","result":"52705f905fbaaeed4ed33178cf4f990127f4099463f23a4ae9a69cb4ae940e00","algo":"rx/blacksilk"}}
1791518349785 0c3be847 > {"error":null,"id":476,"jsonrpc":"2.0","result":{"status":"OK"}}
1791518349798 0c3be847 > {"jsonrpc":"2.0","method":"job","params":{"algo":"rx/blacksilk","blob":"4253696c6b2f310b8e8579bc5f0d7c18d60b1776857fadfebe45349d1e2deb6262150ff388cdad00000000d05b1d21","height":345,"job_id":"348","seed_hash":"3dbdba2aca8842cd3e02c7d8c72078f77ff132cc3c84a7f8b87891d0cc106141","target":"e0bc9a7856341200"}}
1791518351502 0c3be847 < {"id":477,"jsonrpc":"2.0","method":"submit","params":{"id":"0c3be847","job_id":"348","nonce":"01820000","result":"af9d0f846b05978b411d5afab2cccd8d36b6b1e270bee72943392841327b0500","algo":"rx/blacksilk"}}
1791518352564 0c3be847 > {"error":null,"id":477,"jsonrpc":"2.0","result":{"status":"OK"}}
1791518352585 0c3be847 > {"jsonrpc":"2.0","method":"job","params":{"algo":"rx/blacksilk","blob":"4253696c6b2f31ef6e37cea1bf3d9a376e11cb4aaf1f445bb03dd50e64b61bc863f094d9a99a6e000000005d771b27","height":346,"job_id":"349","seed_hash":"3dbdba2aca8842cd3e02c7d8c72078f77ff132cc3c84a7f8b87891d0cc106141","target":"e0bc9a7856341200"}}
1791518354069 0c3be847 < {"id":478,"jsonrpc":"2.0","method":"submit","params":{"id":"0c3be847","job_id":"349","nonce":"c4810000","result":"3d3cfb9e0b4a3cc2ee262448ca6c6a2d30881bade97ad265dce612e000530600","algo":"rx/blacksilk"}}
1791518354551 0c3be847 < {"id":479,"jsonrpc":"2.0","method":"submit","params":{"id":"0c3be847","job_id":"349","nonce":"4c020000","result":"9640886b4f906ef49e974ebd15fdc5225046231b4b55ce9c9fb6ef98b81a0c00","algo":"rx/blacksilk"}}
1791518354963 0c3be847 < {"id":480,"jsonrpc":"2.0","method":"submit","params":{"id":"0c3be847","job_id":"349","nonce":"b4020100","result":"81ace25a1d1c71df4f9821c8ceb4a1e2474bc60c7e7b5c00b80a7b882cc10f00","algo":"rx/blacksilk"}}
1791518355131 0c3be847 > {"error":null,"id":478,"jsonrpc":"2.0","result":{"status":"OK"}}
1791518355131 0c3be847 > {"jsonrpc":"2.0","method":"job","params":{"algo":"rx/blacksilk","blob":"4253696c6b2f315112ad4ea25c662ba20d229fa2d106ffe769f08a6b49a44b24f4faea6f82b30d00000000f59a7021","height":347,"job_id":"350","seed_hash":"3dbdba2aca8842cd3e02c7d8c72078f77ff132cc3c84a7f8b87891d0cc106141","target":"e0bc9a7856341200"}}
1791518356163 0c3be847 > {"error":null,"id":479,"jsonrpc":"2.0","result":{"status":"OK_OFF_BEST_CHAIN"}}
1791518357202 0c3be847 > {"error":null,"id":480,"jsonrpc":"2.0","result":{"status":"OK_OFF_BEST_CHAIN"}}
1791518358462 0c3be847 < {"id":481,"jsonrpc":"2.0","method":"submit","params":{"id":"0c3be847","job_id":"350","nonce":"b5030100","result":"4360b7b01e25ce09d4646df90c7fafb70750eb37aec7517d34d5910297a20300","algo":"rx/blacksilk"}}
1791518359516 0c3be847 > {"error":null,"id":481,"jsonrpc":"2.0","result":{"status":"OK"}}
1791518359516 0c3be847 > {"jsonrpc":"2.0","method":"job","params":{"algo":"rx/blacksilk","blob":"4253696c6b2f311f5889e8d2b58214c16181aa16340036cc478bea08dca81083a82fe92685a11d000000002b86a99c","height":348,"job_id":"351","seed_hash":"3dbdba2aca8842cd3e02c7d8c72078f77ff132cc3c84a7f8b87891d0cc106141","target":"e0bc9a7856341200"}}
1791518360108 0c3be847 < {"id":482,"jsonrpc":"2.0","method":"submit","params":{"id":"0c3be847","job_id":"351","nonce":"a6800100","result":"71f4ea8da550930065114c5e11da78fd92657b1446ab22274cc7d749eff80800","algo":"rx/blacksilk"}}
1791518360994 0c3be847 < {"id":483,"jsonrpc":"2.0","method":"submit","params":{"id":"0c3be847","job_id":"351","nonce":"97810000","result":"a75bf80a563aa84e0f63ca020e2bc37407f25d41bc3c7cc9fe29d4a82fc70100","algo":"rx/blacksilk"}}
1791518361148 0c3be847 > {"error":null,"id":482,"jsonrpc":"2.0","result":{"status":"OK"}}
1791518361168 0c3be847 > {"jsonrpc":"2.0","method":"job","params":{"algo":"rx/blacksilk","blob":"4253696c6b2f318f3a8a405681aa4dee6b996e8e80b0e61ef9fd95021d95f6fdd540ce945c036f000000008b29c3be","height":349,"job_id":"352","seed_hash":"3dbdba2aca8842cd3e02c7d8c72078f77ff132cc3c84a7f8b87891d0cc106141","target":"e0bc9a7856341200"}}
1791518362136 0c3be847 > {"error":null,"id":483,"jsonrpc":"2.0","result":{"status":"OK_OFF_BEST_CHAIN"}}
1791518364021 0c3be847 < {"id":484,"jsonrpc":"2.0","method":"submit","params":{"id":"0c3be847","job_id":"352","nonce":"22030000","result":"5a42bbf467b59842de994dfa45f7531cd39082bdd8a7b22cb8628a01fb2e0800","algo":"rx/blacksilk"}}
1791518364040 0c3be847 < {"id":485,"jsonrpc":"2.0","method":"submit","params":{"id":"0c3be847","job_id":"352","nonce":"32830100","result":"03353d1cf9e476f0dc46b525e01e24c7f222b21c57e2aa3d9bbac269ecde0900","algo":"rx/blacksilk"}}
1791518365091 0c3be847 > {"error":null,"id":484,"jsonrpc":"2.0","result":{"status":"OK"}}
1791518365107 0c3be847 > {"jsonrpc":"2.0","method":"job","params":{"algo":"rx/blacksilk","blob":"4253696c6b2f3167b800d568fe578e900473291707c7fd89d102a21a464348eda1e515dc15a7fd00000000f782b048","height":350,"job_id":"353","seed_hash":"3dbdba2aca8842cd3e02c7d8c72078f77ff132cc3c84a7f8b87891d0cc106141","target":"e0bc9a7856341200"}}
1791518366154 0c3be847 > {"error":null,"id":485,"jsonrpc":"2.0","result":{"status":"OK_OFF_BEST_CHAIN"}}
1791518366889 0c3be847 < {"id":486,"jsonrpc":"2.0","method":"submit","params":{"id":"0c3be847","job_id":"353","nonce":"d7010100","result":"47aeac753635898cb5dfe24f29e568c65c9303f91f87d8051998efa436c10d00","algo":"rx/blacksilk"}}
1791518367995 0c3be847 > {"error":null,"id":486,"jsonrpc":"2.0","result":{"status":"OK"}}
1791518367996 0c3be847 > {"jsonrpc":"2.0","method":"job","params":{"algo":"rx/blacksilk","blob":"4253696c6b2f3115a3864496324e6d094b8f23a957b25a8497e6ae508a2c741659a329383c022c000000000669a38d","height":351,"job_id":"354","seed_hash":"3dbdba2aca8842cd3e02c7d8c72078f77ff132cc3c84a7f8b87891d0cc106141","target":"e0bc9a7856341200"}}
1791518373467 0c3be847 < {"id":487,"jsonrpc":"2.0","method":"submit","params":{"id":"0c3be847","job_id":"354","nonce":"1a860100","result":"0238aad4332f264fb736340aff8d93bfdfd52f91fc3b6dcfd2ce72671d680000","algo":"rx/blacksilk"}}
1791518374568 0c3be847 > {"error":null,"id":487,"jsonrpc":"2.0","result":{"status":"OK"}}
1791518374590 0c3be847 > {"jsonrpc":"2.0","method":"job","params":{"algo":"rx/blacksilk","blob":"4253696c6b2f3187c0f88ecefe42a7ba3ee3641b065923abb4721b96ec1a2a53ac9fe799265b160000000040a8479e","height":352,"job_id":"355","seed_hash":"3dbdba2aca8842cd3e02c7d8c72078f77ff132cc3c84a7f8b87891d0cc106141","target":"e0bc9a7856341200"}}
1791518387311 0c3be847 < {"id":488,"jsonrpc":"2.0","method":"submit","params":{"id":"0c3be847","job_id":"355","nonce":"cc860000","result":"d4d3b66311f715b58dbc79cd4385500f92ec57deef111050c2e1801eccbf0600","algo":"rx/blacksilk"}}
1791518388333 0c3be847 > {"error":null,"id":488,"jsonrpc":"2.0","result":{"status":"OK"}}
1791518388359 0c3be847 > {"jsonrpc":"2.0","method":"job","params":{"algo":"rx/blacksilk","blob":"4253696c6b2f31413ed45348fa34939e94f45049ddc59b00168327c8a60326afba096d32debffa0000000032057b64","height":353,"job_id":"356","seed_hash":"3dbdba2aca8842cd3e02c7d8c72078f77ff132cc3c84a7f8b87891d0cc106141","target":"e0bc9a7856341200"}}
1791518389998 0c3be847 < {"id":489,"jsonrpc":"2.0","method":"submit","params":{"id":"0c3be847","job_id":"356","nonce":"cb010100","result":"c291bab092d83ea69f0f99230c7cd13ae3acf74fb14a67aaa600e0d6599f0600","algo":"rx/blacksilk"}}
1791518391112 0c3be847 > {"error":null,"id":489,"jsonrpc":"2.0","result":{"status":"OK"}}
1791518391129 0c3be847 > {"jsonrpc":"2.0","method":"job","params":{"algo":"rx/blacksilk","blob":"4253696c6b2f316dd7d711bdd06815f9fa9be42e31ed246fdf4bde303a068a34d2cfb8ee92cfd500000000945f8779","height":354,"job_id":"357","seed_hash":"3dbdba2aca8842cd3e02c7d8c72078f77ff132cc3c84a7f8b87891d0cc106141","target":"e0bc9a7856341200"}}
1791518397510 0c3be847 < {"id":490,"jsonrpc":"2.0","method":"submit","params":{"id":"0c3be847","job_id":"357","nonce":"6f070000","result":"df992e8cd1dd4107914d8967c321e3caf5f195360b976ee160bd1dda3cde0000","algo":"rx/blacksilk"}}
1791518397700 0c3be847 < {"id":491,"jsonrpc":"2.0","method":"submit","params":{"id":"0c3be847","job_id":"357","nonce":"be870000","result":"eba0a9b9544fc38ad6088f16b9305060ec994762f10a5815f94799ff011b0c00","algo":"rx/blacksilk"}}
1791518398654 0c3be847 > {"error":null,"id":490,"jsonrpc":"2.0","result":{"status":"OK"}}
1791518398677 0c3be847 > {"jsonrpc":"2.0","method":"job","params":{"algo":"rx/blacksilk","blob":"4253696c6b2f3158a028d992021888b0331f2c4f8f34168cdb9b23b04d71cc13f5f9398771c12800000000a924526e","height":355,"job_id":"358","seed_hash":"3dbdba2aca8842cd3e02c7d8c72078f77ff132cc3c84a7f8b87891d0cc106141","target":"e0bc9a7856341200"}}
1791518399788 0c3be847 > {"error":null,"id":491,"jsonrpc":"2.0","result":{"status":"OK_OFF_BEST_CHAIN"}}
1791518400461 0c3be847 < {"id":492,"jsonrpc":"2.0","method":"submit","params":{"id":"0c3be847","job_id":"358","nonce":"be010000","result":"3a3c7edf4b374c9f5a55e32d90280cc123bb2690dd5c757aec45245af0550700","algo":"rx/blacksilk"}}
1791518401565 0c3be847 > {"error":null,"id":492,"jsonrpc":"2.0","result":{"status":"OK"}}
1791518401597 0c3be847 > {"jsonrpc":"2.0","method":"job","params":{"algo":"rx/blacksilk","blob":"4253696c6b2f31df59fc024301c27c6ce5828f21a734576635cdfe0fcdfbc6477c40781b52a97600000000d14ab6b6","height":356,"job_id":"359","seed_hash":"3dbdba2aca8842cd3e02c7d8c72078f77ff132cc3c84a7f8b87891d0cc106141","target":"e0bc9a7856341200"}}
1791518403387 0c3be847 < {"id":493,"jsonrpc":"2.0","method":"submit","params":{"id":"0c3be847","job_id":"359","nonce":"6d010000","result":"88b886df44d959e1189838c58df75d4ab02faac799cc052d9a336aba2b3e0500","algo":"rx/blacksilk"}}
1791518404543 0c3be847 > {"error":null,"id":493,"jsonrpc":"2.0","result":{"status":"OK"}}
1791518404568 0c3be847 > {"jsonrpc":"2.0","method":"job","params":{"algo":"rx/blacksilk","blob":"4253696c6b2f31d412b167fe05fed2952f95e9d9796b39d9e315a40329b36d4295364a3d66a74e00000000e3d0d832","height":357,"job_id":"360","seed_hash":"3dbdba2aca8842cd3e02c7d8c72078f77ff132cc3c84a7f8b87891d0cc106141","target":"e0bc9a7856341200"}}
1791518408188 0c3be847 < {"id":494,"jsonrpc":"2.0","method":"submit","params":{"id":"0c3be847","job_id":"360","nonce":"79830000","result":"7a1c9cc9869bc8dd7e2600df69165126d4a6390deec6298747de292e4e5a0200","algo":"rx/blacksilk"}}
1791518409035 0c3be847 < {"id":495,"jsonrpc":"2.0","method":"submit","params":{"id":"0c3be847","job_id":"360","nonce":"4a840000","result":"301853cc4e91b0cac4072cf13718e56a4f392d10f4d963022a431c6ea62e0900","algo":"rx/blacksilk"}}
1791518409368 0c3be847 > {"error":null,"id":494,"jsonrpc":"2.0","result":{"status":"OK"}}
1791518409393 0c3be847 > {"jsonrpc":"2.0","method":"job","params":{"algo":"rx/blacksilk","blob":"4253696c6b2f3131f46655df0f574f79f09ad5e959fa124daff3d9a72e1cab29830ef51cd9247400000000cd66e419","height":358,"job_id":"361","seed_hash":"3dbdba2aca8842cd3e02c7d8c72078f77ff132cc3c84a7f8b87891d0cc106141","target":"e0bc9a7856341200"}}
1791518410468 0c3be847 > {"error":null,"id":495,"jsonrpc":"2.0","result":{"status":"OK_OFF_BEST_CHAIN"}}
1791518410720 0c3be847 < {"id":496,"jsonrpc":"2.0","method":"submit","params":{"id":"0c3be847","job_id":"361","nonce":"58810100","result":"5a1b249e3a1b662bea7d456a32243285caf58c486445749946c766b554340100","algo":"rx/blacksilk"}}
1791518411900 0c3be847 > {"error":null,"id":496,"jsonrpc":"2.0","result":{"status":"OK"}}
1791518411930 0c3be847 > {"jsonrpc":"2.0","method":"job","params":{"algo":"rx/blacksilk","blob":"4253696c6b2f311a6b5e69e25aad64e02fe9ecd9223deeeb5fe335d293d27892eec1440f4c135c0000000082710cd1","height":359,"job_id":"362","seed_hash":"3dbdba2aca8842cd3e02c7d8c72078f77ff132cc3c84a7f8b87891d0cc106141","target":"e0bc9a7856341200"}}
1791518412898 0c3be847 < {"id":497,"jsonrpc":"2.0","method":"submit","params":{"id":"0c3be847","job_id":"362","nonce":"0a010100","result":"72c94b3317d8628c381193a63ae48a9a3e4430fd6013794f9ac2e5f38e870f00","algo":"rx/blacksilk"}}
1791518413973 0c3be847 > {"error":null,"id":497,"jsonrpc":"2.0","result":{"status":"OK"}}
1791518413974 0c3be847 > {"jsonrpc":"2.0","method":"job","params":{"algo":"rx/blacksilk","blob":"4253696c6b2f31184fc50a8f6d40e21ee82ffcaea8643557b82b55d109f9ac1a0043baf761107b00000000efdce46e","height":360,"job_id":"363","seed_hash":"3dbdba2aca8842cd3e02c7d8c72078f77ff132cc3c84a7f8b87891d0cc106141","target":"e0bc9a7856341200"}}
1791518421156 0c3be847 < {"id":498,"jsonrpc":"2.0","method":"submit","params":{"id":"0c3be847","job_id":"363","nonce":"4c880100","result":"467bc6816202d0128faad97c852b2b467ee97a0c874665a8e86c5e1823f30a00","algo":"rx/blacksilk"}}
1791518422139 0c3be847 > {"error":null,"id":498,"jsonrpc":"2.0","result":{"status":"OK"}}
1791518422163 0c3be847 > {"jsonrpc":"2.0","method":"job","params":{"algo":"rx/blacksilk","blob":"4253696c6b2f31ab4ba86f317616f921f64ee5a8cc0d0b01049f4e8b885c7d75d84b61e53bd17200000000a5cc54d3","height":361,"job_id":"364","seed_hash":"3dbdba2aca8842cd3e02c7d8c72078f77ff132cc3c84a7f8b87891d0cc106141","target":"e0bc9a7856341200"}}
1791518426424 0c3be847 < {"id":499,"jsonrpc":"2.0","method":"submit","params":{"id":"0c3be847","job_id":"364","nonce":"0e850100","result":"17617951b1c922af32d6f4461f8d86e5da59a615aa23119fa180e08c62cc0c00","algo":"rx/blacksilk"}}
1791518427238 0c3be847 < {"id":500,"jsonrpc":"2.0","method":"submit","params":{"id":"0c3be847","job_id":"364","nonce":"fe850100","result":"0109f2adb8012f6b6422d9e420f1d67b56737428ccc28e752a69cec0275f0e00","algo":"rx/blacksilk"}}
1791518427515 0c3be847 > {"error":null,"id":499,"jsonrpc":"2.0","result":{"status":"OK"}}
1791518427539 0c3be847 > {"jsonrpc":"2.0","method":"job","params":{"algo":"rx/blacksilk","blob":"4253696c6b2f31cec387866d05c9494a493d2b823651704f9bad5eae79148bfe56cb07d6296dd700000000493758b4","height":362,"job_id":"365","seed_hash":"3dbdba2aca8842cd3e02c7d8c72078f77ff132cc3c84a7f8b87891d0cc106141","target":"e0bc9a7856341200"}}
1791518427692 0c3be847 < {"id":501,"jsonrpc":"2.0","method":"submit","params":{"id":"0c3be847","job_id":"365","nonce":"2a800000","result":"0764fa67178a2d529a52b6c095cdbc354ae6e1436c146f89271ce27cc2ef1100","algo":"rx/blacksilk"}}
1791518428535 0c3be847 > {"error":null,"id":500,"jsonrpc":"2.0","result":{"status":"OK_OFF_BEST_CHAIN"}}
1791518429597 0c3be847 > {"error":null,"id":501,"jsonrpc":"2.0","result":{"status":"OK"}}
1791518429598 0c3be847 > {"jsonrpc":"2.0","method":"job","params":{"algo":"rx/blacksilk","blob":"4253696c6b2f312540123a23430e9485ad9b487af14c5f2e54e7ac05165a4899ec2d83d42a1ff7000000001c7f6bc7","height":363,"job_id":"366","seed_hash":"3dbdba2aca8842cd3e02c7d8c72078f77ff132cc3c84a7f8b87891d0cc106141","target":"e0bc9a7856341200"}}
1791518430109 0c3be847 < {"id":502,"jsonrpc":"2.0","method":"submit","params":{"id":"0c3be847","job_id":"366","nonce":"9a800100","result":"1574b8b80ce45a00c8aa9da260f0db465e75ee4b9d0afccff73891dc02700700","algo":"rx/blacksilk"}}
1791518431163 0c3be847 > {"error":null,"id":502,"jsonrpc":"2.0","result":{"status":"OK"}}
1791518431178 0c3be847 > {"jsonrpc":"2.0","method":"job","params":{"algo":"rx/blacksilk","blob":"4253696c6b2f316cd61872e4efedfedecf3e0485f69706dee1fe71077f1eb6668370bb65cf375900000000f111d4b8","height":364,"job_id":"367","seed_hash":"3dbdba2aca8842cd3e02c7d8c72078f77ff132cc3c84a7f8b87891d0cc106141","target":"e0bc9a7856341200"}}
1791518434662 0c3be847 < {"id":503,"jsonrpc":"2.0","method":"submit","params":{"id":"0c3be847","job_id":"367","nonce":"0c840000","result":"25659d94920ac9ef4d0ea504824b3e5445beae3e18546395a9edbe40a9390d00","algo":"rx/blacksilk"}}
1791518435687 0c3be847 > {"error":null,"id":503,"jsonrpc":"2.0","result":{"status":"OK"}}
1791518435700 0c3be847 > {"jsonrpc":"2.0","method":"job","params":{"algo":"rx/blacksilk","blob":"4253696c6b2f3175abec6d0c91c39ccc41ca5647b642f44cc5a107d32ce175a65f583f470eecf100000000b8d3b840","height":365,"job_id":"368","seed_hash":"3dbdba2aca8842cd3e02c7d8c72078f77ff132cc3c84a7f8b87891d0cc106141","target":"e0bc9a7856341200"}}
1791518435915 0c3be847 < {"id":504,"jsonrpc":"2.0","method":"submit","params":{"id":"0c3be847","job_id":"368","nonce":"3f800000","result":"e63e074eb6921c8a5343218e7bb030041b2b99f7198ff514a6263f47d2fd0500","algo":"rx/blacksilk"}}
1791518436965 0c3be847 > {"error":null,"id":504,"jsonrpc":"2.0","result":{"status":"OK"}}
1791518436986 0c3be847 > {"jsonrpc":"2.0","method":"job","params":{"algo":"rx/blacksilk","blob":"4253696c6b2f31875b11c8ef2f1e4947cc9b6057b9c214c84ad53b6f7e294c012ef9a8db6ef84c000000008d45572b","height":366,"job_id":"369","seed_hash":"3dbdba2aca8842cd3e02c7d8c72078f77ff132cc3c84a7f8b87891d0cc106141","target":"e0bc9a7856341200"}}
1791518439220 0c3be847 < {"id":505,"jsonrpc":"2.0","method":"submit","params":{"id":"0c3be847","job_id":"369","nonce":"9f020100","result":"47dcae3ee0c3c3fda648bcdaaa6030d1092d3b0caea9163e4baf1b763a100500","algo":"rx/blacksilk"}}
1791518440258 0c3be847 > {"error":null,"id":505,"jsonrpc":"2.0","result":{"status":"OK"}}
1791518440290 0c3be847 > {"jsonrpc":"2.0","method":"job","params":{"algo":"rx/blacksilk","blob":"4253696c6b2f31656c83d87fc76dbb26d43b9e8fa3ecd9e42e415f29fd79bbc23d79e4074b332900000000e93ac377","height":367,"job_id":"370","seed_hash":"3dbdba2aca8842cd3e02c7d8c72078f77ff132cc3c84a7f8b87891d0cc106141","target":"e0bc9a7856341200"}}
1791518441286 0c3be847 < {"id":506,"jsonrpc":"2.0","method":"submit","params":{"id":"0c3be847","job_id":"370","nonce":"26810100","result":"3fae78a281ccde1b99c9ef247e8e683735e9e07082c873546c8b3bcba1360500","algo":"rx/blacksilk"}}
1791518442371 0c3be847 > {"error":null,"id":506,"jsonrpc":"2.0","result":{"status":"OK"}}
1791518442395 0c3be847 > {"jsonrpc":"2.0","method":"job","params":{"algo":"rx/blacksilk","blob":"4253696c6b2f31d9d388f0239d4461009af097aaff444dbbc073b04f0f5767ccf770437f2508cd0000000005a60207","height":368,"job_id":"371","seed_hash":"3dbdba2aca8842cd3e02c7d8c72078f77ff132cc3c84a7f8b87891d0cc106141","target":"e0bc9a7856341200"}}
1791518443232 0c3be847 < {"id":507,"jsonrpc":"2.0","method":"submit","params":{"id":"0c3be847","job_id":"371","nonce":"fe000000","result":"997d7855656b6592063b126f8d265b2446d9847b6e7ba25bb3066be70d8b0d00","algo":"rx/blacksilk"}}
1791518444265 0c3be847 > {"error":null,"id":507,"jsonrpc":"2.0","result":{"status":"OK"}}
1791518444297 0c3be847 > {"jsonrpc":"2.0","method":"job","params":{"algo":"rx/blacksilk","blob":"4253696c6b2f31fedffb86ab9e3e0a669a5cc345f8511e35a587befad163a14d92ce46ab1588cc000000006c23b51b","height":369,"job_id":"372","seed_hash":"3dbdba2aca8842cd3e02c7d8c72078f77ff132cc3c84a7f8b87891d0cc106141","target":"e0bc9a7856341200"}}
1791518444696 0c3be847 < {"id":508,"jsonrpc":"2.0","method":"submit","params":{"id":"0c3be847","job_id":"372","nonce":"77000100","result":"cbd12bf3efe16aec19261058c85c6348fdb057dd05720acea105368ba6db0000","algo":"rx/blacksilk"}}
1791518445745 0c3be847 > {"error":null,"id":508,"jsonrpc":"2.0","result":{"status":"OK"}}
1791518445766 0c3be847 > {"jsonrpc":"2.0","method":"job","params":{"algo":"rx/blacksilk","blob":"4253696c6b2f31180c42352550ce9f0153da42cd5d3f9e6fe6ce8c75641558e9d1b0a2093bff9f00000000543c63ef","height":370,"job_id":"373","seed_hash":"3dbdba2aca8842cd3e02c7d8c72078f77ff132cc3c84a7f8b87891d0cc106141","target":"e0bc9a7856341200"}}
1791518446978 0c3be847 < {"id":509,"jsonrpc":"2.0","method":"submit","params":{"id":"0c3be847","job_id":"373","nonce":"6c010000","result":"6dcabf867097e34c3dce6c3e4c6799597acea3ab65a945fb5faf170f0d720000","algo":"rx/blacksilk"}}
1791518448046 0c3be847 > {"error":null,"id":509,"jsonrpc":"2.0","result":{"status":"OK"}}
1791518448068 0c3be847 > {"jsonrpc":"2.0","method":"job","params":{"algo":"rx/blacksilk","blob":"4253696c6b2f317c2bd20596ad614ee5fc9fcf05658dd6acfb04dbeddb467aa0d5f1b3c1d718310000000057fcbce9","height":371,"job_id":"374","seed_hash":"3dbdba2aca8842cd3e02c7d8c72078f77ff132cc3c84a7f8b87891d0cc106141","target":"e0bc9a7856341200"}}
1791518448873 0c3be847 < {"id":510,"jsonrpc":"2.0","method":"submit","params":{"id":"0c3be847","job_id":"374","nonce":"f2800100","result":"889feb934049161fe30b686812a5f80831427a85d207ac5d02aa658c917b0f00","algo":"rx/blacksilk"}}
1791518449925 0c3be847 > {"error":null,"id":510,"jsonrpc":"2.0","result":{"status":"OK"}}
1791518449937 0c3be847 > {"jsonrpc":"2.0","method":"job","params":{"algo":"rx/blacksilk","blob":"4253696c6b2f313aa7d63398f336262d5782f353ccd5abd4e3c87f0715e6ce80439bb8e6a856ee00000000f3f4ea77","height":372,"job_id":"375","seed_hash":"3dbdba2aca8842cd3e02c7d8c72078f77ff132cc3c84a7f8b87891d0cc106141","target":"e0bc9a7856341200"}}
1791518451115 0c3be847 < {"id":511,"jsonrpc":"2.0","method":"submit","params":{"id":"0c3be847","job_id":"375","nonce":"64010100","result":"df74a702e8a38c0559af4d1a72f0701f666731300cc40f045a4fdd59ce610100","algo":"rx/blacksilk"}}
1791518452203 0c3be847 > {"error":null,"id":511,"jsonrpc":"2.0","result":{"status":"OK"}}
1791518452225 0c3be847 > {"jsonrpc":"2.0","method":"job","params":{"algo":"rx/blacksilk","blob":"4253696c6b2f31b322bd6fa111410dabece429890cdedc52c16ec5142ff6f5be8e82a0f7e7df4000000000e8c793f8","height":373,"job_id":"376","seed_hash":"3dbdba2aca8842cd3e02c7d8c72078f77ff132cc3c84a7f8b87891d0cc106141","target":"e0bc9a7856341200"}}
1791518462870 0c3be847 < {"id":512,"jsonrpc":"2.0","method":"submit","params":{"id":"0c3be847","job_id":"376","nonce":"4c0c0000","result":"3902c166746ce6e1bf95f4216fcb1cdf6618f2e83b2dafec46bb47eeeeca0100","algo":"rx/blacksilk"}}
1791518463935 0c3be847 > {"error":null,"id":512,"jsonrpc":"2.0","result":{"status":"OK"}}
1791518463958 0c3be847 > {"jsonrpc":"2.0","method":"job","params":{"algo":"rx/blacksilk","blob":"4253696c6b2f3199eb946159cebcf31e2d8a79d8f002629eb849ca6fe1c8d4ad24f67e4c5a629d00000000852383d9","height":374,"job_id":"377","seed_hash":"3dbdba2aca8842cd3e02c7d8c72078f77ff132cc3c84a7f8b87891d0cc106141","target":"e0bc9a7856341200"}}
1791518464576 0c3be847 < {"id":513,"jsonrpc":"2.0","method":"submit","params":{"id":"0c3be847","job_id":"377","nonce":"bc800100","result":"22c4c795f3caf4bf377b3553ad97e4934af83550cee6aff562d2c0eea4f30a00","algo":"rx/blacksilk"}}
1791518465609 0c3be847 > {"error":null,"id":513,"jsonrpc":"2.0","result":{"status":"OK"}}
1791518465631 0c3be847 > {"jsonrpc":"2.0","method":"job","params":{"algo":"rx/blacksilk","blob":"4253696c6b2f31bf2e57c8e00e18efdbbbacded6e05114ce6b5640f76ddee9eb69bd80c8112f0c0000000008b85c91","height":375,"job_id":"378","seed_hash":"3dbdba2aca8842cd3e02c7d8c72078f77ff132cc3c84a7f8b87891d0cc106141","target":"e0bc9a7856341200"}}
1791518470932 0c3be847 < {"id":514,"jsonrpc":"2.0","method":"submit","params":{"id":"0c3be847","job_id":"378","nonce":"4a060100","result":"ad891e525c72aaa11272bd91bc73b1f4dbfd2ff357a0753801d49d2827ba0400","algo":"rx/blacksilk"}}
1791518471940 0c3be847 > {"error":null,"id":514,"jsonrpc":"2.0","result":{"status":"OK"}}
1791518471958 0c3be847 > {"jsonrpc":"2.0","method":"job","params":{"algo":"rx/blacksilk","blob":"4253696c6b2f3199b26d15c5916d380349e3fdfd173e3f00cd8a256729b54774806556ac5111260000000045cf7de8","height":376,"job_id":"379","seed_hash":"3dbdba2aca8842cd3e02c7d8c72078f77ff132cc3c84a7f8b87891d0cc106141","target":"e0bc9a7856341200"}}
1791518474110 0c3be847 < {"id":515,"jsonrpc":"2.0","method":"submit","params":{"id":"0c3be847","job_id":"379","nonce":"86020100","result":"23cd40b1aefc19d3b980ec9653882a89bc8f3117eaaa6cc704ff9941a74e0600","algo":"rx/blacksilk"}}
1791518474298 0c3be847 < {"id":516,"jsonrpc":"2.0","method":"submit","params":{"id":"0c3be847","job_id":"379","nonce":"bf020100","result":"2a00854c7bbcdd9a04e2d2c5d555fe0238b7a918a13689c8bf4afc18cb0d0000","algo":"rx/blacksilk"}}
1791518474867 0c3be847 < {"id":517,"jsonrpc":"2.0","method":"submit","params":{"id":"0c3be847","job_id":"379","nonce":"63030000","result":"d49b3d95c1400fd73cdb175424c17d994324f8fb26c20a1f5f3c1d19c8900900","algo":"rx/blacksilk"}}
1791518475115 0c3be847 > {"error":null,"id":515,"jsonrpc":"2.0","result":{"status":"OK"}}
1791518475145 0c3be847 > {"jsonrpc":"2.0","method":"job","params":{"algo":"rx/blacksilk","blob":"4253696c6b2f31a76379725c45eef398de2b523078f40b9512b544bdd739ffd45df3a9edcaede500000000c220795e","height":377,"job_id":"380","seed_hash":"3dbdba2aca8842cd3e02c7d8c72078f77ff132cc3c84a7f8b87891d0cc106141","target":"e0bc9a7856341200"}}
1791518476138 0c3be847 > {"error":null,"id":516,"jsonrpc":"2.0","result":{"status":"OK_OFF_BEST_CHAIN"}}
1791518476647 0c3be847 < {"id":518,"jsonrpc":"2.0","method":"submit","params":{"id":"0c3be847","job_id":"380","nonce":"a8010100","result":"13bd4f1b25e1ccfb98f9ecea83ffe5d482cd5bd2e21b2328ca57bac3962f0f00","algo":"rx/blacksilk"}}
1791518477140 0c3be847 > {"error":null,"id":517,"jsonrpc":"2.0","result":{"status":"OK_OFF_BEST_CHAIN"}}
1791518478152 0c3be847 > {"error":null,"id":518,"jsonrpc":"2.0","result":{"status":"OK"}}
1791518478184 0c3be847 > {"jsonrpc":"2.0","method":"job","params":{"algo":"rx/blacksilk","blob":"4253696c6b2f31236de12b09039395addbcb67be45f843ea7059f28b4871c5261b343d8981918900000000cd48a6cc","height":378,"job_id":"381","seed_hash":"3dbdba2aca8842cd3e02c7d8c72078f77ff132cc3c84a7f8b87891d0cc106141","target":"e0bc9a7856341200"}}
1791518479017 0c3be847 < {"id":519,"jsonrpc":"2.0","method":"submit","params":{"id":"0c3be847","job_id":"381","nonce":"f5000000","result":"936424f925c48802515bf3e575503cf42211c4bf7c8b9aba6873b8381dc20100","algo":"rx/blacksilk"}}
1791518480064 0c3be847 > {"error":null,"id":519,"jsonrpc":"2.0","result":{"status":"OK"}}
1791518480085 0c3be847 > {"jsonrpc":"2.0","method":"job","params":{"algo":"rx/blacksilk","blob":"4253696c6b2f31143774e576d6ff0112ed7de1d1ece2861dad7433f63cf889bc167e02d9d8432c000000006464f15e","height":379,"job_id":"382","seed_hash":"3dbdba2aca8842cd3e02c7d8c72078f77ff132cc3c84a7f8b87891d0cc106141","target":"e0bc9a7856341200"}}
1791518482710 0c3be847 < {"id":520,"jsonrpc":"2.0","method":"submit","params":{"id":"0c3be847","job_id":"382","nonce":"fd020100","result":"3ea40766b42c012e3d15373b95895e184380f134778247674a5099eea8890d00","algo":"rx/blacksilk"}}
1791518483683 0c3be847 < {"id":521,"jsonrpc":"2.0","method":"submit","params":{"id":"0c3be847","job_id":"382","nonce":"2a840100","result":"1d6dc377c3fe639a004d44f0a44e5d61c03d0e610410303aead0e678d1320700","algo":"rx/blacksilk"}}
1791518483737 0c3be847 > {"error":null,"id":520,"jsonrpc":"2.0","result":{"status":"OK"}}
1791518483757 0c3be847 > {"jsonrpc":"2.0","method":"job","params":{"algo":"rx/blacksilk","blob":"4253696c6b2f31787f6c452c33b25afb0bd867045c02dfe03c9d215a8666ce01ce69a20578fb9a000000001f7fb592","height":380,"job_id":"383","seed_hash":"3dbdba2aca8842cd3e02c7d8c72078f77ff132cc3c84a7f8b87891d0cc106141","target":"e0bc9a7856341200"}}
1791518484743 0c3be847 > {"error":null,"id":521,"jsonrpc":"2.0","result":{"status":"OK_OFF_BEST_CHAIN"}}
1791518484754 0c3be847 < {"id":522,"jsonrpc":"2.0","method":"submit","params":{"id":"0c3be847","job_id":"383","nonce":"23010100","result":"70c38625104c0c241b4537a04d2a72bc8408d9f081bed2d071d7bac6ea960e00","algo":"rx/blacksilk"}}
1791518485723 0c3be847 < {"id":523,"jsonrpc":"2.0","method":"submit","params":{"id":"0c3be847","job_id":"383","nonce":"39020100","result":"2979a2ca4dbdd14a902bfbbfa7c23fd16a86c7ab0a13673dbaab768f68f60c00","algo":"rx/blacksilk"}}
1791518485777 0c3be847 > {"error":null,"id":522,"jsonrpc":"2.0","result":{"status":"OK"}}
1791518485795 0c3be847 > {"jsonrpc":"2.0","method":"job","params":{"algo":"rx/blacksilk","blob":"4253696c6b2f31389ff5b97dd318444994d69dfadb0453807912ed241d8d5c84c60ff86a3310d0000000004b98e4b4","height":381,"job_id":"384","seed_hash":"3dbdba2aca8842cd3e02c7d8c72078f77ff132cc3c84a7f8b87891d0cc106141","target":"e0bc9a7856341200"}}
1791518486833 0c3be847 > {"error":null,"id":523,"jsonrpc":"2.0","result":{"status":"OK_OFF_BEST_CHAIN"}}
1791518491026 0c3be847 < {"id":524,"jsonrpc":"2.0","method":"submit","params":{"id":"0c3be847","job_id":"384","nonce":"33860000","result":"556e7a029f2a8fb4eeabd0aae0abd9f5bd66932c11ffe6cbf02132dde32b1200","algo":"rx/blacksilk"}}
1791518491043 0c3be847 < {"id":525,"jsonrpc":"2.0","method":"submit","params":{"id":"0c3be847","job_id":"384","nonce":"38860000","result":"4e73d5a678a8e59379d368a5330d7b504b642008be5a15f7ca53052426d50700","algo":"rx/blacksilk"}}
1791518492097 0c3be847 > {"error":null,"id":524,"jsonrpc":"2.0","result":{"status":"OK"}}
1791518492121 0c3be847 > {"jsonrpc":"2.0","method":"job","params":{"algo":"rx/blacksilk","blob":"4253696c6b2f3156a60b97cb6580f9a6ce3fa456390df780d9242d4febd8369776459314af681f00000000948392d2","height":382,"job_id":"385","seed_hash":"3dbdba2aca8842cd3e02c7d8c72078f77ff132cc3c84a7f8b87891d0cc106141","target":"e0bc9a7856341200"}}
1791518493193 0c3be847 > {"error":null,"id":525,"jsonrpc":"2.0","result":{"status":"OK_OFF_BEST_CHAIN"}}
1791518493256 0c3be847 < {"id":526,"jsonrpc":"2.0","method":"submit","params":{"id":"0c3be847","job_id":"385","nonce":"28010000","result":"f8e58a3f04348a6dc83558c95f61fc4a17de873be12dc642f04197502f650200","algo":"rx/blacksilk"}}
1791518494341 0c3be847 > {"error":null,"id":526,"jsonrpc":"2.0","result":{"status":"OK"}}
1791518494358 0c3be847 > {"jsonrpc":"2.0","method":"job","params":{"algo":"rx/blacksilk","blob":"4253696c6b2f316c9b7cd031610b93fdad85f146dbe4f5ed1dd15bc5e4d0e575069182ede71b780000000015a22bc0","height":383,"job_id":"386","seed_hash":"3dbdba2aca8842cd3e02c7d8c72078f77ff132cc3c84a7f8b87891d0cc106141","target":"e0bc9a7856341200"}}
1791518495092 0c3be847 < {"id":527,"jsonrpc":"2.0","method":"submit","params":{"id":"0c3be847","job_id":"386","nonce":"de000000","result":"b27233cf15720f4221258b5a65ba274ecf1fed4cdccb0c03b617f1fbfcff0800","algo":"rx/blacksilk"}}
1791518495601 0c3be847 < {"id":528,"jsonrpc":"2.0","method":"submit","params":{"id":"0c3be847","job_id":"386","nonce":"6e810000","result":"db8025cd23700ca6f3ded34ad041200e31a2fea2a018aaf6aaaa981259150b00","algo":"rx/blacksilk"}}
1791518496116 0c3be847 > {"error":null,"id":527,"jsonrpc":"2.0","result":{"status":"OK"}}
1791518496144 0c3be847 > {"jsonrpc":"2.0","method":"job","params":{"algo":"rx/blacksilk","blob":"4253696c6b2f315900aa1b8ce76d950362db288450d58653b48de13f58f873e0cadbac4739cb1b00000000d90df6e3","height":384,"job_id":"387","seed_hash":"3dbdba2aca8842cd3e02c7d8c72078f77ff132cc3c84a7f8b87891d0cc106141","target":"e0bc9a7856341200"}}
1791518497128 0c3be847 > {"error":null,"id":528,"jsonrpc":"2.0","result":{"status":"OK_OFF_BEST_CHAIN"}}
1791518502854 0c3be847 < {"id":529,"jsonrpc":"2.0","method":"submit","params":{"id":"0c3be847","job_id":"387","nonce":"c2070100","result":"974c81d2ed84b63510d63f41cb350ea189cafce8bbae1e063db97da4ec4c1100","algo":"rx/blacksilk"}}
1791518503886 0c3be847 > {"error":null,"id":529,"jsonrpc":"2.0","result":{"status":"OK"}}
1791518503906 0c3be847 > {"jsonrpc":"2.0","method":"job","params":{"algo":"rx/blacksilk","blob":"4253696c6b2f31292785cd1932c0647cfb97265f494e3e38e0d15023a4ebb0d3000ce2dc9fd6590000000006611fcd","height":385,"job_id":"388","seed_hash":"3dbdba2aca8842cd3e02c7d8c72078f77ff132cc3c84a7f8b87891d0cc106141","target":"e0bc9a7856341200"}}
1791518504568 0c3be847 < {"id":530,"jsonrpc":"2.0","method":"submit","params":{"id":"0c3be847","job_id":"388","nonce":"c8800100","result":"9eb3851439c17b08ffc6ae0b410f2c9da8ef772b14577f94e5b3b08fad3f0900","algo":"rx/blacksilk"}}
1791518505581 0c3be847 > {"error":null,"id":530,"jsonrpc":"2.0","result":{"status":"OK"}}
1791518505592 0c3be847 > {"jsonrpc":"2.0","method":"job","params":{"algo":"rx/blacksilk","blob":"4253696c6b2f31be1249b4ae68aeb8051d0075001e3f615b224d7c8c495c73a21703d14b74efd50000000053b5a390","height":386,"job_id":"389","seed_hash":"3dbdba2aca8842cd3e02c7d8c72078f77ff132cc3c84a7f8b87891d0cc106141","target":"e0bc9a7856341200"}}
1791518505761 0c3be847 < {"id":531,"jsonrpc":"2.0","method":"submit","params":{"id":"0c3be847","job_id":"389","nonce":"32000100","result":"5d9d4584987b5ca7b658b78e6ecab845cfce5ce5316aad85f04190cb129e0900","algo":"rx/blacksilk"}}
1791518506776 0c3be847 > {"error":null,"id":531,"jsonrpc":"2.0","result":{"status":"OK"}}
1791518506793 0c3be847 > {"jsonrpc":"2.0","method":"job","params":{"algo":"rx/blacksilk","blob":"4253696c6b2f316f694330f5ffa8bfaa14cf8ab8d38f6b4e884676f715577d89b78f096ec6c0ca000000001636e20f","height":387,"job_id":"390","seed_hash":"3dbdba2aca8842cd3e02c7d8c72078f77ff132cc3c84a7f8b87891d0cc106141","target":"e0bc9a7856341200"}}
1791518511305 0c3be847 < {"id":532,"jsonrpc":"2.0","method":"submit","params":{"id":"0c3be847","job_id":"390","nonce":"30050100","result":"a1713b217d110dbe9b1384687866b8ef04c366803fb1ff9266774cb470bb0500","algo":"rx/blacksilk"}}
1791518512414 0c3be847 > {"error":null,"id":532,"jsonrpc":"2.0","result":{"status":"OK"}}
1791518512437 0c3be847 > {"jsonrpc":"2.0","method":"job","params":{"algo":"rx/blacksilk","blob":"4253696c6b2f31ee14ee22c0228be0e4b68615c6eb9d751a6349622104f5be53503fde6da7a5b70000000083c6ae22","height":388,"job_id":"391","seed_hash":"3dbdba2aca8842cd3e02c7d8c72078f77ff132cc3c84a7f8b87891d0cc106141","target":"e0bc9a7856341200"}}
1791518515966 0c3be847 < {"id":533,"jsonrpc":"2.0","method":"submit","params":{"id":"0c3be847","job_id":"391","nonce":"e1030000","result":"7e563e98746a5de281617f977379807fece7021ef8f43b5eb5a0d1316f310f00","algo":"rx/blacksilk"}}
1791518516561 0c3be847 < {"id":534,"jsonrpc":"2.0","method":"submit","params":{"id":"0c3be847","job_id":"391","nonce":"90840000","result":"66b236bfaecc0b8ed28b754d213b1ecb474e9a5f43969c113b4fad4f6aff0f00","algo":"rx/blacksilk"}}
1791518517009 0c3be847 > {"error":null,"id":533,"jsonrpc":"2.0","result":{"status":"OK"}}
1791518517028 0c3be847 > {"jsonrpc":"2.0","method":"job","params":{"algo":"rx/blacksilk","blob":"4253696c6b2f3136f74902ea18d15d874ca5482fa85f6188e862304f0b54e85ecefeff828b4566000000009951f1cb","height":389,"job_id":"392","seed_hash":"3dbdba2aca8842cd3e02c7d8c72078f77ff132cc3c84a7f8b87891d0cc106141","target":"e0bc9a7856341200"}}
1791518518079 0c3be847 > {"error":null,"id":534,"jsonrpc":"2.0","result":{"status":"OK_OFF_BEST_CHAIN"}}
1791518518227 0c3be847 < {"id":535,"jsonrpc":"2.0","method":"submit","params":{"id":"0c3be847","job_id":"392","nonce":"51010000","result":"f11fc4de54e39cb0d76fe32ad130ab24826d4646dafc29822c5154d269530700","algo":"rx/blacksilk"}}
1791518518325 0c3be847 < {"id":536,"jsonrpc":"2.0","method":"submit","params":{"id":"0c3be847","job_id":"392","nonce":"77810100","result":"eed2b2ba20d4fbe845d9aac3f2858a298c400a3e069d52f31aa30db10d1c0500","algo":"rx/blacksilk"}}
1791518519274 0c3be847 > {"error":null,"id":535,"jsonrpc":"2.0","result":{"status":"OK"}}
1791518519284 0c3be847 > {"jsonrpc":"2.0","method":"job","params":{"algo":"rx/blacksilk","blob":"4253696c6b2f314eaba7374e35ac44622ddb79b49c572b8e955db86a35a5e0789c823f0cb93a75000000001e332651","height":390,"job_id":"393","seed_hash":"3dbdba2aca8842cd3e02c7d8c72078f77ff132cc3c84a7f8b87891d0cc106141","target":"e0bc9a7856341200"}}
1791518519342 0c3be847 < {"id":537,"jsonrpc":"2.0","method":"submit","params":{"id":"0c3be847","job_id":"393","nonce":"0f800100","result":"87ad2dd673ae9778eae03f73c30fe05a07d9153cf67e072cb8dabecd8ec80b00","algo":"rx/blacksilk"}}
1791518520352 0c3be847 > {"error":null,"id":536,"jsonrpc":"2.0","result":{"status":"OK_OFF_BEST_CHAIN"}}
1791518521378 0c3be847 > {"error":null,"id":537,"jsonrpc":"2.0","result":{"status":"OK"}}
1791518521399 0c3be847 > {"jsonrpc":"2.0","method":"job","params":{"algo":"rx/blacksilk","blob":"4253696c6b2f31873ba19ef15067b7a43473dd2673d63179d822816e366557a2c8100a3f89bedb000000000601b9b2","height":391,"job_id":"394","seed_hash":"3dbdba2aca8842cd3e02c7d8c72078f77ff132cc3c84a7f8b87891d0cc106141","target":"e0bc9a7856341200"}}
1791518532221 0c3be847 < {"id":538,"jsonrpc":"2.0","method":"submit","params":{"id":"0c3be847","job_id":"394","nonce":"a38c0000","result":"2c5af0f5ef954acc5693e39057cd40ead87f04564b340cc15bf2fbbfe1e40400","algo":"rx/blacksilk"}}
1791518532990 0c3be847 < {"id":539,"jsonrpc":"2.0","method":"submit","params":{"id":"0c3be847","job_id":"394","nonce":"880d0100","result":"9e7fd6d93ba2f1383c7fbb3c984da0627be60faa99c5f7c40131490457360700","algo":"rx/blacksilk"}}
1791518533316 0c3be847 > {"error":null,"id":538,"jsonrpc":"2.0","result":{"status":"OK"}}
1791518533336 0c3be847 > {"jsonrpc":"2.0","method":"job","params":{"algo":"rx/blacksilk","blob":"4253696c6b2f31d78c1b9fc2d43b39c2eef08b8265b550d17ba7e41f47a731447602deb69b554f00000000978a9896","height":392,"job_id":"395","seed_hash":"3dbdba2aca8842cd3e02c7d8c72078f77ff132cc3c84a7f8b87891d0cc106141","target":"e0bc9a7856341200"}}
1791518534417 0c3be847 > {"error":null,"id":539,"jsonrpc":"2.0","result":{"status":"OK_OFF_BEST_CHAIN"}}
1791518535493 0c3be847 < {"id":540,"jsonrpc":"2.0","method":"submit","params":{"id":"0c3be847","job_id":"395","nonce":"83020000","result":"797cebf9c5f1b0f2d4281f4e5241cfe41b3da83bde34d2656b948dc5c08e0a00","algo":"rx/blacksilk"}}
1791518536521 0c3be847 > {"error":null,"id":540,"jsonrpc":"2.0","result":{"status":"OK"}}
1791518536539 0c3be847 > {"jsonrpc":"2.0","method":"job","params":{"algo":"rx/blacksilk","blob":"4253696c6b2f31fc4c430cb80e6ce81f9aa6e04bf01efdac5bc1eddb83182a0e5db243ded9d1a3000000000efabffd","height":393,"job_id":"396","seed_hash":"3dbdba2aca8842cd3e02c7d8c72078f77ff132cc3c84a7f8b87891d0cc106141","target":"e0bc9a7856341200"}}
1791518538049 0c3be847 < {"id":541,"jsonrpc":"2.0","method":"submit","params":{"id":"0c3be847","job_id":"396","nonce":"c3810000","result":"06bf8e41d0f6d93d9f4ff6e036e3f074adca119dcf15f36d8f2c18e11feb0800","algo":"rx/blacksilk"}}
1791518539100 0c3be847 > {"error":null,"id":541,"jsonrpc":"2.0","result":{"status":"OK"}}
1791518539101 0c3be847 > {"jsonrpc":"2.0","method":"job","params":{"algo":"rx/blacksilk","blob":"4253696c6b2f3157ac73a735c8bb1bcf58e36b088725d40f8afd4e0339a42ee493e1bb204b71ee00000000100928fd","height":394,"job_id":"397","seed_hash":"3dbdba2aca8842cd3e02c7d8c72078f77ff132cc3c84a7f8b87891d0cc106141","target":"e0bc9a7856341200"}}
1791518545856 0c3be847 < {"id":542,"jsonrpc":"2.0","method":"submit","params":{"id":"0c3be847","job_id":"397","nonce":"f8870100","result":"a6c8f3fdc4ee12a05fd55a5a9ab4ea69ac9d389f93ac57e189669dde531f0a00","algo":"rx/blacksilk"}}
1791518545998 0c3be847 < {"id":543,"jsonrpc":"2.0","method":"submit","params":{"id":"0c3be847","job_id":"397","nonce":"2a080100","result":"6095cdbd11f7033018a25411d6135df5a6cb2be55d9bdc13902061fcdece0800","algo":"rx/blacksilk"}}
1791518546886 0c3be847 > {"error":null,"id":542,"jsonrpc":"2.0","result":{"status":"OK"}}
1791518546908 0c3be847 > {"jsonrpc":"2.0","method":"job","params":{"algo":"rx/blacksilk","blob":"4253696c6b2f318ccd1b1f15282e7e379daaf2c76ca398adf27a29d42bc029423e89dec81ae18f00000000cd9a5d8d","height":395,"job_id":"398","seed_hash":"3dbdba2aca8842cd3e02c7d8c72078f77ff132cc3c84a7f8b87891d0cc106141","target":"e0bc9a7856341200"}}
1791518547919 0c3be847 > {"error":null,"id":543,"jsonrpc":"2.0","result":{"status":"OK_OFF_BEST_CHAIN"}}
1791518549045 0c3be847 < {"id":544,"jsonrpc":"2.0","method":"submit","params":{"id":"0c3be847","job_id":"398","nonce":"66820000","result":"90c543966b124752dede250f1b6d8ce33865e5920ca5333f40413e41f1f20100","algo":"rx/blacksilk"}}
1791518549621 0c3be847 < {"id":545,"jsonrpc":"2.0","method":"submit","params":{"id":"0c3be847","job_id":"398","nonce":"fe020100","result":"0a220d7d1c0e4a93826e82b0b5594567f9fd3e8b4ed02b437f877e441d121100","algo":"rx/blacksilk"}}
1791518550115 0c3be847 > {"error":null,"id":544,"jsonrpc":"2.0","result":{"status":"OK"}}
1791518550116 0c3be847 > {"jsonrpc":"2.0","method":"job","params":{"algo":"rx/blacksilk","blob":"4253696c6b2f3112e0d8a7192e0bf9593c87a21783a66c9b5105f19529743c9a45ce73177f24660000000083b7874b","height":396,"job_id":"399","seed_hash":"3dbdba2aca8842cd3e02c7d8c72078f77ff132cc3c84a7f8b87891d0cc106141","target":"e0bc9a7856341200"}}
1791518551165 0c3be847 > {"error":null,"id":545,"jsonrpc":"2.0","result":{"status":"OK_OFF_BEST_CHAIN"}}
1791518551523 0c3be847 < {"id":546,"jsonrpc":"2.0","method":"submit","params":{"id":"0c3be847","job_id":"399","nonce":"8d010000","result":"886ce26ed6688375767fc9a33d0e4a764d268a3143b5e96bb4d144fd87690600","algo":"rx/blacksilk"}}
1791518552584 0c3be847 > {"error":null,"id":546,"jsonrpc":"2.0","result":{"status":"OK"}}
1791518552600 0c3be847 > {"jsonrpc":"2.0","method":"job","params":{"algo":"rx/blacksilk","blob":"4253696c6b2f31ab9ca47aeb52309df7e99d305d7127a5e9186c05a902c46b35a4d0d980e5f710000000006c4383c7","height":397,"job_id":"400","seed_hash":"3dbdba2aca8842cd3e02c7d8c72078f77ff132cc3c84a7f8b87891d0cc106141","target":"e0bc9a7856341200"}}
1791518558256 0c3be847 < {"id":547,"jsonrpc":"2.0","method":"submit","params":{"id":"0c3be847","job_id":"400","nonce":"76060100","result":"c2dc64a5d09b343d34d2e884cacc29ffbb2b9f455d3e3fa7ff309b0327490900","algo":"rx/blacksilk"}}
1791518559001 0c3be847 < {"id":548,"jsonrpc":"2.0","method":"submit","params":{"id":"0c3be847","job_id":"400","nonce":"69070000","result":"4ea40444d1bc28d3233d0c2846ae60d9d7a87e0bfafa782d6f7c671d5d620a00","algo":"rx/blacksilk"}}
1791518559321 0c3be847 > {"error":null,"id":547,"jsonrpc":"2.0","result":{"status":"OK"}}
1791518559343 0c3be847 > {"jsonrpc":"2.0","method":"job","params":{"algo":"rx/blacksilk","blob":"4253696c6b2f31eb06ff2d039ed4601d550a891bda2d85e5c0342c255e535b89cb4e7c8cdbfd9a00000000d5d1b96e","height":398,"job_id":"401","seed_hash":"3dbdba2aca8842cd3e02c7d8c72078f77ff132cc3c84a7f8b87891d0cc106141","target":"e0bc9a7856341200"}}
1791518560345 0c3be847 > {"error":null,"id":548,"jsonrpc":"2.0","result":{"status":"OK_OFF_BEST_CHAIN"}}
1791518562435 0c3be847 < {"id":549,"jsonrpc":"2.0","method":"submit","params":{"id":"0c3be847","job_id":"401","nonce":"a2830100","result":"09920011960722241cad0a457bb36e3983185c448abe0e8db8dfca9aada10b00","algo":"rx/blacksilk"}}
1791518562646 0c3be847 < {"id":550,"jsonrpc":"2.0","method":"submit","params":{"id":"0c3be847","job_id":"401","nonce":"c2030000","result":"0135495ad9f58deb49d223d6bd067c022fec82a2059b00fe6e9fb414e1190900","algo":"rx/blacksilk"}}
1791518563437 0c3be847 > {"error":null,"id":549,"jsonrpc":"2.0","result":{"status":"OK"}}
1791518563466 0c3be847 > {"jsonrpc":"2.0","method":"job","params":{"algo":"rx/blacksilk","blob":"4253696c6b2f312105d759e7a21480afabee642e3594796a58e390f961d34fbb3dd3ad9111a216000000001dd7bc8a","height":399,"job_id":"402","seed_hash":"3dbdba2aca8842cd3e02c7d8c72078f77ff132cc3c84a7f8b87891d0cc106141","target":"e0bc9a7856341200"}}
1791518564452 0c3be847 > {"error":null,"id":550,"jsonrpc":"2.0","result":{"status":"OK_OFF_BEST_CHAIN"}}
1791518569202 0c3be847 < {"id":551,"jsonrpc":"2.0","method":"submit","params":{"id":"0c3be847","job_id":"402","nonce":"b4060000","result":"23a13e3cc38cb0541cba4c6596badc2ab712d42fc6609b645b952a77d4ec0200","algo":"rx/blacksilk"}}
1791518570261 0c3be847 > {"error":null,"id":551,"jsonrpc":"2.0","result":{"status":"OK"}}
1791518570276 0c3be847 > {"jsonrpc":"2.0","method":"job","params":{"algo":"rx/blacksilk","blob":"4253696c6b2f319af448e6b731a159b805cfedb02fe6dae85e7cb73f2ca969d6f1a9edccceab4e0000000049d83efd","height":400,"job_id":"403","seed_hash":"3dbdba2aca8842cd3e02c7d8c72078f77ff132cc3c84a7f8b87891d0cc106141","target":"e0bc9a7856341200"}}
1791518575514 0c3be847 < {"id":552,"jsonrpc":"2.0","method":"submit","params":{"id":"0c3be847","job_id":"403","nonce":"1e060000","result":"69ed2b2aa45d4701afd2b16e30707608cb50f70e0d9b0b3bcb4bc6a426960a00","algo":"rx/blacksilk"}}
1791518576540 0c3be847 > {"error":null,"id":552,"jsonrpc":"2.0","result":{"status":"OK"}}
1791518576541 0c3be847 > {"jsonrpc":"2.0","method":"job","params":{"algo":"rx/blacksilk","blob":"4253696c6b2f31fc4c0bac6be328a982a54f1d26eb108e167ab0aebb2b4791a856212be40691090000000068dab265","height":401,"job_id":"404","seed_hash":"3dbdba2aca8842cd3e02c7d8c72078f77ff132cc3c84a7f8b87891d0cc106141","target":"e0bc9a7856341200"}}
1791518579995 0c3be847 < {"id":553,"jsonrpc":"2.0","method":"submit","params":{"id":"0c3be847","job_id":"404","nonce":"0f040100","result":"0283a8ff675f9497bd7d6c993afc497dca0d720a89094f98c8853ef47d890a00","algo":"rx/blacksilk"}}
1791518580987 0c3be847 > {"error":null,"id":553,"jsonrpc":"2.0","result":{"status":"OK"}}
1791518581010 0c3be847 > {"jsonrpc":"2.0","method":"job","params":{"algo":"rx/blacksilk","blob":"4253696c6b2f31644e956fac384cf29aacf7e622932448b24b320d4bfd291287c944de1b0fa5af0000000058fa2430","height":402,"job_id":"405","seed_hash":"3dbdba2aca8842cd3e02c7d8c72078f77ff132cc3c84a7f8b87891d0cc106141","target":"e0bc9a7856341200"}}
1791518584068 0c3be847 < {"id":554,"jsonrpc":"2.0","method":"submit","params":{"id":"0c3be847","job_id":"405","nonce":"97830000","result":"b12869350ffbdad8fb2534a84df3d69a71bf807bc91f3189e6ba6db8b37f0a00","algo":"rx/blacksilk"}}
1791518584446 0c3be847 < {"id":555,"jsonrpc":"2.0","method":"submit","params":{"id":"0c3be847","job_id":"405","nonce":"fc830100","result":"eb31967438b74a9607b426dbf90c221416a0f6ddcb346906f9cb9d9170080e00","algo":"rx/blacksilk"}}
1791518585011 0c3be847 < {"id":556,"jsonrpc":"2.0","method":"submit","params":{"id":"0c3be847","job_id":"405","nonce":"ad840000","result":"fea21f8204f998185ba0d93c05dde3726409eeafe93d227d926d3be856e90600","algo":"rx/blacksilk"}}
1791518585119 0c3be847 > {"error":null,"id":554,"jsonrpc":"2.0","result":{"status":"OK"}}
1791518585149 0c3be847 > {"jsonrpc":"2.0","method":"job","params":{"algo":"rx/blacksilk","blob":"4253696c6b2f31f5893fd32cabb8027fbabace4c8b93b5b6916957e0648e71c4f24e361c0851fd000000000d525ed0","height":403,"job_id":"406","seed_hash":"3dbdba2aca8842cd3e02c7d8c72078f77ff132cc3c84a7f8b87891d0cc106141","target":"e0bc9a7856341200"}}
1791518586163 0c3be847 > {"error":null,"id":555,"jsonrpc":"2.0","result":{"status":"OK_OFF_BEST_CHAIN"}}
1791518586169 0c3be847 < {"id":557,"jsonrpc":"2.0","method":"submit","params":{"id":"0c3be847","job_id":"406","nonce":"1f010100","result":"10860bc00b4cec9c3c58f23748a284570a84268b27d80ad60736469b22600000","algo":"rx/blacksilk"}}
1791518586789 0c3be847 < {"id":558,"jsonrpc":"2.0","method":"submit","params":{"id":"0c3be847","job_id":"406","nonce":"c1810100","result":"45aa2733d5664c7786e798455fed0e90bc7e4ffbde6afc1b4dddf6672f1a0000","algo":"rx/blacksilk"}}
1791518587177 0c3be847 < {"id":559,"jsonrpc":"2.0","method":"submit","params":{"id":"0c3be847","job_id":"406","nonce":"4b020000","result":"d591e6740f31c35ba77ce2205bf3ab54aa9775d8457992e8bd986df010601000","algo":"rx/blacksilk"}}
1791518587181 0c3be847 > {"error":null,"id":556,"jsonrpc":"2.0","result":{"status":"OK_OFF_BEST_CHAIN"}}
1791518587230 0c3be847 < {"id":560,"jsonrpc":"2.0","method":"submit","params":{"id":"0c3be847","job_id":"406","nonce":"46820100","result":"6f3924b7264547947f3c06aa966ad328e42f5d11164db0dfbc627e5efa7c0100","algo":"rx/blacksilk"}}
1791518587304 0c3be847 < {"id":561,"jsonrpc":"2.0","method":"submit","params":{"id":"0c3be847","job_id":"406","nonce":"4f820000","result":"fdd92f703fa0ab6029b5fc35dfa627e625052de74368e427cb86af3fed110300","algo":"rx/blacksilk"}}
1791518588197 0c3be847 > {"error":null,"id":557,"jsonrpc":"2.0","result":{"status":"OK"}}
1791518588221 0c3be847 > {"jsonrpc":"2.0","method":"job","params":{"algo":"rx/blacksilk","blob":"4253696c6b2f3179a8fb4e369eb43e7e95c4747820fe7b1196962374ae90267cd1f216132e34040000000040c69ebe","height":404,"job_id":"407","seed_hash":"3dbdba2aca8842cd3e02c7d8c72078f77ff132cc3c84a7f8b87891d0cc106141","target":"e0bc9a7856341200"}}
1791518589089 0c3be847 < {"id":562,"jsonrpc":"2.0","method":"submit","params":{"id":"0c3be847","job_id":"407","nonce":"fc000000","result":"14652de7c04838baa167c1a6b180f57330909717a01b16f921825f9378e30600","algo":"rx/blacksilk"}}
1791518589291 0c3be847 > {"error":null,"id":558,"jsonrpc":"2.0","result":{"status":"OK_OFF_BEST_CHAIN"}}
1791518590350 0c3be847 > {"error":null,"id":559,"jsonrpc":"2.0","result":{"status":"OK_OFF_BEST_CHAIN"}}
1791518591331 0c3be847 > {"error":null,"id":560,"jsonrpc":"2.0","result":{"status":"OK_OFF_BEST_CHAIN"}}
1791518591337 0c3be847 < {"id":563,"jsonrpc":"2.0","method":"submit","params":{"id":"0c3be847","job_id":"407","nonce":"6e030000","result":"5839be222dade67175ce4ab30c36b359fa7baa4c54743ef4029a92612f9e0700","algo":"rx/blacksilk"}}
1791518592331 0c3be847 > {"error":null,"id":561,"jsonrpc":"2.0","result":{"status":"OK_OFF_BEST_CHAIN"}}
1791518592469 0c3be847 < {"id":564,"jsonrpc":"2.0","method":"submit","params":{"id":"0c3be847","job_id":"407","nonce":"7d840000","result":"1f46b998131830cf491665845d2667cddbb50583e679161c7a0c1eb15bc60d00","algo":"rx/blacksilk"}}
1791518593112 0c3be847 < {"id":565,"jsonrpc":"2.0","method":"submit","params":{"id":"0c3be847","job_id":"407","nonce":"20850000","result":"87767b25dc645d75f61aa1c47d0b01dad2c82bf97064f495d9ffa35e43000600","algo":"rx/blacksilk"}}
1791518593364 0c3be847 < {"id":566,"jsonrpc":"2.0","method":"submit","params":{"id":"0c3be847","job_id":"407","nonce":"e2050100","result":"7f0ffd48ecc79f779ec73189f35a7323a58548821c6b5968b66d09490f710e00","algo":"rx/blacksilk"}}
1791518593384 0c3be847 > {"error":null,"id":562,"jsonrpc":"2.0","result":{"status":"OK"}}
1791518593411 0c3be847 > {"jsonrpc":"2.0","method":"job","params":{"algo":"rx/blacksilk","blob":"4253696c6b2f31ec868b7702e7f0d2e7cf924f7d80e63a3c7d7edc8e9cf24ebdf45f58d4ed0c25000000000e56623a","height":405,"job_id":"408","seed_hash":"3dbdba2aca8842cd3e02c7d8c72078f77ff132cc3c84a7f8b87891d0cc106141","target":"e0bc9a7856341200"}}
1791518594406 0c3be847 > {"error":null,"id":563,"jsonrpc":"2.0","result":{"status":"OK_OFF_BEST_CHAIN"}}
1791518595455 0c3be847 < {"id":567,"jsonrpc":"2.0","method":"submit","params":{"id":"0c3be847","job_id":"408","nonce":"28020100","result":"3bd87ede1f5705f75ce4f56c259fbdb6f409800fdcc63072eb8904272fa20a00","algo":"rx/blacksilk"}}
1791518595475 0c3be847 > {"error":null,"id":564,"jsonrpc":"2.0","result":{"status":"OK_OFF_BEST_CHAIN"}}
1791518596527 0c3be847 > {"error":null,"id":565,"jsonrpc":"2.0","result":{"status":"OK_OFF_BEST_CHAIN"}}
1791518596605 0c3be847 < {"id":568,"jsonrpc":"2.0","method":"submit","params":{"id":"0c3be847","job_id":"408","nonce":"6a030000","result":"afd3ee5bd28e1d0ac4883d4d2bff965493a3512170eb03b9051662a7f3380e00","algo":"rx/blacksilk"}}
1791518597598 0c3be847 > {"error":null,"id":566,"jsonrpc":"2.0","result":{"status":"OK_OFF_BEST_CHAIN"}}
1791518598635 0c3be847 > {"error":null,"id":567,"jsonrpc":"2.0","result":{"status":"OK"}}
1791518598653 0c3be847 > {"jsonrpc":"2.0","method":"job","params":{"algo":"rx/blacksilk","blob":"4253696c6b2f31c323b36955f58170e61f08ef41954ec0a8a4b091ceaeb0fc95e2dafe13e05ec700000000a17a28b3","height":406,"job_id":"409","seed_hash":"3dbdba2aca8842cd3e02c7d8c72078f77ff132cc3c84a7f8b87891d0cc106141","target":"e0bc9a7856341200"}}
1791518599686 0c3be847 > {"error":null,"id":568,"jsonrpc":"2.0","result":{"status":"OK_OFF_BEST_CHAIN"}}
1791518601560 0c3be847 < {"id":569,"jsonrpc":"2.0","method":"submit","params":{"id":"0c3be847","job_id":"409","nonce":"50030000","result":"af10a0d9db67adb1ac961fb67a741faea188721f0bbe2899aef8fdda6c3a0000","algo":"rx/blacksilk"}}
1791518602627 0c3be847 > {"error":null,"id":569,"jsonrpc":"2.0","result":{"status":"OK"}}
1791518602644 0c3be847 > {"jsonrpc":"2.0","method":"job","params":{"algo":"rx/blacksilk","blob":"4253696c6b2f310e32ae6ea15083e453912f052a80e30720af650bb0b5a36bb1c2204e350ee781000000009994f4cb","height":407,"job_id":"410","seed_hash":"3dbdba2aca8842cd3e02c7d8c72078f77ff132cc3c84a7f8b87891d0cc106141","target":"e0bc9a7856341200"}}
1791518610383 0c3be847 < {"id":570,"jsonrpc":"2.0","method":"submit","params":{"id":"0c3be847","job_id":"410","nonce":"1d890000","result":"c2f66774e9c2897de0cbe25f53b03fb73190d6157993f94487f30f0b6f190800","algo":"rx/blacksilk"}}
1791518611403 0c3be847 > {"error":null,"id":570,"jsonrpc":"2.0","result":{"status":"OK"}}
1791518611423 0c3be847 > {"jsonrpc":"2.0","method":"job","params":{"algo":"rx/blacksilk","blob":"4253696c6b2f3196de82a05085b5261e6e989935e98b80bdcc55d13d988eae3980f8783bb6e611000000007d3cb4a9","height":408,"job_id":"411","seed_hash":"3dbdba2aca8842cd3e02c7d8c72078f77ff132cc3c84a7f8b87891d0cc106141","target":"e0bc9a7856341200"}}
1791518615294 0c3be847 < {"id":571,"jsonrpc":"2.0","method":"submit","params":{"id":"0c3be847","job_id":"411","nonce":"67040000","result":"2b2aecd577746b3389b8413c4cc56820ebd7d081c4cb6da305f59bf907460900","algo":"rx/blacksilk"}}
1791518615890 0c3be847 < {"id":572,"jsonrpc":"2.0","method":"submit","params":{"id":"0c3be847","job_id":"411","nonce":"03850000","result":"9d15320f967b994179174e2119012d86d5cdd9dc9355d555e8f0ca11d75e0600","algo":"rx/blacksilk"}}
1791518616339 0c3be847 > {"error":null,"id":571,"jsonrpc":"2.0","result":{"status":"OK"}}
1791518616365 0c3be847 > {"jsonrpc":"2.0","method":"job","params":{"algo":"rx/blacksilk","blob":"4253696c6b2f31eed7f68a5400a88f63581a59e16b7219095e6bbff32eb4c7bda80a2a513d6c1d00000000d011cc13","height":409,"job_id":"412","seed_hash":"3dbdba2aca8842cd3e02c7d8c72078f77ff132cc3c84a7f8b87891d0cc106141","target":"e0bc9a7856341200"}}
1791518617387 0c3be847 < {"id":573,"jsonrpc":"2.0","method":"submit","params":{"id":"0c3be847","job_id":"412","nonce":"0a810000","result":"539f4a7ecfc1ba56cfe563c3545b944870dc3ef559bacfdb03691ebcc0700500","algo":"rx/blacksilk"}}
1791518617426 0c3be847 > {"error":null,"id":572,"jsonrpc":"2.0","result":{"status":"OK_OFF_BEST_CHAIN"}}
1791518618455 0c3be847 > {"error":null,"id":573,"jsonrpc":"2.0","result":{"status":"OK"}}
1791518618468 0c3be847 > {"jsonrpc":"2.0","method":"job","params":{"algo":"rx/blacksilk","blob":"4253696c6b2f31bf7f0c5464d08f22f7e112f9c6e833419f199f47b6297a7b0b7a9ed783f9c18500000000a33521a9","height":410,"job_id":"413","seed_hash":"3dbdba2aca8842cd3e02c7d8c72078f77ff132cc3c84a7f8b87891d0cc106141","target":"e0bc9a7856341200"}}
1791518623181 0c3be847 < {"id":574,"jsonrpc":"2.0","method":"submit","params":{"id":"0c3be847","job_id":"413","nonce":"7f850000","result":"6269fb15f2191995be534d3490d5e3814b62a9571d78f1875aff181e3d9b0900","algo":"rx/blacksilk"}}
1791518624227 0c3be847 > {"error":null,"id":574,"jsonrpc":"2.0","result":{"status":"OK"}}
1791518624244 0c3be847 > {"jsonrpc":"2.0","method":"job","params":{"algo":"rx/blacksilk","blob":"4253696c6b2f31ab948dd48192dcdcb07e4ab7d9b85e3d868513495ba0c60c82c955f7c5a2628900000000a7201139","height":411,"job_id":"414","seed_hash":"3dbdba2aca8842cd3e02c7d8c72078f77ff132cc3c84a7f8b87891d0cc106141","target":"e0bc9a7856341200"}}
1791518637038 0c3be847 < {"id":575,"jsonrpc":"2.0","method":"submit","params":{"id":"0c3be847","job_id":"414","nonce":"e28e0100","result":"75366fea1cfcef69c44ec73b3d736049421a8ec8409b436b13091aa2def20600","algo":"rx/blacksilk"}}
1791518638104 0c3be847 > {"error":null,"id":575,"jsonrpc":"2.0","result":{"status":"OK"}}
1791518638105 0c3be847 > {"jsonrpc":"2.0","method":"job","params":{"algo":"rx/blacksilk","blob":"4253696c6b2f316c2fcd78c67aaf614f8a7e8c9f4e832380e988075351fda7a1f87a9facaceedd000000007a642dd4","height":412,"job_id":"415","seed_hash":"3dbdba2aca8842cd3e02c7d8c72078f77ff132cc3c84a7f8b87891d0cc106141","target":"e0bc9a7856341200"}}
1791518639119 0c3be847 < {"id":576,"jsonrpc":"2.0","method":"submit","params":{"id":"0c3be847","job_id":"415","nonce":"35010000","result":"f10c3194de06d0a2b711e6ba44ab351ed50bcd8e7328e61ab7cb2381f9dd1100","algo":"rx/blacksilk"}}
1791518640199 0c3be847 > {"error":null,"id":576,"jsonrpc":"2.0","result":{"status":"OK"}}
1791518640219 0c3be847 > {"jsonrpc":"2.0","method":"job","params":{"algo":"rx/blacksilk","blob":"4253696c6b2f3199d539fd41c152de5a09371a29afb357e279003afa0260ca9abc6ce7bc92adf1000000009d30cf32","height":413,"job_id":"416","seed_hash":"3dbdba2aca8842cd3e02c7d8c72078f77ff132cc3c84a7f8b87891d0cc106141","target":"e0bc9a7856341200"}}
1791518640685 0c3be847 < {"id":577,"jsonrpc":"2.0","method":"submit","params":{"id":"0c3be847","job_id":"416","nonce":"83000000","result":"a3fa3d2c9fc47166f5dd9bb317f7f719824c4335e3dba6fd7fd5da9a40150c00","algo":"rx/blacksilk"}}
1791518641748 0c3be847 > {"error":null,"id":577,"jsonrpc":"2.0","result":{"status":"OK"}}
1791518641772 0c3be847 > {"jsonrpc":"2.0","method":"job","params":{"algo":"rx/blacksilk","blob":"4253696c6b2f31b634c88f3f89091d77bce8232e29baca3173f237dc179e1e7ef5ca445ac5e8dc000000008c4943dd","height":414,"job_id":"417","seed_hash":"3dbdba2aca8842cd3e02c7d8c72078f77ff132cc3c84a7f8b87891d0cc106141","target":"e0bc9a7856341200"}}
1791518645668 0c3be847 < {"id":578,"jsonrpc":"2.0","method":"submit","params":{"id":"0c3be847","job_id":"417","nonce":"7f040100","result":"69ece20acde0b71936336c7431b3dafcf0fc6e44266e735bc934437d56590a00","algo":"rx/blacksilk"}}
1791518646661 0c3be847 > {"error":null,"id":578,"jsonrpc":"2.0","result":{"status":"OK"}}
1791518646680 0c3be847 > {"jsonrpc":"2.0","method":"job","params":{"algo":"rx/blacksilk","blob":"4253696c6b2f31376dc908ccc19fcc29a983c77446b403234b21541b9d763d48a0d670e02dd65500000000a1d57c63","height":415,"job_id":"418","seed_hash":"3dbdba2aca8842cd3e02c7d8c72078f77ff132cc3c84a7f8b87891d0cc106141","target":"e0bc9a7856341200"}}
1791518648885 0c3be847 < {"id":579,"jsonrpc":"2.0","method":"submit","params":{"id":"0c3be847","job_id":"418","nonce":"9a020100","result":"2bcc8d8dbf94072fc7b3b8cecc0761f3119ae3e34a006229e5345567d8d01000","algo":"rx/blacksilk"}}
1791518649660 0c3be847 < {"id":580,"jsonrpc":"2.0","method":"submit","params":{"id":"0c3be847","job_id":"418","nonce":"74030000","result":"5f8cac30d3903245313f4b5aa68a15b715d949ebeaa8e5eee9aa6783aff70300","algo":"rx/blacksilk"}}
1791518649938 0c3be847 > {"error":null,"id":579,"jsonrpc":"2.0","result":{"status":"OK"}}
1791518649964 0c3be847 > {"jsonrpc":"2.0","method":"job","params":{"algo":"rx/blacksilk","blob":"4253696c6b2f31a35a004849703f7736955bc74b3bb63b8be21e912879d6cfd303cc79c65ad67c00000000e99fef6a","height":416,"job_id":"419","seed_hash":"3dbdba2aca8842cd3e02c7d8c72078f77ff132cc3c84a7f8b87891d0cc106141","target":"e0bc9a7856341200"}}
1791518650997 0c3be847 > {"error":null,"id":580,"jsonrpc":"2.0","result":{"status":"OK_OFF_BEST_CHAIN"}}
1791518655360 0c3be847 < {"id":581,"jsonrpc":"2.0","method":"submit","params":{"id":"0c3be847","job_id":"419","nonce":"50860000","result":"e1cd3ad5a37d5d562b1dc200f4053df6c8726e234b85210a482fa9b44f9a0800","algo":"rx/blacksilk"}}
1791518656415 0c3be847 > {"error":null,"id":581,"jsonrpc":"2.0","result":{"status":"OK"}}
1791518656444 0c3be847 > {"jsonrpc":"2.0","method":"job","params":{"algo":"rx/blacksilk","blob":"4253696c6b2f313e27d0b1340ff4c9a7f9aae301553e73eab25d9171637ba41f628ee142aff73500000000ab5dc3d6","height":417,"job_id":"420","seed_hash":"3dbdba2aca8842cd3e02c7d8c72078f77ff132cc3c84a7f8b87891d0cc106141","target":"e0bc9a7856341200"}}
1791518656976 0c3be847 < {"id":582,"jsonrpc":"2.0","method":"submit","params":{"id":"0c3be847","job_id":"420","nonce":"a1000100","result":"1aa22f27643f8bb09830a4e833a4876b0bd03d33d2b43c5483bbb0d23bdf0900","algo":"rx/blacksilk"}}
1791518658028 0c3be847 > {"error":null,"id":582,"jsonrpc":"2.0","result":{"status":"OK"}}
1791518658046 0c3be847 > {"jsonrpc":"2.0","method":"job","params":{"algo":"rx/blacksilk","blob":"4253696c6b2f3128d5d019c1f0cf5b0cc34aab1f37469e79d596c5afcac35d50920624627e2db0000000008de73bb1","height":418,"job_id":"421","seed_hash":"3dbdba2aca8842cd3e02c7d8c72078f77ff132cc3c84a7f8b87891d0cc106141","target":"e0bc9a7856341200"}}
1791518659126 0c3be847 < {"id":583,"jsonrpc":"2.0","method":"submit","params":{"id":"0c3be847","job_id":"421","nonce":"43810100","result":"0c7c1d02967f850ad77a9c008d2973320abdfbb7d5f57805524c7deeee260000","algo":"rx/blacksilk"}}
1791518660192 0c3be847 > {"error":null,"id":583,"jsonrpc":"2.0","result":{"status":"OK"}}
1791518660216 0c3be847 > {"jsonrpc":"2.0","method":"job","params":{"algo":"rx/blacksilk","blob":"4253696c6b2f31b5be01697d29f99fd901d6bc3d5d02dbcd1454dbdac5aacf8da548b1771864c20000000074edd0e8","height":419,"job_id":"422","seed_hash":"3dbdba2aca8842cd3e02c7d8c72078f77ff132cc3c84a7f8b87891d0cc106141","target":"e0bc9a7856341200"}}
1791518660469 0c3be847 < {"id":584,"jsonrpc":"2.0","method":"submit","params":{"id":"0c3be847","job_id":"422","nonce":"44000000","result":"31912a96d14720741be54b0552a4402a121323d0cd63fdb356079bc9729f0300","algo":"rx/blacksilk"}}
1791518660647 0c3be847 < {"id":585,"jsonrpc":"2.0","method":"submit","params":{"id":"0c3be847","job_id":"422","nonce":"76800000","result":"427064c35da58f5e3cabe056a4d20ec9eb479bc18147ea88f07b9aaa61f30d00","algo":"rx/blacksilk"}}
1791518661480 0c3be847 > {"error":null,"id":584,"jsonrpc":"2.0","result":{"status":"OK"}}
1791518661501 0c3be847 > {"jsonrpc":"2.0","method":"job","params":{"algo":"rx/blacksilk","blob":"4253696c6b2f31e20e0b2f32c328eb3b7da66a2c80c033b9ab3981db38eebe17681caf8a4979e50000000087f97528","height":420,"job_id":"423","seed_hash":"3dbdba2aca8842cd3e02c7d8c72078f77ff132cc3c84a7f8b87891d0cc106141","target":"e0bc9a7856341200"}}
1791518662523 0c3be847 > {"error":null,"id":585,"jsonrpc":"2.0","result":{"status":"OK_OFF_BEST_CHAIN"}}
1791518669124 0c3be847 < {"id":586,"jsonrpc":"2.0","method":"submit","params":{"id":"0c3be847","job_id":"423","nonce":"fc080100","result":"5b99d79b534325fba98cc9aa8bbabf80e4faff795f413967768599aa3cb70500","algo":"rx/blacksilk"}}
1791518670159 0c3be847 > {"error":null,"id":586,"jsonrpc":"2.0","result":{"status":"OK"}}
1791518670182 0c3be847 > {"jsonrpc":"2.0","method":"job","params":{"algo":"rx/blacksilk","blob":"4253696c6b2f3132f59a8b3f17a1e1544715eb5340d0d63fddd3d70ea887e1b2e2ea20d6de1cc7000000004c924344","height":421,"job_id":"424","seed_hash":"3dbdba2aca8842cd3e02c7d8c72078f77ff132cc3c84a7f8b87891d0cc106141","target":"e0bc9a7856341200"}}
1791518673335 0c3be847 < {"id":587,"jsonrpc":"2.0","method":"submit","params":{"id":"0c3be847","job_id":"424","nonce":"a9830100","result":"5a3c91dc3483ef0662a64b11d02e4be42c1d234a059a19cbe54614e8f3130d00","algo":"rx/blacksilk"}}
1791518674290 0c3be847 < {"id":588,"jsonrpc":"2.0","method":"submit","params":{"id":"0c3be847","job_id":"424","nonce":"b9040100","result":"7fd1b79f10630bd33b684133af6c2f94c9b03eb6385ddeb7321daf61306a1100","algo":"rx/blacksilk"}}
1791518674359 0c3be847 > {"error":null,"id":587,"jsonrpc":"2.0","result":{"status":"OK"}}
1791518674390 0c3be847 > {"jsonrpc":"2.0","method":"job","params":{"algo":"rx/blacksilk","blob":"4253696c6b2f311abdd29c27b50d5afc64e9aa8fd5a91e85493d14a53cbc1ec852cb6d18b4da8e00000000a3746c02","height":422,"job_id":"425","seed_hash":"3dbdba2aca8842cd3e02c7d8c72078f77ff132cc3c84a7f8b87891d0cc106141","target":"e0bc9a7856341200"}}
1791518675462 0c3be847 > {"error":null,"id":588,"jsonrpc":"2.0","result":{"status":"OK_OFF_BEST_CHAIN"}}
1791518679418 0c3be847 < {"id":589,"jsonrpc":"2.0","method":"submit","params":{"id":"0c3be847","job_id":"425","nonce":"a4050000","result":"79ac9c90bb393f381beca382dbc09be1358573b15fc86ab68d4c617e4db20400","algo":"rx/blacksilk"}}
1791518679471 0c3be847 < {"id":590,"jsonrpc":"2.0","method":"submit","params":{"id":"0c3be847","job_id":"425","nonce":"9a850100","result":"794794c72f31d44336b3dc3f01010977d5433d53e0019920b69f2bc3d7ee0400","algo":"rx/blacksilk"}}
1791518680285 0c3be847 < {"id":591,"jsonrpc":"2.0","method":"submit","params":{"id":"0c3be847","job_id":"425","nonce":"a9060100","result":"e1391a12aea73ac8d7338d7337b4e51faac527b52684499e1a44eec8f00e1000","algo":"rx/blacksilk"}}
1791518680427 0c3be847 > {"error":null,"id":589,"jsonrpc":"2.0","result":{"status":"OK"}}
1791518680447 0c3be847 > {"jsonrpc":"2.0","method":"job","params":{"algo":"rx/blacksilk","blob":"4253696c6b2f3188a4cc62392466f7acef47a4129a262f55e233efb38d81cbffa1a3d6f531c1bf00000000ff1ea486","height":423,"job_id":"426","seed_hash":"3dbdba2aca8842cd3e02c7d8c72078f77ff132cc3c84a7f8b87891d0cc106141","target":"e0bc9a7856341200"}}
1791518681467 0c3be847 > {"error":null,"id":590,"jsonrpc":"2.0","result":{"status":"OK_OFF_BEST_CHAIN"}}
1791518682510 0c3be847 > {"error":null,"id":591,"jsonrpc":"2.0","result":{"status":"OK_OFF_BEST_CHAIN"}}
1791518682814 0c3be847 < {"id":592,"jsonrpc":"2.0","method":"submit","params":{"id":"0c3be847","job_id":"426","nonce":"b2820000","result":"dc72c8b93a6335cb9ceffd0f579a9f00e0422a913377c3db21db3d50efc20a00","algo":"rx/blacksilk"}}
1791518683830 0c3be847 > {"error":null,"id":592,"jsonrpc":"2.0","result":{"status":"OK"}}
1791518683852 0c3be847 > {"jsonrpc":"2.0","method":"job","params":{"algo":"rx/blacksilk","blob":"4253696c6b2f31f74e03f0d8b1935761646e3fd32684ff208d3e89ad1788bbfac9842ffb3b85e50000000052af0573","height":424,"job_id":"427","seed_hash":"3dbdba2aca8842cd3e02c7d8c72078f77ff132cc3c84a7f8b87891d0cc106141","target":"e0bc9a7856341200"}}
1791518685764 0c3be847 < {"id":593,"jsonrpc":"2.0","method":"submit","params":{"id":"0c3be847","job_id":"427","nonce":"43820100","result":"22c909b90319ddd4879854d8b63b3071dce369849e8887e1081edd7154930d00","algo":"rx/blacksilk"}}
1791518686806 0c3be847 > {"error":null,"id":593,"jsonrpc":"2.0","result":{"status":"OK"}}
1791518686825 0c3be847 > {"jsonrpc":"2.0","method":"job","params":{"algo":"rx/blacksilk","blob":"4253696c6b2f3154e7e4521556811a223b7013c75c0edb587b2289fdf2030e6da3cf0b3c0a9892000000000035f4d3","height":425,"job_id":"428","seed_hash":"3dbdba2aca8842cd3e02c7d8c72078f77ff132cc3c84a7f8b87891d0cc106141","target":"e0bc9a7856341200"}}
1791518688637 0c3be847 < {"id":594,"jsonrpc":"2.0","method":"submit","params":{"id":"0c3be847","job_id":"428","nonce":"24820000","result":"e0dc28d3e8b6d35b02ce7bc406533395228a143429abecc0862e0aaf921b0500","algo":"rx/blacksilk"}}
1791518689707 0c3be847 > {"error":null,"id":594,"jsonrpc":"2.0","result":{"status":"OK"}}
1791518689730 0c3be847 > {"jsonrpc":"2.0","method":"job","params":{"algo":"rx/blacksilk","blob":"4253696c6b2f315fe9c6542da687132d015608ffdf2584d1418dcc0d517ba2424f4e64426a2f1c000000003bbd95f8","height":426,"job_id":"429","seed_hash":"3dbdba2aca8842cd3e02c7d8c72078f77ff132cc3c84a7f8b87891d0cc106141","target":"e0bc9a7856341200"}}
1791518692530 0c3be847 < {"id":595,"jsonrpc":"2.0","method":"submit","params":{"id":"0c3be847","job_id":"429","nonce":"4e830000","result":"787e6af6df1eaee1d6f9a801bb9ba814853e334022c308cba579b66de4b50200","algo":"rx/blacksilk"}}
1791518693644 0c3be847 > {"error":null,"id":595,"jsonrpc":"2.0","result":{"status":"OK"}}
1791518693644 0c3be847 > {"jsonrpc":"2.0","method":"job","params":{"algo":"rx/blacksilk","blob":"4253696c6b2f31ccb1be4cb301fdd5e7b2e531ee508a4625886204a34725f109220b395de4d70300000000531c9185","height":427,"job_id":"430","seed_hash":"3dbdba2aca8842cd3e02c7d8c72078f77ff132cc3c84a7f8b87891d0cc106141","target":"e0bc9a7856341200"}}
1791518706436 0c3be847 < {"id":596,"jsonrpc":"2.0","method":"submit","params":{"id":"0c3be847","job_id":"430","nonce":"750e0000","result":"c010bcaf5791c13895222abb44509f5ab428fc06e38b5387c9c5460776b90200","algo":"rx/blacksilk"}}
1791518707487 0c3be847 > {"error":null,"id":596,"jsonrpc":"2.0","result":{"status":"OK"}}
1791518707503 0c3be847 > {"jsonrpc":"2.0","method":"job","params":{"algo":"rx/blacksilk","blob":"4253696c6b2f310a43cd58b44a6f1d1daffb32d13a23a540beedae002ae6cd1d6ff60341d4b8be00000000d5aa47b5","height":428,"job_id":"431","seed_hash":"3dbdba2aca8842cd3e02c7d8c72078f77ff132cc3c84a7f8b87891d0cc106141","target":"e0bc9a7856341200"}}
1791518710059 0c3be847 < {"id":597,"jsonrpc":"2.0","method":"submit","params":{"id":"0c3be847","job_id":"431","nonce":"02030100","result":"1b4e5e9e40a0938a9a4307a5c65fc608566ba3ff888d5a63410652ec87040500","algo":"rx/blacksilk"}}
1791518710398 0c3be847 < {"id":598,"jsonrpc":"2.0","method":"submit","params":{"id":"0c3be847","job_id":"431","nonce":"68030000","result":"684e608ddea47022b0561d46d7c9e2e0706a83430af1c1d60985d08281a80c00","algo":"rx/blacksilk"}}
1791518711104 0c3be847 > {"error":null,"id":597,"jsonrpc":"2.0","result":{"status":"OK"}}
1791518711129 0c3be847 > {"jsonrpc":"2.0","method":"job","params":{"algo":"rx/blacksilk","blob":"4253696c6b2f31952cc5b59a0b33118b733c00fe4a5112e843cf61a537addd790042601ef43b5f000000008e7e8b35","height":429,"job_id":"432","seed_hash":"3dbdba2aca8842cd3e02c7d8c72078f77ff132cc3c84a7f8b87891d0cc106141","target":"e0bc9a7856341200"}}
1791518711536 0c3be847 < {"id":599,"jsonrpc":"2.0","method":"submit","params":{"id":"0c3be847","job_id":"432","nonce":"6e800000","result":"08eb5abd9b32f65b8ac572c705b4604d4ba6decff0e9aff1f9bf95942b480e00","algo":"rx/blacksilk"}}
1791518712185 0c3be847 > {"error":null,"id":598,"jsonrpc":"2.0","result":{"status":"OK_OFF_BEST_CHAIN"}}
1791518713261 0c3be847 > {"error":null,"id":599,"jsonrpc":"2.0","result":{"status":"OK"}}
1791518713280 0c3be847 > {"jsonrpc":"2.0","method":"job","params":{"algo":"rx/blacksilk","blob":"4253696c6b2f31913a199f6e8da645d88233fdfd59ed6bf97af0655184f638141e87413b5a1ed2000000009e80d4af","height":430,"job_id":"433","seed_hash":"3dbdba2aca8842cd3e02c7d8c72078f77ff132cc3c84a7f8b87891d0cc106141","target":"e0bc9a7856341200"}}
1791518715748 0c3be847 < {"id":600,"jsonrpc":"2.0","method":"submit","params":{"id":"0c3be847","job_id":"433","nonce":"ea820100","result":"a40d6209b6ef0a90ea2ecea710ef1ef86da62bfa1774cdafde3bfd5e7b3e0500","algo":"rx/blacksilk"}}
1791518715922 0c3be847 < {"id":601,"jsonrpc":"2.0","method":"submit","params":{"id":"0c3be847","job_id":"433","nonce":"16830100","result":"159d34ca993c4d4cee65ba366c3b337ecf830717c484042247e65c82aff20d00","algo":"rx/blacksilk"}}
1791518716851 0c3be847 > {"error":null,"id":600,"jsonrpc":"2.0","result":{"status":"OK"}}
1791518716872 0c3be847 > {"jsonrpc":"2.0","method":"job","params":{"algo":"rx/blacksilk","blob":"4253696c6b2f31be0f316eca0f0a8c69b3258925a63a05c899c5f94dec6bb0b0fd3a9830aec5620000000097626bf5","height":431,"job_id":"434","seed_hash":"3dbdba2aca8842cd3e02c7d8c72078f77ff132cc3c84a7f8b87891d0cc106141","target":"e0bc9a7856341200"}}
1791518717546 0c3be847 < {"id":602,"jsonrpc":"2.0","method":"submit","params":{"id":"0c3be847","job_id":"434","nonce":"b0000000","result":"7cd15d8de4889aa92aa3d4334240c6d0c5288d1ca4ed0c38dc0e1e180a020700","algo":"rx/blacksilk"}}
1791518717901 0c3be847 > {"error":null,"id":601,"jsonrpc":"2.0","result":{"status":"OK_OFF_BEST_CHAIN"}}
1791518718101 0c3be847 < {"id":603,"jsonrpc":"2.0","method":"submit","params":{"id":"0c3be847","job_id":"434","nonce":"4a010000","result":"71a4c0845d3ae8ec96c3c71e0aec2b2f72b51dda491ae0ba38e0a582d94d0500","algo":"rx/blacksilk"}}
1791518718989 0c3be847 > {"error":null,"id":602,"jsonrpc":"2.0","result":{"status":"OK"}}
1791518719009 0c3be847 > {"jsonrpc":"2.0","method":"job","params":{"algo":"rx/blacksilk","blob":"4253696c6b2f31c80cdde58a118b7db3fcc0e67483798c7a433281061773c5afb9ba329cf9494300000000d8798540","height":432,"job_id":"435","seed_hash":"3dbdba2aca8842cd3e02c7d8c72078f77ff132cc3c84a7f8b87891d0cc106141","target":"e0bc9a7856341200"}}
1791518719702 0c3be847 < {"id":604,"jsonrpc":"2.0","method":"submit","params":{"id":"0c3be847","job_id":"435","nonce":"d1800100","result":"254b3dcd3fd441710bb5f2322ee6b4dce5fb1562958b1076af0503130f1b0800","algo":"rx/blacksilk"}}
1791518719996 0c3be847 > {"error":null,"id":603,"jsonrpc":"2.0","result":{"status":"OK_OFF_BEST_CHAIN"}}
1791518721024 0c3be847 > {"error":null,"id":604,"jsonrpc":"2.0","result":{"status":"OK"}}
1791518721045 0c3be847 > {"jsonrpc":"2.0","method":"job","params":{"algo":"rx/blacksilk","blob":"4253696c6b2f31b38176dbb923052e45043c49673178b7b600688395538529390d28df6f17821800000000277ae054","height":433,"job_id":"436","seed_hash":"3dbdba2aca8842cd3e02c7d8c72078f77ff132cc3c84a7f8b87891d0cc106141","target":"e0bc9a7856341200"}}
1791518723336 0c3be847 < {"id":605,"jsonrpc":"2.0","method":"submit","params":{"id":"0c3be847","job_id":"436","nonce":"a0020000","result":"7dd8b37b843ab937e733954c70aed55f09fa8c5db9aa28810d71e8ddfce20100","algo":"rx/blacksilk"}}
1791518724393 0c3be847 > {"error":null,"id":605,"jsonrpc":"2.0","result":{"status":"OK"}}
1791518724414 0c3be847 > {"jsonrpc":"2.0","method":"job","params":{"algo":"rx/blacksilk","blob":"4253696c6b2f31d43c1f7015e84a9240ac82c6d13d118597610898d48235c2e405e256b765473000000000c17cbd0b","height":434,"job_id":"437","seed_hash":"3dbdba2aca8842cd3e02c7d8c72078f77ff132cc3c84a7f8b87891d0cc106141","target":"e0bc9a7856341200"}}
1791518733026 0c3be847 < {"id":606,"jsonrpc":"2.0","method":"submit","params":{"id":"0c3be847","job_id":"437","nonce":"1f8a0000","result":"3592b6e8b2b8eca145f309f5b4ade5154ece4fd87f1827fcb269a45e99910400","algo":"rx/blacksilk"}}
1791518734078 0c3be847 > {"error":null,"id":606,"jsonrpc":"2.0","result":{"status":"OK"}}
1791518734099 0c3be847 > {"jsonrpc":"2.0","method":"job","params":{"algo":"rx/blacksilk","blob":"4253696c6b2f31fcc34c358ba11076f26e46904a4d282c0f053a791edfc6d58f128fb08cab8392000000001b82fc30","height":435,"job_id":"438","seed_hash":"3dbdba2aca8842cd3e02c7d8c72078f77ff132cc3c84a7f8b87891d0cc106141","target":"e0bc9a7856341200"}}
1791518738659 0c3be847 < {"id":607,"jsonrpc":"2.0","method":"submit","params":{"id":"0c3be847","job_id":"438","nonce":"4d050000","result":"7f37eb5de5d46c39fc52a52c8017384a521d2db7b82eee8aaf4f460a85a40300","algo":"rx/blacksilk"}}
1791518739359 0c3be847 < {"id":608,"jsonrpc":"2.0","method":"submit","params":{"id":"0c3be847","job_id":"438","nonce":"20060000","result":"91c7d229fff6f84e7077f7d928939dff938b52b048aee328c5f248cff6c40200","algo":"rx/blacksilk"}}
1791518739693 0c3be847 > {"error":null,"id":607,"jsonrpc":"2.0","result":{"status":"OK"}}
1791518739706 0c3be847 > {"jsonrpc":"2.0","method":"job","params":{"algo":"rx/blacksilk","blob":"4253696c6b2f312337e1545a1770c53209383f7d6366b9968d9c8e6f1c667906fd84d2913b6c3b000000006d52e684","height":436,"job_id":"439","seed_hash":"3dbdba2aca8842cd3e02c7d8c72078f77ff132cc3c84a7f8b87891d0cc106141","target":"e0bc9a7856341200"}}
1791518740590 0c3be847 < {"id":609,"jsonrpc":"2.0","method":"submit","params":{"id":"0c3be847","job_id":"439","nonce":"f6000100","result":"47053d2b3be92651edc22b67b2c43ae0fd6f210e64413e34a48515be14410400","algo":"rx/blacksilk"}}
1791518740734 0c3be847 > {"error":null,"id":608,"jsonrpc":"2.0","result":{"status":"OK_OFF_BEST_CHAIN"}}
1791518741740 0c3be847 > {"error":null,"id":609,"jsonrpc":"2.0","result":{"status":"OK"}}
1791518741761 0c3be847 > {"jsonrpc":"2.0","method":"job","params":{"algo":"rx/blacksilk","blob":"4253696c6b2f31c373119561cf9cb64d6cb6edbd58accf77b4545311d3725e02723001f53754bf0000000093c11fb3","height":437,"job_id":"440","seed_hash":"3dbdba2aca8842cd3e02c7d8c72078f77ff132cc3c84a7f8b87891d0cc106141","target":"e0bc9a7856341200"}}
1791518746727 0c3be847 < {"id":610,"jsonrpc":"2.0","method":"submit","params":{"id":"0c3be847","job_id":"440","nonce":"df850000","result":"a376d2a4a9a95e6893fa33f168550380b60b65e3d1729723c1f66e2e27d10500","algo":"rx/blacksilk"}}
1791518747814 0c3be847 > {"error":null,"id":610,"jsonrpc":"2.0","result":{"status":"OK"}}
1791518747837 0c3be847 > {"jsonrpc":"2.0","method":"job","params":{"algo":"rx/blacksilk","blob":"4253696c6b2f31536f7a8e403cc4c905e7134929b57506923dcd2d0ac699cb011ec29a1efc4248000000001b49e468","height":438,"job_id":"441","seed_hash":"3dbdba2aca8842cd3e02c7d8c72078f77ff132cc3c84a7f8b87891d0cc106141","target":"e0bc9a7856341200"}}
1791518748653 0c3be847 < {"id":611,"jsonrpc":"2.0","method":"submit","params":{"id":"0c3be847","job_id":"441","nonce":"f5800100","result":"13e0996669720706c7d829bd7640db68d9892562709ed69f2c44c201ee421000","algo":"rx/blacksilk"}}
1791518749203 0c3be847 < {"id":612,"jsonrpc":"2.0","method":"submit","params":{"id":"0c3be847","job_id":"441","nonce":"99810100","result":"427d49f7f9f92741ab9467847bfaaef66acca7d91e5123074dcb3f0390550000","algo":"rx/blacksilk"}}
1791518749687 0c3be847 > {"error":null,"id":611,"jsonrpc":"2.0","result":{"status":"OK"}}
1791518749707 0c3be847 > {"jsonrpc":"2.0","method":"job","params":{"algo":"rx/blacksilk","blob":"4253696c6b2f31f8da2fbd9fb3f9dfd4bb9d123f7be920d143b0cc51ad30b7947116704651af0f000000001e925513","height":439,"job_id":"442","seed_hash":"3dbdba2aca8842cd3e02c7d8c72078f77ff132cc3c84a7f8b87891d0cc106141","target":"e0bc9a7856341200"}}
1791518750717 0c3be847 > {"error":null,"id":612,"jsonrpc":"2.0","result":{"status":"OK_OFF_BEST_CHAIN"}}
1791518757979 0c3be847 < {"id":613,"jsonrpc":"2.0","method":"submit","params":{"id":"0c3be847","job_id":"442","nonce":"7d890100","result":"3a0ae57759dea132745e591ee4c5b72a1f8b7db0f023360e2bca513d09ed0600","algo":"rx/blacksilk"}}
1791518759060 0c3be847 > {"error":null,"id":613,"jsonrpc":"2.0","result":{"status":"OK"}}
1791518759060 0c3be847 > {"jsonrpc":"2.0","method":"job","params":{"algo":"rx/blacksilk","blob":"4253696c6b2f31f431cd3499a769d469d432f39d5ff2b20d21d019b95622fa76e194564065f5b700000000cc24fd87","height":440,"job_id":"443","seed_hash":"3dbdba2aca8842cd3e02c7d8c72078f77ff132cc3c84a7f8b87891d0cc106141","target":"e0bc9a7856341200"}}
1791518760435 0c3be847 < {"id":614,"jsonrpc":"2.0","method":"submit","params":{"id":"0c3be847","job_id":"443","nonce":"9b010100","result":"fca1f6507c7bd0f60faf11e52886a70b338cd4c91b1271530d0a7ae33bcb0600","algo":"rx/blacksilk"}}
1791518761447 0c3be847 > {"error":null,"id":614,"jsonrpc":"2.0","result":{"status":"OK"}}
1791518761447 0c3be847 > {"jsonrpc":"2.0","method":"job","params":{"algo":"rx/blacksilk","blob":"4253696c6b2f3159d334c72a1706d5dab7201e5b1f68ae68f46c6d9f8234a90cbf964f99eae7860000000086618df8","height":441,"job_id":"444","seed_hash":"3dbdba2aca8842cd3e02c7d8c72078f77ff132cc3c84a7f8b87891d0cc106141","target":"e0bc9a7856341200"}}
1791518764713 0c3be847 < {"id":615,"jsonrpc":"2.0","method":"submit","params":{"id":"0c3be847","job_id":"444","nonce":"ca030000","result":"9d55878e0ac85b1901945087034454c104a2afb37bb2690d60006da50dca0100","algo":"rx/blacksilk"}}
1791518765758 0c3be847 > {"error":null,"id":615,"jsonrpc":"2.0","result":{"status":"OK"}}
1791518765780 0c3be847 > {"jsonrpc":"2.0","method":"job","params":{"algo":"rx/blacksilk","blob":"4253696c6b2f31e5e474c54634403e27d9a810165e2ed5786a9ebb749350eb23d31029427a7077000000005cf91495","height":442,"job_id":"445","seed_hash":"3dbdba2aca8842cd3e02c7d8c72078f77ff132cc3c84a7f8b87891d0cc106141","target":"e0bc9a7856341200"}}
1791518767410 0c3be847 < {"id":616,"jsonrpc":"2.0","method":"submit","params":{"id":"0c3be847","job_id":"445","nonce":"e3010000","result":"40d55c93c6d525a4a82825742d5ffcc3bce72ff0d6386dc745343986aad70200","algo":"rx/blacksilk"}}
1791518768457 0c3be847 > {"error":null,"id":616,"jsonrpc":"2.0","result":{"status":"OK"}}
1791518768483 0c3be847 > {"jsonrpc":"2.0","method":"job","params":{"algo":"rx/blacksilk","blob":"4253696c6b2f31def02ae267dd6c0dd9b1fc3d8daba03bdebe0875068c4d20d492631053106e52000000008fe7d492","height":443,"job_id":"446","seed_hash":"3dbdba2aca8842cd3e02c7d8c72078f77ff132cc3c84a7f8b87891d0cc106141","target":"e0bc9a7856341200"}}
1791518773098 0c3be847 < {"id":617,"jsonrpc":"2.0","method":"submit","params":{"id":"0c3be847","job_id":"446","nonce":"4c050100","result":"2729c7c937b05c1317d61327280cf21980e00f2145f562f21e354e7fe1830100","algo":"rx/blacksilk"}}
1791518774106 0c3be847 > {"error":null,"id":617,"jsonrpc":"2.0","result":{"status":"OK"}}
1791518774125 0c3be847 > {"jsonrpc":"2.0","method":"job","params":{"algo":"rx/blacksilk","blob":"4253696c6b2f314755c8dda59c794d4ecfed95fac9e1d5e1f82b9a3ba7f7af2a4a43a000e85365000000008c5f5f5a","height":444,"job_id":"447","seed_hash":"3dbdba2aca8842cd3e02c7d8c72078f77ff132cc3c84a7f8b87891d0cc106141","target":"e0bc9a7856341200"}}
1791518774493 0c3be847 < {"id":618,"jsonrpc":"2.0","method":"submit","params":{"id":"0c3be847","job_id":"447","nonce":"70800100","result":"dc87178e1e7d500efc23daec469a8adaa6660758be3aa3710e04b0f569520300","algo":"rx/blacksilk"}}
1791518775527 0c3be847 > {"error":null,"id":618,"jsonrpc":"2.0","result":{"status":"OK"}}
1791518775548 0c3be847 > {"jsonrpc":"2.0","method":"job","params":{"algo":"rx/blacksilk","blob":"4253696c6b2f31785758a86ca48f477b0e0dd299f6be1b4821a57258d82b971e9b657249ef16b600000000c339f1aa","height":445,"job_id":"448","seed_hash":"3dbdba2aca8842cd3e02c7d8c72078f77ff132cc3c84a7f8b87891d0cc106141","target":"e0bc9a7856341200"}}
1791518777349 0c3be847 < {"id":619,"jsonrpc":"2.0","method":"submit","params":{"id":"0c3be847","job_id":"448","nonce":"16020000","result":"1b1b165f2b60653ef1c25476ead2d8c474b006712b1737a81d6628a0d6b50d00","algo":"rx/blacksilk"}}
1791518778440 0c3be847 > {"error":null,"id":619,"jsonrpc":"2.0","result":{"status":"OK"}}
1791518778440 0c3be847 > {"jsonrpc":"2.0","method":"job","params":{"algo":"rx/blacksilk","blob":"4253696c6b2f31c5f64a279f934452290f0cbb042e6de4cb3722460f7b65c3e449d7d269452808000000005afd8953","height":446,"job_id":"449","seed_hash":"3dbdba2aca8842cd3e02c7d8c72078f77ff132cc3c84a7f8b87891d0cc106141","target":"e0bc9a7856341200"}}
1791518782132 0c3be847 < {"id":620,"jsonrpc":"2.0","method":"submit","params":{"id":"0c3be847","job_id":"449","nonce":"51840100","result":"2b23e252be62c39302f42be0ff93436da4fc739d1527e877f02176ca861f0200","algo":"rx/blacksilk"}}
1791518782788 0c3be847 < {"id":621,"jsonrpc":"2.0","method":"submit","params":{"id":"0c3be847","job_id":"449","nonce":"1b850100","result":"6185d84904048a65c259eadbd71bcb07a131da66bbd5048793693f771e7b0800","algo":"rx/blacksilk"}}
1791518783165 0c3be847 > {"error":null,"id":620,"jsonrpc":"2.0","result":{"status":"OK"}}
1791518783165 0c3be847 > {"jsonrpc":"2.0","method":"job","params":{"algo":"rx/blacksilk","blob":"4253696c6b2f31c031d62ba4dbd64169f2919ec458dcd0a12f10368b7a51c73da8d470787d3ebc00000000a3e77789","height":447,"job_id":"450","seed_hash":"3dbdba2aca8842cd3e02c7d8c72078f77ff132cc3c84a7f8b87891d0cc106141","target":"e0bc9a7856341200"}}
1791518784203 0c3be847 > {"error":null,"id":621,"jsonrpc":"2.0","result":{"status":"OK_OFF_BEST_CHAIN"}}
1791518784224 0c3be847 < {"id":622,"jsonrpc":"2.0","method":"submit","params":{"id":"0c3be847","job_id":"450","nonce":"1f810100","result":"92dc73428e1ea043b578bde1971fa61adf4e87ef112d1c8000b94c723c470d00","algo":"rx/blacksilk"}}
1791518785074 0c3be847 < {"id":623,"jsonrpc":"2.0","method":"submit","params":{"id":"0c3be847","job_id":"450","nonce":"29020100","result":"5d811da1f312e56fb63b53ae36e5aba6c8a66b6363c993e8a4f49b02cf871100","algo":"rx/blacksilk"}}
1791518785244 0c3be847 > {"error":null,"id":622,"jsonrpc":"2.0","result":{"status":"OK"}}
1791518785261 0c3be847 > {"jsonrpc":"2.0","method":"job","params":{"algo":"rx/blacksilk","blob":"4253696c6b2f3160ad51f5a44525789051ffa9538d1caf54f9c8ed785a801f7590b8cad22c02f1000000006ab00492","height":448,"job_id":"451","seed_hash":"3dbdba2aca8842cd3e02c7d8c72078f77ff132cc3c84a7f8b87891d0cc106141","target":"e0bc9a7856341200"}}
1791518786272 0c3be847 > {"error":null,"id":623,"jsonrpc":"2.0","result":{"status":"OK_OFF_BEST_CHAIN"}}
1791518790222 0c3be847 < {"id":624,"jsonrpc":"2.0","method":"submit","params":{"id":"0c3be847","job_id":"451","nonce":"b0050000","result":"288e964fa129ffc6e582ae683b8d52f8de73807433661fa108481fa938e60900","algo":"rx/blacksilk"}}
1791518791292 0c3be847 > {"error":null,"id":624,"jsonrpc":"2.0","result":{"status":"OK"}}
1791518791319 0c3be847 > {"jsonrpc":"2.0","method":"job","params":{"algo":"rx/blacksilk","blob":"4253696c6b2f31e57e80e2c06bb0186f133cd5e92f57b5b496d47fdc1833b89d74df6aede2185100000000ed349799","height":449,"job_id":"452","seed_hash":"3dbdba2aca8842cd3e02c7d8c72078f77ff132cc3c84a7f8b87891d0cc106141","target":"e0bc9a7856341200"}}
1791518792538 0c3be847 < {"id":625,"jsonrpc":"2.0","method":"submit","params":{"id":"0c3be847","job_id":"452","nonce":"71010000","result":"a28eb6e823ba2e0271522c690251d53613809863f2722221741c5bb784cc0300","algo":"rx/blacksilk"}}
1791518792631 0c3be847 < {"id":626,"jsonrpc":"2.0","method":"submit","params":{"id":"0c3be847","job_id":"452","nonce":"88810000","result":"e806c0440770fa074f2f5add68000ae16b90d9136f00cddf254d7627c5751100","algo":"rx/blacksilk"}}
1791518793611 0c3be847 > {"error":null,"id":625,"jsonrpc":"2.0","result":{"status":"OK"}}
1791518793641 0c3be847 > {"jsonrpc":"2.0","method":"job","params":{"algo":"rx/blacksilk","blob":"4253696c6b2f312b5f34a48a4bd5adb22a74c819efbedf1a9dfb73d2652eeb273ff7a957854d4a000000005d6d778e","height":450,"job_id":"453","seed_hash":"3dbdba2aca8842cd3e02c7d8c72078f77ff132cc3c84a7f8b87891d0cc106141","target":"e0bc9a7856341200"}}
1791518794672 0c3be847 > {"error":null,"id":626,"jsonrpc":"2.0","result":{"status":"OK_OFF_BEST_CHAIN"}}
1791518796113 0c3be847 < {"id":627,"jsonrpc":"2.0","method":"submit","params":{"id":"0c3be847","job_id":"453","nonce":"c1020100","result":"862ea8ceb3dca9bfd1d2c510a82ec89a707083e433e019a84780604fda180700","algo":"rx/blacksilk"}}
1791518797140 0c3be847 > {"error":null,"id":627,"jsonrpc":"2.0","result":{"status":"OK"}}
1791518797162 0c3be847 > {"jsonrpc":"2.0","method":"job","params":{"algo":"rx/blacksilk","blob":"4253696c6b2f31b20802774b7aa18b7e5a3d525aaa4d76b4d030cf3435e3b6e94aeb3e2ad2e68000000000ff9a6d84","height":451,"job_id":"454","seed_hash":"3dbdba2aca8842cd3e02c7d8c72078f77ff132cc3c84a7f8b87891d0cc106141","target":"e0bc9a7856341200"}}
1791518801815 0c3be847 < {"id":628,"jsonrpc":"2.0","method":"submit","params":{"id":"0c3be847","job_id":"454","nonce":"5d850100","result":"d3246a494faf0bc249266e2f4c4d9ad73790743385f6600114a68efdb2ef0500","algo":"rx/blacksilk"}}
1791518802878 0c3be847 > {"error":null,"id":628,"jsonrpc":"2.0","result":{"status":"OK"}}
1791518802878 0c3be847 > {"jsonrpc":"2.0","method":"job","params":{"algo":"rx/blacksilk","blob":"4253696c6b2f3105fcdb9f608ae64adb6e7bd623648cabc8d0203f7189eea2e0ac8e842a377f900000000066191014","height":452,"job_id":"455","seed_hash":"3dbdba2aca8842cd3e02c7d8c72078f77ff132cc3c84a7f8b87891d0cc106141","target":"e0bc9a7856341200"}}
1791518803897 0c3be847 < {"id":629,"jsonrpc":"2.0","method":"submit","params":{"id":"0c3be847","job_id":"455","nonce":"2b010100","result":"5605e5f99e6b0d8c7a8569f155e565942bae9b545aedd432c6bde8a76bd70d00","algo":"rx/blacksilk"}}
1791518804965 0c3be847 > {"error":null,"id":629,"jsonrpc":"2.0","result":{"status":"OK"}}
1791518804993 0c3be847 > {"jsonrpc":"2.0","method":"job","params":{"algo":"rx/blacksilk","blob":"4253696c6b2f3145f00faed4a0605e0f8d9ee3eaca447124e980cf2c1180e0faf98f1fffaa2cc6000000002e8823ad","height":453,"job_id":"456","seed_hash":"3dbdba2aca8842cd3e02c7d8c72078f77ff132cc3c84a7f8b87891d0cc106141","target":"e0bc9a7856341200"}}
1791518806682 0c3be847 < {"id":630,"jsonrpc":"2.0","method":"submit","params":{"id":"0c3be847","job_id":"456","nonce":"fe810100","result":"8b97bd5083b71c65b47dfd46d0c2b799fb92651271d829866619f4573d080700","algo":"rx/blacksilk"}}
1791518807677 0c3be847 > {"error":null,"id":630,"jsonrpc":"2.0","result":{"status":"OK"}}
1791518807695 0c3be847 > {"jsonrpc":"2.0","method":"job","params":{"algo":"rx/blacksilk","blob":"4253696c6b2f314327929b1720947c96b073466e43af34506497aeeeaa3c3a2c80f47c33576764000000002f1c638e","height":454,"job_id":"457","seed_hash":"3dbdba2aca8842cd3e02c7d8c72078f77ff132cc3c84a7f8b87891d0cc106141","target":"e0bc9a7856341200"}}
1791518807960 0c3be847 < {"id":631,"jsonrpc":"2.0","method":"submit","params":{"id":"0c3be847","job_id":"457","nonce":"51000100","result":"71bfa3a8f1cf69eadedb7b26abe109fa1a276c5bfe038ede3a6e936291b50200","algo":"rx/blacksilk"}}
1791518808908 0c3be847 < {"id":632,"jsonrpc":"2.0","method":"submit","params":{"id":"0c3be847","job_id":"457","nonce":"4c010100","result":"9bb40289b5f88d5400bf584f433b0537ff97b487162092b1c94c7956fb400a00","algo":"rx/blacksilk"}}
1791518808966 0c3be847 > {"error":null,"id":631,"jsonrpc":"2.0","result":{"status":"OK"}}
1791518808997 0c3be847 > {"jsonrpc":"2.0","method":"job","params":{"algo":"rx/blacksilk","blob":"4253696c6b2f313bc0c664f68214fd60491089de2806a83e83b0821e5e8d309a4df2ab4eefd5d4000000009cb03d6c","height":455,"job_id":"458","seed_hash":"3dbdba2aca8842cd3e02c7d8c72078f77ff132cc3c84a7f8b87891d0cc106141","target":"e0bc9a7856341200"}}
1791518810005 0c3be847 > {"error":null,"id":632,"jsonrpc":"2.0","result":{"status":"OK_OFF_BEST_CHAIN"}}
1791518813952 0c3be847 < {"id":633,"jsonrpc":"2.0","method":"submit","params":{"id":"0c3be847","job_id":"458","nonce":"c4850000","result":"3313d6d1c7038583c999ebcfe96277641c6736ace1192be2f0091ddb4bb70900","algo":"rx/blacksilk"}}
1791518815003 0c3be847 > {"error":null,"id":633,"jsonrpc":"2.0","result":{"status":"OK"}}
1791518815024 0c3be847 > {"jsonrpc":"2.0","method":"job","params":{"algo":"rx/blacksilk","blob":"4253696c6b2f31a6f4e35f22d53173e6ad792a6cd8e1572fba7fc34cf085863859c9a1fff2edba00000000a588841e","height":456,"job_id":"459","seed_hash":"3dbdba2aca8842cd3e02c7d8c72078f77ff132cc3c84a7f8b87891d0cc106141","target":"e0bc9a7856341200"}}
1791518816009 0c3be847 < {"id":634,"jsonrpc":"2.0","method":"submit","params":{"id":"0c3be847","job_id":"459","nonce":"2b010100","result":"a7a454c7b15fee32a4c3c149e777c43cc6fdd3f9ea755c46eac7fcd64afd1000","algo":"rx/blacksilk"}}
1791518816859 0c3be847 < {"id":635,"jsonrpc":"2.0","method":"submit","params":{"id":"0c3be847","job_id":"459","nonce":"25020000","result":"d6e732d3d36ed6153b091a6d16ae404b660118929acf7dee66fa1993862b0700","algo":"rx/blacksilk"}}
1791518817050 0c3be847 > {"error":null,"id":634,"jsonrpc":"2.0","result":{"status":"OK"}}
1791518817077 0c3be847 > {"jsonrpc":"2.0","method":"job","params":{"algo":"rx/blacksilk","blob":"4253696c6b2f318a8cd0678fd1ff3fe5b62303db7774024bc0bba37da9c2d96a7981a0278e8053000000006e97204c","height":457,"job_id":"460","seed_hash":"3dbdba2aca8842cd3e02c7d8c72078f77ff132cc3c84a7f8b87891d0cc106141","target":"e0bc9a7856341200"}}
1791518818112 0c3be847 > {"error":null,"id":635,"jsonrpc":"2.0","result":{"status":"OK_OFF_BEST_CHAIN"}}
1791518820274 0c3be847 < {"id":636,"jsonrpc":"2.0","method":"submit","params":{"id":"0c3be847","job_id":"460","nonce":"9f030000","result":"271c4d1ae71dae23eed6985ca4aaa923d7665e06e86838fd66f9a9f89dda0900","algo":"rx/blacksilk"}}
1791518821014 0c3be847 < {"id":637,"jsonrpc":"2.0","method":"submit","params":{"id":"0c3be847","job_id":"460","nonce":"7b040000","result":"3ccc395c9d8a2a2b649a80f2ace4fcd05eedc409196c4f28880b26aaf40a0900","algo":"rx/blacksilk"}}
1791518821325 0c3be847 > {"error":null,"id":636,"jsonrpc":"2.0","result":{"status":"OK"}}
1791518821351 0c3be847 > {"jsonrpc":"2.0","method":"job","params":{"algo":"rx/blacksilk","blob":"4253696c6b2f31cd2bfee77ff7fb726fdeb16f71b343d5281afaf1ae04b12fc9970b7942fe556500000000751db7d9","height":458,"job_id":"461","seed_hash":"3dbdba2aca8842cd3e02c7d8c72078f77ff132cc3c84a7f8b87891d0cc106141","target":"e0bc9a7856341200"}}
1791518821394 0c3be847 < {"id":638,"jsonrpc":"2.0","method":"submit","params":{"id":"0c3be847","job_id":"461","nonce":"09800000","result":"74adcc9c5264ff7edcca4986e6f958596472dae3181a18af4803463559810600","algo":"rx/blacksilk"}}
1791518822388 0c3be847 > {"error":null,"id":637,"jsonrpc":"2.0","result":{"status":"OK_OFF_BEST_CHAIN"}}
1791518823402 0c3be847 > {"error":null,"id":638,"jsonrpc":"2.0","result":{"status":"OK"}}
1791518823422 0c3be847 > {"jsonrpc":"2.0","method":"job","params":{"algo":"rx/blacksilk","blob":"4253696c6b2f31df010ad39e1794d368c5464d2a0f334a3f2bc49d5f287351d33bd7b90e3993e8000000000e6a88ad","height":459,"job_id":"462","seed_hash":"3dbdba2aca8842cd3e02c7d8c72078f77ff132cc3c84a7f8b87891d0cc106141","target":"e0bc9a7856341200"}}
1791518825711 0c3be847 < {"id":639,"jsonrpc":"2.0","method":"submit","params":{"id":"0c3be847","job_id":"462","nonce":"a9820100","result":"0783df4ccff0ce1ff03019edcf5eac22ed96d8249016a7126a1a91e5a38e0000","algo":"rx/blacksilk"}}
1791518826797 0c3be847 > {"error":null,"id":639,"jsonrpc":"2.0","result":{"status":"OK"}}
1791518826797 0c3be847 > {"jsonrpc":"2.0","method":"job","params":{"algo":"rx/blacksilk","blob":"4253696c6b2f315dcfbe81d662c0474d5d06a4fe9ecea5b7ebfebff01252ce7c27f7868fa5acc10000000092df219a","height":460,"job_id":"463","seed_hash":"3dbdba2aca8842cd3e02c7d8c72078f77ff132cc3c84a7f8b87891d0cc106141","target":"e0bc9a7856341200"}}
1791518831720 0c3be847 < {"id":640,"jsonrpc":"2.0","method":"submit","params":{"id":"0c3be847","job_id":"463","nonce":"a8850100","result":"e5ca234232468493c434cf0e9636d14138b6b9bd6e1c90403137f33604b40a00","algo":"rx/blacksilk"}}
1791518832160 0c3be847 < {"id":641,"jsonrpc":"2.0","method":"submit","params":{"id":"0c3be847","job_id":"463","nonce":"20060000","result":"9be9b5d3279e2fb15019a39a9fc1c8a0c895a4fce0bd74dd025f349b84680300","algo":"rx/blacksilk"}}
1791518832740 0c3be847 > {"error":null,"id":640,"jsonrpc":"2.0","result":{"status":"OK"}}
1791518832769 0c3be847 > {"jsonrpc":"2.0","method":"job","params":{"algo":"rx/blacksilk","blob":"4253696c6b2f3157f7e1743ff439e3d5261e33a153d19337525cdfcb29a612672e32b1530c2016000000001c4c4298","height":461,"job_id":"464","seed_hash":"3dbdba2aca8842cd3e02c7d8c72078f77ff132cc3c84a7f8b87891d0cc106141","target":"e0bc9a7856341200"}}
1791518833789 0c3be847 > {"error":null,"id":641,"jsonrpc":"2.0","result":{"status":"OK_OFF_BEST_CHAIN"}}
1791518835232 0c3be847 < {"id":642,"jsonrpc":"2.0","method":"submit","params":{"id":"0c3be847","job_id":"464","nonce":"d2020100","result":"d93bb6cb174edab4f562654bd925540e1911ea5c27e52d81a295a2118bea0100","algo":"rx/blacksilk"}}
1791518836276 0c3be847 > {"error":null,"id":642,"jsonrpc":"2.0","result":{"status":"OK"}}
1791518836307 0c3be847 > {"jsonrpc":"2.0","method":"job","params":{"algo":"rx/blacksilk","blob":"4253696c6b2f31258d6dbcc332c47597efa7885b7a8de2669fc8914acb5a3f5778e54c858c703000000000d4fe40a9","height":462,"job_id":"465","seed_hash":"3dbdba2aca8842cd3e02c7d8c72078f77ff132cc3c84a7f8b87891d0cc106141","target":"e0bc9a7856341200"}}
1791518837999 0c3be847 < {"id":643,"jsonrpc":"2.0","method":"submit","params":{"id":"0c3be847","job_id":"465","nonce":"05820000","result":"6d1501d4631d317521a0b7563949c9be081fe960567df4ec8c0c4b593aac0400","algo":"rx/blacksilk"}}
1791518838582 0c3be847 < {"id":644,"jsonrpc":"2.0","method":"submit","params":{"id":"0c3be847","job_id":"465","nonce":"ae820000","result":"94722598b0583a4757d59e2397bb6b5eb21527644c78798e4fc81bbdd8210e00","algo":"rx/blacksilk"}}
1791518838899 0c3be847 < {"id":645,"jsonrpc":"2.0","method":"submit","params":{"id":"0c3be847","job_id":"465","nonce":"f7020000","result":"40ed7e079e8d404913062e814b6cb7f1fa9e98ab40fc4bd7a98faaacfe7e0f00","algo":"rx/blacksilk"}}
1791518839053 0c3be847 > {"error":null,"id":643,"jsonrpc":"2.0","result":{"status":"OK"}}
1791518839053 0c3be847 > {"jsonrpc":"2.0","method":"job","params":{"algo":"rx/blacksilk","blob":"4253696c6b2f31e135fdd2960c944ab1457d55e715e2ae9a283fedee19b57c24375c9ea29b22da0000000057a3b9c2","height":463,"job_id":"466","seed_hash":"3dbdba2aca8842cd3e02c7d8c72078f77ff132cc3c84a7f8b87891d0cc106141","target":"e0bc9a7856341200"}}
1791518840093 0c3be847 > {"error":null,"id":644,"jsonrpc":"2.0","result":{"status":"OK_OFF_BEST_CHAIN"}}
1791518841143 0c3be847 > {"error":null,"id":645,"jsonrpc":"2.0","result":{"status":"OK_OFF_BEST_CHAIN"}}
1791518844540 0c3be847 < {"id":646,"jsonrpc":"2.0","method":"submit","params":{"id":"0c3be847","job_id":"466","nonce":"2f860000","result":"d0f52734096522c438a2e92bd906a728806425e7287d44ad21b10709536d0200","algo":"rx/blacksilk"}}
1791518845567 0c3be847 > {"error":null,"id":646,"jsonrpc":"2.0","result":{"status":"OK"}}
1791518845588 0c3be847 > {"jsonrpc":"2.0","method":"job","params":{"algo":"rx/blacksilk","blob":"4253696c6b2f3128f61b1b4ecaa4b5cc4924d24afa9ff895356d8193a799a1c201b7397c87755f0000000013f687e7","height":464,"job_id":"467","seed_hash":"3dbdba2aca8842cd3e02c7d8c72078f77ff132cc3c84a7f8b87891d0cc106141","target":"e0bc9a7856341200"}}
1791518849238 0c3be847 < {"id":647,"jsonrpc":"2.0","method":"submit","params":{"id":"0c3be847","job_id":"467","nonce":"49840100","result":"9aeac158f62955260368d61006cd228c9c2b582287f019861e97a9d92ac40100","algo":"rx/blacksilk"}}
1791518850247 0c3be847 > {"error":null,"id":647,"jsonrpc":"2.0","result":{"status":"OK"}}
1791518850263 0c3be847 > {"jsonrpc":"2.0","method":"job","params":{"algo":"rx/blacksilk","blob":"4253696c6b2f3114510163399bb2756894763f307340c634b8b69297eccab6f63eb896f042dd3400000000f8ff28da","height":465,"job_id":"468","seed_hash":"3dbdba2aca8842cd3e02c7d8c72078f77ff132cc3c84a7f8b87891d0cc106141","target":"e0bc9a7856341200"}}
1791518851488 0c3be847 < {"id":648,"jsonrpc":"2.0","method":"submit","params":{"id":"0c3be847","job_id":"468","nonce":"70010000","result":"3712a963a91f641ceada84b990741e4d14f45237f11afc159cd8183f75530800","algo":"rx/blacksilk"}}
1791518852520 0c3be847 > {"error":null,"id":648,"jsonrpc":"2.0","result":{"status":"OK"}}
1791518852532 0c3be847 > {"jsonrpc":"2.0","method":"job","params":{"algo":"rx/blacksilk","blob":"4253696c6b2f31cd1b1c2db43e7db59e350bd8915089bc06df5760d1155e6de5f59201b4cdef10000000006e7b313d","height":466,"job_id":"469","seed_hash":"3dbdba2aca8842cd3e02c7d8c72078f77ff132cc3c84a7f8b87891d0cc106141","target":"e0bc9a7856341200"}}
1791518855226 0c3be847 < {"id":649,"jsonrpc":"2.0","method":"submit","params":{"id":"0c3be847","job_id":"469","nonce":"2a030000","result":"a9bed5459aa698c905be84f1cee311b7b050da3f0617ad61dd9c0518556e0000","algo":"rx/blacksilk"}}
1791518855309 0c3be847 < {"id":650,"jsonrpc":"2.0","method":"submit","params":{"id":"0c3be847","job_id":"469","nonce":"41030000","result":"7e35eb051e68dbf18507f3c55cfaa5f4dc7ee4b26965ec19ee99b40f68480700","algo":"rx/blacksilk"}}
1791518856267 0c3be847 > {"error":null,"id":649,"jsonrpc":"2.0","result":{"status":"OK"}}
1791518856287 0c3be847 > {"jsonrpc":"2.0","method":"job","params":{"algo":"rx/blacksilk","blob":"4253696c6b2f31e1a2486ff1518c5d2e0863b239ea1d7f6fc8dcd5d11e677a5c35fb67de51be0e00000000766204c5","height":467,"job_id":"470","seed_hash":"3dbdba2aca8842cd3e02c7d8c72078f77ff132cc3c84a7f8b87891d0cc106141","target":"e0bc9a7856341200"}}
1791518857305 0c3be847 > {"error":null,"id":650,"jsonrpc":"2.0","result":{"status":"OK_OFF_BEST_CHAIN"}}
1791518858371 0c3be847 < {"id":651,"jsonrpc":"2.0","method":"submit","params":{"id":"0c3be847","job_id":"470","nonce":"57820000","result":"cd28c260f54c5b64f1cd4bb67e4a2e158f57c6eb6ebbfbd0960d5df952b30d00","algo":"rx/blacksilk"}}
1791518859430 0c3be847 > {"error":null,"id":651,"jsonrpc":"2.0","result":{"status":"OK"}}
1791518859460 0c3be847 > {"jsonrpc":"2.0","method":"job","params":{"algo":"rx/blacksilk","blob":"4253696c6b2f319a7c75ff65b1e80b205cd028bc1ca9d5589a6006e82e711b8daa5ee44e995b500000000051b22c3f","height":468,"job_id":"471","seed_hash":"3dbdba2aca8842cd3e02c7d8c72078f77ff132cc3c84a7f8b87891d0cc106141","target":"e0bc9a7856341200"}}
1791518868084 0c3be847 < {"id":652,"jsonrpc":"2.0","method":"submit","params":{"id":"0c3be847","job_id":"471","nonce":"1e0a0000","result":"d795a7be7b17d218fb1ca664fd87bf61f95b760403664420e09ad68c727c1000","algo":"rx/blacksilk"}}
1791518869152 0c3be847 > {"error":null,"id":652,"jsonrpc":"2.0","result":{"status":"OK"}}
1791518869176 0c3be847 > {"jsonrpc":"2.0","method":"job","params":{"algo":"rx/blacksilk","blob":"4253696c6b2f312e3d24aaa775ffce3be09b286e40f2e221f7d766244106075e4aec6276f5e5d800000000736d5268","height":469,"job_id":"472","seed_hash":"3dbdba2aca8842cd3e02c7d8c72078f77ff132cc3c84a7f8b87891d0cc106141","target":"e0bc9a7856341200"}}
1791518871418 0c3be847 < {"id":653,"jsonrpc":"2.0","method":"submit","params":{"id":"0c3be847","job_id":"472","nonce":"92820100","result":"6fb03d56a97a9eebda8b726d87236cd4540b318cf902045abe9ddf7466ec0c00","algo":"rx/blacksilk"}}
1791518872442 0c3be847 > {"error":null,"id":653,"jsonrpc":"2.0","result":{"status":"OK"}}
1791518872465 0c3be847 > {"jsonrpc":"2.0","method":"job","params":{"algo":"rx/blacksilk","blob":"4253696c6b2f318f8f05e5c6f3e341e92d76c465ba645558e9531e701abb038ade469edaaf971b000000003367c23c","height":470,"job_id":"473","seed_hash":"3dbdba2aca8842cd3e02c7d8c72078f77ff132cc3c84a7f8b87891d0cc106141","target":"e0bc9a7856341200"}}
1791518874371 0c3be847 < {"id":654,"jsonrpc":"2.0","method":"submit","params":{"id":"0c3be847","job_id":"473","nonce":"2e820100","result":"618c75a5c35dbbfe8d67ccb80af7e06bc08ebfaf6732ca0c9c89837724f30900","algo":"rx/blacksilk"}}
1791518875478 0c3be847 > {"error":null,"id":654,"jsonrpc":"2.0","result":{"status":"OK"}}
1791518875502 0c3be847 > {"jsonrpc":"2.0","method":"job","params":{"algo":"rx/blacksilk","blob":"4253696c6b2f3105568d1d11d2fc62455f5092fca5c87263feea7b570296ff659e7eb74e7f937200000000c51e50f5","height":471,"job_id":"474","seed_hash":"3dbdba2aca8842cd3e02c7d8c72078f77ff132cc3c84a7f8b87891d0cc106141","target":"e0bc9a7856341200"}}
1791518885725 0c3be847 < {"id":655,"jsonrpc":"2.0","method":"submit","params":{"id":"0c3be847","job_id":"474","nonce":"c18b0100","result":"cc12bdb71afbea02c08b6c02d70f93437d28ef68e1f1b56f9e63d68464440600","algo":"rx/blacksilk"}}
1791518886751 0c3be847 > {"error":null,"id":655,"jsonrpc":"2.0","result":{"status":"OK"}}
1791518886769 0c3be847 > {"jsonrpc":"2.0","method":"job","params":{"algo":"rx/blacksilk","blob":"4253696c6b2f31cf9d01fcf778e40283488516ecb0bfa513af28377e385d58002d3d43fbba0a6c0000000077aba4fa","height":472,"job_id":"475","seed_hash":"3dbdba2aca8842cd3e02c7d8c72078f77ff132cc3c84a7f8b87891d0cc106141","target":"e0bc9a7856341200"}}
1791518894272 0c3be847 < {"id":656,"jsonrpc":"2.0","method":"submit","params":{"id":"0c3be847","job_id":"475","nonce":"b6080100","result":"216469f750eacf6a72541b76be9f9f5367ed11c4bb577610370184a9532d0900","algo":"rx/blacksilk"}}
1791518895304 0c3be847 > {"error":null,"id":656,"jsonrpc":"2.0","result":{"status":"OK"}}
1791518895315 0c3be847 > {"jsonrpc":"2.0","method":"job","params":{"algo":"rx/blacksilk","blob":"4253696c6b2f3171461454699fee9f0f95a4d687b3693874805122ff53e0322f00cd576c5c0baf000000006c620aa9","height":473,"job_id":"476","seed_hash":"3dbdba2aca8842cd3e02c7d8c72078f77ff132cc3c84a7f8b87891d0cc106141","target":"e0bc9a7856341200"}}
1791518896324 0c3be847 < {"id":657,"jsonrpc":"2.0","method":"submit","params":{"id":"0c3be847","job_id":"476","nonce":"37010000","result":"e93d3875b1cab88138b1c4dbf9cb64c0c903d401bc0cefd97161e9f36cb21000","algo":"rx/blacksilk"}}
1791518897427 0c3be847 > {"error":null,"id":657,"jsonrpc":"2.0","result":{"status":"OK"}}
1791518897451 0c3be847 > {"jsonrpc":"2.0","method":"job","params":{"algo":"rx/blacksilk","blob":"4253696c6b2f318c78707f221008459dcdab2e4845c6fa9615469e4bd4e609134ee9f7e629a63900000000f1360cb7","height":474,"job_id":"477","seed_hash":"3dbdba2aca8842cd3e02c7d8c72078f77ff132cc3c84a7f8b87891d0cc106141","target":"e0bc9a7856341200"}}
1791518898068 0c3be847 < {"id":658,"jsonrpc":"2.0","method":"submit","params":{"id":"0c3be847","job_id":"477","nonce":"ba000100","result":"3a66c00ceb603cc2ed73fa04b4359a33740c76a3c240752c0f1f2dba4dfb0b00","algo":"rx/blacksilk"}}
1791518899138 0c3be847 > {"error":null,"id":658,"jsonrpc":"2.0","result":{"status":"OK"}}
1791518899155 0c3be847 > {"jsonrpc":"2.0","method":"job","params":{"algo":"rx/blacksilk","blob":"4253696c6b2f31d9b8ccc37b9825190d86003f7e465320ef286c7d78f9948dbb2f1abe5e90043f00000000dc484c33","height":475,"job_id":"478","seed_hash":"3dbdba2aca8842cd3e02c7d8c72078f77ff132cc3c84a7f8b87891d0cc106141","target":"e0bc9a7856341200"}}
1791518904129 0c3be847 < {"id":659,"jsonrpc":"2.0","method":"submit","params":{"id":"0c3be847","job_id":"478","nonce":"c9050000","result":"626582ce1bbf73c71c146d07cf7215e9112bf9ee2570a3cbfcc4f9a88d930000","algo":"rx/blacksilk"}}
1791518905150 0c3be847 > {"error":null,"id":659,"jsonrpc":"2.0","result":{"status":"OK"}}
1791518905182 0c3be847 > {"jsonrpc":"2.0","method":"job","params":{"algo":"rx/blacksilk","blob":"4253696c6b2f311acba94d6e296bd7be6201d9e4eb0f63d1e8ccfbe9b463f2ef939845492566c100000000f1358586","height":476,"job_id":"479","seed_hash":"3dbdba2aca8842cd3e02c7d8c72078f77ff132cc3c84a7f8b87891d0cc106141","target":"e0bc9a7856341200"}}
1791518909114 0c3be847 < {"id":660,"jsonrpc":"2.0","method":"submit","params":{"id":"0c3be847","job_id":"479","nonce":"9f840100","result":"0c8ef14599a88fdade81abe974d118dd0e3ebbb1ef33b94bf5dac1663ca80900","algo":"rx/blacksilk"}}
1791518910193 0c3be847 > {"error":null,"id":660,"jsonrpc":"2.0","result":{"status":"OK"}}
1791518910207 0c3be847 > {"jsonrpc":"2.0","method":"job","params":{"algo":"rx/blacksilk","blob":"4253696c6b2f318cf60c6b11c2fbb822427fd30c69b968eb3e5064ca72b96ff74314a1f9a806db00000000496818a5","height":477,"job_id":"480","seed_hash":"3dbdba2aca8842cd3e02c7d8c72078f77ff132cc3c84a7f8b87891d0cc106141","target":"e0bc9a7856341200"}}
1791518913079 0c3be847 < {"id":661,"jsonrpc":"2.0","method":"submit","params":{"id":"0c3be847","job_id":"480","nonce":"62030100","result":"0422b0cf26f2cd54e2a705ab5e26a7ce7d318b17074f0689a70eb17e320c0800","algo":"rx/blacksilk"}}
1791518914106 0c3be847 > {"error":null,"id":661,"jsonrpc":"2.0","result":{"status":"OK"}}
1791518914127 0c3be847 > {"jsonrpc":"2.0","method":"job","params":{"algo":"rx/blacksilk","blob":"4253696c6b2f314eb3ae1f39cd7f2f01912cb38b3a0e496641abdaa6379fab089e2588c513ea2d0000000076b32cb4","height":478,"job_id":"481","seed_hash":"3dbdba2aca8842cd3e02c7d8c72078f77ff132cc3c84a7f8b87891d0cc106141","target":"e0bc9a7856341200"}}
1791518916627 0c3be847 < {"id":662,"jsonrpc":"2.0","method":"submit","params":{"id":"0c3be847","job_id":"481","nonce":"ed020000","result":"659dd980367fa969da45a50f960d0fab5ac895cfe46f3583507712330c620700","algo":"rx/blacksilk"}}
1791518917667 0c3be847 > {"error":null,"id":662,"jsonrpc":"2.0","result":{"status":"OK"}}
1791518917685 0c3be847 > {"jsonrpc":"2.0","method":"job","params":{"algo":"rx/blacksilk","blob":"4253696c6b2f318f55adda3ddf1748915bb4f77738b5066216359555196b4073b256bf44d3199e00000000f97ceb99","height":479,"job_id":"482","seed_hash":"3dbdba2aca8842cd3e02c7d8c72078f77ff132cc3c84a7f8b87891d0cc106141","target":"e0bc9a7856341200"}}
1791518919596 0c3be847 < {"id":663,"jsonrpc":"2.0","method":"submit","params":{"id":"0c3be847","job_id":"482","nonce":"4d820000","result":"1a34f7fb167ec945637771a2d848f906626b8edba12f6dc9b31fd07ae10b0800","algo":"rx/blacksilk"}}
1791518920624 0c3be847 > {"error":null,"id":663,"jsonrpc":"2.0","result":{"status":"OK"}}
1791518920639 0c3be847 > {"jsonrpc":"2.0","method":"job","params":{"algo":"rx/blacksilk","blob":"4253696c6b2f318eac87b054b9a01a90b82520be32d8e5d323c856c5a115aad63fa2819c240d3f00000000c6bcf29f","height":480,"job_id":"483","seed_hash":"3dbdba2aca8842cd3e02c7d8c72078f77ff132cc3c84a7f8b87891d0cc106141","target":"e0bc9a7856341200"}}
1791518921644 0c3be847 < {"id":664,"jsonrpc":"2.0","method":"submit","params":{"id":"0c3be847","job_id":"483","nonce":"26810000","result":"c94f7cfae9cb1d23d42d79b08fd49c29493fa027c587727f04f7721427de0f00","algo":"rx/blacksilk"}}
1791518921922 0c3be847 < {"id":665,"jsonrpc":"2.0","method":"submit","params":{"id":"0c3be847","job_id":"483","nonce":"70010000","result":"3ae398f8aac4647a8c3ddc9fe7ac2de3987be25779e0826211e596d160190200","algo":"rx/blacksilk"}}
1791518922655 0c3be847 > {"error":null,"id":664,"jsonrpc":"2.0","result":{"status":"OK"}}
1791518922659 0c3be847 > {"jsonrpc":"2.0","method":"job","params":{"algo":"rx/blacksilk","blob":"4253696c6b2f314b5c22f86ee6615ae60321b2b4cfb9ae1255b8c4634875d692655975c09b6fa70000000031ac2778","height":481,"job_id":"484","seed_hash":"3dbdba2aca8842cd3e02c7d8c72078f77ff132cc3c84a7f8b87891d0cc106141","target":"e0bc9a7856341200"}}
1791518923729 0c3be847 > {"error":null,"id":665,"jsonrpc":"2.0","result":{"status":"OK_OFF_BEST_CHAIN"}}
1791518928705 0c3be847 < {"id":666,"jsonrpc":"2.0","method":"submit","params":{"id":"0c3be847","job_id":"484","nonce":"dc860100","result":"ceff7c326ec5ba4c720703e563f6473b9f90ba30fd0c231d74fceab184351100","algo":"rx/blacksilk"}}
1791518929714 0c3be847 > {"error":null,"id":666,"jsonrpc":"2.0","result":{"status":"OK"}}
1791518929735 0c3be847 > {"jsonrpc":"2.0","method":"job","params":{"algo":"rx/blacksilk","blob":"4253696c6b2f31c205cc8aae60fdeb68764ccaa3eb5f721f4bfcc9e4807dfea5c586d3c05387020000000025fa30f5","height":482,"job_id":"485","seed_hash":"3dbdba2aca8842cd3e02c7d8c72078f77ff132cc3c84a7f8b87891d0cc106141","target":"e0bc9a7856341200"}}
1791518932140 0c3be847 < {"id":667,"jsonrpc":"2.0","method":"submit","params":{"id":"0c3be847","job_id":"485","nonce":"c9020000","result":"96e30b6445bcf6a35b8df27905fb2963dc7264a6d9d6b39373372cddf90b0200","algo":"rx/blacksilk"}}
1791518932772 0c3be847 < {"id":668,"jsonrpc":"2.0","method":"submit","params":{"id":"0c3be847","job_id":"485","nonce":"69830100","result":"e952afa7bd86ff6f13396f1a86e17b99d24bca954425c874cba8eb980a2a0f00","algo":"rx/blacksilk"}}
1791518933254 0c3be847 > {"error":null,"id":667,"jsonrpc":"2.0","result":{"status":"OK"}}
1791518933275 0c3be847 > {"jsonrpc":"2.0","method":"job","params":{"algo":"rx/blacksilk","blob":"4253696c6b2f310b0657351502a7c6669cbde61057c75e082ddad42d825b412a6dba5699ae4df60000000050384541","height":483,"job_id":"486","seed_hash":"3dbdba2aca8842cd3e02c7d8c72078f77ff132cc3c84a7f8b87891d0cc106141","target":"e0bc9a7856341200"}}
1791518933511 0c3be847 < {"id":669,"jsonrpc":"2.0","method":"submit","params":{"id":"0c3be847","job_id":"486","nonce":"3b800000","result":"667559081d0939dff87e84023f24a93aad1acf48e3551e2d16e1162751f40a00","algo":"rx/blacksilk"}}
1791518934358 0c3be847 > {"error":null,"id":668,"jsonrpc":"2.0","result":{"status":"OK_OFF_BEST_CHAIN"}}
1791518934582 0c3be847 < {"id":670,"jsonrpc":"2.0","method":"submit","params":{"id":"0c3be847","job_id":"486","nonce":"52810100","result":"635f0af8118b61ccdd0f198dcabe5333458d32cdb39856c1f7265605050b0b00","algo":"rx/blacksilk"}}
1791518935293 0c3be847 < {"id":671,"jsonrpc":"2.0","method":"submit","params":{"id":"0c3be847","job_id":"486","nonce":"26020000","result":"8695a797eee6cb85a742b4dbcb6951907426cf897c03ff58fcf7c4fe77670d00","algo":"rx/blacksilk"}}
1791518935401 0c3be847 > {"error":null,"id":669,"jsonrpc":"2.0","result":{"status":"OK"}}
1791518935401 0c3be847 > {"jsonrpc":"2.0","method":"job","params":{"algo":"rx/blacksilk","blob":"4253696c6b2f31a7ecf319a7a52902065cf61ccafa5e87126006baff6664cc82915cc1542c0f01000000001645c431","height":484,"job_id":"487","seed_hash":"3dbdba2aca8842cd3e02c7d8c72078f77ff132cc3c84a7f8b87891d0cc106141","target":"e0bc9a7856341200"}}
1791518936413 0c3be847 > {"error":null,"id":670,"jsonrpc":"2.0","result":{"status":"OK_OFF_BEST_CHAIN"}}
1791518937461 0c3be847 > {"error":null,"id":671,"jsonrpc":"2.0","result":{"status":"OK_OFF_BEST_CHAIN"}}
1791518943919 0c3be847 < {"id":672,"jsonrpc":"2.0","method":"submit","params":{"id":"0c3be847","job_id":"487","nonce":"e7890000","result":"d2f86d70dcad139bf852c5d287815de428c6dee6203c16912bd53df95d910400","algo":"rx/blacksilk"}}
1791518944958 0c3be847 > {"error":null,"id":672,"jsonrpc":"2.0","result":{"status":"OK"}}
1791518944978 0c3be847 > {"jsonrpc":"2.0","method":"job","params":{"algo":"rx/blacksilk","blob":"4253696c6b2f314b8fd786b78a764fd278822cb4ab8c92bf398c01856f54a1cb68614493867a9900000000875237c5","height":485,"job_id":"488","seed_hash":"3dbdba2aca8842cd3e02c7d8c72078f77ff132cc3c84a7f8b87891d0cc106141","target":"d02ca5c2df2d1200"}}
1791518945098 0c3be847 < {"id":673,"jsonrpc":"2.0","method":"submit","params":{"id":"0c3be847","job_id":"488","nonce":"24000000","result":"ad629ae92ba387a769b5796c004c3f89f25642265a6aff80080e272261b80c00","algo":"rx/blacksilk"}}
1791518946154 0c3be847 > {"error":null,"id":673,"jsonrpc":"2.0","result":{"status":"OK"}}
1791518946179 0c3be847 > {"jsonrpc":"2.0","method":"job","params":{"algo":"rx/blacksilk","blob":"4253696c6b2f31e102ab677d3fb343920daca60c866531f438969b7873374bf20fec8db915086400000000fdd36bb1","height":486,"job_id":"489","seed_hash":"3dbdba2aca8842cd3e02c7d8c72078f77ff132cc3c84a7f8b87891d0cc106141","target":"689838b98ccc1100"}}
1791518948722 0c3be847 < {"id":674,"jsonrpc":"2.0","method":"submit","params":{"id":"0c3be847","job_id":"489","nonce":"fd020000","result":"a5a79115066bfcf6bd790734415994de87619a48f4e6426d6a7211a3fdae0600","algo":"rx/blacksilk"}}
1791518948764 0c3be847 < {"id":675,"jsonrpc":"2.0","method":"submit","params":{"id":"0c3be847","job_id":"489","nonce":"0d030100","result":"ddd16c38f73c3d7eb2ee01dbe68adbb10d238a609dfe13905da662f427090100","algo":"rx/blacksilk"}}
1791518949782 0c3be847 > {"error":null,"id":674,"jsonrpc":"2.0","result":{"status":"OK"}}
1791518949801 0c3be847 > {"jsonrpc":"2.0","method":"job","params":{"algo":"rx/blacksilk","blob":"4253696c6b2f31c698375a002d4fafcd836646c404dc9986eca9324c5966fb83bb9b915dc23fce0000000068188b98","height":487,"job_id":"490","seed_hash":"3dbdba2aca8842cd3e02c7d8c72078f77ff132cc3c84a7f8b87891d0cc106141","target":"75ffa343a76b1100"}}
1791518950790 0c3be847 > {"error":null,"id":675,"jsonrpc":"2.0","result":{"status":"OK_OFF_BEST_CHAIN"}}
1791518953179 0c3be847 < {"id":676,"jsonrpc":"2.0","method":"submit","params":{"id":"0c3be847","job_id":"490","nonce":"f3830000","result":"80fd12c291adc77342dc885a7d796a85d322af637267c8d904d3a1f3765f0200","algo":"rx/blacksilk"}}
1791518954203 0c3be847 > {"error":null,"id":676,"jsonrpc":"2.0","result":{"status":"OK"}}
1791518954209 0c3be847 > {"jsonrpc":"2.0","method":"job","params":{"algo":"rx/blacksilk","blob":"4253696c6b2f318e5b57a03d81ac21701eadccfc7e3bff1f1976913fbdfe537eff18160ecd20fe0000000018d6b85a","height":488,"job_id":"491","seed_hash":"3dbdba2aca8842cd3e02c7d8c72078f77ff132cc3c84a7f8b87891d0cc106141","target":"51c57aefa70d1100"}}
1791518958568 0c3be847 < {"id":677,"jsonrpc":"2.0","method":"submit","params":{"id":"0c3be847","job_id":"491","nonce":"2b050000","result":"f25680a69f04e00b1c7c3ff69e733550fa11adb3cbc9f3b0e23bb6f2b59e0c00","algo":"rx/blacksilk"}}
1791518959593 0c3be847 > {"error":null,"id":677,"jsonrpc":"2.0","result":{"status":"OK"}}
1791518959617 0c3be847 > {"jsonrpc":"2.0","method":"job","params":{"algo":"rx/blacksilk","blob":"4253696c6b2f31929ac41be1dccc1ef627c1d20a0f50143ae4b3504895160d459cfe1b7557d16400000000a268952c","height":489,"job_id":"492","seed_hash":"3dbdba2aca8842cd3e02c7d8c72078f77ff132cc3c84a7f8b87891d0cc106141","target":"390b010c8ab31000"}}
1791518967468 0c3be847 < {"id":678,"jsonrpc":"2.0","method":"submit","params":{"id":"0c3be847","job_id":"492","nonce":"15090000","result":"ac8e9f4b6df0207d3e988a7e344141749345a79f354d0e166a1791042e2c0a00","algo":"rx/blacksilk"}}
1791518968503 0c3be847 > {"error":null,"id":678,"jsonrpc":"2.0","result":{"status":"OK"}}
1791518968530 0c3be847 > {"jsonrpc":"2.0","method":"job","params":{"algo":"rx/blacksilk","blob":"4253696c6b2f3127a7d43f7e26d6bb743123adf5bfbc5d6955ca0ba552f42081bf1c8c37e10d4900000000daf89bd1","height":490,"job_id":"493","seed_hash":"3dbdba2aca8842cd3e02c7d8c72078f77ff132cc3c84a7f8b87891d0cc106141","target":"9228f30efa5a1000"}}
1791518968766 0c3be847 < {"id":679,"jsonrpc":"2.0","method":"submit","params":{"id":"0c3be847","job_id":"493","nonce":"43800100","result":"4a0ec99cba265cbce5518a509c0b717e94abb62268579b86c1c858c01d9d0300","algo":"rx/blacksilk"}}
1791518969810 0c3be847 > {"error":null,"id":679,"jsonrpc":"2.0","result":{"status":"OK"}}
1791518969831 0c3be847 > {"jsonrpc":"2.0","method":"job","params":{"algo":"rx/blacksilk","blob":"4253696c6b2f31cf93dd29a8a0827af3201416dc1cc4a5d92fccb6eced4a6ac7b2d219015b24b00000000082d7ea38","height":491,"job_id":"494","seed_hash":"3dbdba2aca8842cd3e02c7d8c72078f77ff132cc3c84a7f8b87891d0cc106141","target":"1d277d9001051000"}}
1791518971939 0c3be847 < {"id":680,"jsonrpc":"2.0","method":"submit","params":{"id":"0c3be847","job_id":"494","nonce":"7a820100","result":"4fdf433388a4c8aaaab0efe20847a52b84d28d8edfc5c3d55978cb5249370100","algo":"rx/blacksilk"}}
1791518973048 0c3be847 > {"error":null,"id":680,"jsonrpc":"2.0","result":{"status":"OK"}}
1791518973070 0c3be847 > {"jsonrpc":"2.0","method":"job","params":{"algo":"rx/blacksilk","blob":"4253696c6b2f313be2b19cdd93963e8bf21fddb8b683179b6d0eeb5a8c2c71fbe13dba232241a20000000076abb42e","height":492,"job_id":"495","seed_hash":"3dbdba2aca8842cd3e02c7d8c72078f77ff132cc3c84a7f8b87891d0cc106141","target":"b0a7501c92b00f00"}}
1791518973303 0c3be847 < {"id":681,"jsonrpc":"2.0","method":"submit","params":{"id":"0c3be847","job_id":"495","nonce":"3f800000","result":"d4c36b562717e9fedc72e0e5fa2c7dd2ae9416256539ccb2e722839f22690a00","algo":"rx/blacksilk"}}
1791518974366 0c3be847 > {"error":null,"id":681,"jsonrpc":"2.0","result":{"status":"OK"}}
1791518974388 0c3be847 > {"jsonrpc":"2.0","method":"job","params":{"algo":"rx/blacksilk","blob":"4253696c6b2f31ca3daa520c1107beefe7a0e334abb3d53351d741f28a7fabfc5defe3167c6b630000000099dab7ce","height":493,"job_id":"496","seed_hash":"3dbdba2aca8842cd3e02c7d8c72078f77ff132cc3c84a7f8b87891d0cc106141","target":"6c996454b25d0f00"}}
1791518979174 0c3be847 < {"id":682,"jsonrpc":"2.0","method":"submit","params":{"id":"0c3be847","job_id":"496","nonce":"b4050100","result":"23c20f31b9cdfb593121087ec904a36be7fa83f2476fabbefd52c1eb0cde0d00","algo":"rx/blacksilk"}}
1791518979339 0c3be847 < {"id":683,"jsonrpc":"2.0","method":"submit","params":{"id":"0c3be847","job_id":"496","nonce":"cf850000","result":"4a53313523f6e60e56ea333312b02b066613b3afc480fca34649d1bb5c0e0f00","algo":"rx/blacksilk"}}
1791518980212 0c3be847 > {"error":null,"id":682,"jsonrpc":"2.0","result":{"status":"OK"}}
1791518980216 0c3be847 > {"jsonrpc":"2.0","method":"job","params":{"algo":"rx/blacksilk","blob":"4253696c6b2f31015658d269f83c476153023987a67d4759271f8bb92d8e873fd136f9148e627e000000004b9743e4","height":494,"job_id":"497","seed_hash":"3dbdba2aca8842cd3e02c7d8c72078f77ff132cc3c84a7f8b87891d0cc106141","target":"860b1439670c0f00"}}
1791518981338 0c3be847 > {"error":null,"id":683,"jsonrpc":"2.0","result":{"status":"OK_OFF_BEST_CHAIN"}}
1791518982092 0c3be847 < {"id":684,"jsonrpc":"2.0","method":"submit","params":{"id":"0c3be847","job_id":"497","nonce":"bc810000","result":"7e7a7d265e7e1337e4c0ad900fce5aba7bf5edb466db0fb3f19d552fda6c0c00","algo":"rx/blacksilk"}}
1791518982934 0c3be847 < {"id":685,"jsonrpc":"2.0","method":"submit","params":{"id":"0c3be847","job_id":"497","nonce":"8d820100","result":"fdfd01cfb48241d7d19274f94c15b5e03e9b065fc096e1e9acc0e5bd6c910400","algo":"rx/blacksilk"}}
1791518983234 0c3be847 > {"error":null,"id":684,"jsonrpc":"2.0","result":{"status":"OK"}}
1791518983254 0c3be847 > {"jsonrpc":"2.0","method":"job","params":{"algo":"rx/blacksilk","blob":"4253696c6b2f31961bb37318a54967f4f83d51a46f26ff368a6032fb94931e9833c5b00010190800000000f890671d","height":495,"job_id":"498","seed_hash":"3dbdba2aca8842cd3e02c7d8c72078f77ff132cc3c84a7f8b87891d0cc106141","target":"1fdaad4cb4bc0e00"}}
1791518983347 0c3be847 < {"id":686,"jsonrpc":"2.0","method":"submit","params":{"id":"0c3be847","job_id":"498","nonce":"16000000","result":"30fbe3542c73e2b1751fd9ac9fd15c55f22cbaf92cc02903a44285faab340700","algo":"rx/blacksilk"}}
1791518984351 0c3be847 > {"error":null,"id":685,"jsonrpc":"2.0","result":{"status":"OK_OFF_BEST_CHAIN"}}
1791518985425 0c3be847 > {"error":null,"id":686,"jsonrpc":"2.0","result":{"status":"OK"}}
1791518985456 0c3be847 > {"jsonrpc":"2.0","method":"job","params":{"algo":"rx/blacksilk","blob":"4253696c6b2f317cf96de54c3e504ba97e3b0c1281bbddd2e069b1405ada11689dd87956da52c200000000ca54a3e6","height":496,"job_id":"499","seed_hash":"3dbdba2aca8842cd3e02c7d8c72078f77ff132cc3c84a7f8b87891d0cc106141","target":"b3f25bb59b6e0e00"}}
1791519002013 0c3be847 < {"id":687,"jsonrpc":"2.0","method":"submit","params":{"id":"0c3be847","job_id":"499","nonce":"7c130100","result":"f30783b4623e85db09eb3cfebbae510d3c24214625f37528d6a9699a57a60600","algo":"rx/blacksilk"}}
1791519002885 0c3be847 < {"id":688,"jsonrpc":"2.0","method":"submit","params":{"id":"0c3be847","job_id":"499","nonce":"33940000","result":"3ef12707dd67d88476e5083323b92121a8661a8770f657808051db29a4290600","algo":"rx/blacksilk"}}
1791519003094 0c3be847 > {"error":null,"id":687,"jsonrpc":"2.0","result":{"status":"OK"}}
1791519003117 0c3be847 > {"jsonrpc":"2.0","method":"job","params":{"algo":"rx/blacksilk","blob":"4253696c6b2f3134ccf6f3a54ade7def827b4be6b4ab1bcc646d8808376d7e419a5f4aefb87616000000009ea18e47","height":497,"job_id":"500","seed_hash":"3dbdba2aca8842cd3e02c7d8c72078f77ff132cc3c84a7f8b87891d0cc106141","target":"743c4d5d1e220e00"}}
1791519004136 0c3be847 > {"error":null,"id":688,"jsonrpc":"2.0","result":{"status":"OK_OFF_BEST_CHAIN"}}
1791519004596 0c3be847 < {"id":689,"jsonrpc":"2.0","method":"submit","params":{"id":"0c3be847","job_id":"500","nonce":"a5010000","result":"010347edb10d1bef839f222275bdccfba8d955057edd9d361c9761e1a51a0600","algo":"rx/blacksilk"}}
1791519005620 0c3be847 > {"error":null,"id":689,"jsonrpc":"2.0","result":{"status":"OK"}}
1791519005638 0c3be847 > {"jsonrpc":"2.0","method":"job","params":{"algo":"rx/blacksilk","blob":"4253696c6b2f317828cdcac5d91ea5e9ec25d6754fccb9280a1146a65204e1ff542ae6e6614ade000000008b50bd4a","height":498,"job_id":"501","seed_hash":"3dbdba2aca8842cd3e02c7d8c72078f77ff132cc3c84a7f8b87891d0cc106141","target":"185a81acfbd70d00"}}
1791519009751 0c3be847 < {"id":690,"jsonrpc":"2.0","method":"submit","params":{"id":"0c3be847","job_id":"501","nonce":"a0040100","result":"db28aa7a0f717b117e607c50c41a40c930b0fe9080639a4963b6060d31250200","algo":"rx/blacksilk"}}
1791519010348 0c3be847 < {"id":691,"jsonrpc":"2.0","method":"submit","params":{"id":"0c3be847","job_id":"501","nonce":"49050100","result":"a539dc7ca56b4dd6ca0b0c7454cfca9794ac21604982bb3cc1180c72ea6c0800","algo":"rx/blacksilk"}}
1791519010446 0c3be847 < {"id":692,"jsonrpc":"2.0","method":"submit","params":{"id":"0c3be847","job_id":"501","nonce":"62050100","result":"ffdb4f98a125a5eb7f827e03973a227031092ef7da08f405e13127e547f80700","algo":"rx/blacksilk"}}
1791519010790 0c3be847 > {"error":null,"id":690,"jsonrpc":"2.0","result":{"status":"OK"}}
1791519010812 0c3be847 > {"jsonrpc":"2.0","method":"job","params":{"algo":"rx/blacksilk","blob":"4253696c6b2f3163e06dbe91871a4d2b70bebb7ea7999bbd0671ab73b727aaf492580590b5c65f000000007d3d484b","height":499,"job_id":"502","seed_hash":"3dbdba2aca8842cd3e02c7d8c72078f77ff132cc3c84a7f8b87891d0cc106141","target":"4e426e5fab8e0d00"}}
1791519011832 0c3be847 > {"error":null,"id":691,"jsonrpc":"2.0","result":{"status":"OK_OFF_BEST_CHAIN"}}
1791519012303 0c3be847 < {"id":693,"jsonrpc":"2.0","method":"submit","params":{"id":"0c3be847","job_id":"502","nonce":"a6010000","result":"3280e8968116f969215568d5be4f2c07c3a31f786c4ab156885c609d40770600","algo":"rx/blacksilk"}}
1791519012881 0c3be847 > {"error":null,"id":692,"jsonrpc":"2.0","result":{"status":"OK_OFF_BEST_CHAIN"}}
1791519013920 0c3be847 > {"error":null,"id":693,"jsonrpc":"2.0","result":{"status":"OK"}}
1791519013935 0c3be847 > {"jsonrpc":"2.0","method":"job","params":{"algo":"rx/blacksilk","blob":"4253696c6b2f31aeed3363fea61d97ec61a49a368194d13cccc1451be07123adf7f57a9e06cc600000000084acaf60","height":500,"job_id":"503","seed_hash":"3dbdba2aca8842cd3e02c7d8c72078f77ff132cc3c84a7f8b87891d0cc106141","target":"d6754423f3460d00"}}
1791519016576 0c3be847 < {"id":694,"jsonrpc":"2.0","method":"submit","params":{"id":"0c3be847","job_id":"503","nonce":"06030000","result":"450e27645a816201edc5fb03afaacf7f0b05175ce0ea6771d6e791f2de0a0d00","algo":"rx/blacksilk"}}
1791519017599 0c3be847 > {"error":null,"id":694,"jsonrpc":"2.0","result":{"status":"OK"}}
1791519017622 0c3be847 > {"jsonrpc":"2.0","method":"job","params":{"algo":"rx/blacksilk","blob":"4253696c6b2f312d64b54183a136282c89a6430b313fcf009a3d4274318a5377c4ab2f8f3fe5550000000063925819","height":501,"job_id":"504","seed_hash":"3dbdba2aca8842cd3e02c7d8c72078f77ff132cc3c84a7f8b87891d0cc106141","target":"0ed0000dd0000d00"}}
1791519018705 0c3be847 < {"id":695,"jsonrpc":"2.0","method":"submit","params":{"id":"0c3be847","job_id":"504","nonce":"41810000","result":"7ce8d56a0cf01a73cbef91f79a0415a03995ecfe770074f07f843ea458b60c00","algo":"rx/blacksilk"}}
1791519019765 0c3be847 > {"error":null,"id":695,"jsonrpc":"2.0","result":{"status":"OK"}}
1791519019793 0c3be847 > {"jsonrpc":"2.0","method":"job","params":{"algo":"rx/blacksilk","blob":"4253696c6b2f312ee126a3f5acb194aeccdcb8df571821f58af1ea9d50c52f4c5a6b6595bcf0a200000000d2a19459","height":502,"job_id":"505","seed_hash":"3dbdba2aca8842cd3e02c7d8c72078f77ff132cc3c84a7f8b87891d0cc106141","target":"72435c539cbb0c00"}}
1791519021395 0c3be847 < {"id":696,"jsonrpc":"2.0","method":"submit","params":{"id":"0c3be847","job_id":"505","nonce":"e4810100","result":"065f432c86d275afe2146739191d6956b1d65978b3c6ac4052661888a6f60400","algo":"rx/blacksilk"}}
1791519021532 0c3be847 < {"id":697,"jsonrpc":"2.0","method":"submit","params":{"id":"0c3be847","job_id":"505","nonce":"0a820000","result":"d449712bcf46d8c8eefe2bf8a54b960feeb64c0bb8852ca2e43c729a4b1c0400","algo":"rx/blacksilk"}}
1791519021679 0c3be847 < {"id":698,"jsonrpc":"2.0","method":"submit","params":{"id":"0c3be847","job_id":"505","nonce":"38020000","result":"4634118ded84ee9407bf46d153091ff85a16f9d8d2fb9e0e84525da9a06b0100","algo":"rx/blacksilk"}}
1791519022430 0c3be847 > {"error":null,"id":696,"jsonrpc":"2.0","result":{"status":"OK"}}
1791519022435 0c3be847 > {"jsonrpc":"2.0","method":"job","params":{"algo":"rx/blacksilk","blob":"4253696c6b2f31dcdc1ec07ce8e462e660c191a1999f41324cbd71726bd954f09ce2ebdb03e01f0000000048949036","height":503,"job_id":"506","seed_hash":"3dbdba2aca8842cd3e02c7d8c72078f77ff132cc3c84a7f8b87891d0cc106141","target":"3a6b219e9e780c00"}}
1791519023427 0c3be847 < {"id":699,"jsonrpc":"2.0","method":"submit","params":{"id":"0c3be847","job_id":"506","nonce":"08810100","result":"09c5a14116e9cdbb342b610606b4949e00f5b91b866bb32371f5ded20cfd0400","algo":"rx/blacksilk"}}
1791519023532 0c3be847 > {"error":null,"id":697,"jsonrpc":"2.0","result":{"status":"OK_OFF_BEST_CHAIN"}}
1791519024552 0c3be847 > {"error":null,"id":698,"jsonrpc":"2.0","result":{"status":"OK_OFF_BEST_CHAIN"}}
1791519024565 0c3be847 < {"id":700,"jsonrpc":"2.0","method":"submit","params":{"id":"0c3be847","job_id":"506","nonce":"37820100","result":"8a1384e4eac534165a920c064470913cfa566356acc2e08416446f1da7a20300","algo":"rx/blacksilk"}}
1791519025592 0c3be847 > {"error":null,"id":699,"jsonrpc":"2.0","result":{"status":"OK"}}
1791519025620 0c3be847 > {"jsonrpc":"2.0","method":"job","params":{"algo":"rx/blacksilk","blob":"4253696c6b2f31e45a2f1a4295a97db6b622040f1b26178c1a753b0e6899e86e588da30f175fc300000000adb4d89a","height":504,"job_id":"507","seed_hash":"3dbdba2aca8842cd3e02c7d8c72078f77ff132cc3c84a7f8b87891d0cc106141","target":"dde7e6e493360c00"}}
1791519026677 0c3be847 > {"error":null,"id":700,"jsonrpc":"2.0","result":{"status":"OK_OFF_BEST_CHAIN"}}
1791519029757 0c3be847 < {"id":701,"jsonrpc":"2.0","method":"submit","params":{"id":"0c3be847","job_id":"507","nonce":"55040000","result":"f5e6cd0c320ea0bc2b9b489515ec867da7a2e0ee667bc78b9275e1df92e40800","algo":"rx/blacksilk"}}
1791519030804 0c3be847 > {"error":null,"id":701,"jsonrpc":"2.0","result":{"status":"OK"}}
1791519030828 0c3be847 > {"jsonrpc":"2.0","method":"job","params":{"algo":"rx/blacksilk","blob":"4253696c6b2f319154a47956cc339f94979116048c3aa3dfa2525355df83920f5a03b6a75e863400000000c45ca29f","height":505,"job_id":"508","seed_hash":"3dbdba2aca8842cd3e02c7d8c72078f77ff132cc3c84a7f8b87891d0cc106141","target":"22f9f43318f60b00"}}
1791519033934 0c3be847 < {"id":702,"jsonrpc":"2.0","method":"submit","params":{"id":"0c3be847","job_id":"508","nonce":"9d830100","result":"92e12b2a5ce147fa21c1a9191969a00fb7bcbdd8fcff02d4fc163eed29420700","algo":"rx/blacksilk"}}
1791519034974 0c3be847 > {"error":null,"id":702,"jsonrpc":"2.0","result":{"status":"OK"}}
1791519034974 0c3be847 > {"jsonrpc":"2.0","method":"job","params":{"algo":"rx/blacksilk","blob":"4253696c6b2f3173b665ca275d2e51a839d5e9aae4c13110e757c7d66489dc0a9c742a26772d2600000000c6ccf8aa","height":506,"job_id":"509","seed_hash":"3dbdba2aca8842cd3e02c7d8c72078f77ff132cc3c84a7f8b87891d0cc106141","target":"51497b1125b70b00"}}
1791519036805 0c3be847 < {"id":703,"jsonrpc":"2.0","method":"submit","params":{"id":"0c3be847","job_id":"509","nonce":"22020000","result":"cc171ff52ef1ffa5584d2eb1ec958224f3a830141f63f1742aac16824ff40200","algo":"rx/blacksilk"}}
1791519037849 0c3be847 > {"error":null,"id":703,"jsonrpc":"2.0","result":{"status":"OK"}}
1791519037871 0c3be847 > {"jsonrpc":"2.0","method":"job","params":{"algo":"rx/blacksilk","blob":"4253696c6b2f312c81769a4769e98b0fabf5d5a7117c85563ec52f2687a9288c71372a78dd8e8700000000e0a05fe8","height":507,"job_id":"510","seed_hash":"3dbdba2aca8842cd3e02c7d8c72078f77ff132cc3c84a7f8b87891d0cc106141","target":"0c30790b30790b00"}}
1791519040823 0c3be847 < {"id":704,"jsonrpc":"2.0","method":"submit","params":{"id":"0c3be847","job_id":"510","nonce":"7c030100","result":"0eb33b5483e1a3749ddb62895f58c620502fdf393f01adc1a132a6a5ee330900","algo":"rx/blacksilk"}}
1791519041868 0c3be847 > {"error":null,"id":704,"jsonrpc":"2.0","result":{"status":"OK"}}
1791519041894 0c3be847 > {"jsonrpc":"2.0","method":"job","params":{"algo":"rx/blacksilk","blob":"4253696c6b2f31edf04f36b31e82e77e38469493d2771154f35ad3bbf35fb77742d9f90805acbe00000000da2976f3","height":508,"job_id":"511","seed_hash":"3dbdba2aca8842cd3e02c7d8c72078f77ff132cc3c84a7f8b87891d0cc106141","target":"a1dcf52e423c0b00"}}
1791519042983 0c3be847 < {"id":705,"jsonrpc":"2.0","method":"submit","params":{"id":"0c3be847","job_id":"511","nonce":"3e010000","result":"b575c412cfd86a003288d71a479b2db18575575197abad050a251cd810ea0400","algo":"rx/blacksilk"}}
1791519044028 0c3be847 > {"error":null,"id":705,"jsonrpc":"2.0","result":{"status":"OK"}}
1791519044046 0c3be847 > {"jsonrpc":"2.0","method":"job","params":{"algo":"rx/blacksilk","blob":"4253696c6b2f315356a0ef0972feabdde6cc64379cd45dfbc4ef9ba0b3c2b3733244bf077c11fd00000000c9aa2c09","height":509,"job_id":"512","seed_hash":"3dbdba2aca8842cd3e02c7d8c72078f77ff132cc3c84a7f8b87891d0cc106141","target":"db573111dc000b00"}}
1791519045644 0c3be847 < {"id":706,"jsonrpc":"2.0","method":"submit","params":{"id":"0c3be847","job_id":"512","nonce":"e0010000","result":"c32d1757221697fc32fc14c8f980c1d706cd4d486dcbbff3d640493b1eef0800","algo":"rx/blacksilk"}}
1791519046496 0c3be847 < {"id":707,"jsonrpc":"2.0","method":"submit","params":{"id":"0c3be847","job_id":"512","nonce":"d5020100","result":"e480ca1a12307d0a49bb76e43b54d45db37e73c5a8098289e0bb5a5786710900","algo":"rx/blacksilk"}}
1791519046640 0c3be847 > {"error":null,"id":706,"jsonrpc":"2.0","result":{"status":"OK"}}
1791519046669 0c3be847 > {"jsonrpc":"2.0","method":"job","params":{"algo":"rx/blacksilk","blob":"4253696c6b2f31968f02e56354364a340c2d372c00ab0d5660b06a6f5bd67e273aee5d0dddb6b70000000064b865ff","height":510,"job_id":"513","seed_hash":"3dbdba2aca8842cd3e02c7d8c72078f77ff132cc3c84a7f8b87891d0cc106141","target":"e75f9aedf4c60a00"}}
1791519047690 0c3be847 > {"error":null,"id":707,"jsonrpc":"2.0","result":{"status":"OK_OFF_BEST_CHAIN"}}
1791519052153 0c3be847 < {"id":708,"jsonrpc":"2.0","method":"submit","params":{"id":"0c3be847","job_id":"513","nonce":"5f860100","result":"ec767384d69a0365564a92bdb8a849b8cae47b03435b74a91c2f7a5d01460a00","algo":"rx/blacksilk"}}
1791519053245 0c3be847 > {"error":null,"id":708,"jsonrpc":"2.0","result":{"status":"OK"}}
1791519053262 0c3be847 > {"jsonrpc":"2.0","method":"job","params":{"algo":"rx/blacksilk","blob":"4253696c6b2f313fc8225b62ad6e28c25b5b9d1b59884d6676a1f71f73e4f92ddc1025d6b5710d000000007a2d8bda","height":511,"job_id":"514","seed_hash":"3dbdba2aca8842cd3e02c7d8c72078f77ff132cc3c84a7f8b87891d0cc106141","target":"8d398624a58d0a00"}}
1791519069876 0c3be847 < {"id":709,"jsonrpc":"2.0","method":"submit","params":{"id":"0c3be847","job_id":"514","nonce":"2c930100","result":"7d11d7eef6714bf45f38aef5e01d8c94721a0057b6e32c69ca0c8b715f4b0400","algo":"rx/blacksilk"}}
1791519070954 0c3be847 > {"error":null,"id":709,"jsonrpc":"2.0","result":{"status":"OK"}}
1791519070973 0c3be847 > {"jsonrpc":"2.0","method":"job","params":{"algo":"rx/blacksilk","blob":"4253696c6b2f31b5e7f9d5fbf12b1071721e0854282c5fef849847e7ac799e7a022305580531ab000000007084f0c1","height":512,"job_id":"515","seed_hash":"3dbdba2aca8842cd3e02c7d8c72078f77ff132cc3c84a7f8b87891d0cc106141","target":"1d8e40cdd4550a00"}}
1791519072145 0c3be847 < {"id":710,"jsonrpc":"2.0","method":"submit","params":{"id":"0c3be847","job_id":"515","nonce":"60810100","result":"4157749d91aae51d4cc9da0f2120258deee5438584d9d9e3556e5a32a4520500","algo":"rx/blacksilk"}}
1791519073209 0c3be847 > {"error":null,"id":710,"jsonrpc":"2.0","result":{"status":"OK"}}
1791519073226 0c3be847 > {"jsonrpc":"2.0","method":"job","params":{"algo":"rx/blacksilk","blob":"4253696c6b2f310b2108877a6524e2b63ffea4e1e06f931c956c4eecef8bf17808f147488eb2e200000000cf3b6dea","height":513,"job_id":"516","seed_hash":"3dbdba2aca8842cd3e02c7d8c72078f77ff132cc3c84a7f8b87891d0cc106141","target":"0436f1de791f0a00"}}
1791519081150 0c3be847 < {"id":711,"jsonrpc":"2.0","method":"submit","params":{"id":"0c3be847","job_id":"516","nonce":"40090100","result":"41e8328bcde60de9185a12017f9411314b5609a26321848b55f81a6160b70100","algo":"rx/blacksilk"}}
1791519081940 0c3be847 < {"id":712,"jsonrpc":"2.0","method":"submit","params":{"id":"0c3be847","job_id":"516","nonce":"1d0a0100","result":"2afba61ba60179327d101f3ced7c7edaf5feecfc5279acabf7c34c8440d90800","algo":"rx/blacksilk"}}
1791519082182 0c3be847 > {"error":null,"id":711,"jsonrpc":"2.0","result":{"status":"OK"}}
1791519082207 0c3be847 > {"jsonrpc":"2.0","method":"job","params":{"algo":"rx/blacksilk","blob":"4253696c6b2f3163b0fdee6713612ddd5621af5885a9112d037eaed51cf30289123348627fa1f800000000ba0d0a30","height":514,"job_id":"517","seed_hash":"3dbdba2aca8842cd3e02c7d8c72078f77ff132cc3c84a7f8b87891d0cc106141","target":"034069d6c5e90900"}}
1791519083246 0c3be847 > {"error":null,"id":712,"jsonrpc":"2.0","result":{"status":"OK_OFF_BEST_CHAIN"}}
1791519088951 0c3be847 < {"id":713,"jsonrpc":"2.0","method":"submit","params":{"id":"0c3be847","job_id":"517","nonce":"c6870000","result":"915d13be41fb5a3539b40b98328ca7f7782cf3a4acea30c5f5274147dd170200","algo":"rx/blacksilk"}}
1791519089986 0c3be847 > {"error":null,"id":713,"jsonrpc":"2.0","result":{"status":"OK"}}
1791519090002 0c3be847 > {"jsonrpc":"2.0","method":"job","params":{"algo":"rx/blacksilk","blob":"4253696c6b2f316ca218549410ca22d052356c3ec2d6749daa5706e5bfd06bb173bba7c2d07c020000000080a791ea","height":515,"job_id":"518","seed_hash":"3dbdba2aca8842cd3e02c7d8c72078f77ff132cc3c84a7f8b87891d0cc106141","target":"11ba857383b50900"}}
1791519095501 0c3be847 < {"id":714,"jsonrpc":"2.0","method":"submit","params":{"id":"0c3be847","job_id":"518","nonce":"7e860000","result":"f11fa001afb8050e29f5570bfc9e0ca8400947cf68f0d6096a69c919dcf20000","algo":"rx/blacksilk"}}
1791519096547 0c3be847 > {"error":null,"id":714,"jsonrpc":"2.0","result":{"status":"OK"}}
1791519096563 0c3be847 > {"jsonrpc":"2.0","method":"job","params":{"algo":"rx/blacksilk","blob":"4253696c6b2f3162ed1d7b5748ff409e3d1f4890d263a9c6da481b85b33e38e42a87549b6b02be00000000e22c7ea2","height":516,"job_id":"519","seed_hash":"3dbdba2aca8842cd3e02c7d8c72078f77ff132cc3c84a7f8b87891d0cc106141","target":"9494c88e4d820900"}}
1791519098385 0c3be847 < {"id":715,"jsonrpc":"2.0","method":"submit","params":{"id":"0c3be847","job_id":"519","nonce":"29020000","result":"b43dfa3edc48ef6af96df6db941f31932c5e93aeba31930689e665b562450200","algo":"rx/blacksilk"}}
1791519099335 0c3be847 > {"error":null,"id":715,"jsonrpc":"2.0","result":{"status":"OK"}}
1791519099350 0c3be847 > {"jsonrpc":"2.0","method":"job","params":{"algo":"rx/blacksilk","blob":"4253696c6b2f310a23eb38aee71c2eca2cc37471d1572cc744a3edee1af7706765dd6b5006382e00000000ce64b713","height":517,"job_id":"520","seed_hash":"3dbdba2aca8842cd3e02c7d8c72078f77ff132cc3c84a7f8b87891d0cc106141","target":"9b050df3cd4f0900"}}
1791519099434 0c3be847 < {"id":716,"jsonrpc":"2.0","method":"submit","params":{"id":"0c3be847","job_id":"520","nonce":"17800000","result":"31b7b65dec388897ae32cd3b0a0d5c6e686aef092680ca118520b846a6c60500","algo":"rx/blacksilk"}}
1791519100394 0c3be847 < {"id":717,"jsonrpc":"2.0","method":"submit","params":{"id":"0c3be847","job_id":"520","nonce":"2f810100","result":"967d7e921a83c127d6b96071bd6e3f69c36d9abc5b00b59ff4ae0b2b4c9d0600","algo":"rx/blacksilk"}}
1791519100423 0c3be847 > {"error":null,"id":716,"jsonrpc":"2.0","result":{"status":"OK"}}
1791519100452 0c3be847 > {"jsonrpc":"2.0","method":"job","params":{"algo":"rx/blacksilk","blob":"4253696c6b2f31dcc560f6d16dd997f8a4bd92764c2f75fe3fb8ca611168ef1a14db868faabc3e00000000dd58104d","height":518,"job_id":"521","seed_hash":"3dbdba2aca8842cd3e02c7d8c72078f77ff132cc3c84a7f8b87891d0cc106141","target":"0631d066b51e0900"}}
1791519101499 0c3be847 > {"error":null,"id":717,"jsonrpc":"2.0","result":{"status":"OK_OFF_BEST_CHAIN"}}
1791519102776 0c3be847 < {"id":718,"jsonrpc":"2.0","method":"submit","params":{"id":"0c3be847","job_id":"521","nonce":"a4820100","result":"9a466c3f50cc76e43ea928229f61364019fb206c14b58e8f34b4c906aaa00000","algo":"rx/blacksilk"}}
1791519103817 0c3be847 > {"error":null,"id":718,"jsonrpc":"2.0","result":{"status":"OK"}}
1791519103817 0c3be847 > {"jsonrpc":"2.0","method":"job","params":{"algo":"rx/blacksilk","blob":"4253696c6b2f310b2e945d9c0210368227f245c5e4d7a8b6e939c212823264ed083e7ce6596581000000005344705f","height":519,"job_id":"522","seed_hash":"3dbdba2aca8842cd3e02c7d8c72078f77ff132cc3c84a7f8b87891d0cc106141","target":"4cc04ce458ee0800"}}
1791519106392 0c3be847 < {"id":719,"jsonrpc":"2.0","method":"submit","params":{"id":"0c3be847","job_id":"522","nonce":"ef820000","result":"36de592eab8c632425e6eb66de7559ff64237a07ee4547c8eda36d0ccefe0100","algo":"rx/blacksilk"}}
1791519107424 0c3be847 > {"error":null,"id":719,"jsonrpc":"2.0","result":{"status":"OK"}}
1791519107447 0c3be847 > {"jsonrpc":"2.0","method":"job","params":{"algo":"rx/blacksilk","blob":"4253696c6b2f31e0809248e65b0fda80ae8f9d9518d2dc377c2fac3224d0ed1ad8df40ebeacf71000000002322eba3","height":520,"job_id":"523","seed_hash":"3dbdba2aca8842cd3e02c7d8c72078f77ff132cc3c84a7f8b87891d0cc106141","target":"a2d555cc59bf0800"}}
1791519115502 0c3be847 < {"id":720,"jsonrpc":"2.0","method":"submit","params":{"id":"0c3be847","job_id":"523","nonce":"6f890000","result":"05b0431a08cdc5d799a522f0411f22dac02592c969d23b914cbed84d41830400","algo":"rx/blacksilk"}}
1791519116503 0c3be847 > {"error":null,"id":720,"jsonrpc":"2.0","result":{"status":"OK"}}
1791519116526 0c3be847 > {"jsonrpc":"2.0","method":"job","params":{"algo":"rx/blacksilk","blob":"4253696c6b2f31c26e2ddf650cb43de29b58947776cc10612702de6417acdc3a8390e6f6c8b14e00000000cdd380cd","height":521,"job_id":"524","seed_hash":"3dbdba2aca8842cd3e02c7d8c72078f77ff132cc3c84a7f8b87891d0cc106141","target":"3cb32aa219910800"}}
1791519119286 0c3be847 < {"id":721,"jsonrpc":"2.0","method":"submit","params":{"id":"0c3be847","job_id":"524","nonce":"4e030100","result":"e427515b0e950857cacb4936cc4c5111290e1ee41d3a478fb73600c75aff0200","algo":"rx/blacksilk"}}
1791519120347 0c3be847 > {"error":null,"id":721,"jsonrpc":"2.0","result":{"status":"OK"}}
1791519120368 0c3be847 > {"jsonrpc":"2.0","method":"job","params":{"algo":"rx/blacksilk","blob":"4253696c6b2f31469f02a4d160367e8f69520525efcf080f24ad17cfd8acdc0e813e7a3a43faa300000000e7a0e317","height":522,"job_id":"525","seed_hash":"3dbdba2aca8842cd3e02c7d8c72078f77ff132cc3c84a7f8b87891d0cc106141","target":"7d8e21009f630800"}}
1791519141508 0c3be847 < {"id":722,"jsonrpc":"2.0","method":"submit","params":{"id":"0c3be847","job_id":"525","nonce":"b0980000","result":"7518d27d3ea23edd3875fc65a5ecd2897164ffe4fe4c3c14167c083c7d830100","algo":"rx/blacksilk"}}
1791519142566 0c3be847 > {"error":null,"id":722,"jsonrpc":"2.0","result":{"status":"OK"}}
1791519142582 0c3be847 > {"jsonrpc":"2.0","method":"job","params":{"algo":"rx/blacksilk","blob":"4253696c6b2f31efa149d3b1e59ce5758329468260482b934c516180c9eb545b1b97c7d5390d12000000000dc6c05f","height":523,"job_id":"526","seed_hash":"3dbdba2aca8842cd3e02c7d8c72078f77ff132cc3c84a7f8b87891d0cc106141","target":"ab48015f76370800"}}
1791519166155 0c3be847 < {"id":723,"jsonrpc":"2.0","method":"submit","params":{"id":"0c3be847","job_id":"526","nonce":"819b0100","result":"9485358a2c554b72879f6ee3e3f9a24cada96d187186631ef8b434434b800000","algo":"rx/blacksilk"}}
1791519167212 0c3be847 > {"error":null,"id":723,"jsonrpc":"2.0","result":{"status":"OK"}}
1791519167240 0c3be847 > {"jsonrpc":"2.0","method":"job","params":{"algo":"rx/blacksilk","blob":"4253696c6b2f31265645befefee52f05e3ca59683ad7ffd67913f6b1500dcfd17a9c6ef6d41ad600000000939065c7","height":524,"job_id":"527","seed_hash":"3dbdba2aca8842cd3e02c7d8c72078f77ff132cc3c84a7f8b87891d0cc106141","target":"a0617e5bd10b0800"}}
1791519181584 0c3be847 < {"id":724,"jsonrpc":"2.0","method":"submit","params":{"id":"0c3be847","job_id":"527","nonce":"68100000","result":"9cc92bb300187003ebbfa41b4aac3504d4d409cfd3e93134e2ff7d1395bb0700","algo":"rx/blacksilk"}}
1791519182601 0c3be847 > {"error":null,"id":724,"jsonrpc":"2.0","result":{"status":"OK"}}
1791519182602 0c3be847 > {"jsonrpc":"2.0","method":"job","params":{"algo":"rx/blacksilk","blob":"4253696c6b2f31403b41d4d92a792ad900fa9edfc8a38869b6c0e57aeb71d0f65d1776bbad216a00000000bc36e1fa","height":525,"job_id":"528","seed_hash":"3dbdba2aca8842cd3e02c7d8c72078f77ff132cc3c84a7f8b87891d0cc106141","target":"2fdb745576e10700"}}
1791519186592 0c3be847 < {"id":725,"jsonrpc":"2.0","method":"submit","params":{"id":"0c3be847","job_id":"528","nonce":"a4840100","result":"a402f97fb9c70bd55a24bb60705fef99afef7bc4f351261b9cba43409d6e0600","algo":"rx/blacksilk"}}
1791519187639 0c3be847 > {"error":null,"id":725,"jsonrpc":"2.0","result":{"status":"OK"}}
1791519187639 0c3be847 > {"jsonrpc":"2.0","method":"job","params":{"algo":"rx/blacksilk","blob":"4253696c6b2f317b6b58db689ca7d5b8aa2e45fddfc8470b4e15e797c9cd02fe220849667b64cd0000000060753a50","height":526,"job_id":"529","seed_hash":"3dbdba2aca8842cd3e02c7d8c72078f77ff132cc3c84a7f8b87891d0cc106141","target":"84ee1249a6b70700"}}
1791519206721 0c3be847 < {"id":726,"jsonrpc":"2.0","method":"submit","params":{"id":"0c3be847","job_id":"529","nonce":"1e960100","result":"7cac3070da5467bd3b489e02886cf23a77e1545e37b568fad7171a612f1b0700","algo":"rx/blacksilk"}}
1791519207768 0c3be847 > {"error":null,"id":726,"jsonrpc":"2.0","result":{"status":"OK"}}
1791519207787 0c3be847 > {"jsonrpc":"2.0","method":"job","params":{"algo":"rx/blacksilk","blob":"4253696c6b2f316ad333576696218637377f4dc8e284b5b5f183d15c6d77132d7bae3e46fa57f400000000633bd4fa","height":527,"job_id":"530","seed_hash":"3dbdba2aca8842cd3e02c7d8c72078f77ff132cc3c84a7f8b87891d0cc106141","target":"f0999e7cdd8e0700"}}
1791519216594 0c3be847 < {"id":727,"jsonrpc":"2.0","method":"submit","params":{"id":"0c3be847","job_id":"530","nonce":"570a0100","result":"535c84e8e81147fddda312a8bfc7fad8cbd7c28e51767da5677f6a4d7fc00400","algo":"rx/blacksilk"}}
1791519217074 0c3be847 < {"id":728,"jsonrpc":"2.0","method":"submit","params":{"id":"0c3be847","job_id":"530","nonce":"0b8b0000","result":"781dbc2fe978677adb9bf7d75529a7237a57a3d031e719fb1cc30c3470030400","algo":"rx/blacksilk"}}
1791519217636 0c3be847 > {"error":null,"id":727,"jsonrpc":"2.0","result":{"status":"OK"}}
1791519217668 0c3be847 > {"jsonrpc":"2.0","method":"job","params":{"algo":"rx/blacksilk","blob":"4253696c6b2f31cd220ced12040227cb6f3293460efc7afb12142f95d9bbd779b28c25c0e2c56d000000008baec54d","height":528,"job_id":"531","seed_hash":"3dbdba2aca8842cd3e02c7d8c72078f77ff132cc3c84a7f8b87891d0cc106141","target":"478dd3e544060800"}}
1791519218678 0c3be847 > {"error":null,"id":728,"jsonrpc":"2.0","result":{"status":"OK_OFF_BEST_CHAIN"}}
1791519231270 0c3be847 < {"id":729,"jsonrpc":"2.0","method":"submit","params":{"id":"0c3be847","job_id":"531","nonce":"ec8f0000","result":"37944a0d1f0e1fd06296c38c4946062ec354ecec231dee0d2101c4e3430e0000","algo":"rx/blacksilk"}}
1791519232329 0c3be847 > {"error":null,"id":729,"jsonrpc":"2.0","result":{"status":"OK"}}
1791519232357 0c3be847 > {"jsonrpc":"2.0","method":"job","params":{"algo":"rx/blacksilk","blob":"4253696c6b2f319a1bda2035dbb307b3f5871d718fa8ec045c11d07ce232917c4f8c67ddf99a6e00000000c73885c9","height":529,"job_id":"532","seed_hash":"3dbdba2aca8842cd3e02c7d8c72078f77ff132cc3c84a7f8b87891d0cc106141","target":"0eaf8fda48180800"}}
1791519254163 0c3be847 < {"id":730,"jsonrpc":"2.0","method":"submit","params":{"id":"0c3be847","job_id":"532","nonce":"ae180100","result":"ffdf12c3d04c0bc77896abbc3ec578638f6090002ccf112a638d7e227a830200","algo":"rx/blacksilk"}}
1791519255046 0c3be847 < {"id":731,"jsonrpc":"2.0","method":"submit","params":{"id":"0c3be847","job_id":"532","nonce":"a2990100","result":"8a67080142face1f94ed57ce8a30c1ba12a8ee9a8324645113fee05a90330500","algo":"rx/blacksilk"}}
1791519255222 0c3be847 > {"error":null,"id":730,"jsonrpc":"2.0","result":{"status":"OK"}}
1791519255243 0c3be847 > {"jsonrpc":"2.0","method":"job","params":{"algo":"rx/blacksilk","blob":"4253696c6b2f31eafaf989d112c73c239b0dfd95ff8762894c88fa7a95028623bf1aa79e74b4a900000000732a9431","height":530,"job_id":"533","seed_hash":"3dbdba2aca8842cd3e02c7d8c72078f77ff132cc3c84a7f8b87891d0cc106141","target":"344b839739590800"}}
1791519256247 0c3be847 > {"error":null,"id":731,"jsonrpc":"2.0","result":{"status":"OK_OFF_BEST_CHAIN"}}
1791519258057 0c3be847 < {"id":732,"jsonrpc":"2.0","method":"submit","params":{"id":"0c3be847","job_id":"533","nonce":"31830000","result":"dd02bf8c58d109e14d3bc4f2182c2e9c6344743e01c32b15bd15de3b41130100","algo":"rx/blacksilk"}}
1791519259097 0c3be847 > {"error":null,"id":732,"jsonrpc":"2.0","result":{"status":"OK"}}
1791519259116 0c3be847 > {"jsonrpc":"2.0","method":"job","params":{"algo":"rx/blacksilk","blob":"4253696c6b2f31acc529ba66b081b7daf047703eb3b3506425701950eb014bf77a69bab426ea21000000001047ccf6","height":531,"job_id":"534","seed_hash":"3dbdba2aca8842cd3e02c7d8c72078f77ff132cc3c84a7f8b87891d0cc106141","target":"1af466fc30db0800"}}
1791519263945 0c3be847 < {"id":733,"jsonrpc":"2.0","method":"submit","params":{"id":"0c3be847","job_id":"534","nonce":"a7850100","result":"16e3b515519128b1dce5a8f569e5f4822be1eb671ad839ba0843d832d2b00200","algo":"rx/blacksilk"}}
1791519265024 0c3be847 > {"error":null,"id":733,"jsonrpc":"2.0","result":{"status":"OK"}}
1791519265042 0c3be847 > {"jsonrpc":"2.0","method":"job","params":{"algo":"rx/blacksilk","blob":"4253696c6b2f31377cc7003e1939b46a1142f5e8cdd741a31e7270d16d722a18771f7cab0aef780000000042a65d30","height":532,"job_id":"535","seed_hash":"3dbdba2aca8842cd3e02c7d8c72078f77ff132cc3c84a7f8b87891d0cc106141","target":"66ba8e9578d40800"}}
1791519269100 0c3be847 < {"id":734,"jsonrpc":"2.0","method":"submit","params":{"id":"0c3be847","job_id":"535","nonce":"95840100","result":"b8f50cb35e8817a5fa222e13b512c057bf631b617fed7517050d611643ea0500","algo":"rx/blacksilk"}}
1791519270193 0c3be847 > {"error":null,"id":734,"jsonrpc":"2.0","result":{"status":"OK"}}
1791519270216 0c3be847 > {"jsonrpc":"2.0","method":"job","params":{"algo":"rx/blacksilk","blob":"4253696c6b2f3138b12108a5fc017fd5f84eef1b0e6e105c64c0200ca673657fa1a2d3edd30b66000000002c3adb7b","height":533,"job_id":"536","seed_hash":"3dbdba2aca8842cd3e02c7d8c72078f77ff132cc3c84a7f8b87891d0cc106141","target":"78471af6a9bc0800"}}
1791519273008 0c3be847 < {"id":735,"jsonrpc":"2.0","method":"submit","params":{"id":"0c3be847","job_id":"536","nonce":"4f830000","result":"e1589635fd8286f81c3b849a681cd0fc93135da00b11cd7d26f0bbbd9bdd0500","algo":"rx/blacksilk"}}
1791519274070 0c3be847 > {"error":null,"id":735,"jsonrpc":"2.0","result":{"status":"OK"}}
1791519274089 0c3be847 > {"jsonrpc":"2.0","method":"job","params":{"algo":"rx/blacksilk","blob":"4253696c6b2f3186fbbbe8895b7debde2552486b2866f8f0ac746dfa2c1ef1ee3d8dcd2b221c9800000000b49749a3","height":534,"job_id":"537","seed_hash":"3dbdba2aca8842cd3e02c7d8c72078f77ff132cc3c84a7f8b87891d0cc106141","target":"5c7282b28b940800"}}
1791519278684 0c3be847 < {"id":736,"jsonrpc":"2.0","method":"submit","params":{"id":"0c3be847","job_id":"537","nonce":"76850100","result":"0a732d5e90e14914d7060014db53738e5189f9862921c0060cf16cfee0600300","algo":"rx/blacksilk"}}
1791519279707 0c3be847 > {"error":null,"id":736,"jsonrpc":"2.0","result":{"status":"OK"}}
1791519279730 0c3be847 > {"jsonrpc":"2.0","method":"job","params":{"algo":"rx/blacksilk","blob":"4253696c6b2f318e96e3cba8ff372c4c05e16da234ab07721e248e4cf8dc2ee075a978b01d434900000000d8e95bb9","height":535,"job_id":"538","seed_hash":"3dbdba2aca8842cd3e02c7d8c72078f77ff132cc3c84a7f8b87891d0cc106141","target":"6e132fd2a67c0800"}}
1791519283188 0c3be847 < {"id":737,"jsonrpc":"2.0","method":"submit","params":{"id":"0c3be847","job_id":"538","nonce":"11840100","result":"3e9bb643b9d8a6271149eadf35eda6b02df5b897c57e15be6ebb1a3987ea0500","algo":"rx/blacksilk"}}
1791519284217 0c3be847 > {"error":null,"id":737,"jsonrpc":"2.0","result":{"status":"OK"}}
1791519284239 0c3be847 > {"jsonrpc":"2.0","method":"job","params":{"algo":"rx/blacksilk","blob":"4253696c6b2f31643b652e1f3d175d1cf9b8ae02928b7fc3f5660c9a2db629022a186b384da5e000000000cc525581","height":536,"job_id":"539","seed_hash":"3dbdba2aca8842cd3e02c7d8c72078f77ff132cc3c84a7f8b87891d0cc106141","target":"ab80f003b1550800"}}
1791519327075 0c3be847 < {"id":738,"jsonrpc":"2.0","method":"submit","params":{"id":"0c3be847","job_id":"539","nonce":"3fb20000","result":"83d20117a77dd5d79899dab2f61a46a2d68d31c826411ce2441f264036390400","algo":"rx/blacksilk"}}
1791519328194 0c3be847 > {"error":null,"id":738,"jsonrpc":"2.0","result":{"status":"OK"}}
1791519328194 0c3be847 > {"jsonrpc":"2.0","method":"job","params":{"algo":"rx/blacksilk","blob":"4253696c6b2f318131973427730271dbdbfb32caa54d36fe403171a360eb37987e5df81131b9520000000033c0c7dd","height":537,"job_id":"540","seed_hash":"3dbdba2aca8842cd3e02c7d8c72078f77ff132cc3c84a7f8b87891d0cc106141","target":"9e0293b5ff440800"}}
1791519330159 0c3be847 < {"id":739,"jsonrpc":"2.0","method":"submit","params":{"id":"0c3be847","job_id":"540","nonce":"42020100","result":"ee17958e4dfe36f7c4d16c633608f35db92ebdb0f3a7356e133534220ff60700","algo":"rx/blacksilk"}}
1791519331208 0c3be847 > {"error":null,"id":739,"jsonrpc":"2.0","result":{"status":"OK"}}
1791519331225 0c3be847 > {"jsonrpc":"2.0","method":"job","params":{"algo":"rx/blacksilk","blob":"4253696c6b2f31ffc343da1a362a50bd22f1058b2ce4ae65f4ef197a07c2510f343160374a50c6000000005893333d","height":538,"job_id":"541","seed_hash":"3dbdba2aca8842cd3e02c7d8c72078f77ff132cc3c84a7f8b87891d0cc106141","target":"79c5e7207b690900"}}
1791519345984 0c3be847 < {"id":740,"jsonrpc":"2.0","method":"submit","params":{"id":"0c3be847","job_id":"541","nonce":"77910100","result":"2b7b3828ada1da9aba1aff2b659de543cc1019fef68268d1c76cd7a1097e0100","algo":"rx/blacksilk"}}
1791519347010 0c3be847 > {"error":null,"id":740,"jsonrpc":"2.0","result":{"status":"OK"}}
1791519347036 0c3be847 > {"jsonrpc":"2.0","method":"job","params":{"algo":"rx/blacksilk","blob":"4253696c6b2f31ba4c5fb56981f8d4cc102e3562c5576e4c6092189fc27248796fbe7fc2ed0c1a0000000028b1bf87","height":539,"job_id":"542","seed_hash":"3dbdba2aca8842cd3e02c7d8c72078f77ff132cc3c84a7f8b87891d0cc106141","target":"65b6d32054410900"}}
1791519347577 0c3be847 < {"id":741,"jsonrpc":"2.0","method":"submit","params":{"id":"0c3be847","job_id":"542","nonce":"a0000100","result":"fda0f4067e0b5cbd0a0befc22bb7aee2f069778db549ee4c69789644b60e0100","algo":"rx/blacksilk"}}
1791519348642 0c3be847 > {"error":null,"id":741,"jsonrpc":"2.0","result":{"status":"OK"}}
1791519348672 0c3be847 > {"jsonrpc":"2.0","method":"job","params":{"algo":"rx/blacksilk","blob":"4253696c6b2f317de7a5355a9194593c06f87591529fd749ade708c486c35d6622fc649846495800000000c6a6239f","height":540,"job_id":"543","seed_hash":"3dbdba2aca8842cd3e02c7d8c72078f77ff132cc3c84a7f8b87891d0cc106141","target":"ccedb3b7cd780900"}}
1791519351632 0c3be847 < {"id":742,"jsonrpc":"2.0","method":"submit","params":{"id":"0c3be847","job_id":"543","nonce":"6e830100","result":"96598556ba685841d75a2ad55190223b2d7b03d2809777c549ac48e91a370500","algo":"rx/blacksilk"}}
1791519352714 0c3be847 > {"error":null,"id":742,"jsonrpc":"2.0","result":{"status":"OK"}}
1791519352715 0c3be847 > {"jsonrpc":"2.0","method":"job","params":{"algo":"rx/blacksilk","blob":"4253696c6b2f31f7003f9972a4a4369c370cc81f2f5328ae1039e0a973ba7beffb4a08fa45c57a000000009b735fb5","height":541,"job_id":"544","seed_hash":"3dbdba2aca8842cd3e02c7d8c72078f77ff132cc3c84a7f8b87891d0cc106141","target":"d3510d911d5e0900"}}
1791519356470 0c3be847 < {"id":743,"jsonrpc":"2.0","method":"submit","params":{"id":"0c3be847","job_id":"544","nonce":"63040100","result":"f8f7f1ab515acbbdef1b3f4551983e06025a25845ff0ed16fb2a641538c50100","algo":"rx/blacksilk"}}
1791519357560 0c3be847 > {"error":null,"id":743,"jsonrpc":"2.0","result":{"status":"OK"}}
1791519357560 0c3be847 > {"jsonrpc":"2.0","method":"job","params":{"algo":"rx/blacksilk","blob":"4253696c6b2f311b8955b6b66fb0c412c3372cc41d6f0deda89d4ac0e0343ea846db7e2ec96ba200000000e98a9538","height":542,"job_id":"545","seed_hash":"3dbdba2aca8842cd3e02c7d8c72078f77ff132cc3c84a7f8b87891d0cc106141","target":"2b0aed8356430900"}}
1791519359337 0c3be847 < {"id":744,"jsonrpc":"2.0","method":"submit","params":{"id":"0c3be847","job_id":"545","nonce":"13820100","result":"99842500a6542bf4068339b82a5ed343e3e9c6d5646f445810d76c85dd9a0700","algo":"rx/blacksilk"}}
1791519360413 0c3be847 > {"error":null,"id":744,"jsonrpc":"2.0","result":{"status":"OK"}}
1791519360414 0c3be847 > {"jsonrpc":"2.0","method":"job","params":{"algo":"rx/blacksilk","blob":"4253696c6b2f31e6ab76728d66e264e3a04825117e514e755fa87a04e31add58701cdc1177f9c40000000086c02102","height":543,"job_id":"546","seed_hash":"3dbdba2aca8842cd3e02c7d8c72078f77ff132cc3c84a7f8b87891d0cc106141","target":"b7b8cac06f1c0900"}}
1791519366820 0c3be847 < {"id":745,"jsonrpc":"2.0","method":"submit","params":{"id":"0c3be847","job_id":"546","nonce":"0f070000","result":"4db1bfa23dcdbd046cf9817d69a91cd70895890afc53ce833eea06ff6c450700","algo":"rx/blacksilk"}}
1791519367888 0c3be847 > {"error":null,"id":745,"jsonrpc":"2.0","result":{"status":"OK"}}
