unix,free_mb,name,pid,ws_mb,private_mb,cpu_s,suspended
1790635745,3960,miner-full,12104,2342,2342,12.2,False
1790635756,3946,miner-full,12104,2342,2342,49.6,False
1790635768,4087,miner-full,12104,2342,2342,88.7,False
1790635779,4150,miner-full,12104,2342,2342,128.4,False
1790635790,3969,miner-full,12104,2342,2342,167.9,False
1790635801,3740,miner-full,12104,2342,2342,208.1,False
1790635812,4104,miner-full,12104,2342,2342,247.5,False
1790635823,4301,miner-full,12104,2342,2342,287.6,False
1790635835,4630,miner-full,12104,2342,2342,323.5,False
1790635845,4653,miner-full,12104,2342,2342,363.4,False
1790635856,4639,miner-full,12104,2342,2342,404.2,False
1790635866,5052,miner-full,12104,2342,2342,446.2,False
1790635877,4833,miner-full,12104,2342,2342,485.9,False
1790635888,4796,miner-full,12104,2342,2342,525.7,False
1790635898,4526,miner-full,12104,2342,2342,564.8,False
1790635909,4275,miner-full,12104,2342,2342,606.9,False
1790635920,3962,miner-full,12104,2342,2342,647.7,False
1790635931,4102,miner-full,12104,2342,2342,683.2,False
1790635942,3640,miner-full,12104,2342,2342,720.2,False
1790635953,3675,miner-full,12104,2342,2342,761.1,False
1790635964,3978,miner-full,12104,2342,2342,804.3,False
1790635975,3573,miner-full,12104,2342,2342,847.1,False
1790635986,3900,miner-full,12104,2342,2342,890.8,False
1790635998,3477,miner-full,12104,2342,2342,931.9,False
1790636008,3479,miner-full,12104,2342,2342,973.1,False
1790636019,3006,miner-full,12104,2342,2342,1013.8,False
1790636030,3058,miner-full,12104,2342,2342,1055.6,False
1790636041,3037,miner-full,12104,2342,2342,1079.8,False
1790636051,4772,miner-full,12104,2086,2086,1086.5,False
1790636062,4440,miner-full,12104,2086,2086,1088.4,False
1790636073,5023,miner-full,12104,2086,2086,1090.6,False
1790636084,4686,miner-full,12104,2086,2086,1092.7,False
1790636094,4839,miner-full,12104,2086,2086,1094.7,False
1790636105,4501,miner-full,12104,2086,2086,1096.7,False
1790636115,4964,miner-full,12104,2086,2086,1099.3,False
1790636126,4443,miner-full,12104,2086,2086,1102.5,False
1790636137,4048,miner-full,12104,2086,2086,1105.5,False
1790636147,3119,miner-full,12104,2086,2086,1109.3,False
1790636158,3318,miner-full,12104,2087,2087,1113.5,False
1790636168,5114,miner-full,12104,2087,2087,1118,False
1790636179,5074,miner-full,12104,2091,2091,1121.1,False
1790636190,4140,miner-full,12104,2091,2091,1124.5,False
1790636201,3937,miner-full,12104,2087,2087,1129.4,False
1790636212,3908,miner-full,12104,2091,2091,1135.8,False
1790636223,3051,miner-full,12104,2087,2087,1142.3,False
1790636234,4680,miner-full,12104,2091,2091,1149.9,False
1790636244,4995,miner-full,12104,2087,2087,1160.6,False
1790636254,4913,miner-full,12104,2091,2091,1171.9,False
1790636265,4962,miner-full,12104,2087,2087,1180.3,False
1790636275,5307,miner-full,12104,2091,2091,1192.2,False
1790636286,5108,miner-full,12104,2091,2091,1200.7,False
1790636297,4950,miner-full,12104,2091,2091,1211.2,False
1790636307,4936,miner-full,12104,2087,2087,1224,False
1790636317,4932,miner-full,12104,2087,2087,1235,False
1790636327,4807,miner-full,12104,2091,2091,1249.2,False
1790636338,5874,miner-full,12104,2087,2087,1263.1,False
1790636348,5773,miner-full,12104,2091,2091,1277.9,False
1790636358,5613,miner-full,12104,2087,2087,1294.4,False
1790636369,6133,miner-full,12104,2091,2091,1312.2,False
1790636379,5915,miner-full,12104,2091,2091,1326.3,False
1790636390,5854,miner-full,12104,2091,2091,1342,False
1790636400,5840,miner-full,12104,2091,2091,1357.7,False
1790636411,5718,miner-full,12104,2091,2091,1374.5,False
1790636421,5460,miner-full,12104,2091,2091,1388.6,False
1790636431,5410,miner-full,12104,2087,2087,1403.6,False
1790636442,5386,miner-full,12104,2091,2091,1419.1,False
1790636453,5277,miner-full,12104,2091,2091,1439.5,False
1790636463,5657,miner-full,12104,2091,2091,1457.3,False
1790636473,5602,miner-full,12104,2091,2091,1476.2,False
1790636484,5847,miner-full,12104,2091,2091,1495.5,False
1790636495,5341,miner-full,12104,2091,2091,1512,False
1790636505,5152,miner-full,12104,2087,2087,1527.7,False
1790636515,5006,miner-full,12104,2091,2091,1546.2,False
1790636526,5144,miner-full,12104,2091,2091,1564,False
1790636537,5160,miner-full,12104,2091,2091,1581.9,False
1790636547,5035,miner-full,12104,2087,2087,1597.6,False
1790636557,5367,miner-full,12104,2091,2091,1614.4,False
1790636568,5218,miner-full,12104,2091,2091,1633.4,False
1790636578,5253,miner-full,12104,2087,2087,1652,False
1790636588,5201,miner-full,12104,2091,2091,1671.7,False
1790636599,5322,miner-full,12104,2091,2091,1687.3,False
1790636609,5216,miner-full,12104,2087,2087,1700.5,False
1790636619,5253,miner-full,12104,2091,2091,1717.4,False
1790636630,5204,miner-full,12104,2091,2091,1734.3,False
1790636640,5316,miner-full,12104,2091,2091,1749.6,False
1790636651,5038,miner-full,12104,2091,2091,1763.8,False
1790636663,4462,miner-full,12104,2091,2091,1778.2,False
1790636674,3511,miner-full,12104,2091,2091,1792.2,False
1790636685,4244,miner-full,12104,2091,2091,1805,False
1790636696,5439,miner-full,12104,2091,2091,1820.9,False
1790636707,4452,miner-full,12104,2091,2091,1835.7,False
1790636719,4595,miner-full,12104,2091,2091,1849.7,False
1790636730,4928,miner-full,12104,2091,2091,1865.6,False
1790636741,3893,miner-full,12104,2091,2091,1877.5,False
1790636752,4502,miner-full,12104,2091,2091,1891.5,False
1790636764,4117,miner-full,12104,2091,2091,1901.7,False
1790636775,4624,miner-full,12104,2091,2091,1913.8,False
1790636786,3668,miner-full,12104,2091,2091,1927.5,False
1790636797,4209,miner-full,12104,2087,2087,1939.5,False
1790636808,4644,miner-full,12104,2091,2091,1951.7,False
1790636819,3859,miner-full,12104,2087,2087,1965.9,False
1790636831,3519,miner-full,12104,2091,2091,1977.8,False
1790636843,3051,miner-full,12104,2091,2091,1993.4,False
1790636855,4071,miner-full,12104,2091,2091,2007.8,False
1790636865,4713,miner-full,12104,2091,2091,2022.5,False
1790636877,4288,miner-full,12104,2091,2091,2036,False
1790636887,4983,miner-full,12104,2091,2091,2048.5,False
1790636898,4220,miner-full,12104,2087,2087,2062.8,False
1790636910,3765,miner-full,12104,2091,2091,2074.8,False
1790636920,5173,miner-full,12104,2087,2087,2087.6,False
1790636932,4548,miner-full,12104,2091,2091,2099.7,False
1790636943,5433,miner-full,12104,2087,2087,2116,False
1790636953,5316,miner-full,12104,2087,2087,2131,False
1790636963,5197,miner-full,12104,2087,2087,2150.3,False
1790636974,5366,miner-full,12104,2091,2091,2166.4,False
1790636984,5261,miner-full,12104,2091,2091,2187,False
1790636995,4757,miner-full,12104,2091,2091,2204.8,False
1790637006,4317,miner-full,12104,2091,2091,2219.3,False
1790637017,5252,miner-full,12104,2087,2087,2235.3,False
1790637027,5263,miner-full,12104,2091,2091,2254.6,False
1790637038,5390,miner-full,12104,2091,2091,2273.8,False
1790637049,5189,miner-full,12104,2091,2091,2291.5,False
1790637059,5176,miner-full,12104,2091,2091,2310.1,False
1790637070,5101,miner-full,12104,2091,2091,2331.2,False
1790637081,5376,miner-full,12104,2091,2091,2348.9,False
1790637091,5316,miner-full,12104,2091,2091,2367.1,False
1790637102,5224,miner-full,12104,2091,2091,2387.1,False
1790637113,5312,miner-full,12104,2091,2091,2407.7,False
1790637123,4392,miner-full,12104,2091,2091,2422.7,False
1790637135,3840,miner-full,12104,2091,2091,2435.8,False
1790637147,3440,miner-full,12104,2091,2091,2446.4,False
1790637157,3280,miner-full,12104,2091,2091,2457.3,False
1790637168,3994,miner-full,12104,2091,2091,2469.4,False
1790637178,4290,miner-full,12104,2091,2091,2484.4,False
1790637190,4144,miner-full,12104,2091,2091,2496.9,False
1790637201,3761,miner-full,12104,2091,2091,2509.2,False
1790637212,3605,miner-full,12104,2091,2091,2524.7,False
1790637224,4114,miner-full,12104,2091,2091,2538.8,False
1790637234,4582,miner-full,12104,2087,2087,2548.4,False
1790637245,4073,miner-full,12104,2091,2091,2560.8,False
1790637257,3635,miner-full,12104,2091,2091,2571.7,False
1790637268,3239,miner-full,12104,2091,2091,2588.5,False
1790637280,4064,miner-full,12104,2091,2091,2602.1,False
1790637292,3612,miner-full,12104,2091,2091,2615.1,False
1790637303,3588,miner-full,12104,2091,2091,2625.8,False
1790637314,3918,miner-full,12104,2091,2091,2638.7,False
1790637325,4523,miner-full,12104,2091,2091,2651.5,False
1790637335,4181,miner-full,12104,2091,2091,2664.1,False
1790637346,4977,miner-full,12104,2091,2091,2676.9,False
1790637357,4151,miner-full,12104,2091,2091,2689.5,False
1790637368,3876,miner-full,12104,2091,2091,2701,False
1790637379,3048,miner-full,12104,2091,2091,2712.5,False
1790637391,2875,miner-full,12104,2091,2091,2724.7,False
1790637403,2077,miner-full,12104,2091,2091,2742,False
1790637415,2401,miner-full,12104,2091,2091,2752.7,False
1790637426,2946,miner-full,12104,2087,2087,2763.4,False
1790637437,2521,miner-full,12104,2091,2091,2777.2,False
1790637447,2481,miner-full,12104,2091,2091,2790.1,False
1790637458,3472,miner-full,12104,2087,2087,2803.9,False
1790637468,5139,miner-full,12104,2091,2091,2817.6,False
1790637480,4601,miner-full,12104,2091,2091,2829.7,False
1790637491,3810,miner-full,12104,2091,2091,2842.2,False
1790637503,3505,miner-full,12104,2091,2091,2855.3,False
1790637515,3295,miner-full,12104,2091,2091,2868.4,False
1790637526,3797,miner-full,12104,2089,2089,2882.8,False
1790637537,4593,miner-full,12104,2091,2091,2898.3,False
1790637549,5525,miner-full,12104,2091,2091,2911.9,False
1790637559,5671,miner-full,12104,2091,2091,2929.6,False
1790637570,5566,miner-full,12104,2091,2091,2947.1,False
1790637581,6007,miner-full,12104,2091,2091,2966.5,False
1790637591,5622,miner-full,12104,2091,2091,2985.7,False
1790637601,5537,miner-full,12104,2091,2091,3003.6,False
1790637612,5555,miner-full,12104,2091,2091,3025.1,False
1790637623,5460,miner-full,12104,2091,2091,3045.7,False
1790637633,5517,miner-full,12104,2091,2091,3066.2,False
1790637643,5457,miner-full,12104,2091,2091,3083.9,False
1790637654,5416,miner-full,12104,2091,2091,3104,False
1790637664,5502,miner-full,12104,2091,2091,3123.5,False
1790637674,5986,miner-full,12104,2091,2091,3142.7,False
1790637685,5314,miner-full,12104,2091,2091,3161.8,False
1790637695,5256,miner-full,12104,2091,2091,3182.3,False
1790637706,5236,miner-full,12104,2091,2091,3201.4,False
1790637716,5262,miner-full,12104,2091,2091,3219.3,False
1790637726,5224,miner-full,12104,2091,2091,3238.5,False
1790637737,5135,miner-full,12104,2091,2091,3257.5,False
1790637747,5062,miner-full,12104,2091,2091,3277.9,False
1790637758,5360,miner-full,12104,2091,2091,3297.1,False
1790637769,5118,miner-full,12104,2091,2091,3316.3,False
1790637779,5103,miner-full,12104,2091,2091,3335.7,False
1790637789,4928,miner-full,12104,2091,2091,3354.8,False
1790637800,4730,miner-full,12104,2091,2091,3375.5,False
1790637810,4632,miner-full,12104,2091,2091,3394.3,False
1790637821,4528,miner-full,12104,2089,2089,3413.5,False
1790637831,4784,miner-full,12104,2091,2091,3431,False
1790637842,4773,miner-full,12104,2091,2091,3450.3,False
1790637852,4785,miner-full,12104,2091,2091,3470.8,False
1790637862,4688,miner-full,12104,2091,2091,3491.1,False
1790637873,4684,miner-full,12104,2091,2091,3508.5,False
1790637883,4567,miner-full,12104,2091,2091,3527.7,False
1790637894,4654,miner-full,12104,2091,2091,3548.1,False
1790637904,5019,miner-full,12104,2091,2091,3567.3,False
1790637914,4890,miner-full,12104,2091,2091,3584.9,False
1790637925,4970,miner-full,12104,2091,2091,3605.2,False
1790637935,4853,miner-full,12104,2091,2091,3624.5,False
1790637945,4657,miner-full,12104,2091,2091,3644.9,False
1790637955,5272,miner-full,12104,2091,2091,3660.9,False
1790637966,4961,miner-full,12104,2091,2091,3679.7,False
1790637976,4972,miner-full,12104,2091,2091,3697.4,False
1790637987,4952,miner-full,12104,2091,2091,3713.8,False
1790637997,4942,miner-full,12104,2091,2091,3732,False
1790638007,4851,miner-full,12104,2091,2091,3751.2,False
1790638018,5156,miner-full,12104,2091,2091,3770.2,False
1790638028,4919,miner-full,12104,2091,2091,3786.6,False
1790638038,4780,miner-full,12104,2091,2091,3803.1,False
1790638049,5127,miner-full,12104,2091,2091,3823.5,False
1790638059,5056,miner-full,12104,2091,2091,3839.8,False
1790638069,5273,miner-full,12104,2091,2091,3857.4,False
1790638079,5187,miner-full,12104,2091,2091,3877.8,False
1790638090,5264,miner-full,12104,2091,2091,3895.8,False
1790638100,5200,miner-full,12104,2091,2091,3916.2,False
1790638110,5779,miner-full,12104,2091,2091,3935.4,False
1790638121,5078,miner-full,12104,2091,2091,3953.5,False
1790638131,5088,miner-full,12104,2091,2091,3972.5,False
1790638141,5146,miner-full,12104,2091,2091,3991.7,False
1790638152,5290,miner-full,12104,2091,2091,4010.7,False
1790638162,5138,miner-full,12104,2091,2091,4030.1,False
1790638172,5247,miner-full,12104,2091,2091,4048.1,False
1790638183,5458,miner-full,12104,2091,2091,4068.5,False
1790638193,5229,miner-full,12104,2091,2091,4088.8,False
1790638203,5198,miner-full,12104,2091,2091,4105.8,False
1790638214,4803,miner-full,12104,2087,2087,4122.8,False
1790638224,4602,miner-full,12104,2091,2091,4138.1,False
1790638235,4361,miner-full,12104,2091,2091,4154.9,False
1790638245,4182,miner-full,12104,2091,2091,4173.6,False
1790638256,4142,miner-full,12104,2091,2091,4192.1,False
1790638267,3583,miner-full,12104,2091,2091,4205.7,False
1790638278,4710,miner-full,12104,2091,2091,4217.9,False
1790638289,4908,miner-full,12104,2091,2091,4237.7,False
1790638299,3693,miner-full,12104,2091,2091,4254.5,False
1790638310,3499,miner-full,12104,2091,2091,4272.6,False
1790638321,3395,miner-full,12104,2091,2091,4290.3,False
1790638332,3561,miner-full,12104,2091,2091,4310.3,False
1790638343,3516,miner-full,12104,2091,2091,4329.8,False
1790638354,3369,miner-full,12104,2091,2091,4347.9,False
1790638365,3772,miner-full,12104,2091,2091,4366.6,False
1790638376,3920,miner-full,12104,2091,2091,4386.5,False
1790638386,3824,miner-full,12104,2087,2087,4402.7,False
1790638397,3745,miner-full,12104,2091,2091,4422.6,False
1790638407,3544,miner-full,12104,2091,2091,4443.2,False
1790638418,3598,miner-full,12104,2091,2091,4460,False
1790638428,3575,miner-full,12104,2091,2091,4480.2,False
1790638439,4664,miner-full,12104,2091,2091,4498.9,False
1790638449,4613,miner-full,12104,2091,2091,4514.7,False
1790638459,4548,miner-full,12104,2091,2091,4532.5,False
1790638470,4941,miner-full,12104,2091,2091,4552.7,False
1790638480,4208,miner-full,12104,2091,2091,4574.2,False
1790638491,4080,miner-full,12104,2091,2091,4593.5,False
1790638502,4616,miner-full,12104,2091,2091,4610.5,False
1790638512,4639,miner-full,12104,2091,2091,4630.7,False
1790638522,4642,miner-full,12104,2091,2091,4651,False
1790638533,4608,miner-full,12104,2091,2091,4669,False
1790638543,4740,miner-full,12104,2091,2091,4687.1,False
1790638553,4711,miner-full,12104,2091,2091,4707.5,False
1790638564,4725,miner-full,12104,2087,2087,4727.2,False
1790638574,4654,miner-full,12104,2087,2087,4743.9,False
1790638584,4440,miner-full,12104,2091,2091,4760.8,False
1790638595,4409,miner-full,12104,2091,2091,4778.3,False
1790638605,4897,miner-full,12104,2091,2091,4795.6,False
1790638615,5046,miner-full,12104,2091,2091,4813.6,False
1790638626,5025,miner-full,12104,2091,2091,4831.9,False
1790638636,5023,miner-full,12104,2091,2091,4849,False
1790638647,5072,miner-full,12104,2091,2091,4868,False
1790638657,4376,miner-full,12104,2091,2091,4886.4,False
1790638668,3952,miner-full,12104,2091,2091,4905,False
1790638680,4174,miner-full,12104,2091,2091,4922.4,False
1790638691,4237,miner-full,12104,2091,2091,4942.4,False
1790638701,4597,miner-full,12104,2091,2091,4962.5,False
1790638711,4571,miner-full,12104,2091,2091,4979.9,False
1790638722,4456,miner-full,12104,2087,2087,4998.5,False
1790638732,4807,miner-full,12104,2091,2091,5017.3,False
1790638742,4949,miner-full,12104,2091,2091,5037.6,False
1790638752,4949,miner-full,12104,2091,2091,5056.7,False
1790638763,4681,miner-full,12104,2091,2091,5075.8,False
1790638773,4728,miner-full,12104,2091,2091,5094.7,False
1790638783,5165,miner-full,12104,2091,2091,5114.7,False
1790638794,4985,miner-full,12104,2091,2091,5135.5,False
1790638804,5077,miner-full,12104,2087,2087,5153.1,False
1790638815,4962,miner-full,12104,2091,2091,5168.9,False
1790638825,5494,miner-full,12104,2091,2091,5187.4,False
1790638835,5322,miner-full,12104,2091,2091,5206.4,False
1790638846,5011,miner-full,12104,2091,2091,5225.1,False
1790638856,4594,miner-full,12104,2087,2087,5244,False
1790638866,4551,miner-full,12104,2091,2091,5263.5,False
1790638877,4230,miner-full,12104,2091,2091,5281.1,False
1790638888,3871,miner-full,12104,2091,2091,5298,False
1790638899,3614,miner-full,12104,2091,2091,5313.5,False
1790638910,3446,miner-full,12104,2091,2091,5330,False
1790638921,4165,miner-full,12104,2091,2091,5349.2,False
1790638931,4257,miner-full,12104,2091,2091,5364.4,False
1790638942,4252,miner-full,12104,2091,2091,5383.6,False
1790638953,4633,miner-full,12104,2091,2091,5402.3,False
1790638963,4660,miner-full,12104,2091,2091,5421,False
1790638973,4615,miner-full,12104,2091,2091,5441.2,False
1790638984,5016,miner-full,12104,2091,2091,5461.5,False
1790638994,4870,miner-full,12104,2091,2091,5481.8,False
1790639004,4913,miner-full,12104,2091,2091,5502.1,False
1790639015,5478,miner-full,12104,2091,2091,5519.3,False
1790639025,5483,miner-full,12104,2091,2091,5537.4,False
1790639035,5561,miner-full,12104,2091,2091,5557.5,False
1790639046,5539,miner-full,12104,2091,2091,5576.9,False
1790639056,5426,miner-full,12104,2091,2091,5595.9,False
1790639066,5602,miner-full,12104,2091,2091,5615.1,False
1790639076,5633,miner-full,12104,2091,2091,5633.4,False
1790639087,5640,miner-full,12104,2091,2091,5653.8,False
1790639097,5633,miner-full,12104,2091,2091,5673,False
1790639107,5407,miner-full,12104,2091,2091,5692,False
1790639117,5380,miner-full,12104,2091,2092,5712.4,False
1790639128,5216,miner-full,12104,2091,2092,5732.9,False
1790639138,5191,miner-full,12104,2091,2092,5749.8,False
1790639148,5104,miner-full,12104,2091,2092,5769.1,False
1790639158,5602,miner-full,12104,2091,2092,5788.5,False
1790639169,5383,miner-full,12104,2091,2092,5807.6,False
1790639179,5369,miner-full,12104,2091,2092,5828.1,False
1790639189,5008,miner-full,12104,2091,2092,5847.3,False
1790639200,4766,miner-full,12104,2091,2092,5866.5,False
1790639210,4779,miner-full,12104,2091,2092,5886.9,False
1790639220,4845,miner-full,12104,2091,2092,5906.3,False
1790639231,5464,miner-full,12104,2091,2092,5924.3,False
1790639241,5428,miner-full,12104,2091,2092,5943.4,False
1790639251,5279,miner-full,12104,2091,2092,5962.7,False
1790639261,5298,miner-full,12104,2091,2092,5982,False
1790639272,5678,miner-full,12104,2091,2092,6002.6,False
1790639282,5544,miner-full,12104,2087,2087,6019.4,False
1790639292,5515,miner-full,12104,2091,2092,6039.5,False
1790639302,5471,miner-full,12104,2091,2092,6060,False
1790639313,5412,miner-full,12104,2091,2092,6079.7,False
1790639324,5391,miner-full,12104,2091,2092,6100.2,False
1790639334,5500,miner-full,12104,2091,2092,6120.6,False
1790639345,5431,miner-full,12104,2091,2092,6141.1,False
1790639355,5439,miner-full,12104,2091,2092,6161.6,False
1790639365,5620,miner-full,12104,2091,2092,6180.2,False
1790639376,5465,miner-full,12104,2091,2092,6199.4,False
1790639386,5398,miner-full,12104,2091,2092,6215.7,False
1790639397,5423,miner-full,12104,2091,2092,6235.1,False
1790639407,5430,miner-full,12104,2091,2092,6254.4,False
1790639417,5390,miner-full,12104,2091,2091,6271.6,False
1790639428,5254,miner-full,12104,2091,2091,6292.1,False
1790639438,5440,miner-full,12104,2091,2092,6312,False
1790639449,5121,miner-full,12104,2091,2092,6332.5,False
1790639459,5160,miner-full,12104,2091,2092,6351.8,False
1790639469,5151,miner-full,12104,2091,2092,6372.2,False
1790639480,5131,miner-full,12104,2091,2092,6390,False
1790639490,5102,miner-full,12104,2091,2092,6410.6,False
1790639500,5032,miner-full,12104,2087,2087,6429.4,False
1790639511,5102,miner-full,12104,2091,2092,6448.1,False
1790639521,5394,miner-full,12104,2091,2092,6468.6,False
1790639531,6026,miner-full,12104,2091,2092,6486.7,False
1790639541,6096,miner-full,12104,2091,2092,6504.7,False
1790639552,5934,miner-full,12104,2091,2092,6523,False
1790639562,5933,miner-full,12104,2091,2092,6541.1,False
1790639572,5935,miner-full,12104,2091,2092,6560.4,False
1790639583,5913,miner-full,12104,2091,2092,6581.1,False
1790639593,5884,miner-full,12104,2091,2092,6600.4,False
1790639603,5810,miner-full,12104,2091,2092,6620.8,False
1790639614,5514,miner-full,12104,2091,2092,6641.2,False
1790639624,6754,miner-full,12104,2091,2092,6660.6,False
1790639634,6699,miner-full,12104,2091,2092,6681.1,False
1790639644,6600,miner-full,12104,2091,2092,6699.3,False
1790639655,6737,miner-full,12104,2091,2092,6718.5,False
1790639665,6726,miner-full,12104,2091,2092,6737.9,False
1790639675,6715,miner-full,12104,2091,2092,6757.2,False
1790639685,6683,miner-full,12104,2091,2092,6773.6,False
1790639696,6718,miner-full,12104,2091,2092,6791.6,False
1790639707,6616,miner-full,12104,2091,2092,6810,False
1790639717,6715,miner-full,12104,2087,2087,6829.5,False
1790639727,6714,miner-full,12104,2091,2092,6845.2,False
1790639737,6710,miner-full,12104,2091,2092,6861.2,False
1790639748,6704,miner-full,12104,2091,2092,6880.6,False
1790639758,6708,miner-full,12104,2091,2092,6901,False
1790639768,6714,miner-full,12104,2091,2092,6919.2,False
1790639778,6708,miner-full,12104,2091,2092,6938.3,False
1790639789,6700,miner-full,12104,2091,2092,6957.8,False
1790639799,6695,miner-full,12104,2091,2092,6977.2,False
1790639809,6673,miner-full,12104,2091,2092,6997.6,False
1790639819,6675,miner-full,12104,2091,2092,7017,False
1790639830,6714,miner-full,12104,2091,2092,7037.4,False
1790639840,6602,miner-full,12104,2091,2092,7056.8,False
1790639850,6695,miner-full,12104,2091,2092,7075,False
1790639860,6681,miner-full,12104,2091,2092,7094.3,False
1790639871,6651,miner-full,12104,2091,2092,7111.6,False
1790639881,6631,miner-full,12104,2091,2092,7128.7,False
1790639891,6672,miner-full,12104,2091,2092,7146.2,False
1790639902,6576,miner-full,12104,2091,2092,7165.5,False
1790639912,6665,miner-full,12104,2091,2092,7184.9,False
1790639922,6708,miner-full,12104,2091,2092,7204.1,False
1790639932,6601,miner-full,12104,2091,2092,7224.5,False
1790639943,6666,miner-full,12104,2091,2092,7244.9,False
1790639953,6664,miner-full,12104,2091,2092,7265.3,False
1790639963,6646,miner-full,12104,2091,2092,7284.6,False
1790639973,6657,miner-full,12104,2091,2092,7305,False
1790639983,6623,miner-full,12104,2091,2092,7325.4,False
1790639994,6649,miner-full,12104,2091,2092,7345.8,False
1790640004,6643,miner-full,12104,2091,2092,7366.3,False
1790640014,6668,miner-full,12104,2091,2092,7383.1,False
1790640024,6672,miner-full,12104,2091,2092,7403.6,False
1790640035,6577,miner-full,12104,2091,2092,7423.9,False
1790640045,6656,miner-full,12104,2091,2092,7443.3,False
1790640055,6604,miner-full,12104,2087,2087,7459.2,False
1790640066,6604,miner-full,12104,2091,2092,7478.2,False
1790640076,6553,miner-full,12104,2087,2087,7496.2,False
1790640086,6360,miner-full,12104,2091,2092,7515.7,False
1790640096,6206,miner-full,12104,2091,2092,7536.3,False
1790640107,6299,miner-full,12104,2091,2092,7556.8,False
1790640117,6305,miner-full,12104,2091,2092,7576,False
1790640127,6538,miner-full,12104,2091,2092,7595.2,False
1790640137,6539,miner-full,12104,2091,2092,7614.5,False
1790640148,6538,miner-full,12104,2091,2092,7634,False
1790640158,6547,miner-full,12104,2091,2092,7653.2,False
1790640168,6548,miner-full,12104,2091,2092,7672.7,False
1790640178,6540,miner-full,12104,2091,2092,7691.9,False
1790640189,6555,miner-full,12104,2091,2092,7712.3,False
1790640199,6532,miner-full,12104,2091,2092,7731.8,False
1790640209,6556,miner-full,12104,2091,2092,7751,False
1790640219,6541,miner-full,12104,2091,2092,7770.3,False
1790640230,6414,miner-full,12104,2091,2092,7790.7,False
1790640240,6460,miner-full,12104,2091,2092,7810.8,False
1790640250,6528,miner-full,12104,2091,2092,7828.8,False
1790640260,6501,miner-full,12104,2091,2092,7848.2,False
1790640271,6511,miner-full,12104,2091,2092,7866.3,False
1790640281,6529,miner-full,12104,2091,2092,7884.4,False
1790640291,6405,miner-full,12104,2091,2092,7903.7,False
1790640301,6495,miner-full,12104,2091,2092,7921.8,False
1790640312,6514,miner-full,12104,2091,2092,7942.2,False
1790640322,6502,miner-full,12104,2091,2092,7962.6,False
1790640332,6506,miner-full,12104,2091,2092,7982,False
1790640342,6457,miner-full,12104,2091,2092,8000.5,False
1790640353,6501,miner-full,12104,2091,2092,8020.9,False
1790640363,6575,miner-full,12104,2091,2092,8041.4,False
1790640373,6613,miner-full,12104,2091,2092,8060.8,False
1790640384,6617,miner-full,12104,2091,2092,8078,False
1790640394,6608,miner-full,12104,2091,2092,8098.4,False
1790640404,6624,miner-full,12104,2091,2092,8118.7,False
1790640414,6626,miner-full,12104,2091,2092,8137.9,False
1790640425,6521,miner-full,12104,2087,2087,8157.5,False
1790640435,6655,miner-full,12104,2091,2092,8176.4,False
1790640445,6646,miner-full,12104,2091,2092,8196.8,False
1790640455,6634,miner-full,12104,2091,2092,8216.1,False
1790640465,6612,miner-full,12104,2091,2092,8235.5,False
1790640476,6642,miner-full,12104,2091,2092,8255.8,False
1790640486,6563,miner-full,12104,2091,2092,8275.1,False
1790640496,6649,miner-full,12104,2091,2092,8294.4,False
1790640506,6651,miner-full,12104,2091,2092,8314.8,False
1790640517,6637,miner-full,12104,2091,2092,8333,False
1790640527,6685,miner-full,12104,2088,2092,8350,False
1790640537,6568,miner-full,12104,2091,2092,8369.1,False
1790640547,6616,miner-full,12104,2091,2092,8388.5,False
1790640558,6560,miner-full,12104,2091,2092,8407.6,False
1790640568,6548,miner-full,12104,2091,2092,8425.8,False
1790640578,6499,miner-full,12104,2091,2092,8446.1,False
1790640588,6543,miner-full,12104,2091,2092,8465.4,False
1790640599,6532,miner-full,12104,2091,2092,8483.5,False
1790640609,6409,miner-full,12104,2091,2092,8503.9,False
1790640619,6087,miner-full,12104,2091,2092,8522.3,False
1790640629,6542,miner-full,12104,2091,2092,8541.6,False
1790640640,6574,miner-full,12104,2091,2092,8561.2,False
1790640650,6521,miner-full,12104,2091,2092,8579.1,False
1790640660,6510,miner-full,12104,2091,2092,8599.5,False
1790640671,6508,miner-full,12104,2087,2087,8616.8,False
1790640681,6319,miner-full,12104,2091,2092,8636,False
1790640691,6175,miner-full,12104,2091,2092,8656.1,False
1790640701,6047,miner-full,12104,2091,2092,8676,False
1790640712,6394,miner-full,12104,2087,2087,8694.2,False
1790640722,5901,miner-full,12104,2091,2092,8712.6,False
1790640732,4890,miner-full,12104,2091,2092,8729.6,False
1790640743,4831,miner-full,12104,2091,2092,8747.4,False
1790640753,4997,miner-full,12104,2091,2092,8767.4,False
1790640764,4599,miner-full,12104,2091,2092,8785.7,False
1790640774,4361,miner-full,12104,2091,2092,8803.2,False
1790640784,4347,miner-full,12104,2091,2092,8823,False
1790640795,4614,miner-full,12104,2091,2092,8842.5,False
1790640805,4401,miner-full,12104,2091,2092,8862.6,False
1790640816,4358,miner-full,12104,2091,2092,8880.9,False
1790640826,4403,miner-full,12104,2091,2092,8900.9,False
1790640836,4398,miner-full,12104,2091,2092,8921.1,False
1790640847,4795,miner-full,12104,2087,2087,8938.3,False
1790640857,4536,miner-full,12104,2091,2092,8956.4,False
1790640867,4391,miner-full,12104,2091,2092,8977.1,False
1790640878,4513,miner-full,12104,2091,2092,8994.8,False
1790640888,4567,miner-full,12104,2091,2092,9013.6,False
1790640898,4517,miner-full,12104,2091,2092,9033.4,False
1790640909,4440,miner-full,12104,2091,2092,9051.9,False
1790640919,4261,miner-full,12104,2091,2092,9071.2,False
1790640929,4271,miner-full,12104,2091,2092,9090,False
1790640940,4232,miner-full,12104,2091,2092,9108,False
1790640950,4454,miner-full,12104,2091,2092,9125,False
1790640960,4387,miner-full,12104,2091,2092,9144.7,False
1790640971,4399,miner-full,12104,2091,2092,9161.7,False
1790640981,4434,miner-full,12104,2091,2092,9179.5,False
1790640991,3948,miner-full,12104,2091,2092,9197.5,False
1790641002,4011,miner-full,12104,2091,2092,9217.2,False
1790641012,3942,miner-full,12104,2091,2092,9233.3,False
1790641022,4075,miner-full,12104,2091,2092,9253.4,False
1790641033,4013,miner-full,12104,2091,2092,9272,False
1790641043,3920,miner-full,12104,2091,2092,9289,False
1790641053,3986,miner-full,12104,2091,2092,9307.4,False
1790641064,3965,miner-full,12104,2091,2092,9323.1,False
1790641075,3990,miner-full,12104,2091,2092,9340.5,False
1790641085,3786,miner-full,12104,2091,2092,9357.5,False
1790641096,4425,miner-full,12104,2087,2087,9376.7,False
1790641106,4297,miner-full,12104,2091,2091,9395.3,False
1790641117,4338,miner-full,12104,2091,2091,9413.2,False
1790641127,4298,miner-full,12104,2091,2091,9431.4,False
1790641137,4079,miner-full,12104,2091,2091,9451,False
1790641148,4204,miner-full,12104,2091,2091,9469,False
1790641158,4308,miner-full,12104,2091,2091,9486.8,False
1790641168,4562,miner-full,12104,2091,2091,9506.2,False
1790641179,4405,miner-full,12104,2091,2091,9525.2,False
1790641189,4385,miner-full,12104,2089,2089,9544.9,False
1790641199,4884,miner-full,12104,2091,2091,9564.2,False
1790641210,4833,miner-full,12104,2091,2091,9582.5,False
1790641220,5091,miner-full,12104,2091,2091,9600.1,False
1790641230,4898,miner-full,12104,2091,2091,9620.5,False
1790641241,4892,miner-full,12104,2091,2091,9639.6,False
1790641251,4764,miner-full,12104,2091,2092,9658.3,False
1790641262,5062,miner-full,12104,2091,2092,9674.3,False
1790641272,5034,miner-full,12104,2091,2092,9693.1,False
1790641283,5383,miner-full,12104,2091,2092,9711.8,False
1790641293,5578,miner-full,12104,2091,2092,9731.1,False
1790641303,5557,miner-full,12104,2091,2092,9751.1,False
1790641314,5488,miner-full,12104,2087,2087,9769.7,False
1790641324,5528,miner-full,12104,2091,2092,9785.5,False
1790641334,5393,miner-full,12104,2091,2092,9803.3,False
1790641345,5454,miner-full,12104,2091,2092,9822.1,False
1790641355,5469,miner-full,12104,2087,2087,9839.6,False
1790641365,5624,miner-full,12104,2091,2092,9856,False
1790641376,5359,miner-full,12104,2091,2092,9873.9,False
1790641386,5246,miner-full,12104,2091,2092,9892.6,False
1790641396,5126,miner-full,12104,2091,2092,9911.9,False
1790641407,5100,miner-full,12104,2091,2092,9930.4,False
1790641417,5048,miner-full,12104,2091,2092,9948.5,False
1790641428,5098,miner-full,12104,2091,2092,9967.2,False
1790641438,5064,miner-full,12104,2091,2092,9987.7,False
1790641448,5039,miner-full,12104,2091,2092,10007.6,False
1790641459,5382,miner-full,12104,2091,2092,10026.8,False
1790641469,5551,miner-full,12104,2091,2092,10045.7,False
1790641479,5544,miner-full,12104,2091,2092,10066,False
1790641489,5481,miner-full,12104,2091,2092,10085.9,False
1790641500,5504,miner-full,12104,2091,2092,10103.3,False
1790641510,5513,miner-full,12104,2091,2092,10123.4,False
1790641520,5581,miner-full,12104,2091,2092,10142.7,False
1790641530,5279,miner-full,12104,2091,2092,10162.9,False
1790641541,5418,miner-full,12104,2091,2092,10182,False
1790641551,5296,miner-full,12104,2091,2092,10199.9,False
1790641561,4626,miner-full,12104,2091,2092,10218.6,False
1790641572,4548,miner-full,12104,2091,2092,10237.5,False
1790641583,4572,miner-full,12104,2091,2092,10254.4,False
1790641593,4386,miner-full,12104,2091,2092,10270.2,False
1790641604,4027,miner-full,12104,2091,2092,10285.7,False
1790641615,4329,miner-full,12104,2089,2092,10299.9,False
1790641626,3804,miner-full,12104,2089,2092,10314.6,False
1790641637,4251,miner-full,12104,2089,2092,10330.6,False
1790641648,3894,miner-full,12104,2089,2092,10347.6,False
1790641659,4003,miner-full,12104,2088,2092,10361.9,False
1790641670,4385,miner-full,12104,2088,2092,10376,False
1790641681,4079,miner-full,12104,2088,2092,10391.3,False
1790641691,3995,miner-full,12104,2088,2092,10408.5,False
1790641702,4233,miner-full,12104,2088,2092,10424.5,False
1790641713,4355,miner-full,12104,2088,2092,10441.2,False
1790641724,3981,miner-full,12104,2088,2092,10457.7,False
1790641735,4158,miner-full,12104,2084,2087,10472.7,False
1790641745,3918,miner-full,12104,2088,2092,10488,False
1790641756,3912,miner-full,12104,2088,2092,10504.3,False
1790641767,3932,miner-full,12104,2084,2088,10520.4,False
1790641777,3999,miner-full,12104,2088,2092,10538.2,False
1790641788,4068,miner-full,12104,2088,2092,10555.7,False
1790641799,3809,miner-full,12104,2084,2087,10571.2,False
1790641810,3629,miner-full,12104,2088,2092,10583.8,False
1790641821,4366,miner-full,12104,2088,2092,10599.5,False
1790641832,4141,miner-full,12104,2088,2092,10615.9,False
1790641842,4065,miner-full,12104,2088,2092,10633.7,False
1790641853,4209,miner-full,12104,2088,2092,10649.8,False
1790641863,4543,miner-full,12104,2088,2092,10667.8,False
1790641874,4566,miner-full,12104,2084,2087,10683.7,False
1790641884,5094,miner-full,12104,2088,2092,10701.1,False
1790641894,4879,miner-full,12104,2088,2092,10721.4,False
1790641904,4920,miner-full,12104,2088,2092,10741.5,False
1790641915,5193,miner-full,12104,2088,2092,10760.1,False
1790641925,5039,miner-full,12104,2088,2092,10780.4,False
1790641936,5294,miner-full,12104,2088,2092,10799.2,False
1790641946,5385,miner-full,12104,2088,2092,10818,False
1790641956,5081,miner-full,12104,2088,2092,10835.5,False
1790641966,4981,miner-full,12104,2088,2092,10853.4,False
1790641977,5196,miner-full,12104,2088,2092,10872,False
1790641987,4949,miner-full,12104,2084,2087,10885.8,False
1790641997,5087,miner-full,12104,2088,2092,10903.5,False
1790642008,5010,miner-full,12104,2088,2092,10919.8,False
1790642018,4992,miner-full,12104,2088,2092,10939.7,False
1790642029,5269,miner-full,12104,2088,2092,10957.6,False
1790642039,5153,miner-full,12104,2088,2092,10976.3,False
1790642049,5232,miner-full,12104,2088,2092,10993.3,False
1790642059,5040,miner-full,12104,2088,2092,11013.6,False
1790642070,5247,miner-full,12104,2088,2092,11029.7,False
1790642080,5044,miner-full,12104,2088,2092,11050.1,False
1790642090,5101,miner-full,12104,2088,2092,11068.9,False
1790642101,5070,miner-full,12104,2088,2092,11085.9,False
1790642111,5012,miner-full,12104,2084,2087,11104.8,False
1790642121,4870,miner-full,12104,2084,2087,11121.7,False
1790642132,4681,miner-full,12104,2084,2087,11140.6,False
1790642142,4279,miner-full,12104,2084,2087,11158.2,False
1790642152,4790,miner-full,12104,2088,2092,11173,False
1790642163,5224,miner-full,12104,2088,2092,11193.1,False
1790642173,5287,miner-full,12104,2088,2092,11208.5,False
1790642183,5433,miner-full,12104,2088,2092,11226.3,False
1790642193,5703,miner-full,12104,2088,2092,11245.1,False
1790642204,5705,miner-full,12104,2088,2092,11262.6,False
1790642214,5707,miner-full,12104,2084,2087,11280.8,False
1790642224,5698,miner-full,12104,2088,2092,11300,False
1790642234,6071,miner-full,12104,2088,2092,11319.1,False
1790642245,5975,miner-full,12104,2088,2092,11338.3,False
1790642255,6024,miner-full,12104,2088,2092,11354.5,False
1790642265,5652,miner-full,12104,2088,2092,11373.6,False
1790642276,5647,miner-full,12104,2088,2092,11392.4,False
1790642286,5795,miner-full,12104,2088,2092,11412.4,False
1790642296,5726,miner-full,12104,2088,2092,11432,False
1790642307,5809,miner-full,12104,2088,2092,11448.9,False
1790642317,5543,miner-full,12104,2088,2092,11468.2,False
1790642327,5355,miner-full,12104,2088,2092,11486.1,False
1790642338,5502,miner-full,12104,2088,2092,11504.4,False
1790642348,5471,miner-full,12104,2088,2092,11521.5,False
1790642358,5435,miner-full,12104,2088,2092,11541.8,False
1790642369,5684,miner-full,12104,2088,2092,11561.7,False
1790642379,5561,miner-full,12104,2088,2092,11580.8,False
1790642389,4984,miner-full,12104,2088,2092,11601.8,False
1790642400,5255,miner-full,12104,2088,2092,11620.6,False
1790642410,5239,miner-full,12104,2088,2092,11639.8,False
1790642421,5198,miner-full,12104,2088,2092,11658.9,False
1790642431,5210,miner-full,12104,2084,2087,11677.9,False
1790642442,5368,miner-full,12104,2088,2092,11696.4,False
1790642452,5461,miner-full,12104,2088,2092,11716.8,False
1790642462,5161,miner-full,12104,2088,2092,11736.7,False
1790642473,5158,miner-full,12104,2084,2087,11755.1,False
1790642483,5107,miner-full,12104,2088,2092,11772.8,False
1790642494,4823,miner-full,12104,2084,2087,11790.6,False
1790642504,4223,miner-full,12104,2088,2092,11806.6,False
1790642515,4350,miner-full,12104,2088,2092,11824.1,False
1790642525,4484,miner-full,12104,2088,2092,11844.3,False
1790642535,5095,miner-full,12104,2088,2092,11864.5,False
1790642546,4128,miner-full,12104,2088,2092,11884.5,False
1790642556,4062,miner-full,12104,2088,2092,11901.2,False
1790642567,4110,miner-full,12104,2088,2092,11916.8,False
1790642578,4254,miner-full,12104,2088,2092,11929.5,False
1790642589,4148,miner-full,12104,2088,2092,11944.9,False
1790642599,4096,miner-full,12104,2084,2087,11961,False
1790642610,4163,miner-full,12104,2086,2089,11977.7,False
1790642620,4385,miner-full,12104,2088,2092,11996.8,False
1790642631,3964,miner-full,12104,2088,2092,12015.5,False
1790642641,3830,miner-full,12104,2088,2092,12034,False
1790642651,3755,miner-full,12104,2088,2092,12053.2,False
1790642662,3785,miner-full,12104,2088,2092,12072.7,False
1790642672,3737,miner-full,12104,2088,2092,12090.9,False
1790642682,3682,miner-full,12104,2088,2092,12110,False
1790642693,3657,miner-full,12104,2088,2092,12130,False
1790642703,4088,miner-full,12104,2084,2088,12148.7,False
1790642713,4334,miner-full,12104,2088,2092,12167,False
1790642724,4170,miner-full,12104,2088,2092,12181.9,False
1790642734,4154,miner-full,12104,2088,2092,12198.7,False
1790642745,4093,miner-full,12104,2084,2088,12216.4,False
1790642755,4697,miner-full,12104,2088,2092,12234.5,False
1790642765,4917,miner-full,12104,2088,2092,12254.2,False
1790642775,4667,miner-full,12104,2084,2088,12271.5,False
1790642786,4536,miner-full,12104,2088,2092,12289.7,False
1790642796,4887,miner-full,12104,2088,2092,12307.4,False
1790642806,4563,miner-full,12104,2088,2092,12327.3,False
1790642817,4576,miner-full,12104,2088,2092,12345.4,False
1790642827,4235,miner-full,12104,2088,2092,12365.2,False
1790642838,4063,miner-full,12104,2088,2092,12382.7,False
1790642848,4453,miner-full,12104,2088,2092,12401.2,False
1790642859,4941,miner-full,12104,2088,2092,12418,False
1790642869,4338,miner-full,12104,2088,2092,12436.2,False
1790642879,4236,miner-full,12104,2088,2092,12451.8,False
1790642890,5078,miner-full,12104,2088,2092,12471.7,False
1790642900,4901,miner-full,12104,2088,2092,12491.4,False
1790642910,5041,miner-full,12104,2084,2088,12506.3,False
1790642920,4894,miner-full,12104,2088,2092,12523.9,False
1790642931,4358,miner-full,12104,2088,2092,12541.9,False
1790642941,4062,miner-full,12104,2088,2092,12557.8,False
1790642952,4091,miner-full,12104,2088,2092,12574.8,False
1790642962,3959,miner-full,12104,2088,2092,12594.1,False
1790642973,3894,miner-full,12104,2088,2092,12612.3,False
1790642983,3717,miner-full,12104,2088,2092,12631.9,False
1790642994,3654,miner-full,12104,2088,2092,12649,False
1790643004,3695,miner-full,12104,2088,2092,12665.9,False
1790643015,3679,miner-full,12104,2088,2092,12684,False
1790643025,3907,miner-full,12104,2088,2092,12702.1,False
1790643035,3874,miner-full,12104,2088,2092,12721.6,False
1790643046,4166,miner-full,12104,2088,2092,12741.2,False
1790643056,4515,miner-full,12104,2088,2092,12757.9,False
1790643066,4476,miner-full,12104,2088,2092,12775.1,False
1790643077,4218,miner-full,12104,2088,2092,12793.9,False
1790643087,4292,miner-full,12104,2088,2092,12811.3,False
1790643098,4219,miner-full,12104,2088,2092,12830.1,False
1790643108,4019,miner-full,12104,2088,2092,12847.9,False
1790643119,4174,miner-full,12104,2088,2092,12866.5,False
1790643129,4163,miner-full,12104,2088,2092,12882.4,False
1790643139,4118,miner-full,12104,2088,2092,12898.6,False
1790643150,4552,miner-full,12104,2088,2092,12916.7,False
1790643160,4119,miner-full,12104,2088,2092,12934.2,False
1790643171,4679,miner-full,12104,2088,2092,12952,False
1790643181,4153,miner-full,12104,2088,2092,12971.1,False
1790643192,4110,miner-full,12104,2088,2092,12989.2,False
1790643202,4176,miner-full,12104,2088,2092,13008.8,False
1790643212,4202,miner-full,12104,2088,2092,13028.6,False
1790643223,4342,miner-full,12104,2088,2092,13048.9,False
1790643233,4341,miner-full,12104,2088,2092,13068.2,False
1790643243,4268,miner-full,12104,2088,2092,13088.3,False
1790643254,4101,miner-full,12104,2088,2092,13106,False
1790643264,4143,miner-full,12104,2084,2088,13123.5,False
1790643275,3731,miner-full,12104,2088,2092,13140.9,False
1790643285,3273,miner-full,12104,2084,2088,13159.4,False
1790643295,3316,miner-full,12104,2088,2092,13176.3,False
1790643306,3108,miner-full,12104,2088,2092,13194.5,False
1790643316,3168,miner-full,12104,2088,2092,13213,False
1790643327,3172,miner-full,12104,2088,2092,13231.1,False
1790643338,3131,miner-full,12104,2088,2092,13249.6,False
1790643348,3097,miner-full,12104,2088,2092,13266.6,False
1790643359,3235,miner-full,12104,2084,2087,13284.3,False
1790643369,3219,miner-full,12104,2088,2092,13300.6,False
1790643379,3761,miner-full,12104,2088,2092,13319.8,False
1790643390,3667,miner-full,12104,2084,2088,13336.8,False
1790643400,3329,miner-full,12104,2084,2088,13351.4,False
1790643410,3312,miner-full,12104,2088,2092,13364,False
1790643421,3273,miner-full,12104,2088,2092,13379.1,False
1790643432,3304,miner-full,12104,2088,2092,13393.2,False
1790643442,3512,miner-full,12104,2088,2092,13413.7,False
1790643453,3660,miner-full,12104,2088,2092,13431.1,False
1790643464,3391,miner-full,12104,2088,2092,13451.7,False
1790643474,3195,miner-full,12104,2088,2092,13464,False
1790643485,3053,miner-full,12104,2088,2092,13482.5,False
1790643497,3466,miner-full,12104,2088,2092,13500,False
1790643508,3360,miner-full,12104,2088,2092,13517.3,False
1790643518,3085,miner-full,12104,2088,2092,13531.8,False
1790643529,3630,miner-full,12104,2088,2092,13550.6,False
1790643540,3672,miner-full,12104,2088,2092,13568.3,False
1790643550,3562,miner-full,12104,2088,2092,13584.5,False
1790643561,3548,miner-full,12104,2088,2092,13603.7,False
1790643572,3541,miner-full,12104,2088,2092,13623,False
1790643583,3579,miner-full,12104,2088,2092,13639.1,False
1790643594,3424,miner-full,12104,2088,2092,13658.1,False
1790643604,3866,miner-full,12104,2088,2092,13676.7,False
1790643615,3579,miner-full,12104,2088,2092,13695.3,False
1790643625,3851,miner-full,12104,2088,2092,13712.3,False
1790643636,3600,miner-full,12104,2088,2092,13732.1,False
1790643646,3445,miner-full,12104,2088,2092,13748.8,False
1790643657,3812,miner-full,12104,2088,2092,13766.2,False
1790643667,3631,miner-full,12104,2088,2092,13785.9,False
1790643678,3302,miner-full,12104,2088,2092,13802.7,False
1790643689,3966,miner-full,12104,2088,2092,13822.3,False
1790643699,3479,miner-full,12104,2088,2092,13841.2,False
1790643710,3460,miner-full,12104,2088,2092,13859.4,False
1790643720,3477,miner-full,12104,2088,2092,13879.8,False
1790643731,3469,miner-full,12104,2088,2092,13899.6,False
1790643741,3597,miner-full,12104,2088,2092,13918.1,False
1790643752,3722,miner-full,12104,2088,2092,13936.5,False
1790643762,4014,miner-full,12104,2088,2092,13956.2,False
1790643773,3546,miner-full,12104,2088,2092,13973.2,False
1790643783,3333,miner-full,12104,2088,2092,13989.8,False
1790643794,3810,miner-full,12104,2088,2092,14008.3,False
1790643804,3724,miner-full,12104,2088,2092,14026.9,False
1790643815,3971,miner-full,12104,2088,2092,14045.5,False
1790643825,4134,miner-full,12104,2088,2092,14064.7,False
1790643836,3859,miner-full,12104,2088,2092,14082.4,False
1790643846,3499,miner-full,12104,2088,2092,14100,False
1790643857,3757,miner-full,12104,2088,2092,14120.2,False
1790643867,3658,miner-full,12104,2088,2092,14137.6,False
1790643878,3692,miner-full,12104,2088,2092,14157.2,False
1790643889,3690,miner-full,12104,2088,2092,14177.2,False
1790643899,4157,miner-full,12104,2088,2092,14194.4,False
1790643909,4115,miner-full,12104,2088,2092,14213.2,False
1790643919,4276,miner-full,12104,2088,2092,14233.9,False
1790643930,4251,miner-full,12104,2084,2088,14251.6,False
1790643940,4582,miner-full,12104,2088,2092,14269.7,False
1790643950,4568,miner-full,12104,2088,2092,14288.2,False
1790643961,4568,miner-full,12104,2088,2092,14306.7,False
1790643972,4486,miner-full,12104,2088,2092,14324.3,False
1790643982,4466,miner-full,12104,2088,2092,14344.7,False
1790643993,4840,miner-full,12104,2088,2092,14364.7,False
1790644004,4815,miner-full,12104,2088,2092,14382.2,False
1790644015,4849,miner-full,12104,2084,2088,14398.7,False
1790644025,4901,miner-full,12104,2088,2092,14418.2,False
1790644035,4817,miner-full,12104,2088,2092,14438.7,False
1790644046,5070,miner-full,12104,2088,2092,14459.2,False
1790644056,5310,miner-full,12104,2088,2092,14474.8,False
1790644066,3824,miner-full,12104,2088,2092,14493.9,False
1790644077,3631,miner-full,12104,2088,2092,14510.8,False
1790644087,5383,miner-full,12104,2088,2092,14531.2,False
1790644097,5352,miner-full,12104,2088,2092,14550.5,False
1790644107,5386,miner-full,12104,2088,2092,14569.7,False
1790644118,5398,miner-full,12104,2088,2092,14589.2,False
1790644128,5148,miner-full,12104,2088,2092,14609.2,False
1790644138,4948,miner-full,12104,2088,2092,14629.5,False
1790644148,5025,miner-full,12104,2088,2092,14648.2,False
1790644159,5375,miner-full,12104,2088,2092,14667.8,False
1790644169,5490,miner-full,12104,2088,2092,14684.4,False
1790644179,5448,miner-full,12104,2088,2092,14703.7,False
1790644190,5408,miner-full,12104,2088,2092,14723.9,False
1790644200,5453,miner-full,12104,2088,2092,14744.5,False
1790644210,5427,miner-full,12104,2088,2092,14763.6,False
1790644221,5114,miner-full,12104,2088,2092,14781.5,False
1790644231,5246,miner-full,12104,2088,2092,14799.3,False
1790644241,5247,miner-full,12104,2084,2088,14817.9,False
1790644252,5257,miner-full,12104,2088,2092,14833.7,False
1790644262,4879,miner-full,12104,2088,2092,14852.1,False
1790644272,4718,miner-full,12104,2088,2092,14869,False
1790644283,4335,miner-full,12104,2088,2092,14888.7,False
1790644293,4128,miner-full,12104,2088,2092,14905.3,False
1790644304,4134,miner-full,12104,2086,2090,14924.4,False
1790644314,4099,miner-full,12104,2088,2092,14941.5,False
1790644324,3909,miner-full,12104,2088,2092,14959.9,False
1790644335,4342,miner-full,12104,2088,2092,14978.8,False
1790644345,4732,miner-full,12104,2088,2092,14999,False
1790644355,4681,miner-full,12104,2088,2092,15016.7,False
1790644365,4699,miner-full,12104,2088,2092,15037,False
1790644376,4587,miner-full,12104,2088,2092,15057.3,False
1790644386,4562,miner-full,12104,2088,2092,15076.1,False
1790644396,4362,miner-full,12104,2088,2092,15096.1,False
1790644407,5122,miner-full,12104,2088,2092,15115.1,False
1790644417,5208,miner-full,12104,2088,2092,15134.3,False
1790644427,5154,miner-full,12104,2088,2092,15152.9,False
1790644437,5232,miner-full,12104,2088,2092,15171,False
1790644448,5174,miner-full,12104,2088,2092,15191.4,False
1790644458,4872,miner-full,12104,2088,2092,15211.6,False
1790644468,4749,miner-full,12104,2088,2092,15231.9,False
1790644479,4810,miner-full,12104,2088,2092,15248.3,False
1790644489,5064,miner-full,12104,2088,2092,15267.7,False
1790644499,5020,miner-full,12104,2088,2092,15288.1,False
1790644509,5026,miner-full,12104,2088,2092,15308.4,False
1790644520,4689,miner-full,12104,2084,2088,15328.3,False
1790644530,4754,miner-full,12104,2088,2092,15345.6,False
1790644540,4729,miner-full,12104,2088,2092,15366.1,False
1790644551,4846,miner-full,12104,2088,2092,15386.5,False
1790644561,4942,miner-full,12104,2088,2092,15406.2,False
1790644571,4960,miner-full,12104,2088,2092,15424.7,False
1790644582,4887,miner-full,12104,2084,2088,15443.6,False
1790644592,4828,miner-full,12104,2084,2088,15462.7,False
1790644602,5222,miner-full,12104,2088,2092,15481.2,False
1790644613,4688,miner-full,12104,2088,2092,15498.1,False
1790644623,4965,miner-full,12104,2088,2092,15517.5,False
1790644633,4481,miner-full,12104,2088,2092,15537.9,False
1790644644,4532,miner-full,12104,2088,2092,15557.2,False
1790644654,4412,miner-full,12104,2088,2092,15575.4,False
1790644664,4438,miner-full,12104,2088,2092,15594.7,False
1790644674,4461,miner-full,12104,2088,2092,15615.3,False
1790644685,4420,miner-full,12104,2088,2092,15635.6,False
1790644695,4404,miner-full,12104,2088,2092,15656,False
1790644705,4317,miner-full,12104,2088,2092,15674.3,False
1790644716,4567,miner-full,12104,2088,2092,15694.9,False
1790644726,4485,miner-full,12104,2088,2092,15715.4,False
1790644736,4507,miner-full,12104,2088,2092,15734.8,False
1790644746,5021,miner-full,12104,2088,2092,15755.1,False
1790644757,4576,miner-full,12104,2088,2092,15774.4,False
1790644767,4628,miner-full,12104,2088,2092,15791.5,False
1790644777,4674,miner-full,12104,2088,2092,15810.8,False
1790644788,4523,miner-full,12104,2088,2092,15828.9,False
1790644798,4768,miner-full,12104,2088,2092,15849.4,False
1790644808,4385,miner-full,12104,2088,2092,15869.9,False
1790644818,4277,miner-full,12104,2088,2092,15890.3,False
1790644829,4256,miner-full,12104,2088,2092,15910.8,False
1790644839,4252,miner-full,12104,2088,2092,15931.2,False
1790644849,4249,miner-full,12104,2088,2092,15950.5,False
1790644859,4269,miner-full,12104,2088,2092,15968.9,False
1790644870,4370,miner-full,12104,2088,2092,15989.3,False
1790644880,4227,miner-full,12104,2088,2092,16007.3,False
1790644890,4234,miner-full,12104,2088,2092,16025.5,False
1790644901,4177,miner-full,12104,2084,2088,16045.6,False
1790644911,4652,miner-full,12104,2088,2092,16064.9,False
1790644921,4366,miner-full,12104,2088,2092,16083.1,False
1790644932,4277,miner-full,12104,2088,2092,16101.4,False
1790644942,5146,miner-full,12104,2088,2092,16120.8,False
1790644952,5234,miner-full,12104,2088,2092,16140,False
1790644962,5074,miner-full,12104,2088,2092,16160.5,False
1790644973,5496,miner-full,12104,2084,2088,16179.8,False
1790644983,5310,miner-full,12104,2088,2092,16199,False
1790644993,5205,miner-full,12104,2088,2092,16217,False
1790645004,4693,miner-full,12104,2088,2092,16236.4,False
1790645014,4642,miner-full,12104,2088,2092,16255.7,False
1790645024,4668,miner-full,12104,2088,2092,16275,False
1790645034,4622,miner-full,12104,2088,2092,16291.9,False
1790645045,4570,miner-full,12104,2088,2092,16312.2,False
1790645055,4673,miner-full,12104,2088,2092,16329.2,False
1790645065,4962,miner-full,12104,2088,2092,16348,False
1790645076,5276,miner-full,12104,2088,2092,16367.2,False
1790645086,5134,miner-full,12104,2088,2092,16385.3,False
1790645096,5159,miner-full,12104,2088,2092,16405.7,False
1790645107,5113,miner-full,12104,2088,2092,16425,False
1790645117,5056,miner-full,12104,2088,2092,16444.2,False
1790645127,5112,miner-full,12104,2088,2092,16463.9,False
1790645138,5086,miner-full,12104,2088,2092,16484.3,False
1790645148,5108,miner-full,12104,2088,2092,16504.8,False
1790645158,4956,miner-full,12104,2088,2092,16524.1,False
1790645168,5652,miner-full,12104,2088,2092,16544.6,False
1790645179,5229,miner-full,12104,2088,2092,16562.8,False
1790645189,5287,miner-full,12104,2084,2088,16581,False
1790645199,5252,miner-full,12104,2088,2092,16601.3,False
1790645210,5167,miner-full,12104,2088,2092,16620.5,False
1790645220,5331,miner-full,12104,2088,2092,16640.8,False
1790645231,5294,miner-full,12104,2088,2092,16658.8,False
1790645241,5191,miner-full,12104,2088,2092,16679.2,False
1790645251,5266,miner-full,12104,2088,2092,16699.7,False
1790645261,5422,miner-full,12104,2088,2092,16720.1,False
1790645272,5418,miner-full,12104,2088,2092,16738.3,False
1790645282,5174,miner-full,12104,2088,2092,16757.4,False
1790645292,5144,miner-full,12104,2088,2092,16777.8,False
1790645302,5418,miner-full,12104,2088,2092,16795.9,False
1790645313,5368,miner-full,12104,2088,2092,16815.2,False
1790645323,5304,miner-full,12104,2088,2092,16835.6,False
1790645333,5431,miner-full,12104,2088,2092,16855,False
1790645344,5358,miner-full,12104,2088,2092,16875.3,False
1790645354,5475,miner-full,12104,2088,2092,16891.1,False
1790645364,5407,miner-full,12104,2088,2092,16911.6,False
1790645374,5482,miner-full,12104,2088,2092,16931.1,False
1790645385,5404,miner-full,12104,2088,2092,16950.6,False
1790645395,5382,miner-full,12104,2088,2092,16969.8,False
1790645405,5406,miner-full,12104,2088,2092,16990.3,False
1790645416,5398,miner-full,12104,2088,2092,17009.6,False
1790645426,5474,miner-full,12104,2088,2092,17028.9,False
1790645436,5489,miner-full,12104,2088,2092,17047.9,False
1790645446,5391,miner-full,12104,2088,2092,17065.5,False
1790645457,5434,miner-full,12104,2088,2092,17085,False
1790645468,5394,miner-full,12104,2088,2092,17103.9,False
1790645478,5342,miner-full,12104,2088,2092,17122.1,False
1790645488,5407,miner-full,12104,2088,2092,17141.5,False
1790645499,5412,miner-full,12104,2088,2092,17160.8,False
1790645509,5379,miner-full,12104,2088,2092,17181.2,False
1790645519,5395,miner-full,12104,2088,2092,17196.8,False
1790645529,5322,miner-full,12104,2088,2092,17217.2,False
1790645540,5067,miner-full,12104,2088,2092,17236.6,False
1790645551,5246,miner-full,12104,2088,2092,17257.2,False
1790645561,5234,miner-full,12104,2088,2092,17277.6,False
1790645571,5135,miner-full,12104,2088,2092,17298,False
1790645581,5166,miner-full,12104,2088,2092,17316.6,False
1790645592,5312,miner-full,12104,2088,2092,17335.8,False
1790645602,5151,miner-full,12104,2088,2092,17355.2,False
1790645613,5095,miner-full,12104,2084,2088,17374.3,False
1790645623,5288,miner-full,12104,2088,2092,17392.5,False
1790645633,5073,miner-full,12104,2088,2092,17410.5,False
1790645643,5113,miner-full,12104,2088,2092,17428.5,False
1790645654,5228,miner-full,12104,2088,2092,17449,False
1790645664,5160,miner-full,12104,2088,2092,17467.1,False
1790645674,5290,miner-full,12104,2088,2092,17487.5,False
1790645685,5023,miner-full,12104,2088,2092,17508,False
1790645695,4972,miner-full,12104,2088,2092,17528.4,False
1790645705,4962,miner-full,12104,2088,2092,17546.7,False
1790645715,5297,miner-full,12104,2088,2092,17564.7,False
1790645726,4844,miner-full,12104,2084,2088,17584.7,False
1790645736,4748,miner-full,12104,2088,2092,17604.4,False
1790645746,4761,miner-full,12104,2088,2092,17624.9,False
1790645756,4760,miner-full,12104,2088,2092,17644.1,False
1790645767,4656,miner-full,12104,2088,2092,17663.6,False
1790645777,4662,miner-full,12104,2088,2092,17681.6,False
1790645787,4682,miner-full,12104,2088,2092,17701,False
1790645798,4841,miner-full,12104,2088,2092,17721.4,False
1790645808,4745,miner-full,12104,2088,2092,17740.6,False
1790645818,4986,miner-full,12104,2088,2092,17759.8,False
1790645828,4879,miner-full,12104,2088,2092,17780.1,False
1790645839,4895,miner-full,12104,2088,2092,17800.5,False
1790645849,5115,miner-full,12104,2088,2092,17819.8,False
1790645859,4842,miner-full,12104,2088,2092,17840.3,False
1790645869,5094,miner-full,12104,2088,2092,17859.5,False
1790645880,4817,miner-full,12104,2088,2092,17879,False
1790645890,4753,miner-full,12104,2088,2092,17896,False
1790645900,4633,miner-full,12104,2088,2092,17915.1,False
1790645911,4731,miner-full,12104,2086,2090,17934.1,False
1790645921,4688,miner-full,12104,2088,2092,17952.2,False
1790645931,5005,miner-full,12104,2088,2092,17970.3,False
1790645941,4773,miner-full,12104,2088,2092,17989.7,False
1790645952,5119,miner-full,12104,2088,2092,18006.5,False
1790645962,4831,miner-full,12104,2088,2092,18025.5,False
1790645972,4864,miner-full,12104,2088,2092,18043.8,False
1790645983,4830,miner-full,12104,2088,2092,18064.2,False
1790645993,4782,miner-full,12104,2088,2092,18084.7,False
1790646003,4781,miner-full,12104,2088,2092,18103,False
1790646013,5147,miner-full,12104,2088,2092,18120.9,False
1790646024,4716,miner-full,12104,2088,2092,18140.2,False
1790646034,4765,miner-full,12104,2088,2092,18160.7,False
1790646044,5185,miner-full,12104,2088,2092,18180,False
1790646054,4953,miner-full,12104,2088,2092,18199.2,False
1790646065,4934,miner-full,12104,2088,2092,18219.6,False
1790646075,4782,miner-full,12104,2088,2092,18237.5,False
1790646085,5158,miner-full,12104,2084,2087,18255.8,False
1790646096,5382,miner-full,12104,2088,2092,18274.9,False
1790646106,4812,miner-full,12104,2088,2092,18294.2,False
1790646117,4831,miner-full,12104,2088,2092,18313.5,False
1790646127,4815,miner-full,12104,2088,2092,18332.6,False
1790646137,4805,miner-full,12104,2088,2092,18349.3,False
1790646147,4850,miner-full,12104,2088,2092,18369.8,False
1790646158,4692,miner-full,12104,2088,2092,18389,False
1790646168,4731,miner-full,12104,2088,2092,18407.7,False
1790646178,4588,miner-full,12104,2088,2092,18427.2,False
1790646189,5007,miner-full,12104,2088,2092,18447.4,False
1790646199,5096,miner-full,12104,2088,2092,18467,False
1790646209,5111,miner-full,12104,2088,2092,18487.4,False
1790646220,4863,miner-full,12104,2088,2092,18506.6,False
1790646230,4967,miner-full,12104,2088,2092,18526.1,False
1790646240,4954,miner-full,12104,2088,2092,18546.5,False
1790646251,4810,miner-full,12104,2088,2092,18566.9,False
1790646261,5187,miner-full,12104,2088,2092,18586.1,False
1790646271,4983,miner-full,12104,2088,2092,18604.4,False
1790646281,5247,miner-full,12104,2084,2087,18623.8,False
1790646292,5095,miner-full,12104,2088,2092,18643.2,False
1790646302,5280,miner-full,12104,2088,2092,18662.4,False
1790646312,4932,miner-full,12104,2088,2092,18682.9,False
1790646323,4934,miner-full,12104,2088,2092,18703.3,False
1790646333,4922,miner-full,12104,2088,2092,18723.7,False
1790646343,4972,miner-full,12104,2088,2092,18740.7,False
1790646353,4845,miner-full,12104,2088,2092,18761.2,False
1790646364,4817,miner-full,12104,2088,2092,18780.6,False
1790646374,4742,miner-full,12104,2088,2092,18797.2,False
1790646384,5211,miner-full,12104,2088,2092,18816.4,False
1790646395,4949,miner-full,12104,2088,2092,18837,False
1790646405,4967,miner-full,12104,2088,2092,18853.9,False
1790646415,4850,miner-full,12104,2088,2092,18873.1,False
1790646425,4980,miner-full,12104,2088,2092,18892.5,False
1790646436,4927,miner-full,12104,2088,2092,18911.6,False
1790646446,4864,miner-full,12104,2088,2092,18930.8,False
1790646456,4682,miner-full,12104,2088,2092,18950.2,False
1790646467,5227,miner-full,12104,2086,2090,18970.4,False
1790646477,5001,miner-full,12104,2088,2092,18987.4,False
1790646487,4911,miner-full,12104,2088,2092,19007.9,False
1790646497,4943,miner-full,12104,2088,2092,19026.1,False
1790646508,4951,miner-full,12104,2088,2092,19045.4,False
1790646518,4912,miner-full,12104,2088,2092,19065.8,False
1790646528,4881,miner-full,12104,2088,2092,19085.1,False
1790646538,5129,miner-full,12104,2088,2092,19103.2,False
1790646549,4606,miner-full,12104,2086,2090,19123.2,False
1790646559,4694,miner-full,12104,2088,2092,19141.4,False
1790646570,4768,miner-full,12104,2088,2092,19160.8,False
1790646580,4623,miner-full,12104,2088,2092,19181.2,False
1790646590,4698,miner-full,12104,2088,2092,19199.6,False
1790646601,4698,miner-full,12104,2088,2092,19215,False
1790646611,4646,miner-full,12104,2088,2092,19234.2,False
1790646621,4700,miner-full,12104,2088,2092,19254.8,False
1790646632,4611,miner-full,12104,2088,2092,19274,False
1790646642,4607,miner-full,12104,2088,2092,19293.3,False
1790646652,4713,miner-full,12104,2088,2092,19312.8,False
1790646662,4719,miner-full,12104,2088,2092,19333.3,False
1790646673,4695,miner-full,12104,2088,2092,19353.7,False
1790646683,4674,miner-full,12104,2088,2092,19370.2,False
1790646693,4572,miner-full,12104,2088,2092,19390.7,False
1790646704,4782,miner-full,12104,2088,2092,19410,False
1790646714,4683,miner-full,12104,2088,2092,19430.6,False
1790646724,5019,miner-full,12104,2088,2092,19451,False
1790646734,4947,miner-full,12104,2086,2090,19472,False
1790646745,4921,miner-full,12104,2088,2092,19492.5,False
1790646755,4864,miner-full,12104,2088,2092,19510.7,False
1790646766,4991,miner-full,12104,2088,2092,19529.9,False
1790646776,4925,miner-full,12104,2088,2092,19547.9,False
1790646786,4931,miner-full,12104,2088,2092,19568.3,False
1790646796,4923,miner-full,12104,2088,2092,19587.5,False
1790646807,4745,miner-full,12104,2084,2088,19604.2,False
1790646817,4762,miner-full,12104,2088,2092,19621.1,False
1790646827,5213,miner-full,12104,2088,2092,19641.6,False
1790646838,4964,miner-full,12104,2088,2092,19662,False
1790646848,5107,miner-full,12104,2088,2092,19682.5,False
1790646858,5008,miner-full,12104,2088,2092,19702.9,False
1790646868,4976,miner-full,12104,2088,2092,19722.3,False
1790646879,4998,miner-full,12104,2088,2092,19742.9,False
1790646889,5027,miner-full,12104,2088,2092,19763.4,False
1790646899,4985,miner-full,12104,2088,2092,19782.7,False
1790646910,5006,miner-full,12104,2088,2092,19802.1,False
1790646920,5015,miner-full,12104,2088,2092,19821.4,False
1790646930,5063,miner-full,12104,2088,2092,19841.7,False
1790646941,4992,miner-full,12104,2088,2092,19860.9,False
1790646951,4962,miner-full,12104,2088,2092,19880.3,False
1790646961,5191,miner-full,12104,2088,2092,19898.5,False
1790646971,5103,miner-full,12104,2088,2092,19917.8,False
1790646982,4969,miner-full,12104,2088,2092,19936,False
1790646992,4960,miner-full,12104,2084,2088,19953.9,False
1790647002,4866,miner-full,12104,2088,2092,19972.2,False
1790647013,4877,miner-full,12104,2088,2092,19991.7,False
1790647023,5099,miner-full,12104,2088,2092,20009.8,False
1790647033,5452,miner-full,12104,2088,2092,20028.8,False
1790647044,5364,miner-full,12104,2088,2092,20049.4,False
1790647054,5303,miner-full,12104,2088,2092,20068.6,False
1790647064,5200,miner-full,12104,2088,2092,20089.1,False
1790647074,5330,miner-full,12104,2088,2092,20108.4,False
1790647085,5420,miner-full,12104,2088,2092,20126.5,False
1790647095,5362,miner-full,12104,2088,2092,20143.5,False
1790647105,5508,miner-full,12104,2088,2092,20164.1,False
1790647116,5513,miner-full,12104,2088,2092,20184.5,False
1790647126,5723,miner-full,12104,2088,2092,20203.1,False
1790647136,5725,miner-full,12104,2088,2092,20221.5,False
1790647146,5715,miner-full,12104,2088,2092,20239.6,False
1790647157,5687,miner-full,12104,2088,2092,20260,False
1790647167,5698,miner-full,12104,2088,2092,20278.2,False
1790647177,5711,miner-full,12104,2088,2092,20297.8,False
1790647187,5683,miner-full,12104,2088,2092,20317.1,False
1790647198,5616,miner-full,12104,2088,2092,20336.7,False
1790647208,5709,miner-full,12104,2088,2092,20356,False
1790647218,5648,miner-full,12104,2088,2092,20376.4,False
1790647228,5721,miner-full,12104,2088,2092,20394.5,False
1790647239,5297,miner-full,12104,2088,2092,20414.7,False
1790647249,5130,miner-full,12104,2088,2092,20435,False
1790647259,4861,miner-full,12104,2088,2092,20453.2,False
1790647269,4883,miner-full,12104,2088,2092,20472.3,False
1790647280,4878,miner-full,12104,2088,2092,20491.5,False
1790647290,4785,miner-full,12104,2088,2092,20510,False
1790647300,4637,miner-full,12104,2084,2088,20529.2,False
1790647310,4664,miner-full,12104,2088,2092,20547.4,False
1790647321,4693,miner-full,12104,2088,2092,20566.8,False
1790647331,4640,miner-full,12104,2088,2092,20586,False
1790647341,3939,miner-full,12104,2088,2092,20605.4,False
1790647351,4184,miner-full,12104,2088,2092,20625.8,False
1790647362,5713,miner-full,12104,2088,2092,20643.7,False
1790647372,5689,miner-full,12104,2088,2092,20664.2,False
1790647382,5701,miner-full,12104,2088,2092,20683.5,False
1790647392,5329,miner-full,12104,2088,2092,20702.8,False
1790647403,5181,miner-full,12104,2088,2092,20718.7,False
1790647413,5722,miner-full,12104,2088,2092,20736.8,False
1790647423,5200,miner-full,12104,2088,2092,20755,False
1790647433,3936,miner-full,12104,2088,2092,20775.5,False
1790647444,4160,miner-full,12104,2084,2088,20795.3,False
1790647454,5716,miner-full,12104,2088,2092,20815.5,False
1790647464,5694,miner-full,12104,2088,2092,20835.8,False
1790647475,4678,miner-full,12104,2088,2092,20854,False
1790647485,4693,miner-full,12104,2088,2092,20873.2,False
1790647495,3918,miner-full,12104,2088,2092,20891.1,False
1790647506,5703,miner-full,12104,2088,2092,20911.4,False
1790647516,5704,miner-full,12104,2088,2092,20930.7,False
1790647526,5703,miner-full,12104,2088,2092,20951,False
1790647536,5718,miner-full,12104,2088,2092,20970.4,False
1790647547,5735,miner-full,12104,2088,2092,20990.8,False
1790647557,5736,miner-full,12104,2088,2092,21011.2,False
1790647567,5736,miner-full,12104,2088,2092,21031.6,False
1790647577,5719,miner-full,12104,2088,2092,21050,False
1790647587,5617,miner-full,12104,2088,2092,21068.5,False
1790647598,5687,miner-full,12104,2088,2092,21087.8,False
1790647608,5718,miner-full,12104,2088,2092,21107.3,False
1790647618,5674,miner-full,12104,2088,2092,21126.6,False
1790647628,5685,miner-full,12104,2088,2092,21145.1,False
1790647639,5705,miner-full,12104,2088,2092,21164.6,False
1790647649,5638,miner-full,12104,2088,2092,21182.8,False
1790647659,5673,miner-full,12104,2088,2092,21200.1,False
1790647669,5618,miner-full,12104,2088,2092,21219.3,False
1790647680,5000,miner-full,12104,2088,2092,21236,False
1790647692,4533,miner-full,12104,2088,2092,21248.2,False
1790647703,4790,miner-full,12104,2088,2092,21263,False
1790647713,5244,miner-full,12104,2088,2092,21278,False
1790647724,4624,miner-full,12104,2088,2092,21292.8,False
1790647735,3273,miner-full,12104,2088,2092,21310.2,False
1790647746,2627,miner-full,12104,2088,2092,21325.7,False
1790647757,1802,miner-full,12104,2088,2092,21339.8,False
1790647768,2420,miner-full,12104,2088,2092,21350,False
1790647780,1827,miner-full,12104,2088,2092,21361.6,False
1790647791,2681,miner-full,12104,2088,2092,21374.9,False
1790647802,2850,miner-full,12104,2088,2092,21390.5,False
1790647812,1985,miner-full,12104,2088,2092,21405.8,False
1790647823,1600,miner-full,12104,2088,2092,21420.1,False
1790647834,2289,miner-full,12104,2088,2092,21434.7,False
1790647845,1555,miner-full,12104,2088,2092,21448.4,False
1790647856,2336,miner-full,12104,2088,2092,21462,False
1790647866,5393,miner-full,12104,2088,2092,21476.7,False
1790647877,6121,miner-full,12104,2088,2092,21491.4,False
1790647887,5408,miner-full,12104,2088,2092,21505,False
1790647898,6299,miner-full,12104,2088,2092,21519.6,False
1790647908,6311,miner-full,12104,2088,2092,21539.1,False
1790647918,6299,miner-full,12104,2088,2092,21558.3,False
1790647928,6348,miner-full,12104,2088,2092,21578.8,False
1790647939,5827,miner-full,12104,2088,2092,21596.8,False
1790647950,5240,miner-full,12104,2088,2092,21609.7,False
1790647961,6318,miner-full,12104,2088,2092,21628.1,False
1790647971,6267,miner-full,12104,2088,2092,21647.5,False
1790647981,6164,miner-full,12104,2088,2092,21666.9,False
1790647992,6272,miner-full,12104,2088,2092,21686.2,False
1790648002,6270,miner-full,12104,2088,2092,21703.4,False
1790648012,6260,miner-full,12104,2088,2092,21722.4,False
1790648022,6229,miner-full,12104,2088,2092,21741.9,False
1790648033,5638,miner-full,12104,2088,2092,21757.2,False
1790648044,4235,miner-full,12104,2088,2092,21771.4,False
1790648055,3978,miner-full,12104,2088,2092,21785.7,False
1790648066,2975,miner-full,12104,2088,2092,21801,False
1790648077,2507,miner-full,12104,2084,2088,21817,False
1790648088,4554,miner-full,12104,2088,2092,21829.9,False
1790648099,3934,miner-full,12104,2088,2092,21841.6,False
1790648110,2773,miner-full,12104,2084,2088,21856.2,False
1790648120,4760,miner-full,12104,2088,2092,21871.4,False
1790648131,5259,miner-full,12104,2088,2092,21885.9,False
1790648143,4402,miner-full,12104,2088,2092,21900.6,False
1790648154,3877,miner-full,12104,2088,2092,21915.3,False
1790648165,5620,miner-full,12104,2088,2092,21929.7,False
1790648176,4799,miner-full,12104,2088,2092,21942.8,False
1790648187,5068,miner-full,12104,2088,2092,21959,False
1790648198,3591,miner-full,12104,2088,2092,21973.3,False
1790648209,3100,miner-full,12104,2088,2092,21987.9,False
1790648220,2776,miner-full,12104,2088,2092,21997.4,False
1790648231,2039,miner-full,12104,2088,2092,22013,False
1790648243,1340,miner-full,12104,2088,2092,22026.2,False
1790648255,610,miner-full,12104,2088,2092,22041.7,False
1790648266,793,miner-full,12104,2084,2092,22054.9,False
1790648266,793,SUSPENDED light miner 7120
1790648278,444,miner-full,12104,2085,2092,22070.9,False
1790648289,744,miner-full,12104,2079,2088,22083.9,False
1790648300,895,miner-full,12104,2070,2092,22098.7,False
1790648310,4957,miner-full,12104,2078,2088,22115.4,False
1790648310,4957,RESUMED light miner 7120
1790648321,4066,miner-full,12104,2084,2092,22127.8,False
1790648332,6842,miner-full,12104,2085,2092,22144,False
1790648342,6749,miner-full,12104,2082,2088,22162.5,False
1790648352,6769,miner-full,12104,2086,2092,22182.4,False
1790648362,6777,miner-full,12104,2086,2092,22202.8,False
1790648373,6393,miner-full,12104,2087,2092,22223.3,False
1790648383,6306,miner-full,12104,2087,2092,22243.5,False
1790648393,6293,miner-full,12104,2083,2088,22262.9,False
1790648404,6209,miner-full,12104,2087,2092,22280.2,False
1790648414,6518,miner-full,12104,2087,2092,22298,False
1790648424,6256,miner-full,12104,2083,2088,22317.1,False
1790648435,6129,miner-full,12104,2087,2092,22332.5,False
1790648445,6040,miner-full,12104,2087,2092,22352.3,False
1790648455,6020,miner-full,12104,2087,2092,22371.4,False
1790648466,6155,miner-full,12104,2087,2092,22388.3,False
1790648476,6093,miner-full,12104,2087,2092,22407.5,False
1790648487,6193,miner-full,12104,2087,2092,22425.1,False
1790648497,5935,miner-full,12104,2087,2092,22445.6,False
1790648507,5970,miner-full,12104,2087,2092,22466.1,False
1790648518,5885,miner-full,12104,2087,2092,22486.5,False
1790648528,5976,miner-full,12104,2087,2092,22502.8,False
1790648538,6206,miner-full,12104,2087,2092,22523.3,False
1790648549,5860,miner-full,12104,2087,2092,22542.5,False
1790648559,5807,miner-full,12104,2087,2092,22559.9,False
1790648570,5739,miner-full,12104,2087,2092,22575.8,False
1790648580,5822,miner-full,12104,2087,2092,22592.3,False
1790648592,5144,miner-full,12104,2087,2092,22606.4,False
1790648603,4834,miner-full,12104,2088,2092,22619.8,False
1790648615,4255,miner-full,12104,2088,2092,22633.3,False
1790648625,3458,miner-full,12104,2084,2088,22649,False
1790648637,3446,miner-full,12104,2088,2092,22661,False
1790648649,2903,miner-full,12104,2088,2092,22672.2,False
1790648660,6375,miner-full,12104,2088,2092,22687.2,False
1790648670,6291,miner-full,12104,2088,2092,22707.3,False
1790648680,6634,miner-full,12104,2088,2092,22725.1,False
1790648690,6397,miner-full,12104,2086,2090,22744.3,False
1790648701,6405,miner-full,12104,2088,2092,22764.7,False
1790648711,6405,miner-full,12104,2088,2092,22782.4,False
1790648722,6328,miner-full,12104,2088,2092,22801.5,False
1790648732,6397,miner-full,12104,2088,2092,22820.4,False
1790648742,6307,miner-full,12104,2088,2092,22839.3,False
1790648753,6256,miner-full,12104,2088,2092,22859.9,False
1790648763,6378,miner-full,12104,2088,2092,22880.4,False
1790648773,6416,miner-full,12104,2088,2092,22899.8,False
1790648784,6507,miner-full,12104,2088,2092,22920.4,False
1790648794,6362,miner-full,12104,2088,2092,22938.4,False
1790648804,6318,miner-full,12104,2088,2092,22957.7,False
1790648815,6262,miner-full,12104,2088,2092,22975.8,False
1790648825,6101,miner-full,12104,2088,2092,22995.1,False
1790648835,6681,miner-full,12104,2088,2092,23015.5,False
1790648845,6650,miner-full,12104,2088,2092,23033.6,False
1790648856,6647,miner-full,12104,2088,2092,23051,False
1790648866,6647,miner-full,12104,2088,2092,23070.3,False
1790648876,6623,miner-full,12104,2088,2092,23088.3,False
1790648886,7089,miner-full,12104,2088,2092,23104.9,False
1790648897,6531,miner-full,12104,2088,2092,23124.4,False
1790648907,5708,miner-full,12104,2088,2092,23138,False
1790648917,5548,miner-full,12104,2088,2092,23148,False
1790648929,5174,miner-full,12104,2088,2092,23161.8,False
1790648940,4074,miner-full,12104,2088,2092,23178.2,False
1790648952,3959,miner-full,12104,2088,2092,23188.6,False
1790648963,3597,miner-full,12104,2088,2092,23197.8,False
1790648974,6203,miner-full,12104,2088,2092,23213.2,False
1790648985,5114,miner-full,12104,2088,2092,23228.5,False
1790648997,5076,miner-full,12104,2088,2092,23238.8,False
1790649008,4757,miner-full,12104,2084,2088,23248.9,False
1790649020,3417,miner-full,12104,2088,2092,23264.8,False
1790649031,3625,miner-full,12104,2088,2092,23278.6,False
1790649043,3327,miner-full,12104,2088,2092,23291.8,False
1790649054,6694,miner-full,12104,2088,2092,23306.9,False
1790649064,6532,miner-full,12104,2088,2092,23323.4,False
1790649075,6626,miner-full,12104,2088,2092,23339.8,False
1790649085,6353,miner-full,12104,2088,2092,23359.1,False
1790649095,6361,miner-full,12104,2088,2092,23378.5,False
1790649106,6446,miner-full,12104,2088,2092,23396.6,False
1790649116,6636,miner-full,12104,2084,2088,23415.1,False
1790649126,6611,miner-full,12104,2088,2092,23435,False
1790649136,6424,miner-full,12104,2088,2092,23451.1,False
1790649147,6771,miner-full,12104,2088,2092,23471.2,False
1790649157,6572,miner-full,12104,2088,2092,23487.5,False
1790649168,6493,miner-full,12104,2088,2092,23504.9,False
1790649179,6208,miner-full,12104,2088,2092,23524,False
1790649190,6118,miner-full,12104,2088,2092,23540.5,False
1790649200,6045,miner-full,12104,2088,2092,23558.2,False
1790649210,5990,miner-full,12104,2088,2092,23577.3,False
1790649221,6127,miner-full,12104,2088,2092,23596.8,False
1790649231,6232,miner-full,12104,2088,2092,23614.8,False
1790649242,6234,miner-full,12104,2088,2092,23633.9,False
1790649252,6205,miner-full,12104,2088,2092,23654.4,False
1790649262,6328,miner-full,12104,2088,2092,23673.9,False
1790649273,6286,miner-full,12104,2084,2088,23692,False
1790649283,6093,miner-full,12104,2084,2088,23709.3,False
1790649294,6173,miner-full,12104,2088,2092,23729.1,False
1790649304,6238,miner-full,12104,2088,2092,23747,False
1790649314,6061,miner-full,12104,2088,2092,23765.5,False
1790649325,5235,miner-full,12104,2088,2092,23783,False
1790649336,5157,miner-full,12104,2088,2092,23803.9,False
1790649348,5423,miner-full,12104,2088,2092,23824.5,False
1790649359,5503,miner-full,12104,2088,2092,23846.6,False
1790649371,5626,miner-full,12104,2088,2092,23865.2,False
1790649381,5713,miner-full,12104,2088,2092,23885.4,False
1790649391,5667,miner-full,12104,2088,2092,23905.3,False
1790649403,5413,miner-full,12104,2088,2092,23924.2,False
1790649413,5262,miner-full,12104,2088,2092,23944.9,False
1790649423,5302,miner-full,12104,2088,2092,23966,False
1790649434,5432,miner-full,12104,2088,2092,23987.9,False
1790649445,5309,miner-full,12104,2088,2092,24005.7,False
1790649456,5289,miner-full,12104,2088,2092,24024.7,False
1790649466,5286,miner-full,12104,2088,2092,24042.7,False
1790649477,5180,miner-full,12104,2088,2092,24060.9,False
1790649487,5120,miner-full,12104,2088,2092,24080,False
1790649498,5100,miner-full,12104,2088,2092,24093.2,False
1790649509,5024,miner-full,12104,2088,2092,24112.3,False
1790649520,5102,miner-full,12104,2084,2088,24130.7,False
1790649530,5844,miner-full,12104,2088,2092,24149.8,False
1790649541,5454,miner-full,12104,2084,2088,24168.2,False
1790649551,5448,miner-full,12104,2084,2088,24187.1,False
1790649561,5416,miner-full,12104,2088,2092,24205,False
1790649571,5211,miner-full,12104,2088,2092,24223.2,False
1790649582,4734,miner-full,12104,2088,2092,24243.6,False
1790649594,4644,miner-full,12104,2088,2092,24264.3,False
1790649606,4485,miner-full,12104,2084,2088,24282.9,False
1790649616,4606,miner-full,12104,2088,2092,24301.8,False
1790649627,4312,miner-full,12104,2088,2092,24321.7,False
1790649639,4423,miner-full,12104,2088,2092,24340.1,False
1790649650,4704,miner-full,12104,2088,2092,24360.1,False
1790649661,4474,miner-full,12104,2088,2092,24378.1,False
1790649672,4587,miner-full,12104,2088,2092,24397.1,False
1790649682,4532,miner-full,12104,2088,2092,24416,False
1790649693,4233,miner-full,12104,2088,2092,24433.3,False
1790649704,4410,miner-full,12104,2088,2092,24454.9,False
1790649716,4301,miner-full,12104,2088,2092,24476.5,False
1790649727,5359,miner-full,12104,2088,2092,24496.5,False
1790649737,4616,miner-full,12104,2088,2092,24516.2,False
1790649748,4675,miner-full,12104,2088,2092,24536.9,False
1790649759,4383,miner-full,12104,2088,2092,24558.4,False
1790649771,4278,miner-full,12104,2088,2092,24578.9,False
1790649781,4802,miner-full,12104,2088,2092,24600.6,False
1790649792,5160,miner-full,12104,2088,2092,24618.5,False
1790649804,4858,miner-full,12104,2088,2092,24640.3,False
1790649815,4860,miner-full,12104,2088,2092,24661.9,False
1790649826,5011,miner-full,12104,2088,2092,24683.1,False
1790649837,4666,miner-full,12104,2088,2092,24700.9,False
1790649848,4661,miner-full,12104,2088,2092,24719.1,False
1790649859,5162,miner-full,12104,2088,2092,24739.5,False
1790649869,4991,miner-full,12104,2088,2092,24760,False
1790649879,5376,miner-full,12104,2088,2092,24779.1,False
1790649890,5479,miner-full,12104,2088,2092,24798.2,False
1790649900,5550,miner-full,12104,2084,2088,24817.7,False
1790649911,5286,miner-full,12104,2088,2092,24836.3,False
1790649921,5172,miner-full,12104,2088,2092,24856.6,False
1790649931,5496,miner-full,12104,2088,2092,24875.8,False
1790649942,5322,miner-full,12104,2088,2092,24894.8,False
1790649952,5741,miner-full,12104,2084,2088,24915.1,False
1790649963,5548,miner-full,12104,2088,2092,24934.4,False
1790649973,4985,miner-full,12104,2088,2092,24956.8,False
1790649985,4839,miner-full,12104,2088,2092,24975,False
1790649995,5224,miner-full,12104,2088,2092,24993.5,False
1790650006,5038,miner-full,12104,2084,2088,25010.2,False
1790650016,5019,miner-full,12104,2088,2092,25028.8,False
1790650027,4883,miner-full,12104,2088,2092,25048,False
1790650038,5042,miner-full,12104,2088,2092,25067.2,False
1790650048,4980,miner-full,12104,2088,2092,25086.2,False
1790650059,4981,miner-full,12104,2088,2092,25104.2,False
1790650070,4789,miner-full,12104,2088,2092,25123.6,False
1790650080,4730,miner-full,12104,2088,2092,25144.2,False
1790650090,4694,miner-full,12104,2088,2092,25163.5,False
1790650101,4830,miner-full,12104,2088,2092,25183.8,False
1790650111,4884,miner-full,12104,2084,2088,25203,False
1790650122,4879,miner-full,12104,2088,2092,25223.2,False
1790650133,4922,miner-full,12104,2088,2092,25243.7,False
1790650144,4755,miner-full,12104,2088,2092,25265.3,False
1790650155,4892,miner-full,12104,2084,2088,25283.4,False
1790650165,4876,miner-full,12104,2084,2088,25302.2,False
1790650175,4608,miner-full,12104,2088,2092,25319.3,False
1790650186,5000,miner-full,12104,2088,2092,25333.9,False
1790650197,4890,miner-full,12104,2084,2088,25354.4,False
1790650207,5169,miner-full,12104,2088,2092,25371.2,False
1790650218,4663,miner-full,12104,2088,2092,25393,False
1790650230,4428,miner-full,12104,2088,2092,25413.8,False
1790650241,4387,miner-full,12104,2088,2092,25431.2,False
1790650252,4595,miner-full,12104,2088,2092,25448,False
1790650263,4812,miner-full,12104,2088,2092,25466.2,False
1790650274,4837,miner-full,12104,2088,2092,25483.8,False
1790650285,4440,miner-full,12104,2088,2092,25503.8,False
1790650297,4328,miner-full,12104,2088,2092,25522.4,False
1790650308,4322,miner-full,12104,2088,2092,25540.5,False
1790650319,4558,miner-full,12104,2088,2092,25562.2,False
1790650331,4568,miner-full,12104,2088,2092,25582.8,False
1790650342,4374,miner-full,12104,2088,2092,25602.7,False
1790650353,4318,miner-full,12104,2088,2092,25622.8,False
1790650364,4570,miner-full,12104,2088,2092,25644.3,False
1790650375,4818,miner-full,12104,2088,2092,25663.5,False
1790650386,4298,miner-full,12104,2088,2092,25684,False
1790650397,4840,miner-full,12104,2088,2092,25705,False
1790650408,5031,miner-full,12104,2088,2092,25725.5,False
1790650419,4849,miner-full,12104,2084,2088,25744.5,False
1790650429,4985,miner-full,12104,2084,2088,25762.5,False
1790650440,4730,miner-full,12104,2088,2092,25779.6,False
1790650450,5317,miner-full,12104,2088,2092,25797,False
1790650461,5117,miner-full,12104,2088,2092,25815.5,False
1790650471,4800,miner-full,12104,2088,2092,25833.3,False
1790650482,5265,miner-full,12104,2088,2092,25853.2,False
1790650493,5227,miner-full,12104,2088,2092,25870.8,False
1790650504,5257,miner-full,12104,2088,2092,25891.6,False
1790650514,5325,miner-full,12104,2084,2088,25911.6,False
1790650525,5365,miner-full,12104,2084,2088,25926.1,False
1790650536,5584,miner-full,12104,2088,2092,25946.3,False
1790650546,5477,miner-full,12104,2084,2088,25965.3,False
1790650557,5349,miner-full,12104,2088,2092,25983.2,False
1790650568,5119,miner-full,12104,2088,2092,26002.3,False
1790650578,5087,miner-full,12104,2088,2092,26022.8,False
1790650589,4880,miner-full,12104,2088,2092,26042.4,False
1790650599,4809,miner-full,12104,2088,2092,26060.6,False
1790650610,5032,miner-full,12104,2088,2092,26080.3,False
1790650621,4940,miner-full,12104,2088,2092,26099.4,False
1790650631,4924,miner-full,12104,2088,2092,26120.2,False
1790650642,4839,miner-full,12104,2088,2092,26140.9,False
1790650652,4793,miner-full,12104,2088,2092,26159.1,False
1790650663,5058,miner-full,12104,2088,2092,26177,False
1790650674,5233,miner-full,12104,2088,2092,26196.8,False
1790650684,5318,miner-full,12104,2084,2088,26216.3,False
1790650695,5143,miner-full,12104,2088,2092,26235.1,False
1790650705,5056,miner-full,12104,2088,2092,26252.9,False
1790650716,4966,miner-full,12104,2088,2092,26271.8,False
1790650726,5708,miner-full,12104,2088,2092,26292.3,False
1790650737,5759,miner-full,12104,2088,2092,26311.1,False
1790650747,5719,miner-full,12104,2088,2092,26328.8,False
1790650757,5686,miner-full,12104,2088,2092,26348.9,False
1790650768,5634,miner-full,12104,2084,2088,26368.7,False
1790650778,6029,miner-full,12104,2088,2092,26387,False
1790650788,5865,miner-full,12104,2088,2092,26407.4,False
1790650799,6050,miner-full,12104,2088,2092,26427.8,False
1790650809,6048,miner-full,12104,2088,2092,26448.2,False
1790650819,5924,miner-full,12104,2088,2092,26468.7,False
1790650830,5832,miner-full,12104,2088,2092,26487.7,False
1790650840,5868,miner-full,12104,2088,2092,26505.1,False
1790650851,5812,miner-full,12104,2088,2092,26524.3,False
1790650861,5772,miner-full,12104,2088,2092,26543.5,False
1790650871,5709,miner-full,12104,2088,2092,26562.7,False
1790650881,5349,miner-full,12104,2088,2092,26581.9,False
1790650892,5808,miner-full,12104,2088,2092,26602.5,False
1790650902,5599,miner-full,12104,2088,2092,26622.9,False
1790650912,5537,miner-full,12104,2084,2088,26642.9,False
1790650923,5486,miner-full,12104,2088,2092,26662.2,False
1790650934,5731,miner-full,12104,2088,2092,26682.7,False
1790650944,6043,miner-full,12104,2088,2092,26703.3,False
1790650954,5822,miner-full,12104,2088,2092,26721,False
1790650965,5770,miner-full,12104,2088,2092,26739.9,False
1790650975,5820,miner-full,12104,2088,2092,26760.3,False
1790650985,6399,miner-full,12104,2088,2092,26779.3,False
1790650996,6451,miner-full,12104,2088,2092,26797.4,False
1790651006,6428,miner-full,12104,2084,2088,26815.7,False
1790651016,6470,miner-full,12104,2088,2092,26832.2,False
1790651026,6818,miner-full,12104,2088,2092,26851.9,False
1790651037,6794,miner-full,12104,2088,2092,26872.2,False
1790651047,6794,miner-full,12104,2088,2092,26891.7,False
1790651057,6806,miner-full,12104,2084,2088,26910.8,False
1790651067,6817,miner-full,12104,2088,2092,26930.5,False
1790651078,6804,miner-full,12104,2088,2092,26950.9,False
1790651088,6808,miner-full,12104,2088,2092,26969.3,False
1790651098,6795,miner-full,12104,2088,2092,26987.5,False
1790651108,6796,miner-full,12104,2088,2092,27007.9,False
1790651118,6793,miner-full,12104,2088,2092,27027.2,False
1790651129,6809,miner-full,12104,2084,2088,27046,False
1790651139,6810,miner-full,12104,2088,2092,27066.1,False
1790651149,6780,miner-full,12104,2088,2092,27083.4,False
1790651159,6807,miner-full,12104,2088,2092,27102.7,False
1790651170,6441,miner-full,12104,2088,2092,27122.1,False
1790651180,6283,miner-full,12104,2088,2092,27141.4,False
1790651190,6016,miner-full,12104,2088,2092,27157.7,False
1790651201,5978,miner-full,12104,2088,2092,27175.9,False
1790651211,6016,miner-full,12104,2088,2092,27195.2,False
1790651221,5978,miner-full,12104,2088,2092,27210.3,False
1790651231,5755,miner-full,12104,2088,2092,27228.2,False
1790651242,5743,miner-full,12104,2088,2092,27248.6,False
1790651252,5911,miner-full,12104,2088,2092,27266.9,False
1790651262,5730,miner-full,12104,2088,2092,27286.1,False
1790651272,5228,miner-full,12104,2088,2092,27304.4,False
1790651282,5196,miner-full,12104,2084,2088,27324.1,False
1790651293,6763,miner-full,12104,2088,2092,27342.7,False
1790651303,6640,miner-full,12104,2084,2088,27361.6,False
1790651314,6746,miner-full,12104,2088,2092,27379.2,False
1790651324,6492,miner-full,12104,2088,2092,27398.6,False
1790651334,6259,miner-full,12104,2088,2092,27416.7,False
1790651344,6056,miner-full,12104,2088,2092,27437.2,False
1790651355,6006,miner-full,12104,2088,2092,27457.6,False
1790651365,5124,miner-full,12104,2088,2092,27478,False
1790651375,4976,miner-full,12104,2088,2092,27496.4,False
1790651385,6780,miner-full,12104,2088,2092,27516.4,False
1790651396,6762,miner-full,12104,2088,2092,27532.7,False
1790651406,4713,miner-full,12104,2088,2092,27550.7,False
1790651416,5739,miner-full,12104,2088,2092,27571.2,False
1790651427,4964,miner-full,12104,2088,2092,27590.6,False
1790651437,6779,miner-full,12104,2088,2092,27609.8,False
1790651447,6745,miner-full,12104,2088,2092,27630.2,False
1790651457,6767,miner-full,12104,2088,2092,27649.4,False
1790651468,6766,miner-full,12104,2088,2092,27668.9,False
1790651478,6768,miner-full,12104,2084,2088,27687.7,False
1790651488,6769,miner-full,12104,2088,2092,27704.3,False
1790651498,6667,miner-full,12104,2088,2092,27720.8,False
1790651509,6840,miner-full,12104,2088,2092,27740,False
1790651519,6823,miner-full,12104,2088,2092,27758.1,False
1790651529,6822,miner-full,12104,2088,2092,27777.4,False
1790651539,6655,miner-full,12104,2088,2092,27797.8,False
1790651550,6653,miner-full,12104,2088,2092,27817.1,False
1790651560,6549,miner-full,12104,2088,2092,27834.5,False
1790651570,6633,miner-full,12104,2088,2092,27853.8,False
1790651580,6649,miner-full,12104,2088,2092,27873.2,False
1790651591,6672,miner-full,12104,2088,2092,27890.3,False
1790651601,6628,miner-full,12104,2088,2092,27909.6,False
1790651611,6651,miner-full,12104,2088,2092,27928,False
1790651621,6626,miner-full,12104,2088,2092,27947.4,False
1790651631,6642,miner-full,12104,2088,2092,27967.8,False
1790651642,6602,miner-full,12104,2088,2092,27985.6,False
1790651653,6607,miner-full,12104,2088,2092,28003.7,False
1790651663,6638,miner-full,12104,2088,2092,28023,False
1790651673,6650,miner-full,12104,2088,2092,28043.5,False
1790651684,6616,miner-full,12104,2088,2092,28061.8,False
1790651694,6563,miner-full,12104,2088,2092,28082.3,False
1790651704,6637,miner-full,12104,2088,2092,28102.5,False
1790651714,6612,miner-full,12104,2088,2092,28121.9,False
1790651725,6600,miner-full,12104,2088,2092,28141.1,False
1790651735,6604,miner-full,12104,2088,2092,28161.2,False
1790651745,6626,miner-full,12104,2088,2092,28180,False
1790651755,6413,miner-full,12104,2088,2092,28194.9,False
1790651766,6169,miner-full,12104,2088,2092,28208.1,False
1790651777,5579,miner-full,12104,2088,2092,28223.2,False
1790651789,4824,miner-full,12104,2088,2092,28235.4,False
1790651799,5351,miner-full,12104,2088,2092,28250.6,False
1790651810,5547,miner-full,12104,2088,2092,28266.9,False
1790651822,4031,miner-full,12104,2088,2092,28282.8,False
1790651833,4005,miner-full,12104,2088,2092,28296.6,False
1790651844,3333,miner-full,12104,2088,2092,28310.8,False
1790651855,3683,miner-full,12104,2088,2092,28322.5,False
1790651866,3029,miner-full,12104,2088,2092,28336.1,False
1790651877,2100,miner-full,12104,2088,2092,28350.2,False
1790651887,1729,miner-full,12104,2088,2092,28361.8,False
1790651898,1788,miner-full,12104,2088,2092,28377.5,False
1790651909,3692,miner-full,12104,2088,2092,28394.2,False
1790651920,4180,miner-full,12104,2084,2088,28409,False
1790651932,3539,miner-full,12104,2088,2092,28424.7,False
1790651942,2680,miner-full,12104,2088,2092,28439.3,False
1790651953,3060,miner-full,12104,2084,2088,28454.4,False
1790651964,6685,miner-full,12104,2088,2092,28465.3,False
1790651975,5774,miner-full,12104,2088,2092,28481.8,False
1790651986,6642,miner-full,12104,2088,2092,28498.5,False
1790651996,6665,miner-full,12104,2084,2088,28517.2,False
1790652007,6680,miner-full,12104,2088,2092,28534.9,False
1790652017,6569,miner-full,12104,2088,2092,28554,False
1790652027,6135,miner-full,12104,2088,2092,28568.4,False
1790652038,5404,miner-full,12104,2088,2092,28582.8,False
1790652049,6635,miner-full,12104,2088,2092,28603.1,False
1790652059,6638,miner-full,12104,2088,2092,28622.6,False
1790652069,6615,miner-full,12104,2088,2092,28639.6,False
1790652079,6533,miner-full,12104,2088,2092,28659,False
1790652090,6593,miner-full,12104,2088,2092,28677.4,False
1790652100,6613,miner-full,12104,2088,2092,28695.6,False
1790652110,6627,miner-full,12104,2088,2092,28715.1,False
1790652121,5914,miner-full,12104,2088,2092,28730.7,False
1790652132,4687,miner-full,12104,2088,2092,28745.2,False
1790652144,3808,miner-full,12104,2088,2092,28759.9,False
1790652154,3567,miner-full,12104,2088,2092,28771.7,False
1790652165,2625,miner-full,12104,2088,2092,28787.4,False
1790652176,2033,miner-full,12104,2088,2092,28802.7,False
1790652187,2765,miner-full,12104,2088,2092,28817.1,False
1790652198,5904,miner-full,12104,2088,2092,28831.4,False
1790652209,4807,miner-full,12104,2084,2088,28844.8,False
1790652220,4268,miner-full,12104,2088,2092,28859.3,False
1790652231,6127,miner-full,12104,2088,2092,28873,False
1790652242,5552,miner-full,12104,2088,2092,28886.4,False
1790652254,5961,miner-full,12104,2088,2092,28900.5,False
1790652264,5217,miner-full,12104,2088,2092,28912.6,False
1790652275,5192,miner-full,12104,2088,2092,28928.1,False
1790652286,3984,miner-full,12104,2088,2092,28942.6,False
1790652297,3586,miner-full,12104,2088,2092,28958.2,False
1790652308,3012,miner-full,12104,2088,2092,28971.1,False
1790652320,2123,miner-full,12104,2088,2092,28988.4,False
1790652331,1350,miner-full,12104,2088,2092,29004.9,False
1790652342,679,miner-full,12104,2088,2092,29018.2,False
1790652353,743,miner-full,12104,2088,2092,29031.1,False
1790652353,743,SUSPENDED light miner 7120
1790652365,537,miner-full,12104,810,2092,29042.9,False
1790652375,362,miner-full,12104,1123,2092,29049.8,False
1790652386,934,miner-full,12104,1808,2092,29055.8,False
1790652397,1835,miner-full,12104,2065,2092,29065.2,False
1790652408,3009,miner-full,12104,2080,2092,29077.1,False
1790652408,3009,RESUMED light miner 7120
1790652418,7977,miner-full,12104,2084,2092,29095.4,False
1790652429,8017,miner-full,12104,2085,2092,29114.7,False
1790652439,8005,miner-full,12104,2086,2092,29135.1,False
1790652449,8022,miner-full,12104,2086,2092,29155.5,False
1790652459,7199,miner-full,12104,2084,2090,29170.1,False
1790652471,6008,miner-full,12104,2087,2092,29183.7,False
1790652483,5728,miner-full,12104,2087,2092,29195.8,False
1790652494,5226,miner-full,12104,2087,2092,29207.9,False
1790652505,3692,miner-full,12104,2087,2092,29225.8,False
1790652517,3876,miner-full,12104,2087,2092,29238.5,False
1790652528,3821,miner-full,12104,2087,2092,29251.8,False
1790652539,3181,miner-full,12104,2087,2092,29262.7,False
1790652550,6685,miner-full,12104,2087,2092,29276.1,False
1790652562,5577,miner-full,12104,2087,2092,29289.8,False
1790652573,5485,miner-full,12104,2087,2092,29303.4,False
1790652585,5242,miner-full,12104,2087,2092,29315.6,False
1790652596,3768,miner-full,12104,2087,2092,29332,False
1790652607,3764,miner-full,12104,2087,2092,29341.3,False
1790652619,3671,miner-full,12104,2087,2092,29352.1,False
1790652629,3510,miner-full,12104,2087,2092,29364.5,False
1790652640,7466,miner-full,12104,2088,2092,29380,False
1790652651,7014,miner-full,12104,2088,2092,29395.2,False
1790652663,6087,miner-full,12104,2088,2092,29411.1,False
1790652674,6031,miner-full,12104,2088,2092,29424.9,False
1790652685,5583,miner-full,12104,2088,2092,29439.4,False
1790652696,4094,miner-full,12104,2088,2092,29454.9,False
1790652708,4145,miner-full,12104,2088,2092,29468.4,False
1790652719,3763,miner-full,12104,2088,2092,29481.9,False
1790652731,3042,miner-full,12104,2088,2092,29496.3,False
1790652742,6434,miner-full,12104,2088,2092,29512.3,False
1790652753,5465,miner-full,12104,2088,2092,29525.1,False
1790652764,5435,miner-full,12104,2088,2092,29534.8,False
1790652775,5077,miner-full,12104,2088,2092,29549.4,False
1790652787,3775,miner-full,12104,2088,2092,29564.2,False
1790652797,3431,miner-full,12104,2088,2092,29575.2,False
1790652809,3498,miner-full,12104,2088,2092,29588.2,False
1790652820,3060,miner-full,12104,2088,2092,29601.5,False
1790652831,6657,miner-full,12104,2088,2092,29615.6,False
1790652842,5820,miner-full,12104,2088,2092,29628.8,False
1790652853,5581,miner-full,12104,2088,2092,29639.9,False
1790652865,4296,miner-full,12104,2088,2092,29652.8,False
1790652875,4306,miner-full,12104,2088,2092,29665.2,False
1790652886,4096,miner-full,12104,2088,2092,29679.5,False
1790652897,6678,miner-full,12104,2088,2092,29693.6,False
1790652909,5818,miner-full,12104,2088,2092,29705.9,False
1790652920,5610,miner-full,12104,2088,2092,29720.2,False
1790652932,4803,miner-full,12104,2088,2092,29733.3,False
1790652943,3720,miner-full,12104,2088,2092,29749.9,False
1790652954,3987,miner-full,12104,2088,2092,29762.9,False
1790652966,3488,miner-full,12104,2088,2092,29777.4,False
1790652977,6340,miner-full,12104,2088,2092,29794,False
1790652988,5495,miner-full,12104,2088,2092,29807,False
1790653000,5541,miner-full,12104,2088,2092,29817.6,False
1790653011,5055,miner-full,12104,2088,2092,29829.3,False
1790653022,4116,miner-full,12104,2088,2092,29844.6,False
1790653033,4132,miner-full,12104,2088,2092,29855.1,False
1790653044,3619,miner-full,12104,2088,2092,29868.1,False
1790653055,6682,miner-full,12104,2088,2092,29882.5,False
1790653066,6388,miner-full,12104,2088,2092,29896.6,False
1790653077,5539,miner-full,12104,2084,2088,29908.6,False
1790653088,5358,miner-full,12104,2088,2092,29919.6,False
1790653100,4546,miner-full,12104,2088,2092,29931.2,False
1790653111,3981,miner-full,12104,2088,2092,29944.9,False
1790653122,3801,miner-full,12104,2088,2092,29955.8,False
1790653134,3314,miner-full,12104,2088,2092,29968.5,False
1790653145,6105,miner-full,12104,2088,2092,29983.2,False
1790653157,5237,miner-full,12104,2088,2092,29996.9,False
1790653168,5153,miner-full,12104,2088,2092,30007.5,False
1790653180,4440,miner-full,12104,2088,2092,30023.2,False
1790653190,3629,miner-full,12104,2088,2092,30035.2,False
1790653202,3866,miner-full,12104,2088,2092,30046.6,False
1790653213,3242,miner-full,12104,2088,2092,30060.1,False
1790653224,6467,miner-full,12104,2088,2092,30077.6,False
1790653235,5379,miner-full,12104,2088,2092,30089.8,False
1790653247,5378,miner-full,12104,2084,2088,30099.5,False
1790653259,5046,miner-full,12104,2088,2092,30110.6,False
1790653270,3635,miner-full,12104,2088,2092,30128.4,False
1790653281,3596,miner-full,12104,2088,2092,30137.5,False
1790653293,3281,miner-full,12104,2088,2092,30149.8,False
1790653304,2796,miner-full,12104,2088,2092,30163.9,False
1790653315,6764,miner-full,12104,2088,2092,30182.6,False
1790653325,6795,miner-full,12104,2088,2092,30199.9,False
1790653335,6411,miner-full,12104,2088,2092,30218.6,False
1790653346,6377,miner-full,12104,2088,2092,30239.2,False
1790653356,6320,miner-full,12104,2088,2092,30258.1,False
1790653366,6312,miner-full,12104,2088,2092,30275,False
1790653377,6159,miner-full,12104,2088,2092,30292.5,False
1790653387,5889,miner-full,12104,2088,2092,30311.4,False
1790653397,5970,miner-full,12104,2084,2088,30329.5,False
1790653408,6028,miner-full,12104,2088,2092,30347,False
1790653418,5955,miner-full,12104,2088,2092,30366,False
1790653429,5967,miner-full,12104,2088,2092,30384.4,False
1790653439,6012,miner-full,12104,2088,2092,30401.1,False
1790653449,5883,miner-full,12104,2088,2092,30420.5,False
1790653460,5919,miner-full,12104,2088,2092,30438.7,False
1790653470,6314,miner-full,12104,2088,2092,30457.1,False
1790653480,6182,miner-full,12104,2088,2092,30475.1,False
1790653491,6352,miner-full,12104,2088,2092,30494.1,False
1790653501,5995,miner-full,12104,2088,2092,30512.3,False
1790653511,5852,miner-full,12104,2088,2092,30528.4,False
1790653522,6527,miner-full,12104,2088,2092,30546.4,False
1790653532,6369,miner-full,12104,2088,2092,30564.9,False
1790653542,6306,miner-full,12104,2088,2092,30585,False
1790653553,5948,miner-full,12104,2088,2092,30604.6,False
1790653563,5815,miner-full,12104,2088,2092,30623.7,False
1790653574,5631,miner-full,12104,2088,2092,30643.1,False
1790653584,6422,miner-full,12104,2088,2092,30663.5,False
1790653594,6403,miner-full,12104,2088,2092,30682.7,False
1790653605,6449,miner-full,12104,2088,2092,30702,False
1790653615,6410,miner-full,12104,2088,2092,30720.3,False
1790653625,6347,miner-full,12104,2088,2092,30737.3,False
1790653635,6391,miner-full,12104,2088,2092,30754.5,False
1790653646,6153,miner-full,12104,2088,2092,30773.8,False
1790653656,6264,miner-full,12104,2088,2092,30793.3,False
1790653666,6230,miner-full,12104,2088,2092,30812.6,False
1790653677,6256,miner-full,12104,2088,2092,30831.7,False
1790653687,6234,miner-full,12104,2088,2092,30848.6,False
1790653697,6212,miner-full,12104,2088,2092,30867.9,False
1790653707,6118,miner-full,12104,2088,2092,30888.4,False
1790653718,6122,miner-full,12104,2084,2088,30907.9,False
1790653728,6959,miner-full,12104,2088,2092,30926.4,False
1790653738,6933,miner-full,12104,2088,2092,30945.7,False
1790653749,6645,miner-full,12104,2088,2092,30965,False
1790653759,6245,miner-full,12104,2088,2092,30985.1,False
1790653769,6137,miner-full,12104,2088,2092,31001.5,False
1790653779,6087,miner-full,12104,2088,2092,31020.7,False
1790653790,6107,miner-full,12104,2088,2092,31041.2,False
1790653800,5953,miner-full,12104,2088,2092,31060.4,False
1790653810,5814,miner-full,12104,2088,2092,31079.2,False
1790653821,5748,miner-full,12104,2088,2092,31096.8,False
1790653831,6278,miner-full,12104,2088,2092,31117.2,False
1790653842,6020,miner-full,12104,2088,2092,31137.7,False
1790653852,6113,miner-full,12104,2088,2092,31155.8,False
1790653862,6107,miner-full,12104,2088,2092,31173.9,False
1790653872,6094,miner-full,12104,2088,2092,31193,False
1790653883,6272,miner-full,12104,2088,2092,31213.4,False
1790653893,6436,miner-full,12104,2088,2092,31232.9,False
1790653903,6340,miner-full,12104,2088,2092,31250.7,False
1790653914,6352,miner-full,12104,2088,2092,31270.1,False
1790653924,6324,miner-full,12104,2088,2092,31290.5,False
1790653934,6198,miner-full,12104,2088,2092,31308.5,False
1790653945,5909,miner-full,12104,2088,2092,31328.9,False
1790653955,3006,miner-full,12104,4424,4433,31360,False
1790653966,2917,miner-full,12104,4424,4433,31414.4,False
1790653977,3220,miner-full,12104,4424,4433,31470.4,False
1790653989,3499,miner-full,12104,4425,4433,31531.2,False
1790654000,3527,miner-full,12104,4424,4433,31592,False
1790654011,3031,miner-full,12104,4424,4433,31647.5,False
1790654022,2725,miner-full,12104,4420,4429,31698.4,False
1790654033,2617,miner-full,12104,4425,4433,31749,False
1790654044,2910,miner-full,12104,4424,4433,31803.2,False
1790654056,3041,miner-full,12104,4424,4433,31852,False
1790654067,2846,miner-full,12104,4425,4433,31900.2,False
1790654078,3174,miner-full,12104,4425,4433,31955.8,False
1790654089,3154,miner-full,12104,4425,4433,32012.6,False
1790654101,2307,miner-full,12104,4425,4433,32065,False
1790654113,2383,miner-full,12104,4425,4433,32123.4,False
1790654124,2175,miner-full,12104,4425,4433,32180.4,False
1790654135,2144,miner-full,12104,4425,4433,32240,False
1790654146,2115,miner-full,12104,4425,4433,32296,False
1790654157,2129,miner-full,12104,4425,4433,32352,False
1790654169,2047,miner-full,12104,4425,4433,32408.9,False
1790654180,2098,miner-full,12104,4425,4433,32466.8,False
1790654191,2132,miner-full,12104,4425,4433,32524.5,False
1790654202,2093,miner-full,12104,4425,4433,32581.6,False
1790654213,2051,miner-full,12104,4425,4433,32639.8,False
1790654224,2254,miner-full,12104,4294,4433,32692.7,False
1790654235,2553,miner-full,12104,4284,4433,32746.7,False
1790654246,2796,miner-full,12104,4279,4433,32803.6,False
1790654258,3428,miner-full,12104,4357,4433,32860,False
1790654269,2571,miner-full,12104,4423,4433,32908.2,False
1790654280,2561,miner-full,12104,4169,4176,32928.8,False
1790654290,2706,miner-full,12104,4169,4176,32949.1,False
1790654300,2608,miner-full,12104,4169,4176,32968.2,False
1790654311,2691,miner-full,12104,4169,4176,32986.4,False
1790654321,2810,miner-full,12104,4169,4176,33005.6,False
1790654331,2409,miner-full,12104,4169,4176,33024,False
1790654342,2438,miner-full,12104,4169,4176,33041.3,False
1790654352,2472,miner-full,12104,4169,4176,33059.3,False
1790654362,2533,miner-full,12104,4169,4176,33076.4,False
1790654373,2689,miner-full,12104,4169,4176,33095.5,False
1790654383,2619,miner-full,12104,4169,4176,33113.6,False
1790654393,2569,miner-full,12104,4169,4176,33130.8,False
1790654403,2539,miner-full,12104,4169,4176,33150,False
1790654414,2634,miner-full,12104,4169,4176,33169.3,False
1790654424,2304,miner-full,12104,4169,4176,33189.5,False
1790654434,2515,miner-full,12104,4168,4176,33208.5,False
1790654445,3062,miner-full,12104,4168,4176,33226.6,False
1790654455,2730,miner-full,12104,4168,4176,33247,False
1790654465,2713,miner-full,12104,4168,4176,33266.3,False
1790654475,2571,miner-full,12104,4168,4176,33285.6,False
1790654486,2574,miner-full,12104,4168,4176,33304.7,False
1790654496,2548,miner-full,12104,4168,4176,33325.2,False
1790654506,2499,miner-full,12104,4168,4176,33344.5,False
1790654516,2515,miner-full,12104,4168,4176,33361.7,False
1790654527,2928,miner-full,12104,4168,4176,33382.2,False
1790654537,2610,miner-full,12104,4168,4176,33401.4,False
1790654547,2614,miner-full,12104,4168,4176,33421.9,False
1790654558,2520,miner-full,12104,4164,4172,33440.7,False
1790654568,2577,miner-full,12104,4168,4176,33460.6,False
1790654578,2515,miner-full,12104,4168,4176,33478.7,False
1790654588,2389,miner-full,12104,4168,4176,33496.8,False
1790654599,3320,miner-full,12104,4168,4176,33517.2,False
1790654609,2872,miner-full,12104,4168,4176,33537.6,False
1790654619,2691,miner-full,12104,4168,4176,33554.4,False
1790654629,2814,miner-full,12104,4168,4176,33572.5,False
1790654640,2849,miner-full,12104,4168,4176,33590.5,False
1790654650,2805,miner-full,12104,4168,4176,33611,False
1790654660,2718,miner-full,12104,4168,4176,33631.3,False
1790654670,2608,miner-full,12104,4168,4176,33649.7,False
1790654681,3379,miner-full,12104,4168,4176,33667.8,False
1790654691,2851,miner-full,12104,4168,4176,33686.8,False
1790654701,2817,miner-full,12104,4168,4176,33707.2,False
1790654712,2739,miner-full,12104,4168,4176,33727,False
1790654722,3075,miner-full,12104,4168,4176,33746.5,False
1790654732,2836,miner-full,12104,4168,4176,33766,False
1790654743,2774,miner-full,12104,4168,4176,33785.2,False
1790654754,2591,miner-full,12104,4164,4172,33803.2,False
1790654764,3037,miner-full,12104,4168,4176,33820.2,False
1790654774,2812,miner-full,12104,4168,4176,33840.7,False
1790654784,2683,miner-full,12104,4168,4176,33860.7,False
1790654795,3074,miner-full,12104,4168,4176,33881,False
1790654805,3252,miner-full,12104,4168,4176,33901.3,False
1790654815,2835,miner-full,12104,4168,4176,33920.6,False
1790654825,3091,miner-full,12104,4164,4172,33940.1,False
1790654836,2721,miner-full,12104,4168,4176,33957.2,False
1790654846,2617,miner-full,12104,4168,4176,33977.6,False
1790654856,2666,miner-full,12104,4168,4176,33997,False
1790654866,2629,miner-full,12104,4168,4176,34017.2,False
1790654877,2643,miner-full,12104,4168,4176,34037.6,False
1790654887,2613,miner-full,12104,4168,4176,34056.7,False
1790654897,2587,miner-full,12104,4168,4176,34072.2,False
1790654908,2534,miner-full,12104,4168,4176,34089.9,False
1790654918,2497,miner-full,12104,4168,4176,34108.9,False
1790654928,2846,miner-full,12104,4168,4176,34128.1,False
1790654938,2669,miner-full,12104,4168,4176,34146.8,False
1790654949,2535,miner-full,12104,4168,4176,34164.3,False
1790654959,2557,miner-full,12104,4168,4176,34182.6,False
1790654969,2497,miner-full,12104,4168,4176,34203.3,False
1790654980,2509,miner-full,12104,4168,4176,34222.6,False
1790654990,2703,miner-full,12104,4168,4176,34240.8,False
1790655000,2664,miner-full,12104,4168,4176,34261.1,False
1790655011,2339,miner-full,12104,4168,4176,34281.6,False
1790655021,2557,miner-full,12104,4168,4176,34300.9,False
1790655031,2510,miner-full,12104,4168,4176,34321.2,False
1790655042,2662,miner-full,12104,4168,4176,34339.7,False
1790655052,2695,miner-full,12104,4168,4176,34359.1,False
1790655062,2690,miner-full,12104,4168,4176,34378.4,False
1790655072,2669,miner-full,12104,4168,4176,34397.5,False
1790655083,2585,miner-full,12104,4168,4176,34416.8,False
1790655093,2688,miner-full,12104,4168,4176,34433.8,False
1790655103,2976,miner-full,12104,4168,4176,34453.1,False
1790655113,2962,miner-full,12104,4168,4176,34473.4,False
1790655124,2895,miner-full,12104,4168,4176,34494,False
1790655134,2862,miner-full,12104,4168,4176,34514.4,False
1790655144,3364,miner-full,12104,4168,4176,34534.9,False
1790655155,4065,miner-full,12104,4168,4176,34554.1,False
1790655165,3706,miner-full,12104,4168,4176,34574,False
1790655176,3795,miner-full,12104,4168,4176,34594.5,False
1790655186,3748,miner-full,12104,4168,4176,34613.8,False
1790655196,3712,miner-full,12104,4168,4176,34634.2,False
1790655206,3659,miner-full,12104,4168,4176,34653.4,False
1790655217,3662,miner-full,12104,4168,4176,34673.8,False
1790655227,3744,miner-full,12104,4168,4176,34693.2,False
1790655237,3779,miner-full,12104,4168,4176,34712.3,False
1790655247,3735,miner-full,12104,4168,4176,34731.9,False
1790655258,3715,miner-full,12104,4168,4176,34751.1,False
1790655268,3708,miner-full,12104,4168,4176,34771.7,False
1790655278,3663,miner-full,12104,4168,4176,34791,False
1790655289,3899,miner-full,12104,4164,4172,34810,False
1790655299,3870,miner-full,12104,4168,4176,34828.6,False
1790655309,3830,miner-full,12104,4168,4176,34848.7,False
1790655319,3943,miner-full,12104,4168,4176,34868.3,False
1790655330,3857,miner-full,12104,4168,4176,34887.6,False
1790655340,3834,miner-full,12104,4168,4176,34908.1,False
1790655350,3907,miner-full,12104,4168,4176,34926.3,False
1790655361,3843,miner-full,12104,4168,4176,34946.8,False
1790655371,3895,miner-full,12104,4168,4176,34964.9,False
1790655381,3864,miner-full,12104,4168,4176,34984.2,False
1790655391,4003,miner-full,12104,4168,4176,35004.8,False
1790655402,3762,miner-full,12104,4168,4176,35021.6,False
1790655412,3801,miner-full,12104,4168,4176,35041,False
1790655422,3917,miner-full,12104,4164,4172,35058.8,False
1790655433,3887,miner-full,12104,4168,4176,35078.4,False
1790655443,3845,miner-full,12104,4168,4176,35097.7,False
1790655453,3930,miner-full,12104,4168,4176,35115.7,False
1790655463,3860,miner-full,12104,4168,4176,35135,False
1790655474,3941,miner-full,12104,4168,4176,35154.4,False
1790655484,3901,miner-full,12104,4164,4172,35173.3,False
1790655494,3859,miner-full,12104,4168,4176,35191.9,False
1790655505,3863,miner-full,12104,4164,4172,35211.7,False
1790655515,3989,miner-full,12104,4168,4176,35231.6,False
1790655526,3819,miner-full,12104,4168,4176,35249.7,False
1790655536,3689,miner-full,12104,4168,4176,35270.2,False
1790655546,3949,miner-full,12104,4168,4176,35289.5,False
1790655557,3777,miner-full,12104,4168,4176,35306.6,False
1790655567,3709,miner-full,12104,4168,4176,35327,False
1790655577,3876,miner-full,12104,4168,4176,35344.2,False
1790655587,3897,miner-full,12104,4168,4176,35362.3,False
1790655598,3639,miner-full,12104,4168,4176,35381.7,False
1790655608,3849,miner-full,12104,4168,4176,35399.6,False
1790655618,3848,miner-full,12104,4168,4176,35420,False
1790655628,3832,miner-full,12104,4168,4176,35439.3,False
1790655639,3843,miner-full,12104,4168,4176,35457.5,False
1790655649,3666,miner-full,12104,4168,4176,35476.4,False
1790655660,4013,miner-full,12104,4168,4176,35495.5,False
1790655670,3836,miner-full,12104,4168,4176,35514.9,False
1790655680,3671,miner-full,12104,4168,4176,35534.1,False
1790655690,3669,miner-full,12104,4168,4176,35554.5,False
1790655701,3642,miner-full,12104,4168,4176,35573.8,False
1790655711,3679,miner-full,12104,4168,4176,35593.1,False
1790655721,3617,miner-full,12104,4168,4176,35611.5,False
1790655732,3413,miner-full,12104,4168,4176,35629.5,False
1790655742,3959,miner-full,12104,4168,4176,35650,False
1790655752,3809,miner-full,12104,4168,4176,35670.4,False
1790655762,3674,miner-full,12104,4168,4176,35688.7,False
1790655773,3658,miner-full,12104,4168,4176,35706.6,False
1790655783,3674,miner-full,12104,4168,4176,35727,False
1790655793,3527,miner-full,12104,4168,4176,35747.6,False
1790655804,3579,miner-full,12104,4168,4176,35767.9,False
1790655814,3490,miner-full,12104,4168,4176,35788.3,False
1790655824,3957,miner-full,12104,4168,4176,35808.7,False
1790655834,3813,miner-full,12104,4168,4176,35827.9,False
1790655845,3692,miner-full,12104,4168,4176,35846,False
1790655855,3659,miner-full,12104,4168,4176,35865.2,False
1790655865,3616,miner-full,12104,4169,4176,35883.3,False
1790655875,3630,miner-full,12104,4169,4176,35903.8,False
1790655886,3577,miner-full,12104,4169,4176,35924.2,False
1790655896,3555,miner-full,12104,4169,4176,35942.4,False
1790655906,3946,miner-full,12104,4169,4176,35962.9,False
1790655917,3720,miner-full,12104,4169,4176,35982.3,False
1790655927,3480,miner-full,12104,4169,4176,36000.3,False
1790655937,3403,miner-full,12104,4169,4176,36019.7,False
1790655947,3521,miner-full,12104,4169,4176,36039.1,False
1790655958,3382,miner-full,12104,4169,4176,36059.6,False
1790655968,3392,miner-full,12104,4169,4176,36077.8,False
1790655978,3307,miner-full,12104,4169,4176,36097.1,False
1790655989,3482,miner-full,12104,4169,4176,36116.4,False
1790655999,3421,miner-full,12104,4169,4176,36135.6,False
1790656009,3380,miner-full,12104,4169,4176,36156.1,False
1790656019,3367,miner-full,12104,4169,4176,36176.5,False
1790656030,3398,miner-full,12104,4169,4176,36197,False
1790656041,3370,miner-full,12104,4169,4176,36215.2,False
1790656051,5491,miner-full,12104,2088,2092,36234.4,False
1790656061,5405,miner-full,12104,2088,2092,36253.8,False
1790656072,5492,miner-full,12104,2088,2092,36273,False
1790656082,5452,miner-full,12104,2088,2092,36292.3,False
1790656092,5467,miner-full,12104,2084,2088,36309.4,False
1790656102,6096,miner-full,12104,2088,2092,36329.7,False
1790656113,6102,miner-full,12104,2088,2092,36350.1,False
1790656123,6431,miner-full,12104,2088,2092,36369.3,False
1790656133,6517,miner-full,12104,2088,2092,36389.8,False
1790656143,6375,miner-full,12104,2088,2092,36409.1,False
1790656154,6248,miner-full,12104,2088,2092,36427.2,False
1790656164,6232,miner-full,12104,2088,2092,36446.5,False
1790656174,6240,miner-full,12104,2088,2092,36466.1,False
1790656184,6088,miner-full,12104,2088,2092,36485.5,False
1790656195,6338,miner-full,12104,2084,2088,36502.9,False
1790656205,6086,miner-full,12104,2088,2092,36521.8,False
1790656215,6010,miner-full,12104,2088,2092,36540.9,False
1790656226,5945,miner-full,12104,2088,2092,36557.9,False
1790656236,6223,miner-full,12104,2088,2092,36577.3,False
1790656246,6306,miner-full,12104,2088,2092,36596.6,False
1790656256,6310,miner-full,12104,2088,2092,36615.9,False
1790656266,6134,miner-full,12104,2088,2092,36634.3,False
1790656277,6120,miner-full,12104,2088,2092,36654.7,False
1790656287,6067,miner-full,12104,2088,2092,36674.2,False
1790656297,6210,miner-full,12104,2088,2092,36693.4,False
1790656307,6277,miner-full,12104,2088,2092,36712.6,False
1790656318,6172,miner-full,12104,2088,2092,36732,False
1790656328,6128,miner-full,12104,2088,2092,36751.2,False
1790656338,6400,miner-full,12104,2088,2092,36769.5,False
1790656348,5928,miner-full,12104,2084,2088,36787.1,False
1790656359,5832,miner-full,12104,2089,2092,36806.2,False
1790656369,6135,miner-full,12104,2089,2092,36826.6,False
1790656379,6000,miner-full,12104,2089,2092,36845.8,False
1790656390,6084,miner-full,12104,2089,2092,36865.1,False
1790656400,6048,miner-full,12104,2089,2092,36885.6,False
1790656410,6052,miner-full,12104,2089,2092,36906.1,False
1790656420,6012,miner-full,12104,2089,2092,36925.4,False
1790656431,6003,miner-full,12104,2089,2092,36944.8,False
1790656441,6000,miner-full,12104,2089,2092,36964.2,False
1790656451,5870,miner-full,12104,2089,2092,36982.6,False
1790656461,5853,miner-full,12104,2089,2092,37000.9,False
1790656472,5843,miner-full,12104,2089,2092,37020.2,False
1790656482,5831,miner-full,12104,2089,2092,37039.6,False
1790656492,5810,miner-full,12104,2089,2092,37060,False
1790656502,5837,miner-full,12104,2089,2092,37080.3,False
1790656513,5719,miner-full,12104,2089,2092,37099.9,False
1790656523,6529,miner-full,12104,2089,2092,37119.1,False
1790656533,6517,miner-full,12104,2089,2092,37137.3,False
1790656543,6332,miner-full,12104,2089,2092,37157.7,False
1790656554,6205,miner-full,12104,2089,2092,37178.1,False
1790656564,6182,miner-full,12104,2084,2088,37198.4,False
1790656574,6026,miner-full,12104,2089,2092,37217.7,False
1790656584,6112,miner-full,12104,2089,2092,37238.1,False
1790656595,6501,miner-full,12104,2089,2092,37257.5,False
1790656605,6439,miner-full,12104,2084,2088,37276.2,False
1790656615,6175,miner-full,12104,2089,2092,37293.4,False
1790656626,6174,miner-full,12104,2089,2092,37312.8,False
1790656636,6154,miner-full,12104,2089,2092,37333.2,False
1790656646,6136,miner-full,12104,2089,2092,37353.6,False
1790656656,6494,miner-full,12104,2089,2092,37374,False
1790656666,6531,miner-full,12104,2089,2092,37393.1,False
1790656677,6176,miner-full,12104,2089,2092,37411.3,False
1790656687,6167,miner-full,12104,2089,2092,37429.4,False
1790656697,6171,miner-full,12104,2089,2092,37449.8,False
1790656707,6097,miner-full,12104,2089,2092,37470.2,False
1790656718,6190,miner-full,12104,2085,2088,37488.8,False
1790656728,6201,miner-full,12104,2087,2090,37506.5,False
1790656738,6203,miner-full,12104,2089,2092,37524.5,False
1790656748,6225,miner-full,12104,2089,2092,37543.9,False
1790656759,6251,miner-full,12104,2089,2092,37563.2,False
1790656769,6100,miner-full,12104,2089,2092,37582.5,False
1790656779,6184,miner-full,12104,2089,2092,37602.9,False
1790656789,6199,miner-full,12104,2089,2092,37623.3,False
1790656800,6218,miner-full,12104,2085,2088,37641.9,False
1790656810,6209,miner-full,12104,2089,2092,37661.9,False
1790656820,6213,miner-full,12104,2085,2088,37680.7,False
1790656830,6208,miner-full,12104,2089,2092,37699.4,False
1790656840,6206,miner-full,12104,2089,2092,37717.5,False
1790656851,6215,miner-full,12104,2089,2092,37736.8,False
1790656861,6205,miner-full,12104,2089,2092,37756.1,False
1790656871,6189,miner-full,12104,2089,2092,37776.4,False
1790656881,6197,miner-full,12104,2089,2092,37795.9,False
1790656892,6199,miner-full,12104,2089,2092,37814.1,False
1790656902,6108,miner-full,12104,2087,2090,37834.5,False
1790656912,6188,miner-full,12104,2089,2092,37850.4,False
1790656922,6200,miner-full,12104,2089,2092,37868.7,False
1790656933,6168,miner-full,12104,2089,2092,37888,False
1790656943,6191,miner-full,12104,2089,2092,37905.2,False
1790656953,6547,miner-full,12104,2085,2088,37922.7,False
1790656963,6426,miner-full,12104,2089,2092,37941.5,False
1790656974,6521,miner-full,12104,2089,2092,37961.9,False
1790656984,6514,miner-full,12104,2089,2092,37977.4,False
1790656994,6511,miner-full,12104,2089,2092,37996.7,False
1790657004,6512,miner-full,12104,2089,2092,38015.8,False
1790657014,6514,miner-full,12104,2089,2092,38036.2,False
1790657025,6510,miner-full,12104,2089,2092,38056.6,False
1790657035,6506,miner-full,12104,2088,2092,38077,False
1790657045,6495,miner-full,12104,2088,2092,38096.4,False
1790657055,6509,miner-full,12104,2088,2092,38116.9,False
1790657066,6501,miner-full,12104,2088,2092,38137.4,False
1790657076,6487,miner-full,12104,2089,2092,38156.6,False
1790657086,6471,miner-full,12104,2088,2092,38175.5,False
1790657098,6363,miner-full,12104,2089,2092,38189.9,False
1790657109,6464,miner-full,12104,2089,2092,38203.5,False
1790657119,6468,miner-full,12104,2088,2092,38214.7,False
1790657130,6465,miner-full,12104,2088,2092,38229.2,False
1790657142,6392,miner-full,12104,2086,2090,38243.6,False
1790657153,6414,miner-full,12104,2088,2092,38258.2,False
1790657165,5923,miner-full,12104,2088,2092,38274.5,False
1790657177,5963,miner-full,12104,2088,2092,38288,False
1790657188,5960,miner-full,12104,2088,2092,38300.8,False
1790657200,5949,miner-full,12104,2088,2092,38316.4,False
1790657211,5964,miner-full,12104,2088,2092,38328.8,False
1790657222,5907,miner-full,12104,2086,2090,38343.7,False
1790657233,5913,miner-full,12104,2088,2092,38358.6,False
1790657245,6512,miner-full,12104,2088,2092,38372.8,False
1790657255,6495,miner-full,12104,2088,2092,38393.2,False
1790657265,6476,miner-full,12104,2088,2092,38411.8,False
1790657275,6487,miner-full,12104,2089,2092,38430,False
1790657286,5960,miner-full,12104,2088,2092,38449.2,False
1790657296,6191,miner-full,12104,2089,2092,38468.5,False
1790657306,6295,miner-full,12104,2089,2092,38487.3,False
1790657317,6211,miner-full,12104,2089,2092,38506.5,False
1790657327,6013,miner-full,12104,2089,2092,38525.7,False
1790657337,6449,miner-full,12104,2089,2092,38544.8,False
1790657347,6181,miner-full,12104,2089,2092,38563.9,False
1790657358,6124,miner-full,12104,2089,2092,38582,False
1790657368,6000,miner-full,12104,2089,2092,38599.4,False
1790657378,5974,miner-full,12104,2089,2092,38618.5,False
1790657389,6041,miner-full,12104,2089,2092,38639,False
1790657399,6123,miner-full,12104,2089,2092,38659.4,False
1790657409,6105,miner-full,12104,2085,2088,38677.9,False
1790657420,6117,miner-full,12104,2089,2092,38697.1,False
1790657430,6179,miner-full,12104,2089,2092,38715.7,False
1790657440,6058,miner-full,12104,2089,2092,38736,False
1790657451,5457,miner-full,12104,2089,2092,38755.1,False
1790657461,5401,miner-full,12104,2089,2092,38773.1,False
1790657471,5466,miner-full,12104,2089,2092,38792.2,False
1790657481,5676,miner-full,12104,2089,2092,38811.4,False
1790657492,5331,miner-full,12104,2089,2092,38831.8,False
1790657502,5290,miner-full,12104,2089,2092,38850.8,False
1790657512,5270,miner-full,12104,2085,2088,38869.7,False
1790657522,5240,miner-full,12104,2089,2092,38889.4,False
1790657533,5286,miner-full,12104,2089,2092,38909.5,False
1790657544,5263,miner-full,12104,2089,2092,38926.6,False
1790657554,5133,miner-full,12104,2089,2092,38946.1,False
1790657564,5107,miner-full,12104,2089,2092,38966.5,False
1790657574,5415,miner-full,12104,2089,2092,38984.7,False
1790657585,5326,miner-full,12104,2089,2092,39003.9,False
1790657595,5390,miner-full,12104,2089,2092,39022.9,False
1790657605,5262,miner-full,12104,2089,2092,39042.3,False
1790657616,5137,miner-full,12104,2089,2092,39060.4,False
1790657626,5074,miner-full,12104,2089,2092,39078.6,False
1790657636,5021,miner-full,12104,2089,2092,39096.9,False
1790657646,5053,miner-full,12104,2089,2092,39117.3,False
1790657657,5030,miner-full,12104,2089,2092,39136.6,False
1790657667,5017,miner-full,12104,2089,2092,39155.9,False
1790657677,4867,miner-full,12104,2089,2092,39176.3,False
1790657688,5218,miner-full,12104,2089,2092,39196.8,False
1790657698,5011,miner-full,12104,2088,2092,39216.1,False
1790657708,5479,miner-full,12104,2088,2092,39234.3,False
1790657718,5230,miner-full,12104,2088,2092,39253.6,False
1790657729,5239,miner-full,12104,2089,2092,39273,False
1790657739,5209,miner-full,12104,2089,2092,39293.4,False
1790657749,5052,miner-full,12104,2089,2092,39312.6,False
1790657759,4971,miner-full,12104,2089,2092,39330.7,False
1790657770,5388,miner-full,12104,2089,2092,39350.1,False
1790657780,5773,miner-full,12104,2089,2092,39369.8,False
1790657791,5310,miner-full,12104,2089,2092,39390.2,False
1790657801,5452,miner-full,12104,2089,2092,39408.4,False
1790657811,5118,miner-full,12104,2089,2092,39426.7,False
1790657821,5220,miner-full,12104,2089,2092,39447.1,False
1790657832,5199,miner-full,12104,2089,2092,39466.4,False
1790657842,5135,miner-full,12104,2089,2092,39486.9,False
1790657852,5420,miner-full,12104,2089,2092,39507.3,False
1790657863,5262,miner-full,12104,2089,2092,39526.6,False
1790657873,5238,miner-full,12104,2089,2092,39544.9,False
1790657883,5596,miner-full,12104,2089,2092,39565.3,False
1790657893,5330,miner-full,12104,2089,2092,39585.8,False
1790657904,5299,miner-full,12104,2089,2092,39606.3,False
1790657914,5224,miner-full,12104,2089,2092,39625.6,False
1790657924,5276,miner-full,12104,2089,2092,39644.9,False
1790657935,5626,miner-full,12104,2085,2088,39661.7,False
1790657945,5330,miner-full,12104,2089,2092,39682.1,False
1790657955,5251,miner-full,12104,2087,2090,39700.1,False
1790657965,5171,miner-full,12104,2089,2092,39720.6,False
1790657976,5137,miner-full,12104,2089,2092,39740,False
1790657986,5000,miner-full,12104,2089,2092,39759.4,False
1790657996,4968,miner-full,12104,2089,2092,39777.4,False
1790658007,4731,miner-full,12104,2089,2092,39796.7,False
1790658017,4741,miner-full,12104,2089,2092,39814.5,False
1790658027,4493,miner-full,12104,2089,2092,39835,False
1790658037,4649,miner-full,12104,2089,2092,39852.5,False
1790658048,4617,miner-full,12104,2089,2092,39872.9,False
1790658058,4983,miner-full,12104,2089,2092,39892.2,False
1790658068,4803,miner-full,12104,2089,2092,39912.5,False
1790658079,4690,miner-full,12104,2089,2092,39930.5,False
1790658089,4693,miner-full,12104,2089,2092,39949.8,False
1790658099,4693,miner-full,12104,2089,2092,39969.2,False
1790658109,4649,miner-full,12104,2089,2092,39989.7,False
1790658120,4612,miner-full,12104,2089,2092,40008.8,False
1790658130,4547,miner-full,12104,2089,2092,40027.9,False
1790658140,5016,miner-full,12104,2089,2092,40048.2,False
1790658151,5451,miner-full,12104,2089,2092,40066.9,False
1790658162,5190,miner-full,12104,2089,2092,40086.2,False
1790658172,5154,miner-full,12104,2085,2088,40105.4,False
1790658182,5165,miner-full,12104,2089,2092,40124.8,False
1790658192,5158,miner-full,12104,2089,2092,40145.2,False
1790658203,5020,miner-full,12104,2089,2092,40165.5,False
1790658214,5020,miner-full,12104,2089,2092,40183.4,False
1790658224,5239,miner-full,12104,2089,2092,40201.4,False
1790658234,5620,miner-full,12104,2089,2092,40221.8,False
1790658244,5140,miner-full,12104,2085,2088,40241.3,False
1790658255,5096,miner-full,12104,2089,2092,40260.3,False
1790658265,5082,miner-full,12104,2089,2092,40277.5,False
1790658275,5061,miner-full,12104,2089,2092,40295.6,False
1790658285,5083,miner-full,12104,2089,2092,40314.8,False
1790658296,5031,miner-full,12104,2089,2092,40334,False
1790658306,5008,miner-full,12104,2089,2092,40354.3,False
1790658317,4863,miner-full,12104,2089,2092,40374.7,False
1790658327,5110,miner-full,12104,2089,2092,40395.1,False
1790658337,5742,miner-full,12104,2085,2088,40413.3,False
1790658348,5260,miner-full,12104,2089,2092,40432.5,False
1790658358,5271,miner-full,12104,2089,2092,40453,False
1790658368,5248,miner-full,12104,2089,2092,40473.4,False
1790658378,5228,miner-full,12104,2089,2092,40492.7,False
1790658389,5186,miner-full,12104,2087,2090,40511.9,False
1790658399,5150,miner-full,12104,2089,2092,40531.2,False
1790658409,5064,miner-full,12104,2089,2092,40551.7,False
1790658419,5402,miner-full,12104,2089,2092,40571.1,False
1790658430,5152,miner-full,12104,2089,2092,40589.2,False
1790658440,5159,miner-full,12104,2089,2092,40607.2,False
1790658450,5142,miner-full,12104,2089,2092,40626.6,False
1790658461,5177,miner-full,12104,2089,2092,40647.3,False
1790658471,5115,miner-full,12104,2089,2092,40665.5,False
1790658481,5086,miner-full,12104,2089,2092,40684.8,False
1790658491,5006,miner-full,12104,2089,2092,40705.3,False
1790658502,5127,miner-full,12104,2089,2092,40724.6,False
1790658512,5087,miner-full,12104,2089,2092,40745,False
1790658522,5195,miner-full,12104,2089,2092,40763.1,False
1790658533,5109,miner-full,12104,2089,2092,40781.4,False
1790658543,5045,miner-full,12104,2089,2092,40799.6,False
1790658554,5574,miner-full,12104,2089,2092,40820,False
1790658564,5421,miner-full,12104,2085,2088,40838.2,False
1790658574,5564,miner-full,12104,2085,2088,40856.1,False
1790658585,5395,miner-full,12104,2089,2092,40874.8,False
1790658595,5067,miner-full,12104,2089,2092,40893.9,False
1790658605,5388,miner-full,12104,2089,2092,40914.2,False
1790658616,5467,miner-full,12104,2089,2092,40934.7,False
1790658626,5441,miner-full,12104,2089,2092,40955.3,False
1790658636,5280,miner-full,12104,2089,2092,40975.5,False
1790658647,5235,miner-full,12104,2089,2092,40995.9,False
1790658657,5423,miner-full,12104,2089,2092,41015.4,False
1790658667,5311,miner-full,12104,2089,2092,41035.8,False
1790658678,5237,miner-full,12104,2089,2092,41056.2,False
1790658688,5347,miner-full,12104,2089,2092,41074.6,False
1790658698,5419,miner-full,12104,2089,2092,41093.8,False
1790658708,5404,miner-full,12104,2089,2092,41111.2,False
1790658719,5300,miner-full,12104,2089,2092,41131.4,False
1790658729,5293,miner-full,12104,2089,2092,41149.5,False
1790658740,5250,miner-full,12104,2089,2092,41167.7,False
1790658750,5351,miner-full,12104,2089,2092,41188,False
1790658760,5405,miner-full,12104,2089,2092,41207,False
1790658770,5405,miner-full,12104,2085,2088,41224.4,False
1790658781,5249,miner-full,12104,2089,2092,41243.1,False
1790658791,5287,miner-full,12104,2089,2092,41263.6,False
1790658801,5185,miner-full,12104,2089,2092,41284,False
1790658812,4646,miner-full,12104,2089,2092,41301.9,False
1790658822,4446,miner-full,12104,2089,2092,41319,False
1790658833,4354,miner-full,12104,2089,2092,41336.5,False
1790658843,4504,miner-full,12104,2089,2092,41355.8,False
1790658853,4434,miner-full,12104,2089,2092,41376.3,False
1790658864,4544,miner-full,12104,2089,2092,41395.6,False
1790658874,4493,miner-full,12104,2089,2092,41415,False
1790658884,4719,miner-full,12104,2089,2092,41434.1,False
1790658895,4933,miner-full,12104,2089,2092,41453.5,False
1790658905,4650,miner-full,12104,2089,2092,41472.3,False
1790658915,4659,miner-full,12104,2089,2092,41492.9,False
1790658925,4655,miner-full,12104,2089,2092,41513.3,False
1790658936,4617,miner-full,12104,2089,2092,41532.2,False
1790658946,4611,miner-full,12104,2089,2092,41550.2,False
1790658957,5097,miner-full,12104,2085,2088,41569.8,False
1790658967,4927,miner-full,12104,2089,2092,41589.9,False
1790658977,4818,miner-full,12104,2089,2092,41610.4,False
1790658987,5157,miner-full,12104,2089,2092,41629.7,False
1790658998,5197,miner-full,12104,2089,2092,41643.5,False
1790659008,5229,miner-full,12104,2089,2092,41659.4,False
1790659018,5486,miner-full,12104,2089,2092,41678,False
1790659029,5704,miner-full,12104,2089,2092,41697.4,False
1790659039,5689,miner-full,12104,2089,2092,41717.7,False
1790659049,5594,miner-full,12104,2089,2092,41736,False
1790659059,5684,miner-full,12104,2089,2092,41754.3,False
1790659070,5697,miner-full,12104,2089,2092,41773.7,False
1790659080,5709,miner-full,12104,2089,2092,41794.1,False
1790659090,5721,miner-full,12104,2089,2092,41814.5,False
1790659100,5743,miner-full,12104,2089,2092,41835,False
1790659111,5698,miner-full,12104,2089,2092,41854.5,False
1790659121,5461,miner-full,12104,2089,2092,41872.2,False
1790659131,5221,miner-full,12104,2089,2092,41891.6,False
1790659141,5236,miner-full,12104,2089,2092,41911.2,False
1790659152,4924,miner-full,12104,2089,2092,41931.5,False
1790659162,4921,miner-full,12104,2089,2092,41950.8,False
1790659172,4690,miner-full,12104,2089,2092,41970,False
1790659183,4602,miner-full,12104,2089,2092,41989.4,False
1790659193,4705,miner-full,12104,2089,2092,42008.8,False
1790659203,4670,miner-full,12104,2089,2092,42029.1,False
1790659213,4126,miner-full,12104,2089,2092,42047.5,False
1790659224,4152,miner-full,12104,2089,2092,42065.6,False
1790659234,5725,miner-full,12104,2089,2092,42084.7,False
1790659244,5604,miner-full,12104,2089,2092,42102,False
1790659254,5715,miner-full,12104,2089,2092,42122.5,False
1790659264,5454,miner-full,12104,2089,2092,42139.5,False
1790659275,5168,miner-full,12104,2089,2092,42159,False
1790659285,5679,miner-full,12104,2089,2092,42178.2,False
1790659295,4287,miner-full,12104,2089,2092,42199.4,False
1790659307,4744,miner-full,12104,2089,2092,42219.5,False
1790659317,3975,miner-full,12104,2089,2092,42241.6,False
1790659328,5239,miner-full,12104,2089,2092,42262,False
1790659338,5723,miner-full,12104,2089,2092,42281,False
1790659349,5762,miner-full,12104,2089,2092,42300.5,False
1790659359,5756,miner-full,12104,2089,2092,42320,False
1790659369,5703,miner-full,12104,2089,2092,42340.4,False
1790659379,5825,miner-full,12104,2089,2092,42360.8,False
1790659390,5926,miner-full,12104,2089,2092,42378.6,False
1790659401,5834,miner-full,12104,2089,2092,42398.9,False
1790659411,5849,miner-full,12104,2089,2092,42419.2,False
1790659421,5827,miner-full,12104,2089,2092,42438.5,False
1790659432,5870,miner-full,12104,2089,2092,42457.8,False
1790659442,5781,miner-full,12104,2089,2092,42476,False
1790659452,5845,miner-full,12104,2089,2092,42493.1,False
1790659462,5801,miner-full,12104,2089,2092,42512.7,False
1790659473,5855,miner-full,12104,2089,2092,42532.2,False
1790659483,5836,miner-full,12104,2089,2092,42549.1,False
1790659493,5851,miner-full,12104,2085,2088,42568.6,False
1790659503,5758,miner-full,12104,2089,2092,42586.8,False
1790659514,5882,miner-full,12104,2089,2092,42606.2,False
1790659524,5880,miner-full,12104,2089,2092,42626.6,False
1790659534,5860,miner-full,12104,2085,2088,42643.4,False
1790659545,5969,miner-full,12104,2089,2092,42658.5,False
1790659555,5921,miner-full,12104,2085,2088,42677.9,False
1790659565,5921,miner-full,12104,2089,2092,42697,False
1790659575,5912,miner-full,12104,2089,2092,42716.3,False
1790659585,5912,miner-full,12104,2089,2092,42735.6,False
1790659596,5906,miner-full,12104,2089,2092,42756.1,False
1790659606,5909,miner-full,12104,2089,2092,42776.4,False
1790659616,5783,miner-full,12104,2089,2092,42794.7,False
1790659626,5905,miner-full,12104,2089,2092,42810.6,False
1790659637,5805,miner-full,12104,2085,2088,42829.1,False
1790659647,5922,miner-full,12104,2089,2092,42848,False
1790659657,5864,miner-full,12104,2089,2092,42867.1,False
1790659668,5877,miner-full,12104,2089,2092,42886.5,False
1790659678,5892,miner-full,12104,2089,2092,42904.6,False
1790659688,5873,miner-full,12104,2089,2092,42925.1,False
1790659698,5794,miner-full,12104,2089,2092,42945.6,False
1790659709,5832,miner-full,12104,2089,2092,42964.7,False
1790659719,5843,miner-full,12104,2089,2092,42983.9,False
1790659729,5860,miner-full,12104,2089,2092,43004.4,False
1790659740,5859,miner-full,12104,2089,2092,43023.7,False
1790659750,5681,miner-full,12104,2089,2092,43043.9,False
1790659760,5899,miner-full,12104,2089,2092,43063.3,False
1790659770,5891,miner-full,12104,2089,2092,43083.6,False
1790659781,5941,miner-full,12104,2089,2092,43103.9,False
1790659791,5921,miner-full,12104,2089,2092,43124.3,False
1790659801,5889,miner-full,12104,2089,2092,43143.6,False
1790659811,5813,miner-full,12104,2089,2092,43164.1,False
1790659822,5894,miner-full,12104,2089,2092,43183,False
1790659832,5744,miner-full,12104,2089,2092,43199.9,False
1790659842,5542,miner-full,12104,2089,2092,43218.8,False
1790659852,5862,miner-full,12104,2089,2092,43238,False
1790659863,5850,miner-full,12104,2089,2092,43253.8,False
1790659873,5867,miner-full,12104,2089,2092,43274.1,False
1790659883,5606,miner-full,12104,2089,2092,43292,False
1790659893,5601,miner-full,12104,2089,2092,43312.6,False
1790659904,5605,miner-full,12104,2089,2092,43331.8,False
1790659914,5619,miner-full,12104,2089,2092,43350.8,False
1790659924,5602,miner-full,12104,2089,2092,43370.5,False
1790659935,5635,miner-full,12104,2089,2092,43390.7,False
1790659945,5643,miner-full,12104,2089,2092,43408.9,False
1790659955,5663,miner-full,12104,2089,2092,43429.5,False
1790659966,4873,miner-full,12104,2089,2092,43448.7,False
1790659976,4832,miner-full,12104,2089,2092,43467.6,False
1790659986,4772,miner-full,12104,2089,2092,43483.9,False
1790659997,4841,miner-full,12104,2087,2090,43504.3,False
1790660007,4284,miner-full,12104,2089,2092,43522.4,False
1790660017,4154,miner-full,12104,2089,2092,43541.7,False
1790660028,4052,miner-full,12104,2089,2092,43559.3,False
1790660039,4084,miner-full,12104,2089,2092,43578.7,False
1790660049,4127,miner-full,12104,2089,2092,43596.5,False
1790660059,4106,miner-full,12104,2089,2092,43615.7,False
1790660069,4184,miner-full,12104,2089,2092,43636,False
1790660080,4217,miner-full,12104,2089,2092,43655.1,False
1790660090,4027,miner-full,12104,2089,2092,43674.5,False
1790660100,4483,miner-full,12104,2089,2092,43694.8,False
1790660111,4306,miner-full,12104,2089,2092,43715.4,False
1790660121,4540,miner-full,12104,2089,2092,43735.8,False
1790660131,4229,miner-full,12104,2089,2092,43752.2,False
1790660142,4303,miner-full,12104,2089,2092,43769.9,False
1790660152,4065,miner-full,12104,2089,2092,43790.5,False
1790660162,4053,miner-full,12104,2089,2092,43811.1,False
1790660173,3986,miner-full,12104,2089,2092,43829.1,False
1790660183,3883,miner-full,12104,2089,2092,43849.5,False
1790660193,4314,miner-full,12104,2089,2092,43869.9,False
1790660204,4045,miner-full,12104,2089,2092,43890.3,False
1790660214,3996,miner-full,12104,2089,2092,43910.6,False
1790660224,4006,miner-full,12104,2089,2092,43931.1,False
1790660234,4205,miner-full,12104,2089,2092,43951.5,False
1790660245,4449,miner-full,12104,2089,2092,43971.9,False
1790660255,4149,miner-full,12104,2085,2088,43990.8,False
1790660265,4083,miner-full,12104,2089,2092,44010.3,False
1790660276,4758,miner-full,12104,2089,2092,44029.2,False
1790660286,4994,miner-full,12104,2089,2092,44049.6,False
1790660296,5062,miner-full,12104,2089,2092,44070.1,False
1790660307,5037,miner-full,12104,2089,2092,44089.1,False
1790660317,4999,miner-full,12104,2089,2092,44109.5,False
1790660327,4995,miner-full,12104,2089,2092,44129.8,False
1790660337,4854,miner-full,12104,2089,2092,44150.2,False
1790660348,5407,miner-full,12104,2089,2092,44169.5,False
1790660358,5452,miner-full,12104,2089,2092,44190,False
1790660368,5578,miner-full,12104,2089,2092,44210.5,False
1790660379,5462,miner-full,12104,2089,2092,44229.8,False
1790660389,5394,miner-full,12104,2089,2092,44250.1,False
1790660399,5476,miner-full,12104,2089,2092,44270.6,False
1790660410,5279,miner-full,12104,2089,2092,44289.9,False
1790660420,5126,miner-full,12104,2089,2092,44308.9,False
1790660430,5219,miner-full,12104,2089,2092,44329.3,False
1790660441,5175,miner-full,12104,2089,2092,44348.5,False
1790660451,5447,miner-full,12104,2089,2092,44367.6,False
1790660461,5395,miner-full,12104,2089,2092,44388.1,False
1790660472,5303,miner-full,12104,2089,2092,44407.3,False
1790660482,5047,miner-full,12104,2089,2092,44427.8,False
1790660492,5644,miner-full,12104,2089,2092,44447.4,False
1790660503,5636,miner-full,12104,2089,2092,44466.6,False
1790660513,5278,miner-full,12104,2089,2092,44485.7,False
1790660523,5200,miner-full,12104,2089,2092,44506.2,False
1790660534,5177,miner-full,12104,2089,2092,44523.9,False
1790660544,5178,miner-full,12104,2089,2092,44540.2,False
1790660554,5777,miner-full,12104,2089,2092,44559.5,False
1790660565,5443,miner-full,12104,2089,2092,44579.9,False
1790660575,5340,miner-full,12104,2089,2092,44600.7,False
1790660586,5629,miner-full,12104,2089,2092,44621,False
1790660596,5420,miner-full,12104,2089,2092,44641.5,False
1790660606,5375,miner-full,12104,2089,2092,44659.3,False
1790660617,5900,miner-full,12104,2089,2092,44677.2,False
1790660627,5481,miner-full,12104,2089,2092,44697.8,False
1790660637,5369,miner-full,12104,2089,2092,44714.7,False
1790660648,5380,miner-full,12104,2084,2088,44733,False
1790660658,5434,miner-full,12104,2089,2092,44752,False
1790660669,5485,miner-full,12104,2089,2092,44769.5,False
1790660679,5320,miner-full,12104,2089,2092,44788.5,False
1790660689,5360,miner-full,12104,2089,2092,44807.2,False
1790660700,5324,miner-full,12104,2089,2092,44825.1,False
1790660710,5876,miner-full,12104,2089,2092,44842.1,False
1790660721,5557,miner-full,12104,2089,2092,44861.1,False
1790660731,5944,miner-full,12104,2089,2092,44880.2,False
1790660741,5882,miner-full,12104,2089,2092,44899.8,False
1790660752,5520,miner-full,12104,2089,2092,44918.6,False
1790660762,5432,miner-full,12104,2089,2092,44939.1,False
1790660773,5491,miner-full,12104,2089,2092,44959.5,False
1790660783,5453,miner-full,12104,2085,2088,44978.9,False
1790660793,5426,miner-full,12104,2089,2092,44999,False
1790660803,5601,miner-full,12104,2089,2092,45018.3,False
1790660814,5302,miner-full,12104,2089,2092,45038.7,False
1790660824,5822,miner-full,12104,2089,2092,45056.6,False
1790660834,5538,miner-full,12104,2089,2092,45077,False
1790660845,5886,miner-full,12104,2085,2088,45097.2,False
1790660855,5489,miner-full,12104,2089,2092,45113.8,False
1790660865,5361,miner-full,12104,2089,2092,45133,False
1790660876,5263,miner-full,12104,2089,2092,45153.4,False
1790660886,5331,miner-full,12104,2089,2092,45172.6,False
1790660896,5269,miner-full,12104,2089,2092,45193.1,False
1790660906,5671,miner-full,12104,2089,2092,45213.5,False
1790660917,5454,miner-full,12104,2089,2092,45232.5,False
1790660927,5293,miner-full,12104,2089,2092,45253.2,False
1790660937,5227,miner-full,12104,2089,2092,45272.5,False
1790660948,5727,miner-full,12104,2089,2092,45293,False
1790660958,5570,miner-full,12104,2089,2093,45313.5,False
1790660969,5414,miner-full,12104,2089,2092,45331.2,False
1790660979,5449,miner-full,12104,2089,2092,45348.9,False
1790660989,5513,miner-full,12104,2089,2092,45367.8,False
1790661000,5452,miner-full,12104,2089,2092,45388.3,False
1790661010,5347,miner-full,12104,2089,2092,45407.4,False
1790661020,5932,miner-full,12104,2089,2092,45427.8,False
1790661030,5562,miner-full,12104,2089,2092,45448.2,False
1790661041,5651,miner-full,12104,2089,2092,45468.7,False
1790661051,6042,miner-full,12104,2089,2092,45486.6,False
1790661061,5776,miner-full,12104,2089,2092,45505.8,False
1790661072,5605,miner-full,12104,2089,2092,45522.1,False
1790661082,5750,miner-full,12104,2089,2092,45541.2,False
1790661092,5795,miner-full,12104,2089,2092,45560.2,False
1790661103,5733,miner-full,12104,2089,2092,45579.3,False
1790661113,5921,miner-full,12104,2089,2092,45598.3,False
1790661123,5864,miner-full,12104,2089,2092,45617.5,False
1790661133,5759,miner-full,12104,2089,2092,45636.1,False
1790661144,5696,miner-full,12104,2089,2092,45653.8,False
1790661154,5888,miner-full,12104,2089,2092,45669.1,False
1790661164,6237,miner-full,12104,2089,2092,45687.2,False
1790661175,5876,miner-full,12104,2089,2092,45707.5,False
1790661185,5978,miner-full,12104,2089,2092,45728,False
1790661195,5984,miner-full,12104,2089,2092,45748.6,False
1790661206,5836,miner-full,12104,2089,2092,45769.2,False
1790661216,6192,miner-full,12104,2089,2092,45785.5,False
1790661226,6152,miner-full,12104,2089,2092,45806,False
1790661237,6033,miner-full,12104,2089,2092,45823.4,False
1790661247,6007,miner-full,12104,2089,2092,45842.3,False
1790661257,5915,miner-full,12104,2089,2092,45861.5,False
1790661268,5884,miner-full,12104,2089,2092,45879.5,False
1790661278,6047,miner-full,12104,2089,2092,45898.7,False
1790661288,5925,miner-full,12104,2089,2092,45917.7,False
1790661298,5867,miner-full,12104,2089,2092,45937.9,False
1790661309,5813,miner-full,12104,2089,2092,45955.6,False
1790661319,5890,miner-full,12104,2089,2092,45974.2,False
1790661330,5636,miner-full,12104,2089,2092,45993.4,False
1790661340,5917,miner-full,12104,2089,2092,46011.2,False
1790661350,5824,miner-full,12104,2089,2092,46030.3,False
1790661361,5773,miner-full,12104,2089,2092,46050.9,False
1790661371,5761,miner-full,12104,2089,2092,46071.3,False
1790661381,5850,miner-full,12104,2089,2092,46091.8,False
1790661392,5586,miner-full,12104,2089,2092,46111,False
1790661402,5812,miner-full,12104,2089,2092,46130.2,False
1790661413,5704,miner-full,12104,2085,2088,46149.7,False
1790661423,5683,miner-full,12104,2089,2092,46169.8,False
1790661433,6010,miner-full,12104,2089,2092,46188.8,False
1790661444,6014,miner-full,12104,2089,2092,46207.9,False
1790661454,6056,miner-full,12104,2089,2092,46226.9,False
1790661465,5925,miner-full,12104,2089,2092,46244.9,False
1790661475,5897,miner-full,12104,2089,2092,46262.5,False
1790661485,6073,miner-full,12104,2089,2092,46281.7,False
1790661496,6396,miner-full,12104,2089,2092,46299.7,False
1790661506,6700,miner-full,12104,2089,2092,46316.8,False
1790661516,6557,miner-full,12104,2089,2092,46337.2,False
1790661526,6691,miner-full,12104,2089,2092,46357.7,False
1790661537,5663,miner-full,12104,2089,2092,46371.8,False
1790661548,5464,miner-full,12104,2089,2092,46386.4,False
1790661559,5077,miner-full,12104,2089,2092,46399.7,False
1790661569,3991,miner-full,12104,2089,2092,46417.5,False
1790661581,3972,miner-full,12104,2089,2092,46429.5,False
1790661592,3325,miner-full,12104,2089,2092,46443.5,False
1790661603,6323,miner-full,12104,2089,2092,46458.8,False
1790661614,5477,miner-full,12104,2089,2092,46474.1,False
1790661625,5238,miner-full,12104,2089,2092,46488.5,False
1790661636,3947,miner-full,12104,2089,2092,46504.9,False
1790661648,3863,miner-full,12104,2089,2092,46518,False
1790661659,3373,miner-full,12104,2089,2092,46529.3,False
1790661671,6646,miner-full,12104,2089,2092,46543,False
1790661681,6043,miner-full,12104,2088,2092,46563.3,False
1790661691,6181,miner-full,12104,2088,2092,46580.1,False
1790661702,5958,miner-full,12104,2088,2092,46600.4,False
1790661712,5925,miner-full,12104,2084,2088,46619.4,False
1790661722,5587,miner-full,12104,2088,2092,46639.1,False
1790661733,5885,miner-full,12104,2088,2092,46657.1,False
1790661743,6020,miner-full,12104,2088,2092,46674.3,False
1790661753,5877,miner-full,12104,2088,2092,46693.8,False
1790661763,5379,miner-full,12104,2088,2092,46714.2,False
1790661774,5362,miner-full,12104,2089,2092,46732.5,False
1790661784,6834,miner-full,12104,2089,2092,46749.5,False
1790661794,6684,miner-full,12104,2088,2092,46768.9,False
1790661805,6105,miner-full,12104,2088,2092,46783.5,False
1790661816,5055,miner-full,12104,2089,2092,46798.2,False
1790661827,4844,miner-full,12104,2088,2092,46809.4,False
1790661838,4225,miner-full,12104,2089,2092,46822.6,False
1790661849,2849,miner-full,12104,2088,2092,46836.7,False
1790661860,2726,miner-full,12104,2088,2092,46853.6,False
1790661874,2915,miner-full,12104,2088,2092,46868.1,False
1790661885,6106,miner-full,12104,2088,2092,46883,False
1790661896,5682,miner-full,12104,2088,2092,46896.8,False
1790661907,2640,miner-full,12104,2088,2092,46912.3,False
1790661919,2534,miner-full,12104,2088,2092,46926.2,False
1790661930,2112,miner-full,12104,2088,2092,46938.4,False
1790661942,3835,miner-full,12104,2088,2092,46951.3,False
1790661953,3683,miner-full,12104,2088,2092,46964.6,False
1790661964,2649,miner-full,12104,2089,2092,46981.3,False
1790661974,1039,miner-full,12104,2088,2092,46998.9,False
1790661985,773,miner-full,12104,2082,2092,47008.7,False
1790661997,1520,miner-full,12104,2084,2092,47017.5,False
