[2026-09-28T22:49:01.870Z INFO  blacksilk_miner] mining on regtest at height 0 with 2 threads (full mode; prebuild Auto: on, 4 build threads)
[2026-09-28T22:54:04.609Z INFO  blacksilk_miner] RandomX key 087d6fd4efbc45eb: dataset built in 302.6s on all threads
[2026-09-28T22:54:04.699Z INFO  blacksilk_miner] hash rate 0.0 H/s (full mode)
[2026-09-28T22:54:05.348Z INFO  blacksilk_miner] found block 1 (reward 20.02716064 BLK, 0 txs)
[2026-09-28T22:54:06.061Z INFO  blacksilk_miner] found block 2 (reward 20.02714154 BLK, 0 txs)
[2026-09-28T22:54:06.783Z INFO  blacksilk_miner] found block 3 (reward 20.02712244 BLK, 0 txs)
[2026-09-28T22:54:07.604Z INFO  blacksilk_miner] found block 4 (reward 20.02710334 BLK, 0 txs)
[2026-09-28T22:54:08.383Z INFO  blacksilk_miner] found block 5 (reward 20.02708424 BLK, 0 txs)
[2026-09-28T22:54:09.163Z INFO  blacksilk_miner] found block 6 (reward 20.02706514 BLK, 0 txs)
[2026-09-28T22:54:09.984Z INFO  blacksilk_miner] found block 7 (reward 20.02704604 BLK, 0 txs)
[2026-09-28T22:54:10.746Z INFO  blacksilk_miner] found block 8 (reward 20.02702694 BLK, 0 txs)
[2026-09-28T22:54:11.529Z INFO  blacksilk_miner] found block 9 (reward 20.02700784 BLK, 0 txs)
[2026-09-28T22:54:12.357Z INFO  blacksilk_miner] found block 10 (reward 20.02698875 BLK, 0 txs)
[2026-09-28T22:54:13.126Z INFO  blacksilk_miner] found block 11 (reward 20.02696965 BLK, 0 txs)
[2026-09-28T22:54:13.919Z INFO  blacksilk_miner] found block 12 (reward 20.02695055 BLK, 0 txs)
[2026-09-28T22:54:14.694Z INFO  blacksilk_miner] found block 13 (reward 20.02693145 BLK, 0 txs)
[2026-09-28T22:54:15.469Z INFO  blacksilk_miner] found block 14 (reward 20.02691235 BLK, 0 txs)
[2026-09-28T22:54:16.256Z INFO  blacksilk_miner] found block 15 (reward 20.02689325 BLK, 0 txs)
[2026-09-28T22:54:17.368Z INFO  blacksilk_miner] found block 16 (reward 20.02687415 BLK, 0 txs)
[2026-09-28T22:54:18.537Z INFO  blacksilk_miner] found block 17 (reward 20.02685505 BLK, 0 txs)
[2026-09-28T22:54:19.866Z INFO  blacksilk_miner] found block 18 (reward 20.02683595 BLK, 0 txs)
[2026-09-28T22:54:20.888Z INFO  blacksilk_miner] found block 19 (reward 20.02681685 BLK, 0 txs)
[2026-09-28T22:54:22.028Z INFO  blacksilk_miner] found block 20 (reward 20.02679775 BLK, 0 txs)
[2026-09-28T22:54:23.044Z INFO  blacksilk_miner] found block 21 (reward 20.02677866 BLK, 0 txs)
[2026-09-28T22:54:24.101Z INFO  blacksilk_miner] found block 22 (reward 20.02675956 BLK, 0 txs)
[2026-09-28T22:54:25.026Z INFO  blacksilk_miner] found block 23 (reward 20.02674046 BLK, 0 txs)
[2026-09-28T22:54:26.080Z INFO  blacksilk_miner] found block 24 (reward 20.02672136 BLK, 0 txs)
[2026-09-28T22:54:26.882Z INFO  blacksilk_miner] found block 25 (reward 20.02670226 BLK, 0 txs)
[2026-09-28T22:54:27.758Z INFO  blacksilk_miner] found block 26 (reward 20.02668316 BLK, 0 txs)
[2026-09-28T22:54:28.554Z INFO  blacksilk_miner] found block 27 (reward 20.02666406 BLK, 0 txs)
[2026-09-28T22:54:29.336Z INFO  blacksilk_miner] found block 28 (reward 20.02664496 BLK, 0 txs)
[2026-09-28T22:54:30.350Z INFO  blacksilk_miner] found block 29 (reward 20.02662586 BLK, 0 txs)
[2026-09-28T22:54:31.172Z INFO  blacksilk_miner] found block 30 (reward 20.02660676 BLK, 0 txs)
[2026-09-28T22:54:31.914Z INFO  blacksilk_miner] found block 31 (reward 20.02658767 BLK, 0 txs)
[2026-09-28T22:54:32.633Z INFO  blacksilk_miner] found block 32 (reward 20.02656857 BLK, 0 txs)
[2026-09-28T22:54:33.408Z INFO  blacksilk_miner] found block 33 (reward 20.02654947 BLK, 0 txs)
[2026-09-28T22:54:34.252Z INFO  blacksilk_miner] found block 34 (reward 20.02653037 BLK, 0 txs)
[2026-09-28T22:54:35.299Z INFO  blacksilk_miner] found block 35 (reward 20.02651127 BLK, 0 txs)
[2026-09-28T22:54:36.032Z INFO  blacksilk_miner] found block 36 (reward 20.02649217 BLK, 0 txs)
[2026-09-28T22:54:36.968Z INFO  blacksilk_miner] found block 37 (reward 20.02647307 BLK, 0 txs)
[2026-09-28T22:54:37.677Z INFO  blacksilk_miner] found block 38 (reward 20.02645397 BLK, 0 txs)
[2026-09-28T22:54:38.550Z INFO  blacksilk_miner] found block 39 (reward 20.02643488 BLK, 0 txs)
[2026-09-28T22:54:39.489Z INFO  blacksilk_miner] found block 40 (reward 20.02641578 BLK, 0 txs)
[2026-09-28T22:54:40.287Z INFO  blacksilk_miner] found block 41 (reward 20.02639668 BLK, 0 txs)
[2026-09-28T22:54:41.037Z INFO  blacksilk_miner] found block 42 (reward 20.02637758 BLK, 0 txs)
[2026-09-28T22:54:41.768Z INFO  blacksilk_miner] found block 43 (reward 20.02635848 BLK, 0 txs)
[2026-09-28T22:54:42.543Z INFO  blacksilk_miner] found block 44 (reward 20.02633938 BLK, 0 txs)
[2026-09-28T22:54:43.353Z INFO  blacksilk_miner] found block 45 (reward 20.02632028 BLK, 0 txs)
[2026-09-28T22:54:44.341Z INFO  blacksilk_miner] found block 46 (reward 20.02630119 BLK, 0 txs)
[2026-09-28T22:54:45.129Z INFO  blacksilk_miner] found block 47 (reward 20.02628209 BLK, 0 txs)
[2026-09-28T22:54:45.962Z INFO  blacksilk_miner] found block 48 (reward 20.02626299 BLK, 0 txs)
[2026-09-28T22:54:46.763Z INFO  blacksilk_miner] found block 49 (reward 20.02624389 BLK, 0 txs)
[2026-09-28T22:54:47.605Z INFO  blacksilk_miner] found block 50 (reward 20.02622479 BLK, 0 txs)
[2026-09-28T22:54:48.585Z INFO  blacksilk_miner] found block 51 (reward 20.02620569 BLK, 0 txs)
[2026-09-28T22:54:49.320Z INFO  blacksilk_miner] found block 52 (reward 20.02618659 BLK, 0 txs)
[2026-09-28T22:54:50.150Z INFO  blacksilk_miner] found block 53 (reward 20.02616750 BLK, 0 txs)
[2026-09-28T22:54:50.932Z INFO  blacksilk_miner] found block 54 (reward 20.02614840 BLK, 0 txs)
[2026-09-28T22:54:51.785Z INFO  blacksilk_miner] found block 55 (reward 20.02612930 BLK, 0 txs)
[2026-09-28T22:54:52.526Z INFO  blacksilk_miner] found block 56 (reward 20.02611020 BLK, 0 txs)
[2026-09-28T22:54:53.292Z INFO  blacksilk_miner] found block 57 (reward 20.02609110 BLK, 0 txs)
[2026-09-28T22:54:54.037Z INFO  blacksilk_miner] found block 58 (reward 20.02607200 BLK, 0 txs)
[2026-09-28T22:54:54.812Z INFO  blacksilk_miner] found block 59 (reward 20.02605291 BLK, 0 txs)
[2026-09-28T22:54:55.602Z INFO  blacksilk_miner] found block 60 (reward 20.02603381 BLK, 0 txs)
[2026-09-28T22:54:56.353Z INFO  blacksilk_miner] found block 61 (reward 20.02601471 BLK, 0 txs)
[2026-09-28T22:54:57.145Z INFO  blacksilk_miner] found block 62 (reward 20.02599561 BLK, 0 txs)
[2026-09-28T22:54:57.915Z INFO  blacksilk_miner] found block 63 (reward 20.02597651 BLK, 0 txs)
[2026-09-28T22:54:58.751Z INFO  blacksilk_miner] found block 64 (reward 20.02595741 BLK, 0 txs)
[2026-09-28T22:54:59.550Z INFO  blacksilk_miner] found block 65 (reward 20.02593832 BLK, 0 txs)
[2026-09-28T22:55:00.505Z INFO  blacksilk_miner] found block 66 (reward 20.02591922 BLK, 0 txs)
[2026-09-28T22:55:01.602Z INFO  blacksilk_miner] found block 67 (reward 20.02590012 BLK, 0 txs)
[2026-09-28T22:55:02.832Z INFO  blacksilk_miner] found block 68 (reward 20.02588102 BLK, 0 txs)
[2026-09-28T22:55:03.588Z INFO  blacksilk_miner] found block 69 (reward 20.02586192 BLK, 0 txs)
[2026-09-28T22:55:04.355Z INFO  blacksilk_miner] found block 70 (reward 20.02584282 BLK, 0 txs)
[2026-09-28T22:55:05.202Z INFO  blacksilk_miner] found block 71 (reward 20.02582373 BLK, 0 txs)
[2026-09-28T22:55:05.316Z INFO  blacksilk_miner] hash rate 2.3 H/s (full mode)
[2026-09-28T22:55:05.973Z INFO  blacksilk_miner] found block 72 (reward 20.02580463 BLK, 0 txs)
[2026-09-28T22:55:06.790Z INFO  blacksilk_miner] found block 73 (reward 20.02578553 BLK, 0 txs)
[2026-09-28T22:55:07.626Z INFO  blacksilk_miner] found block 74 (reward 20.02576643 BLK, 0 txs)
[2026-09-28T22:55:08.360Z INFO  blacksilk_miner] found block 75 (reward 20.02574733 BLK, 0 txs)
[2026-09-28T22:55:09.090Z INFO  blacksilk_miner] found block 76 (reward 20.02572824 BLK, 0 txs)
[2026-09-28T22:55:09.803Z INFO  blacksilk_miner] found block 77 (reward 20.02570914 BLK, 0 txs)
[2026-09-28T22:55:10.520Z INFO  blacksilk_miner] found block 78 (reward 20.02569004 BLK, 0 txs)
[2026-09-28T22:55:11.336Z INFO  blacksilk_miner] found block 79 (reward 20.02567094 BLK, 0 txs)
[2026-09-28T22:55:12.212Z INFO  blacksilk_miner] found block 80 (reward 20.02565184 BLK, 0 txs)
[2026-09-28T22:55:13.069Z INFO  blacksilk_miner] found block 81 (reward 20.02563275 BLK, 0 txs)
[2026-09-28T22:55:13.952Z INFO  blacksilk_miner] found block 82 (reward 20.02561365 BLK, 0 txs)
[2026-09-28T22:55:14.691Z INFO  blacksilk_miner] found block 83 (reward 20.02559455 BLK, 0 txs)
[2026-09-28T22:55:15.574Z INFO  blacksilk_miner] found block 84 (reward 20.02557545 BLK, 0 txs)
[2026-09-28T22:55:16.661Z INFO  blacksilk_miner] found block 85 (reward 20.02555635 BLK, 0 txs)
[2026-09-28T22:55:17.456Z INFO  blacksilk_miner] found block 86 (reward 20.02553726 BLK, 0 txs)
[2026-09-28T22:55:18.340Z INFO  blacksilk_miner] found block 87 (reward 20.02551816 BLK, 0 txs)
[2026-09-28T22:55:19.046Z INFO  blacksilk_miner] found block 88 (reward 20.02549906 BLK, 0 txs)
[2026-09-28T22:55:19.943Z INFO  blacksilk_miner] found block 89 (reward 20.02547996 BLK, 0 txs)
[2026-09-28T22:55:20.692Z INFO  blacksilk_miner] found block 90 (reward 20.02546087 BLK, 0 txs)
[2026-09-28T22:55:21.440Z INFO  blacksilk_miner] found block 91 (reward 20.02544177 BLK, 0 txs)
[2026-09-28T22:55:22.143Z INFO  blacksilk_miner] found block 92 (reward 20.02542267 BLK, 0 txs)
[2026-09-28T22:55:22.928Z INFO  blacksilk_miner] found block 93 (reward 20.02540357 BLK, 0 txs)
[2026-09-28T22:55:23.659Z INFO  blacksilk_miner] found block 94 (reward 20.02538447 BLK, 0 txs)
[2026-09-28T22:55:24.532Z INFO  blacksilk_miner] found block 95 (reward 20.02536538 BLK, 0 txs)
[2026-09-28T22:55:25.380Z INFO  blacksilk_miner] found block 96 (reward 20.02534628 BLK, 0 txs)
[2026-09-28T22:55:26.317Z INFO  blacksilk_miner] found block 97 (reward 20.02532718 BLK, 0 txs)
[2026-09-28T22:55:27.400Z INFO  blacksilk_miner] found block 98 (reward 20.02530808 BLK, 0 txs)
[2026-09-28T22:55:28.648Z INFO  blacksilk_miner] found block 99 (reward 20.02528899 BLK, 0 txs)
[2026-09-28T22:55:29.534Z INFO  blacksilk_miner] found block 100 (reward 20.02526989 BLK, 0 txs)
[2026-09-28T22:55:30.682Z INFO  blacksilk_miner] found block 101 (reward 20.02525079 BLK, 0 txs)
[2026-09-28T22:55:31.491Z INFO  blacksilk_miner] found block 102 (reward 20.02523169 BLK, 0 txs)
[2026-09-28T22:55:32.338Z INFO  blacksilk_miner] found block 103 (reward 20.02521260 BLK, 0 txs)
[2026-09-28T22:55:33.128Z INFO  blacksilk_miner] found block 104 (reward 20.02519350 BLK, 0 txs)
[2026-09-28T22:55:33.931Z INFO  blacksilk_miner] found block 105 (reward 20.02517440 BLK, 0 txs)
[2026-09-28T22:55:34.909Z INFO  blacksilk_miner] found block 106 (reward 20.02515530 BLK, 0 txs)
[2026-09-28T22:55:35.645Z INFO  blacksilk_miner] found block 107 (reward 20.02513621 BLK, 0 txs)
[2026-09-28T22:55:36.434Z INFO  blacksilk_miner] found block 108 (reward 20.02511711 BLK, 0 txs)
[2026-09-28T22:55:37.274Z INFO  blacksilk_miner] found block 109 (reward 20.02509801 BLK, 0 txs)
[2026-09-28T22:55:38.207Z INFO  blacksilk_miner] found block 110 (reward 20.02507891 BLK, 0 txs)
[2026-09-28T22:55:38.973Z INFO  blacksilk_miner] found block 111 (reward 20.02505982 BLK, 0 txs)
[2026-09-28T22:55:39.788Z INFO  blacksilk_miner] found block 112 (reward 20.02504072 BLK, 0 txs)
[2026-09-28T22:55:40.597Z INFO  blacksilk_miner] found block 113 (reward 20.02502162 BLK, 0 txs)
[2026-09-28T22:55:41.513Z INFO  blacksilk_miner] found block 114 (reward 20.02500252 BLK, 0 txs)
[2026-09-28T22:55:42.437Z INFO  blacksilk_miner] found block 115 (reward 20.02498343 BLK, 0 txs)
[2026-09-28T22:55:43.458Z INFO  blacksilk_miner] found block 116 (reward 20.02496433 BLK, 0 txs)
[2026-09-28T22:55:44.197Z INFO  blacksilk_miner] found block 117 (reward 20.02494523 BLK, 0 txs)
[2026-09-28T22:55:45.251Z INFO  blacksilk_miner] found block 118 (reward 20.02492613 BLK, 0 txs)
[2026-09-28T22:55:46.110Z INFO  blacksilk_miner] found block 119 (reward 20.02490704 BLK, 0 txs)
[2026-09-28T22:55:46.837Z INFO  blacksilk_miner] found block 120 (reward 20.02488794 BLK, 0 txs)
[2026-09-28T22:55:47.726Z INFO  blacksilk_miner] found block 121 (reward 20.02486884 BLK, 0 txs)
[2026-09-28T22:55:48.564Z INFO  blacksilk_miner] found block 122 (reward 20.02484975 BLK, 0 txs)
[2026-09-28T22:55:49.307Z INFO  blacksilk_miner] found block 123 (reward 20.02483065 BLK, 0 txs)
[2026-09-28T22:55:50.006Z INFO  blacksilk_miner] found block 124 (reward 20.02481155 BLK, 0 txs)
[2026-09-28T22:55:50.899Z INFO  blacksilk_miner] found block 125 (reward 20.02479245 BLK, 0 txs)
[2026-09-28T22:55:51.608Z INFO  blacksilk_miner] found block 126 (reward 20.02477336 BLK, 0 txs)
[2026-09-28T22:55:52.750Z INFO  blacksilk_miner] found block 127 (reward 20.02475426 BLK, 0 txs)
[2026-09-28T22:55:53.732Z INFO  blacksilk_miner] found block 128 (reward 20.02473516 BLK, 0 txs)
[2026-09-28T22:55:54.534Z INFO  blacksilk_miner] found block 129 (reward 20.02471607 BLK, 0 txs)
[2026-09-28T22:55:55.302Z INFO  blacksilk_miner] found block 130 (reward 20.02469697 BLK, 0 txs)
[2026-09-28T22:55:56.154Z INFO  blacksilk_miner] found block 131 (reward 20.02467787 BLK, 0 txs)
[2026-09-28T22:55:56.988Z INFO  blacksilk_miner] found block 132 (reward 20.02465877 BLK, 0 txs)
[2026-09-28T22:55:58.131Z INFO  blacksilk_miner] found block 133 (reward 20.02463968 BLK, 0 txs)
[2026-09-28T22:55:58.963Z INFO  blacksilk_miner] found block 134 (reward 20.02462058 BLK, 0 txs)
[2026-09-28T22:55:59.944Z INFO  blacksilk_miner] found block 135 (reward 20.02460148 BLK, 0 txs)
[2026-09-28T22:56:00.793Z INFO  blacksilk_miner] found block 136 (reward 20.02458239 BLK, 0 txs)
[2026-09-28T22:56:01.884Z INFO  blacksilk_miner] found block 137 (reward 20.02456329 BLK, 0 txs)
[2026-09-28T22:56:03.114Z INFO  blacksilk_miner] found block 138 (reward 20.02454419 BLK, 0 txs)
[2026-09-28T22:56:04.298Z INFO  blacksilk_miner] found block 139 (reward 20.02452510 BLK, 0 txs)
[2026-09-28T22:56:05.491Z INFO  blacksilk_miner] found block 140 (reward 20.02450600 BLK, 0 txs)
[2026-09-28T22:56:05.663Z INFO  blacksilk_miner] hash rate 4.0 H/s (full mode)
[2026-09-28T22:56:06.492Z INFO  blacksilk_miner] found block 141 (reward 20.02448690 BLK, 0 txs)
[2026-09-28T22:56:08.226Z INFO  blacksilk_miner] found block 142 (reward 20.02446781 BLK, 0 txs)
[2026-09-28T22:56:09.320Z INFO  blacksilk_miner] found block 143 (reward 20.02444871 BLK, 0 txs)
[2026-09-28T22:56:10.426Z INFO  blacksilk_miner] found block 144 (reward 20.02442961 BLK, 0 txs)
[2026-09-28T22:56:11.340Z INFO  blacksilk_miner] found block 145 (reward 20.02441052 BLK, 0 txs)
[2026-09-28T22:56:12.651Z INFO  blacksilk_miner] found block 146 (reward 20.02439142 BLK, 0 txs)
[2026-09-28T22:56:14.473Z INFO  blacksilk_miner] found block 147 (reward 20.02437232 BLK, 0 txs)
[2026-09-28T22:56:15.509Z INFO  blacksilk_miner] found block 148 (reward 20.02435322 BLK, 0 txs)
[2026-09-28T22:56:16.741Z INFO  blacksilk_miner] found block 149 (reward 20.02433413 BLK, 0 txs)
[2026-09-28T22:56:18.538Z INFO  blacksilk_miner] found block 150 (reward 20.02431503 BLK, 0 txs)
[2026-09-28T22:56:19.986Z INFO  blacksilk_miner] found block 151 (reward 20.02429593 BLK, 0 txs)
[2026-09-28T22:56:22.323Z INFO  blacksilk_miner] found block 152 (reward 20.02427684 BLK, 0 txs)
[2026-09-28T22:56:23.610Z INFO  blacksilk_miner] found block 153 (reward 20.02425774 BLK, 0 txs)
[2026-09-28T22:56:25.006Z INFO  blacksilk_miner] found block 154 (reward 20.02423864 BLK, 0 txs)
[2026-09-28T22:56:27.077Z INFO  blacksilk_miner] found block 155 (reward 20.02421955 BLK, 0 txs)
[2026-09-28T22:56:28.663Z INFO  blacksilk_miner] found block 156 (reward 20.02420045 BLK, 0 txs)
[2026-09-28T22:56:29.621Z INFO  blacksilk_miner] found block 157 (reward 20.02418136 BLK, 0 txs)
[2026-09-28T22:56:31.422Z INFO  blacksilk_miner] found block 158 (reward 20.02416226 BLK, 0 txs)
[2026-09-28T22:56:32.490Z INFO  blacksilk_miner] found block 159 (reward 20.02414316 BLK, 0 txs)
[2026-09-28T22:56:33.813Z INFO  blacksilk_miner] found block 160 (reward 20.02412407 BLK, 0 txs)
[2026-09-28T22:56:35.244Z INFO  blacksilk_miner] found block 161 (reward 20.02410497 BLK, 0 txs)
[2026-09-28T22:56:37.277Z INFO  blacksilk_miner] found block 162 (reward 20.02408587 BLK, 0 txs)
[2026-09-28T22:56:38.834Z INFO  blacksilk_miner] found block 163 (reward 20.02406678 BLK, 0 txs)
[2026-09-28T22:56:40.109Z INFO  blacksilk_miner] found block 164 (reward 20.02404768 BLK, 0 txs)
[2026-09-28T22:56:41.409Z INFO  blacksilk_miner] found block 165 (reward 20.02402858 BLK, 0 txs)
[2026-09-28T22:56:42.924Z INFO  blacksilk_miner] found block 166 (reward 20.02400949 BLK, 0 txs)
[2026-09-28T22:56:43.777Z INFO  blacksilk_miner] found block 167 (reward 20.02399039 BLK, 0 txs)
[2026-09-28T22:56:44.788Z INFO  blacksilk_miner] found block 168 (reward 20.02397129 BLK, 0 txs)
[2026-09-28T22:56:46.089Z INFO  blacksilk_miner] found block 169 (reward 20.02395220 BLK, 0 txs)
[2026-09-28T22:56:46.948Z INFO  blacksilk_miner] found block 170 (reward 20.02393310 BLK, 0 txs)
[2026-09-28T22:56:48.236Z INFO  blacksilk_miner] found block 171 (reward 20.02391401 BLK, 0 txs)
[2026-09-28T22:56:49.485Z INFO  blacksilk_miner] found block 172 (reward 20.02389491 BLK, 0 txs)
[2026-09-28T22:56:50.483Z INFO  blacksilk_miner] found block 173 (reward 20.02387581 BLK, 0 txs)
[2026-09-28T22:56:52.318Z INFO  blacksilk_miner] found block 174 (reward 20.02385672 BLK, 0 txs)
[2026-09-28T22:56:53.324Z INFO  blacksilk_miner] found block 175 (reward 20.02383762 BLK, 0 txs)
[2026-09-28T22:56:54.695Z INFO  blacksilk_miner] found block 176 (reward 20.02381852 BLK, 0 txs)
[2026-09-28T22:56:55.734Z INFO  blacksilk_miner] found block 177 (reward 20.02379943 BLK, 0 txs)
[2026-09-28T22:56:56.776Z INFO  blacksilk_miner] found block 178 (reward 20.02378033 BLK, 0 txs)
[2026-09-28T22:56:57.666Z INFO  blacksilk_miner] found block 179 (reward 20.02376124 BLK, 0 txs)
[2026-09-28T22:56:59.110Z INFO  blacksilk_miner] found block 180 (reward 20.02374214 BLK, 0 txs)
[2026-09-28T22:57:00.263Z INFO  blacksilk_miner] found block 181 (reward 20.02372304 BLK, 0 txs)
[2026-09-28T22:57:01.271Z INFO  blacksilk_miner] found block 182 (reward 20.02370395 BLK, 0 txs)
[2026-09-28T22:57:02.374Z INFO  blacksilk_miner] found block 183 (reward 20.02368485 BLK, 0 txs)
[2026-09-28T22:57:04.516Z INFO  blacksilk_miner] found block 184 (reward 20.02366575 BLK, 0 txs)
[2026-09-28T22:57:05.474Z INFO  blacksilk_miner] found block 185 (reward 20.02364666 BLK, 0 txs)
[2026-09-28T22:57:06.575Z INFO  blacksilk_miner] hash rate 5.6 H/s (full mode)
[2026-09-28T22:57:07.232Z INFO  blacksilk_miner] found block 186 (reward 20.02362756 BLK, 0 txs)
[2026-09-28T22:57:08.038Z INFO  blacksilk_miner] found block 187 (reward 20.02360847 BLK, 0 txs)
[2026-09-28T22:57:09.589Z INFO  blacksilk_miner] found block 188 (reward 20.02358937 BLK, 0 txs)
[2026-09-28T22:57:10.764Z INFO  blacksilk_miner] found block 189 (reward 20.02357027 BLK, 0 txs)
[2026-09-28T22:57:11.823Z INFO  blacksilk_miner] found block 190 (reward 20.02355118 BLK, 0 txs)
[2026-09-28T22:57:13.556Z INFO  blacksilk_miner] found block 191 (reward 20.02353208 BLK, 0 txs)
[2026-09-28T22:57:14.466Z INFO  blacksilk_miner] found block 192 (reward 20.02351299 BLK, 0 txs)
[2026-09-28T22:57:15.974Z INFO  blacksilk_miner] found block 193 (reward 20.02349389 BLK, 0 txs)
[2026-09-28T22:57:17.347Z INFO  blacksilk_miner] found block 194 (reward 20.02347479 BLK, 0 txs)
[2026-09-28T22:57:19.007Z INFO  blacksilk_miner] found block 195 (reward 20.02345570 BLK, 0 txs)
[2026-09-28T22:57:20.807Z INFO  blacksilk_miner] found block 196 (reward 20.02343660 BLK, 0 txs)
[2026-09-28T22:57:22.068Z INFO  blacksilk_miner] found block 197 (reward 20.02341751 BLK, 0 txs)
[2026-09-28T22:57:23.208Z INFO  blacksilk_miner] found block 198 (reward 20.02339841 BLK, 0 txs)
[2026-09-28T22:57:25.056Z INFO  blacksilk_miner] found block 199 (reward 20.02337932 BLK, 0 txs)
[2026-09-28T22:57:26.401Z INFO  blacksilk_miner] found block 200 (reward 20.02336022 BLK, 0 txs)
[2026-09-28T22:57:28.016Z INFO  blacksilk_miner] found block 201 (reward 20.02334112 BLK, 0 txs)
[2026-09-28T22:57:29.272Z INFO  blacksilk_miner] found block 202 (reward 20.02332203 BLK, 0 txs)
[2026-09-28T22:57:30.911Z INFO  blacksilk_miner] found block 203 (reward 20.02330293 BLK, 0 txs)
[2026-09-28T22:57:31.948Z INFO  blacksilk_miner] found block 204 (reward 20.02328384 BLK, 0 txs)
[2026-09-28T22:57:33.253Z INFO  blacksilk_miner] found block 205 (reward 20.02326474 BLK, 0 txs)
[2026-09-28T22:57:35.064Z INFO  blacksilk_miner] found block 206 (reward 20.02324565 BLK, 0 txs)
[2026-09-28T22:57:36.000Z INFO  blacksilk_miner] found block 207 (reward 20.02322655 BLK, 0 txs)
[2026-09-28T22:57:36.753Z INFO  blacksilk_miner] found block 208 (reward 20.02320745 BLK, 0 txs)
[2026-09-28T22:57:37.568Z INFO  blacksilk_miner] found block 209 (reward 20.02318836 BLK, 0 txs)
[2026-09-28T22:57:38.658Z INFO  blacksilk_miner] found block 210 (reward 20.02316926 BLK, 0 txs)
[2026-09-28T22:57:39.757Z INFO  blacksilk_miner] found block 211 (reward 20.02315017 BLK, 0 txs)
[2026-09-28T22:57:41.224Z INFO  blacksilk_miner] found block 212 (reward 20.02313107 BLK, 0 txs)
[2026-09-28T22:57:42.485Z INFO  blacksilk_miner] found block 213 (reward 20.02311198 BLK, 0 txs)
[2026-09-28T22:57:43.395Z INFO  blacksilk_miner] found block 214 (reward 20.02309288 BLK, 0 txs)
[2026-09-28T22:57:44.755Z INFO  blacksilk_miner] found block 215 (reward 20.02307379 BLK, 0 txs)
[2026-09-28T22:57:45.703Z INFO  blacksilk_miner] found block 216 (reward 20.02305469 BLK, 0 txs)
[2026-09-28T22:57:46.510Z INFO  blacksilk_miner] found block 217 (reward 20.02303559 BLK, 0 txs)
[2026-09-28T22:57:48.673Z INFO  blacksilk_miner] found block 218 (reward 20.02301650 BLK, 0 txs)
[2026-09-28T22:57:49.885Z INFO  blacksilk_miner] found block 219 (reward 20.02299740 BLK, 0 txs)
[2026-09-28T22:57:52.109Z INFO  blacksilk_miner] found block 220 (reward 20.02297831 BLK, 0 txs)
[2026-09-28T22:57:53.364Z INFO  blacksilk_miner] found block 221 (reward 20.02295921 BLK, 0 txs)
[2026-09-28T22:57:54.741Z INFO  blacksilk_miner] found block 222 (reward 20.02294012 BLK, 0 txs)
[2026-09-28T22:57:55.520Z INFO  blacksilk_miner] found block 223 (reward 20.02292102 BLK, 0 txs)
[2026-09-28T22:57:57.183Z INFO  blacksilk_miner] found block 224 (reward 20.02290193 BLK, 0 txs)
[2026-09-28T22:57:58.445Z INFO  blacksilk_miner] found block 225 (reward 20.02288283 BLK, 0 txs)
[2026-09-28T22:57:59.186Z INFO  blacksilk_miner] found block 226 (reward 20.02286374 BLK, 0 txs)
[2026-09-28T22:58:00.000Z INFO  blacksilk_miner] found block 227 (reward 20.02284464 BLK, 0 txs)
[2026-09-28T22:58:02.088Z INFO  blacksilk_miner] found block 228 (reward 20.02282555 BLK, 0 txs)
[2026-09-28T22:58:03.260Z INFO  blacksilk_miner] found block 229 (reward 20.02280645 BLK, 0 txs)
[2026-09-28T22:58:04.425Z INFO  blacksilk_miner] found block 230 (reward 20.02278735 BLK, 0 txs)
[2026-09-28T22:58:05.419Z INFO  blacksilk_miner] found block 231 (reward 20.02276826 BLK, 0 txs)
[2026-09-28T22:58:06.535Z INFO  blacksilk_miner] found block 232 (reward 20.02274916 BLK, 0 txs)
[2026-09-28T22:58:07.789Z INFO  blacksilk_miner] hash rate 12.0 H/s (full mode)
[2026-09-28T22:58:08.404Z INFO  blacksilk_miner] found block 233 (reward 20.02273007 BLK, 0 txs)
[2026-09-28T22:58:09.605Z INFO  blacksilk_miner] found block 234 (reward 20.02271097 BLK, 0 txs)
[2026-09-28T22:58:11.599Z INFO  blacksilk_miner] found block 235 (reward 20.02269188 BLK, 0 txs)
[2026-09-28T22:58:13.032Z INFO  blacksilk_miner] found block 236 (reward 20.02267278 BLK, 0 txs)
[2026-09-28T22:58:13.716Z INFO  blacksilk_miner] found block 237 (reward 20.02265369 BLK, 0 txs)
[2026-09-28T22:58:15.710Z INFO  blacksilk_miner] found block 238 (reward 20.02263459 BLK, 0 txs)
[2026-09-28T22:58:17.305Z INFO  blacksilk_miner] found block 239 (reward 20.02261550 BLK, 0 txs)
[2026-09-28T22:58:17.999Z INFO  blacksilk_miner] found block 240 (reward 20.02259640 BLK, 0 txs)
[2026-09-28T22:58:19.594Z INFO  blacksilk_miner] found block 241 (reward 20.02257731 BLK, 0 txs)
[2026-09-28T22:58:22.202Z INFO  blacksilk_miner] found block 242 (reward 20.02255821 BLK, 0 txs)
[2026-09-28T22:58:23.018Z INFO  blacksilk_miner] found block 243 (reward 20.02253912 BLK, 0 txs)
[2026-09-28T22:58:25.297Z INFO  blacksilk_miner] found block 244 (reward 20.02252002 BLK, 0 txs)
[2026-09-28T22:58:27.838Z INFO  blacksilk_miner] found block 245 (reward 20.02250093 BLK, 0 txs)
[2026-09-28T22:58:28.881Z INFO  blacksilk_miner] found block 246 (reward 20.02248183 BLK, 0 txs)
[2026-09-28T22:58:30.312Z INFO  blacksilk_miner] found block 247 (reward 20.02246274 BLK, 0 txs)
[2026-09-28T22:58:31.604Z INFO  blacksilk_miner] found block 248 (reward 20.02244364 BLK, 0 txs)
[2026-09-28T22:58:34.063Z INFO  blacksilk_miner] found block 249 (reward 20.02242455 BLK, 0 txs)
[2026-09-28T22:58:35.598Z INFO  blacksilk_miner] found block 250 (reward 20.02240545 BLK, 0 txs)
[2026-09-28T22:58:36.550Z INFO  blacksilk_miner] found block 251 (reward 20.02238636 BLK, 0 txs)
[2026-09-28T22:58:38.003Z INFO  blacksilk_miner] found block 252 (reward 20.02236726 BLK, 0 txs)
[2026-09-28T22:58:41.047Z INFO  blacksilk_miner] found block 253 (reward 20.02234817 BLK, 0 txs)
[2026-09-28T22:58:42.046Z INFO  blacksilk_miner] found block 254 (reward 20.02232907 BLK, 0 txs)
[2026-09-28T22:58:43.274Z INFO  blacksilk_miner] found block 255 (reward 20.02230998 BLK, 0 txs)
[2026-09-28T22:58:46.299Z INFO  blacksilk_miner] found block 256 (reward 20.02229089 BLK, 0 txs)
[2026-09-28T22:58:48.194Z INFO  blacksilk_miner] found block 257 (reward 20.02227179 BLK, 0 txs)
[2026-09-28T22:58:49.235Z INFO  blacksilk_miner] found block 258 (reward 20.02225270 BLK, 0 txs)
[2026-09-28T22:58:51.210Z INFO  blacksilk_miner] found block 259 (reward 20.02223360 BLK, 0 txs)
[2026-09-28T22:58:52.120Z INFO  blacksilk_miner] found block 260 (reward 20.02221451 BLK, 0 txs)
[2026-09-28T22:58:56.487Z INFO  blacksilk_miner] found block 261 (reward 20.02219541 BLK, 0 txs)
[2026-09-28T22:58:57.987Z INFO  blacksilk_miner] found block 262 (reward 20.02217632 BLK, 0 txs)
[2026-09-28T22:58:58.972Z INFO  blacksilk_miner] found block 263 (reward 20.02215722 BLK, 0 txs)
[2026-09-28T22:59:00.816Z INFO  blacksilk_miner] found block 264 (reward 20.02213813 BLK, 0 txs)
[2026-09-28T22:59:03.146Z INFO  blacksilk_miner] found block 265 (reward 20.02211903 BLK, 0 txs)
[2026-09-28T22:59:06.001Z INFO  blacksilk_miner] found block 266 (reward 20.02209994 BLK, 0 txs)
[2026-09-28T22:59:07.477Z INFO  blacksilk_miner] found block 267 (reward 20.02208084 BLK, 0 txs)
[2026-09-28T22:59:09.186Z INFO  blacksilk_miner] hash rate 16.4 H/s (full mode)
[2026-09-28T22:59:09.752Z INFO  blacksilk_miner] found block 268 (reward 20.02206175 BLK, 0 txs)
[2026-09-28T22:59:14.706Z INFO  blacksilk_miner] found block 269 (reward 20.02204265 BLK, 0 txs)
[2026-09-28T22:59:17.990Z INFO  blacksilk_miner] found block 270 (reward 20.02202356 BLK, 0 txs)
[2026-09-28T22:59:19.914Z INFO  blacksilk_miner] found block 271 (reward 20.02200447 BLK, 0 txs)
[2026-09-28T22:59:26.285Z INFO  blacksilk_miner] found block 272 (reward 20.02198537 BLK, 0 txs)
[2026-09-28T22:59:30.667Z INFO  blacksilk_miner] found block 273 (reward 20.02196628 BLK, 0 txs)
[2026-09-28T22:59:31.984Z INFO  blacksilk_miner] found block 274 (reward 20.02194718 BLK, 0 txs)
[2026-09-28T22:59:35.129Z INFO  blacksilk_miner] found block 275 (reward 20.02192809 BLK, 0 txs)
[2026-09-28T22:59:36.602Z INFO  blacksilk_miner] found block 276 (reward 20.02190899 BLK, 0 txs)
[2026-09-28T22:59:37.874Z INFO  blacksilk_miner] found block 277 (reward 20.02188990 BLK, 0 txs)
[2026-09-28T22:59:39.391Z INFO  blacksilk_miner] found block 278 (reward 20.02187081 BLK, 0 txs)
[2026-09-28T22:59:42.152Z INFO  blacksilk_miner] found block 279 (reward 20.02185171 BLK, 0 txs)
[2026-09-28T22:59:43.031Z INFO  blacksilk_miner] found block 280 (reward 20.02183262 BLK, 0 txs)
[2026-09-28T22:59:46.938Z INFO  blacksilk_miner] found block 281 (reward 20.02181352 BLK, 0 txs)
[2026-09-28T22:59:48.333Z INFO  blacksilk_miner] found block 282 (reward 20.02179443 BLK, 0 txs)
[2026-09-28T22:59:52.835Z INFO  blacksilk_miner] found block 283 (reward 20.02177533 BLK, 0 txs)
[2026-09-28T22:59:55.848Z INFO  blacksilk_miner] found block 284 (reward 20.02175624 BLK, 0 txs)
[2026-09-28T22:59:57.242Z INFO  blacksilk_miner] found block 285 (reward 20.02173715 BLK, 0 txs)
[2026-09-28T22:59:57.990Z INFO  blacksilk_miner] found block 286 (reward 20.02171805 BLK, 0 txs)
[2026-09-28T23:00:03.538Z INFO  blacksilk_miner] found block 287 (reward 20.02169896 BLK, 0 txs)
[2026-09-28T23:00:13.870Z INFO  blacksilk_miner] hash rate 20.3 H/s (full mode)
[2026-09-28T23:00:15.668Z INFO  blacksilk_miner] found block 288 (reward 20.02167986 BLK, 0 txs)
[2026-09-28T23:00:16.808Z INFO  blacksilk_miner] found block 289 (reward 20.02166077 BLK, 0 txs)
[2026-09-28T23:00:27.523Z INFO  blacksilk_miner] found block 290 (reward 20.02164167 BLK, 0 txs)
[2026-09-28T23:00:32.865Z INFO  blacksilk_miner] found block 291 (reward 20.02162258 BLK, 0 txs)
[2026-09-28T23:00:40.742Z INFO  blacksilk_miner] found block 292 (reward 20.02160349 BLK, 0 txs)
[2026-09-28T23:00:42.444Z INFO  blacksilk_miner] found block 293 (reward 20.02158439 BLK, 0 txs)
[2026-09-28T23:00:57.175Z INFO  blacksilk_miner] found block 294 (reward 20.02156530 BLK, 0 txs)
[2026-09-28T23:01:00.621Z INFO  blacksilk_miner] found block 295 (reward 20.02154620 BLK, 0 txs)
[2026-09-28T23:01:06.085Z INFO  blacksilk_miner] found block 296 (reward 20.02152711 BLK, 0 txs)
[2026-09-28T23:01:16.280Z INFO  blacksilk_miner] hash rate 20.3 H/s (full mode)
[2026-09-28T23:01:23.852Z INFO  blacksilk_miner] found block 297 (reward 20.02150802 BLK, 0 txs)
[2026-09-28T23:01:26.100Z INFO  blacksilk_miner] found block 298 (reward 20.02148892 BLK, 0 txs)
[2026-09-28T23:01:29.357Z INFO  blacksilk_miner] found block 299 (reward 20.02146983 BLK, 0 txs)
[2026-09-28T23:01:38.777Z INFO  blacksilk_miner] found block 300 (reward 20.02145073 BLK, 0 txs)
[2026-09-28T23:01:41.172Z INFO  blacksilk_miner] found block 301 (reward 20.02143164 BLK, 0 txs)
[2026-09-28T23:01:44.617Z INFO  blacksilk_miner] found block 302 (reward 20.02141255 BLK, 0 txs)
[2026-09-28T23:01:46.094Z INFO  blacksilk_miner] found block 303 (reward 20.02139345 BLK, 0 txs)
[2026-09-28T23:01:52.978Z INFO  blacksilk_miner] found block 304 (reward 20.02137436 BLK, 0 txs)
[2026-09-28T23:01:58.777Z INFO  blacksilk_miner] found block 305 (reward 20.02135526 BLK, 0 txs)
[2026-09-28T23:02:00.341Z INFO  blacksilk_miner] found block 306 (reward 20.02133617 BLK, 0 txs)
[2026-09-28T23:02:05.826Z INFO  blacksilk_miner] found block 307 (reward 20.02131708 BLK, 0 txs)
[2026-09-28T23:02:11.589Z INFO  blacksilk_miner] found block 308 (reward 20.02129798 BLK, 0 txs)
[2026-09-28T23:02:14.639Z INFO  blacksilk_miner] found block 309 (reward 20.02127889 BLK, 0 txs)
[2026-09-28T23:02:19.726Z INFO  blacksilk_miner] hash rate 22.0 H/s (full mode)
[2026-09-28T23:02:21.944Z INFO  blacksilk_miner] found block 310 (reward 20.02125980 BLK, 0 txs)
[2026-09-28T23:02:25.519Z INFO  blacksilk_miner] found block 311 (reward 20.02124070 BLK, 0 txs)
[2026-09-28T23:02:28.007Z INFO  blacksilk_miner] found block 312 (reward 20.02122161 BLK, 0 txs)
[2026-09-28T23:02:31.084Z INFO  blacksilk_miner] found block 313 (reward 20.02120251 BLK, 0 txs)
[2026-09-28T23:02:35.709Z INFO  blacksilk_miner] found block 314 (reward 20.02118342 BLK, 0 txs)
[2026-09-28T23:02:44.227Z INFO  blacksilk_miner] found block 315 (reward 20.02116433 BLK, 0 txs)
[2026-09-28T23:02:51.395Z INFO  blacksilk_miner] found block 316 (reward 20.02114523 BLK, 0 txs)
[2026-09-28T23:02:59.192Z INFO  blacksilk_miner] found block 317 (reward 20.02112614 BLK, 0 txs)
[2026-09-28T23:03:11.562Z INFO  blacksilk_miner] found block 318 (reward 20.02110705 BLK, 0 txs)
[2026-09-28T23:03:14.886Z INFO  blacksilk_miner] found block 319 (reward 20.02108795 BLK, 0 txs)
[2026-09-28T23:03:17.083Z INFO  blacksilk_miner] found block 320 (reward 20.02106886 BLK, 0 txs)
[2026-09-28T23:03:19.808Z INFO  blacksilk_miner] hash rate 22.3 H/s (full mode)
[2026-09-28T23:03:20.434Z INFO  blacksilk_miner] found block 321 (reward 20.02104976 BLK, 0 txs)
[2026-09-28T23:03:23.130Z INFO  blacksilk_miner] found block 322 (reward 20.02103067 BLK, 0 txs)
[2026-09-28T23:03:27.430Z INFO  blacksilk_miner] found block 323 (reward 20.02101158 BLK, 0 txs)
[2026-09-28T23:03:28.645Z INFO  blacksilk_miner] found block 324 (reward 20.02099248 BLK, 0 txs)
[2026-09-28T23:03:30.059Z INFO  blacksilk_miner] found block 325 (reward 20.02097339 BLK, 0 txs)
[2026-09-28T23:03:32.109Z INFO  blacksilk_miner] found block 326 (reward 20.02095430 BLK, 0 txs)
[2026-09-28T23:03:46.429Z INFO  blacksilk_miner] found block 327 (reward 20.02093520 BLK, 0 txs)
[2026-09-28T23:03:57.948Z INFO  blacksilk_miner] found block 328 (reward 20.02091611 BLK, 0 txs)
[2026-09-28T23:04:02.597Z INFO  blacksilk_miner] found block 329 (reward 20.02089702 BLK, 0 txs)
[2026-09-28T23:04:05.727Z INFO  blacksilk_miner] found block 330 (reward 20.02087792 BLK, 0 txs)
[2026-09-28T23:04:14.845Z INFO  blacksilk_miner] found block 331 (reward 20.02085883 BLK, 0 txs)
[2026-09-28T23:04:20.005Z INFO  blacksilk_miner] hash rate 17.8 H/s (full mode)
[2026-09-28T23:04:33.265Z INFO  blacksilk_miner] found block 332 (reward 20.02083974 BLK, 0 txs)
[2026-09-28T23:04:39.068Z INFO  blacksilk_miner] found block 333 (reward 20.02082064 BLK, 0 txs)
[2026-09-28T23:04:49.135Z INFO  blacksilk_miner] found block 334 (reward 20.02080155 BLK, 0 txs)
[2026-09-28T23:04:50.909Z INFO  blacksilk_miner] found block 335 (reward 20.02078246 BLK, 0 txs)
[2026-09-28T23:04:56.953Z INFO  blacksilk_miner] found block 336 (reward 20.02076336 BLK, 0 txs)
[2026-09-28T23:05:23.183Z INFO  blacksilk_miner] hash rate 16.6 H/s (full mode)
[2026-09-28T23:05:38.280Z INFO  blacksilk_miner] found block 337 (reward 20.02074427 BLK, 0 txs)
[2026-09-28T23:05:47.411Z INFO  blacksilk_miner] found block 338 (reward 20.02072518 BLK, 0 txs)
[2026-09-28T23:05:55.867Z INFO  blacksilk_miner] found block 339 (reward 20.02070608 BLK, 0 txs)
[2026-09-28T23:05:57.204Z INFO  blacksilk_miner] found block 340 (reward 20.02068699 BLK, 0 txs)
[2026-09-28T23:06:03.712Z INFO  blacksilk_miner] found block 341 (reward 20.02066790 BLK, 0 txs)
[2026-09-28T23:06:10.337Z INFO  blacksilk_miner] found block 342 (reward 20.02064880 BLK, 0 txs)
[2026-09-28T23:06:26.148Z INFO  blacksilk_miner] hash rate 13.7 H/s (full mode)
[2026-09-28T23:06:38.508Z INFO  blacksilk_miner] found block 343 (reward 20.02062971 BLK, 0 txs)
[2026-09-28T23:06:48.782Z INFO  blacksilk_miner] found block 344 (reward 20.02061062 BLK, 0 txs)
[2026-09-28T23:06:53.442Z INFO  blacksilk_miner] found block 345 (reward 20.02059152 BLK, 0 txs)
[2026-09-28T23:07:02.494Z INFO  blacksilk_miner] found block 346 (reward 20.02057243 BLK, 0 txs)
[2026-09-28T23:07:07.313Z INFO  blacksilk_miner] found block 347 (reward 20.02055334 BLK, 0 txs)
[2026-09-28T23:07:28.236Z INFO  blacksilk_miner] hash rate 14.3 H/s (full mode)
[2026-09-28T23:08:05.311Z INFO  blacksilk_miner] found block 348 (reward 20.02053424 BLK, 0 txs)
[2026-09-28T23:08:21.378Z INFO  blacksilk_miner] found block 349 (reward 20.02051515 BLK, 0 txs)
[2026-09-28T23:08:31.719Z INFO  blacksilk_miner] hash rate 15.4 H/s (full mode)
[2026-09-28T23:08:39.031Z INFO  blacksilk_miner] found block 350 (reward 20.02049606 BLK, 0 txs)
[2026-09-28T23:08:42.817Z INFO  blacksilk_miner] found block 351 (reward 20.02047697 BLK, 0 txs)
[2026-09-28T23:09:03.921Z INFO  blacksilk_miner] found block 352 (reward 20.02045787 BLK, 0 txs)
[2026-09-28T23:09:07.365Z INFO  blacksilk_miner] found block 353 (reward 20.02043878 BLK, 0 txs)
[2026-09-28T23:09:09.091Z INFO  blacksilk_miner] found block 354 (reward 20.02041969 BLK, 0 txs)
[2026-09-28T23:09:13.905Z INFO  blacksilk_miner] found block 355 (reward 20.02040059 BLK, 0 txs)
[2026-09-28T23:09:24.601Z INFO  blacksilk_miner] found block 356 (reward 20.02038150 BLK, 0 txs)
[2026-09-28T23:09:29.438Z INFO  blacksilk_miner] found block 357 (reward 20.02036241 BLK, 0 txs)
[2026-09-28T23:09:32.043Z INFO  blacksilk_miner] found block 358 (reward 20.02034332 BLK, 0 txs)
[2026-09-28T23:09:37.132Z INFO  blacksilk_miner] hash rate 18.4 H/s (full mode)
[2026-09-28T23:09:45.638Z INFO  blacksilk_miner] new tip at height 359: work on template 359 abandoned after 3.4s
[2026-09-28T23:10:18.201Z INFO  blacksilk_miner] found block 360 (reward 20.02030513 BLK, 0 txs)
[2026-09-28T23:10:26.437Z INFO  blacksilk_miner] found block 361 (reward 20.02028604 BLK, 0 txs)
[2026-09-28T23:10:32.285Z INFO  blacksilk_miner] found block 362 (reward 20.02026694 BLK, 0 txs)
[2026-09-28T23:10:37.357Z INFO  blacksilk_miner] hash rate 20.8 H/s (full mode)
[2026-09-28T23:10:42.109Z INFO  blacksilk_miner] found block 363 (reward 20.02024785 BLK, 0 txs)
[2026-09-28T23:10:45.627Z INFO  blacksilk_miner] found block 364 (reward 20.02057336 BLK, 1 txs)
[2026-09-28T23:10:50.633Z INFO  blacksilk_miner] found block 365 (reward 20.02020967 BLK, 0 txs)
[2026-09-28T23:10:58.441Z INFO  blacksilk_miner] found block 366 (reward 20.02019057 BLK, 0 txs)
[2026-09-28T23:11:15.635Z INFO  blacksilk_miner] found block 367 (reward 20.02017148 BLK, 0 txs)
[2026-09-28T23:11:21.582Z INFO  blacksilk_miner] found block 368 (reward 20.02015239 BLK, 0 txs)
[2026-09-28T23:11:29.262Z INFO  blacksilk_miner] found block 369 (reward 20.02013329 BLK, 0 txs)
[2026-09-28T23:11:31.250Z INFO  blacksilk_miner] found block 370 (reward 20.02011420 BLK, 0 txs)
[2026-09-28T23:11:41.398Z INFO  blacksilk_miner] hash rate 22.6 H/s (full mode)
[2026-09-28T23:12:08.197Z INFO  blacksilk_miner] found block 371 (reward 20.02043971 BLK, 1 txs)
[2026-09-28T23:12:21.490Z INFO  blacksilk_miner] found block 372 (reward 20.02042062 BLK, 1 txs)
[2026-09-28T23:12:25.185Z INFO  blacksilk_miner] found block 373 (reward 20.02005692 BLK, 0 txs)
[2026-09-28T23:12:35.848Z INFO  blacksilk_miner] found block 374 (reward 20.02003783 BLK, 0 txs)
[2026-09-28T23:12:42.841Z INFO  blacksilk_miner] hash rate 16.4 H/s (full mode)
[2026-09-28T23:12:43.774Z INFO  blacksilk_miner] found block 375 (reward 20.02001874 BLK, 0 txs)
[2026-09-28T23:12:46.365Z INFO  blacksilk_miner] found block 376 (reward 20.01999965 BLK, 0 txs)
[2026-09-28T23:13:19.921Z INFO  blacksilk_miner] found block 377 (reward 20.01998055 BLK, 0 txs)
[2026-09-28T23:13:36.303Z INFO  blacksilk_miner] found block 378 (reward 20.01996146 BLK, 0 txs)
[2026-09-28T23:13:46.476Z INFO  blacksilk_miner] hash rate 15.1 H/s (full mode)
[2026-09-28T23:13:51.513Z INFO  blacksilk_miner] found block 379 (reward 20.01994237 BLK, 0 txs)
[2026-09-28T23:13:53.993Z INFO  blacksilk_miner] found block 380 (reward 20.01992328 BLK, 0 txs)
[2026-09-28T23:13:55.686Z INFO  blacksilk_miner] found block 381 (reward 20.01990418 BLK, 0 txs)
[2026-09-28T23:14:05.777Z INFO  blacksilk_miner] found block 382 (reward 20.01988509 BLK, 0 txs)
[2026-09-28T23:14:13.079Z INFO  blacksilk_miner] found block 383 (reward 20.01986600 BLK, 0 txs)
[2026-09-28T23:14:16.771Z INFO  blacksilk_miner] found block 384 (reward 20.01984691 BLK, 0 txs)
[2026-09-28T23:14:18.737Z INFO  blacksilk_miner] found block 385 (reward 20.01982781 BLK, 0 txs)
[2026-09-28T23:14:38.572Z INFO  blacksilk_miner] found block 386 (reward 20.01980872 BLK, 0 txs)
[2026-09-28T23:14:48.766Z INFO  blacksilk_miner] hash rate 13.9 H/s (full mode)
[2026-09-28T23:14:51.352Z INFO  blacksilk_miner] found block 387 (reward 20.01978963 BLK, 0 txs)
[2026-09-28T23:14:55.241Z INFO  blacksilk_miner] found block 388 (reward 20.02011514 BLK, 1 txs)
[2026-09-28T23:14:56.581Z INFO  blacksilk_miner] found block 389 (reward 20.01975144 BLK, 0 txs)
[2026-09-28T23:15:09.842Z INFO  blacksilk_miner] found block 390 (reward 20.01973235 BLK, 0 txs)
[2026-09-28T23:15:21.788Z INFO  blacksilk_miner] found block 391 (reward 20.02005786 BLK, 1 txs)
[2026-09-28T23:15:27.030Z INFO  blacksilk_miner] found block 392 (reward 20.01969417 BLK, 0 txs)
[2026-09-28T23:15:38.443Z INFO  blacksilk_miner] found block 393 (reward 20.01967507 BLK, 0 txs)
[2026-09-28T23:15:44.746Z INFO  blacksilk_miner] found block 394 (reward 20.01965598 BLK, 0 txs)
[2026-09-28T23:15:50.006Z INFO  blacksilk_miner] hash rate 14.0 H/s (full mode)
[2026-09-28T23:15:52.251Z INFO  blacksilk_miner] found block 395 (reward 20.01963689 BLK, 0 txs)
[2026-09-28T23:16:06.957Z INFO  blacksilk_miner] found block 396 (reward 20.01961780 BLK, 0 txs)
[2026-09-28T23:16:13.580Z INFO  blacksilk_miner] found block 397 (reward 20.01994331 BLK, 1 txs)
[2026-09-28T23:16:15.518Z INFO  blacksilk_miner] found block 398 (reward 20.01957961 BLK, 0 txs)
[2026-09-28T23:16:17.641Z INFO  blacksilk_miner] found block 399 (reward 20.01956052 BLK, 0 txs)
[2026-09-28T23:16:24.691Z INFO  blacksilk_miner] found block 400 (reward 20.01954143 BLK, 0 txs)
[2026-09-28T23:16:50.824Z INFO  blacksilk_miner] found block 401 (reward 20.01952234 BLK, 0 txs)
[2026-09-28T23:16:56.079Z INFO  blacksilk_miner] hash rate 13.5 H/s (full mode)
[2026-09-28T23:16:59.529Z INFO  blacksilk_miner] found block 402 (reward 20.01950325 BLK, 0 txs)
[2026-09-28T23:17:01.610Z INFO  blacksilk_miner] found block 403 (reward 20.01948415 BLK, 0 txs)
[2026-09-28T23:17:07.132Z INFO  blacksilk_miner] found block 404 (reward 20.01946506 BLK, 0 txs)
[2026-09-28T23:17:25.727Z INFO  blacksilk_miner] found block 405 (reward 20.01944597 BLK, 0 txs)
[2026-09-28T23:17:34.762Z INFO  blacksilk_miner] found block 406 (reward 20.01942688 BLK, 0 txs)
[2026-09-28T23:17:39.371Z INFO  blacksilk_miner] found block 407 (reward 20.01940779 BLK, 0 txs)
[2026-09-28T23:17:40.854Z INFO  blacksilk_miner] found block 408 (reward 20.01938869 BLK, 0 txs)
[2026-09-28T23:17:48.913Z INFO  blacksilk_miner] found block 409 (reward 20.01936960 BLK, 0 txs)
[2026-09-28T23:17:58.244Z INFO  blacksilk_miner] hash rate 14.9 H/s (full mode)
[2026-09-28T23:17:59.638Z INFO  blacksilk_miner] found block 410 (reward 20.01935051 BLK, 0 txs)
[2026-09-28T23:18:09.678Z INFO  blacksilk_miner] found block 411 (reward 20.01933142 BLK, 0 txs)
[2026-09-28T23:18:11.145Z INFO  blacksilk_miner] found block 412 (reward 20.01931233 BLK, 0 txs)
[2026-09-28T23:18:23.742Z INFO  blacksilk_miner] found block 413 (reward 20.01929323 BLK, 0 txs)
[2026-09-28T23:18:31.690Z INFO  blacksilk_miner] found block 414 (reward 20.01927414 BLK, 0 txs)
[2026-09-28T23:19:03.255Z INFO  blacksilk_miner] hash rate 14.4 H/s (full mode)
[2026-09-28T23:19:13.173Z INFO  blacksilk_miner] found block 415 (reward 20.01925505 BLK, 0 txs)
[2026-09-28T23:19:14.536Z INFO  blacksilk_miner] found block 416 (reward 20.01923596 BLK, 0 txs)
[2026-09-28T23:19:26.673Z INFO  blacksilk_miner] found block 417 (reward 20.01956147 BLK, 1 txs)
[2026-09-28T23:19:30.063Z INFO  blacksilk_miner] found block 418 (reward 20.01919777 BLK, 0 txs)
[2026-09-28T23:19:30.903Z INFO  blacksilk_miner] found block 419 (reward 20.01917868 BLK, 0 txs)
[2026-09-28T23:19:33.200Z INFO  blacksilk_miner] found block 420 (reward 20.01915959 BLK, 0 txs)
[2026-09-28T23:19:49.482Z INFO  blacksilk_miner] found block 421 (reward 20.01914050 BLK, 0 txs)
[2026-09-28T23:19:55.264Z INFO  blacksilk_miner] found block 422 (reward 20.01912141 BLK, 0 txs)
[2026-09-28T23:19:56.899Z INFO  blacksilk_miner] found block 423 (reward 20.01910232 BLK, 0 txs)
[2026-09-28T23:20:07.003Z INFO  blacksilk_miner] hash rate 22.7 H/s (full mode)
[2026-09-28T23:20:12.997Z INFO  blacksilk_miner] new tip at height 424: work on template 424 abandoned after 946.1ms
[2026-09-28T23:20:40.525Z INFO  blacksilk_miner] found block 425 (reward 20.01906413 BLK, 0 txs)
[2026-09-28T23:20:42.013Z INFO  blacksilk_miner] found block 426 (reward 20.01904504 BLK, 0 txs)
[2026-09-28T23:20:47.424Z INFO  blacksilk_miner] new tip at height 427: work on template 427 abandoned after 295.3ms
[2026-09-28T23:21:03.058Z INFO  blacksilk_miner] found block 428 (reward 20.01900686 BLK, 0 txs)
[2026-09-28T23:21:07.855Z INFO  blacksilk_miner] hash rate 25.4 H/s (full mode)
[2026-09-28T23:21:08.432Z INFO  blacksilk_miner] found block 429 (reward 20.01898777 BLK, 0 txs)
[2026-09-28T23:21:17.920Z INFO  blacksilk_miner] found block 430 (reward 20.01931327 BLK, 1 txs)
[2026-09-28T23:21:41.069Z INFO  blacksilk_miner] found block 431 (reward 20.01894958 BLK, 0 txs)
[2026-09-28T23:21:47.834Z INFO  blacksilk_miner] found block 432 (reward 20.01893049 BLK, 0 txs)
[2026-09-28T23:21:49.316Z INFO  blacksilk_miner] found block 433 (reward 20.01891140 BLK, 0 txs)
[2026-09-28T23:21:59.840Z INFO  blacksilk_miner] found block 434 (reward 20.01889231 BLK, 0 txs)
[2026-09-28T23:22:08.912Z INFO  blacksilk_miner] hash rate 24.4 H/s (full mode)
[2026-09-28T23:22:09.500Z INFO  blacksilk_miner] found block 435 (reward 20.01921782 BLK, 1 txs)
[2026-09-28T23:22:16.561Z INFO  blacksilk_miner] found block 436 (reward 20.01885412 BLK, 0 txs)
[2026-09-28T23:22:34.268Z INFO  blacksilk_miner] found block 437 (reward 20.01883503 BLK, 0 txs)
[2026-09-28T23:22:38.022Z INFO  blacksilk_miner] found block 438 (reward 20.01881594 BLK, 0 txs)
[2026-09-28T23:22:46.752Z INFO  blacksilk_miner] found block 439 (reward 20.01879685 BLK, 0 txs)
[2026-09-28T23:22:53.714Z INFO  blacksilk_miner] found block 440 (reward 20.01877776 BLK, 0 txs)
[2026-09-28T23:23:06.142Z INFO  blacksilk_miner] found block 441 (reward 20.01875867 BLK, 0 txs)
[2026-09-28T23:23:11.208Z INFO  blacksilk_miner] hash rate 24.4 H/s (full mode)
[2026-09-28T23:23:23.652Z INFO  blacksilk_miner] found block 442 (reward 20.01873958 BLK, 0 txs)
[2026-09-28T23:23:36.528Z INFO  blacksilk_miner] found block 443 (reward 20.01872048 BLK, 0 txs)
[2026-09-28T23:23:48.547Z INFO  blacksilk_miner] found block 444 (reward 20.01904599 BLK, 1 txs)
[2026-09-28T23:23:50.403Z INFO  blacksilk_miner] found block 445 (reward 20.01868230 BLK, 0 txs)
[2026-09-28T23:23:55.042Z INFO  blacksilk_miner] found block 446 (reward 20.01866321 BLK, 0 txs)
[2026-09-28T23:24:15.330Z INFO  blacksilk_miner] hash rate 24.8 H/s (full mode)
[2026-09-28T23:24:29.114Z INFO  blacksilk_miner] found block 447 (reward 20.01864412 BLK, 0 txs)
[2026-09-28T23:24:30.402Z INFO  blacksilk_miner] found block 448 (reward 20.01862503 BLK, 0 txs)
[2026-09-28T23:24:33.102Z INFO  blacksilk_miner] found block 449 (reward 20.01860594 BLK, 0 txs)
[2026-09-28T23:24:40.742Z INFO  blacksilk_miner] found block 450 (reward 20.01858685 BLK, 0 txs)
[2026-09-28T23:25:01.372Z INFO  blacksilk_miner] found block 451 (reward 20.01891235 BLK, 1 txs)
[2026-09-28T23:25:07.398Z INFO  blacksilk_miner] found block 452 (reward 20.01854866 BLK, 0 txs)
[2026-09-28T23:25:09.109Z INFO  blacksilk_miner] found block 453 (reward 20.01852957 BLK, 0 txs)
[2026-09-28T23:25:19.267Z INFO  blacksilk_miner] hash rate 24.3 H/s (full mode)
[2026-09-28T23:25:30.159Z INFO  blacksilk_miner] found block 454 (reward 20.01851048 BLK, 0 txs)
[2026-09-28T23:25:49.275Z INFO  blacksilk_miner] found block 455 (reward 20.01849139 BLK, 0 txs)
[2026-09-28T23:25:50.212Z INFO  blacksilk_miner] found block 456 (reward 20.01881690 BLK, 1 txs)
[2026-09-28T23:25:51.866Z INFO  blacksilk_miner] found block 457 (reward 20.01845321 BLK, 0 txs)
[2026-09-28T23:25:58.101Z INFO  blacksilk_miner] found block 458 (reward 20.01843412 BLK, 0 txs)
[2026-09-28T23:26:09.445Z INFO  blacksilk_miner] found block 459 (reward 20.01841503 BLK, 0 txs)
[2026-09-28T23:26:10.775Z INFO  blacksilk_miner] found block 460 (reward 20.01839593 BLK, 0 txs)
[2026-09-28T23:26:18.331Z INFO  blacksilk_miner] found block 461 (reward 20.01837684 BLK, 0 txs)
[2026-09-28T23:26:20.774Z INFO  blacksilk_miner] hash rate 23.8 H/s (full mode)
[2026-09-28T23:26:21.340Z INFO  blacksilk_miner] found block 462 (reward 20.01835775 BLK, 0 txs)
[2026-09-28T23:26:25.370Z INFO  blacksilk_miner] found block 463 (reward 20.01833866 BLK, 0 txs)
[2026-09-28T23:26:28.439Z INFO  blacksilk_miner] found block 464 (reward 20.01831957 BLK, 0 txs)
[2026-09-28T23:26:32.274Z INFO  blacksilk_miner] found block 465 (reward 20.01830048 BLK, 0 txs)
[2026-09-28T23:26:43.959Z INFO  blacksilk_miner] found block 466 (reward 20.01828139 BLK, 0 txs)
[2026-09-28T23:26:53.321Z INFO  blacksilk_miner] found block 467 (reward 20.01860690 BLK, 1 txs)
[2026-09-28T23:26:59.357Z INFO  blacksilk_miner] found block 468 (reward 20.01824321 BLK, 0 txs)
[2026-09-28T23:27:05.462Z INFO  blacksilk_miner] found block 469 (reward 20.01822412 BLK, 0 txs)
[2026-09-28T23:27:08.632Z INFO  blacksilk_miner] found block 470 (reward 20.01820502 BLK, 0 txs)
[2026-09-28T23:27:09.891Z INFO  blacksilk_miner] found block 471 (reward 20.01818593 BLK, 0 txs)
[2026-09-28T23:27:14.312Z INFO  blacksilk_miner] found block 472 (reward 20.01816684 BLK, 0 txs)
[2026-09-28T23:27:15.361Z INFO  blacksilk_miner] found block 473 (reward 20.01814775 BLK, 0 txs)
[2026-09-28T23:27:25.510Z INFO  blacksilk_miner] hash rate 23.2 H/s (full mode)
[2026-09-28T23:27:30.569Z INFO  blacksilk_miner] found block 474 (reward 20.01812866 BLK, 0 txs)
[2026-09-28T23:27:33.252Z INFO  blacksilk_miner] found block 475 (reward 20.01845417 BLK, 1 txs)
[2026-09-28T23:27:36.060Z INFO  blacksilk_miner] found block 476 (reward 20.01809048 BLK, 0 txs)
[2026-09-28T23:27:44.456Z INFO  blacksilk_miner] found block 477 (reward 20.01807139 BLK, 0 txs)
[2026-09-28T23:27:46.707Z INFO  blacksilk_miner] found block 478 (reward 20.01805230 BLK, 0 txs)
[2026-09-28T23:28:01.878Z INFO  blacksilk_miner] found block 479 (reward 20.01803321 BLK, 0 txs)
[2026-09-28T23:28:06.993Z INFO  blacksilk_miner] found block 480 (reward 20.01801412 BLK, 0 txs)
[2026-09-28T23:28:27.244Z INFO  blacksilk_miner] hash rate 24.9 H/s (full mode)
[2026-09-28T23:28:28.302Z INFO  blacksilk_miner] found block 481 (reward 20.01833963 BLK, 1 txs)
[2026-09-28T23:28:35.879Z INFO  blacksilk_miner] found block 482 (reward 20.01797594 BLK, 0 txs)
[2026-09-28T23:28:39.369Z INFO  blacksilk_miner] found block 483 (reward 20.01795685 BLK, 0 txs)
[2026-09-28T23:28:50.183Z INFO  blacksilk_miner] found block 484 (reward 20.01793775 BLK, 0 txs)
[2026-09-28T23:29:00.779Z INFO  blacksilk_miner] found block 485 (reward 20.01826326 BLK, 1 txs)
[2026-09-28T23:29:04.454Z INFO  blacksilk_miner] found block 486 (reward 20.01789957 BLK, 0 txs)
[2026-09-28T23:29:17.136Z INFO  blacksilk_miner] found block 487 (reward 20.01788048 BLK, 0 txs)
[2026-09-28T23:29:24.971Z INFO  blacksilk_miner] found block 488 (reward 20.01786139 BLK, 0 txs)
[2026-09-28T23:29:26.867Z INFO  blacksilk_miner] found block 489 (reward 20.01784230 BLK, 0 txs)
[2026-09-28T23:29:31.936Z INFO  blacksilk_miner] hash rate 23.9 H/s (full mode)
[2026-09-28T23:29:58.605Z INFO  blacksilk_miner] found block 490 (reward 20.01832781 BLK, 1 txs)
[2026-09-28T23:29:59.715Z INFO  blacksilk_miner] found block 491 (reward 20.01780412 BLK, 0 txs)
[2026-09-28T23:30:08.446Z INFO  blacksilk_miner] found block 492 (reward 20.01778503 BLK, 0 txs)
[2026-09-28T23:30:13.666Z INFO  blacksilk_miner] found block 493 (reward 20.01776594 BLK, 0 txs)
[2026-09-28T23:30:15.620Z INFO  blacksilk_miner] found block 494 (reward 20.01774685 BLK, 0 txs)
[2026-09-28T23:30:30.884Z INFO  blacksilk_miner] found block 495 (reward 20.01807236 BLK, 1 txs)
[2026-09-28T23:30:35.913Z INFO  blacksilk_miner] hash rate 21.9 H/s (full mode)
[2026-09-28T23:30:43.982Z INFO  blacksilk_miner] found block 496 (reward 20.01805327 BLK, 1 txs)
[2026-09-28T23:31:02.163Z INFO  blacksilk_miner] found block 497 (reward 20.01803418 BLK, 1 txs)
[2026-09-28T23:31:10.157Z INFO  blacksilk_miner] found block 498 (reward 20.01767049 BLK, 0 txs)
[2026-09-28T23:31:12.924Z INFO  blacksilk_miner] found block 499 (reward 20.01765140 BLK, 0 txs)
[2026-09-28T23:31:14.774Z INFO  blacksilk_miner] found block 500 (reward 20.01763231 BLK, 0 txs)
[2026-09-28T23:31:20.625Z INFO  blacksilk_miner] new tip at height 501: work on template 501 abandoned after 748.0ms
[2026-09-28T23:31:41.067Z INFO  blacksilk_miner] hash rate 18.9 H/s (full mode)
[2026-09-28T23:31:48.312Z INFO  blacksilk_miner] found block 502 (reward 20.01809873 BLK, 1 txs)
[2026-09-28T23:31:54.540Z INFO  blacksilk_miner] found block 503 (reward 20.01757504 BLK, 0 txs)
[2026-09-28T23:31:59.397Z INFO  blacksilk_miner] found block 504 (reward 20.01755595 BLK, 0 txs)
[2026-09-28T23:32:34.252Z INFO  blacksilk_miner] found block 505 (reward 20.01753686 BLK, 0 txs)
[2026-09-28T23:32:37.164Z INFO  blacksilk_miner] found block 506 (reward 20.01751777 BLK, 0 txs)
[2026-09-28T23:32:42.215Z INFO  blacksilk_miner] hash rate 20.7 H/s (full mode)
[2026-09-28T23:32:58.828Z INFO  blacksilk_miner] found block 507 (reward 20.01784328 BLK, 1 txs)
[2026-09-28T23:33:03.275Z INFO  blacksilk_miner] found block 508 (reward 20.01747959 BLK, 0 txs)
[2026-09-28T23:33:07.147Z INFO  blacksilk_miner] found block 509 (reward 20.01746050 BLK, 0 txs)
[2026-09-28T23:33:35.326Z INFO  blacksilk_miner] found block 510 (reward 20.01744141 BLK, 0 txs)
[2026-09-28T23:33:45.469Z INFO  blacksilk_miner] hash rate 22.5 H/s (full mode)
[2026-09-28T23:33:54.880Z INFO  blacksilk_miner] found block 511 (reward 20.01776692 BLK, 1 txs)
[2026-09-28T23:34:02.585Z INFO  blacksilk_miner] found block 512 (reward 20.01774782 BLK, 1 txs)
[2026-09-28T23:34:03.342Z INFO  blacksilk_miner] found block 513 (reward 20.01738413 BLK, 0 txs)
[2026-09-28T23:34:05.217Z INFO  blacksilk_miner] found block 514 (reward 20.01736504 BLK, 0 txs)
[2026-09-28T23:34:12.346Z INFO  blacksilk_miner] found block 515 (reward 20.01734595 BLK, 0 txs)
[2026-09-28T23:34:15.739Z INFO  blacksilk_miner] found block 516 (reward 20.01732686 BLK, 0 txs)
[2026-09-28T23:34:31.254Z INFO  blacksilk_miner] new tip at height 517: work on template 517 abandoned after 327.7ms
[2026-09-28T23:34:46.462Z INFO  blacksilk_miner] hash rate 24.1 H/s (full mode)
[2026-09-28T23:34:52.156Z INFO  blacksilk_miner] found block 518 (reward 20.01763328 BLK, 1 txs); not on the node's best chain
[2026-09-28T23:34:54.731Z INFO  blacksilk_miner] found block 519 (reward 20.01726959 BLK, 0 txs)
[2026-09-28T23:34:57.490Z INFO  blacksilk_miner] found block 520 (reward 20.01725050 BLK, 0 txs)
[2026-09-28T23:35:11.550Z INFO  blacksilk_miner] new tip at height 521: work on template 521 abandoned after 3.9s
[2026-09-28T23:35:31.725Z INFO  blacksilk_miner] found block 522 (reward 20.01721232 BLK, 0 txs)
[2026-09-28T23:35:33.373Z INFO  blacksilk_miner] found block 523 (reward 20.01719324 BLK, 0 txs)
[2026-09-28T23:35:35.241Z INFO  blacksilk_miner] found block 524 (reward 20.01717415 BLK, 0 txs)
[2026-09-28T23:35:38.571Z INFO  blacksilk_miner] found block 525 (reward 20.01715506 BLK, 0 txs)
[2026-09-28T23:35:48.688Z INFO  blacksilk_miner] hash rate 25.0 H/s (full mode)
[2026-09-28T23:36:04.792Z INFO  blacksilk_miner] found block 526 (reward 20.01748057 BLK, 1 txs)
[2026-09-28T23:36:08.122Z INFO  blacksilk_miner] found block 527 (reward 20.01711688 BLK, 0 txs)
[2026-09-28T23:36:11.657Z INFO  blacksilk_miner] found block 528 (reward 20.01709779 BLK, 0 txs)
[2026-09-28T23:36:15.036Z INFO  blacksilk_miner] found block 529 (reward 20.01707870 BLK, 0 txs)
[2026-09-28T23:36:16.796Z INFO  blacksilk_miner] found block 530 (reward 20.01705961 BLK, 0 txs)
[2026-09-28T23:36:23.389Z INFO  blacksilk_miner] found block 531 (reward 20.01704052 BLK, 0 txs)
[2026-09-28T23:36:28.886Z INFO  blacksilk_miner] found block 532 (reward 20.01702143 BLK, 0 txs)
[2026-09-28T23:36:33.954Z INFO  blacksilk_miner] found block 533 (reward 20.01700234 BLK, 0 txs)
[2026-09-28T23:36:38.027Z INFO  blacksilk_miner] found block 534 (reward 20.01698325 BLK, 0 txs)
[2026-09-28T23:36:40.623Z INFO  blacksilk_miner] found block 535 (reward 20.01696416 BLK, 0 txs)
[2026-09-28T23:36:50.727Z INFO  blacksilk_miner] hash rate 23.4 H/s (full mode)
[2026-09-28T23:36:52.177Z INFO  blacksilk_miner] found block 536 (reward 20.01694507 BLK, 0 txs)
[2026-09-28T23:36:54.669Z INFO  blacksilk_miner] found block 537 (reward 20.01692598 BLK, 0 txs)
[2026-09-28T23:36:58.101Z INFO  blacksilk_miner] found block 538 (reward 20.01690689 BLK, 0 txs)
[2026-09-28T23:37:10.096Z INFO  blacksilk_miner] found block 539 (reward 20.01723240 BLK, 1 txs)
[2026-09-28T23:37:13.662Z INFO  blacksilk_miner] found block 540 (reward 20.01686871 BLK, 0 txs)
[2026-09-28T23:37:16.220Z INFO  blacksilk_miner] found block 541 (reward 20.01719422 BLK, 1 txs)
[2026-09-28T23:37:22.144Z INFO  blacksilk_miner] found block 542 (reward 20.01683053 BLK, 0 txs)
[2026-09-28T23:37:31.226Z INFO  blacksilk_miner] found block 543 (reward 20.01715604 BLK, 1 txs)
[2026-09-28T23:37:33.356Z INFO  blacksilk_miner] found block 544 (reward 20.01679235 BLK, 0 txs)
[2026-09-28T23:37:48.850Z INFO  blacksilk_miner] found block 545 (reward 20.01711786 BLK, 1 txs)
[2026-09-28T23:37:53.852Z INFO  blacksilk_miner] hash rate 21.7 H/s (full mode)
[2026-09-28T23:37:54.672Z INFO  blacksilk_miner] found block 546 (reward 20.01675417 BLK, 0 txs)
[2026-09-28T23:38:24.733Z INFO  blacksilk_miner] found block 547 (reward 20.01707968 BLK, 1 txs)
[2026-09-28T23:38:27.955Z INFO  blacksilk_miner] found block 548 (reward 20.01706059 BLK, 1 txs)
[2026-09-28T23:38:42.465Z INFO  blacksilk_miner] found block 549 (reward 20.01704150 BLK, 1 txs)
[2026-09-28T23:38:43.578Z INFO  blacksilk_miner] found block 550 (reward 20.01667781 BLK, 0 txs)
[2026-09-28T23:38:58.741Z INFO  blacksilk_miner] hash rate 23.8 H/s (full mode)
[2026-09-28T23:39:06.503Z INFO  blacksilk_miner] found block 551 (reward 20.01665873 BLK, 0 txs)
[2026-09-28T23:39:16.010Z INFO  blacksilk_miner] found block 552 (reward 20.01663964 BLK, 0 txs)
[2026-09-28T23:39:32.142Z INFO  blacksilk_miner] found block 553 (reward 20.01696515 BLK, 1 txs)
[2026-09-28T23:39:54.923Z INFO  blacksilk_miner] new tip at height 554: work on template 554 abandoned after 2.6s
[2026-09-28T23:39:57.346Z INFO  blacksilk_miner] found block 555 (reward 20.01658237 BLK, 0 txs)
[2026-09-28T23:40:01.159Z INFO  blacksilk_miner] hash rate 25.1 H/s (full mode)
[2026-09-28T23:40:01.159Z INFO  blacksilk_miner] new tip at height 556: work on template 556 abandoned after 3.8s
[2026-09-28T23:40:05.427Z INFO  blacksilk_miner] found block 557 (reward 20.01654419 BLK, 0 txs)
[2026-09-28T23:40:06.272Z INFO  blacksilk_miner] found block 558 (reward 20.01652510 BLK, 0 txs)
[2026-09-28T23:40:11.262Z INFO  blacksilk_miner] found block 559 (reward 20.01650601 BLK, 0 txs)
[2026-09-28T23:40:12.749Z INFO  blacksilk_miner] found block 560 (reward 20.01648692 BLK, 0 txs)
[2026-09-28T23:40:21.102Z INFO  blacksilk_miner] found block 561 (reward 20.01646783 BLK, 0 txs)
[2026-09-28T23:40:30.342Z INFO  blacksilk_miner] found block 562 (reward 20.01644874 BLK, 0 txs)
[2026-09-28T23:40:37.529Z INFO  blacksilk_miner] found block 563 (reward 20.01642965 BLK, 0 txs)
[2026-09-28T23:40:56.963Z INFO  blacksilk_miner] found block 564 (reward 20.01675516 BLK, 1 txs)
[2026-09-28T23:41:02.031Z INFO  blacksilk_miner] hash rate 23.1 H/s (full mode)
[2026-09-28T23:41:10.029Z INFO  blacksilk_miner] found block 565 (reward 20.01673608 BLK, 1 txs)
[2026-09-28T23:41:20.425Z INFO  blacksilk_miner] found block 566 (reward 20.01637239 BLK, 0 txs)
[2026-09-28T23:41:31.303Z INFO  blacksilk_miner] found block 567 (reward 20.01669790 BLK, 1 txs)
[2026-09-28T23:41:49.201Z INFO  blacksilk_miner] found block 568 (reward 20.01633421 BLK, 0 txs)
[2026-09-28T23:42:02.179Z INFO  blacksilk_miner] hash rate 19.4 H/s (full mode)
[2026-09-28T23:42:02.813Z INFO  blacksilk_miner] found block 569 (reward 20.01631512 BLK, 0 txs)
[2026-09-28T23:42:07.629Z INFO  blacksilk_miner] found block 570 (reward 20.01629603 BLK, 0 txs)
[2026-09-28T23:42:09.342Z INFO  blacksilk_miner] found block 571 (reward 20.01627694 BLK, 0 txs)
[2026-09-28T23:42:14.464Z INFO  blacksilk_miner] found block 572 (reward 20.01625785 BLK, 0 txs)
[2026-09-28T23:42:29.947Z INFO  blacksilk_miner] found block 573 (reward 20.01623876 BLK, 0 txs)
[2026-09-28T23:42:39.447Z INFO  blacksilk_miner] found block 574 (reward 20.01690887 BLK, 2 txs)
[2026-09-28T23:43:04.704Z INFO  blacksilk_miner] hash rate 23.6 H/s (full mode)
[2026-09-28T23:43:28.359Z INFO  blacksilk_miner] found block 575 (reward 20.01688979 BLK, 2 txs)
[2026-09-28T23:43:33.562Z INFO  blacksilk_miner] found block 576 (reward 20.01618150 BLK, 0 txs)
[2026-09-28T23:43:37.606Z INFO  blacksilk_miner] found block 577 (reward 20.01616241 BLK, 0 txs)
[2026-09-28T23:44:07.981Z INFO  blacksilk_miner] hash rate 25.8 H/s (full mode)
[2026-09-28T23:44:09.393Z INFO  blacksilk_miner] found block 578 (reward 20.01648792 BLK, 1 txs)
[2026-09-28T23:44:25.830Z INFO  blacksilk_miner] found block 579 (reward 20.01646883 BLK, 1 txs)
[2026-09-28T23:44:30.407Z INFO  blacksilk_miner] found block 580 (reward 20.01610514 BLK, 0 txs)
[2026-09-28T23:44:33.020Z INFO  blacksilk_miner] found block 581 (reward 20.01608605 BLK, 0 txs)
[2026-09-28T23:44:54.193Z INFO  blacksilk_miner] found block 582 (reward 20.01606696 BLK, 0 txs)
[2026-09-28T23:44:58.918Z INFO  blacksilk_miner] found block 583 (reward 20.01604787 BLK, 0 txs)
[2026-09-28T23:45:09.051Z INFO  blacksilk_miner] hash rate 28.1 H/s (full mode)
[2026-09-28T23:45:32.358Z INFO  blacksilk_miner] found block 584 (reward 20.01706259 BLK, 3 txs)
[2026-09-28T23:45:34.724Z INFO  blacksilk_miner] found block 585 (reward 20.01600970 BLK, 0 txs)
[2026-09-28T23:45:37.561Z INFO  blacksilk_miner] found block 586 (reward 20.01599061 BLK, 0 txs)
[2026-09-28T23:45:44.654Z INFO  blacksilk_miner] found block 587 (reward 20.01631612 BLK, 1 txs)
[2026-09-28T23:45:55.194Z INFO  blacksilk_miner] found block 588 (reward 20.01595243 BLK, 0 txs)
[2026-09-28T23:46:08.722Z INFO  blacksilk_miner] found block 589 (reward 20.01627794 BLK, 1 txs)
[2026-09-28T23:46:13.767Z INFO  blacksilk_miner] hash rate 27.2 H/s (full mode)
[2026-09-28T23:46:24.511Z INFO  blacksilk_miner] found block 590 (reward 20.01591425 BLK, 0 txs)
[2026-09-28T23:46:37.436Z INFO  blacksilk_miner] found block 591 (reward 20.01589516 BLK, 0 txs)
[2026-09-28T23:46:59.439Z INFO  blacksilk_miner] found block 592 (reward 20.01638068 BLK, 1 txs)
[2026-09-28T23:47:03.274Z INFO  blacksilk_miner] found block 593 (reward 20.01585699 BLK, 0 txs)
[2026-09-28T23:47:09.451Z INFO  blacksilk_miner] found block 594 (reward 20.01583790 BLK, 0 txs)
[2026-09-28T23:47:14.500Z INFO  blacksilk_miner] hash rate 25.5 H/s (full mode)
[2026-09-28T23:47:16.932Z INFO  blacksilk_miner] found block 595 (reward 20.01616341 BLK, 1 txs)
[2026-09-28T23:47:28.253Z INFO  blacksilk_miner] found block 596 (reward 20.01614432 BLK, 1 txs)
[2026-09-28T23:47:37.766Z INFO  blacksilk_miner] found block 597 (reward 20.01578063 BLK, 0 txs)
[2026-09-28T23:47:56.888Z INFO  blacksilk_miner] found block 598 (reward 20.01576154 BLK, 0 txs)
[2026-09-28T23:48:00.159Z INFO  blacksilk_miner] found block 599 (reward 20.01574246 BLK, 0 txs)
[2026-09-28T23:48:02.763Z INFO  blacksilk_miner] found block 600 (reward 20.01572337 BLK, 0 txs)
[2026-09-28T23:48:17.994Z INFO  blacksilk_miner] hash rate 25.6 H/s (full mode)
[2026-09-28T23:48:22.835Z INFO  blacksilk_miner] found block 601 (reward 20.01604888 BLK, 1 txs)
[2026-09-28T23:48:33.428Z INFO  blacksilk_miner] found block 602 (reward 20.01568519 BLK, 0 txs)
[2026-09-28T23:49:17.775Z INFO  blacksilk_miner] found block 603 (reward 20.01635530 BLK, 2 txs)
[2026-09-28T23:49:22.805Z INFO  blacksilk_miner] hash rate 26.6 H/s (full mode)
[2026-09-28T23:49:25.633Z INFO  blacksilk_miner] found block 604 (reward 20.01599161 BLK, 1 txs)
[2026-09-28T23:49:29.807Z INFO  blacksilk_miner] found block 605 (reward 20.01562793 BLK, 0 txs)
[2026-09-28T23:49:39.786Z INFO  blacksilk_miner] found block 606 (reward 20.01595344 BLK, 1 txs)
[2026-09-28T23:49:41.969Z INFO  blacksilk_miner] found block 607 (reward 20.01558975 BLK, 0 txs)
[2026-09-28T23:49:45.442Z INFO  blacksilk_miner] found block 608 (reward 20.01557066 BLK, 0 txs)
[2026-09-28T23:49:46.355Z INFO  blacksilk_miner] found block 609 (reward 20.01555157 BLK, 0 txs)
[2026-09-28T23:49:50.925Z INFO  blacksilk_miner] found block 610 (reward 20.01553248 BLK, 0 txs)
[2026-09-28T23:49:55.840Z INFO  blacksilk_miner] new tip at height 611: work on template 611 abandoned after 4.9s
[2026-09-28T23:49:59.474Z INFO  blacksilk_miner] found block 612 (reward 20.01549431 BLK, 0 txs)
[2026-09-28T23:50:08.841Z INFO  blacksilk_miner] found block 613 (reward 20.01547522 BLK, 0 txs)
[2026-09-28T23:50:15.391Z INFO  blacksilk_miner] found block 614 (reward 20.01580073 BLK, 1 txs)
[2026-09-28T23:50:17.240Z INFO  blacksilk_miner] found block 615 (reward 20.01543704 BLK, 0 txs)
[2026-09-28T23:50:27.367Z INFO  blacksilk_miner] hash rate 24.7 H/s (full mode)
[2026-09-28T23:50:38.479Z INFO  blacksilk_miner] found block 616 (reward 20.01576255 BLK, 1 txs)
[2026-09-28T23:50:56.811Z INFO  blacksilk_miner] found block 617 (reward 20.01539887 BLK, 0 txs)
[2026-09-28T23:51:14.151Z INFO  blacksilk_miner] found block 618 (reward 20.01537978 BLK, 0 txs)
[2026-09-28T23:51:15.617Z INFO  blacksilk_miner] found block 619 (reward 20.01536069 BLK, 0 txs)
[2026-09-28T23:51:30.785Z INFO  blacksilk_miner] hash rate 26.4 H/s (full mode)
[2026-09-28T23:51:38.916Z INFO  blacksilk_miner] found block 620 (reward 20.01584620 BLK, 1 txs)
[2026-09-28T23:51:41.421Z INFO  blacksilk_miner] found block 621 (reward 20.01532251 BLK, 0 txs)
[2026-09-28T23:51:49.408Z INFO  blacksilk_miner] found block 622 (reward 20.01530342 BLK, 0 txs)
[2026-09-28T23:52:07.954Z INFO  blacksilk_miner] found block 623 (reward 20.01562894 BLK, 1 txs)
[2026-09-28T23:52:09.043Z INFO  blacksilk_miner] found block 624 (reward 20.01526525 BLK, 0 txs)
[2026-09-28T23:52:14.388Z INFO  blacksilk_miner] found block 625 (reward 20.01524616 BLK, 0 txs)
[2026-09-28T23:52:18.036Z INFO  blacksilk_miner] found block 626 (reward 20.01522707 BLK, 0 txs)
[2026-09-28T23:52:27.179Z INFO  blacksilk_miner] found block 627 (reward 20.01520798 BLK, 0 txs)
[2026-09-28T23:52:29.239Z INFO  blacksilk_miner] found block 628 (reward 20.01518890 BLK, 0 txs)
[2026-09-28T23:52:34.263Z INFO  blacksilk_miner] hash rate 25.0 H/s (full mode)
[2026-09-28T23:52:37.884Z INFO  blacksilk_miner] found block 629 (reward 20.01551441 BLK, 1 txs)
[2026-09-28T23:52:40.825Z INFO  blacksilk_miner] found block 630 (reward 20.01515072 BLK, 0 txs)
[2026-09-28T23:52:43.481Z INFO  blacksilk_miner] found block 631 (reward 20.01513163 BLK, 0 txs)
[2026-09-28T23:53:08.666Z INFO  blacksilk_miner] found block 632 (reward 20.01545714 BLK, 1 txs)
[2026-09-28T23:53:38.622Z INFO  blacksilk_miner] hash rate 26.9 H/s (full mode)
[2026-09-28T23:53:39.148Z INFO  blacksilk_miner] found block 633 (reward 20.01509346 BLK, 0 txs)
[2026-09-28T23:53:57.878Z INFO  blacksilk_miner] found block 634 (reward 20.01507437 BLK, 0 txs)
[2026-09-28T23:54:04.923Z INFO  blacksilk_miner] found block 635 (reward 20.01505528 BLK, 0 txs)
[2026-09-28T23:54:14.021Z INFO  blacksilk_miner] found block 636 (reward 20.01503619 BLK, 0 txs)
[2026-09-28T23:54:25.202Z INFO  blacksilk_miner] found block 637 (reward 20.01536171 BLK, 1 txs)
[2026-09-28T23:54:35.525Z INFO  blacksilk_miner] found block 638 (reward 20.01499802 BLK, 0 txs)
[2026-09-28T23:54:37.061Z INFO  blacksilk_miner] found block 639 (reward 20.01497893 BLK, 0 txs)
[2026-09-28T23:54:37.776Z INFO  blacksilk_miner] found block 640 (reward 20.01495984 BLK, 0 txs)
[2026-09-28T23:54:42.839Z INFO  blacksilk_miner] hash rate 26.6 H/s (full mode)
[2026-09-28T23:54:53.171Z INFO  blacksilk_miner] found block 641 (reward 20.01562995 BLK, 2 txs)
[2026-09-28T23:54:56.409Z INFO  blacksilk_miner] found block 642 (reward 20.01492167 BLK, 0 txs)
[2026-09-28T23:54:59.696Z INFO  blacksilk_miner] new tip at height 643: work on template 643 abandoned after 3.3s
[2026-09-28T23:55:00.549Z INFO  blacksilk_miner] found block 644 (reward 20.01488349 BLK, 0 txs)
[2026-09-28T23:55:05.026Z INFO  blacksilk_miner] found block 645 (reward 20.01486440 BLK, 0 txs)
[2026-09-28T23:55:17.662Z INFO  blacksilk_miner] found block 646 (reward 20.01553452 BLK, 2 txs)
[2026-09-28T23:55:19.504Z INFO  blacksilk_miner] found block 647 (reward 20.01482623 BLK, 0 txs)
[2026-09-28T23:55:23.012Z INFO  blacksilk_miner] found block 648 (reward 20.01480714 BLK, 0 txs)
[2026-09-28T23:55:24.132Z INFO  blacksilk_miner] found block 649 (reward 20.01478805 BLK, 0 txs)
[2026-09-28T23:55:27.218Z INFO  blacksilk_miner] found block 650 (reward 20.01476897 BLK, 0 txs)
[2026-09-28T23:55:29.024Z INFO  blacksilk_miner] found block 651 (reward 20.01525448 BLK, 1 txs)
[2026-09-28T23:55:33.728Z INFO  blacksilk_miner] found block 652 (reward 20.01473079 BLK, 0 txs)
[2026-09-28T23:55:36.226Z INFO  blacksilk_miner] found block 653 (reward 20.01471170 BLK, 0 txs)
[2026-09-28T23:55:37.801Z INFO  blacksilk_miner] found block 654 (reward 20.01519722 BLK, 1 txs)
[2026-09-28T23:55:42.857Z INFO  blacksilk_miner] hash rate 24.5 H/s (full mode)
[2026-09-28T23:55:44.746Z INFO  blacksilk_miner] found block 655 (reward 20.01467353 BLK, 0 txs)
[2026-09-28T23:56:06.408Z INFO  blacksilk_miner] found block 656 (reward 20.01499904 BLK, 1 txs)
[2026-09-28T23:56:07.176Z INFO  blacksilk_miner] found block 657 (reward 20.01463535 BLK, 0 txs)
[2026-09-28T23:56:17.741Z INFO  blacksilk_miner] found block 658 (reward 20.01461627 BLK, 0 txs)
[2026-09-28T23:56:22.940Z INFO  blacksilk_miner] found block 659 (reward 20.01459718 BLK, 0 txs)
[2026-09-28T23:56:35.457Z INFO  blacksilk_miner] found block 660 (reward 20.01492269 BLK, 1 txs)
[2026-09-28T23:56:45.551Z INFO  blacksilk_miner] hash rate 28.0 H/s (full mode)
[2026-09-28T23:57:00.063Z INFO  blacksilk_miner] found block 661 (reward 20.01524820 BLK, 2 txs)
[2026-09-28T23:57:12.443Z INFO  blacksilk_miner] found block 662 (reward 20.01453992 BLK, 0 txs)
[2026-09-28T23:57:27.915Z INFO  blacksilk_miner] found block 663 (reward 20.01486543 BLK, 1 txs)
[2026-09-28T23:57:30.880Z INFO  blacksilk_miner] found block 664 (reward 20.01450174 BLK, 0 txs)
[2026-09-28T23:57:37.940Z INFO  blacksilk_miner] found block 665 (reward 20.01448265 BLK, 0 txs)
[2026-09-28T23:57:43.455Z INFO  blacksilk_miner] found block 666 (reward 20.01446357 BLK, 0 txs)
[2026-09-28T23:57:47.274Z INFO  blacksilk_miner] hash rate 28.3 H/s (full mode)
[2026-09-28T23:57:47.767Z INFO  blacksilk_miner] found block 667 (reward 20.01444448 BLK, 0 txs)
[2026-09-28T23:57:51.040Z INFO  blacksilk_miner] found block 668 (reward 20.01442539 BLK, 0 txs)
[2026-09-28T23:57:53.715Z INFO  blacksilk_miner] found block 669 (reward 20.01475090 BLK, 1 txs)
[2026-09-28T23:57:56.801Z INFO  blacksilk_miner] found block 670 (reward 20.01438722 BLK, 0 txs)
[2026-09-28T23:57:59.682Z INFO  blacksilk_miner] found block 671 (reward 20.01436813 BLK, 0 txs)
[2026-09-28T23:58:04.603Z INFO  blacksilk_miner] found block 672 (reward 20.01469364 BLK, 1 txs)
[2026-09-28T23:58:06.337Z INFO  blacksilk_miner] found block 673 (reward 20.01432996 BLK, 0 txs)
[2026-09-28T23:58:11.719Z INFO  blacksilk_miner] found block 674 (reward 20.01431087 BLK, 0 txs)
[2026-09-28T23:58:22.111Z INFO  blacksilk_miner] found block 675 (reward 20.01429178 BLK, 0 txs)
[2026-09-28T23:58:23.887Z INFO  blacksilk_miner] found block 676 (reward 20.01427269 BLK, 0 txs)
[2026-09-28T23:58:37.489Z INFO  blacksilk_miner] found block 677 (reward 20.01425361 BLK, 0 txs)
[2026-09-28T23:58:47.607Z INFO  blacksilk_miner] hash rate 26.4 H/s (full mode)
[2026-09-28T23:59:19.252Z INFO  blacksilk_miner] found block 678 (reward 20.01561292 BLK, 4 txs)
[2026-09-28T23:59:49.575Z INFO  blacksilk_miner] hash rate 29.7 H/s (full mode)
[2026-09-29T00:00:07.325Z INFO  blacksilk_miner] found block 679 (reward 20.01572923 BLK, 3 txs)
[2026-09-29T00:00:09.061Z INFO  blacksilk_miner] found block 680 (reward 20.01419635 BLK, 0 txs)
[2026-09-29T00:00:09.728Z INFO  blacksilk_miner] found block 681 (reward 20.01417726 BLK, 0 txs)
[2026-09-29T00:00:45.362Z INFO  blacksilk_miner] found block 682 (reward 20.01450277 BLK, 1 txs)
[2026-09-29T00:00:48.591Z INFO  blacksilk_miner] found block 683 (reward 20.01448369 BLK, 1 txs)
[2026-09-29T00:00:49.292Z INFO  blacksilk_miner] found block 684 (reward 20.01412000 BLK, 0 txs)
[2026-09-29T00:00:52.325Z INFO  blacksilk_miner] hash rate 28.1 H/s (full mode)
[2026-09-29T00:00:52.909Z INFO  blacksilk_miner] found block 685 (reward 20.01410091 BLK, 0 txs)
[2026-09-29T00:00:56.168Z INFO  blacksilk_miner] found block 686 (reward 20.01408182 BLK, 0 txs)
[2026-09-29T00:01:04.962Z INFO  blacksilk_miner] found block 687 (reward 20.01406274 BLK, 0 txs)
[2026-09-29T00:01:10.897Z INFO  blacksilk_miner] found block 688 (reward 20.01404365 BLK, 0 txs)
[2026-09-29T00:01:15.540Z INFO  blacksilk_miner] found block 689 (reward 20.01402456 BLK, 0 txs)
[2026-09-29T00:01:16.940Z INFO  blacksilk_miner] found block 690 (reward 20.01400548 BLK, 0 txs)
[2026-09-29T00:01:52.338Z INFO  blacksilk_miner] hash rate 26.1 H/s (full mode)
[2026-09-29T00:01:54.870Z INFO  blacksilk_miner] found block 691 (reward 20.01467559 BLK, 2 txs)
[2026-09-29T00:02:02.081Z INFO  blacksilk_miner] found block 692 (reward 20.01396730 BLK, 0 txs)
[2026-09-29T00:02:11.030Z INFO  blacksilk_miner] found block 693 (reward 20.01429282 BLK, 1 txs)
[2026-09-29T00:02:20.847Z INFO  blacksilk_miner] found block 694 (reward 20.01392913 BLK, 0 txs)
[2026-09-29T00:02:36.113Z INFO  blacksilk_miner] found block 695 (reward 20.01425464 BLK, 1 txs)
[2026-09-29T00:02:44.732Z INFO  blacksilk_miner] found block 696 (reward 20.01389096 BLK, 0 txs)
[2026-09-29T00:02:53.200Z INFO  blacksilk_miner] hash rate 28.0 H/s (full mode)
[2026-09-29T00:02:53.741Z INFO  blacksilk_miner] found block 697 (reward 20.01421647 BLK, 1 txs)
[2026-09-29T00:03:13.892Z INFO  blacksilk_miner] found block 698 (reward 20.01419738 BLK, 1 txs)
[2026-09-29T00:03:25.193Z INFO  blacksilk_miner] found block 699 (reward 20.01383370 BLK, 0 txs)
[2026-09-29T00:03:30.899Z INFO  blacksilk_miner] found block 700 (reward 20.01381461 BLK, 0 txs)
[2026-09-29T00:03:56.185Z INFO  blacksilk_miner] hash rate 28.7 H/s (full mode)
[2026-09-29T00:04:02.909Z INFO  blacksilk_miner] found block 701 (reward 20.01464472 BLK, 2 txs)
[2026-09-29T00:04:03.760Z INFO  blacksilk_miner] found block 702 (reward 20.01377644 BLK, 0 txs)
[2026-09-29T00:04:18.686Z INFO  blacksilk_miner] found block 703 (reward 20.01442195 BLK, 1 txs)
[2026-09-29T00:04:30.075Z INFO  blacksilk_miner] found block 704 (reward 20.01408286 BLK, 1 txs)
[2026-09-29T00:04:30.991Z INFO  blacksilk_miner] found block 705 (reward 20.01371918 BLK, 0 txs)
[2026-09-29T00:04:38.385Z INFO  blacksilk_miner] found block 706 (reward 20.01370009 BLK, 0 txs)
[2026-09-29T00:04:39.661Z INFO  blacksilk_miner] found block 707 (reward 20.01368100 BLK, 0 txs)
[2026-09-29T00:04:45.787Z INFO  blacksilk_miner] found block 708 (reward 20.01366192 BLK, 0 txs)
[2026-09-29T00:04:53.284Z INFO  blacksilk_miner] found block 709 (reward 20.01364283 BLK, 0 txs)
[2026-09-29T00:04:58.335Z INFO  blacksilk_miner] hash rate 27.2 H/s (full mode)
[2026-09-29T00:05:00.644Z INFO  blacksilk_miner] found block 710 (reward 20.01396834 BLK, 1 txs)
[2026-09-29T00:05:32.067Z INFO  blacksilk_miner] found block 711 (reward 20.01429386 BLK, 2 txs)
[2026-09-29T00:05:38.011Z INFO  blacksilk_miner] found block 712 (reward 20.01358557 BLK, 0 txs)
[2026-09-29T00:05:42.351Z INFO  blacksilk_miner] found block 713 (reward 20.01356648 BLK, 0 txs)
[2026-09-29T00:06:02.571Z INFO  blacksilk_miner] hash rate 29.0 H/s (full mode)
[2026-09-29T00:06:12.618Z INFO  blacksilk_miner] found block 714 (reward 20.01423660 BLK, 2 txs)
[2026-09-29T00:06:15.113Z INFO  blacksilk_miner] found block 715 (reward 20.01352831 BLK, 0 txs)
[2026-09-29T00:06:15.850Z INFO  blacksilk_miner] found block 716 (reward 20.01350922 BLK, 0 txs)
[2026-09-29T00:06:20.101Z INFO  blacksilk_miner] found block 717 (reward 20.01349014 BLK, 0 txs)
[2026-09-29T00:06:48.969Z INFO  blacksilk_miner] found block 718 (reward 20.01381565 BLK, 1 txs)
[2026-09-29T00:06:52.213Z INFO  blacksilk_miner] new tip at height 719: work on template 719 abandoned after 3.2s
[2026-09-29T00:07:04.870Z INFO  blacksilk_miner] hash rate 28.5 H/s (full mode)
[2026-09-29T00:07:05.411Z INFO  blacksilk_miner] found block 720 (reward 20.01343288 BLK, 0 txs)
[2026-09-29T00:07:08.541Z INFO  blacksilk_miner] found block 721 (reward 20.01341379 BLK, 0 txs)
[2026-09-29T00:07:28.999Z INFO  blacksilk_miner] found block 722 (reward 20.01373931 BLK, 1 txs)
[2026-09-29T00:07:45.687Z INFO  blacksilk_miner] found block 723 (reward 20.01372022 BLK, 1 txs)
[2026-09-29T00:08:03.017Z INFO  blacksilk_miner] found block 724 (reward 20.01370113 BLK, 1 txs)
[2026-09-29T00:08:08.085Z INFO  blacksilk_miner] hash rate 28.6 H/s (full mode)
[2026-09-29T00:08:10.741Z INFO  blacksilk_miner] new tip at height 725: work on template 725 abandoned after 2.7s
[2026-09-29T00:08:13.835Z INFO  blacksilk_miner] found block 726 (reward 20.01366296 BLK, 1 txs)
[2026-09-29T00:08:32.876Z INFO  blacksilk_miner] found block 727 (reward 20.01329928 BLK, 0 txs)
[2026-09-29T00:08:33.802Z INFO  blacksilk_miner] found block 728 (reward 20.01328019 BLK, 0 txs)
[2026-09-29T00:08:38.399Z INFO  blacksilk_miner] found block 729 (reward 20.01326110 BLK, 0 txs)
[2026-09-29T00:08:45.950Z INFO  blacksilk_miner] found block 730 (reward 20.01324202 BLK, 0 txs)
[2026-09-29T00:08:47.690Z INFO  blacksilk_miner] found block 731 (reward 20.01372753 BLK, 1 txs)
[2026-09-29T00:08:48.790Z INFO  blacksilk_miner] found block 732 (reward 20.01320385 BLK, 0 txs)
[2026-09-29T00:09:04.583Z INFO  blacksilk_miner] found block 733 (reward 20.01368936 BLK, 1 txs)
[2026-09-29T00:09:08.688Z INFO  blacksilk_miner] hash rate 27.4 H/s (full mode)
[2026-09-29T00:09:09.302Z INFO  blacksilk_miner] found block 734 (reward 20.01316567 BLK, 0 txs)
[2026-09-29T00:09:19.318Z INFO  blacksilk_miner] found block 735 (reward 20.01314659 BLK, 0 txs)
[2026-09-29T00:09:24.933Z INFO  blacksilk_miner] found block 736 (reward 20.01347210 BLK, 1 txs)
[2026-09-29T00:09:46.419Z INFO  blacksilk_miner] found block 737 (reward 20.01310841 BLK, 0 txs)
[2026-09-29T00:09:54.498Z INFO  blacksilk_miner] found block 738 (reward 20.01308933 BLK, 0 txs)
[2026-09-29T00:09:58.120Z INFO  blacksilk_miner] found block 739 (reward 20.01341484 BLK, 1 txs)
[2026-09-29T00:10:12.051Z INFO  blacksilk_miner] hash rate 27.3 H/s (full mode)
[2026-09-29T00:10:12.573Z INFO  blacksilk_miner] found block 740 (reward 20.01305116 BLK, 0 txs)
[2026-09-29T00:10:18.539Z INFO  blacksilk_miner] found block 741 (reward 20.01353667 BLK, 1 txs)
[2026-09-29T00:10:24.246Z INFO  blacksilk_miner] found block 742 (reward 20.01301299 BLK, 0 txs)
[2026-09-29T00:10:40.118Z INFO  blacksilk_miner] found block 743 (reward 20.01368310 BLK, 2 txs)
[2026-09-29T00:10:50.049Z INFO  blacksilk_miner] found block 744 (reward 20.01297481 BLK, 0 txs)
[2026-09-29T00:10:50.706Z INFO  blacksilk_miner] found block 745 (reward 20.01330033 BLK, 1 txs)
[2026-09-29T00:11:08.109Z INFO  blacksilk_miner] found block 746 (reward 20.01293664 BLK, 0 txs)
[2026-09-29T00:11:10.237Z INFO  blacksilk_miner] found block 747 (reward 20.01291756 BLK, 0 txs)
[2026-09-29T00:11:11.660Z INFO  blacksilk_miner] found block 748 (reward 20.01289847 BLK, 0 txs)
[2026-09-29T00:11:16.727Z INFO  blacksilk_miner] hash rate 26.5 H/s (full mode)
[2026-09-29T00:11:36.632Z INFO  blacksilk_miner] new tip at height 749: work on template 749 abandoned after 4.8s
[2026-09-29T00:11:51.634Z INFO  blacksilk_miner] found block 750 (reward 20.01320490 BLK, 1 txs)
[2026-09-29T00:11:52.540Z INFO  blacksilk_miner] found block 751 (reward 20.01284121 BLK, 0 txs)
[2026-09-29T00:11:54.238Z INFO  blacksilk_miner] found block 752 (reward 20.01282213 BLK, 0 txs)
[2026-09-29T00:12:08.127Z INFO  blacksilk_miner] found block 753 (reward 20.01314764 BLK, 1 txs)
[2026-09-29T00:12:11.922Z INFO  blacksilk_miner] found block 754 (reward 20.01278396 BLK, 0 txs)
[2026-09-29T00:12:17.340Z INFO  blacksilk_miner] found block 755 (reward 20.01310947 BLK, 1 txs)
[2026-09-29T00:12:22.439Z INFO  blacksilk_miner] hash rate 24.7 H/s (full mode)
[2026-09-29T00:12:48.547Z INFO  blacksilk_miner] found block 756 (reward 20.01309038 BLK, 1 txs)
[2026-09-29T00:13:14.888Z INFO  blacksilk_miner] found block 757 (reward 20.01341590 BLK, 2 txs)
[2026-09-29T00:13:25.008Z INFO  blacksilk_miner] hash rate 23.1 H/s (full mode)
[2026-09-29T00:13:27.375Z INFO  blacksilk_miner] found block 758 (reward 20.01270761 BLK, 0 txs)
[2026-09-29T00:13:58.138Z INFO  blacksilk_miner] found block 759 (reward 20.01303313 BLK, 1 txs)
[2026-09-29T00:13:59.412Z INFO  blacksilk_miner] found block 760 (reward 20.01266944 BLK, 0 txs)
[2026-09-29T00:14:07.818Z INFO  blacksilk_miner] found block 761 (reward 20.01265036 BLK, 0 txs)
[2026-09-29T00:14:16.108Z INFO  blacksilk_miner] found block 762 (reward 20.01297587 BLK, 1 txs)
[2026-09-29T00:14:26.221Z INFO  blacksilk_miner] hash rate 25.0 H/s (full mode)
[2026-09-29T00:14:34.379Z INFO  blacksilk_miner] found block 763 (reward 20.01261219 BLK, 0 txs)
[2026-09-29T00:14:37.366Z INFO  blacksilk_miner] found block 764 (reward 20.01259310 BLK, 0 txs)
[2026-09-29T00:14:43.075Z INFO  blacksilk_miner] found block 765 (reward 20.01257401 BLK, 0 txs)
[2026-09-29T00:15:04.268Z INFO  blacksilk_miner] found block 766 (reward 20.01255493 BLK, 0 txs)
[2026-09-29T00:15:29.580Z INFO  blacksilk_miner] hash rate 24.0 H/s (full mode)
[2026-09-29T00:15:36.831Z INFO  blacksilk_miner] found block 767 (reward 20.01322504 BLK, 2 txs)
[2026-09-29T00:15:41.541Z INFO  blacksilk_miner] found block 768 (reward 20.01251676 BLK, 0 txs)
[2026-09-29T00:15:44.748Z INFO  blacksilk_miner] found block 769 (reward 20.01284227 BLK, 1 txs)
[2026-09-29T00:16:04.098Z INFO  blacksilk_miner] found block 770 (reward 20.01282319 BLK, 1 txs)
[2026-09-29T00:16:06.336Z INFO  blacksilk_miner] found block 771 (reward 20.01245950 BLK, 0 txs)
[2026-09-29T00:16:16.425Z INFO  blacksilk_miner] found block 772 (reward 20.01244042 BLK, 0 txs)
[2026-09-29T00:16:31.694Z INFO  blacksilk_miner] hash rate 22.9 H/s (full mode)
[2026-09-29T00:16:47.687Z INFO  blacksilk_miner] found block 773 (reward 20.01276593 BLK, 1 txs)
[2026-09-29T00:16:49.518Z INFO  blacksilk_miner] found block 774 (reward 20.01240225 BLK, 0 txs)
[2026-09-29T00:17:17.218Z INFO  blacksilk_miner] found block 775 (reward 20.01238316 BLK, 0 txs)
[2026-09-29T00:17:24.980Z INFO  blacksilk_miner] found block 776 (reward 20.01270867 BLK, 1 txs)
[2026-09-29T00:17:35.202Z INFO  blacksilk_miner] hash rate 22.5 H/s (full mode)
[2026-09-29T00:17:42.289Z INFO  blacksilk_miner] found block 777 (reward 20.01319419 BLK, 2 txs)
[2026-09-29T00:17:44.122Z INFO  blacksilk_miner] found block 778 (reward 20.01232590 BLK, 0 txs)
[2026-09-29T00:17:49.456Z INFO  blacksilk_miner] found block 779 (reward 20.01230682 BLK, 0 txs)
[2026-09-29T00:18:00.542Z INFO  blacksilk_miner] found block 780 (reward 20.01263233 BLK, 1 txs)
[2026-09-29T00:18:16.696Z INFO  blacksilk_miner] found block 781 (reward 20.01261325 BLK, 1 txs)
[2026-09-29T00:18:36.648Z INFO  blacksilk_miner] hash rate 21.3 H/s (full mode)
[2026-09-29T00:18:37.272Z INFO  blacksilk_miner] found block 782 (reward 20.01309876 BLK, 2 txs)
[2026-09-29T00:19:06.699Z INFO  blacksilk_miner] found block 783 (reward 20.01257508 BLK, 1 txs)
[2026-09-29T00:19:09.209Z INFO  blacksilk_miner] found block 784 (reward 20.01221139 BLK, 0 txs)
[2026-09-29T00:19:39.591Z INFO  blacksilk_miner] hash rate 22.9 H/s (full mode)
[2026-09-29T00:19:53.636Z INFO  blacksilk_miner] found block 785 (reward 20.01219231 BLK, 0 txs)
[2026-09-29T00:20:03.834Z INFO  blacksilk_miner] found block 786 (reward 20.01217322 BLK, 0 txs)
[2026-09-29T00:20:09.736Z INFO  blacksilk_miner] found block 787 (reward 20.01215414 BLK, 0 txs)
[2026-09-29T00:20:14.246Z INFO  blacksilk_miner] found block 788 (reward 20.01213505 BLK, 0 txs)
[2026-09-29T00:20:16.527Z INFO  blacksilk_miner] found block 789 (reward 20.01211597 BLK, 0 txs)
[2026-09-29T00:20:39.594Z INFO  blacksilk_miner] found block 790 (reward 20.01209688 BLK, 0 txs)
[2026-09-29T00:20:44.670Z INFO  blacksilk_miner] hash rate 23.6 H/s (full mode)
[2026-09-29T00:20:54.300Z INFO  blacksilk_miner] found block 791 (reward 20.01359160 BLK, 3 txs)
[2026-09-29T00:20:56.798Z INFO  blacksilk_miner] found block 792 (reward 20.01205871 BLK, 0 txs)
[2026-09-29T00:21:01.172Z INFO  blacksilk_miner] found block 793 (reward 20.01203963 BLK, 0 txs)
[2026-09-29T00:21:12.712Z INFO  blacksilk_miner] found block 794 (reward 20.01202054 BLK, 0 txs)
[2026-09-29T00:21:14.364Z INFO  blacksilk_miner] found block 795 (reward 20.01200146 BLK, 0 txs)
[2026-09-29T00:21:33.647Z INFO  blacksilk_miner] found block 796 (reward 20.01232697 BLK, 1 txs)
[2026-09-29T00:21:48.792Z INFO  blacksilk_miner] hash rate 25.1 H/s (full mode)
[2026-09-29T00:21:51.085Z INFO  blacksilk_miner] found block 797 (reward 20.01196329 BLK, 0 txs)
[2026-09-29T00:21:54.848Z INFO  blacksilk_miner] found block 798 (reward 20.01244880 BLK, 1 txs)
[2026-09-29T00:21:57.062Z INFO  blacksilk_miner] found block 799 (reward 20.01226972 BLK, 1 txs)
[2026-09-29T00:22:02.327Z INFO  blacksilk_miner] found block 800 (reward 20.01190603 BLK, 0 txs)
[2026-09-29T00:22:04.664Z INFO  blacksilk_miner] found block 801 (reward 20.01188695 BLK, 0 txs)
[2026-09-29T00:22:05.607Z INFO  blacksilk_miner] found block 802 (reward 20.01186786 BLK, 0 txs)
[2026-09-29T00:22:08.772Z INFO  blacksilk_miner] found block 803 (reward 20.01184878 BLK, 0 txs)
[2026-09-29T00:22:24.339Z INFO  blacksilk_miner] found block 804 (reward 20.01217429 BLK, 1 txs)
[2026-09-29T00:22:32.485Z INFO  blacksilk_miner] found block 805 (reward 20.01181061 BLK, 0 txs)
[2026-09-29T00:22:35.777Z INFO  blacksilk_miner] found block 806 (reward 20.01213612 BLK, 1 txs)
[2026-09-29T00:22:37.980Z INFO  blacksilk_miner] found block 807 (reward 20.01211704 BLK, 1 txs)
[2026-09-29T00:22:38.988Z INFO  blacksilk_miner] found block 808 (reward 20.01175336 BLK, 0 txs)
[2026-09-29T00:22:42.076Z INFO  blacksilk_miner] found block 809 (reward 20.01173427 BLK, 0 txs)
[2026-09-29T00:22:47.268Z INFO  blacksilk_miner] new tip at height 810: work on template 810 abandoned after 158.5ms
[2026-09-29T00:22:51.504Z INFO  blacksilk_miner] hash rate 22.9 H/s (full mode)
[2026-09-29T00:22:52.232Z INFO  blacksilk_miner] found block 811 (reward 20.01169610 BLK, 0 txs)
[2026-09-29T00:22:58.542Z INFO  blacksilk_miner] found block 812 (reward 20.01167702 BLK, 0 txs)
[2026-09-29T00:23:13.387Z INFO  blacksilk_miner] new tip at height 813: work on template 813 abandoned after 4.7s
[2026-09-29T00:23:17.678Z INFO  blacksilk_miner] found block 814 (reward 20.01163885 BLK, 0 txs)
[2026-09-29T00:23:29.187Z INFO  blacksilk_miner] found block 815 (reward 20.01161976 BLK, 0 txs)
[2026-09-29T00:23:37.114Z INFO  blacksilk_miner] found block 816 (reward 20.01160068 BLK, 0 txs)
[2026-09-29T00:23:45.664Z INFO  blacksilk_miner] found block 817 (reward 20.01158159 BLK, 0 txs)
[2026-09-29T00:23:55.802Z INFO  blacksilk_miner] hash rate 24.3 H/s (full mode)
[2026-09-29T00:23:59.838Z INFO  blacksilk_miner] new tip at height 818: work on template 818 abandoned after 4.0s
[2026-09-29T00:24:15.256Z INFO  blacksilk_miner] found block 819 (reward 20.01154342 BLK, 0 txs)
[2026-09-29T00:24:22.636Z INFO  blacksilk_miner] found block 820 (reward 20.01152434 BLK, 0 txs)
[2026-09-29T00:24:25.866Z INFO  blacksilk_miner] new tip at height 821: work on template 821 abandoned after 3.2s
[2026-09-29T00:24:51.310Z INFO  blacksilk_miner] found block 822 (reward 20.01217537 BLK, 2 txs)
[2026-09-29T00:24:56.375Z INFO  blacksilk_miner] hash rate 26.7 H/s (full mode)
[2026-09-29T00:24:57.688Z INFO  blacksilk_miner] found block 823 (reward 20.01146709 BLK, 0 txs)
[2026-09-29T00:25:12.189Z INFO  blacksilk_miner] found block 824 (reward 20.01144800 BLK, 0 txs)
[2026-09-29T00:25:46.446Z INFO  blacksilk_miner] found block 825 (reward 20.01278272 BLK, 3 txs)
[2026-09-29T00:25:56.650Z INFO  blacksilk_miner] hash rate 24.5 H/s (full mode)
[2026-09-29T00:26:14.220Z INFO  blacksilk_miner] found block 826 (reward 20.01175443 BLK, 1 txs)
[2026-09-29T00:26:30.240Z INFO  blacksilk_miner] found block 827 (reward 20.01173535 BLK, 1 txs)
[2026-09-29T00:26:32.363Z INFO  blacksilk_miner] found block 828 (reward 20.01137166 BLK, 0 txs)
[2026-09-29T00:26:38.166Z INFO  blacksilk_miner] found block 829 (reward 20.01135258 BLK, 0 txs)
[2026-09-29T00:26:55.858Z INFO  blacksilk_miner] found block 830 (reward 20.01202270 BLK, 2 txs)
[2026-09-29T00:27:00.969Z INFO  blacksilk_miner] hash rate 18.7 H/s (full mode)
[2026-09-29T00:27:03.411Z INFO  blacksilk_miner] found block 831 (reward 20.01165901 BLK, 1 txs)
[2026-09-29T00:27:11.569Z INFO  blacksilk_miner] found block 832 (reward 20.01129533 BLK, 0 txs)
[2026-09-29T00:27:19.084Z INFO  blacksilk_miner] found block 833 (reward 20.01127624 BLK, 0 txs)
[2026-09-29T00:27:44.744Z INFO  blacksilk_miner] found block 834 (reward 20.01125716 BLK, 0 txs)
[2026-09-29T00:27:47.090Z INFO  blacksilk_miner] found block 835 (reward 20.01158267 BLK, 1 txs)
[2026-09-29T00:27:59.798Z INFO  blacksilk_miner] found block 836 (reward 20.01156359 BLK, 1 txs)
[2026-09-29T00:28:04.850Z INFO  blacksilk_miner] hash rate 17.2 H/s (full mode)
[2026-09-29T00:28:21.503Z INFO  blacksilk_miner] found block 837 (reward 20.01119991 BLK, 0 txs)
[2026-09-29T00:28:35.935Z INFO  blacksilk_miner] found block 838 (reward 20.01187002 BLK, 2 txs)
[2026-09-29T00:28:50.390Z INFO  blacksilk_miner] found block 839 (reward 20.01116174 BLK, 0 txs)
[2026-09-29T00:28:56.168Z INFO  blacksilk_miner] found block 840 (reward 20.01114265 BLK, 0 txs)
[2026-09-29T00:29:01.884Z INFO  blacksilk_miner] found block 841 (reward 20.01112357 BLK, 0 txs)
[2026-09-29T00:29:06.978Z INFO  blacksilk_miner] hash rate 19.2 H/s (full mode)
[2026-09-29T00:29:10.273Z INFO  blacksilk_miner] found block 842 (reward 20.01110449 BLK, 0 txs)
[2026-09-29T00:29:27.950Z INFO  blacksilk_miner] found block 843 (reward 20.01225460 BLK, 2 txs)
[2026-09-29T00:29:47.674Z INFO  blacksilk_miner] found block 844 (reward 20.01106632 BLK, 0 txs)
[2026-09-29T00:29:57.839Z INFO  blacksilk_miner] found block 845 (reward 20.01139183 BLK, 1 txs)
[2026-09-29T00:30:00.473Z INFO  blacksilk_miner] found block 846 (reward 20.01102815 BLK, 0 txs)
[2026-09-29T00:30:07.220Z INFO  blacksilk_miner] hash rate 18.9 H/s (full mode)
[2026-09-29T00:30:07.963Z INFO  blacksilk_miner] found block 847 (reward 20.01100907 BLK, 0 txs)
[2026-09-29T00:30:10.250Z INFO  blacksilk_miner] found block 848 (reward 20.01098998 BLK, 0 txs)
[2026-09-29T00:30:17.214Z INFO  blacksilk_miner] found block 849 (reward 20.01097090 BLK, 0 txs)
[2026-09-29T00:30:18.192Z INFO  blacksilk_miner] found block 850 (reward 20.01095181 BLK, 0 txs)
[2026-09-29T00:30:27.799Z INFO  blacksilk_miner] found block 851 (reward 20.01127733 BLK, 1 txs)
[2026-09-29T00:30:45.461Z INFO  blacksilk_miner] found block 852 (reward 20.01125825 BLK, 1 txs)
[2026-09-29T00:30:56.031Z INFO  blacksilk_miner] found block 853 (reward 20.01123916 BLK, 1 txs)
[2026-09-29T00:31:07.259Z INFO  blacksilk_miner] found block 854 (reward 20.01087548 BLK, 0 txs)
[2026-09-29T00:31:10.271Z INFO  blacksilk_miner] hash rate 19.5 H/s (full mode)
[2026-09-29T00:31:10.909Z INFO  blacksilk_miner] found block 855 (reward 20.01120099 BLK, 1 txs)
[2026-09-29T00:31:14.340Z INFO  blacksilk_miner] found block 856 (reward 20.01083731 BLK, 0 txs)
[2026-09-29T00:31:17.723Z INFO  blacksilk_miner] found block 857 (reward 20.01081823 BLK, 0 txs)
[2026-09-29T00:31:21.349Z INFO  blacksilk_miner] found block 858 (reward 20.01079914 BLK, 0 txs)
[2026-09-29T00:31:51.267Z INFO  blacksilk_miner] found block 859 (reward 20.01112466 BLK, 1 txs)
[2026-09-29T00:32:11.478Z INFO  blacksilk_miner] hash rate 24.4 H/s (full mode)
[2026-09-29T00:32:12.386Z INFO  blacksilk_miner] found block 860 (reward 20.01145018 BLK, 2 txs)
[2026-09-29T00:32:23.641Z INFO  blacksilk_miner] found block 861 (reward 20.01074189 BLK, 0 txs)
[2026-09-29T00:32:31.147Z INFO  blacksilk_miner] found block 862 (reward 20.01106741 BLK, 1 txs)
[2026-09-29T00:32:34.990Z INFO  blacksilk_miner] found block 863 (reward 20.01070372 BLK, 0 txs)
[2026-09-29T00:32:41.412Z INFO  blacksilk_miner] found block 864 (reward 20.01068464 BLK, 0 txs)
[2026-09-29T00:32:55.632Z INFO  blacksilk_miner] found block 865 (reward 20.01101016 BLK, 1 txs)
[2026-09-29T00:32:58.958Z INFO  blacksilk_miner] found block 866 (reward 20.01064647 BLK, 0 txs)
[2026-09-29T00:33:00.608Z INFO  blacksilk_miner] found block 867 (reward 20.01062739 BLK, 0 txs)
[2026-09-29T00:33:02.502Z INFO  blacksilk_miner] found block 868 (reward 20.01060831 BLK, 0 txs)
[2026-09-29T00:33:06.760Z INFO  blacksilk_miner] found block 869 (reward 20.01058922 BLK, 0 txs)
[2026-09-29T00:33:08.075Z INFO  blacksilk_miner] found block 870 (reward 20.01057014 BLK, 0 txs)
[2026-09-29T00:33:13.101Z INFO  blacksilk_miner] hash rate 22.3 H/s (full mode)
[2026-09-29T00:33:14.563Z INFO  blacksilk_miner] found block 871 (reward 20.01089565 BLK, 1 txs)
[2026-09-29T00:33:19.096Z INFO  blacksilk_miner] found block 872 (reward 20.01053197 BLK, 0 txs)
[2026-09-29T00:33:26.161Z INFO  blacksilk_miner] found block 873 (reward 20.01051289 BLK, 0 txs)
[2026-09-29T00:33:27.790Z INFO  blacksilk_miner] found block 874 (reward 20.01049380 BLK, 0 txs)
[2026-09-29T00:33:45.255Z INFO  blacksilk_miner] found block 875 (reward 20.01097932 BLK, 1 txs)
[2026-09-29T00:33:53.666Z INFO  blacksilk_miner] found block 876 (reward 20.01080024 BLK, 1 txs)
[2026-09-29T00:34:01.261Z INFO  blacksilk_miner] found block 877 (reward 20.01043655 BLK, 0 txs)
[2026-09-29T00:34:02.545Z INFO  blacksilk_miner] found block 878 (reward 20.01041747 BLK, 0 txs)
[2026-09-29T00:34:17.750Z INFO  blacksilk_miner] hash rate 22.8 H/s (full mode)
[2026-09-29T00:34:20.904Z INFO  blacksilk_miner] found block 879 (reward 20.01074299 BLK, 1 txs)
[2026-09-29T00:34:25.499Z INFO  blacksilk_miner] found block 880 (reward 20.01037930 BLK, 0 txs)
[2026-09-29T00:34:29.012Z INFO  blacksilk_miner] found block 881 (reward 20.01036022 BLK, 0 txs)
[2026-09-29T00:34:46.345Z INFO  blacksilk_miner] found block 882 (reward 20.01068574 BLK, 1 txs)
[2026-09-29T00:34:54.728Z INFO  blacksilk_miner] found block 883 (reward 20.01082665 BLK, 1 txs)
[2026-09-29T00:35:01.404Z INFO  blacksilk_miner] found block 884 (reward 20.01030297 BLK, 0 txs)
[2026-09-29T00:35:12.050Z INFO  blacksilk_miner] found block 885 (reward 20.01028389 BLK, 0 txs)
[2026-09-29T00:35:12.878Z INFO  blacksilk_miner] found block 886 (reward 20.01060940 BLK, 1 txs)
[2026-09-29T00:35:17.975Z INFO  blacksilk_miner] hash rate 23.0 H/s (full mode)
[2026-09-29T00:35:22.411Z INFO  blacksilk_miner] found block 887 (reward 20.01024572 BLK, 0 txs)
[2026-09-29T00:35:33.101Z INFO  blacksilk_miner] found block 888 (reward 20.01022664 BLK, 0 txs)
[2026-09-29T00:35:43.254Z INFO  blacksilk_miner] found block 889 (reward 20.01055215 BLK, 1 txs)
[2026-09-29T00:35:47.180Z INFO  blacksilk_miner] found block 890 (reward 20.01018847 BLK, 0 txs)
[2026-09-29T00:35:51.482Z INFO  blacksilk_miner] found block 891 (reward 20.01016939 BLK, 0 txs)
[2026-09-29T00:36:09.097Z INFO  blacksilk_miner] found block 892 (reward 20.01049490 BLK, 1 txs)
[2026-09-29T00:36:10.770Z INFO  blacksilk_miner] found block 893 (reward 20.01013122 BLK, 0 txs)
[2026-09-29T00:36:12.122Z INFO  blacksilk_miner] found block 894 (reward 20.01045674 BLK, 1 txs)
[2026-09-29T00:36:13.127Z INFO  blacksilk_miner] found block 895 (reward 20.01009305 BLK, 0 txs)
[2026-09-29T00:36:18.206Z INFO  blacksilk_miner] hash rate 22.6 H/s (full mode)
[2026-09-29T00:36:19.892Z INFO  blacksilk_miner] found block 896 (reward 20.01007397 BLK, 0 txs)
[2026-09-29T00:36:21.300Z INFO  blacksilk_miner] found block 897 (reward 20.01005489 BLK, 0 txs)
[2026-09-29T00:36:28.827Z INFO  blacksilk_miner] found block 898 (reward 20.01003581 BLK, 0 txs)
[2026-09-29T00:36:35.465Z INFO  blacksilk_miner] found block 899 (reward 20.01036132 BLK, 1 txs)
[2026-09-29T00:36:39.699Z INFO  blacksilk_miner] found block 900 (reward 20.00999764 BLK, 0 txs)
[2026-09-29T00:36:50.279Z INFO  blacksilk_miner] found block 901 (reward 20.00997856 BLK, 0 txs)
[2026-09-29T00:36:54.942Z INFO  blacksilk_miner] found block 902 (reward 20.00995947 BLK, 0 txs)
[2026-09-29T00:37:06.696Z INFO  blacksilk_miner] found block 903 (reward 20.01028499 BLK, 1 txs)
[2026-09-29T00:37:18.567Z INFO  blacksilk_miner] hash rate 24.4 H/s (full mode)
[2026-09-29T00:37:19.079Z INFO  blacksilk_miner] found block 904 (reward 20.01026591 BLK, 1 txs)
[2026-09-29T00:37:26.704Z INFO  blacksilk_miner] found block 905 (reward 20.00990222 BLK, 0 txs)
[2026-09-29T00:37:27.543Z INFO  blacksilk_miner] found block 906 (reward 20.00988314 BLK, 0 txs)
[2026-09-29T00:37:32.571Z INFO  blacksilk_miner] found block 907 (reward 20.00986406 BLK, 0 txs)
[2026-09-29T00:38:18.626Z INFO  blacksilk_miner] hash rate 23.1 H/s (full mode)
[2026-09-29T00:38:19.356Z INFO  blacksilk_miner] found block 908 (reward 20.01087878 BLK, 3 txs)
[2026-09-29T00:38:25.214Z INFO  blacksilk_miner] found block 909 (reward 20.00982589 BLK, 0 txs)
[2026-09-29T00:38:47.400Z INFO  blacksilk_miner] found block 910 (reward 20.01015141 BLK, 1 txs)
[2026-09-29T00:38:58.525Z INFO  blacksilk_miner] found block 911 (reward 20.01029233 BLK, 1 txs)
[2026-09-29T00:39:00.557Z INFO  blacksilk_miner] found block 912 (reward 20.00976864 BLK, 0 txs)
[2026-09-29T00:39:03.092Z INFO  blacksilk_miner] found block 913 (reward 20.00974956 BLK, 0 txs)
[2026-09-29T00:39:06.041Z INFO  blacksilk_miner] found block 914 (reward 20.00973048 BLK, 0 txs)
[2026-09-29T00:39:21.220Z INFO  blacksilk_miner] hash rate 22.6 H/s (full mode)
[2026-09-29T00:39:26.669Z INFO  blacksilk_miner] new tip at height 915: work on template 915 abandoned after 380.3ms
[2026-09-29T00:39:32.465Z INFO  blacksilk_miner] found block 916 (reward 20.00969231 BLK, 0 txs)
[2026-09-29T00:39:53.447Z INFO  blacksilk_miner] found block 917 (reward 20.01001783 BLK, 1 txs)
[2026-09-29T00:40:07.167Z INFO  blacksilk_miner] found block 918 (reward 20.00999875 BLK, 1 txs)
[2026-09-29T00:40:13.073Z INFO  blacksilk_miner] found block 919 (reward 20.00963507 BLK, 0 txs)
[2026-09-29T00:40:23.144Z INFO  blacksilk_miner] hash rate 23.1 H/s (full mode)
[2026-09-29T00:40:31.516Z INFO  blacksilk_miner] found block 920 (reward 20.00961598 BLK, 0 txs)
[2026-09-29T00:40:32.702Z INFO  blacksilk_miner] found block 921 (reward 20.00959690 BLK, 0 txs)
[2026-09-29T00:40:42.569Z INFO  blacksilk_miner] found block 922 (reward 20.00957782 BLK, 0 txs)
[2026-09-29T00:41:08.577Z INFO  blacksilk_miner] found block 923 (reward 20.00990333 BLK, 1 txs)
[2026-09-29T00:41:14.168Z INFO  blacksilk_miner] found block 924 (reward 20.00953965 BLK, 0 txs)
[2026-09-29T00:41:19.472Z INFO  blacksilk_miner] found block 925 (reward 20.00952057 BLK, 0 txs)
[2026-09-29T00:41:24.558Z INFO  blacksilk_miner] hash rate 22.5 H/s (full mode)
[2026-09-29T00:41:34.690Z INFO  blacksilk_miner] found block 926 (reward 20.00950149 BLK, 0 txs)
[2026-09-29T00:41:36.821Z INFO  blacksilk_miner] found block 927 (reward 20.00948240 BLK, 0 txs)
[2026-09-29T00:41:47.011Z INFO  blacksilk_miner] found block 928 (reward 20.00946332 BLK, 0 txs)
[2026-09-29T00:42:27.482Z INFO  blacksilk_miner] hash rate 21.9 H/s (full mode)
[2026-09-29T00:42:37.053Z INFO  blacksilk_miner] found block 929 (reward 20.00944424 BLK, 0 txs)
[2026-09-29T00:42:52.447Z INFO  blacksilk_miner] found block 930 (reward 20.00942516 BLK, 0 txs)
[2026-09-29T00:42:55.478Z INFO  blacksilk_miner] found block 931 (reward 20.01259367 BLK, 6 txs)
[2026-09-29T00:43:06.767Z INFO  blacksilk_miner] found block 932 (reward 20.01007619 BLK, 2 txs)
[2026-09-29T00:43:20.414Z INFO  blacksilk_miner] found block 933 (reward 20.00936791 BLK, 0 txs)
[2026-09-29T00:43:30.649Z INFO  blacksilk_miner] hash rate 17.7 H/s (full mode)
[2026-09-29T00:44:29.345Z INFO  blacksilk_miner] found block 934 (reward 20.01003803 BLK, 2 txs)
[2026-09-29T00:44:34.427Z INFO  blacksilk_miner] hash rate 23.0 H/s (full mode)
[2026-09-29T00:45:04.313Z INFO  blacksilk_miner] found block 935 (reward 20.01084354 BLK, 3 txs)
[2026-09-29T00:45:15.753Z INFO  blacksilk_miner] found block 936 (reward 20.00965526 BLK, 1 txs)
[2026-09-29T00:45:17.325Z INFO  blacksilk_miner] found block 937 (reward 20.00929158 BLK, 0 txs)
[2026-09-29T00:45:21.010Z INFO  blacksilk_miner] found block 938 (reward 20.00927250 BLK, 0 txs)
[2026-09-29T00:45:28.469Z INFO  blacksilk_miner] found block 939 (reward 20.00925341 BLK, 0 txs)
[2026-09-29T00:45:31.040Z INFO  blacksilk_miner] found block 940 (reward 20.00923433 BLK, 0 txs)
[2026-09-29T00:45:36.146Z INFO  blacksilk_miner] hash rate 22.7 H/s (full mode)
[2026-09-29T00:45:38.082Z INFO  blacksilk_miner] found block 941 (reward 20.00955985 BLK, 1 txs)
[2026-09-29T00:45:45.819Z INFO  blacksilk_miner] found block 942 (reward 20.00919617 BLK, 0 txs)
[2026-09-29T00:46:10.053Z INFO  blacksilk_miner] found block 943 (reward 20.00984169 BLK, 1 txs)
[2026-09-29T00:46:16.377Z INFO  blacksilk_miner] found block 944 (reward 20.00915800 BLK, 0 txs)
[2026-09-29T00:46:24.637Z INFO  blacksilk_miner] found block 945 (reward 20.00996352 BLK, 1 txs)
[2026-09-29T00:46:27.304Z INFO  blacksilk_miner] found block 946 (reward 20.00911984 BLK, 0 txs)
[2026-09-29T00:46:35.017Z INFO  blacksilk_miner] found block 947 (reward 20.00910076 BLK, 0 txs)
[2026-09-29T00:46:40.043Z INFO  blacksilk_miner] hash rate 23.5 H/s (full mode)
[2026-09-29T00:46:51.494Z INFO  blacksilk_miner] found block 948 (reward 20.00908167 BLK, 0 txs)
[2026-09-29T00:47:14.786Z INFO  blacksilk_miner] found block 949 (reward 20.00940719 BLK, 1 txs)
[2026-09-29T00:47:21.133Z INFO  blacksilk_miner] new tip at height 950: work on template 950 abandoned after 1.3s
[2026-09-29T00:47:31.179Z INFO  blacksilk_miner] found block 951 (reward 20.00902443 BLK, 0 txs)
[2026-09-29T00:47:34.026Z INFO  blacksilk_miner] found block 952 (reward 20.00934995 BLK, 1 txs)
[2026-09-29T00:47:42.109Z INFO  blacksilk_miner] hash rate 22.7 H/s (full mode)
[2026-09-29T00:47:42.757Z INFO  blacksilk_miner] found block 953 (reward 20.00997086 BLK, 1 txs); not on the node's best chain
[2026-09-29T00:47:51.908Z INFO  blacksilk_miner] found block 954 (reward 20.00995178 BLK, 1 txs)
[2026-09-29T00:47:53.896Z INFO  blacksilk_miner] found block 955 (reward 20.00894810 BLK, 0 txs)
[2026-09-29T00:47:54.790Z INFO  blacksilk_miner] found block 956 (reward 20.00892902 BLK, 0 txs)
[2026-09-29T00:48:26.473Z INFO  blacksilk_miner] found block 957 (reward 20.00890994 BLK, 0 txs)
[2026-09-29T00:48:29.067Z INFO  blacksilk_miner] found block 958 (reward 20.00889085 BLK, 0 txs)
[2026-09-29T00:48:31.008Z INFO  blacksilk_miner] found block 959 (reward 20.00887177 BLK, 0 txs)
[2026-09-29T00:48:35.872Z INFO  blacksilk_miner] found block 960 (reward 20.00919729 BLK, 1 txs)
[2026-09-29T00:48:45.995Z INFO  blacksilk_miner] hash rate 22.1 H/s (full mode)
[2026-09-29T00:48:47.205Z INFO  blacksilk_miner] found block 961 (reward 20.01016281 BLK, 2 txs)
[2026-09-29T00:48:55.091Z INFO  blacksilk_miner] found block 962 (reward 20.00881453 BLK, 0 txs)
[2026-09-29T00:48:59.498Z INFO  blacksilk_miner] found block 963 (reward 20.00914004 BLK, 1 txs)
[2026-09-29T00:49:01.166Z INFO  blacksilk_miner] found block 964 (reward 20.00877636 BLK, 0 txs)
[2026-09-29T00:49:04.780Z INFO  blacksilk_miner] found block 965 (reward 20.00875728 BLK, 0 txs)
[2026-09-29T00:49:09.105Z INFO  blacksilk_miner] found block 966 (reward 20.00873820 BLK, 0 txs)
[2026-09-29T00:49:29.476Z INFO  blacksilk_miner] found block 967 (reward 20.00906372 BLK, 1 txs)
[2026-09-29T00:49:45.307Z INFO  blacksilk_miner] found block 968 (reward 20.00870004 BLK, 0 txs)
[2026-09-29T00:49:50.400Z INFO  blacksilk_miner] hash rate 21.2 H/s (full mode)
[2026-09-29T00:50:01.288Z INFO  blacksilk_miner] found block 969 (reward 20.00902555 BLK, 1 txs)
[2026-09-29T00:50:03.987Z INFO  blacksilk_miner] found block 970 (reward 20.00866187 BLK, 0 txs)
[2026-09-29T00:50:06.036Z INFO  blacksilk_miner] found block 971 (reward 20.00864279 BLK, 0 txs)
[2026-09-29T00:50:19.971Z INFO  blacksilk_miner] found block 972 (reward 20.00931291 BLK, 2 txs)
[2026-09-29T00:50:48.078Z INFO  blacksilk_miner] new tip at height 973: work on template 973 abandoned after 2.8s
[2026-09-29T00:50:50.936Z INFO  blacksilk_miner] found block 974 (reward 20.00858554 BLK, 0 txs)
[2026-09-29T00:50:54.903Z INFO  blacksilk_miner] hash rate 22.8 H/s (full mode)
[2026-09-29T00:50:55.476Z INFO  blacksilk_miner] found block 975 (reward 20.00856646 BLK, 0 txs)
[2026-09-29T00:50:59.205Z INFO  blacksilk_miner] found block 976 (reward 20.00854738 BLK, 0 txs)
[2026-09-29T00:51:04.487Z INFO  blacksilk_miner] found block 977 (reward 20.00852830 BLK, 0 txs)
[2026-09-29T00:51:20.070Z INFO  blacksilk_miner] found block 978 (reward 20.00885382 BLK, 1 txs)
[2026-09-29T00:51:46.330Z INFO  blacksilk_miner] found block 979 (reward 20.00883474 BLK, 1 txs)
[2026-09-29T00:51:56.438Z INFO  blacksilk_miner] hash rate 22.2 H/s (full mode)
[2026-09-29T00:51:57.837Z INFO  blacksilk_miner] found block 980 (reward 20.00881566 BLK, 1 txs)
[2026-09-29T00:52:02.573Z INFO  blacksilk_miner] found block 981 (reward 20.00845197 BLK, 0 txs)
[2026-09-29T00:52:03.629Z INFO  blacksilk_miner] found block 982 (reward 20.00843289 BLK, 0 txs)
[2026-09-29T00:52:05.271Z INFO  blacksilk_miner] found block 983 (reward 20.00841381 BLK, 0 txs)
[2026-09-29T00:52:11.141Z INFO  blacksilk_miner] found block 984 (reward 20.00889933 BLK, 1 txs)
[2026-09-29T00:52:19.802Z INFO  blacksilk_miner] found block 985 (reward 20.00837565 BLK, 0 txs)
[2026-09-29T00:52:32.530Z INFO  blacksilk_miner] found block 986 (reward 20.00835657 BLK, 0 txs)
[2026-09-29T00:52:49.051Z INFO  blacksilk_miner] found block 987 (reward 20.00868208 BLK, 1 txs)
[2026-09-29T00:52:59.168Z INFO  blacksilk_miner] hash rate 20.6 H/s (full mode)
[2026-09-29T00:53:08.849Z INFO  blacksilk_miner] found block 988 (reward 20.00900760 BLK, 2 txs)
[2026-09-29T00:53:21.309Z INFO  blacksilk_miner] new tip at height 989: work on template 989 abandoned after 2.3s
[2026-09-29T00:53:28.829Z INFO  blacksilk_miner] new tip at height 990: work on template 990 abandoned after 2.5s
[2026-09-29T00:53:46.709Z INFO  blacksilk_miner] new tip at height 991: work on template 991 abandoned after 2.7s
[2026-09-29T00:54:01.849Z INFO  blacksilk_miner] hash rate 24.6 H/s (full mode)
[2026-09-29T00:54:08.246Z INFO  blacksilk_miner] new tip at height 992: work on template 992 abandoned after 1.3s
[2026-09-29T00:54:11.122Z INFO  blacksilk_miner] found block 993 (reward 20.00822300 BLK, 0 txs)
[2026-09-29T00:54:25.136Z INFO  blacksilk_miner] found block 994 (reward 20.00870851 BLK, 1 txs)
[2026-09-29T00:54:46.689Z INFO  blacksilk_miner] found block 995 (reward 20.00818483 BLK, 0 txs)
[2026-09-29T00:55:01.929Z INFO  blacksilk_miner] hash rate 21.1 H/s (full mode)
[2026-09-29T00:55:44.859Z INFO  blacksilk_miner] found block 996 (reward 20.00951955 BLK, 3 txs)
[2026-09-29T00:55:59.555Z INFO  blacksilk_miner] found block 997 (reward 20.00814667 BLK, 0 txs)
[2026-09-29T00:56:04.607Z INFO  blacksilk_miner] hash rate 21.6 H/s (full mode)
[2026-09-29T00:56:05.538Z INFO  blacksilk_miner] found block 998 (reward 20.00847219 BLK, 1 txs)
[2026-09-29T00:56:22.764Z INFO  blacksilk_miner] found block 999 (reward 20.00845311 BLK, 1 txs)
[2026-09-29T00:56:30.885Z INFO  blacksilk_miner] found block 1000 (reward 20.00808943 BLK, 0 txs)
[2026-09-29T00:56:32.921Z INFO  blacksilk_miner] found block 1001 (reward 20.00807035 BLK, 0 txs)
[2026-09-29T00:56:41.384Z INFO  blacksilk_miner] found block 1002 (reward 20.00805126 BLK, 0 txs)
[2026-09-29T00:56:43.994Z INFO  blacksilk_miner] found block 1003 (reward 20.00803218 BLK, 0 txs)
[2026-09-29T00:56:48.087Z INFO  blacksilk_miner] found block 1004 (reward 20.00801310 BLK, 0 txs)
[2026-09-29T00:56:56.942Z INFO  blacksilk_miner] found block 1005 (reward 20.00799402 BLK, 0 txs)
[2026-09-29T00:57:01.945Z INFO  blacksilk_miner] found block 1006 (reward 20.00797494 BLK, 0 txs)
[2026-09-29T00:57:06.625Z INFO  blacksilk_miner] hash rate 18.4 H/s (full mode)
[2026-09-29T00:57:07.349Z INFO  blacksilk_miner] found block 1007 (reward 20.00795586 BLK, 0 txs)
[2026-09-29T00:57:11.094Z INFO  blacksilk_miner] found block 1008 (reward 20.00793678 BLK, 0 txs)
[2026-09-29T00:57:24.245Z INFO  blacksilk_miner] found block 1009 (reward 20.00860690 BLK, 2 txs)
[2026-09-29T00:57:32.754Z INFO  blacksilk_miner] found block 1010 (reward 20.00789862 BLK, 0 txs)
[2026-09-29T00:57:46.103Z INFO  blacksilk_miner] found block 1011 (reward 20.00787954 BLK, 0 txs)
[2026-09-29T00:57:48.682Z INFO  blacksilk_miner] found block 1012 (reward 20.00786045 BLK, 0 txs)
[2026-09-29T00:57:50.738Z INFO  blacksilk_miner] found block 1013 (reward 20.00784137 BLK, 0 txs)
[2026-09-29T00:57:52.573Z INFO  blacksilk_miner] found block 1014 (reward 20.00782229 BLK, 0 txs)
[2026-09-29T00:58:05.690Z INFO  blacksilk_miner] found block 1015 (reward 20.00814781 BLK, 1 txs)
[2026-09-29T00:58:07.797Z INFO  blacksilk_miner] hash rate 18.8 H/s (full mode)
[2026-09-29T00:58:08.446Z INFO  blacksilk_miner] found block 1016 (reward 20.00778413 BLK, 0 txs)
[2026-09-29T00:58:16.517Z INFO  blacksilk_miner] found block 1017 (reward 20.00776505 BLK, 0 txs)
[2026-09-29T00:58:23.689Z INFO  blacksilk_miner] found block 1018 (reward 20.00809057 BLK, 1 txs)
[2026-09-29T00:58:28.441Z INFO  blacksilk_miner] found block 1019 (reward 20.00772689 BLK, 0 txs)
[2026-09-29T00:58:30.949Z INFO  blacksilk_miner] found block 1020 (reward 20.00770781 BLK, 0 txs)
[2026-09-29T00:58:33.303Z INFO  blacksilk_miner] found block 1021 (reward 20.00768873 BLK, 0 txs)
[2026-09-29T00:58:37.159Z INFO  blacksilk_miner] found block 1022 (reward 20.00766965 BLK, 0 txs)
[2026-09-29T00:58:43.130Z INFO  blacksilk_miner] new tip at height 1023: work on template 1023 abandoned after 867.8ms
[2026-09-29T00:58:57.210Z INFO  blacksilk_miner] found block 1024 (reward 20.00848068 BLK, 2 txs)
[2026-09-29T00:59:01.344Z INFO  blacksilk_miner] found block 1025 (reward 20.00761240 BLK, 0 txs)
[2026-09-29T00:59:03.830Z INFO  blacksilk_miner] found block 1026 (reward 20.00759332 BLK, 0 txs)
[2026-09-29T00:59:08.897Z INFO  blacksilk_miner] hash rate 18.8 H/s (full mode)
[2026-09-29T00:59:21.046Z INFO  blacksilk_miner] found block 1027 (reward 20.00757424 BLK, 0 txs)
[2026-09-29T00:59:26.689Z INFO  blacksilk_miner] found block 1028 (reward 20.00755516 BLK, 0 txs)
[2026-09-29T00:59:37.049Z INFO  blacksilk_miner] found block 1029 (reward 20.00753608 BLK, 0 txs)
[2026-09-29T00:59:42.267Z INFO  blacksilk_miner] found block 1030 (reward 20.00751700 BLK, 0 txs)
[2026-09-29T01:00:03.248Z INFO  blacksilk_miner] found block 1031 (reward 20.00853172 BLK, 3 txs)
[2026-09-29T01:00:10.294Z INFO  blacksilk_miner] hash rate 21.0 H/s (full mode)
[2026-09-29T01:00:10.925Z INFO  blacksilk_miner] found block 1032 (reward 20.00747884 BLK, 0 txs)
[2026-09-29T01:00:23.090Z INFO  blacksilk_miner] found block 1033 (reward 20.00745976 BLK, 0 txs)
[2026-09-29T01:00:26.064Z INFO  blacksilk_miner] found block 1034 (reward 20.00778528 BLK, 1 txs)
[2026-09-29T01:00:40.986Z INFO  blacksilk_miner] found block 1035 (reward 20.00742160 BLK, 0 txs)
[2026-09-29T01:00:44.828Z INFO  blacksilk_miner] found block 1036 (reward 20.00740252 BLK, 0 txs)
[2026-09-29T01:01:10.296Z INFO  blacksilk_miner] hash rate 21.2 H/s (full mode)
[2026-09-29T01:01:13.795Z INFO  blacksilk_miner] found block 1037 (reward 20.00772803 BLK, 1 txs)
[2026-09-29T01:01:36.967Z INFO  blacksilk_miner] found block 1038 (reward 20.00805355 BLK, 2 txs)
[2026-09-29T01:01:41.173Z INFO  blacksilk_miner] found block 1039 (reward 20.00734527 BLK, 0 txs)
[2026-09-29T01:02:11.536Z INFO  blacksilk_miner] hash rate 22.0 H/s (full mode)
[2026-09-29T01:02:14.426Z INFO  blacksilk_miner] new tip at height 1040: work on template 1040 abandoned after 2.9s
[2026-09-29T01:02:20.660Z INFO  blacksilk_miner] found block 1041 (reward 20.00730711 BLK, 0 txs)
[2026-09-29T01:02:28.668Z INFO  blacksilk_miner] found block 1042 (reward 20.00763263 BLK, 1 txs)
[2026-09-29T01:02:52.198Z INFO  blacksilk_miner] found block 1043 (reward 20.00761355 BLK, 1 txs)
[2026-09-29T01:03:01.218Z INFO  blacksilk_miner] found block 1044 (reward 20.00724987 BLK, 0 txs)
[2026-09-29T01:03:16.414Z INFO  blacksilk_miner] hash rate 21.5 H/s (full mode)
[2026-09-29T01:03:49.778Z INFO  blacksilk_miner] found block 1045 (reward 20.00791999 BLK, 2 txs)
[2026-09-29T01:04:20.204Z INFO  blacksilk_miner] hash rate 22.6 H/s (full mode)
[2026-09-29T01:04:25.940Z INFO  blacksilk_miner] found block 1046 (reward 20.00790091 BLK, 2 txs)
[2026-09-29T01:04:27.105Z INFO  blacksilk_miner] found block 1047 (reward 20.00719263 BLK, 0 txs)
[2026-09-29T01:04:37.834Z INFO  blacksilk_miner] found block 1048 (reward 20.00717355 BLK, 0 txs)
[2026-09-29T01:04:52.287Z INFO  blacksilk_miner] found block 1049 (reward 20.00765907 BLK, 1 txs)
[2026-09-29T01:04:56.738Z INFO  blacksilk_miner] found block 1050 (reward 20.00713539 BLK, 0 txs)
[2026-09-29T01:05:01.998Z INFO  blacksilk_miner] new tip at height 1051: work on template 1051 abandoned after 212.2ms
[2026-09-29T01:05:05.186Z INFO  blacksilk_miner] found block 1052 (reward 20.00709723 BLK, 0 txs)
[2026-09-29T01:05:20.334Z INFO  blacksilk_miner] hash rate 24.1 H/s (full mode)
[2026-09-29T01:05:25.615Z INFO  blacksilk_miner] found block 1053 (reward 20.00707815 BLK, 0 txs)
[2026-09-29T01:05:28.890Z INFO  blacksilk_miner] found block 1054 (reward 20.00705907 BLK, 0 txs)
[2026-09-29T01:05:31.081Z INFO  blacksilk_miner] found block 1055 (reward 20.00703999 BLK, 0 txs)
[2026-09-29T01:05:32.269Z INFO  blacksilk_miner] found block 1056 (reward 20.00702091 BLK, 0 txs)
[2026-09-29T01:05:50.151Z INFO  blacksilk_miner] found block 1057 (reward 20.00700183 BLK, 0 txs)
[2026-09-29T01:05:55.823Z INFO  blacksilk_miner] found block 1058 (reward 20.00698275 BLK, 0 txs)
[2026-09-29T01:06:03.101Z INFO  blacksilk_miner] found block 1059 (reward 20.00746827 BLK, 1 txs)
[2026-09-29T01:06:09.319Z INFO  blacksilk_miner] found block 1060 (reward 20.00728919 BLK, 1 txs)
[2026-09-29T01:06:21.923Z INFO  blacksilk_miner] hash rate 22.6 H/s (full mode)
[2026-09-29T01:06:22.560Z INFO  blacksilk_miner] found block 1061 (reward 20.00692551 BLK, 0 txs)
[2026-09-29T01:06:33.263Z INFO  blacksilk_miner] found block 1062 (reward 20.00725103 BLK, 1 txs)
[2026-09-29T01:06:35.981Z INFO  blacksilk_miner] found block 1063 (reward 20.00688735 BLK, 0 txs)
[2026-09-29T01:06:36.795Z INFO  blacksilk_miner] found block 1064 (reward 20.00686827 BLK, 0 txs)
[2026-09-29T01:06:47.400Z INFO  blacksilk_miner] found block 1065 (reward 20.00684919 BLK, 0 txs)
[2026-09-29T01:06:49.658Z INFO  blacksilk_miner] found block 1066 (reward 20.00733471 BLK, 1 txs)
[2026-09-29T01:06:53.023Z INFO  blacksilk_miner] found block 1067 (reward 20.00681103 BLK, 0 txs)
[2026-09-29T01:06:56.015Z INFO  blacksilk_miner] found block 1068 (reward 20.00679195 BLK, 0 txs)
[2026-09-29T01:06:59.482Z INFO  blacksilk_miner] new tip at height 1069: work on template 1069 abandoned after 3.5s
[2026-09-29T01:07:24.834Z INFO  blacksilk_miner] hash rate 23.5 H/s (full mode)
[2026-09-29T01:07:29.022Z INFO  blacksilk_miner] found block 1070 (reward 20.00709839 BLK, 1 txs)
[2026-09-29T01:07:30.384Z INFO  blacksilk_miner] found block 1071 (reward 20.00673471 BLK, 0 txs)
[2026-09-29T01:07:31.185Z INFO  blacksilk_miner] found block 1072 (reward 20.00671563 BLK, 0 txs)
[2026-09-29T01:07:34.507Z INFO  blacksilk_miner] found block 1073 (reward 20.00669655 BLK, 0 txs)
[2026-09-29T01:07:43.056Z INFO  blacksilk_miner] found block 1074 (reward 20.00667747 BLK, 0 txs)
[2026-09-29T01:07:52.547Z INFO  blacksilk_miner] found block 1075 (reward 20.00665839 BLK, 0 txs)
[2026-09-29T01:07:54.544Z INFO  blacksilk_miner] found block 1076 (reward 20.00748851 BLK, 2 txs)
[2026-09-29T01:07:56.972Z INFO  blacksilk_miner] found block 1077 (reward 20.00662023 BLK, 0 txs)
[2026-09-29T01:08:11.732Z INFO  blacksilk_miner] found block 1078 (reward 20.00660115 BLK, 0 txs)
[2026-09-29T01:08:23.153Z INFO  blacksilk_miner] found block 1079 (reward 20.00658207 BLK, 0 txs)
[2026-09-29T01:08:28.200Z INFO  blacksilk_miner] hash rate 26.2 H/s (full mode)
[2026-09-29T01:08:34.137Z INFO  blacksilk_miner] found block 1080 (reward 20.00757219 BLK, 2 txs)
[2026-09-29T01:09:06.769Z INFO  blacksilk_miner] found block 1081 (reward 20.00720851 BLK, 1 txs)
[2026-09-29T01:09:14.168Z INFO  blacksilk_miner] found block 1082 (reward 20.00652483 BLK, 0 txs)
[2026-09-29T01:09:20.828Z INFO  blacksilk_miner] found block 1083 (reward 20.00650575 BLK, 0 txs)
[2026-09-29T01:09:23.975Z INFO  blacksilk_miner] found block 1084 (reward 20.00648667 BLK, 0 txs)
[2026-09-29T01:09:28.062Z INFO  blacksilk_miner] found block 1085 (reward 20.00646759 BLK, 0 txs)
[2026-09-29T01:09:33.136Z INFO  blacksilk_miner] hash rate 25.7 H/s (full mode)
[2026-09-29T01:09:34.607Z INFO  blacksilk_miner] found block 1086 (reward 20.00679311 BLK, 1 txs)
[2026-09-29T01:10:06.051Z INFO  blacksilk_miner] found block 1087 (reward 20.00677403 BLK, 1 txs)
[2026-09-29T01:10:17.525Z INFO  blacksilk_miner] found block 1088 (reward 20.00641035 BLK, 0 txs)
[2026-09-29T01:10:26.626Z INFO  blacksilk_miner] found block 1089 (reward 20.00639127 BLK, 0 txs)
[2026-09-29T01:10:36.756Z INFO  blacksilk_miner] hash rate 23.8 H/s (full mode)
[2026-09-29T01:10:41.460Z INFO  blacksilk_miner] new tip at height 1090: work on template 1090 abandoned after 4.7s
[2026-09-29T01:10:42.293Z INFO  blacksilk_miner] found block 1091 (reward 20.00635311 BLK, 0 txs)
[2026-09-29T01:10:45.023Z INFO  blacksilk_miner] found block 1092 (reward 20.00633403 BLK, 0 txs)
[2026-09-29T01:10:50.028Z INFO  blacksilk_miner] found block 1093 (reward 20.00631495 BLK, 0 txs)
[2026-09-29T01:10:50.826Z INFO  blacksilk_miner] found block 1094 (reward 20.00629587 BLK, 0 txs)
[2026-09-29T01:11:05.126Z INFO  blacksilk_miner] found block 1095 (reward 20.00662139 BLK, 1 txs)
[2026-09-29T01:11:29.636Z INFO  blacksilk_miner] found block 1096 (reward 20.00710691 BLK, 2 txs)
[2026-09-29T01:11:39.735Z INFO  blacksilk_miner] hash rate 20.4 H/s (full mode)
[2026-09-29T01:11:43.942Z INFO  blacksilk_miner] new tip at height 1097: work on template 1097 abandoned after 4.2s
[2026-09-29T01:11:45.173Z INFO  blacksilk_miner] found block 1098 (reward 20.00621956 BLK, 0 txs)
[2026-09-29T01:11:49.021Z INFO  blacksilk_miner] found block 1099 (reward 20.00620048 BLK, 0 txs)
[2026-09-29T01:12:01.849Z INFO  blacksilk_miner] found block 1100 (reward 20.00652600 BLK, 1 txs)
[2026-09-29T01:12:13.672Z INFO  blacksilk_miner] found block 1101 (reward 20.00650692 BLK, 1 txs)
[2026-09-29T01:12:26.652Z INFO  blacksilk_miner] found block 1102 (reward 20.00614324 BLK, 0 txs)
[2026-09-29T01:12:27.584Z INFO  blacksilk_miner] found block 1103 (reward 20.00612416 BLK, 0 txs)
[2026-09-29T01:12:42.770Z INFO  blacksilk_miner] hash rate 25.3 H/s (full mode)
[2026-09-29T01:13:05.532Z INFO  blacksilk_miner] found block 1104 (reward 20.00644968 BLK, 1 txs)
[2026-09-29T01:13:14.985Z INFO  blacksilk_miner] new tip at height 1105: work on template 1105 abandoned after 4.4s
[2026-09-29T01:13:21.918Z INFO  blacksilk_miner] found block 1106 (reward 20.00606692 BLK, 0 txs)
[2026-09-29T01:13:29.043Z INFO  blacksilk_miner] found block 1107 (reward 20.00604784 BLK, 0 txs)
[2026-09-29T01:13:42.016Z INFO  blacksilk_miner] found block 1108 (reward 20.00602876 BLK, 0 txs)
[2026-09-29T01:13:47.076Z INFO  blacksilk_miner] hash rate 26.5 H/s (full mode)
[2026-09-29T01:13:49.252Z INFO  blacksilk_miner] found block 1109 (reward 20.00600968 BLK, 0 txs)
[2026-09-29T01:13:52.164Z INFO  blacksilk_miner] found block 1110 (reward 20.00599060 BLK, 0 txs)
[2026-09-29T01:14:31.198Z INFO  blacksilk_miner] found block 1111 (reward 20.00698073 BLK, 2 txs)
[2026-09-29T01:14:34.444Z INFO  blacksilk_miner] found block 1112 (reward 20.00595245 BLK, 0 txs)
[2026-09-29T01:14:37.190Z INFO  blacksilk_miner] found block 1113 (reward 20.00593337 BLK, 0 txs)
[2026-09-29T01:14:40.559Z INFO  blacksilk_miner] found block 1114 (reward 20.00591429 BLK, 0 txs)
[2026-09-29T01:14:50.676Z INFO  blacksilk_miner] hash rate 25.5 H/s (full mode)
[2026-09-29T01:14:52.680Z INFO  blacksilk_miner] new tip at height 1115: work on template 1115 abandoned after 2.0s
[2026-09-29T01:15:20.997Z INFO  blacksilk_miner] found block 1116 (reward 20.00622073 BLK, 1 txs)
[2026-09-29T01:15:25.291Z INFO  blacksilk_miner] found block 1117 (reward 20.00585705 BLK, 0 txs)
[2026-09-29T01:15:26.683Z INFO  blacksilk_miner] found block 1118 (reward 20.00618257 BLK, 1 txs)
[2026-09-29T01:15:51.990Z INFO  blacksilk_miner] hash rate 26.7 H/s (full mode)
[2026-09-29T01:16:00.760Z INFO  blacksilk_miner] found block 1119 (reward 20.00650809 BLK, 2 txs)
[2026-09-29T01:16:10.132Z INFO  blacksilk_miner] found block 1120 (reward 20.00579981 BLK, 0 txs)
[2026-09-29T01:16:11.327Z INFO  blacksilk_miner] found block 1121 (reward 20.00612533 BLK, 1 txs)
[2026-09-29T01:16:21.022Z INFO  blacksilk_miner] found block 1122 (reward 20.00576166 BLK, 0 txs)
[2026-09-29T01:16:22.959Z INFO  blacksilk_miner] found block 1123 (reward 20.00574258 BLK, 0 txs)
[2026-09-29T01:16:33.133Z INFO  blacksilk_miner] found block 1124 (reward 20.00572350 BLK, 0 txs)
[2026-09-29T01:16:34.987Z INFO  blacksilk_miner] found block 1125 (reward 20.00570442 BLK, 0 txs)
[2026-09-29T01:16:48.093Z INFO  blacksilk_miner] found block 1126 (reward 20.00568534 BLK, 0 txs)
[2026-09-29T01:16:51.035Z INFO  blacksilk_miner] found block 1127 (reward 20.00566626 BLK, 0 txs)
[2026-09-29T01:16:52.709Z INFO  blacksilk_miner] hash rate 25.0 H/s (full mode)
[2026-09-29T01:16:53.278Z INFO  blacksilk_miner] found block 1128 (reward 20.00564718 BLK, 0 txs)
[2026-09-29T01:17:01.058Z INFO  blacksilk_miner] found block 1129 (reward 20.00562810 BLK, 0 txs)
[2026-09-29T01:17:15.319Z INFO  blacksilk_miner] found block 1130 (reward 20.00560902 BLK, 0 txs)
[2026-09-29T01:17:27.812Z INFO  blacksilk_miner] found block 1131 (reward 20.00558994 BLK, 0 txs)
[2026-09-29T01:17:29.797Z INFO  blacksilk_miner] found block 1132 (reward 20.00557087 BLK, 0 txs)
[2026-09-29T01:17:38.061Z INFO  blacksilk_miner] found block 1133 (reward 20.00624099 BLK, 2 txs)
[2026-09-29T01:17:53.197Z INFO  blacksilk_miner] hash rate 26.2 H/s (full mode)
[2026-09-29T01:18:22.728Z INFO  blacksilk_miner] found block 1134 (reward 20.00622191 BLK, 2 txs)
[2026-09-29T01:18:24.635Z INFO  blacksilk_miner] found block 1135 (reward 20.00551363 BLK, 0 txs)
[2026-09-29T01:18:54.123Z INFO  blacksilk_miner] hash rate 27.2 H/s (full mode)
[2026-09-29T01:18:54.688Z INFO  blacksilk_miner] found block 1136 (reward 20.00549455 BLK, 0 txs)
[2026-09-29T01:19:13.318Z INFO  blacksilk_miner] found block 1137 (reward 20.00648467 BLK, 2 txs)
[2026-09-29T01:19:20.664Z INFO  blacksilk_miner] found block 1138 (reward 20.00545639 BLK, 0 txs)
[2026-09-29T01:19:23.276Z INFO  blacksilk_miner] found block 1139 (reward 20.00543731 BLK, 0 txs)
[2026-09-29T01:19:27.461Z INFO  blacksilk_miner] found block 1140 (reward 20.00541824 BLK, 0 txs)
[2026-09-29T01:19:28.937Z INFO  blacksilk_miner] found block 1141 (reward 20.00539916 BLK, 0 txs)
[2026-09-29T01:19:41.363Z INFO  blacksilk_miner] found block 1142 (reward 20.00572468 BLK, 1 txs)
[2026-09-29T01:19:46.605Z INFO  blacksilk_miner] found block 1143 (reward 20.00536100 BLK, 0 txs)
[2026-09-29T01:19:56.750Z INFO  blacksilk_miner] hash rate 25.2 H/s (full mode)
[2026-09-29T01:20:40.328Z INFO  blacksilk_miner] found block 1144 (reward 20.00603112 BLK, 2 txs)
[2026-09-29T01:20:53.903Z INFO  blacksilk_miner] found block 1145 (reward 20.00532284 BLK, 0 txs)
[2026-09-29T01:20:55.433Z INFO  blacksilk_miner] found block 1146 (reward 20.00530376 BLK, 0 txs)
[2026-09-29T01:21:00.490Z INFO  blacksilk_miner] hash rate 27.3 H/s (full mode)
[2026-09-29T01:21:14.856Z INFO  blacksilk_miner] found block 1147 (reward 20.00528469 BLK, 0 txs)
[2026-09-29T01:21:17.706Z INFO  blacksilk_miner] found block 1148 (reward 20.00526561 BLK, 0 txs)
[2026-09-29T01:21:26.287Z INFO  blacksilk_miner] found block 1149 (reward 20.00524653 BLK, 0 txs)
[2026-09-29T01:21:29.370Z INFO  blacksilk_miner] found block 1150 (reward 20.00522745 BLK, 0 txs)
[2026-09-29T01:21:34.918Z INFO  blacksilk_miner] new tip at height 1151: work on template 1151 abandoned after 442.0ms
[2026-09-29T01:21:41.706Z INFO  blacksilk_miner] found block 1152 (reward 20.00518929 BLK, 0 txs)
[2026-09-29T01:21:53.139Z INFO  blacksilk_miner] found block 1153 (reward 20.00551482 BLK, 1 txs)
[2026-09-29T01:22:00.924Z INFO  blacksilk_miner] hash rate 25.6 H/s (full mode)
[2026-09-29T01:22:01.483Z INFO  blacksilk_miner] found block 1154 (reward 20.00549574 BLK, 1 txs)
[2026-09-29T01:22:03.257Z INFO  blacksilk_miner] found block 1155 (reward 20.00513206 BLK, 0 txs)
[2026-09-29T01:22:10.299Z INFO  blacksilk_miner] found block 1156 (reward 20.00511298 BLK, 0 txs)
[2026-09-29T01:22:18.013Z INFO  blacksilk_miner] found block 1157 (reward 20.00543850 BLK, 1 txs)
[2026-09-29T01:22:24.339Z INFO  blacksilk_miner] found block 1158 (reward 20.00507482 BLK, 0 txs)
[2026-09-29T01:22:53.505Z INFO  blacksilk_miner] found block 1159 (reward 20.00574494 BLK, 2 txs)
[2026-09-29T01:22:57.571Z INFO  blacksilk_miner] found block 1160 (reward 20.00503667 BLK, 0 txs)
[2026-09-29T01:23:02.642Z INFO  blacksilk_miner] hash rate 25.8 H/s (full mode)
[2026-09-29T01:23:04.626Z INFO  blacksilk_miner] found block 1161 (reward 20.00501759 BLK, 0 txs)
[2026-09-29T01:23:07.040Z INFO  blacksilk_miner] found block 1162 (reward 20.00534311 BLK, 1 txs)
[2026-09-29T01:23:17.469Z INFO  blacksilk_miner] found block 1163 (reward 20.00497943 BLK, 0 txs)
[2026-09-29T01:23:25.439Z INFO  blacksilk_miner] found block 1164 (reward 20.00496035 BLK, 0 txs)
[2026-09-29T01:23:37.635Z INFO  blacksilk_miner] found block 1165 (reward 20.00494128 BLK, 0 txs)
[2026-09-29T01:23:46.152Z INFO  blacksilk_miner] found block 1166 (reward 20.00561140 BLK, 2 txs)
[2026-09-29T01:23:47.582Z INFO  blacksilk_miner] found block 1167 (reward 20.00490312 BLK, 0 txs)
[2026-09-29T01:23:50.954Z INFO  blacksilk_miner] found block 1168 (reward 20.00488404 BLK, 0 txs)
[2026-09-29T01:24:06.176Z INFO  blacksilk_miner] hash rate 25.7 H/s (full mode)
[2026-09-29T01:24:09.110Z INFO  blacksilk_miner] found block 1169 (reward 20.00520956 BLK, 1 txs)
[2026-09-29T01:24:11.709Z INFO  blacksilk_miner] found block 1170 (reward 20.00484588 BLK, 0 txs)
[2026-09-29T01:24:13.863Z INFO  blacksilk_miner] found block 1171 (reward 20.00482681 BLK, 0 txs)
[2026-09-29T01:24:16.301Z INFO  blacksilk_miner] found block 1172 (reward 20.00480773 BLK, 0 txs)
[2026-09-29T01:24:25.267Z INFO  blacksilk_miner] found block 1173 (reward 20.00478865 BLK, 0 txs)
[2026-09-29T01:24:31.904Z INFO  blacksilk_miner] found block 1174 (reward 20.00476957 BLK, 0 txs)
[2026-09-29T01:24:35.673Z INFO  blacksilk_miner] new tip at height 1175: work on template 1175 abandoned after 3.8s
[2026-09-29T01:24:38.099Z INFO  blacksilk_miner] found block 1176 (reward 20.00473142 BLK, 0 txs)
[2026-09-29T01:24:40.762Z INFO  blacksilk_miner] found block 1177 (reward 20.00471234 BLK, 0 txs)
[2026-09-29T01:24:53.326Z INFO  blacksilk_miner] new tip at height 1178: work on template 1178 abandoned after 2.5s
[2026-09-29T01:25:02.652Z INFO  blacksilk_miner] found block 1179 (reward 20.00467418 BLK, 0 txs)
[2026-09-29T01:25:07.712Z INFO  blacksilk_miner] hash rate 25.3 H/s (full mode)
[2026-09-29T01:25:12.280Z INFO  blacksilk_miner] found block 1180 (reward 20.00515970 BLK, 1 txs)
[2026-09-29T01:25:26.970Z INFO  blacksilk_miner] found block 1181 (reward 20.00463603 BLK, 0 txs)
[2026-09-29T01:25:54.327Z INFO  blacksilk_miner] found block 1182 (reward 20.00530615 BLK, 2 txs)
[2026-09-29T01:26:09.546Z INFO  blacksilk_miner] hash rate 27.1 H/s (full mode)
[2026-09-29T01:26:10.231Z INFO  blacksilk_miner] found block 1183 (reward 20.00459787 BLK, 0 txs)
[2026-09-29T01:26:17.518Z INFO  blacksilk_miner] found block 1184 (reward 20.00457879 BLK, 0 txs)
[2026-09-29T01:26:25.177Z INFO  blacksilk_miner] found block 1185 (reward 20.00455971 BLK, 0 txs)
[2026-09-29T01:26:29.834Z INFO  blacksilk_miner] found block 1186 (reward 20.00454064 BLK, 0 txs)
[2026-09-29T01:26:43.742Z INFO  blacksilk_miner] found block 1187 (reward 20.00521076 BLK, 2 txs)
[2026-09-29T01:27:00.089Z INFO  blacksilk_miner] found block 1188 (reward 20.00500708 BLK, 1 txs)
[2026-09-29T01:27:02.756Z INFO  blacksilk_miner] found block 1189 (reward 20.00448340 BLK, 0 txs)
[2026-09-29T01:27:09.240Z INFO  blacksilk_miner] found block 1190 (reward 20.00480893 BLK, 1 txs)
[2026-09-29T01:27:14.288Z INFO  blacksilk_miner] hash rate 25.9 H/s (full mode)
[2026-09-29T01:27:43.852Z INFO  blacksilk_miner] found block 1191 (reward 20.00478985 BLK, 1 txs)
[2026-09-29T01:27:44.840Z INFO  blacksilk_miner] found block 1192 (reward 20.00442617 BLK, 0 txs)
[2026-09-29T01:27:55.714Z INFO  blacksilk_miner] found block 1193 (reward 20.00440709 BLK, 0 txs)
[2026-09-29T01:28:14.386Z INFO  blacksilk_miner] hash rate 27.1 H/s (full mode)
[2026-09-29T01:28:14.997Z INFO  blacksilk_miner] found block 1194 (reward 20.00473261 BLK, 1 txs)
[2026-09-29T01:28:23.117Z INFO  blacksilk_miner] found block 1195 (reward 20.00436894 BLK, 0 txs)
[2026-09-29T01:28:24.684Z INFO  blacksilk_miner] found block 1196 (reward 20.00434986 BLK, 0 txs)
[2026-09-29T01:28:45.268Z INFO  blacksilk_miner] found block 1197 (reward 20.00433078 BLK, 0 txs)
[2026-09-29T01:29:05.913Z INFO  blacksilk_miner] found block 1198 (reward 20.00465630 BLK, 1 txs)
[2026-09-29T01:29:06.819Z INFO  blacksilk_miner] found block 1199 (reward 20.00429263 BLK, 0 txs)
[2026-09-29T01:29:10.439Z INFO  blacksilk_miner] found block 1200 (reward 20.00427355 BLK, 0 txs)
[2026-09-29T01:29:11.255Z INFO  blacksilk_miner] found block 1201 (reward 20.00425447 BLK, 0 txs)
[2026-09-29T01:29:16.316Z INFO  blacksilk_miner] hash rate 25.9 H/s (full mode)
[2026-09-29T01:29:26.019Z INFO  blacksilk_miner] found block 1202 (reward 20.00423539 BLK, 0 txs)
[2026-09-29T01:29:37.635Z INFO  blacksilk_miner] found block 1203 (reward 20.00421632 BLK, 0 txs)
[2026-09-29T01:29:49.422Z INFO  blacksilk_miner] found block 1204 (reward 20.00419724 BLK, 0 txs)
[2026-09-29T01:30:11.602Z INFO  blacksilk_miner] found block 1205 (reward 20.00534736 BLK, 2 txs)
[2026-09-29T01:30:16.662Z INFO  blacksilk_miner] hash rate 26.7 H/s (full mode)
[2026-09-29T01:30:20.840Z INFO  blacksilk_miner] found block 1206 (reward 20.00466368 BLK, 1 txs)
[2026-09-29T01:30:32.074Z INFO  blacksilk_miner] found block 1207 (reward 20.00414001 BLK, 0 txs)
[2026-09-29T01:30:53.727Z INFO  blacksilk_miner] found block 1208 (reward 20.00446553 BLK, 1 txs)
[2026-09-29T01:31:02.852Z INFO  blacksilk_miner] found block 1209 (reward 20.00548025 BLK, 4 txs); not on the node's best chain
[2026-09-29T01:31:12.777Z INFO  blacksilk_miner] found block 1210 (reward 20.00408277 BLK, 0 txs)
[2026-09-29T01:31:14.946Z INFO  blacksilk_miner] found block 1211 (reward 20.00406370 BLK, 0 txs)
[2026-09-29T01:31:19.160Z INFO  blacksilk_miner] hash rate 24.1 H/s (full mode)
[2026-09-29T01:31:19.697Z INFO  blacksilk_miner] found block 1212 (reward 20.00438922 BLK, 1 txs)
[2026-09-29T01:31:34.665Z INFO  blacksilk_miner] found block 1213 (reward 20.00437014 BLK, 1 txs)
[2026-09-29T01:31:53.344Z INFO  blacksilk_miner] found block 1214 (reward 20.00400646 BLK, 0 txs)
[2026-09-29T01:31:55.709Z INFO  blacksilk_miner] found block 1215 (reward 20.00398739 BLK, 0 txs)
[2026-09-29T01:31:57.011Z INFO  blacksilk_miner] found block 1216 (reward 20.00396831 BLK, 0 txs)
[2026-09-29T01:31:58.007Z INFO  blacksilk_miner] found block 1217 (reward 20.00394923 BLK, 0 txs)
[2026-09-29T01:32:09.648Z INFO  blacksilk_miner] found block 1218 (reward 20.00461936 BLK, 2 txs)
[2026-09-29T01:32:14.004Z INFO  blacksilk_miner] found block 1219 (reward 20.00391108 BLK, 0 txs)
[2026-09-29T01:32:24.108Z INFO  blacksilk_miner] hash rate 25.3 H/s (full mode)
[2026-09-29T01:32:54.859Z INFO  blacksilk_miner] found block 1220 (reward 20.00458120 BLK, 2 txs)
[2026-09-29T01:33:01.429Z INFO  blacksilk_miner] found block 1221 (reward 20.00387292 BLK, 0 txs)
[2026-09-29T01:33:12.606Z INFO  blacksilk_miner] found block 1222 (reward 20.00419845 BLK, 1 txs)
[2026-09-29T01:33:21.129Z INFO  blacksilk_miner] found block 1223 (reward 20.00383477 BLK, 0 txs)
[2026-09-29T01:33:26.165Z INFO  blacksilk_miner] hash rate 26.8 H/s (full mode)
[2026-09-29T01:33:28.387Z INFO  blacksilk_miner] found block 1224 (reward 20.00381569 BLK, 0 txs)
[2026-09-29T01:33:33.820Z INFO  blacksilk_miner] found block 1225 (reward 20.00379662 BLK, 0 txs)
[2026-09-29T01:33:35.699Z INFO  blacksilk_miner] found block 1226 (reward 20.00412214 BLK, 1 txs)
[2026-09-29T01:33:46.780Z INFO  blacksilk_miner] found block 1227 (reward 20.00375846 BLK, 0 txs)
[2026-09-29T01:33:51.249Z INFO  blacksilk_miner] found block 1228 (reward 20.00373938 BLK, 0 txs)
[2026-09-29T01:34:01.492Z INFO  blacksilk_miner] found block 1229 (reward 20.00372031 BLK, 0 txs)
[2026-09-29T01:34:03.870Z INFO  blacksilk_miner] found block 1230 (reward 20.00370123 BLK, 0 txs)
[2026-09-29T01:34:15.989Z INFO  blacksilk_miner] found block 1231 (reward 20.00437135 BLK, 2 txs)
[2026-09-29T01:34:21.546Z INFO  blacksilk_miner] found block 1232 (reward 20.00366308 BLK, 0 txs)
[2026-09-29T01:34:26.611Z INFO  blacksilk_miner] hash rate 24.9 H/s (full mode)
[2026-09-29T01:34:57.485Z INFO  blacksilk_miner] found block 1233 (reward 20.00449320 BLK, 2 txs)
[2026-09-29T01:35:01.621Z INFO  blacksilk_miner] found block 1234 (reward 20.00362492 BLK, 0 txs)
[2026-09-29T01:35:09.498Z INFO  blacksilk_miner] found block 1235 (reward 20.00360585 BLK, 0 txs)
[2026-09-29T01:35:13.734Z INFO  blacksilk_miner] found block 1236 (reward 20.00358677 BLK, 0 txs)
[2026-09-29T01:35:26.786Z INFO  blacksilk_miner] found block 1237 (reward 20.00391229 BLK, 1 txs)
[2026-09-29T01:35:31.856Z INFO  blacksilk_miner] hash rate 26.7 H/s (full mode)
[2026-09-29T01:35:48.423Z INFO  blacksilk_miner] new tip at height 1238: work on template 1238 abandoned after 1.4s
[2026-09-29T01:35:54.319Z INFO  blacksilk_miner] found block 1239 (reward 20.00421874 BLK, 2 txs)
[2026-09-29T01:36:00.560Z INFO  blacksilk_miner] found block 1240 (reward 20.00351046 BLK, 0 txs)
[2026-09-29T01:36:10.178Z INFO  blacksilk_miner] found block 1241 (reward 20.00349138 BLK, 0 txs)
[2026-09-29T01:36:13.564Z INFO  blacksilk_miner] found block 1242 (reward 20.00381691 BLK, 1 txs)
[2026-09-29T01:36:20.216Z INFO  blacksilk_miner] found block 1243 (reward 20.00345323 BLK, 0 txs)
[2026-09-29T01:36:35.381Z INFO  blacksilk_miner] hash rate 26.7 H/s (full mode)
[2026-09-29T01:36:42.056Z INFO  blacksilk_miner] new tip at height 1244: work on template 1244 abandoned after 1.6s
[2026-09-29T01:36:47.342Z INFO  blacksilk_miner] found block 1245 (reward 20.00341508 BLK, 0 txs)
[2026-09-29T01:36:58.651Z INFO  blacksilk_miner] found block 1246 (reward 20.00374060 BLK, 1 txs)
[2026-09-29T01:37:21.137Z INFO  blacksilk_miner] found block 1247 (reward 20.00372152 BLK, 1 txs)
[2026-09-29T01:37:36.335Z INFO  blacksilk_miner] hash rate 26.8 H/s (full mode)
[2026-09-29T01:37:44.173Z INFO  blacksilk_miner] found block 1248 (reward 20.00370245 BLK, 1 txs)
[2026-09-29T01:37:52.261Z INFO  blacksilk_miner] found block 1249 (reward 20.00333877 BLK, 0 txs)
[2026-09-29T01:38:05.307Z INFO  blacksilk_miner] found block 1250 (reward 20.00366429 BLK, 1 txs)
[2026-09-29T01:38:07.701Z INFO  blacksilk_miner] found block 1251 (reward 20.00330062 BLK, 0 txs)
[2026-09-29T01:38:09.029Z INFO  blacksilk_miner] found block 1252 (reward 20.00328154 BLK, 0 txs)
[2026-09-29T01:38:12.276Z INFO  blacksilk_miner] found block 1253 (reward 20.00326246 BLK, 0 txs)
[2026-09-29T01:38:23.111Z INFO  blacksilk_miner] found block 1254 (reward 20.00324339 BLK, 0 txs)
[2026-09-29T01:38:31.895Z INFO  blacksilk_miner] found block 1255 (reward 20.00322431 BLK, 0 txs)
[2026-09-29T01:38:36.950Z INFO  blacksilk_miner] hash rate 25.1 H/s (full mode)
[2026-09-29T01:38:37.562Z INFO  blacksilk_miner] found block 1256 (reward 20.00354983 BLK, 1 txs)
[2026-09-29T01:38:49.921Z INFO  blacksilk_miner] found block 1257 (reward 20.00387536 BLK, 2 txs)
[2026-09-29T01:38:50.860Z INFO  blacksilk_miner] found block 1258 (reward 20.00316708 BLK, 0 txs)
[2026-09-29T01:39:00.613Z INFO  blacksilk_miner] found block 1259 (reward 20.00314800 BLK, 0 txs)
[2026-09-29T01:39:03.527Z INFO  blacksilk_miner] found block 1260 (reward 20.00312893 BLK, 0 txs)
[2026-09-29T01:39:06.245Z INFO  blacksilk_miner] found block 1261 (reward 20.00310985 BLK, 0 txs)
[2026-09-29T01:39:08.348Z INFO  blacksilk_miner] found block 1262 (reward 20.00309077 BLK, 0 txs)
[2026-09-29T01:39:20.289Z INFO  blacksilk_miner] found block 1263 (reward 20.00341630 BLK, 1 txs); not on the node's best chain
[2026-09-29T01:39:27.003Z INFO  blacksilk_miner] found block 1264 (reward 20.00305262 BLK, 0 txs)
[2026-09-29T01:39:30.838Z INFO  blacksilk_miner] found block 1265 (reward 20.00303355 BLK, 0 txs)
[2026-09-29T01:39:40.905Z INFO  blacksilk_miner] hash rate 25.1 H/s (full mode)
[2026-09-29T01:39:56.212Z INFO  blacksilk_miner] found block 1266 (reward 20.00335907 BLK, 1 txs)
[2026-09-29T01:40:02.686Z INFO  blacksilk_miner] found block 1267 (reward 20.00299539 BLK, 0 txs)
[2026-09-29T01:40:04.797Z INFO  blacksilk_miner] found block 1268 (reward 20.00297632 BLK, 0 txs)
[2026-09-29T01:40:08.577Z INFO  blacksilk_miner] found block 1269 (reward 20.00295724 BLK, 0 txs)
[2026-09-29T01:40:21.311Z INFO  blacksilk_miner] found block 1270 (reward 20.00362736 BLK, 2 txs)
[2026-09-29T01:40:40.556Z INFO  blacksilk_miner] found block 1271 (reward 20.00291909 BLK, 0 txs)
[2026-09-29T01:40:45.443Z INFO  blacksilk_miner] hash rate 26.2 H/s (full mode)
[2026-09-29T01:40:45.988Z INFO  blacksilk_miner] found block 1272 (reward 20.00290001 BLK, 0 txs)
[2026-09-29T01:41:12.804Z INFO  blacksilk_miner] found block 1273 (reward 20.00357013 BLK, 2 txs)
[2026-09-29T01:41:13.719Z INFO  blacksilk_miner] found block 1274 (reward 20.00286186 BLK, 0 txs)
[2026-09-29T01:41:16.973Z INFO  blacksilk_miner] found block 1275 (reward 20.00284278 BLK, 0 txs)
[2026-09-29T01:41:17.951Z INFO  blacksilk_miner] found block 1276 (reward 20.00316831 BLK, 1 txs)
[2026-09-29T01:41:26.606Z INFO  blacksilk_miner] found block 1277 (reward 20.00280463 BLK, 0 txs)
[2026-09-29T01:41:35.924Z INFO  blacksilk_miner] found block 1278 (reward 20.00313015 BLK, 1 txs)
[2026-09-29T01:41:40.746Z INFO  blacksilk_miner] found block 1279 (reward 20.00276648 BLK, 0 txs)
[2026-09-29T01:41:45.786Z INFO  blacksilk_miner] hash rate 25.8 H/s (full mode)
[2026-09-29T01:41:51.119Z INFO  blacksilk_miner] found block 1280 (reward 20.00274740 BLK, 0 txs)
[2026-09-29T01:42:04.687Z INFO  blacksilk_miner] found block 1281 (reward 20.00272833 BLK, 0 txs)
[2026-09-29T01:42:10.914Z INFO  blacksilk_miner] found block 1282 (reward 20.00270925 BLK, 0 txs)
[2026-09-29T01:42:14.858Z INFO  blacksilk_miner] found block 1283 (reward 20.00303477 BLK, 1 txs)
[2026-09-29T01:42:16.267Z INFO  blacksilk_miner] found block 1284 (reward 20.00267110 BLK, 0 txs)
[2026-09-29T01:42:34.225Z INFO  blacksilk_miner] found block 1285 (reward 20.00299662 BLK, 1 txs)
[2026-09-29T01:42:43.227Z INFO  blacksilk_miner] found block 1286 (reward 20.00297755 BLK, 1 txs)
[2026-09-29T01:42:47.805Z INFO  blacksilk_miner] hash rate 26.0 H/s (full mode)
[2026-09-29T01:42:48.341Z INFO  blacksilk_miner] found block 1287 (reward 20.00261387 BLK, 0 txs)
[2026-09-29T01:42:55.467Z INFO  blacksilk_miner] found block 1288 (reward 20.00259479 BLK, 0 txs)
[2026-09-29T01:43:18.890Z INFO  blacksilk_miner] found block 1289 (reward 20.00292032 BLK, 1 txs)
[2026-09-29T01:43:33.156Z INFO  blacksilk_miner] found block 1290 (reward 20.00290124 BLK, 1 txs)
[2026-09-29T01:43:45.792Z INFO  blacksilk_miner] found block 1291 (reward 20.00288217 BLK, 1 txs)
[2026-09-29T01:43:50.842Z INFO  blacksilk_miner] hash rate 26.4 H/s (full mode)
[2026-09-29T01:44:13.285Z INFO  blacksilk_miner] found block 1292 (reward 20.00320769 BLK, 2 txs)
[2026-09-29T01:44:23.899Z INFO  blacksilk_miner] found block 1293 (reward 20.00249941 BLK, 0 txs)
[2026-09-29T01:44:29.651Z INFO  blacksilk_miner] found block 1294 (reward 20.00248034 BLK, 0 txs)
[2026-09-29T01:44:41.326Z INFO  blacksilk_miner] found block 1295 (reward 20.00246126 BLK, 0 txs)
[2026-09-29T01:44:42.833Z INFO  blacksilk_miner] found block 1296 (reward 20.00244219 BLK, 0 txs)
[2026-09-29T01:44:52.974Z INFO  blacksilk_miner] hash rate 26.7 H/s (full mode)
[2026-09-29T01:44:56.639Z INFO  blacksilk_miner] found block 1297 (reward 20.00276771 BLK, 1 txs)
[2026-09-29T01:45:19.330Z INFO  blacksilk_miner] new tip at height 1298: work on template 1298 abandoned after 2.5s
[2026-09-29T01:45:34.667Z INFO  blacksilk_miner] found block 1299 (reward 20.00238496 BLK, 0 txs)
[2026-09-29T01:45:38.676Z INFO  blacksilk_miner] found block 1300 (reward 20.00271048 BLK, 1 txs)
[2026-09-29T01:45:42.817Z INFO  blacksilk_miner] found block 1301 (reward 20.00234681 BLK, 0 txs)
[2026-09-29T01:45:55.029Z INFO  blacksilk_miner] hash rate 26.9 H/s (full mode)
[2026-09-29T01:45:55.554Z INFO  blacksilk_miner] found block 1302 (reward 20.00317693 BLK, 2 txs)
[2026-09-29T01:46:06.246Z INFO  blacksilk_miner] found block 1303 (reward 20.00230866 BLK, 0 txs)
[2026-09-29T01:46:10.318Z INFO  blacksilk_miner] found block 1304 (reward 20.00228958 BLK, 0 txs)
[2026-09-29T01:46:12.975Z INFO  blacksilk_miner] found block 1305 (reward 20.00227050 BLK, 0 txs)
[2026-09-29T01:46:18.121Z INFO  blacksilk_miner] found block 1306 (reward 20.00225143 BLK, 0 txs)
[2026-09-29T01:46:36.650Z INFO  blacksilk_miner] found block 1307 (reward 20.00257695 BLK, 1 txs)
[2026-09-29T01:46:37.346Z INFO  blacksilk_miner] found block 1308 (reward 20.00221328 BLK, 0 txs)
[2026-09-29T01:46:40.230Z INFO  blacksilk_miner] found block 1309 (reward 20.00219420 BLK, 0 txs)
[2026-09-29T01:46:49.351Z INFO  blacksilk_miner] found block 1310 (reward 20.00217513 BLK, 0 txs)
[2026-09-29T01:46:57.669Z INFO  blacksilk_miner] hash rate 25.1 H/s (full mode)
[2026-09-29T01:46:58.232Z INFO  blacksilk_miner] found block 1311 (reward 20.00250065 BLK, 1 txs)
[2026-09-29T01:47:09.038Z INFO  blacksilk_miner] found block 1312 (reward 20.00248158 BLK, 1 txs)
[2026-09-29T01:47:26.702Z INFO  blacksilk_miner] found block 1313 (reward 20.00246250 BLK, 1 txs)
[2026-09-29T01:47:29.956Z INFO  blacksilk_miner] found block 1314 (reward 20.00209882 BLK, 0 txs)
[2026-09-29T01:47:47.913Z INFO  blacksilk_miner] found block 1315 (reward 20.00242435 BLK, 1 txs)
[2026-09-29T01:47:51.531Z INFO  blacksilk_miner] found block 1316 (reward 20.00206067 BLK, 0 txs)
[2026-09-29T01:47:55.580Z INFO  blacksilk_miner] found block 1317 (reward 20.00204160 BLK, 0 txs)
[2026-09-29T01:48:00.603Z INFO  blacksilk_miner] hash rate 25.8 H/s (full mode)
[2026-09-29T01:48:09.948Z INFO  blacksilk_miner] found block 1318 (reward 20.00252712 BLK, 1 txs)
[2026-09-29T01:48:12.010Z INFO  blacksilk_miner] found block 1319 (reward 20.00200345 BLK, 0 txs)
[2026-09-29T01:48:27.156Z INFO  blacksilk_miner] found block 1320 (reward 20.00264897 BLK, 1 txs)
[2026-09-29T01:48:43.598Z INFO  blacksilk_miner] found block 1321 (reward 20.00196530 BLK, 0 txs)
[2026-09-29T01:48:50.440Z INFO  blacksilk_miner] found block 1322 (reward 20.00194622 BLK, 0 txs)
[2026-09-29T01:48:56.774Z INFO  blacksilk_miner] found block 1323 (reward 20.00261635 BLK, 2 txs)
[2026-09-29T01:49:01.808Z INFO  blacksilk_miner] hash rate 26.4 H/s (full mode)
[2026-09-29T01:49:03.735Z INFO  blacksilk_miner] found block 1324 (reward 20.00190807 BLK, 0 txs)
[2026-09-29T01:49:09.951Z INFO  blacksilk_miner] new tip at height 1325: work on template 1325 abandoned after 1.2s
[2026-09-29T01:49:12.039Z INFO  blacksilk_miner] found block 1326 (reward 20.00186992 BLK, 0 txs)
[2026-09-29T01:49:13.887Z INFO  blacksilk_miner] found block 1327 (reward 20.00235544 BLK, 1 txs)
[2026-09-29T01:49:26.997Z INFO  blacksilk_miner] found block 1328 (reward 20.00183177 BLK, 0 txs)
[2026-09-29T01:49:44.679Z INFO  blacksilk_miner] found block 1329 (reward 20.00181269 BLK, 0 txs)
[2026-09-29T01:49:50.003Z INFO  blacksilk_miner] found block 1330 (reward 20.00213822 BLK, 1 txs)
[2026-09-29T01:49:53.768Z INFO  blacksilk_miner] found block 1331 (reward 20.00177454 BLK, 0 txs)
[2026-09-29T01:49:56.716Z INFO  blacksilk_miner] found block 1332 (reward 20.00175547 BLK, 0 txs)
[2026-09-29T01:49:57.809Z INFO  blacksilk_miner] found block 1333 (reward 20.00208099 BLK, 1 txs)
[2026-09-29T01:49:59.089Z INFO  blacksilk_miner] found block 1334 (reward 20.00171732 BLK, 0 txs)
[2026-09-29T01:50:01.818Z INFO  blacksilk_miner] hash rate 24.5 H/s (full mode)
[2026-09-29T01:50:02.414Z INFO  blacksilk_miner] found block 1335 (reward 20.00169824 BLK, 0 txs)
[2026-09-29T01:50:24.976Z INFO  blacksilk_miner] found block 1336 (reward 20.00202377 BLK, 1 txs)
[2026-09-29T01:50:38.912Z INFO  blacksilk_miner] found block 1337 (reward 20.00166009 BLK, 0 txs)
[2026-09-29T01:50:50.478Z INFO  blacksilk_miner] found block 1338 (reward 20.00198562 BLK, 1 txs)
[2026-09-29T01:51:05.627Z INFO  blacksilk_miner] hash rate 26.4 H/s (full mode)
[2026-09-29T01:51:16.376Z INFO  blacksilk_miner] found block 1339 (reward 20.00196654 BLK, 1 txs)
[2026-09-29T01:51:17.251Z INFO  blacksilk_miner] found block 1340 (reward 20.00194747 BLK, 1 txs)
[2026-09-29T01:51:20.986Z INFO  blacksilk_miner] found block 1341 (reward 20.00158379 BLK, 0 txs)
[2026-09-29T01:51:42.540Z INFO  blacksilk_miner] found block 1342 (reward 20.00156472 BLK, 0 txs)
[2026-09-29T01:52:07.833Z INFO  blacksilk_miner] hash rate 26.7 H/s (full mode)
[2026-09-29T01:52:15.460Z INFO  blacksilk_miner] new tip at height 1343: work on template 1343 abandoned after 2.5s
[2026-09-29T01:52:31.528Z INFO  blacksilk_miner] found block 1344 (reward 20.00152657 BLK, 0 txs)
[2026-09-29T01:52:34.847Z INFO  blacksilk_miner] found block 1345 (reward 20.00150749 BLK, 0 txs)
[2026-09-29T01:52:38.699Z INFO  blacksilk_miner] found block 1346 (reward 20.00183302 BLK, 1 txs)
[2026-09-29T01:52:54.857Z INFO  blacksilk_miner] found block 1347 (reward 20.00181394 BLK, 1 txs)
[2026-09-29T01:52:55.646Z INFO  blacksilk_miner] found block 1348 (reward 20.00145027 BLK, 0 txs)
[2026-09-29T01:53:10.876Z INFO  blacksilk_miner] hash rate 26.0 H/s (full mode)
[2026-09-29T01:53:16.980Z INFO  blacksilk_miner] found block 1349 (reward 20.00143119 BLK, 0 txs)
[2026-09-29T01:53:22.982Z INFO  blacksilk_miner] found block 1350 (reward 20.00141212 BLK, 0 txs)
[2026-09-29T01:53:23.942Z INFO  blacksilk_miner] found block 1351 (reward 20.00139304 BLK, 0 txs)
[2026-09-29T01:53:26.906Z INFO  blacksilk_miner] found block 1352 (reward 20.00171857 BLK, 1 txs)
[2026-09-29T01:53:28.076Z INFO  blacksilk_miner] found block 1353 (reward 20.00135489 BLK, 0 txs)
[2026-09-29T01:53:30.847Z INFO  blacksilk_miner] found block 1354 (reward 20.00133582 BLK, 0 txs)
[2026-09-29T01:53:32.278Z INFO  blacksilk_miner] found block 1355 (reward 20.00131674 BLK, 0 txs)
[2026-09-29T01:54:12.695Z INFO  blacksilk_miner] hash rate 25.5 H/s (full mode)
[2026-09-29T01:54:20.043Z INFO  blacksilk_miner] found block 1356 (reward 20.00278687 BLK, 2 txs)
[2026-09-29T01:54:53.489Z INFO  blacksilk_miner] found block 1357 (reward 20.00247239 BLK, 3 txs)
[2026-09-29T01:55:08.738Z INFO  blacksilk_miner] found block 1358 (reward 20.00125952 BLK, 0 txs)
[2026-09-29T01:55:11.966Z INFO  blacksilk_miner] found block 1359 (reward 20.00124045 BLK, 0 txs)
[2026-09-29T01:55:17.038Z INFO  blacksilk_miner] hash rate 26.3 H/s (full mode)
[2026-09-29T01:55:38.462Z INFO  blacksilk_miner] found block 1360 (reward 20.00191057 BLK, 2 txs)
[2026-09-29T01:55:50.488Z INFO  blacksilk_miner] found block 1361 (reward 20.00218690 BLK, 1 txs)
[2026-09-29T01:55:54.235Z INFO  blacksilk_miner] found block 1362 (reward 20.00118322 BLK, 0 txs)
[2026-09-29T01:56:01.765Z INFO  blacksilk_miner] found block 1363 (reward 20.00116415 BLK, 0 txs)
[2026-09-29T01:56:06.658Z INFO  blacksilk_miner] found block 1364 (reward 20.00114507 BLK, 0 txs)
[2026-09-29T01:56:14.689Z INFO  blacksilk_miner] found block 1365 (reward 20.00112600 BLK, 0 txs)
[2026-09-29T01:56:18.251Z INFO  blacksilk_miner] hash rate 26.0 H/s (full mode)
[2026-09-29T01:56:18.772Z INFO  blacksilk_miner] found block 1366 (reward 20.00110692 BLK, 0 txs)
[2026-09-29T01:56:30.200Z INFO  blacksilk_miner] found block 1367 (reward 20.00143245 BLK, 1 txs)
[2026-09-29T01:56:31.049Z INFO  blacksilk_miner] found block 1368 (reward 20.00106877 BLK, 0 txs)
[2026-09-29T01:56:33.412Z INFO  blacksilk_miner] found block 1369 (reward 20.00104970 BLK, 0 txs)
[2026-09-29T01:56:39.615Z INFO  blacksilk_miner] found block 1370 (reward 20.00137523 BLK, 1 txs)
[2026-09-29T01:56:48.336Z INFO  blacksilk_miner] found block 1371 (reward 20.00101155 BLK, 0 txs)
[2026-09-29T01:56:55.504Z INFO  blacksilk_miner] found block 1372 (reward 20.00099248 BLK, 0 txs)
[2026-09-29T01:57:00.286Z INFO  blacksilk_miner] found block 1373 (reward 20.00097340 BLK, 0 txs)
[2026-09-29T01:57:07.917Z INFO  blacksilk_miner] found block 1374 (reward 20.00095433 BLK, 0 txs)
[2026-09-29T01:57:23.111Z INFO  blacksilk_miner] hash rate 25.3 H/s (full mode)
[2026-09-29T01:57:26.446Z INFO  blacksilk_miner] found block 1375 (reward 20.00127985 BLK, 1 txs)
[2026-09-29T01:57:46.605Z INFO  blacksilk_miner] found block 1376 (reward 20.00126078 BLK, 1 txs)
[2026-09-29T01:57:56.874Z INFO  blacksilk_miner] found block 1377 (reward 20.00124170 BLK, 1 txs)
[2026-09-29T01:58:02.252Z INFO  blacksilk_miner] found block 1378 (reward 20.00087803 BLK, 0 txs)
[2026-09-29T01:58:09.814Z INFO  blacksilk_miner] found block 1379 (reward 20.00085896 BLK, 0 txs)
[2026-09-29T01:58:11.183Z INFO  blacksilk_miner] found block 1380 (reward 20.00083988 BLK, 0 txs)
[2026-09-29T01:58:12.439Z INFO  blacksilk_miner] found block 1381 (reward 20.00082081 BLK, 0 txs)
[2026-09-29T01:58:27.643Z INFO  blacksilk_miner] hash rate 25.8 H/s (full mode)
[2026-09-29T01:58:41.313Z INFO  blacksilk_miner] found block 1382 (reward 20.00114633 BLK, 1 txs)
[2026-09-29T01:58:49.403Z INFO  blacksilk_miner] found block 1383 (reward 20.00078266 BLK, 0 txs)
[2026-09-29T01:58:51.331Z INFO  blacksilk_miner] found block 1384 (reward 20.00110818 BLK, 1 txs)
[2026-09-29T01:58:56.965Z INFO  blacksilk_miner] new tip at height 1385: work on template 1385 abandoned after 577.4ms
[2026-09-29T01:58:59.843Z INFO  blacksilk_miner] found block 1386 (reward 20.00072544 BLK, 0 txs)
[2026-09-29T01:59:03.387Z INFO  blacksilk_miner] found block 1387 (reward 20.00070636 BLK, 0 txs)
[2026-09-29T01:59:20.942Z INFO  blacksilk_miner] found block 1388 (reward 20.00103189 BLK, 1 txs)
[2026-09-29T01:59:21.898Z INFO  blacksilk_miner] found block 1389 (reward 20.00066821 BLK, 0 txs)
[2026-09-29T01:59:32.029Z INFO  blacksilk_miner] hash rate 28.3 H/s (full mode)
[2026-09-29T01:59:33.491Z INFO  blacksilk_miner] found block 1390 (reward 20.00064914 BLK, 0 txs)
[2026-09-29T01:59:42.945Z INFO  blacksilk_miner] found block 1391 (reward 20.00097466 BLK, 1 txs)
[2026-09-29T01:59:57.618Z INFO  blacksilk_miner] found block 1392 (reward 20.00061099 BLK, 0 txs)
[2026-09-29T02:00:07.758Z INFO  blacksilk_miner] found block 1393 (reward 20.00059192 BLK, 0 txs)
[2026-09-29T02:00:27.647Z INFO  blacksilk_miner] found block 1394 (reward 20.00091744 BLK, 1 txs)
[2026-09-29T02:00:28.325Z INFO  blacksilk_miner] found block 1395 (reward 20.00089837 BLK, 1 txs)
[2026-09-29T02:00:33.384Z INFO  blacksilk_miner] hash rate 29.5 H/s (full mode)
[2026-09-29T02:00:51.342Z INFO  blacksilk_miner] found block 1396 (reward 20.00087929 BLK, 1 txs)
[2026-09-29T02:00:57.770Z INFO  blacksilk_miner] found block 1397 (reward 20.00051562 BLK, 0 txs)
[2026-09-29T02:01:08.821Z INFO  blacksilk_miner] found block 1398 (reward 20.00084115 BLK, 1 txs)
[2026-09-29T02:01:18.965Z INFO  blacksilk_miner] found block 1399 (reward 20.00047747 BLK, 0 txs)
[2026-09-29T02:01:22.145Z INFO  blacksilk_miner] found block 1400 (reward 20.00045840 BLK, 0 txs)
[2026-09-29T02:01:25.839Z INFO  blacksilk_miner] found block 1401 (reward 20.00043932 BLK, 0 txs)
[2026-09-29T02:01:35.986Z INFO  blacksilk_miner] hash rate 26.0 H/s (full mode)
[2026-09-29T02:01:38.874Z INFO  blacksilk_miner] found block 1402 (reward 20.00076485 BLK, 1 txs)
[2026-09-29T02:01:41.372Z INFO  blacksilk_miner] found block 1403 (reward 20.00040118 BLK, 0 txs)
[2026-09-29T02:01:47.872Z INFO  blacksilk_miner] found block 1404 (reward 20.00088670 BLK, 1 txs)
[2026-09-29T02:01:54.876Z INFO  blacksilk_miner] found block 1405 (reward 20.00036303 BLK, 0 txs)
[2026-09-29T02:02:03.335Z INFO  blacksilk_miner] found block 1406 (reward 20.00034396 BLK, 0 txs)
[2026-09-29T02:02:20.110Z INFO  blacksilk_miner] found block 1407 (reward 20.00066948 BLK, 1 txs)
[2026-09-29T02:02:33.054Z INFO  blacksilk_miner] found block 1408 (reward 20.00065041 BLK, 1 txs)
[2026-09-29T02:02:38.079Z INFO  blacksilk_miner] hash rate 27.7 H/s (full mode)
[2026-09-29T02:02:40.802Z INFO  blacksilk_miner] found block 1409 (reward 20.00028673 BLK, 0 txs)
[2026-09-29T02:02:56.718Z INFO  blacksilk_miner] found block 1410 (reward 20.00095686 BLK, 2 txs)
[2026-09-29T02:03:12.067Z INFO  blacksilk_miner] found block 1411 (reward 20.00059319 BLK, 1 txs)
[2026-09-29T02:03:15.605Z INFO  blacksilk_miner] found block 1412 (reward 20.00022951 BLK, 0 txs)
[2026-09-29T02:03:18.399Z INFO  blacksilk_miner] found block 1413 (reward 20.00021044 BLK, 0 txs)
[2026-09-29T02:03:21.336Z INFO  blacksilk_miner] found block 1414 (reward 20.00019137 BLK, 0 txs)
[2026-09-29T02:03:23.192Z INFO  blacksilk_miner] found block 1415 (reward 20.00017229 BLK, 0 txs)
[2026-09-29T02:03:24.619Z INFO  blacksilk_miner] found block 1416 (reward 20.00015322 BLK, 0 txs)
[2026-09-29T02:03:25.863Z INFO  blacksilk_miner] found block 1417 (reward 20.00013414 BLK, 0 txs)
[2026-09-29T02:03:34.327Z INFO  blacksilk_miner] found block 1418 (reward 20.00011507 BLK, 0 txs)
[2026-09-29T02:03:36.465Z INFO  blacksilk_miner] found block 1419 (reward 20.00009600 BLK, 0 txs)
[2026-09-29T02:03:41.485Z INFO  blacksilk_miner] hash rate 26.1 H/s (full mode)
[2026-09-29T02:04:04.639Z INFO  blacksilk_miner] found block 1420 (reward 20.00111072 BLK, 3 txs)
[2026-09-29T02:04:26.633Z INFO  blacksilk_miner] found block 1421 (reward 20.00005785 BLK, 0 txs)
[2026-09-29T02:04:38.926Z INFO  blacksilk_miner] found block 1422 (reward 20.00003878 BLK, 0 txs)
[2026-09-29T02:04:44.004Z INFO  blacksilk_miner] hash rate 26.9 H/s (full mode)
[2026-09-29T02:04:47.470Z INFO  blacksilk_miner] found block 1423 (reward 20.00001970 BLK, 0 txs)
[2026-09-29T02:04:54.236Z INFO  blacksilk_miner] found block 1424 (reward 20.00000063 BLK, 0 txs)
[2026-09-29T02:05:14.548Z INFO  blacksilk_miner] found block 1425 (reward 20.00032616 BLK, 1 txs)
[2026-09-29T02:05:35.108Z INFO  blacksilk_miner] found block 1426 (reward 20.00099628 BLK, 3 txs)
[2026-09-29T02:05:45.225Z INFO  blacksilk_miner] hash rate 29.5 H/s (full mode)
[2026-09-29T02:06:13.990Z INFO  blacksilk_miner] found block 1427 (reward 19.99994341 BLK, 0 txs)
[2026-09-29T02:06:15.731Z INFO  blacksilk_miner] found block 1428 (reward 20.00026894 BLK, 1 txs)
[2026-09-29T02:06:18.950Z INFO  blacksilk_miner] found block 1429 (reward 20.00024986 BLK, 1 txs)
[2026-09-29T02:06:27.049Z INFO  blacksilk_miner] found block 1430 (reward 20.00023079 BLK, 1 txs)
[2026-09-29T02:06:37.837Z INFO  blacksilk_miner] found block 1431 (reward 19.99986712 BLK, 0 txs)
[2026-09-29T02:06:47.947Z INFO  blacksilk_miner] hash rate 30.4 H/s (full mode)
[2026-09-29T02:06:48.422Z INFO  blacksilk_miner] found block 1432 (reward 19.99984804 BLK, 0 txs)
[2026-09-29T02:06:52.685Z INFO  blacksilk_miner] found block 1433 (reward 20.00017357 BLK, 1 txs)
[2026-09-29T02:07:05.359Z INFO  blacksilk_miner] found block 1434 (reward 20.00015450 BLK, 1 txs)
[2026-09-29T02:07:08.697Z INFO  blacksilk_miner] found block 1435 (reward 19.99979082 BLK, 0 txs)
[2026-09-29T02:07:17.191Z INFO  blacksilk_miner] found block 1436 (reward 19.99977175 BLK, 0 txs)
[2026-09-29T02:07:27.401Z INFO  blacksilk_miner] found block 1437 (reward 19.99975268 BLK, 0 txs)
[2026-09-29T02:07:28.078Z INFO  blacksilk_miner] found block 1438 (reward 19.99973360 BLK, 0 txs)
[2026-09-29T02:07:32.699Z INFO  blacksilk_miner] found block 1439 (reward 19.99971453 BLK, 0 txs)
[2026-09-29T02:07:36.117Z INFO  blacksilk_miner] found block 1440 (reward 19.99969546 BLK, 0 txs)
[2026-09-29T02:07:39.007Z INFO  blacksilk_miner] found block 1441 (reward 19.99967638 BLK, 0 txs)
[2026-09-29T02:07:49.091Z INFO  blacksilk_miner] hash rate 27.0 H/s (full mode)
[2026-09-29T02:07:55.370Z INFO  blacksilk_miner] found block 1442 (reward 20.00000191 BLK, 1 txs)
[2026-09-29T02:08:12.367Z INFO  blacksilk_miner] found block 1443 (reward 20.00014284 BLK, 1 txs)
[2026-09-29T02:08:53.562Z INFO  blacksilk_miner] hash rate 17.5 H/s (full mode)
[2026-09-29T02:09:14.453Z INFO  blacksilk_miner] found block 1444 (reward 20.00065296 BLK, 3 txs)
[2026-09-29T02:09:22.565Z INFO  blacksilk_miner] found block 1445 (reward 19.99994469 BLK, 1 txs)
[2026-09-29T02:09:24.013Z INFO  blacksilk_miner] found block 1446 (reward 19.99958102 BLK, 0 txs)
[2026-09-29T02:09:27.029Z INFO  blacksilk_miner] found block 1447 (reward 19.99956194 BLK, 0 txs)
[2026-09-29T02:09:31.303Z INFO  blacksilk_miner] found block 1448 (reward 19.99954287 BLK, 0 txs)
[2026-09-29T02:09:37.037Z INFO  blacksilk_miner] found block 1449 (reward 19.99952380 BLK, 0 txs)
[2026-09-29T02:09:40.098Z INFO  blacksilk_miner] found block 1450 (reward 19.99950472 BLK, 0 txs)
[2026-09-29T02:09:48.569Z INFO  blacksilk_miner] found block 1451 (reward 19.99948565 BLK, 0 txs)
[2026-09-29T02:09:53.834Z INFO  blacksilk_miner] hash rate 15.0 H/s (full mode)
[2026-09-29T02:10:33.030Z INFO  blacksilk_miner] found block 1452 (reward 20.00116498 BLK, 4 txs)
[2026-09-29T02:10:41.590Z INFO  blacksilk_miner] found block 1453 (reward 19.99944751 BLK, 0 txs)
[2026-09-29T02:10:48.915Z INFO  blacksilk_miner] found block 1454 (reward 19.99942843 BLK, 0 txs)
[2026-09-29T02:10:54.069Z INFO  blacksilk_miner] hash rate 16.5 H/s (full mode)
[2026-09-29T02:11:27.067Z INFO  blacksilk_miner] found block 1455 (reward 20.00041856 BLK, 2 txs)
[2026-09-29T02:11:46.104Z INFO  blacksilk_miner] found block 1456 (reward 19.99939029 BLK, 0 txs)
[2026-09-29T02:11:54.578Z INFO  blacksilk_miner] hash rate 21.0 H/s (full mode)
[2026-09-29T02:11:55.123Z INFO  blacksilk_miner] found block 1457 (reward 19.99971581 BLK, 1 txs)
[2026-09-29T02:12:15.317Z INFO  blacksilk_miner] found block 1458 (reward 20.00052134 BLK, 2 txs)
[2026-09-29T02:12:29.788Z INFO  blacksilk_miner] found block 1459 (reward 19.99933307 BLK, 0 txs)
[2026-09-29T02:12:34.921Z INFO  blacksilk_miner] found block 1460 (reward 19.99931400 BLK, 0 txs)
[2026-09-29T02:12:45.098Z INFO  blacksilk_miner] found block 1461 (reward 19.99929492 BLK, 0 txs)
[2026-09-29T02:12:54.620Z INFO  blacksilk_miner] hash rate 24.7 H/s (full mode)
[2026-09-29T02:12:55.099Z INFO  blacksilk_miner] found block 1462 (reward 19.99927585 BLK, 0 txs)
[2026-09-29T02:13:06.740Z INFO  blacksilk_miner] found block 1463 (reward 19.99960138 BLK, 1 txs)
[2026-09-29T02:13:16.020Z INFO  blacksilk_miner] found block 1464 (reward 19.99923770 BLK, 0 txs)
[2026-09-29T02:13:16.956Z INFO  blacksilk_miner] found block 1465 (reward 19.99921863 BLK, 0 txs)
[2026-09-29T02:13:17.609Z INFO  blacksilk_miner] found block 1466 (reward 19.99919956 BLK, 0 txs)
[2026-09-29T02:13:24.470Z INFO  blacksilk_miner] found block 1467 (reward 19.99918049 BLK, 0 txs)
[2026-09-29T02:13:39.810Z INFO  blacksilk_miner] found block 1468 (reward 19.99916141 BLK, 0 txs)
[2026-09-29T02:13:45.896Z INFO  blacksilk_miner] found block 1469 (reward 19.99964694 BLK, 1 txs)
[2026-09-29T02:13:49.844Z INFO  blacksilk_miner] found block 1470 (reward 19.99912327 BLK, 0 txs)
[2026-09-29T02:13:51.094Z INFO  blacksilk_miner] found block 1471 (reward 19.99944880 BLK, 1 txs)
[2026-09-29T02:13:55.969Z INFO  blacksilk_miner] hash rate 25.6 H/s (full mode)
[2026-09-29T02:13:57.008Z INFO  blacksilk_miner] found block 1472 (reward 19.99908512 BLK, 0 txs)
[2026-09-29T02:14:39.215Z INFO  blacksilk_miner] found block 1473 (reward 20.00039525 BLK, 2 txs)
[2026-09-29T02:14:42.388Z INFO  blacksilk_miner] found block 1474 (reward 19.99904698 BLK, 0 txs)
[2026-09-29T02:14:51.062Z INFO  blacksilk_miner] found block 1475 (reward 20.00003711 BLK, 2 txs)
[2026-09-29T02:14:56.150Z INFO  blacksilk_miner] hash rate 16.7 H/s (full mode)
[2026-09-29T02:14:58.033Z INFO  blacksilk_miner] found block 1476 (reward 19.99900883 BLK, 0 txs)
[2026-09-29T02:15:11.177Z INFO  blacksilk_miner] found block 1477 (reward 19.99898976 BLK, 0 txs)
[2026-09-29T02:15:23.985Z INFO  blacksilk_miner] found block 1478 (reward 19.99897069 BLK, 0 txs)
[2026-09-29T02:15:47.280Z INFO  blacksilk_miner] found block 1479 (reward 19.99929621 BLK, 1 txs)
[2026-09-29T02:15:57.513Z INFO  blacksilk_miner] hash rate 16.5 H/s (full mode)
[2026-09-29T02:16:04.255Z INFO  blacksilk_miner] found block 1480 (reward 19.99893254 BLK, 0 txs)
[2026-09-29T02:16:09.758Z INFO  blacksilk_miner] found block 1481 (reward 19.99941807 BLK, 1 txs)
[2026-09-29T02:16:29.690Z INFO  blacksilk_miner] found block 1482 (reward 19.99889440 BLK, 0 txs)
[2026-09-29T02:16:51.648Z INFO  blacksilk_miner] found block 1483 (reward 19.99921993 BLK, 1 txs)
[2026-09-29T02:16:53.309Z INFO  blacksilk_miner] found block 1484 (reward 19.99885625 BLK, 0 txs)
[2026-09-29T02:16:56.833Z INFO  blacksilk_miner] found block 1485 (reward 19.99883718 BLK, 0 txs)
[2026-09-29T02:17:01.977Z INFO  blacksilk_miner] hash rate 15.9 H/s (full mode)
[2026-09-29T02:17:20.116Z INFO  blacksilk_miner] found block 1486 (reward 19.99881811 BLK, 0 txs)
[2026-09-29T02:17:22.602Z INFO  blacksilk_miner] found block 1487 (reward 19.99879904 BLK, 0 txs)
[2026-09-29T02:17:45.797Z INFO  blacksilk_miner] found block 1488 (reward 19.99877996 BLK, 0 txs)
[2026-09-29T02:18:06.545Z INFO  blacksilk_miner] hash rate 16.0 H/s (full mode)
[2026-09-29T02:18:08.499Z INFO  blacksilk_miner] found block 1489 (reward 19.99876089 BLK, 0 txs)
[2026-09-29T02:18:10.531Z INFO  blacksilk_miner] found block 1490 (reward 19.99874182 BLK, 0 txs)
[2026-09-29T02:18:36.898Z INFO  blacksilk_miner] found block 1491 (reward 19.99872275 BLK, 0 txs)
[2026-09-29T02:18:38.198Z INFO  blacksilk_miner] found block 1492 (reward 19.99870367 BLK, 0 txs)
[2026-09-29T02:18:43.829Z INFO  blacksilk_miner] found block 1493 (reward 19.99868460 BLK, 0 txs)
[2026-09-29T02:18:56.035Z INFO  blacksilk_miner] found block 1494 (reward 19.99935473 BLK, 2 txs)
[2026-09-29T02:19:02.918Z INFO  blacksilk_miner] found block 1495 (reward 20.00002486 BLK, 4 txs)
[2026-09-29T02:19:07.976Z INFO  blacksilk_miner] hash rate 19.1 H/s (full mode)
[2026-09-29T02:19:34.852Z INFO  blacksilk_miner] new tip at height 1496: work on template 1496 abandoned after 1.5s
[2026-09-29T02:19:54.190Z INFO  blacksilk_miner] found block 1497 (reward 19.99860831 BLK, 0 txs)
[2026-09-29T02:19:54.903Z INFO  blacksilk_miner] found block 1498 (reward 19.99925384 BLK, 1 txs)
[2026-09-29T02:19:57.290Z INFO  blacksilk_miner] found block 1499 (reward 19.99857017 BLK, 0 txs)
[2026-09-29T02:20:07.868Z INFO  blacksilk_miner] found block 1500 (reward 19.99889570 BLK, 1 txs)
[2026-09-29T02:20:11.263Z INFO  blacksilk_miner] hash rate 25.1 H/s (full mode)
[2026-09-29T02:20:11.823Z INFO  blacksilk_miner] found block 1501 (reward 19.99853202 BLK, 0 txs)
[2026-09-29T02:20:15.975Z INFO  blacksilk_miner] found block 1502 (reward 19.99851295 BLK, 0 txs)
[2026-09-29T02:20:25.575Z INFO  blacksilk_miner] found block 1503 (reward 19.99883848 BLK, 1 txs)
[2026-09-29T02:20:28.329Z INFO  blacksilk_miner] found block 1504 (reward 19.99847481 BLK, 0 txs)
[2026-09-29T02:20:29.556Z INFO  blacksilk_miner] found block 1505 (reward 19.99845574 BLK, 0 txs)
[2026-09-29T02:20:30.250Z INFO  blacksilk_miner] found block 1506 (reward 19.99843666 BLK, 0 txs)
[2026-09-29T02:20:45.300Z INFO  blacksilk_miner] found block 1507 (reward 19.99841759 BLK, 0 txs)
[2026-09-29T02:20:54.834Z INFO  blacksilk_miner] found block 1508 (reward 19.99839852 BLK, 0 txs)
[2026-09-29T02:21:00.808Z INFO  blacksilk_miner] found block 1509 (reward 19.99837945 BLK, 0 txs)
[2026-09-29T02:21:01.955Z INFO  blacksilk_miner] found block 1510 (reward 19.99836038 BLK, 0 txs)
[2026-09-29T02:21:05.379Z INFO  blacksilk_miner] found block 1511 (reward 19.99834130 BLK, 0 txs)
[2026-09-29T02:21:09.475Z INFO  blacksilk_miner] found block 1512 (reward 19.99866683 BLK, 1 txs)
[2026-09-29T02:21:14.504Z INFO  blacksilk_miner] hash rate 23.1 H/s (full mode)
[2026-09-29T02:21:21.692Z INFO  blacksilk_miner] found block 1513 (reward 19.99830316 BLK, 0 txs)
[2026-09-29T02:21:24.243Z INFO  blacksilk_miner] found block 1514 (reward 19.99878869 BLK, 1 txs)
[2026-09-29T02:22:02.156Z INFO  blacksilk_miner] found block 1515 (reward 19.99860962 BLK, 1 txs)
[2026-09-29T02:22:03.906Z INFO  blacksilk_miner] found block 1516 (reward 19.99824595 BLK, 0 txs)
[2026-09-29T02:22:06.173Z INFO  blacksilk_miner] found block 1517 (reward 19.99822687 BLK, 0 txs)
[2026-09-29T02:22:16.350Z INFO  blacksilk_miner] hash rate 24.0 H/s (full mode)
[2026-09-29T02:22:19.908Z INFO  blacksilk_miner] found block 1518 (reward 19.99855240 BLK, 1 txs)
[2026-09-29T02:22:31.688Z INFO  blacksilk_miner] found block 1519 (reward 19.99853333 BLK, 1 txs)
[2026-09-29T02:22:39.398Z INFO  blacksilk_miner] found block 1520 (reward 19.99816966 BLK, 0 txs)
[2026-09-29T02:22:41.578Z INFO  blacksilk_miner] found block 1521 (reward 19.99815059 BLK, 0 txs)
[2026-09-29T02:22:43.776Z INFO  blacksilk_miner] found block 1522 (reward 19.99813151 BLK, 0 txs)
[2026-09-29T02:22:46.031Z INFO  blacksilk_miner] found block 1523 (reward 19.99845704 BLK, 1 txs)
[2026-09-29T02:22:54.336Z INFO  blacksilk_miner] found block 1524 (reward 19.99809337 BLK, 0 txs)
[2026-09-29T02:23:05.576Z INFO  blacksilk_miner] found block 1525 (reward 19.99807430 BLK, 0 txs)
[2026-09-29T02:23:21.477Z INFO  blacksilk_miner] hash rate 18.5 H/s (full mode)
[2026-09-29T02:24:02.280Z INFO  blacksilk_miner] found block 1526 (reward 19.99970443 BLK, 2 txs)
[2026-09-29T02:24:06.223Z INFO  blacksilk_miner] found block 1527 (reward 19.99803616 BLK, 0 txs)
[2026-09-29T02:24:20.355Z INFO  blacksilk_miner] found block 1528 (reward 19.99852168 BLK, 1 txs)
[2026-09-29T02:24:25.449Z INFO  blacksilk_miner] hash rate 16.1 H/s (full mode)
[2026-09-29T02:24:34.733Z INFO  blacksilk_miner] found block 1529 (reward 19.99799801 BLK, 0 txs)
[2026-09-29T02:24:35.595Z INFO  blacksilk_miner] found block 1530 (reward 19.99832354 BLK, 1 txs)
[2026-09-29T02:24:46.159Z INFO  blacksilk_miner] found block 1531 (reward 19.99830447 BLK, 1 txs)
[2026-09-29T02:25:03.010Z INFO  blacksilk_miner] found block 1532 (reward 19.99794080 BLK, 0 txs)
[2026-09-29T02:25:09.686Z INFO  blacksilk_miner] found block 1533 (reward 19.99792173 BLK, 0 txs)
[2026-09-29T02:25:11.283Z INFO  blacksilk_miner] found block 1534 (reward 19.99790266 BLK, 0 txs)
[2026-09-29T02:25:15.989Z INFO  blacksilk_miner] found block 1535 (reward 19.99788358 BLK, 0 txs)
[2026-09-29T02:25:26.206Z INFO  blacksilk_miner] hash rate 23.5 H/s (full mode)
[2026-09-29T02:25:28.946Z INFO  blacksilk_miner] found block 1536 (reward 19.99852911 BLK, 1 txs)
[2026-09-29T02:25:34.981Z INFO  blacksilk_miner] found block 1537 (reward 19.99784544 BLK, 0 txs)
[2026-09-29T02:26:07.644Z INFO  blacksilk_miner] found block 1538 (reward 19.99851557 BLK, 2 txs)
[2026-09-29T02:26:27.929Z INFO  blacksilk_miner] hash rate 24.9 H/s (full mode)
[2026-09-29T02:26:29.216Z INFO  blacksilk_miner] found block 1539 (reward 19.99815190 BLK, 1 txs)
[2026-09-29T02:26:31.989Z INFO  blacksilk_miner] found block 1540 (reward 19.99778823 BLK, 0 txs)
[2026-09-29T02:26:35.688Z INFO  blacksilk_miner] found block 1541 (reward 19.99776916 BLK, 0 txs)
[2026-09-29T02:26:51.019Z INFO  blacksilk_miner] found block 1542 (reward 19.99809468 BLK, 1 txs)
[2026-09-29T02:26:54.203Z INFO  blacksilk_miner] found block 1543 (reward 19.99773101 BLK, 0 txs)
[2026-09-29T02:26:59.017Z INFO  blacksilk_miner] found block 1544 (reward 19.99771194 BLK, 0 txs)
[2026-09-29T02:27:21.930Z INFO  blacksilk_miner] found block 1545 (reward 19.99803747 BLK, 1 txs)
[2026-09-29T02:27:22.837Z INFO  blacksilk_miner] found block 1546 (reward 19.99767380 BLK, 0 txs)
[2026-09-29T02:27:27.237Z INFO  blacksilk_miner] found block 1547 (reward 19.99765473 BLK, 0 txs)
[2026-09-29T02:27:30.776Z INFO  blacksilk_miner] hash rate 26.1 H/s (full mode)
[2026-09-29T02:27:31.281Z INFO  blacksilk_miner] found block 1548 (reward 19.99798026 BLK, 1 txs)
[2026-09-29T02:27:35.274Z INFO  blacksilk_miner] found block 1549 (reward 19.99761658 BLK, 0 txs)
[2026-09-29T02:27:38.092Z INFO  blacksilk_miner] found block 1550 (reward 19.99759751 BLK, 0 txs)
[2026-09-29T02:27:50.270Z INFO  blacksilk_miner] found block 1551 (reward 19.99792304 BLK, 1 txs)
[2026-09-29T02:27:53.674Z INFO  blacksilk_miner] found block 1552 (reward 19.99755937 BLK, 0 txs)
[2026-09-29T02:28:02.367Z INFO  blacksilk_miner] found block 1553 (reward 19.99788490 BLK, 1 txs)
[2026-09-29T02:28:03.972Z INFO  blacksilk_miner] found block 1554 (reward 19.99752123 BLK, 0 txs)
[2026-09-29T02:28:13.727Z INFO  blacksilk_miner] found block 1555 (reward 19.99750216 BLK, 0 txs)
[2026-09-29T02:28:34.078Z INFO  blacksilk_miner] hash rate 22.5 H/s (full mode)
[2026-09-29T02:28:35.487Z INFO  blacksilk_miner] found block 1556 (reward 19.99782769 BLK, 1 txs)
[2026-09-29T02:28:37.657Z INFO  blacksilk_miner] found block 1557 (reward 19.99796862 BLK, 1 txs)
[2026-09-29T02:28:58.998Z INFO  blacksilk_miner] new tip at height 1558: work on template 1558 abandoned after 422.0ms
[2026-09-29T02:29:05.993Z INFO  blacksilk_miner] found block 1559 (reward 19.99742587 BLK, 0 txs)
[2026-09-29T02:29:15.398Z INFO  blacksilk_miner] found block 1560 (reward 19.99775140 BLK, 1 txs)
[2026-09-29T02:29:23.970Z INFO  blacksilk_miner] found block 1561 (reward 19.99738773 BLK, 0 txs)
[2026-09-29T02:29:34.363Z INFO  blacksilk_miner] hash rate 12.9 H/s (full mode)
[2026-09-29T02:29:51.856Z INFO  blacksilk_miner] new tip at height 1562: work on template 1562 abandoned after 1.7s
[2026-09-29T02:29:58.065Z INFO  blacksilk_miner] found block 1563 (reward 19.99734959 BLK, 0 txs)
[2026-09-29T02:30:02.258Z INFO  blacksilk_miner] found block 1564 (reward 19.99783512 BLK, 1 txs)
[2026-09-29T02:30:10.506Z INFO  blacksilk_miner] found block 1565 (reward 19.99731145 BLK, 0 txs)
[2026-09-29T02:30:36.359Z INFO  blacksilk_miner] hash rate 14.3 H/s (full mode)
[2026-09-29T02:30:56.161Z INFO  blacksilk_miner] found block 1566 (reward 19.99763698 BLK, 1 txs)
[2026-09-29T02:30:59.053Z INFO  blacksilk_miner] found block 1567 (reward 19.99727331 BLK, 0 txs)
[2026-09-29T02:31:00.250Z INFO  blacksilk_miner] found block 1568 (reward 19.99725423 BLK, 0 txs)
[2026-09-29T02:31:07.571Z INFO  blacksilk_miner] found block 1569 (reward 19.99723516 BLK, 0 txs)
[2026-09-29T02:31:10.503Z INFO  blacksilk_miner] found block 1570 (reward 19.99721609 BLK, 0 txs)
[2026-09-29T02:31:12.460Z INFO  blacksilk_miner] found block 1571 (reward 19.99719702 BLK, 0 txs)
[2026-09-29T02:31:14.519Z INFO  blacksilk_miner] found block 1572 (reward 19.99768255 BLK, 1 txs)
[2026-09-29T02:31:19.388Z INFO  blacksilk_miner] found block 1573 (reward 19.99715888 BLK, 0 txs)
[2026-09-29T02:31:27.762Z INFO  blacksilk_miner] found block 1574 (reward 19.99713981 BLK, 0 txs)
[2026-09-29T02:31:37.863Z INFO  blacksilk_miner] hash rate 21.6 H/s (full mode)
[2026-09-29T02:31:42.147Z INFO  blacksilk_miner] found block 1575 (reward 19.99762534 BLK, 1 txs)
[2026-09-29T02:31:48.302Z INFO  blacksilk_miner] found block 1576 (reward 19.99710167 BLK, 0 txs)
[2026-09-29T02:31:56.847Z INFO  blacksilk_miner] found block 1577 (reward 19.99708260 BLK, 0 txs)
[2026-09-29T02:32:00.148Z INFO  blacksilk_miner] new tip at height 1578: work on template 1578 abandoned after 3.3s
[2026-09-29T02:32:08.334Z INFO  blacksilk_miner] found block 1579 (reward 19.99704446 BLK, 0 txs)
[2026-09-29T02:32:14.974Z INFO  blacksilk_miner] found block 1580 (reward 19.99702539 BLK, 0 txs)
[2026-09-29T02:32:16.359Z INFO  blacksilk_miner] found block 1581 (reward 19.99700632 BLK, 0 txs)
[2026-09-29T02:32:41.925Z INFO  blacksilk_miner] hash rate 22.8 H/s (full mode)
[2026-09-29T02:33:03.462Z INFO  blacksilk_miner] found block 1582 (reward 19.99802104 BLK, 3 txs)
[2026-09-29T02:33:08.236Z INFO  blacksilk_miner] found block 1583 (reward 19.99696817 BLK, 0 txs)
[2026-09-29T02:33:09.604Z INFO  blacksilk_miner] found block 1584 (reward 19.99694910 BLK, 0 txs)
[2026-09-29T02:33:14.235Z INFO  blacksilk_miner] found block 1585 (reward 19.99693003 BLK, 0 txs)
[2026-09-29T02:33:15.697Z INFO  blacksilk_miner] found block 1586 (reward 19.99691096 BLK, 0 txs)
[2026-09-29T02:33:30.237Z INFO  blacksilk_miner] found block 1587 (reward 19.99689189 BLK, 0 txs)
[2026-09-29T02:33:40.553Z INFO  blacksilk_miner] found block 1588 (reward 19.99687282 BLK, 0 txs)
[2026-09-29T02:33:45.602Z INFO  blacksilk_miner] hash rate 21.2 H/s (full mode)
[2026-09-29T02:33:46.979Z INFO  blacksilk_miner] found block 1589 (reward 19.99719835 BLK, 1 txs)
[2026-09-29T02:33:49.362Z INFO  blacksilk_miner] found block 1590 (reward 19.99683468 BLK, 0 txs)
[2026-09-29T02:34:01.280Z INFO  blacksilk_miner] found block 1591 (reward 19.99716021 BLK, 1 txs)
[2026-09-29T02:34:05.661Z INFO  blacksilk_miner] new tip at height 1592: work on template 1592 abandoned after 4.4s
[2026-09-29T02:34:08.761Z INFO  blacksilk_miner] new tip at height 1593: work on template 1593 abandoned after 3.1s
[2026-09-29T02:34:22.766Z INFO  blacksilk_miner] found block 1594 (reward 19.99710300 BLK, 1 txs)
[2026-09-29T02:34:32.646Z INFO  blacksilk_miner] found block 1595 (reward 19.99708393 BLK, 1 txs)
[2026-09-29T02:34:34.204Z INFO  blacksilk_miner] found block 1596 (reward 19.99672026 BLK, 0 txs)
[2026-09-29T02:34:39.989Z INFO  blacksilk_miner] found block 1597 (reward 19.99670119 BLK, 0 txs)
[2026-09-29T02:34:44.505Z INFO  blacksilk_miner] found block 1598 (reward 19.99668212 BLK, 0 txs)
[2026-09-29T02:34:48.779Z INFO  blacksilk_miner] hash rate 22.3 H/s (full mode)
[2026-09-29T02:34:48.779Z INFO  blacksilk_miner] new tip at height 1599: work on template 1599 abandoned after 4.3s
[2026-09-29T02:35:01.515Z INFO  blacksilk_miner] found block 1600 (reward 19.99664398 BLK, 0 txs)
[2026-09-29T02:35:02.450Z INFO  blacksilk_miner] found block 1601 (reward 19.99662491 BLK, 0 txs)
[2026-09-29T02:35:07.633Z INFO  blacksilk_miner] found block 1602 (reward 19.99660584 BLK, 0 txs)
[2026-09-29T02:35:18.312Z INFO  blacksilk_miner] found block 1603 (reward 19.99658677 BLK, 0 txs)
[2026-09-29T02:35:21.548Z INFO  blacksilk_miner] found block 1604 (reward 19.99656770 BLK, 0 txs)
[2026-09-29T02:35:35.335Z INFO  blacksilk_miner] found block 1605 (reward 19.99654862 BLK, 0 txs)
[2026-09-29T02:35:47.983Z INFO  blacksilk_miner] found block 1606 (reward 19.99721875 BLK, 2 txs)
[2026-09-29T02:35:53.108Z INFO  blacksilk_miner] hash rate 21.5 H/s (full mode)
[2026-09-29T02:36:11.301Z INFO  blacksilk_miner] found block 1607 (reward 19.99719968 BLK, 2 txs)
[2026-09-29T02:36:31.694Z INFO  blacksilk_miner] found block 1608 (reward 19.99649141 BLK, 0 txs)
[2026-09-29T02:36:41.186Z INFO  blacksilk_miner] new tip at height 1609: work on template 1609 abandoned after 4.4s
[2026-09-29T02:36:43.250Z INFO  blacksilk_miner] found block 1610 (reward 19.99645327 BLK, 0 txs)
[2026-09-29T02:36:53.320Z INFO  blacksilk_miner] hash rate 22.8 H/s (full mode)
[2026-09-29T02:37:19.087Z INFO  blacksilk_miner] found block 1611 (reward 19.99746800 BLK, 3 txs)
[2026-09-29T02:37:24.374Z INFO  blacksilk_miner] found block 1612 (reward 19.99641513 BLK, 0 txs)
[2026-09-29T02:37:33.362Z INFO  blacksilk_miner] found block 1613 (reward 19.99674066 BLK, 1 txs)
[2026-09-29T02:37:37.506Z INFO  blacksilk_miner] found block 1614 (reward 19.99637699 BLK, 0 txs)
[2026-09-29T02:37:45.963Z INFO  blacksilk_miner] found block 1615 (reward 19.99635792 BLK, 0 txs)
[2026-09-29T02:37:51.067Z INFO  blacksilk_miner] found block 1616 (reward 19.99633885 BLK, 0 txs)
[2026-09-29T02:37:56.131Z INFO  blacksilk_miner] hash rate 22.8 H/s (full mode)
[2026-09-29T02:38:05.650Z INFO  blacksilk_miner] found block 1617 (reward 19.99631978 BLK, 0 txs)
[2026-09-29T02:38:10.504Z INFO  blacksilk_miner] found block 1618 (reward 19.99630071 BLK, 0 txs)
[2026-09-29T02:38:13.140Z INFO  blacksilk_miner] found block 1619 (reward 19.99662624 BLK, 1 txs)
[2026-09-29T02:38:14.747Z INFO  blacksilk_miner] found block 1620 (reward 19.99626257 BLK, 0 txs)
[2026-09-29T02:38:17.893Z INFO  blacksilk_miner] found block 1621 (reward 19.99624350 BLK, 0 txs)
[2026-09-29T02:38:41.280Z INFO  blacksilk_miner] found block 1622 (reward 19.99656903 BLK, 1 txs)
[2026-09-29T02:38:52.434Z INFO  blacksilk_miner] new tip at height 1623: work on template 1623 abandoned after 1.1s
[2026-09-29T02:38:53.546Z INFO  blacksilk_miner] found block 1624 (reward 19.99653089 BLK, 1 txs)
[2026-09-29T02:38:58.674Z INFO  blacksilk_miner] hash rate 21.1 H/s (full mode)
[2026-09-29T02:39:01.648Z INFO  blacksilk_miner] found block 1625 (reward 19.99616722 BLK, 0 txs)
[2026-09-29T02:39:12.072Z INFO  blacksilk_miner] found block 1626 (reward 19.99614815 BLK, 0 txs)
[2026-09-29T02:39:14.790Z INFO  blacksilk_miner] found block 1627 (reward 19.99647368 BLK, 1 txs)
[2026-09-29T02:39:24.330Z INFO  blacksilk_miner] found block 1628 (reward 19.99611001 BLK, 0 txs)
[2026-09-29T02:39:26.138Z INFO  blacksilk_miner] found block 1629 (reward 19.99609095 BLK, 0 txs)
[2026-09-29T02:39:35.437Z INFO  blacksilk_miner] found block 1630 (reward 19.99692108 BLK, 2 txs)
[2026-09-29T02:39:48.422Z INFO  blacksilk_miner] found block 1631 (reward 19.99605281 BLK, 0 txs)
[2026-09-29T02:40:03.700Z INFO  blacksilk_miner] hash rate 20.8 H/s (full mode)
[2026-09-29T02:40:07.101Z INFO  blacksilk_miner] found block 1632 (reward 19.99637834 BLK, 1 txs)
[2026-09-29T02:40:30.246Z INFO  blacksilk_miner] found block 1633 (reward 19.99635927 BLK, 1 txs)
[2026-09-29T02:41:00.136Z INFO  blacksilk_miner] found block 1634 (reward 19.99634020 BLK, 1 txs)
[2026-09-29T02:41:05.186Z INFO  blacksilk_miner] hash rate 20.7 H/s (full mode)
[2026-09-29T02:41:16.001Z INFO  blacksilk_miner] found block 1635 (reward 19.99648113 BLK, 1 txs)
[2026-09-29T02:41:25.573Z INFO  blacksilk_miner] found block 1636 (reward 19.99595746 BLK, 0 txs)
[2026-09-29T02:41:32.454Z INFO  blacksilk_miner] found block 1637 (reward 19.99628299 BLK, 1 txs)
[2026-09-29T02:42:08.179Z INFO  blacksilk_miner] hash rate 21.9 H/s (full mode)
[2026-09-29T02:42:17.577Z INFO  blacksilk_miner] new tip at height 1638: work on template 1638 abandoned after 4.3s
[2026-09-29T02:42:25.796Z INFO  blacksilk_miner] found block 1639 (reward 19.99640485 BLK, 1 txs)
[2026-09-29T02:43:04.590Z INFO  blacksilk_miner] found block 1640 (reward 19.99657038 BLK, 2 txs)
[2026-09-29T02:43:09.643Z INFO  blacksilk_miner] hash rate 22.5 H/s (full mode)
[2026-09-29T02:43:12.000Z INFO  blacksilk_miner] found block 1641 (reward 19.99586211 BLK, 0 txs)
[2026-09-29T02:44:05.985Z INFO  blacksilk_miner] found block 1642 (reward 19.99685224 BLK, 2 txs)
[2026-09-29T02:44:11.158Z INFO  blacksilk_miner] hash rate 21.9 H/s (full mode)
[2026-09-29T02:44:35.539Z INFO  blacksilk_miner] found block 1643 (reward 19.99582397 BLK, 0 txs)
[2026-09-29T02:44:43.469Z INFO  blacksilk_miner] found block 1644 (reward 19.99665410 BLK, 2 txs)
[2026-09-29T02:45:01.089Z INFO  blacksilk_miner] found block 1645 (reward 19.99578583 BLK, 0 txs)
[2026-09-29T02:45:05.331Z INFO  blacksilk_miner] found block 1646 (reward 19.99576676 BLK, 0 txs)
[2026-09-29T02:45:15.481Z INFO  blacksilk_miner] hash rate 23.9 H/s (full mode)
[2026-09-29T02:45:25.364Z INFO  blacksilk_miner] found block 1647 (reward 19.99625229 BLK, 1 txs)
[2026-09-29T02:45:33.967Z INFO  blacksilk_miner] found block 1648 (reward 19.99572862 BLK, 0 txs)
[2026-09-29T02:45:53.417Z INFO  blacksilk_miner] found block 1649 (reward 19.99605415 BLK, 1 txs)
[2026-09-29T02:45:59.422Z INFO  blacksilk_miner] new tip at height 1650: work on template 1650 abandoned after 910.4ms
[2026-09-29T02:46:16.640Z INFO  blacksilk_miner] hash rate 23.6 H/s (full mode)
[2026-09-29T02:46:17.316Z INFO  blacksilk_miner] found block 1651 (reward 19.99601601 BLK, 1 txs)
[2026-09-29T02:46:31.829Z INFO  blacksilk_miner] found block 1652 (reward 19.99565235 BLK, 0 txs)
[2026-09-29T02:46:37.344Z INFO  blacksilk_miner] found block 1653 (reward 19.99563328 BLK, 0 txs)
[2026-09-29T02:46:40.133Z INFO  blacksilk_miner] found block 1654 (reward 19.99561421 BLK, 0 txs)
[2026-09-29T02:46:47.142Z INFO  blacksilk_miner] found block 1655 (reward 19.99593974 BLK, 1 txs)
[2026-09-29T02:46:48.293Z INFO  blacksilk_miner] found block 1656 (reward 19.99557607 BLK, 0 txs)
[2026-09-29T02:47:02.472Z INFO  blacksilk_miner] found block 1657 (reward 19.99555700 BLK, 0 txs)
[2026-09-29T02:47:14.179Z INFO  blacksilk_miner] found block 1658 (reward 19.99553793 BLK, 0 txs)
[2026-09-29T02:47:19.282Z INFO  blacksilk_miner] hash rate 21.5 H/s (full mode)
[2026-09-29T02:47:22.026Z INFO  blacksilk_miner] found block 1659 (reward 19.99586346 BLK, 1 txs)
[2026-09-29T02:47:36.122Z INFO  blacksilk_miner] found block 1660 (reward 19.99584439 BLK, 1 txs)
[2026-09-29T02:47:37.599Z INFO  blacksilk_miner] found block 1661 (reward 19.99582532 BLK, 1 txs)
[2026-09-29T02:47:50.174Z INFO  blacksilk_miner] found block 1662 (reward 19.99546165 BLK, 0 txs)
[2026-09-29T02:48:05.135Z INFO  blacksilk_miner] found block 1663 (reward 19.99544258 BLK, 0 txs)
[2026-09-29T02:48:20.315Z INFO  blacksilk_miner] hash rate 22.8 H/s (full mode)
[2026-09-29T02:48:31.628Z INFO  blacksilk_miner] found block 1664 (reward 19.99661731 BLK, 3 txs)
[2026-09-29T02:48:33.272Z INFO  blacksilk_miner] found block 1665 (reward 19.99540445 BLK, 0 txs)
[2026-09-29T02:48:43.785Z INFO  blacksilk_miner] new tip at height 1666: work on template 1666 abandoned after 307.6ms
[2026-09-29T02:49:07.420Z INFO  blacksilk_miner] found block 1667 (reward 19.99571091 BLK, 1 txs)
[2026-09-29T02:49:15.685Z INFO  blacksilk_miner] found block 1668 (reward 19.99534724 BLK, 0 txs)
[2026-09-29T02:49:20.740Z INFO  blacksilk_miner] hash rate 23.3 H/s (full mode)
[2026-09-29T02:49:25.968Z INFO  blacksilk_miner] found block 1669 (reward 19.99532817 BLK, 0 txs)
[2026-09-29T02:49:30.484Z INFO  blacksilk_miner] found block 1670 (reward 19.99565370 BLK, 1 txs)
[2026-09-29T02:49:36.232Z INFO  blacksilk_miner] found block 1671 (reward 19.99529003 BLK, 0 txs)
[2026-09-29T02:49:37.711Z INFO  blacksilk_miner] found block 1672 (reward 19.99527096 BLK, 0 txs)
[2026-09-29T02:49:40.981Z INFO  blacksilk_miner] found block 1673 (reward 19.99525189 BLK, 0 txs)
[2026-09-29T02:49:42.596Z INFO  blacksilk_miner] found block 1674 (reward 19.99523282 BLK, 0 txs)
[2026-09-29T02:49:58.320Z INFO  blacksilk_miner] found block 1675 (reward 19.99521376 BLK, 0 txs)
[2026-09-29T02:50:00.731Z INFO  blacksilk_miner] found block 1676 (reward 19.99553929 BLK, 1 txs)
[2026-09-29T02:50:03.765Z INFO  blacksilk_miner] found block 1677 (reward 19.99517562 BLK, 0 txs)
[2026-09-29T02:50:24.141Z INFO  blacksilk_miner] hash rate 20.8 H/s (full mode)
[2026-09-29T02:50:39.718Z INFO  blacksilk_miner] found block 1678 (reward 19.99584575 BLK, 2 txs)
[2026-09-29T02:50:41.059Z INFO  blacksilk_miner] found block 1679 (reward 19.99513748 BLK, 0 txs)
[2026-09-29T02:50:46.496Z INFO  blacksilk_miner] found block 1680 (reward 19.99511841 BLK, 0 txs)
[2026-09-29T02:50:48.019Z INFO  blacksilk_miner] found block 1681 (reward 19.99560394 BLK, 1 txs)
[2026-09-29T02:50:51.610Z INFO  blacksilk_miner] found block 1682 (reward 19.99508027 BLK, 0 txs)
[2026-09-29T02:51:03.136Z INFO  blacksilk_miner] found block 1683 (reward 19.99540580 BLK, 1 txs)
[2026-09-29T02:51:04.597Z INFO  blacksilk_miner] found block 1684 (reward 19.99504214 BLK, 0 txs)
[2026-09-29T02:51:09.945Z INFO  blacksilk_miner] found block 1685 (reward 19.99502307 BLK, 0 txs)
[2026-09-29T02:51:11.286Z INFO  blacksilk_miner] found block 1686 (reward 19.99500400 BLK, 0 txs)
[2026-09-29T02:51:23.133Z INFO  blacksilk_miner] found block 1687 (reward 19.99498493 BLK, 0 txs)
[2026-09-29T02:51:27.183Z INFO  blacksilk_miner] hash rate 19.8 H/s (full mode)
[2026-09-29T02:51:27.838Z INFO  blacksilk_miner] found block 1688 (reward 19.99496586 BLK, 0 txs)
[2026-09-29T02:51:33.168Z INFO  blacksilk_miner] found block 1689 (reward 19.99494679 BLK, 0 txs)
[2026-09-29T02:51:45.304Z INFO  blacksilk_miner] found block 1690 (reward 19.99527232 BLK, 1 txs)
[2026-09-29T02:51:46.178Z INFO  blacksilk_miner] found block 1691 (reward 19.99490865 BLK, 0 txs)
[2026-09-29T02:52:15.168Z INFO  blacksilk_miner] found block 1692 (reward 19.99539419 BLK, 1 txs)
[2026-09-29T02:52:30.458Z INFO  blacksilk_miner] hash rate 21.5 H/s (full mode)
[2026-09-29T02:52:31.244Z INFO  blacksilk_miner] found block 1693 (reward 19.99487052 BLK, 0 txs)
[2026-09-29T02:52:47.369Z INFO  blacksilk_miner] found block 1694 (reward 19.99485145 BLK, 0 txs)
[2026-09-29T02:53:33.114Z INFO  blacksilk_miner] hash rate 22.4 H/s (full mode)
[2026-09-29T02:53:36.613Z INFO  blacksilk_miner] found block 1695 (reward 19.99568158 BLK, 2 txs)
[2026-09-29T02:53:40.303Z INFO  blacksilk_miner] found block 1696 (reward 19.99547791 BLK, 1 txs)
[2026-09-29T02:53:50.196Z INFO  blacksilk_miner] found block 1697 (reward 19.99529884 BLK, 1 txs)
[2026-09-29T02:53:56.964Z INFO  blacksilk_miner] found block 1698 (reward 19.99511977 BLK, 1 txs)
[2026-09-29T02:53:58.702Z INFO  blacksilk_miner] found block 1699 (reward 19.99475611 BLK, 0 txs)
[2026-09-29T02:54:02.096Z INFO  blacksilk_miner] found block 1700 (reward 19.99473704 BLK, 0 txs)
[2026-09-29T02:54:07.030Z INFO  blacksilk_miner] found block 1701 (reward 19.99471797 BLK, 0 txs)
[2026-09-29T02:54:14.513Z INFO  blacksilk_miner] found block 1702 (reward 19.99469890 BLK, 0 txs)
[2026-09-29T02:54:25.547Z INFO  blacksilk_miner] found block 1703 (reward 19.99502443 BLK, 1 txs)
[2026-09-29T02:54:27.886Z INFO  blacksilk_miner] found block 1704 (reward 19.99466076 BLK, 0 txs)
[2026-09-29T02:54:38.095Z INFO  blacksilk_miner] hash rate 20.7 H/s (full mode)
[2026-09-29T02:54:45.874Z INFO  blacksilk_miner] found block 1705 (reward 19.99498630 BLK, 1 txs)
[2026-09-29T02:54:49.210Z INFO  blacksilk_miner] found block 1706 (reward 19.99462263 BLK, 0 txs)
[2026-09-29T02:55:14.063Z INFO  blacksilk_miner] found block 1707 (reward 19.99494816 BLK, 1 txs)
[2026-09-29T02:55:16.330Z INFO  blacksilk_miner] found block 1708 (reward 19.99458449 BLK, 0 txs)
[2026-09-29T02:55:19.031Z INFO  blacksilk_miner] found block 1709 (reward 19.99491002 BLK, 1 txs)
[2026-09-29T02:55:20.741Z INFO  blacksilk_miner] found block 1710 (reward 19.99454635 BLK, 0 txs)
[2026-09-29T02:55:26.455Z INFO  blacksilk_miner] found block 1711 (reward 19.99452729 BLK, 0 txs)
[2026-09-29T02:55:38.363Z INFO  blacksilk_miner] found block 1712 (reward 19.99450822 BLK, 0 txs)
[2026-09-29T02:55:43.427Z INFO  blacksilk_miner] hash rate 21.4 H/s (full mode)
[2026-09-29T02:55:47.988Z INFO  blacksilk_miner] found block 1713 (reward 19.99483375 BLK, 1 txs)
[2026-09-29T02:55:49.180Z INFO  blacksilk_miner] found block 1714 (reward 19.99447008 BLK, 0 txs)
[2026-09-29T02:56:06.534Z INFO  blacksilk_miner] found block 1715 (reward 19.99479561 BLK, 1 txs)
[2026-09-29T02:56:27.460Z INFO  blacksilk_miner] found block 1716 (reward 19.99509654 BLK, 1 txs)
[2026-09-29T02:56:33.956Z INFO  blacksilk_miner] found block 1717 (reward 19.99441288 BLK, 0 txs)
[2026-09-29T02:56:37.467Z INFO  blacksilk_miner] found block 1718 (reward 19.99439381 BLK, 0 txs)
[2026-09-29T02:56:43.606Z INFO  blacksilk_miner] hash rate 21.9 H/s (full mode)
[2026-09-29T02:56:43.606Z INFO  blacksilk_miner] new tip at height 1719: work on template 1719 abandoned after 1.0s
[2026-09-29T02:56:56.145Z INFO  blacksilk_miner] found block 1720 (reward 19.99435567 BLK, 0 txs)
[2026-09-29T02:57:25.854Z INFO  blacksilk_miner] found block 1721 (reward 19.99502580 BLK, 2 txs)
[2026-09-29T02:57:28.692Z INFO  blacksilk_miner] found block 1722 (reward 19.99431754 BLK, 0 txs)
[2026-09-29T02:57:35.705Z INFO  blacksilk_miner] found block 1723 (reward 19.99429847 BLK, 0 txs)
[2026-09-29T02:57:42.735Z INFO  blacksilk_miner] found block 1724 (reward 19.99462400 BLK, 1 txs)
[2026-09-29T02:57:47.866Z INFO  blacksilk_miner] hash rate 22.8 H/s (full mode)
[2026-09-29T02:57:49.594Z INFO  blacksilk_miner] new tip at height 1725: work on template 1725 abandoned after 1.7s
[2026-09-29T02:58:05.215Z INFO  blacksilk_miner] found block 1726 (reward 19.99458586 BLK, 1 txs)
[2026-09-29T02:58:06.866Z INFO  blacksilk_miner] found block 1727 (reward 19.99422220 BLK, 0 txs)
[2026-09-29T02:58:16.768Z INFO  blacksilk_miner] found block 1728 (reward 19.99420313 BLK, 0 txs)
[2026-09-29T02:58:20.594Z INFO  blacksilk_miner] found block 1729 (reward 19.99452866 BLK, 1 txs)
[2026-09-29T02:58:28.047Z INFO  blacksilk_miner] found block 1730 (reward 19.99416499 BLK, 0 txs)
[2026-09-29T02:58:48.309Z INFO  blacksilk_miner] hash rate 22.8 H/s (full mode)
[2026-09-29T02:58:50.540Z INFO  blacksilk_miner] found block 1731 (reward 19.99414592 BLK, 0 txs)
[2026-09-29T02:58:58.649Z INFO  blacksilk_miner] found block 1732 (reward 19.99412686 BLK, 0 txs)
[2026-09-29T02:59:01.854Z INFO  blacksilk_miner] found block 1733 (reward 19.99445239 BLK, 1 txs)
[2026-09-29T02:59:17.401Z INFO  blacksilk_miner] found block 1734 (reward 19.99443332 BLK, 1 txs)
[2026-09-29T02:59:28.992Z INFO  blacksilk_miner] found block 1735 (reward 19.99441425 BLK, 1 txs)
[2026-09-29T02:59:31.372Z INFO  blacksilk_miner] found block 1736 (reward 19.99405058 BLK, 0 txs)
[2026-09-29T02:59:51.585Z INFO  blacksilk_miner] hash rate 24.6 H/s (full mode)
[2026-09-29T03:00:28.792Z INFO  blacksilk_miner] found block 1737 (reward 19.99522532 BLK, 3 txs)
[2026-09-29T03:00:33.077Z INFO  blacksilk_miner] found block 1738 (reward 19.99401245 BLK, 0 txs)
[2026-09-29T03:00:34.956Z INFO  blacksilk_miner] found block 1739 (reward 19.99399338 BLK, 0 txs)
[2026-09-29T03:00:45.820Z INFO  blacksilk_miner] found block 1740 (reward 19.99397431 BLK, 0 txs)
[2026-09-29T03:00:54.839Z INFO  blacksilk_miner] hash rate 24.3 H/s (full mode)
[2026-09-29T03:00:55.397Z INFO  blacksilk_miner] found block 1741 (reward 19.99395525 BLK, 0 txs)
[2026-09-29T03:01:10.131Z INFO  blacksilk_miner] found block 1742 (reward 19.99428078 BLK, 1 txs)
[2026-09-29T03:01:15.837Z INFO  blacksilk_miner] found block 1743 (reward 19.99391711 BLK, 0 txs)
[2026-09-29T03:01:45.691Z INFO  blacksilk_miner] found block 1744 (reward 19.99474724 BLK, 2 txs)
[2026-09-29T03:01:54.379Z INFO  blacksilk_miner] found block 1745 (reward 19.99422357 BLK, 1 txs)
[2026-09-29T03:01:59.440Z INFO  blacksilk_miner] hash rate 24.1 H/s (full mode)
[2026-09-29T03:02:16.371Z INFO  blacksilk_miner] new tip at height 1746: work on template 1746 abandoned after 1.7s
[2026-09-29T03:02:27.684Z INFO  blacksilk_miner] found block 1747 (reward 19.99384084 BLK, 0 txs)
[2026-09-29T03:02:32.440Z INFO  blacksilk_miner] found block 1748 (reward 19.99382177 BLK, 0 txs)
[2026-09-29T03:02:36.960Z INFO  blacksilk_miner] found block 1749 (reward 19.99380270 BLK, 0 txs)
[2026-09-29T03:03:02.297Z INFO  blacksilk_miner] hash rate 25.2 H/s (full mode)
[2026-09-29T03:03:04.518Z INFO  blacksilk_miner] found block 1750 (reward 19.99447284 BLK, 2 txs)
[2026-09-29T03:03:07.646Z INFO  blacksilk_miner] found block 1751 (reward 19.99376457 BLK, 0 txs)
[2026-09-29T03:03:09.567Z INFO  blacksilk_miner] found block 1752 (reward 19.99374550 BLK, 0 txs)
[2026-09-29T03:03:22.332Z INFO  blacksilk_miner] found block 1753 (reward 19.99407103 BLK, 1 txs)
[2026-09-29T03:03:25.764Z INFO  blacksilk_miner] found block 1754 (reward 19.99370737 BLK, 0 txs)
[2026-09-29T03:03:27.051Z INFO  blacksilk_miner] found block 1755 (reward 19.99368830 BLK, 0 txs)
[2026-09-29T03:03:28.351Z INFO  blacksilk_miner] found block 1756 (reward 19.99366923 BLK, 0 txs)
[2026-09-29T03:03:32.919Z INFO  blacksilk_miner] found block 1757 (reward 19.99365016 BLK, 0 txs)
[2026-09-29T03:03:34.538Z INFO  blacksilk_miner] found block 1758 (reward 19.99363110 BLK, 0 txs)
[2026-09-29T03:03:58.613Z INFO  blacksilk_miner] found block 1759 (reward 19.99446123 BLK, 2 txs)
[2026-09-29T03:04:03.638Z INFO  blacksilk_miner] hash rate 26.9 H/s (full mode)
[2026-09-29T03:04:10.077Z INFO  blacksilk_miner] found block 1760 (reward 19.99393756 BLK, 1 txs)
[2026-09-29T03:04:18.189Z INFO  blacksilk_miner] found block 1761 (reward 19.99357389 BLK, 0 txs)
[2026-09-29T03:04:45.923Z INFO  blacksilk_miner] found block 1762 (reward 19.99389943 BLK, 1 txs)
[2026-09-29T03:04:47.412Z INFO  blacksilk_miner] found block 1763 (reward 19.99353576 BLK, 0 txs)
[2026-09-29T03:04:49.681Z INFO  blacksilk_miner] found block 1764 (reward 19.99351669 BLK, 0 txs)
[2026-09-29T03:04:50.312Z INFO  blacksilk_miner] found block 1765 (reward 19.99349763 BLK, 0 txs)
[2026-09-29T03:05:05.485Z INFO  blacksilk_miner] hash rate 31.4 H/s (full mode)
[2026-09-29T03:05:11.527Z INFO  blacksilk_miner] found block 1766 (reward 19.99382316 BLK, 1 txs)
[2026-09-29T03:05:20.507Z INFO  blacksilk_miner] found block 1767 (reward 19.99345949 BLK, 0 txs)
[2026-09-29T03:05:29.571Z INFO  blacksilk_miner] found block 1768 (reward 19.99344042 BLK, 0 txs)
[2026-09-29T03:05:41.818Z INFO  blacksilk_miner] found block 1769 (reward 19.99342136 BLK, 0 txs)
[2026-09-29T03:05:42.668Z INFO  blacksilk_miner] found block 1770 (reward 19.99340229 BLK, 0 txs)
[2026-09-29T03:05:47.802Z INFO  blacksilk_miner] found block 1771 (reward 19.99338322 BLK, 0 txs)
[2026-09-29T03:05:56.087Z INFO  blacksilk_miner] found block 1772 (reward 19.99336415 BLK, 0 txs)
[2026-09-29T03:06:06.212Z INFO  blacksilk_miner] hash rate 30.2 H/s (full mode)
[2026-09-29T03:06:07.748Z INFO  blacksilk_miner] found block 1773 (reward 19.99334509 BLK, 0 txs)
[2026-09-29T03:06:14.710Z INFO  blacksilk_miner] found block 1774 (reward 19.99332602 BLK, 0 txs)
[2026-09-29T03:06:22.969Z INFO  blacksilk_miner] found block 1775 (reward 19.99365155 BLK, 1 txs)
[2026-09-29T03:06:23.843Z INFO  blacksilk_miner] found block 1776 (reward 19.99328789 BLK, 0 txs)
[2026-09-29T03:06:29.009Z INFO  blacksilk_miner] found block 1777 (reward 19.99326882 BLK, 0 txs)
[2026-09-29T03:06:30.756Z INFO  blacksilk_miner] found block 1778 (reward 19.99324975 BLK, 0 txs)
[2026-09-29T03:06:33.066Z INFO  blacksilk_miner] found block 1779 (reward 19.99323068 BLK, 0 txs)
[2026-09-29T03:06:37.710Z INFO  blacksilk_miner] found block 1780 (reward 19.99321162 BLK, 0 txs)
[2026-09-29T03:06:42.319Z INFO  blacksilk_miner] found block 1781 (reward 19.99319255 BLK, 0 txs)
[2026-09-29T03:06:58.521Z INFO  blacksilk_miner] found block 1782 (reward 19.99519188 BLK, 4 txs)
[2026-09-29T03:07:08.630Z INFO  blacksilk_miner] hash rate 25.5 H/s (full mode)
[2026-09-29T03:07:11.168Z INFO  blacksilk_miner] found block 1783 (reward 19.99349902 BLK, 1 txs)
[2026-09-29T03:07:11.963Z INFO  blacksilk_miner] found block 1784 (reward 19.99313535 BLK, 0 txs)
[2026-09-29T03:07:23.306Z INFO  blacksilk_miner] found block 1785 (reward 19.99346088 BLK, 1 txs)
[2026-09-29T03:07:32.472Z INFO  blacksilk_miner] found block 1786 (reward 19.99309722 BLK, 0 txs)
[2026-09-29T03:07:33.775Z INFO  blacksilk_miner] found block 1787 (reward 19.99307815 BLK, 0 txs)
[2026-09-29T03:07:43.615Z INFO  blacksilk_miner] found block 1788 (reward 19.99305908 BLK, 0 txs)
[2026-09-29T03:07:51.635Z INFO  blacksilk_miner] found block 1789 (reward 19.99304002 BLK, 0 txs)
[2026-09-29T03:08:03.353Z INFO  blacksilk_miner] found block 1790 (reward 19.99336555 BLK, 1 txs)
[2026-09-29T03:08:07.862Z INFO  blacksilk_miner] found block 1791 (reward 19.99300188 BLK, 0 txs)
[2026-09-29T03:08:12.915Z INFO  blacksilk_miner] hash rate 27.6 H/s (full mode)
[2026-09-29T03:08:23.359Z INFO  blacksilk_miner] found block 1792 (reward 19.99332741 BLK, 1 txs)
[2026-09-29T03:08:24.266Z INFO  blacksilk_miner] found block 1793 (reward 19.99296375 BLK, 0 txs)
[2026-09-29T03:08:25.918Z INFO  blacksilk_miner] found block 1794 (reward 19.99294468 BLK, 0 txs)
[2026-09-29T03:08:28.739Z INFO  blacksilk_miner] found block 1795 (reward 19.99292561 BLK, 0 txs)
[2026-09-29T03:08:37.067Z INFO  blacksilk_miner] found block 1796 (reward 19.99325115 BLK, 1 txs)
[2026-09-29T03:08:50.653Z INFO  blacksilk_miner] found block 1797 (reward 19.99323208 BLK, 1 txs)
[2026-09-29T03:08:52.575Z INFO  blacksilk_miner] found block 1798 (reward 19.99286841 BLK, 0 txs)
[2026-09-29T03:09:17.803Z INFO  blacksilk_miner] hash rate 27.7 H/s (full mode)
[2026-09-29T03:09:18.881Z INFO  blacksilk_miner] new tip at height 1799: work on template 1799 abandoned after 1.1s
[2026-09-29T03:09:28.020Z INFO  blacksilk_miner] found block 1800 (reward 19.99351948 BLK, 2 txs)
[2026-09-29T03:09:32.898Z INFO  blacksilk_miner] found block 1801 (reward 19.99281121 BLK, 0 txs)
[2026-09-29T03:09:47.291Z INFO  blacksilk_miner] found block 1802 (reward 19.99313675 BLK, 1 txs)
[2026-09-29T03:09:48.521Z INFO  blacksilk_miner] found block 1803 (reward 19.99277308 BLK, 0 txs)
[2026-09-29T03:09:56.279Z INFO  blacksilk_miner] found block 1804 (reward 19.99275401 BLK, 0 txs)
[2026-09-29T03:10:01.524Z INFO  blacksilk_miner] found block 1805 (reward 19.99273495 BLK, 0 txs)
[2026-09-29T03:10:20.061Z INFO  blacksilk_miner] hash rate 25.9 H/s (full mode)
[2026-09-29T03:10:20.633Z INFO  blacksilk_miner] found block 1806 (reward 19.99306048 BLK, 1 txs)
[2026-09-29T03:10:30.970Z INFO  blacksilk_miner] found block 1807 (reward 19.99304141 BLK, 1 txs)
[2026-09-29T03:10:49.856Z INFO  blacksilk_miner] found block 1808 (reward 19.99302235 BLK, 1 txs)
[2026-09-29T03:11:06.854Z INFO  blacksilk_miner] found block 1809 (reward 19.99300328 BLK, 1 txs)
[2026-09-29T03:11:14.750Z INFO  blacksilk_miner] found block 1810 (reward 19.99263962 BLK, 0 txs)
[2026-09-29T03:11:18.760Z INFO  blacksilk_miner] found block 1811 (reward 19.99262055 BLK, 0 txs)
[2026-09-29T03:11:23.829Z INFO  blacksilk_miner] hash rate 29.7 H/s (full mode)
[2026-09-29T03:11:26.448Z INFO  blacksilk_miner] found block 1812 (reward 19.99294608 BLK, 1 txs)
[2026-09-29T03:11:28.377Z INFO  blacksilk_miner] found block 1813 (reward 19.99258242 BLK, 0 txs)
[2026-09-29T03:11:30.809Z INFO  blacksilk_miner] found block 1814 (reward 19.99256335 BLK, 0 txs)
[2026-09-29T03:11:32.912Z INFO  blacksilk_miner] found block 1815 (reward 19.99254428 BLK, 0 txs)
[2026-09-29T03:11:36.537Z INFO  blacksilk_miner] found block 1816 (reward 19.99252522 BLK, 0 txs)
[2026-09-29T03:11:41.753Z INFO  blacksilk_miner] found block 1817 (reward 19.99250615 BLK, 0 txs)
[2026-09-29T03:11:50.071Z INFO  blacksilk_miner] found block 1818 (reward 19.99283168 BLK, 1 txs)
[2026-09-29T03:11:57.749Z INFO  blacksilk_miner] found block 1819 (reward 19.99246802 BLK, 0 txs)
[2026-09-29T03:12:01.942Z INFO  blacksilk_miner] found block 1820 (reward 19.99244895 BLK, 0 txs)
[2026-09-29T03:12:05.771Z INFO  blacksilk_miner] new tip at height 1821: work on template 1821 abandoned after 3.8s
[2026-09-29T03:12:26.012Z INFO  blacksilk_miner] hash rate 25.8 H/s (full mode)
[2026-09-29T03:12:26.685Z INFO  blacksilk_miner] found block 1822 (reward 19.99241082 BLK, 0 txs)
[2026-09-29T03:12:30.117Z INFO  blacksilk_miner] new tip at height 1823: work on template 1823 abandoned after 3.4s
[2026-09-29T03:12:30.851Z INFO  blacksilk_miner] found block 1824 (reward 19.99237269 BLK, 0 txs)
[2026-09-29T03:12:32.707Z INFO  blacksilk_miner] found block 1825 (reward 19.99235362 BLK, 0 txs)
[2026-09-29T03:12:36.820Z INFO  blacksilk_miner] found block 1826 (reward 19.99233455 BLK, 0 txs)
[2026-09-29T03:12:42.910Z INFO  blacksilk_miner] found block 1827 (reward 19.99266009 BLK, 1 txs)
[2026-09-29T03:12:57.619Z INFO  blacksilk_miner] found block 1828 (reward 19.99264102 BLK, 1 txs)
[2026-09-29T03:13:06.877Z INFO  blacksilk_miner] found block 1829 (reward 19.99227736 BLK, 0 txs)
[2026-09-29T03:13:09.458Z INFO  blacksilk_miner] found block 1830 (reward 19.99260289 BLK, 1 txs)
[2026-09-29T03:13:11.185Z INFO  blacksilk_miner] found block 1831 (reward 19.99223922 BLK, 0 txs)
[2026-09-29T03:13:15.051Z INFO  blacksilk_miner] found block 1832 (reward 19.99222016 BLK, 0 txs)
[2026-09-29T03:13:25.168Z INFO  blacksilk_miner] found block 1833 (reward 19.99220109 BLK, 0 txs)
[2026-09-29T03:13:26.913Z INFO  blacksilk_miner] hash rate 28.7 H/s (full mode)
[2026-09-29T03:13:27.426Z INFO  blacksilk_miner] found block 1834 (reward 19.99252663 BLK, 1 txs)
[2026-09-29T03:13:35.092Z INFO  blacksilk_miner] found block 1835 (reward 19.99216296 BLK, 0 txs)
[2026-09-29T03:13:56.686Z INFO  blacksilk_miner] found block 1836 (reward 19.99248849 BLK, 1 txs)
[2026-09-29T03:13:58.457Z INFO  blacksilk_miner] found block 1837 (reward 19.99212483 BLK, 0 txs)
[2026-09-29T03:14:04.060Z INFO  blacksilk_miner] found block 1838 (reward 19.99210576 BLK, 0 txs)
[2026-09-29T03:14:21.668Z INFO  blacksilk_miner] found block 1839 (reward 19.99208670 BLK, 0 txs)
[2026-09-29T03:14:31.776Z INFO  blacksilk_miner] hash rate 27.8 H/s (full mode)
[2026-09-29T03:14:36.256Z INFO  blacksilk_miner] found block 1840 (reward 19.99241223 BLK, 1 txs)
[2026-09-29T03:14:39.702Z INFO  blacksilk_miner] found block 1841 (reward 19.99204856 BLK, 0 txs)
[2026-09-29T03:15:10.450Z INFO  blacksilk_miner] found block 1842 (reward 19.99271870 BLK, 2 txs)
[2026-09-29T03:15:24.123Z INFO  blacksilk_miner] found block 1843 (reward 19.99235503 BLK, 1 txs)
[2026-09-29T03:15:34.225Z INFO  blacksilk_miner] hash rate 28.9 H/s (full mode)
[2026-09-29T03:15:50.318Z INFO  blacksilk_miner] found block 1844 (reward 19.99268057 BLK, 2 txs)
[2026-09-29T03:15:52.143Z INFO  blacksilk_miner] found block 1845 (reward 19.99197230 BLK, 0 txs)
[2026-09-29T03:15:59.539Z INFO  blacksilk_miner] found block 1846 (reward 19.99195323 BLK, 0 txs)
[2026-09-29T03:16:03.129Z INFO  blacksilk_miner] found block 1847 (reward 19.99193417 BLK, 0 txs)
[2026-09-29T03:16:04.810Z INFO  blacksilk_miner] found block 1848 (reward 19.99191510 BLK, 0 txs)
[2026-09-29T03:16:22.487Z INFO  blacksilk_miner] found block 1849 (reward 19.99224064 BLK, 1 txs)
[2026-09-29T03:16:37.832Z INFO  blacksilk_miner] hash rate 18.2 H/s (full mode)
[2026-09-29T03:17:21.786Z INFO  blacksilk_miner] found block 1850 (reward 19.99291077 BLK, 3 txs)
[2026-09-29T03:17:29.055Z INFO  blacksilk_miner] found block 1851 (reward 19.99185790 BLK, 0 txs)
[2026-09-29T03:17:30.292Z INFO  blacksilk_miner] found block 1852 (reward 19.99183884 BLK, 0 txs)
[2026-09-29T03:17:34.066Z INFO  blacksilk_miner] found block 1853 (reward 19.99181977 BLK, 0 txs)
[2026-09-29T03:17:39.253Z INFO  blacksilk_miner] hash rate 16.3 H/s (full mode)
[2026-09-29T03:17:46.075Z INFO  blacksilk_miner] found block 1854 (reward 19.99230531 BLK, 1 txs)
[2026-09-29T03:17:54.547Z INFO  blacksilk_miner] found block 1855 (reward 19.99178164 BLK, 0 txs)
[2026-09-29T03:18:01.956Z INFO  blacksilk_miner] found block 1856 (reward 19.99176258 BLK, 0 txs)
[2026-09-29T03:18:41.164Z INFO  blacksilk_miner] hash rate 17.0 H/s (full mode)
[2026-09-29T03:18:42.112Z INFO  blacksilk_miner] found block 1857 (reward 19.99259271 BLK, 2 txs)
[2026-09-29T03:18:59.681Z INFO  blacksilk_miner] found block 1858 (reward 19.99206905 BLK, 1 txs)
[2026-09-29T03:19:15.243Z INFO  blacksilk_miner] found block 1859 (reward 19.99170538 BLK, 0 txs)
[2026-09-29T03:19:18.898Z INFO  blacksilk_miner] found block 1860 (reward 19.99168631 BLK, 0 txs)
[2026-09-29T03:19:23.549Z INFO  blacksilk_miner] found block 1861 (reward 19.99201185 BLK, 1 txs)
[2026-09-29T03:19:44.087Z INFO  blacksilk_miner] hash rate 17.2 H/s (full mode)
[2026-09-29T03:19:52.875Z INFO  blacksilk_miner] found block 1862 (reward 19.99199278 BLK, 1 txs)
[2026-09-29T03:19:57.329Z INFO  blacksilk_miner] found block 1863 (reward 19.99162912 BLK, 0 txs)
[2026-09-29T03:20:02.406Z INFO  blacksilk_miner] found block 1864 (reward 19.99161005 BLK, 0 txs)
[2026-09-29T03:20:06.821Z INFO  blacksilk_miner] found block 1865 (reward 19.99159099 BLK, 0 txs)
[2026-09-29T03:20:12.300Z INFO  blacksilk_miner] found block 1866 (reward 19.99191652 BLK, 1 txs)
[2026-09-29T03:20:24.049Z INFO  blacksilk_miner] found block 1867 (reward 19.99155286 BLK, 0 txs)
[2026-09-29T03:20:27.813Z INFO  blacksilk_miner] found block 1868 (reward 19.99153379 BLK, 0 txs)
[2026-09-29T03:20:48.196Z INFO  blacksilk_miner] hash rate 24.3 H/s (full mode)
[2026-09-29T03:20:58.221Z INFO  blacksilk_miner] found block 1869 (reward 19.99220392 BLK, 2 txs)
[2026-09-29T03:21:04.956Z INFO  blacksilk_miner] found block 1870 (reward 19.99149566 BLK, 0 txs)
[2026-09-29T03:21:07.014Z INFO  blacksilk_miner] found block 1871 (reward 19.99147659 BLK, 0 txs)
[2026-09-29T03:21:09.020Z INFO  blacksilk_miner] found block 1872 (reward 19.99145753 BLK, 0 txs)
[2026-09-29T03:21:15.748Z INFO  blacksilk_miner] found block 1873 (reward 19.99178306 BLK, 1 txs)
[2026-09-29T03:21:22.182Z INFO  blacksilk_miner] found block 1874 (reward 19.99176400 BLK, 1 txs)
[2026-09-29T03:21:26.109Z INFO  blacksilk_miner] found block 1875 (reward 19.99140033 BLK, 0 txs)
[2026-09-29T03:21:34.646Z INFO  blacksilk_miner] found block 1876 (reward 19.99138127 BLK, 0 txs)
[2026-09-29T03:21:39.202Z INFO  blacksilk_miner] found block 1877 (reward 19.99136220 BLK, 0 txs)
[2026-09-29T03:21:42.914Z INFO  blacksilk_miner] found block 1878 (reward 19.99134314 BLK, 0 txs)
[2026-09-29T03:21:52.994Z INFO  blacksilk_miner] hash rate 26.8 H/s (full mode)
[2026-09-29T03:21:57.074Z INFO  blacksilk_miner] found block 1879 (reward 19.99132407 BLK, 0 txs)
[2026-09-29T03:22:00.938Z INFO  blacksilk_miner] found block 1880 (reward 19.99130501 BLK, 0 txs)
[2026-09-29T03:22:04.602Z INFO  blacksilk_miner] found block 1881 (reward 19.99179054 BLK, 1 txs)
[2026-09-29T03:22:33.833Z INFO  blacksilk_miner] found block 1882 (reward 19.99161148 BLK, 1 txs)
[2026-09-29T03:22:54.432Z INFO  blacksilk_miner] hash rate 16.9 H/s (full mode)
[2026-09-29T03:23:02.626Z INFO  blacksilk_miner] found block 1883 (reward 19.99175241 BLK, 1 txs)
[2026-09-29T03:23:23.755Z INFO  blacksilk_miner] found block 1884 (reward 19.99173335 BLK, 1 txs)
[2026-09-29T03:23:31.211Z INFO  blacksilk_miner] found block 1885 (reward 19.99155428 BLK, 1 txs)
[2026-09-29T03:23:43.301Z INFO  blacksilk_miner] found block 1886 (reward 19.99119062 BLK, 0 txs)
[2026-09-29T03:23:55.125Z INFO  blacksilk_miner] hash rate 16.0 H/s (full mode)
[2026-09-29T03:23:55.989Z INFO  blacksilk_miner] found block 1887 (reward 19.99151615 BLK, 1 txs)
[2026-09-29T03:24:02.088Z INFO  blacksilk_miner] found block 1888 (reward 19.99115249 BLK, 0 txs)
[2026-09-29T03:24:16.815Z INFO  blacksilk_miner] found block 1889 (reward 19.99163802 BLK, 1 txs)
[2026-09-29T03:24:39.981Z INFO  blacksilk_miner] found block 1890 (reward 19.99145896 BLK, 1 txs)
[2026-09-29T03:24:55.633Z INFO  blacksilk_miner] hash rate 16.5 H/s (full mode)
[2026-09-29T03:25:05.392Z INFO  blacksilk_miner] found block 1891 (reward 19.99109529 BLK, 0 txs)
[2026-09-29T03:25:08.473Z INFO  blacksilk_miner] found block 1892 (reward 19.99107623 BLK, 0 txs)
[2026-09-29T03:25:49.003Z INFO  blacksilk_miner] found block 1893 (reward 19.99241096 BLK, 3 txs)
[2026-09-29T03:25:57.319Z INFO  blacksilk_miner] hash rate 16.2 H/s (full mode)
[2026-09-29T03:25:58.158Z INFO  blacksilk_miner] found block 1894 (reward 19.99103810 BLK, 0 txs)
[2026-09-29T03:26:01.165Z INFO  blacksilk_miner] found block 1895 (reward 19.99101903 BLK, 0 txs)
[2026-09-29T03:26:02.733Z INFO  blacksilk_miner] found block 1896 (reward 19.99099997 BLK, 0 txs)
[2026-09-29T03:26:34.023Z INFO  blacksilk_miner] found block 1897 (reward 19.99132550 BLK, 1 txs)
[2026-09-29T03:26:35.071Z INFO  blacksilk_miner] found block 1898 (reward 19.99096184 BLK, 0 txs)
[2026-09-29T03:26:44.042Z INFO  blacksilk_miner] found block 1899 (reward 19.99128737 BLK, 1 txs)
[2026-09-29T03:26:47.109Z INFO  blacksilk_miner] found block 1900 (reward 19.99092371 BLK, 0 txs)
[2026-09-29T03:26:53.121Z INFO  blacksilk_miner] found block 1901 (reward 19.99124924 BLK, 1 txs)
[2026-09-29T03:26:58.188Z INFO  blacksilk_miner] hash rate 10.4 H/s (full mode)
[2026-09-29T03:27:03.324Z INFO  blacksilk_miner] found block 1902 (reward 19.99088558 BLK, 0 txs)
[2026-09-29T03:27:31.098Z INFO  blacksilk_miner] found block 1903 (reward 19.99121111 BLK, 1 txs)
[2026-09-29T03:27:52.156Z INFO  blacksilk_miner] new tip at height 1904: work on template 1904 abandoned after 444.3ms
[2026-09-29T03:28:02.767Z INFO  blacksilk_miner] hash rate 22.6 H/s (full mode)
[2026-09-29T03:28:51.670Z INFO  blacksilk_miner] found block 1905 (reward 19.99250218 BLK, 3 txs)
[2026-09-29T03:28:53.904Z INFO  blacksilk_miner] found block 1906 (reward 19.99080932 BLK, 0 txs)
[2026-09-29T03:29:04.126Z INFO  blacksilk_miner] hash rate 15.2 H/s (full mode)
[2026-09-29T03:29:10.009Z INFO  blacksilk_miner] found block 1907 (reward 19.99129485 BLK, 1 txs)
[2026-09-29T03:29:19.835Z INFO  blacksilk_miner] found block 1908 (reward 19.99077119 BLK, 0 txs)
[2026-09-29T03:29:46.433Z INFO  blacksilk_miner] found block 1909 (reward 19.99109672 BLK, 1 txs)
[2026-09-29T03:29:53.433Z INFO  blacksilk_miner] found block 1910 (reward 19.99073306 BLK, 0 txs)
[2026-09-29T03:30:02.541Z INFO  blacksilk_miner] found block 1911 (reward 19.99140319 BLK, 2 txs)
[2026-09-29T03:30:04.650Z INFO  blacksilk_miner] found block 1912 (reward 19.99069493 BLK, 0 txs)
[2026-09-29T03:30:09.958Z INFO  blacksilk_miner] hash rate 14.4 H/s (full mode)
[2026-09-29T03:30:17.888Z INFO  blacksilk_miner] found block 1913 (reward 19.99067586 BLK, 0 txs)
[2026-09-29T03:30:21.376Z INFO  blacksilk_miner] found block 1914 (reward 19.99065680 BLK, 0 txs)
[2026-09-29T03:30:40.904Z INFO  blacksilk_miner] found block 1915 (reward 19.99098234 BLK, 1 txs)
[2026-09-29T03:31:12.168Z INFO  blacksilk_miner] hash rate 15.7 H/s (full mode)
[2026-09-29T03:31:34.651Z INFO  blacksilk_miner] found block 1916 (reward 19.99130787 BLK, 2 txs)
[2026-09-29T03:31:35.636Z INFO  blacksilk_miner] found block 1917 (reward 19.99059961 BLK, 0 txs)
[2026-09-29T03:32:17.150Z INFO  blacksilk_miner] hash rate 16.3 H/s (full mode)
[2026-09-29T03:32:24.994Z INFO  blacksilk_miner] found block 1918 (reward 19.99158974 BLK, 2 txs)
[2026-09-29T03:32:30.069Z INFO  blacksilk_miner] found block 1919 (reward 19.99056148 BLK, 0 txs)
[2026-09-29T03:32:40.870Z INFO  blacksilk_miner] found block 1920 (reward 19.99088701 BLK, 1 txs)
[2026-09-29T03:32:45.282Z INFO  blacksilk_miner] found block 1921 (reward 19.99052335 BLK, 0 txs)
[2026-09-29T03:33:01.719Z INFO  blacksilk_miner] found block 1922 (reward 19.99116888 BLK, 1 txs)
[2026-09-29T03:33:17.357Z INFO  blacksilk_miner] found block 1923 (reward 19.99130982 BLK, 1 txs)
[2026-09-29T03:33:22.603Z INFO  blacksilk_miner] hash rate 13.9 H/s (full mode)
[2026-09-29T03:33:29.708Z INFO  blacksilk_miner] found block 1924 (reward 19.99081076 BLK, 1 txs)
[2026-09-29T03:33:46.319Z INFO  blacksilk_miner] found block 1925 (reward 19.99044709 BLK, 0 txs)
[2026-09-29T03:33:50.274Z INFO  blacksilk_miner] found block 1926 (reward 19.99042803 BLK, 0 txs)
[2026-09-29T03:33:54.940Z INFO  blacksilk_miner] found block 1927 (reward 19.99075356 BLK, 1 txs)
[2026-09-29T03:34:10.479Z INFO  blacksilk_miner] found block 1928 (reward 19.99038990 BLK, 0 txs)
[2026-09-29T03:34:18.780Z INFO  blacksilk_miner] found block 1929 (reward 19.99037083 BLK, 0 txs)
[2026-09-29T03:34:21.373Z INFO  blacksilk_miner] found block 1930 (reward 19.99035177 BLK, 0 txs)
[2026-09-29T03:34:26.416Z INFO  blacksilk_miner] hash rate 15.0 H/s (full mode)
[2026-09-29T03:34:31.099Z INFO  blacksilk_miner] found block 1931 (reward 19.99083730 BLK, 1 txs)
[2026-09-29T03:34:51.823Z INFO  blacksilk_miner] found block 1932 (reward 19.99148284 BLK, 2 txs)
[2026-09-29T03:35:02.375Z INFO  blacksilk_miner] found block 1933 (reward 19.99029458 BLK, 0 txs)
[2026-09-29T03:35:17.767Z INFO  blacksilk_miner] found block 1934 (reward 19.99027551 BLK, 0 txs)
[2026-09-29T03:35:25.109Z INFO  blacksilk_miner] found block 1935 (reward 19.99094565 BLK, 2 txs)
[2026-09-29T03:35:30.384Z INFO  blacksilk_miner] hash rate 14.7 H/s (full mode)
[2026-09-29T03:36:28.841Z INFO  blacksilk_miner] found block 1936 (reward 19.99058198 BLK, 1 txs)
[2026-09-29T03:36:34.182Z INFO  blacksilk_miner] hash rate 15.4 H/s (full mode)
[2026-09-29T03:36:36.033Z INFO  blacksilk_miner] found block 1937 (reward 19.99056292 BLK, 1 txs)
[2026-09-29T03:36:49.005Z INFO  blacksilk_miner] found block 1938 (reward 19.99118386 BLK, 1 txs)
[2026-09-29T03:36:56.354Z INFO  blacksilk_miner] found block 1939 (reward 19.99018019 BLK, 0 txs)
[2026-09-29T03:37:06.147Z INFO  blacksilk_miner] found block 1940 (reward 19.99016113 BLK, 0 txs)
[2026-09-29T03:37:18.589Z INFO  blacksilk_miner] found block 1941 (reward 19.99014206 BLK, 0 txs)
[2026-09-29T03:37:34.320Z INFO  blacksilk_miner] found block 1942 (reward 19.99012300 BLK, 0 txs)
[2026-09-29T03:37:39.422Z INFO  blacksilk_miner] hash rate 14.2 H/s (full mode)
[2026-09-29T03:37:52.719Z INFO  blacksilk_miner] found block 1943 (reward 19.99079313 BLK, 2 txs)
[2026-09-29T03:37:59.228Z INFO  blacksilk_miner] found block 1944 (reward 19.99008487 BLK, 0 txs)
[2026-09-29T03:38:13.368Z INFO  blacksilk_miner] found block 1945 (reward 19.99041041 BLK, 1 txs)
[2026-09-29T03:38:15.183Z INFO  blacksilk_miner] found block 1946 (reward 19.99004674 BLK, 0 txs)
[2026-09-29T03:38:17.476Z INFO  blacksilk_miner] found block 1947 (reward 19.99002768 BLK, 0 txs)
[2026-09-29T03:38:19.870Z INFO  blacksilk_miner] found block 1948 (reward 19.99000861 BLK, 0 txs)
[2026-09-29T03:38:36.777Z INFO  blacksilk_miner] found block 1949 (reward 19.98998955 BLK, 0 txs)
[2026-09-29T03:38:41.942Z INFO  blacksilk_miner] hash rate 12.9 H/s (full mode)
[2026-09-29T03:38:50.003Z INFO  blacksilk_miner] found block 1950 (reward 19.99031509 BLK, 1 txs)
[2026-09-29T03:39:23.355Z INFO  blacksilk_miner] found block 1951 (reward 19.99045602 BLK, 1 txs)
[2026-09-29T03:39:44.081Z INFO  blacksilk_miner] hash rate 15.2 H/s (full mode)
[2026-09-29T03:39:45.963Z INFO  blacksilk_miner] found block 1952 (reward 19.99027696 BLK, 1 txs)
[2026-09-29T03:39:54.250Z INFO  blacksilk_miner] found block 1953 (reward 19.98991330 BLK, 0 txs)
[2026-09-29T03:40:28.514Z INFO  blacksilk_miner] found block 1954 (reward 19.99023883 BLK, 1 txs)
[2026-09-29T03:40:32.974Z INFO  blacksilk_miner] found block 1955 (reward 19.99021977 BLK, 1 txs)
[2026-09-29T03:40:43.085Z INFO  blacksilk_miner] found block 1956 (reward 19.99132070 BLK, 1 txs)
[2026-09-29T03:40:44.422Z INFO  blacksilk_miner] hash rate 14.1 H/s (full mode)
[2026-09-29T03:40:45.475Z INFO  blacksilk_miner] found block 1957 (reward 19.98983704 BLK, 0 txs)
[2026-09-29T03:40:49.435Z INFO  blacksilk_miner] found block 1958 (reward 19.98981798 BLK, 0 txs)
[2026-09-29T03:40:54.621Z INFO  blacksilk_miner] found block 1959 (reward 19.98979891 BLK, 0 txs)
[2026-09-29T03:41:18.720Z INFO  blacksilk_miner] found block 1960 (reward 19.98977985 BLK, 0 txs)
[2026-09-29T03:41:20.976Z INFO  blacksilk_miner] found block 1961 (reward 19.99010538 BLK, 1 txs)
[2026-09-29T03:41:47.223Z INFO  blacksilk_miner] hash rate 14.0 H/s (full mode)
[2026-09-29T03:41:54.004Z INFO  blacksilk_miner] found block 1962 (reward 19.98974172 BLK, 0 txs)
[2026-09-29T03:41:57.489Z INFO  blacksilk_miner] found block 1963 (reward 19.98972266 BLK, 0 txs)
[2026-09-29T03:42:04.469Z INFO  blacksilk_miner] found block 1964 (reward 19.98970359 BLK, 0 txs)
[2026-09-29T03:42:07.709Z INFO  blacksilk_miner] found block 1965 (reward 19.98968453 BLK, 0 txs)
[2026-09-29T03:42:28.993Z INFO  blacksilk_miner] found block 1966 (reward 19.99035467 BLK, 2 txs)
[2026-09-29T03:42:37.662Z INFO  blacksilk_miner] found block 1967 (reward 19.98964640 BLK, 0 txs)
[2026-09-29T03:42:41.444Z INFO  blacksilk_miner] found block 1968 (reward 19.98962734 BLK, 0 txs)
[2026-09-29T03:42:44.431Z INFO  blacksilk_miner] found block 1969 (reward 19.98960828 BLK, 0 txs)
[2026-09-29T03:42:47.533Z INFO  blacksilk_miner] hash rate 23.8 H/s (full mode)
[2026-09-29T03:42:48.109Z INFO  blacksilk_miner] found block 1970 (reward 19.98958921 BLK, 0 txs)
[2026-09-29T03:42:55.320Z INFO  blacksilk_miner] found block 1971 (reward 19.98991475 BLK, 1 txs)
[2026-09-29T03:43:01.205Z INFO  blacksilk_miner] found block 1972 (reward 19.98955108 BLK, 0 txs)
[2026-09-29T03:43:10.954Z INFO  blacksilk_miner] found block 1973 (reward 19.98953202 BLK, 0 txs)
[2026-09-29T03:43:17.257Z INFO  blacksilk_miner] found block 1974 (reward 19.99020216 BLK, 2 txs)
[2026-09-29T03:43:18.712Z INFO  blacksilk_miner] found block 1975 (reward 19.98949389 BLK, 0 txs)
[2026-09-29T03:43:21.039Z INFO  blacksilk_miner] found block 1976 (reward 19.98947483 BLK, 0 txs)
[2026-09-29T03:43:26.513Z INFO  blacksilk_miner] found block 1977 (reward 19.98945577 BLK, 0 txs)
[2026-09-29T03:43:35.603Z INFO  blacksilk_miner] found block 1978 (reward 19.98943670 BLK, 0 txs)
[2026-09-29T03:43:43.085Z INFO  blacksilk_miner] found block 1979 (reward 19.98941764 BLK, 0 txs)
[2026-09-29T03:43:47.883Z INFO  blacksilk_miner] hash rate 23.3 H/s (full mode)
[2026-09-29T03:43:48.461Z INFO  blacksilk_miner] found block 1980 (reward 19.98939858 BLK, 0 txs)
[2026-09-29T03:43:50.251Z INFO  blacksilk_miner] found block 1981 (reward 19.98937951 BLK, 0 txs)
[2026-09-29T03:43:55.402Z INFO  blacksilk_miner] found block 1982 (reward 19.98936045 BLK, 0 txs)
[2026-09-29T03:43:56.546Z INFO  blacksilk_miner] found block 1983 (reward 19.98968599 BLK, 1 txs)
[2026-09-29T03:44:00.953Z INFO  blacksilk_miner] found block 1984 (reward 19.98932232 BLK, 0 txs)
[2026-09-29T03:44:14.382Z INFO  blacksilk_miner] found block 1985 (reward 19.98964786 BLK, 1 txs)
[2026-09-29T03:44:20.154Z INFO  blacksilk_miner] found block 1986 (reward 19.98962880 BLK, 1 txs)
[2026-09-29T03:44:24.077Z INFO  blacksilk_miner] found block 1987 (reward 19.98926513 BLK, 0 txs)
[2026-09-29T03:44:26.150Z INFO  blacksilk_miner] found block 1988 (reward 19.98924607 BLK, 0 txs)
[2026-09-29T03:44:31.781Z INFO  blacksilk_miner] found block 1989 (reward 19.98922701 BLK, 0 txs)
[2026-09-29T03:44:38.738Z INFO  blacksilk_miner] found block 1990 (reward 19.98920794 BLK, 0 txs)
[2026-09-29T03:44:48.242Z INFO  blacksilk_miner] hash rate 24.4 H/s (full mode)
[2026-09-29T03:44:48.825Z INFO  blacksilk_miner] found block 1991 (reward 19.98918888 BLK, 0 txs)
[2026-09-29T03:44:53.656Z INFO  blacksilk_miner] found block 1992 (reward 19.98951442 BLK, 1 txs)
[2026-09-29T03:44:54.861Z INFO  blacksilk_miner] found block 1993 (reward 19.98915075 BLK, 0 txs)
[2026-09-29T03:45:03.480Z INFO  blacksilk_miner] found block 1994 (reward 19.98913169 BLK, 0 txs)
[2026-09-29T03:45:06.483Z INFO  blacksilk_miner] found block 1995 (reward 19.98911263 BLK, 0 txs)
[2026-09-29T03:45:09.228Z INFO  blacksilk_miner] found block 1996 (reward 19.98909357 BLK, 0 txs)
[2026-09-29T03:45:11.274Z INFO  blacksilk_miner] found block 1997 (reward 19.98907450 BLK, 0 txs)
[2026-09-29T03:45:18.486Z INFO  blacksilk_miner] found block 1998 (reward 19.98905544 BLK, 0 txs)
[2026-09-29T03:45:20.157Z INFO  blacksilk_miner] found block 1999 (reward 19.98903638 BLK, 0 txs)
[2026-09-29T03:45:30.706Z INFO  blacksilk_miner] found block 2000 (reward 19.98901731 BLK, 0 txs)
[2026-09-29T03:45:34.077Z INFO  blacksilk_miner] new tip at height 2001: work on template 2001 abandoned after 3.4s
[2026-09-29T03:45:49.236Z INFO  blacksilk_miner] hash rate 23.7 H/s (full mode)
[2026-09-29T03:45:52.993Z INFO  blacksilk_miner] found block 2002 (reward 19.99062839 BLK, 2 txs)
[2026-09-29T03:45:56.806Z INFO  blacksilk_miner] found block 2003 (reward 19.98896012 BLK, 0 txs)
[2026-09-29T03:46:12.212Z INFO  blacksilk_miner] found block 2004 (reward 19.98894106 BLK, 0 txs)
[2026-09-29T03:46:28.341Z INFO  blacksilk_miner] found block 2005 (reward 19.98892200 BLK, 0 txs)
[2026-09-29T03:46:43.851Z INFO  blacksilk_miner] found block 2006 (reward 19.98890294 BLK, 0 txs)
[2026-09-29T03:46:48.984Z INFO  blacksilk_miner] found block 2007 (reward 19.98888387 BLK, 0 txs)
[2026-09-29T03:46:49.250Z INFO  blacksilk_miner] hash rate 25.7 H/s (full mode)
[2026-09-29T03:46:49.849Z INFO  blacksilk_miner] found block 2008 (reward 19.98886481 BLK, 0 txs)
[2026-09-29T03:46:56.527Z INFO  blacksilk_miner] found block 2009 (reward 19.98884575 BLK, 0 txs)
[2026-09-29T03:47:00.365Z INFO  blacksilk_miner] found block 2010 (reward 19.98882668 BLK, 0 txs)
[2026-09-29T03:47:03.556Z INFO  blacksilk_miner] found block 2011 (reward 19.98880762 BLK, 0 txs)
[2026-09-29T03:47:06.961Z INFO  blacksilk_miner] found block 2012 (reward 19.98878856 BLK, 0 txs)
[2026-09-29T03:47:09.551Z INFO  blacksilk_miner] found block 2013 (reward 19.98876950 BLK, 0 txs)
[2026-09-29T03:47:14.186Z INFO  blacksilk_miner] found block 2014 (reward 19.98909503 BLK, 1 txs)
[2026-09-29T03:47:24.142Z INFO  blacksilk_miner] found block 2015 (reward 19.98942057 BLK, 2 txs)
[2026-09-29T03:47:36.074Z INFO  blacksilk_miner] found block 2016 (reward 19.98871231 BLK, 0 txs)
[2026-09-29T03:47:43.122Z INFO  blacksilk_miner] found block 2017 (reward 19.98903784 BLK, 1 txs)
[2026-09-29T03:47:48.743Z INFO  blacksilk_miner] found block 2018 (reward 19.98867418 BLK, 0 txs)
[2026-09-29T03:47:53.784Z INFO  blacksilk_miner] hash rate 25.9 H/s (full mode)
[2026-09-29T03:47:59.265Z INFO  blacksilk_miner] found block 2019 (reward 19.98934432 BLK, 2 txs)
[2026-09-29T03:48:02.632Z INFO  blacksilk_miner] found block 2020 (reward 19.98914066 BLK, 1 txs)
[2026-09-29T03:48:06.744Z INFO  blacksilk_miner] found block 2021 (reward 19.98861699 BLK, 0 txs)
[2026-09-29T03:48:09.611Z INFO  blacksilk_miner] found block 2022 (reward 19.98859793 BLK, 0 txs)
[2026-09-29T03:48:38.903Z INFO  blacksilk_miner] found block 2023 (reward 19.98857887 BLK, 0 txs)
[2026-09-29T03:48:40.294Z INFO  blacksilk_miner] found block 2024 (reward 19.98855981 BLK, 0 txs)
[2026-09-29T03:48:49.668Z INFO  blacksilk_miner] found block 2025 (reward 19.98854074 BLK, 0 txs)
[2026-09-29T03:48:54.696Z INFO  blacksilk_miner] hash rate 27.5 H/s (full mode)
[2026-09-29T03:49:00.283Z INFO  blacksilk_miner] found block 2026 (reward 19.98886628 BLK, 1 txs)
[2026-09-29T03:49:23.203Z INFO  blacksilk_miner] found block 2027 (reward 19.98935182 BLK, 2 txs)
[2026-09-29T03:49:26.115Z INFO  blacksilk_miner] found block 2028 (reward 19.98848356 BLK, 0 txs)
[2026-09-29T03:49:26.833Z INFO  blacksilk_miner] found block 2029 (reward 19.98846449 BLK, 0 txs)
[2026-09-29T03:49:34.492Z INFO  blacksilk_miner] found block 2030 (reward 19.98844543 BLK, 0 txs)
[2026-09-29T03:49:54.726Z INFO  blacksilk_miner] hash rate 24.7 H/s (full mode)
[2026-09-29T03:49:59.255Z INFO  blacksilk_miner] found block 2031 (reward 19.98911557 BLK, 2 txs)
[2026-09-29T03:50:04.903Z INFO  blacksilk_miner] found block 2032 (reward 19.98840731 BLK, 0 txs)
[2026-09-29T03:50:10.304Z INFO  blacksilk_miner] found block 2033 (reward 19.98838824 BLK, 0 txs)
[2026-09-29T03:50:15.759Z INFO  blacksilk_miner] found block 2034 (reward 19.98836918 BLK, 0 txs)
[2026-09-29T03:50:20.272Z INFO  blacksilk_miner] found block 2035 (reward 19.98835012 BLK, 0 txs)
[2026-09-29T03:50:43.293Z INFO  blacksilk_miner] found block 2036 (reward 19.98867566 BLK, 1 txs)
[2026-09-29T03:50:49.291Z INFO  blacksilk_miner] found block 2037 (reward 19.98865659 BLK, 1 txs)
[2026-09-29T03:50:57.310Z INFO  blacksilk_miner] hash rate 24.8 H/s (full mode)
[2026-09-29T03:50:57.878Z INFO  blacksilk_miner] found block 2038 (reward 19.98829293 BLK, 0 txs)
[2026-09-29T03:50:59.654Z INFO  blacksilk_miner] found block 2039 (reward 19.98861847 BLK, 1 txs)
[2026-09-29T03:51:08.180Z INFO  blacksilk_miner] found block 2040 (reward 19.98825481 BLK, 0 txs)
[2026-09-29T03:51:25.410Z INFO  blacksilk_miner] found block 2041 (reward 19.98874034 BLK, 1 txs)
[2026-09-29T03:51:37.694Z INFO  blacksilk_miner] found block 2042 (reward 19.98856128 BLK, 1 txs)
[2026-09-29T03:51:38.737Z INFO  blacksilk_miner] found block 2043 (reward 19.98819762 BLK, 0 txs)
[2026-09-29T03:51:49.141Z INFO  blacksilk_miner] found block 2044 (reward 19.98817856 BLK, 0 txs)
[2026-09-29T03:51:59.294Z INFO  blacksilk_miner] hash rate 26.0 H/s (full mode)
[2026-09-29T03:52:09.714Z INFO  blacksilk_miner] found block 2045 (reward 19.98815950 BLK, 0 txs)
[2026-09-29T03:52:13.922Z INFO  blacksilk_miner] found block 2046 (reward 19.98814043 BLK, 0 txs)
[2026-09-29T03:52:28.350Z INFO  blacksilk_miner] found block 2047 (reward 19.98812137 BLK, 0 txs)
[2026-09-29T03:52:30.900Z INFO  blacksilk_miner] found block 2048 (reward 19.98810231 BLK, 0 txs)
[2026-09-29T03:52:50.564Z INFO  blacksilk_miner] found block 2049 (reward 19.98808325 BLK, 0 txs)
[2026-09-29T03:53:00.726Z INFO  blacksilk_miner] hash rate 21.8 H/s (full mode)
[2026-09-29T03:53:08.699Z INFO  blacksilk_miner] found block 2050 (reward 19.98806418 BLK, 0 txs)
[2026-09-29T03:53:14.026Z INFO  blacksilk_miner] found block 2051 (reward 19.98804512 BLK, 0 txs)
[2026-09-29T03:53:43.737Z INFO  blacksilk_miner] found block 2052 (reward 19.98837066 BLK, 1 txs)
[2026-09-29T03:54:04.342Z INFO  blacksilk_miner] hash rate 18.1 H/s (full mode)
[2026-09-29T03:54:13.619Z INFO  blacksilk_miner] found block 2053 (reward 19.98800700 BLK, 0 txs)
[2026-09-29T03:54:22.898Z INFO  blacksilk_miner] found block 2054 (reward 19.98798794 BLK, 0 txs)
[2026-09-29T03:54:24.492Z INFO  blacksilk_miner] found block 2055 (reward 19.98796887 BLK, 0 txs)
[2026-09-29T03:54:35.954Z INFO  blacksilk_miner] found block 2056 (reward 19.98829441 BLK, 1 txs)
[2026-09-29T03:54:53.393Z INFO  blacksilk_miner] found block 2057 (reward 19.98957995 BLK, 2 txs)
[2026-09-29T03:55:07.072Z INFO  blacksilk_miner] hash rate 16.8 H/s (full mode)
[2026-09-29T03:55:07.788Z INFO  blacksilk_miner] found block 2058 (reward 19.98958549 BLK, 3 txs)
[2026-09-29T03:55:44.264Z INFO  blacksilk_miner] found block 2059 (reward 19.98858183 BLK, 2 txs)
[2026-09-29T03:55:48.444Z INFO  blacksilk_miner] found block 2060 (reward 19.98787356 BLK, 0 txs)
[2026-09-29T03:55:57.568Z INFO  blacksilk_miner] found block 2061 (reward 19.98785450 BLK, 0 txs)
[2026-09-29T03:56:01.567Z INFO  blacksilk_miner] found block 2062 (reward 19.98783544 BLK, 0 txs)
[2026-09-29T03:56:11.796Z INFO  blacksilk_miner] hash rate 19.3 H/s (full mode)
[2026-09-29T03:56:55.824Z INFO  blacksilk_miner] found block 2063 (reward 19.98850558 BLK, 2 txs)
[2026-09-29T03:57:08.882Z INFO  blacksilk_miner] found block 2064 (reward 19.98779732 BLK, 0 txs)
[2026-09-29T03:57:10.884Z INFO  blacksilk_miner] found block 2065 (reward 19.98777825 BLK, 0 txs)
[2026-09-29T03:57:15.969Z INFO  blacksilk_miner] hash rate 19.7 H/s (full mode)
[2026-09-29T03:57:29.478Z INFO  blacksilk_miner] found block 2066 (reward 19.98810379 BLK, 1 txs)
[2026-09-29T03:57:32.790Z INFO  blacksilk_miner] found block 2067 (reward 19.98774013 BLK, 0 txs)
[2026-09-29T03:57:42.347Z INFO  blacksilk_miner] found block 2068 (reward 19.98772107 BLK, 0 txs)
[2026-09-29T03:57:48.522Z INFO  blacksilk_miner] found block 2069 (reward 19.98770201 BLK, 0 txs)
[2026-09-29T03:57:59.617Z INFO  blacksilk_miner] found block 2070 (reward 19.98768295 BLK, 0 txs)
[2026-09-29T03:58:13.608Z INFO  blacksilk_miner] found block 2071 (reward 19.98766388 BLK, 0 txs)
[2026-09-29T03:58:18.639Z INFO  blacksilk_miner] hash rate 20.8 H/s (full mode)
[2026-09-29T03:58:26.373Z INFO  blacksilk_miner] found block 2072 (reward 19.98881402 BLK, 2 txs)
[2026-09-29T03:58:29.004Z INFO  blacksilk_miner] found block 2073 (reward 19.98762576 BLK, 0 txs)
[2026-09-29T03:58:36.456Z INFO  blacksilk_miner] found block 2074 (reward 19.98760670 BLK, 0 txs)
[2026-09-29T03:58:44.567Z INFO  blacksilk_miner] found block 2075 (reward 19.98758764 BLK, 0 txs)
[2026-09-29T03:58:49.036Z INFO  blacksilk_miner] found block 2076 (reward 19.98756858 BLK, 0 txs)
[2026-09-29T03:58:56.033Z INFO  blacksilk_miner] found block 2077 (reward 19.98754951 BLK, 0 txs)
[2026-09-29T03:58:57.915Z INFO  blacksilk_miner] found block 2078 (reward 19.98753045 BLK, 0 txs)
[2026-09-29T03:59:01.475Z INFO  blacksilk_miner] found block 2079 (reward 19.98785599 BLK, 1 txs)
[2026-09-29T03:59:05.509Z INFO  blacksilk_miner] found block 2080 (reward 19.98749233 BLK, 0 txs)
[2026-09-29T03:59:06.489Z INFO  blacksilk_miner] found block 2081 (reward 19.98781787 BLK, 1 txs)
[2026-09-29T03:59:15.469Z INFO  blacksilk_miner] found block 2082 (reward 19.98745421 BLK, 0 txs)
[2026-09-29T03:59:16.935Z INFO  blacksilk_miner] found block 2083 (reward 19.98777974 BLK, 1 txs)
[2026-09-29T03:59:18.905Z INFO  blacksilk_miner] found block 2084 (reward 19.98741608 BLK, 0 txs)
[2026-09-29T03:59:23.774Z INFO  blacksilk_miner] hash rate 24.3 H/s (full mode)
[2026-09-29T03:59:24.362Z INFO  blacksilk_miner] found block 2085 (reward 19.98739702 BLK, 0 txs)
[2026-09-29T03:59:39.603Z INFO  blacksilk_miner] found block 2086 (reward 19.98772256 BLK, 1 txs)
[2026-09-29T03:59:42.018Z INFO  blacksilk_miner] found block 2087 (reward 19.98735890 BLK, 0 txs)
[2026-09-29T03:59:45.893Z INFO  blacksilk_miner] found block 2088 (reward 19.98733984 BLK, 0 txs)
[2026-09-29T03:59:48.141Z INFO  blacksilk_miner] found block 2089 (reward 19.98732078 BLK, 0 txs)
[2026-09-29T03:59:50.664Z INFO  blacksilk_miner] found block 2090 (reward 19.98730171 BLK, 0 txs)
[2026-09-29T04:00:02.380Z INFO  blacksilk_miner] found block 2091 (reward 19.98762725 BLK, 1 txs)
[2026-09-29T04:00:14.375Z INFO  blacksilk_miner] found block 2092 (reward 19.98760819 BLK, 1 txs)
[2026-09-29T04:00:24.532Z INFO  blacksilk_miner] hash rate 24.9 H/s (full mode)
[2026-09-29T04:00:27.004Z INFO  blacksilk_miner] found block 2093 (reward 19.98724453 BLK, 0 txs)
[2026-09-29T04:00:37.782Z INFO  blacksilk_miner] found block 2094 (reward 19.98757007 BLK, 1 txs)
[2026-09-29T04:00:39.126Z INFO  blacksilk_miner] found block 2095 (reward 19.98720641 BLK, 0 txs)
[2026-09-29T04:01:02.690Z INFO  blacksilk_miner] found block 2096 (reward 19.98753195 BLK, 1 txs)
[2026-09-29T04:01:07.940Z INFO  blacksilk_miner] found block 2097 (reward 19.98716829 BLK, 0 txs)
[2026-09-29T04:01:23.038Z INFO  blacksilk_miner] found block 2098 (reward 19.98749382 BLK, 1 txs)
[2026-09-29T04:01:28.113Z INFO  blacksilk_miner] hash rate 25.9 H/s (full mode)
[2026-09-29T04:01:42.573Z INFO  blacksilk_miner] found block 2099 (reward 19.98747476 BLK, 1 txs)
[2026-09-29T04:01:49.524Z INFO  blacksilk_miner] found block 2100 (reward 19.98711110 BLK, 0 txs)
[2026-09-29T04:01:50.291Z INFO  blacksilk_miner] found block 2101 (reward 19.98709204 BLK, 0 txs)
[2026-09-29T04:01:56.918Z INFO  blacksilk_miner] found block 2102 (reward 19.98707298 BLK, 0 txs)
[2026-09-29T04:02:14.892Z INFO  blacksilk_miner] found block 2103 (reward 19.98803852 BLK, 1 txs)
[2026-09-29T04:02:30.018Z INFO  blacksilk_miner] hash rate 26.5 H/s (full mode)
[2026-09-29T04:02:36.678Z INFO  blacksilk_miner] found block 2104 (reward 19.98772406 BLK, 2 txs)
[2026-09-29T04:02:38.550Z INFO  blacksilk_miner] found block 2105 (reward 19.98701580 BLK, 0 txs)
[2026-09-29T04:02:49.197Z INFO  blacksilk_miner] found block 2106 (reward 19.98699673 BLK, 0 txs)
[2026-09-29T04:02:52.840Z INFO  blacksilk_miner] found block 2107 (reward 19.98697767 BLK, 0 txs)
[2026-09-29T04:03:03.851Z INFO  blacksilk_miner] found block 2108 (reward 19.98695861 BLK, 0 txs)
[2026-09-29T04:03:06.348Z INFO  blacksilk_miner] found block 2109 (reward 19.98693955 BLK, 0 txs)
[2026-09-29T04:03:31.635Z INFO  blacksilk_miner] hash rate 26.4 H/s (full mode)
[2026-09-29T04:03:35.550Z INFO  blacksilk_miner] found block 2110 (reward 19.98742509 BLK, 1 txs)
[2026-09-29T04:03:36.298Z INFO  blacksilk_miner] found block 2111 (reward 19.98724603 BLK, 1 txs)
[2026-09-29T04:03:38.155Z INFO  blacksilk_miner] found block 2112 (reward 19.98688237 BLK, 0 txs)
[2026-09-29T04:03:38.155Z INFO  blacksilk_miner] RandomX key 3bbf6fb874d645fc: prebuilt context in use
[2026-09-29T04:03:41.064Z INFO  blacksilk_miner] found block 2113 (reward 19.98686331 BLK, 0 txs)
[2026-09-29T04:03:46.457Z INFO  blacksilk_miner] found block 2114 (reward 19.98718885 BLK, 1 txs)
[2026-09-29T04:03:51.650Z INFO  blacksilk_miner] found block 2115 (reward 19.98682519 BLK, 0 txs)
[2026-09-29T04:03:54.874Z INFO  blacksilk_miner] found block 2116 (reward 19.98715072 BLK, 1 txs)
[2026-09-29T04:04:27.600Z INFO  blacksilk_miner] found block 2117 (reward 19.98713166 BLK, 1 txs)
[2026-09-29T04:04:30.099Z INFO  blacksilk_miner] found block 2118 (reward 19.98676800 BLK, 0 txs)
[2026-09-29T04:04:35.174Z INFO  blacksilk_miner] hash rate 25.8 H/s (full mode)
[2026-09-29T04:04:37.437Z INFO  blacksilk_miner] found block 2119 (reward 19.98674894 BLK, 0 txs)
[2026-09-29T04:04:39.199Z INFO  blacksilk_miner] found block 2120 (reward 19.98672988 BLK, 0 txs)
[2026-09-29T04:04:44.528Z INFO  blacksilk_miner] found block 2121 (reward 19.98671082 BLK, 0 txs)
[2026-09-29T04:05:11.768Z INFO  blacksilk_miner] found block 2122 (reward 19.98772556 BLK, 3 txs)
[2026-09-29T04:05:22.005Z INFO  blacksilk_miner] found block 2123 (reward 19.98667270 BLK, 0 txs)
[2026-09-29T04:05:30.089Z INFO  blacksilk_miner] found block 2124 (reward 19.98665364 BLK, 0 txs)
[2026-09-29T04:05:36.142Z INFO  blacksilk_miner] hash rate 26.1 H/s (full mode)
[2026-09-29T04:05:36.681Z INFO  blacksilk_miner] found block 2125 (reward 19.98663458 BLK, 0 txs)
[2026-09-29T04:05:43.005Z INFO  blacksilk_miner] found block 2126 (reward 19.98661552 BLK, 0 txs)
[2026-09-29T04:05:50.376Z INFO  blacksilk_miner] found block 2127 (reward 19.98659646 BLK, 0 txs)
[2026-09-29T04:05:54.381Z INFO  blacksilk_miner] found block 2128 (reward 19.98708200 BLK, 1 txs)
[2026-09-29T04:06:00.528Z INFO  blacksilk_miner] found block 2129 (reward 19.98655833 BLK, 0 txs)
[2026-09-29T04:06:03.381Z INFO  blacksilk_miner] found block 2130 (reward 19.98653927 BLK, 0 txs)
[2026-09-29T04:06:38.835Z INFO  blacksilk_miner] hash rate 24.9 H/s (full mode)
[2026-09-29T04:06:49.759Z INFO  blacksilk_miner] found block 2131 (reward 19.98755401 BLK, 3 txs)
[2026-09-29T04:07:06.365Z INFO  blacksilk_miner] found block 2132 (reward 19.98684575 BLK, 1 txs)
[2026-09-29T04:07:07.832Z INFO  blacksilk_miner] found block 2133 (reward 19.98648209 BLK, 0 txs)
[2026-09-29T04:07:13.237Z INFO  blacksilk_miner] found block 2134 (reward 19.98646303 BLK, 0 txs)
[2026-09-29T04:07:34.527Z INFO  blacksilk_miner] found block 2135 (reward 19.98644397 BLK, 0 txs)
[2026-09-29T04:07:39.582Z INFO  blacksilk_miner] hash rate 26.2 H/s (full mode)
[2026-09-29T04:07:54.974Z INFO  blacksilk_miner] new tip at height 2136: work on template 2136 abandoned after 251.3ms
[2026-09-29T04:08:00.472Z INFO  blacksilk_miner] found block 2137 (reward 19.98640585 BLK, 0 txs)
[2026-09-29T04:08:09.128Z INFO  blacksilk_miner] found block 2138 (reward 19.98673139 BLK, 1 txs)
[2026-09-29T04:08:10.283Z INFO  blacksilk_miner] found block 2139 (reward 19.98636773 BLK, 0 txs)
[2026-09-29T04:08:12.024Z INFO  blacksilk_miner] found block 2140 (reward 19.98634867 BLK, 0 txs)
[2026-09-29T04:08:16.347Z INFO  blacksilk_miner] found block 2141 (reward 19.98632961 BLK, 0 txs)
[2026-09-29T04:08:22.224Z INFO  blacksilk_miner] found block 2142 (reward 19.98665515 BLK, 1 txs)
[2026-09-29T04:08:25.022Z INFO  blacksilk_miner] found block 2143 (reward 19.98629149 BLK, 0 txs)
[2026-09-29T04:08:30.075Z INFO  blacksilk_miner] found block 2144 (reward 19.98627243 BLK, 0 txs)
[2026-09-29T04:08:40.196Z INFO  blacksilk_miner] hash rate 24.7 H/s (full mode)
[2026-09-29T04:08:47.414Z INFO  blacksilk_miner] found block 2145 (reward 19.98659797 BLK, 1 txs)
[2026-09-29T04:08:56.718Z INFO  blacksilk_miner] found block 2146 (reward 19.98623431 BLK, 0 txs)
[2026-09-29T04:09:00.700Z INFO  blacksilk_miner] found block 2147 (reward 19.98621525 BLK, 0 txs)
[2026-09-29T04:09:05.982Z INFO  blacksilk_miner] found block 2148 (reward 19.98654078 BLK, 1 txs)
[2026-09-29T04:09:18.356Z INFO  blacksilk_miner] found block 2149 (reward 19.98617712 BLK, 0 txs)
[2026-09-29T04:09:33.019Z INFO  blacksilk_miner] found block 2150 (reward 19.98650266 BLK, 1 txs)
[2026-09-29T04:09:43.133Z INFO  blacksilk_miner] hash rate 24.6 H/s (full mode)
[2026-09-29T04:09:44.807Z INFO  blacksilk_miner] found block 2151 (reward 19.98613900 BLK, 0 txs)
[2026-09-29T04:09:50.691Z INFO  blacksilk_miner] found block 2152 (reward 19.98611994 BLK, 0 txs)
[2026-09-29T04:10:17.434Z INFO  blacksilk_miner] found block 2153 (reward 19.98644548 BLK, 1 txs)
[2026-09-29T04:10:28.568Z INFO  blacksilk_miner] new tip at height 2154: work on template 2154 abandoned after 1.0s
[2026-09-29T04:10:32.837Z INFO  blacksilk_miner] found block 2155 (reward 19.98606276 BLK, 0 txs)
[2026-09-29T04:10:33.644Z INFO  blacksilk_miner] found block 2156 (reward 19.98604370 BLK, 0 txs)
[2026-09-29T04:10:43.780Z INFO  blacksilk_miner] hash rate 26.2 H/s (full mode)
[2026-09-29T04:10:48.161Z INFO  blacksilk_miner] found block 2157 (reward 19.98636924 BLK, 1 txs)
[2026-09-29T04:10:56.367Z INFO  blacksilk_miner] found block 2158 (reward 19.98600558 BLK, 0 txs)
[2026-09-29T04:11:07.943Z INFO  blacksilk_miner] found block 2159 (reward 19.98633112 BLK, 1 txs)
[2026-09-29T04:11:21.343Z INFO  blacksilk_miner] found block 2160 (reward 19.98596746 BLK, 0 txs)
[2026-09-29T04:11:24.247Z INFO  blacksilk_miner] found block 2161 (reward 19.98594840 BLK, 0 txs)
[2026-09-29T04:11:29.309Z INFO  blacksilk_miner] found block 2162 (reward 19.98592934 BLK, 0 txs)
[2026-09-29T04:11:32.224Z INFO  blacksilk_miner] found block 2163 (reward 19.98591028 BLK, 0 txs)
[2026-09-29T04:11:37.106Z INFO  blacksilk_miner] found block 2164 (reward 19.98589122 BLK, 0 txs)
[2026-09-29T04:11:47.232Z INFO  blacksilk_miner] hash rate 25.5 H/s (full mode)
[2026-09-29T04:12:28.952Z INFO  blacksilk_miner] found block 2165 (reward 19.98690596 BLK, 3 txs)
[2026-09-29T04:12:44.942Z INFO  blacksilk_miner] found block 2166 (reward 19.98619770 BLK, 1 txs)
[2026-09-29T04:12:50.030Z INFO  blacksilk_miner] hash rate 26.8 H/s (full mode)
[2026-09-29T04:12:58.566Z INFO  blacksilk_miner] new tip at height 2167: work on template 2167 abandoned after 3.5s
[2026-09-29T04:13:00.927Z INFO  blacksilk_miner] found block 2168 (reward 19.98581498 BLK, 0 txs)
[2026-09-29T04:13:24.760Z INFO  blacksilk_miner] found block 2169 (reward 19.98746972 BLK, 3 txs)
[2026-09-29T04:13:45.415Z INFO  blacksilk_miner] found block 2170 (reward 19.98577686 BLK, 0 txs)
[2026-09-29T04:13:50.116Z INFO  blacksilk_miner] hash rate 27.1 H/s (full mode)
[2026-09-29T04:13:50.675Z INFO  blacksilk_miner] found block 2171 (reward 19.98575780 BLK, 0 txs)
[2026-09-29T04:14:06.694Z INFO  blacksilk_miner] found block 2172 (reward 19.98608334 BLK, 1 txs)
[2026-09-29T04:14:14.743Z INFO  blacksilk_miner] found block 2173 (reward 19.98606428 BLK, 1 txs)
[2026-09-29T04:14:37.274Z INFO  blacksilk_miner] found block 2174 (reward 19.98604522 BLK, 1 txs)
[2026-09-29T04:14:42.885Z INFO  blacksilk_miner] found block 2175 (reward 19.98568156 BLK, 0 txs)
[2026-09-29T04:14:49.708Z INFO  blacksilk_miner] found block 2176 (reward 19.98566250 BLK, 0 txs)
[2026-09-29T04:14:51.354Z INFO  blacksilk_miner] hash rate 26.4 H/s (full mode)
[2026-09-29T04:14:51.871Z INFO  blacksilk_miner] found block 2177 (reward 19.98564344 BLK, 0 txs)
[2026-09-29T04:15:19.813Z INFO  blacksilk_miner] found block 2178 (reward 19.98647358 BLK, 2 txs)
[2026-09-29T04:15:26.448Z INFO  blacksilk_miner] found block 2179 (reward 19.98560532 BLK, 0 txs)
[2026-09-29T04:15:44.988Z INFO  blacksilk_miner] found block 2180 (reward 19.98627546 BLK, 2 txs)
[2026-09-29T04:15:47.628Z INFO  blacksilk_miner] found block 2181 (reward 19.98556720 BLK, 0 txs)
[2026-09-29T04:15:52.696Z INFO  blacksilk_miner] hash rate 26.4 H/s (full mode)
[2026-09-29T04:16:02.711Z INFO  blacksilk_miner] found block 2182 (reward 19.98554814 BLK, 0 txs)
[2026-09-29T04:16:06.794Z INFO  blacksilk_miner] found block 2183 (reward 19.98552908 BLK, 0 txs)
[2026-09-29T04:16:15.604Z INFO  blacksilk_miner] found block 2184 (reward 19.98551002 BLK, 0 txs)
[2026-09-29T04:16:36.742Z INFO  blacksilk_miner] found block 2185 (reward 19.98618017 BLK, 2 txs)
[2026-09-29T04:16:37.516Z INFO  blacksilk_miner] found block 2186 (reward 19.98547191 BLK, 0 txs)
[2026-09-29T04:16:39.253Z INFO  blacksilk_miner] found block 2187 (reward 19.98545285 BLK, 0 txs)
[2026-09-29T04:16:46.247Z INFO  blacksilk_miner] found block 2188 (reward 19.98577839 BLK, 1 txs)
[2026-09-29T04:16:56.344Z INFO  blacksilk_miner] hash rate 25.7 H/s (full mode)
[2026-09-29T04:17:00.353Z INFO  blacksilk_miner] found block 2189 (reward 19.98541473 BLK, 0 txs)
[2026-09-29T04:17:02.609Z INFO  blacksilk_miner] found block 2190 (reward 19.98539567 BLK, 0 txs)
[2026-09-29T04:17:03.440Z INFO  blacksilk_miner] found block 2191 (reward 19.98588121 BLK, 1 txs)
[2026-09-29T04:17:18.191Z INFO  blacksilk_miner] found block 2192 (reward 19.98535755 BLK, 0 txs)
[2026-09-29T04:17:30.057Z INFO  blacksilk_miner] found block 2193 (reward 19.98568309 BLK, 1 txs)
[2026-09-29T04:17:31.105Z INFO  blacksilk_miner] found block 2194 (reward 19.98531943 BLK, 0 txs)
[2026-09-29T04:17:41.604Z INFO  blacksilk_miner] found block 2195 (reward 19.98530037 BLK, 0 txs)
[2026-09-29T04:17:50.754Z INFO  blacksilk_miner] found block 2196 (reward 19.98562591 BLK, 1 txs)
[2026-09-29T04:17:57.761Z INFO  blacksilk_miner] hash rate 25.6 H/s (full mode)
[2026-09-29T04:17:58.280Z INFO  blacksilk_miner] found block 2197 (reward 19.98526225 BLK, 0 txs)
[2026-09-29T04:18:05.066Z INFO  blacksilk_miner] found block 2198 (reward 19.98558779 BLK, 1 txs)
[2026-09-29T04:18:09.609Z INFO  blacksilk_miner] found block 2199 (reward 19.98522413 BLK, 0 txs)
[2026-09-29T04:18:14.547Z INFO  blacksilk_miner] found block 2200 (reward 19.98520507 BLK, 0 txs)
[2026-09-29T04:18:26.215Z INFO  blacksilk_miner] found block 2201 (reward 19.98617061 BLK, 1 txs)
[2026-09-29T04:18:38.851Z INFO  blacksilk_miner] found block 2202 (reward 19.98516695 BLK, 0 txs)
[2026-09-29T04:18:40.665Z INFO  blacksilk_miner] found block 2203 (reward 19.98514789 BLK, 0 txs)
[2026-09-29T04:19:00.975Z INFO  blacksilk_miner] hash rate 26.0 H/s (full mode)
[2026-09-29T04:19:04.069Z INFO  blacksilk_miner] found block 2204 (reward 19.98547343 BLK, 1 txs)
[2026-09-29T04:19:08.442Z INFO  blacksilk_miner] found block 2205 (reward 19.98545438 BLK, 1 txs)
[2026-09-29T04:19:10.102Z INFO  blacksilk_miner] found block 2206 (reward 19.98509072 BLK, 0 txs)
[2026-09-29T04:19:15.238Z INFO  blacksilk_miner] found block 2207 (reward 19.98507166 BLK, 0 txs)
[2026-09-29T04:19:30.334Z INFO  blacksilk_miner] found block 2208 (reward 19.98539720 BLK, 1 txs)
[2026-09-29T04:19:34.714Z INFO  blacksilk_miner] found block 2209 (reward 19.98503354 BLK, 0 txs)
[2026-09-29T04:19:36.525Z INFO  blacksilk_miner] found block 2210 (reward 19.98501448 BLK, 0 txs)
[2026-09-29T04:19:43.057Z INFO  blacksilk_miner] found block 2211 (reward 19.98534002 BLK, 1 txs)
[2026-09-29T04:19:47.197Z INFO  blacksilk_miner] found block 2212 (reward 19.98497636 BLK, 0 txs)
[2026-09-29T04:19:50.713Z INFO  blacksilk_miner] found block 2213 (reward 19.98495730 BLK, 0 txs)
[2026-09-29T04:20:01.456Z INFO  blacksilk_miner] hash rate 25.0 H/s (full mode)
[2026-09-29T04:20:02.051Z INFO  blacksilk_miner] found block 2214 (reward 19.98493824 BLK, 0 txs)
[2026-09-29T04:20:08.674Z INFO  blacksilk_miner] found block 2215 (reward 19.98526378 BLK, 1 txs)
[2026-09-29T04:20:26.596Z INFO  blacksilk_miner] found block 2216 (reward 19.98524472 BLK, 1 txs)
[2026-09-29T04:20:32.534Z INFO  blacksilk_miner] found block 2217 (reward 19.98488107 BLK, 0 txs)
[2026-09-29T04:20:33.340Z INFO  blacksilk_miner] found block 2218 (reward 19.98486201 BLK, 0 txs)
[2026-09-29T04:20:47.082Z INFO  blacksilk_miner] found block 2219 (reward 19.98484295 BLK, 0 txs)
[2026-09-29T04:20:49.181Z INFO  blacksilk_miner] found block 2220 (reward 19.98482389 BLK, 0 txs)
[2026-09-29T04:20:58.879Z INFO  blacksilk_miner] found block 2221 (reward 19.98480483 BLK, 0 txs)
[2026-09-29T04:21:03.933Z INFO  blacksilk_miner] hash rate 25.9 H/s (full mode)
[2026-09-29T04:21:06.086Z INFO  blacksilk_miner] found block 2222 (reward 19.98513037 BLK, 1 txs)
[2026-09-29T04:21:11.618Z INFO  blacksilk_miner] found block 2223 (reward 19.98476671 BLK, 0 txs)
[2026-09-29T04:21:40.147Z INFO  blacksilk_miner] found block 2224 (reward 19.98543685 BLK, 2 txs)
[2026-09-29T04:21:47.487Z INFO  blacksilk_miner] found block 2225 (reward 19.98555319 BLK, 1 txs)
[2026-09-29T04:22:00.110Z INFO  blacksilk_miner] found block 2226 (reward 19.98470953 BLK, 0 txs)
[2026-09-29T04:22:00.780Z INFO  blacksilk_miner] found block 2227 (reward 19.98469048 BLK, 0 txs)
[2026-09-29T04:22:04.592Z INFO  blacksilk_miner] hash rate 26.2 H/s (full mode)
[2026-09-29T04:22:05.181Z INFO  blacksilk_miner] found block 2228 (reward 19.98467142 BLK, 0 txs)
[2026-09-29T04:22:06.133Z INFO  blacksilk_miner] found block 2229 (reward 19.98499696 BLK, 1 txs)
[2026-09-29T04:22:35.173Z INFO  blacksilk_miner] found block 2230 (reward 19.98463330 BLK, 0 txs)
[2026-09-29T04:22:37.956Z INFO  blacksilk_miner] found block 2231 (reward 19.98461424 BLK, 0 txs)
[2026-09-29T04:22:44.729Z INFO  blacksilk_miner] found block 2232 (reward 19.98493978 BLK, 1 txs)
[2026-09-29T04:22:45.724Z INFO  blacksilk_miner] found block 2233 (reward 19.98457612 BLK, 0 txs)
[2026-09-29T04:23:05.945Z INFO  blacksilk_miner] hash rate 26.4 H/s (full mode)
[2026-09-29T04:23:17.276Z INFO  blacksilk_miner] new tip at height 2234: work on template 2234 abandoned after 1.2s
[2026-09-29T04:23:54.063Z INFO  blacksilk_miner] found block 2235 (reward 19.98522720 BLK, 2 txs)
[2026-09-29T04:23:55.948Z INFO  blacksilk_miner] found block 2236 (reward 19.98451895 BLK, 0 txs)
[2026-09-29T04:24:03.457Z INFO  blacksilk_miner] found block 2237 (reward 19.98484449 BLK, 1 txs)
[2026-09-29T04:24:08.511Z INFO  blacksilk_miner] hash rate 27.2 H/s (full mode)
[2026-09-29T04:24:10.564Z INFO  blacksilk_miner] found block 2238 (reward 19.98562543 BLK, 1 txs)
[2026-09-29T04:24:19.786Z INFO  blacksilk_miner] found block 2239 (reward 19.98446177 BLK, 0 txs)
[2026-09-29T04:24:24.530Z INFO  blacksilk_miner] found block 2240 (reward 19.98444271 BLK, 0 txs)
[2026-09-29T04:24:47.625Z INFO  blacksilk_miner] found block 2241 (reward 19.98511285 BLK, 2 txs)
[2026-09-29T04:24:55.659Z INFO  blacksilk_miner] found block 2242 (reward 19.98440459 BLK, 0 txs)
[2026-09-29T04:25:02.209Z INFO  blacksilk_miner] new tip at height 2243: work on template 2243 abandoned after 1.5s
[2026-09-29T04:25:12.332Z INFO  blacksilk_miner] hash rate 26.5 H/s (full mode)
[2026-09-29T04:25:16.344Z INFO  blacksilk_miner] found block 2244 (reward 19.98487108 BLK, 1 txs)
[2026-09-29T04:25:21.534Z INFO  blacksilk_miner] found block 2245 (reward 19.98434742 BLK, 0 txs)
[2026-09-29T04:25:26.242Z INFO  blacksilk_miner] found block 2246 (reward 19.98432836 BLK, 0 txs)
[2026-09-29T04:25:32.489Z INFO  blacksilk_miner] found block 2247 (reward 19.98430930 BLK, 0 txs)
[2026-09-29T04:25:46.335Z INFO  blacksilk_miner] found block 2248 (reward 19.98429024 BLK, 0 txs)
[2026-09-29T04:26:00.190Z INFO  blacksilk_miner] found block 2249 (reward 19.98509578 BLK, 1 txs)
[2026-09-29T04:26:02.008Z INFO  blacksilk_miner] found block 2250 (reward 19.98425213 BLK, 0 txs)
[2026-09-29T04:26:11.584Z INFO  blacksilk_miner] found block 2251 (reward 19.98423307 BLK, 0 txs)
[2026-09-29T04:26:16.660Z INFO  blacksilk_miner] hash rate 25.8 H/s (full mode)
[2026-09-29T04:26:25.871Z INFO  blacksilk_miner] found block 2252 (reward 19.98421401 BLK, 0 txs)
[2026-09-29T04:26:30.277Z INFO  blacksilk_miner] found block 2253 (reward 19.98453955 BLK, 1 txs)
[2026-09-29T04:26:59.734Z INFO  blacksilk_miner] found block 2254 (reward 19.98486509 BLK, 2 txs)
[2026-09-29T04:27:14.803Z INFO  blacksilk_miner] found block 2255 (reward 19.98415683 BLK, 0 txs)
[2026-09-29T04:27:19.222Z INFO  blacksilk_miner] hash rate 26.9 H/s (full mode)
[2026-09-29T04:27:19.835Z INFO  blacksilk_miner] found block 2256 (reward 19.98413778 BLK, 0 txs); not on the node's best chain
[2026-09-29T04:27:22.443Z INFO  blacksilk_miner] found block 2257 (reward 19.98480792 BLK, 2 txs)
[2026-09-29T04:27:35.666Z INFO  blacksilk_miner] found block 2258 (reward 19.98409966 BLK, 0 txs)
[2026-09-29T04:27:47.969Z INFO  blacksilk_miner] found block 2259 (reward 19.98408060 BLK, 0 txs)
[2026-09-29T04:27:55.836Z INFO  blacksilk_miner] found block 2260 (reward 19.98406154 BLK, 0 txs)
[2026-09-29T04:28:03.456Z INFO  blacksilk_miner] found block 2261 (reward 19.98404248 BLK, 0 txs)
[2026-09-29T04:28:09.864Z INFO  blacksilk_miner] found block 2262 (reward 19.98436803 BLK, 1 txs)
[2026-09-29T04:28:12.906Z INFO  blacksilk_miner] found block 2263 (reward 19.98400437 BLK, 0 txs)
[2026-09-29T04:28:23.042Z INFO  blacksilk_miner] hash rate 25.7 H/s (full mode)
[2026-09-29T04:28:41.924Z INFO  blacksilk_miner] found block 2264 (reward 19.98467451 BLK, 2 txs)
[2026-09-29T04:28:55.587Z INFO  blacksilk_miner] found block 2265 (reward 19.98396625 BLK, 0 txs)
[2026-09-29T04:29:04.967Z INFO  blacksilk_miner] found block 2266 (reward 19.98394719 BLK, 0 txs)
[2026-09-29T04:29:09.797Z INFO  blacksilk_miner] found block 2267 (reward 19.98392813 BLK, 0 txs)
[2026-09-29T04:29:17.617Z INFO  blacksilk_miner] found block 2268 (reward 19.98425368 BLK, 1 txs)
[2026-09-29T04:29:27.755Z INFO  blacksilk_miner] hash rate 28.9 H/s (full mode)
[2026-09-29T04:29:30.933Z INFO  blacksilk_miner] found block 2269 (reward 19.98519462 BLK, 1 txs)
[2026-09-29T04:29:41.589Z INFO  blacksilk_miner] found block 2270 (reward 19.98387096 BLK, 0 txs)
[2026-09-29T04:29:45.756Z INFO  blacksilk_miner] found block 2271 (reward 19.98419650 BLK, 1 txs)
[2026-09-29T04:29:53.099Z INFO  blacksilk_miner] found block 2272 (reward 19.98383284 BLK, 0 txs)
[2026-09-29T04:29:55.646Z INFO  blacksilk_miner] found block 2273 (reward 19.98381379 BLK, 0 txs)
[2026-09-29T04:30:03.988Z INFO  blacksilk_miner] found block 2274 (reward 19.98379473 BLK, 0 txs)
[2026-09-29T04:30:09.724Z INFO  blacksilk_miner] new tip at height 2275: work on template 2275 abandoned after 637.5ms
[2026-09-29T04:30:14.258Z INFO  blacksilk_miner] found block 2276 (reward 19.98375661 BLK, 0 txs)
[2026-09-29T04:30:21.765Z INFO  blacksilk_miner] found block 2277 (reward 19.98373755 BLK, 0 txs)
[2026-09-29T04:30:23.305Z INFO  blacksilk_miner] found block 2278 (reward 19.98371850 BLK, 0 txs)
[2026-09-29T04:30:24.258Z INFO  blacksilk_miner] found block 2279 (reward 19.98369944 BLK, 0 txs)
[2026-09-29T04:30:29.309Z INFO  blacksilk_miner] hash rate 25.8 H/s (full mode)
[2026-09-29T04:30:30.752Z INFO  blacksilk_miner] found block 2280 (reward 19.98368038 BLK, 0 txs)
[2026-09-29T04:30:38.779Z INFO  blacksilk_miner] found block 2281 (reward 19.98400592 BLK, 1 txs)
[2026-09-29T04:30:54.636Z INFO  blacksilk_miner] found block 2282 (reward 19.98467606 BLK, 3 txs)
[2026-09-29T04:31:01.681Z INFO  blacksilk_miner] found block 2283 (reward 19.98362321 BLK, 0 txs)
[2026-09-29T04:31:04.191Z INFO  blacksilk_miner] found block 2284 (reward 19.98360415 BLK, 0 txs)
[2026-09-29T04:31:19.582Z INFO  blacksilk_miner] found block 2285 (reward 19.98358509 BLK, 0 txs)
[2026-09-29T04:31:29.695Z INFO  blacksilk_miner] hash rate 28.3 H/s (full mode)
[2026-09-29T04:31:35.077Z INFO  blacksilk_miner] found block 2286 (reward 19.98356603 BLK, 0 txs)
[2026-09-29T04:31:44.988Z INFO  blacksilk_miner] found block 2287 (reward 19.98389157 BLK, 1 txs)
[2026-09-29T04:31:58.397Z INFO  blacksilk_miner] found block 2288 (reward 19.98387252 BLK, 1 txs)
[2026-09-29T04:32:01.184Z INFO  blacksilk_miner] found block 2289 (reward 19.98350886 BLK, 0 txs)
[2026-09-29T04:32:15.675Z INFO  blacksilk_miner] found block 2290 (reward 19.98348980 BLK, 0 txs)
[2026-09-29T04:32:18.835Z INFO  blacksilk_miner] found block 2291 (reward 19.98381534 BLK, 1 txs)
[2026-09-29T04:32:22.110Z INFO  blacksilk_miner] found block 2292 (reward 19.98345169 BLK, 0 txs)
[2026-09-29T04:32:27.168Z INFO  blacksilk_miner] found block 2293 (reward 19.98343263 BLK, 0 txs)
[2026-09-29T04:32:29.443Z INFO  blacksilk_miner] found block 2294 (reward 19.98341357 BLK, 0 txs)
[2026-09-29T04:32:34.490Z INFO  blacksilk_miner] hash rate 26.5 H/s (full mode)
[2026-09-29T04:32:38.536Z INFO  blacksilk_miner] found block 2295 (reward 19.98389911 BLK, 1 txs)
[2026-09-29T04:32:54.055Z INFO  blacksilk_miner] found block 2296 (reward 19.98388005 BLK, 1 txs)
[2026-09-29T04:33:04.057Z INFO  blacksilk_miner] found block 2297 (reward 19.98335640 BLK, 0 txs)
[2026-09-29T04:33:38.616Z INFO  blacksilk_miner] hash rate 29.1 H/s (full mode)
[2026-09-29T04:33:39.191Z INFO  blacksilk_miner] found block 2298 (reward 19.98418654 BLK, 2 txs)
[2026-09-29T04:33:43.468Z INFO  blacksilk_miner] new tip at height 2299: work on template 2299 abandoned after 4.3s
[2026-09-29T04:33:50.134Z INFO  blacksilk_miner] found block 2300 (reward 19.98364382 BLK, 1 txs)
[2026-09-29T04:33:57.222Z INFO  blacksilk_miner] found block 2301 (reward 19.98410477 BLK, 1 txs)
[2026-09-29T04:34:02.614Z INFO  blacksilk_miner] found block 2302 (reward 19.98326111 BLK, 0 txs)
[2026-09-29T04:34:06.729Z INFO  blacksilk_miner] found block 2303 (reward 19.98324205 BLK, 0 txs)
[2026-09-29T04:34:17.639Z INFO  blacksilk_miner] found block 2304 (reward 19.98356759 BLK, 1 txs)
[2026-09-29T04:34:20.575Z INFO  blacksilk_miner] found block 2305 (reward 19.98320394 BLK, 0 txs)
[2026-09-29T04:34:31.355Z INFO  blacksilk_miner] found block 2306 (reward 19.98318488 BLK, 0 txs)
[2026-09-29T04:34:35.933Z INFO  blacksilk_miner] found block 2307 (reward 19.98316582 BLK, 0 txs)
[2026-09-29T04:34:40.998Z INFO  blacksilk_miner] hash rate 27.6 H/s (full mode)
[2026-09-29T04:35:11.595Z INFO  blacksilk_miner] found block 2308 (reward 19.98349136 BLK, 1 txs)
[2026-09-29T04:35:18.011Z INFO  blacksilk_miner] found block 2309 (reward 19.98312771 BLK, 0 txs)
[2026-09-29T04:35:27.901Z INFO  blacksilk_miner] found block 2310 (reward 19.98310865 BLK, 0 txs)
[2026-09-29T04:35:32.770Z INFO  blacksilk_miner] found block 2311 (reward 19.98359419 BLK, 1 txs)
[2026-09-29T04:35:42.871Z INFO  blacksilk_miner] hash rate 29.6 H/s (full mode)
[2026-09-29T04:36:05.139Z INFO  blacksilk_miner] found block 2312 (reward 19.98375973 BLK, 2 txs)
[2026-09-29T04:36:30.731Z INFO  blacksilk_miner] found block 2313 (reward 19.98339608 BLK, 1 txs)
[2026-09-29T04:36:41.968Z INFO  blacksilk_miner] found block 2314 (reward 19.98303242 BLK, 0 txs)
[2026-09-29T04:36:45.489Z INFO  blacksilk_miner] hash rate 28.3 H/s (full mode)
[2026-09-29T04:36:46.166Z INFO  blacksilk_miner] found block 2315 (reward 19.98301336 BLK, 0 txs)
[2026-09-29T04:36:48.134Z INFO  blacksilk_miner] found block 2316 (reward 19.98299431 BLK, 0 txs)
[2026-09-29T04:36:49.370Z INFO  blacksilk_miner] found block 2317 (reward 19.98331985 BLK, 1 txs)
[2026-09-29T04:37:00.957Z INFO  blacksilk_miner] found block 2318 (reward 19.98295619 BLK, 0 txs)
[2026-09-29T04:37:38.348Z INFO  blacksilk_miner] found block 2319 (reward 19.98397093 BLK, 3 txs)
[2026-09-29T04:37:47.557Z INFO  blacksilk_miner] hash rate 28.5 H/s (full mode)
[2026-09-29T04:37:48.103Z INFO  blacksilk_miner] found block 2320 (reward 19.98291808 BLK, 0 txs)
[2026-09-29T04:37:51.359Z INFO  blacksilk_miner] found block 2321 (reward 19.98289902 BLK, 0 txs)
[2026-09-29T04:37:59.641Z INFO  blacksilk_miner] found block 2322 (reward 19.98322456 BLK, 1 txs)
[2026-09-29T04:38:03.296Z INFO  blacksilk_miner] found block 2323 (reward 19.98286091 BLK, 0 txs)
[2026-09-29T04:38:35.617Z INFO  blacksilk_miner] found block 2324 (reward 19.98318645 BLK, 1 txs)
[2026-09-29T04:38:38.584Z INFO  blacksilk_miner] found block 2325 (reward 19.98282279 BLK, 0 txs)
[2026-09-29T04:38:46.326Z INFO  blacksilk_miner] found block 2326 (reward 19.98314833 BLK, 1 txs)
[2026-09-29T04:38:47.179Z INFO  blacksilk_miner] found block 2327 (reward 19.98278468 BLK, 0 txs)
[2026-09-29T04:38:48.654Z INFO  blacksilk_miner] hash rate 26.3 H/s (full mode)
[2026-09-29T04:38:49.177Z INFO  blacksilk_miner] found block 2328 (reward 19.98276562 BLK, 0 txs)
[2026-09-29T04:38:54.170Z INFO  blacksilk_miner] found block 2329 (reward 19.98274656 BLK, 0 txs)
[2026-09-29T04:39:07.510Z INFO  blacksilk_miner] found block 2330 (reward 19.98272751 BLK, 0 txs)
[2026-09-29T04:39:17.498Z INFO  blacksilk_miner] found block 2331 (reward 19.98339765 BLK, 2 txs)
[2026-09-29T04:39:20.023Z INFO  blacksilk_miner] found block 2332 (reward 19.98268939 BLK, 0 txs)
[2026-09-29T04:39:50.327Z INFO  blacksilk_miner] hash rate 28.3 H/s (full mode)
[2026-09-29T04:39:52.210Z INFO  blacksilk_miner] found block 2333 (reward 19.98301493 BLK, 1 txs)
[2026-09-29T04:40:00.512Z INFO  blacksilk_miner] found block 2334 (reward 19.98315588 BLK, 1 txs)
[2026-09-29T04:40:11.848Z INFO  blacksilk_miner] found block 2335 (reward 19.98263222 BLK, 0 txs)
[2026-09-29T04:40:21.081Z INFO  blacksilk_miner] found block 2336 (reward 19.98261316 BLK, 0 txs)
[2026-09-29T04:40:27.750Z INFO  blacksilk_miner] found block 2337 (reward 19.98293871 BLK, 1 txs)
[2026-09-29T04:40:31.852Z INFO  blacksilk_miner] found block 2338 (reward 19.98257505 BLK, 0 txs)
[2026-09-29T04:40:37.558Z INFO  blacksilk_miner] found block 2339 (reward 19.98255599 BLK, 0 txs)
[2026-09-29T04:40:48.195Z INFO  blacksilk_miner] found block 2340 (reward 19.98253694 BLK, 0 txs)
[2026-09-29T04:40:53.258Z INFO  blacksilk_miner] hash rate 27.9 H/s (full mode)
[2026-09-29T04:40:58.785Z INFO  blacksilk_miner] found block 2341 (reward 19.98302248 BLK, 1 txs)
[2026-09-29T04:41:19.995Z INFO  blacksilk_miner] found block 2342 (reward 19.98249882 BLK, 0 txs)
[2026-09-29T04:41:23.872Z INFO  blacksilk_miner] found block 2343 (reward 19.98247977 BLK, 0 txs)
[2026-09-29T04:41:27.597Z INFO  blacksilk_miner] found block 2344 (reward 19.98246071 BLK, 0 txs)
[2026-09-29T04:41:43.184Z INFO  blacksilk_miner] found block 2345 (reward 19.98379545 BLK, 3 txs)
[2026-09-29T04:41:49.812Z INFO  blacksilk_miner] found block 2346 (reward 19.98242260 BLK, 0 txs)
[2026-09-29T04:41:50.468Z INFO  blacksilk_miner] found block 2347 (reward 19.98240354 BLK, 0 txs)
[2026-09-29T04:41:51.298Z INFO  blacksilk_miner] found block 2348 (reward 19.98238448 BLK, 0 txs)
[2026-09-29T04:41:55.635Z INFO  blacksilk_miner] hash rate 28.2 H/s (full mode)
[2026-09-29T04:41:56.198Z INFO  blacksilk_miner] found block 2349 (reward 19.98236543 BLK, 0 txs)
[2026-09-29T04:42:02.103Z INFO  blacksilk_miner] found block 2350 (reward 19.98234637 BLK, 0 txs)
[2026-09-29T04:42:04.125Z INFO  blacksilk_miner] found block 2351 (reward 19.98232731 BLK, 0 txs)
[2026-09-29T04:42:16.433Z INFO  blacksilk_miner] found block 2352 (reward 19.98230826 BLK, 0 txs)
[2026-09-29T04:42:18.572Z INFO  blacksilk_miner] found block 2353 (reward 19.98228920 BLK, 0 txs)
[2026-09-29T04:42:21.979Z INFO  blacksilk_miner] found block 2354 (reward 19.98227014 BLK, 0 txs)
[2026-09-29T04:42:29.258Z INFO  blacksilk_miner] found block 2355 (reward 19.98225109 BLK, 0 txs)
[2026-09-29T04:42:32.038Z INFO  blacksilk_miner] found block 2356 (reward 19.98223203 BLK, 0 txs)
[2026-09-29T04:42:34.083Z INFO  blacksilk_miner] found block 2357 (reward 19.98221297 BLK, 0 txs)
[2026-09-29T04:42:36.967Z INFO  blacksilk_miner] found block 2358 (reward 19.98219392 BLK, 0 txs)
[2026-09-29T04:42:57.155Z INFO  blacksilk_miner] hash rate 26.9 H/s (full mode)
[2026-09-29T04:43:10.960Z INFO  blacksilk_miner] found block 2359 (reward 19.98437786 BLK, 5 txs)
[2026-09-29T04:43:23.021Z INFO  blacksilk_miner] found block 2360 (reward 19.98215580 BLK, 0 txs)
[2026-09-29T04:43:58.363Z INFO  blacksilk_miner] hash rate 28.3 H/s (full mode)
[2026-09-29T04:44:04.408Z INFO  blacksilk_miner] found block 2361 (reward 19.98298595 BLK, 2 txs)
[2026-09-29T04:44:29.407Z INFO  blacksilk_miner] found block 2362 (reward 19.98262229 BLK, 1 txs)
[2026-09-29T04:45:00.181Z INFO  blacksilk_miner] hash rate 25.3 H/s (full mode)
[2026-09-29T04:45:17.694Z INFO  blacksilk_miner] found block 2363 (reward 19.98278783 BLK, 2 txs)
[2026-09-29T04:46:04.429Z INFO  blacksilk_miner] hash rate 15.2 H/s (full mode)
[2026-09-29T04:46:12.761Z INFO  blacksilk_miner] found block 2364 (reward 19.98242418 BLK, 1 txs)
[2026-09-29T04:46:26.744Z INFO  blacksilk_miner] found block 2365 (reward 19.98418972 BLK, 2 txs)
[2026-09-29T04:46:48.162Z INFO  blacksilk_miner] found block 2366 (reward 19.98204146 BLK, 0 txs)
[2026-09-29T04:47:09.084Z INFO  blacksilk_miner] hash rate 14.9 H/s (full mode)
[2026-09-29T04:47:20.148Z INFO  blacksilk_miner] found block 2367 (reward 19.98236701 BLK, 1 txs)
[2026-09-29T04:47:41.493Z INFO  blacksilk_miner] found block 2368 (reward 19.98234795 BLK, 1 txs)
[2026-09-29T04:47:45.128Z INFO  blacksilk_miner] found block 2369 (reward 19.98198430 BLK, 0 txs)
[2026-09-29T04:47:53.166Z INFO  blacksilk_miner] found block 2370 (reward 19.98278984 BLK, 1 txs)
[2026-09-29T04:47:55.744Z INFO  blacksilk_miner] found block 2371 (reward 19.98194618 BLK, 0 txs)
[2026-09-29T04:48:01.043Z INFO  blacksilk_miner] found block 2372 (reward 19.98192713 BLK, 0 txs)
[2026-09-29T04:48:07.759Z INFO  blacksilk_miner] found block 2373 (reward 19.98190807 BLK, 0 txs)
[2026-09-29T04:48:12.824Z INFO  blacksilk_miner] hash rate 25.2 H/s (full mode)
[2026-09-29T04:48:17.965Z INFO  blacksilk_miner] found block 2374 (reward 19.98223361 BLK, 1 txs)
[2026-09-29T04:48:36.034Z INFO  blacksilk_miner] found block 2375 (reward 19.98237456 BLK, 1 txs)
[2026-09-29T04:48:43.952Z INFO  blacksilk_miner] found block 2376 (reward 19.98185090 BLK, 0 txs)
[2026-09-29T04:48:53.321Z INFO  blacksilk_miner] found block 2377 (reward 19.98183185 BLK, 0 txs)
[2026-09-29T04:49:03.885Z INFO  blacksilk_miner] found block 2378 (reward 19.98181279 BLK, 0 txs)
[2026-09-29T04:49:12.980Z INFO  blacksilk_miner] found block 2379 (reward 19.98296293 BLK, 2 txs)
[2026-09-29T04:49:13.108Z INFO  blacksilk_miner] hash rate 26.2 H/s (full mode)
[2026-09-29T04:49:13.695Z INFO  blacksilk_miner] found block 2380 (reward 19.98177468 BLK, 0 txs)
[2026-09-29T04:49:19.344Z INFO  blacksilk_miner] found block 2381 (reward 19.98175562 BLK, 0 txs)
[2026-09-29T04:49:22.578Z INFO  blacksilk_miner] found block 2382 (reward 19.98173657 BLK, 0 txs)
[2026-09-29T04:49:27.823Z INFO  blacksilk_miner] found block 2383 (reward 19.98171751 BLK, 0 txs)
[2026-09-29T04:49:34.970Z INFO  blacksilk_miner] found block 2384 (reward 19.98268305 BLK, 1 txs)
[2026-09-29T04:50:05.995Z INFO  blacksilk_miner] found block 2385 (reward 19.98234400 BLK, 1 txs)
[2026-09-29T04:50:09.483Z INFO  blacksilk_miner] found block 2386 (reward 19.98166034 BLK, 0 txs)
[2026-09-29T04:50:10.917Z INFO  blacksilk_miner] found block 2387 (reward 19.98164128 BLK, 0 txs)
[2026-09-29T04:50:15.931Z INFO  blacksilk_miner] hash rate 25.0 H/s (full mode)
[2026-09-29T04:50:24.368Z INFO  blacksilk_miner] found block 2388 (reward 19.98162223 BLK, 0 txs)
[2026-09-29T04:50:30.150Z INFO  blacksilk_miner] found block 2389 (reward 19.98194777 BLK, 1 txs)
[2026-09-29T04:50:49.302Z INFO  blacksilk_miner] found block 2390 (reward 19.98192872 BLK, 1 txs)
[2026-09-29T04:50:56.770Z INFO  blacksilk_miner] found block 2391 (reward 19.98156506 BLK, 0 txs)
[2026-09-29T04:50:57.866Z INFO  blacksilk_miner] found block 2392 (reward 19.98154601 BLK, 0 txs)
[2026-09-29T04:51:08.429Z INFO  blacksilk_miner] found block 2393 (reward 19.98219155 BLK, 1 txs)
[2026-09-29T04:51:17.101Z INFO  blacksilk_miner] hash rate 26.0 H/s (full mode)
[2026-09-29T04:51:17.708Z INFO  blacksilk_miner] found block 2394 (reward 19.98150789 BLK, 0 txs)
[2026-09-29T04:51:35.353Z INFO  blacksilk_miner] found block 2395 (reward 19.98183344 BLK, 1 txs)
[2026-09-29T04:51:48.445Z INFO  blacksilk_miner] found block 2396 (reward 19.98181438 BLK, 1 txs)
[2026-09-29T04:51:53.304Z INFO  blacksilk_miner] found block 2397 (reward 19.98145073 BLK, 0 txs)
[2026-09-29T04:52:13.120Z INFO  blacksilk_miner] found block 2398 (reward 19.98143167 BLK, 0 txs)
[2026-09-29T04:52:17.594Z INFO  blacksilk_miner] hash rate 25.8 H/s (full mode)
[2026-09-29T04:52:18.153Z INFO  blacksilk_miner] found block 2399 (reward 19.98141261 BLK, 0 txs)
[2026-09-29T04:52:21.274Z INFO  blacksilk_miner] found block 2400 (reward 19.98139356 BLK, 0 txs)
[2026-09-29T04:52:21.927Z INFO  blacksilk_miner] found block 2401 (reward 19.98137450 BLK, 0 txs)
[2026-09-29T04:52:25.186Z INFO  blacksilk_miner] found block 2402 (reward 19.98135545 BLK, 0 txs)
[2026-09-29T04:52:46.884Z INFO  blacksilk_miner] found block 2403 (reward 19.98168099 BLK, 1 txs)
[2026-09-29T04:52:48.855Z INFO  blacksilk_miner] found block 2404 (reward 19.98131734 BLK, 0 txs)
[2026-09-29T04:53:00.703Z INFO  blacksilk_miner] found block 2405 (reward 19.98164288 BLK, 1 txs)
[2026-09-29T04:53:09.519Z INFO  blacksilk_miner] found block 2406 (reward 19.98162382 BLK, 1 txs)
[2026-09-29T04:53:19.654Z INFO  blacksilk_miner] hash rate 25.8 H/s (full mode)
[2026-09-29T04:53:23.563Z INFO  blacksilk_miner] found block 2407 (reward 19.98160477 BLK, 1 txs)
[2026-09-29T04:53:28.188Z INFO  blacksilk_miner] found block 2408 (reward 19.98174571 BLK, 1 txs)
[2026-09-29T04:53:32.767Z INFO  blacksilk_miner] found block 2409 (reward 19.98122206 BLK, 0 txs)
[2026-09-29T04:53:40.502Z INFO  blacksilk_miner] found block 2410 (reward 19.98120300 BLK, 0 txs)
[2026-09-29T04:53:45.515Z INFO  blacksilk_miner] found block 2411 (reward 19.98118395 BLK, 0 txs)
[2026-09-29T04:53:47.775Z INFO  blacksilk_miner] found block 2412 (reward 19.98116489 BLK, 0 txs)
[2026-09-29T04:53:53.305Z INFO  blacksilk_miner] found block 2413 (reward 19.98149044 BLK, 1 txs)
[2026-09-29T04:54:16.073Z INFO  blacksilk_miner] found block 2414 (reward 19.98147138 BLK, 1 txs)
[2026-09-29T04:54:19.411Z INFO  blacksilk_miner] found block 2415 (reward 19.98110772 BLK, 0 txs)
[2026-09-29T04:54:24.469Z INFO  blacksilk_miner] hash rate 25.5 H/s (full mode)
[2026-09-29T04:54:55.369Z INFO  blacksilk_miner] found block 2416 (reward 19.98143327 BLK, 1 txs)
[2026-09-29T04:54:59.896Z INFO  blacksilk_miner] found block 2417 (reward 19.98106961 BLK, 0 txs)
[2026-09-29T04:55:01.579Z INFO  blacksilk_miner] found block 2418 (reward 19.98105056 BLK, 0 txs)
[2026-09-29T04:55:11.251Z INFO  blacksilk_miner] found block 2419 (reward 19.98137610 BLK, 1 txs)
[2026-09-29T04:55:20.683Z INFO  blacksilk_miner] found block 2420 (reward 19.98101245 BLK, 0 txs)
[2026-09-29T04:55:25.716Z INFO  blacksilk_miner] hash rate 26.9 H/s (full mode)
[2026-09-29T04:55:44.782Z INFO  blacksilk_miner] found block 2421 (reward 19.98200259 BLK, 2 txs)
[2026-09-29T04:55:57.223Z INFO  blacksilk_miner] found block 2422 (reward 19.98131894 BLK, 1 txs)
[2026-09-29T04:55:57.889Z INFO  blacksilk_miner] found block 2423 (reward 19.98095528 BLK, 0 txs)
[2026-09-29T04:56:07.143Z INFO  blacksilk_miner] found block 2424 (reward 19.98093623 BLK, 0 txs)
[2026-09-29T04:56:14.169Z INFO  blacksilk_miner] new tip at height 2425: work on template 2425 abandoned after 2.0s
[2026-09-29T04:56:20.002Z INFO  blacksilk_miner] found block 2426 (reward 19.98089812 BLK, 0 txs)
[2026-09-29T04:56:30.115Z INFO  blacksilk_miner] hash rate 26.5 H/s (full mode)
[2026-09-29T04:56:33.703Z INFO  blacksilk_miner] found block 2427 (reward 19.98122366 BLK, 1 txs)
[2026-09-29T04:56:36.030Z INFO  blacksilk_miner] found block 2428 (reward 19.98086000 BLK, 0 txs)
[2026-09-29T04:56:42.819Z INFO  blacksilk_miner] found block 2429 (reward 19.98118555 BLK, 1 txs)
[2026-09-29T04:56:48.187Z INFO  blacksilk_miner] found block 2430 (reward 19.98082189 BLK, 0 txs); not on the node's best chain
[2026-09-29T04:57:01.100Z INFO  blacksilk_miner] new tip at height 2431: work on template 2431 abandoned after 2.8s
[2026-09-29T04:57:04.072Z INFO  blacksilk_miner] found block 2432 (reward 19.98078378 BLK, 0 txs)
[2026-09-29T04:57:34.367Z INFO  blacksilk_miner] hash rate 26.2 H/s (full mode)
[2026-09-29T04:57:42.208Z INFO  blacksilk_miner] found block 2433 (reward 19.98161393 BLK, 2 txs)
[2026-09-29T04:57:51.589Z INFO  blacksilk_miner] found block 2434 (reward 19.98074567 BLK, 0 txs)
[2026-09-29T04:57:53.449Z INFO  blacksilk_miner] found block 2435 (reward 19.98072662 BLK, 0 txs)
[2026-09-29T04:58:25.692Z INFO  blacksilk_miner] found block 2436 (reward 19.98139676 BLK, 2 txs)
[2026-09-29T04:58:29.734Z INFO  blacksilk_miner] new tip at height 2437: work on template 2437 abandoned after 4.0s
[2026-09-29T04:58:34.761Z INFO  blacksilk_miner] hash rate 26.8 H/s (full mode)
[2026-09-29T04:58:42.213Z INFO  blacksilk_miner] found block 2438 (reward 19.98066945 BLK, 0 txs)
[2026-09-29T04:58:47.093Z INFO  blacksilk_miner] found block 2439 (reward 19.98065040 BLK, 0 txs)
[2026-09-29T04:58:50.482Z INFO  blacksilk_miner] found block 2440 (reward 19.98063134 BLK, 0 txs)
[2026-09-29T04:58:55.363Z INFO  blacksilk_miner] found block 2441 (reward 19.98061229 BLK, 0 txs)
[2026-09-29T04:59:10.046Z INFO  blacksilk_miner] found block 2442 (reward 19.98093783 BLK, 1 txs)
[2026-09-29T04:59:10.851Z INFO  blacksilk_miner] found block 2443 (reward 19.98057418 BLK, 0 txs)
[2026-09-29T04:59:19.844Z INFO  blacksilk_miner] new tip at height 2444: work on template 2444 abandoned after 3.9s
[2026-09-29T04:59:32.675Z INFO  blacksilk_miner] found block 2445 (reward 19.98088067 BLK, 1 txs)
[2026-09-29T04:59:36.609Z INFO  blacksilk_miner] hash rate 25.9 H/s (full mode)
[2026-09-29T04:59:37.167Z INFO  blacksilk_miner] found block 2446 (reward 19.98051701 BLK, 0 txs)
[2026-09-29T04:59:47.884Z INFO  blacksilk_miner] found block 2447 (reward 19.98049796 BLK, 0 txs)
[2026-09-29T04:59:48.652Z INFO  blacksilk_miner] found block 2448 (reward 19.98047890 BLK, 0 txs)
[2026-09-29T04:59:57.670Z INFO  blacksilk_miner] found block 2449 (reward 19.98080445 BLK, 1 txs)
[2026-09-29T05:00:10.467Z INFO  blacksilk_miner] found block 2450 (reward 19.98078539 BLK, 1 txs)
[2026-09-29T05:00:14.282Z INFO  blacksilk_miner] found block 2451 (reward 19.98076634 BLK, 1 txs)
[2026-09-29T05:00:30.035Z INFO  blacksilk_miner] found block 2452 (reward 19.98040268 BLK, 0 txs)
[2026-09-29T05:00:32.235Z INFO  blacksilk_miner] found block 2453 (reward 19.98038363 BLK, 0 txs)
[2026-09-29T05:00:37.267Z INFO  blacksilk_miner] hash rate 24.0 H/s (full mode)
[2026-09-29T05:00:53.754Z INFO  blacksilk_miner] found block 2454 (reward 19.98118917 BLK, 1 txs)
[2026-09-29T05:01:17.099Z INFO  blacksilk_miner] found block 2455 (reward 19.98069012 BLK, 1 txs)
[2026-09-29T05:01:18.054Z INFO  blacksilk_miner] found block 2456 (reward 19.98032646 BLK, 0 txs)
[2026-09-29T05:01:20.428Z INFO  blacksilk_miner] found block 2457 (reward 19.98030741 BLK, 0 txs)
[2026-09-29T05:01:30.269Z INFO  blacksilk_miner] found block 2458 (reward 19.98063296 BLK, 1 txs)
[2026-09-29T05:01:40.374Z INFO  blacksilk_miner] hash rate 26.2 H/s (full mode)
[2026-09-29T05:01:48.755Z INFO  blacksilk_miner] new tip at height 2459: work on template 2459 abandoned after 3.3s
[2026-09-29T05:01:56.089Z INFO  blacksilk_miner] found block 2460 (reward 19.98059485 BLK, 1 txs)
[2026-09-29T05:02:08.785Z INFO  blacksilk_miner] found block 2461 (reward 19.98023119 BLK, 0 txs)
[2026-09-29T05:02:20.514Z INFO  blacksilk_miner] found block 2462 (reward 19.98055674 BLK, 1 txs)
[2026-09-29T05:02:28.835Z INFO  blacksilk_miner] found block 2463 (reward 19.98053768 BLK, 1 txs)
[2026-09-29T05:02:31.115Z INFO  blacksilk_miner] found block 2464 (reward 19.98017403 BLK, 0 txs)
[2026-09-29T05:02:39.841Z INFO  blacksilk_miner] found block 2465 (reward 19.98097957 BLK, 1 txs)
[2026-09-29T05:02:43.246Z INFO  blacksilk_miner] hash rate 25.7 H/s (full mode)
[2026-09-29T05:02:43.807Z INFO  blacksilk_miner] found block 2466 (reward 19.98013592 BLK, 0 txs)
[2026-09-29T05:02:53.171Z INFO  blacksilk_miner] found block 2467 (reward 19.98011686 BLK, 0 txs)
[2026-09-29T05:03:23.005Z INFO  blacksilk_miner] found block 2468 (reward 19.98110701 BLK, 2 txs)
[2026-09-29T05:03:30.483Z INFO  blacksilk_miner] found block 2469 (reward 19.98007875 BLK, 0 txs)
[2026-09-29T05:03:32.204Z INFO  blacksilk_miner] found block 2470 (reward 19.98056430 BLK, 1 txs)
[2026-09-29T05:03:39.239Z INFO  blacksilk_miner] found block 2471 (reward 19.98004065 BLK, 0 txs)
[2026-09-29T05:03:42.968Z INFO  blacksilk_miner] found block 2472 (reward 19.98002159 BLK, 0 txs)
[2026-09-29T05:03:48.034Z INFO  blacksilk_miner] hash rate 25.9 H/s (full mode)
[2026-09-29T05:03:51.381Z INFO  blacksilk_miner] new tip at height 2473: work on template 2473 abandoned after 3.3s
[2026-09-29T05:04:05.317Z INFO  blacksilk_miner] found block 2474 (reward 19.97998348 BLK, 0 txs)
[2026-09-29T05:04:07.650Z INFO  blacksilk_miner] found block 2475 (reward 19.97996443 BLK, 0 txs)
[2026-09-29T05:04:10.931Z INFO  blacksilk_miner] new tip at height 2476: work on template 2476 abandoned after 3.3s
[2026-09-29T05:04:16.248Z INFO  blacksilk_miner] found block 2477 (reward 19.98043092 BLK, 1 txs)
[2026-09-29T05:04:22.622Z INFO  blacksilk_miner] found block 2478 (reward 19.97990727 BLK, 0 txs)
[2026-09-29T05:04:23.845Z INFO  blacksilk_miner] found block 2479 (reward 19.97988821 BLK, 0 txs)
[2026-09-29T05:04:28.262Z INFO  blacksilk_miner] found block 2480 (reward 19.97986916 BLK, 0 txs)
[2026-09-29T05:04:31.324Z INFO  blacksilk_miner] found block 2481 (reward 19.97985010 BLK, 0 txs)
[2026-09-29T05:04:37.202Z INFO  blacksilk_miner] found block 2482 (reward 19.97983105 BLK, 0 txs)
[2026-09-29T05:04:49.368Z INFO  blacksilk_miner] hash rate 25.8 H/s (full mode)
[2026-09-29T05:04:49.941Z INFO  blacksilk_miner] found block 2483 (reward 19.98015659 BLK, 1 txs)
[2026-09-29T05:05:06.174Z INFO  blacksilk_miner] found block 2484 (reward 19.98013754 BLK, 1 txs)
[2026-09-29T05:05:35.651Z INFO  blacksilk_miner] found block 2485 (reward 19.97977389 BLK, 0 txs)
[2026-09-29T05:05:38.069Z INFO  blacksilk_miner] found block 2486 (reward 19.98009943 BLK, 1 txs)
[2026-09-29T05:05:43.541Z INFO  blacksilk_miner] found block 2487 (reward 19.97973578 BLK, 0 txs)
[2026-09-29T05:05:53.641Z INFO  blacksilk_miner] hash rate 26.7 H/s (full mode)
[2026-09-29T05:06:17.298Z INFO  blacksilk_miner] found block 2488 (reward 19.98072592 BLK, 2 txs)
[2026-09-29T05:06:23.049Z INFO  blacksilk_miner] found block 2489 (reward 19.97969767 BLK, 0 txs)
[2026-09-29T05:06:29.922Z INFO  blacksilk_miner] found block 2490 (reward 19.98002321 BLK, 1 txs)
[2026-09-29T05:06:52.148Z INFO  blacksilk_miner] found block 2491 (reward 19.98000416 BLK, 1 txs)
[2026-09-29T05:06:57.213Z INFO  blacksilk_miner] hash rate 26.9 H/s (full mode)
[2026-09-29T05:07:02.140Z INFO  blacksilk_miner] found block 2492 (reward 19.97964051 BLK, 0 txs)
[2026-09-29T05:07:08.979Z INFO  blacksilk_miner] found block 2493 (reward 19.97962145 BLK, 0 txs)
[2026-09-29T05:07:11.202Z INFO  blacksilk_miner] found block 2494 (reward 19.98026700 BLK, 1 txs)
[2026-09-29T05:07:16.755Z INFO  blacksilk_miner] found block 2495 (reward 19.97958334 BLK, 0 txs)
[2026-09-29T05:07:21.339Z INFO  blacksilk_miner] found block 2496 (reward 19.97956429 BLK, 0 txs)
[2026-09-29T05:07:45.456Z INFO  blacksilk_miner] found block 2497 (reward 19.97954524 BLK, 0 txs)
[2026-09-29T05:07:49.391Z INFO  blacksilk_miner] found block 2498 (reward 19.97952618 BLK, 0 txs)
[2026-09-29T05:07:56.651Z INFO  blacksilk_miner] found block 2499 (reward 19.97950713 BLK, 0 txs)
[2026-09-29T05:08:01.736Z INFO  blacksilk_miner] hash rate 26.0 H/s (full mode)
[2026-09-29T05:08:13.305Z INFO  blacksilk_miner] found block 2500 (reward 19.97983267 BLK, 1 txs)
[2026-09-29T05:08:33.895Z INFO  blacksilk_miner] found block 2501 (reward 19.98015822 BLK, 2 txs)
[2026-09-29T05:08:38.453Z INFO  blacksilk_miner] found block 2502 (reward 19.97979457 BLK, 1 txs)
[2026-09-29T05:08:42.435Z INFO  blacksilk_miner] found block 2503 (reward 19.97943091 BLK, 0 txs)
[2026-09-29T05:08:45.529Z INFO  blacksilk_miner] found block 2504 (reward 19.97975646 BLK, 1 txs)
[2026-09-29T05:08:52.129Z INFO  blacksilk_miner] found block 2505 (reward 19.97939280 BLK, 0 txs)
[2026-09-29T05:08:55.001Z INFO  blacksilk_miner] found block 2506 (reward 19.97937375 BLK, 0 txs)
[2026-09-29T05:09:00.793Z INFO  blacksilk_miner] found block 2507 (reward 19.97969930 BLK, 1 txs)
[2026-09-29T05:09:05.848Z INFO  blacksilk_miner] hash rate 25.9 H/s (full mode)
[2026-09-29T05:09:20.606Z INFO  blacksilk_miner] found block 2508 (reward 19.97968024 BLK, 1 txs)
[2026-09-29T05:09:24.336Z INFO  blacksilk_miner] found block 2509 (reward 19.97931659 BLK, 0 txs)
[2026-09-29T05:09:25.400Z INFO  blacksilk_miner] found block 2510 (reward 19.97929754 BLK, 0 txs)
[2026-09-29T05:09:32.963Z INFO  blacksilk_miner] found block 2511 (reward 19.97927848 BLK, 0 txs)
[2026-09-29T05:09:35.592Z INFO  blacksilk_miner] found block 2512 (reward 19.97925943 BLK, 0 txs)
[2026-09-29T05:09:39.313Z INFO  blacksilk_miner] found block 2513 (reward 19.97924037 BLK, 0 txs)
[2026-09-29T05:09:52.431Z INFO  blacksilk_miner] found block 2514 (reward 19.97956592 BLK, 1 txs)
[2026-09-29T05:09:58.755Z INFO  blacksilk_miner] new tip at height 2515: work on template 2515 abandoned after 1.2s
[2026-09-29T05:10:08.832Z INFO  blacksilk_miner] hash rate 26.0 H/s (full mode)
[2026-09-29T05:10:25.782Z INFO  blacksilk_miner] new tip at height 2516: work on template 2516 abandoned after 1.9s
[2026-09-29T05:10:36.317Z INFO  blacksilk_miner] found block 2517 (reward 19.97916416 BLK, 0 txs)
[2026-09-29T05:10:51.279Z INFO  blacksilk_miner] found block 2518 (reward 19.97914511 BLK, 0 txs)
[2026-09-29T05:11:11.527Z INFO  blacksilk_miner] hash rate 27.4 H/s (full mode)
[2026-09-29T05:11:22.980Z INFO  blacksilk_miner] found block 2519 (reward 19.98045525 BLK, 2 txs)
[2026-09-29T05:11:24.806Z INFO  blacksilk_miner] found block 2520 (reward 19.97910700 BLK, 0 txs)
[2026-09-29T05:11:30.902Z INFO  blacksilk_miner] new tip at height 2521: work on template 2521 abandoned after 1.1s
[2026-09-29T05:11:35.406Z INFO  blacksilk_miner] found block 2522 (reward 19.97906889 BLK, 0 txs)
[2026-09-29T05:11:42.822Z INFO  blacksilk_miner] found block 2523 (reward 19.98069904 BLK, 2 txs)
[2026-09-29T05:11:47.326Z INFO  blacksilk_miner] found block 2524 (reward 19.97903079 BLK, 0 txs)
[2026-09-29T05:11:48.525Z INFO  blacksilk_miner] found block 2525 (reward 19.97901173 BLK, 0 txs)
[2026-09-29T05:12:01.520Z INFO  blacksilk_miner] found block 2526 (reward 19.97933728 BLK, 1 txs)
[2026-09-29T05:12:08.821Z INFO  blacksilk_miner] found block 2527 (reward 19.97931822 BLK, 1 txs)
[2026-09-29T05:12:12.146Z INFO  blacksilk_miner] hash rate 25.7 H/s (full mode)
[2026-09-29T05:12:12.728Z INFO  blacksilk_miner] found block 2528 (reward 19.97895457 BLK, 0 txs)
[2026-09-29T05:12:17.038Z INFO  blacksilk_miner] found block 2529 (reward 19.97893552 BLK, 0 txs)
[2026-09-29T05:12:39.024Z INFO  blacksilk_miner] found block 2530 (reward 19.97960566 BLK, 2 txs)
[2026-09-29T05:12:43.184Z INFO  blacksilk_miner] found block 2531 (reward 19.97889741 BLK, 0 txs)
[2026-09-29T05:12:50.586Z INFO  blacksilk_miner] found block 2532 (reward 19.97887836 BLK, 0 txs)
[2026-09-29T05:12:51.467Z INFO  blacksilk_miner] found block 2533 (reward 19.97885930 BLK, 0 txs)
[2026-09-29T05:12:59.847Z INFO  blacksilk_miner] found block 2534 (reward 19.97884025 BLK, 0 txs)
[2026-09-29T05:13:15.009Z INFO  blacksilk_miner] hash rate 25.9 H/s (full mode)
[2026-09-29T05:13:22.848Z INFO  blacksilk_miner] found block 2535 (reward 19.97951040 BLK, 2 txs)
[2026-09-29T05:13:36.727Z INFO  blacksilk_miner] found block 2536 (reward 19.97880214 BLK, 0 txs)
[2026-09-29T05:13:43.837Z INFO  blacksilk_miner] new tip at height 2537: work on template 2537 abandoned after 2.1s
[2026-09-29T05:13:48.197Z INFO  blacksilk_miner] found block 2538 (reward 19.97876404 BLK, 0 txs)
[2026-09-29T05:14:15.669Z INFO  blacksilk_miner] hash rate 23.3 H/s (full mode)
[2026-09-29T05:14:16.245Z INFO  blacksilk_miner] found block 2539 (reward 19.97924958 BLK, 1 txs)
[2026-09-29T05:14:25.302Z INFO  blacksilk_miner] found block 2540 (reward 19.97907053 BLK, 1 txs)
[2026-09-29T05:14:38.321Z INFO  blacksilk_miner] found block 2541 (reward 19.97870688 BLK, 0 txs)
[2026-09-29T05:14:52.851Z INFO  blacksilk_miner] found block 2542 (reward 19.97903243 BLK, 1 txs)
[2026-09-29T05:14:58.302Z INFO  blacksilk_miner] found block 2543 (reward 19.97866877 BLK, 0 txs)
[2026-09-29T05:15:18.527Z INFO  blacksilk_miner] hash rate 26.5 H/s (full mode)
[2026-09-29T05:15:27.726Z INFO  blacksilk_miner] found block 2544 (reward 19.97933892 BLK, 2 txs)
[2026-09-29T05:15:35.833Z INFO  blacksilk_miner] found block 2545 (reward 19.97863067 BLK, 0 txs)
[2026-09-29T05:15:40.641Z INFO  blacksilk_miner] found block 2546 (reward 19.97975621 BLK, 1 txs)
[2026-09-29T05:15:45.784Z INFO  blacksilk_miner] found block 2547 (reward 19.97859256 BLK, 0 txs)
[2026-09-29T05:15:57.573Z INFO  blacksilk_miner] found block 2548 (reward 19.97857351 BLK, 0 txs)
[2026-09-29T05:16:20.133Z INFO  blacksilk_miner] hash rate 26.5 H/s (full mode)
[2026-09-29T05:16:20.705Z INFO  blacksilk_miner] found block 2549 (reward 19.97889905 BLK, 1 txs)
[2026-09-29T05:16:29.776Z INFO  blacksilk_miner] found block 2550 (reward 19.97853540 BLK, 0 txs)
[2026-09-29T05:16:30.835Z INFO  blacksilk_miner] found block 2551 (reward 19.97851635 BLK, 0 txs)
[2026-09-29T05:16:33.348Z INFO  blacksilk_miner] found block 2552 (reward 19.97849729 BLK, 0 txs)
[2026-09-29T05:16:34.401Z INFO  blacksilk_miner] found block 2553 (reward 19.97847824 BLK, 0 txs)
[2026-09-29T05:16:35.242Z INFO  blacksilk_miner] found block 2554 (reward 19.97845919 BLK, 0 txs)
[2026-09-29T05:16:36.113Z INFO  blacksilk_miner] found block 2555 (reward 19.97844014 BLK, 0 txs)
[2026-09-29T05:16:39.596Z INFO  blacksilk_miner] found block 2556 (reward 19.97842108 BLK, 0 txs)
[2026-09-29T05:16:41.821Z INFO  blacksilk_miner] found block 2557 (reward 19.97840203 BLK, 0 txs)
[2026-09-29T05:16:42.543Z INFO  blacksilk_miner] found block 2558 (reward 19.97838298 BLK, 0 txs)
[2026-09-29T05:16:44.300Z INFO  blacksilk_miner] found block 2559 (reward 19.97836392 BLK, 0 txs)
[2026-09-29T05:16:56.195Z INFO  blacksilk_miner] found block 2560 (reward 19.97834487 BLK, 0 txs)
[2026-09-29T05:17:01.506Z INFO  blacksilk_miner] found block 2561 (reward 19.97867042 BLK, 1 txs)
[2026-09-29T05:17:21.724Z INFO  blacksilk_miner] hash rate 25.8 H/s (full mode)
[2026-09-29T05:17:22.513Z INFO  blacksilk_miner] found block 2562 (reward 19.97899597 BLK, 2 txs)
[2026-09-29T05:17:27.193Z INFO  blacksilk_miner] found block 2563 (reward 19.97828771 BLK, 0 txs)
[2026-09-29T05:17:33.683Z INFO  blacksilk_miner] new tip at height 2564: work on template 2564 abandoned after 1.4s
[2026-09-29T05:17:36.528Z INFO  blacksilk_miner] found block 2565 (reward 19.97875421 BLK, 1 txs)
[2026-09-29T05:17:38.926Z INFO  blacksilk_miner] found block 2566 (reward 19.97823055 BLK, 0 txs)
[2026-09-29T05:17:44.980Z INFO  blacksilk_miner] found block 2567 (reward 19.97855610 BLK, 1 txs)
[2026-09-29T05:18:22.883Z INFO  blacksilk_miner] hash rate 30.1 H/s (full mode)
[2026-09-29T05:18:23.397Z INFO  blacksilk_miner] found block 2568 (reward 19.97853705 BLK, 1 txs)
[2026-09-29T05:18:33.563Z INFO  blacksilk_miner] found block 2569 (reward 19.97817340 BLK, 0 txs)
[2026-09-29T05:18:38.841Z INFO  blacksilk_miner] found block 2570 (reward 19.97815434 BLK, 0 txs)
[2026-09-29T05:18:48.377Z INFO  blacksilk_miner] found block 2571 (reward 19.97813529 BLK, 0 txs)
[2026-09-29T05:18:55.125Z INFO  blacksilk_miner] found block 2572 (reward 19.97811624 BLK, 0 txs)
[2026-09-29T05:19:20.876Z INFO  blacksilk_miner] found block 2573 (reward 19.97878639 BLK, 2 txs)
[2026-09-29T05:19:25.922Z INFO  blacksilk_miner] hash rate 27.4 H/s (full mode)
[2026-09-29T05:19:31.345Z INFO  blacksilk_miner] found block 2574 (reward 19.97807813 BLK, 0 txs)
[2026-09-29T05:19:35.676Z INFO  blacksilk_miner] found block 2575 (reward 19.97840368 BLK, 1 txs)
[2026-09-29T05:19:46.995Z INFO  blacksilk_miner] found block 2576 (reward 19.97804003 BLK, 0 txs)
[2026-09-29T05:20:06.576Z INFO  blacksilk_miner] found block 2577 (reward 19.97836558 BLK, 1 txs)
[2026-09-29T05:20:09.534Z INFO  blacksilk_miner] found block 2578 (reward 19.97834652 BLK, 1 txs)
[2026-09-29T05:20:18.998Z INFO  blacksilk_miner] found block 2579 (reward 19.97798287 BLK, 0 txs)
[2026-09-29T05:20:22.998Z INFO  blacksilk_miner] found block 2580 (reward 19.97796382 BLK, 0 txs)
[2026-09-29T05:20:28.023Z INFO  blacksilk_miner] hash rate 28.1 H/s (full mode)
[2026-09-29T05:20:33.527Z INFO  blacksilk_miner] found block 2581 (reward 19.97794477 BLK, 0 txs)
[2026-09-29T05:20:39.536Z INFO  blacksilk_miner] found block 2582 (reward 19.97827031 BLK, 1 txs)
[2026-09-29T05:20:40.662Z INFO  blacksilk_miner] found block 2583 (reward 19.97790666 BLK, 0 txs)
[2026-09-29T05:20:55.889Z INFO  blacksilk_miner] found block 2584 (reward 19.97839221 BLK, 1 txs)
[2026-09-29T05:20:57.328Z INFO  blacksilk_miner] found block 2585 (reward 19.97786856 BLK, 0 txs)
[2026-09-29T05:21:02.080Z INFO  blacksilk_miner] found block 2586 (reward 19.97784950 BLK, 0 txs)
[2026-09-29T05:21:06.027Z INFO  blacksilk_miner] found block 2587 (reward 19.97817505 BLK, 1 txs)
[2026-09-29T05:21:20.595Z INFO  blacksilk_miner] found block 2588 (reward 19.97781140 BLK, 0 txs)
[2026-09-29T05:21:30.738Z INFO  blacksilk_miner] hash rate 27.0 H/s (full mode)
[2026-09-29T05:22:16.809Z INFO  blacksilk_miner] found block 2589 (reward 19.97898615 BLK, 3 txs)
[2026-09-29T05:22:26.619Z INFO  blacksilk_miner] found block 2590 (reward 19.97811789 BLK, 1 txs)
[2026-09-29T05:22:31.380Z INFO  blacksilk_miner] hash rate 28.1 H/s (full mode)
[2026-09-29T05:22:31.900Z INFO  blacksilk_miner] found block 2591 (reward 19.97775424 BLK, 0 txs)
[2026-09-29T05:22:59.659Z INFO  blacksilk_miner] found block 2592 (reward 19.97839979 BLK, 1 txs)
[2026-09-29T05:23:07.751Z INFO  blacksilk_miner] found block 2593 (reward 19.97771614 BLK, 0 txs)
[2026-09-29T05:23:10.773Z INFO  blacksilk_miner] found block 2594 (reward 19.97769708 BLK, 0 txs)
[2026-09-29T05:23:34.939Z INFO  blacksilk_miner] hash rate 27.7 H/s (full mode)
[2026-09-29T05:23:35.518Z INFO  blacksilk_miner] found block 2595 (reward 19.97884723 BLK, 2 txs)
[2026-09-29T05:23:47.876Z INFO  blacksilk_miner] found block 2596 (reward 19.97765898 BLK, 0 txs)
[2026-09-29T05:23:57.159Z INFO  blacksilk_miner] found block 2597 (reward 19.97763993 BLK, 0 txs)
[2026-09-29T05:23:59.155Z INFO  blacksilk_miner] found block 2598 (reward 19.97762088 BLK, 0 txs)
[2026-09-29T05:24:05.270Z INFO  blacksilk_miner] found block 2599 (reward 19.97760182 BLK, 0 txs)
[2026-09-29T05:24:05.911Z INFO  blacksilk_miner] found block 2600 (reward 19.97758277 BLK, 0 txs)
[2026-09-29T05:24:10.943Z INFO  blacksilk_miner] found block 2601 (reward 19.97756372 BLK, 0 txs)
[2026-09-29T05:24:22.274Z INFO  blacksilk_miner] found block 2602 (reward 19.97754467 BLK, 0 txs)
[2026-09-29T05:24:32.219Z INFO  blacksilk_miner] found block 2603 (reward 19.97752562 BLK, 0 txs)
[2026-09-29T05:24:35.178Z INFO  blacksilk_miner] found block 2604 (reward 19.97750656 BLK, 0 txs)
[2026-09-29T05:24:35.550Z INFO  blacksilk_miner] hash rate 28.1 H/s (full mode)
[2026-09-29T05:24:36.065Z INFO  blacksilk_miner] found block 2605 (reward 19.97783211 BLK, 1 txs)
[2026-09-29T05:24:39.748Z INFO  blacksilk_miner] found block 2606 (reward 19.97781306 BLK, 1 txs)
[2026-09-29T05:24:53.892Z INFO  blacksilk_miner] found block 2607 (reward 19.97744941 BLK, 0 txs)
[2026-09-29T05:24:58.599Z INFO  blacksilk_miner] found block 2608 (reward 19.97955956 BLK, 2 txs)
[2026-09-29T05:25:03.556Z INFO  blacksilk_miner] found block 2609 (reward 19.97741130 BLK, 0 txs)
[2026-09-29T05:25:11.354Z INFO  blacksilk_miner] new tip at height 2610: work on template 2610 abandoned after 2.8s
[2026-09-29T05:25:14.112Z INFO  blacksilk_miner] found block 2611 (reward 19.97737320 BLK, 0 txs)
[2026-09-29T05:25:25.785Z INFO  blacksilk_miner] found block 2612 (reward 19.97769875 BLK, 1 txs)
[2026-09-29T05:25:28.805Z INFO  blacksilk_miner] found block 2613 (reward 19.97733510 BLK, 0 txs)
[2026-09-29T05:25:35.395Z INFO  blacksilk_miner] found block 2614 (reward 19.97766064 BLK, 1 txs)
[2026-09-29T05:25:35.950Z INFO  blacksilk_miner] hash rate 27.3 H/s (full mode)
[2026-09-29T05:25:36.569Z INFO  blacksilk_miner] found block 2615 (reward 19.97729699 BLK, 0 txs)
[2026-09-29T05:25:37.586Z INFO  blacksilk_miner] found block 2616 (reward 19.97727794 BLK, 0 txs)
[2026-09-29T05:25:40.712Z INFO  blacksilk_miner] found block 2617 (reward 19.97725889 BLK, 0 txs)
[2026-09-29T05:25:55.502Z INFO  blacksilk_miner] found block 2618 (reward 19.97723984 BLK, 0 txs)
[2026-09-29T05:26:03.733Z INFO  blacksilk_miner] found block 2619 (reward 19.97722078 BLK, 0 txs)
[2026-09-29T05:26:12.727Z INFO  blacksilk_miner] found block 2620 (reward 19.97720173 BLK, 0 txs)
[2026-09-29T05:26:20.707Z INFO  blacksilk_miner] found block 2621 (reward 19.97752728 BLK, 1 txs)
[2026-09-29T05:26:40.646Z INFO  blacksilk_miner] hash rate 28.8 H/s (full mode)
[2026-09-29T05:26:40.646Z INFO  blacksilk_miner] new tip at height 2622: work on template 2622 abandoned after 4.8s
[2026-09-29T05:26:51.468Z INFO  blacksilk_miner] found block 2623 (reward 19.97714458 BLK, 0 txs)
[2026-09-29T05:26:54.292Z INFO  blacksilk_miner] found block 2624 (reward 19.97712553 BLK, 0 txs)
[2026-09-29T05:27:00.288Z INFO  blacksilk_miner] found block 2625 (reward 19.97745107 BLK, 1 txs)
[2026-09-29T05:27:00.918Z INFO  blacksilk_miner] found block 2626 (reward 19.97708742 BLK, 0 txs)
[2026-09-29T05:27:03.593Z INFO  blacksilk_miner] found block 2627 (reward 19.97706837 BLK, 0 txs)
[2026-09-29T05:27:05.342Z INFO  blacksilk_miner] found block 2628 (reward 19.97704932 BLK, 0 txs)
[2026-09-29T05:27:08.452Z INFO  blacksilk_miner] found block 2629 (reward 19.97703027 BLK, 0 txs)
[2026-09-29T05:27:17.583Z INFO  blacksilk_miner] found block 2630 (reward 19.97735582 BLK, 1 txs)
[2026-09-29T05:27:24.022Z INFO  blacksilk_miner] found block 2631 (reward 19.97749676 BLK, 1 txs)
[2026-09-29T05:27:36.115Z INFO  blacksilk_miner] found block 2632 (reward 19.97697311 BLK, 0 txs)
[2026-09-29T05:27:41.157Z INFO  blacksilk_miner] hash rate 25.5 H/s (full mode)
[2026-09-29T05:27:45.075Z INFO  blacksilk_miner] found block 2633 (reward 19.97729866 BLK, 1 txs)
[2026-09-29T05:27:50.572Z INFO  blacksilk_miner] found block 2634 (reward 19.97693501 BLK, 0 txs)
[2026-09-29T05:27:57.415Z INFO  blacksilk_miner] found block 2635 (reward 19.97691596 BLK, 0 txs)
[2026-09-29T05:28:23.661Z INFO  blacksilk_miner] found block 2636 (reward 19.97724151 BLK, 1 txs)
[2026-09-29T05:28:32.589Z INFO  blacksilk_miner] found block 2637 (reward 19.97687786 BLK, 0 txs)
[2026-09-29T05:28:42.726Z INFO  blacksilk_miner] hash rate 26.2 H/s (full mode)
[2026-09-29T05:28:54.893Z INFO  blacksilk_miner] found block 2638 (reward 19.97685880 BLK, 0 txs)
[2026-09-29T05:29:13.853Z INFO  blacksilk_miner] found block 2639 (reward 19.97683975 BLK, 0 txs)
[2026-09-29T05:29:44.216Z INFO  blacksilk_miner] hash rate 29.1 H/s (full mode)
[2026-09-29T05:29:56.739Z INFO  blacksilk_miner] found block 2640 (reward 19.97766990 BLK, 2 txs)
[2026-09-29T05:30:21.118Z INFO  blacksilk_miner] found block 2641 (reward 19.97680165 BLK, 0 txs)
[2026-09-29T05:30:23.564Z INFO  blacksilk_miner] found block 2642 (reward 19.97678260 BLK, 0 txs)
[2026-09-29T05:30:24.661Z INFO  blacksilk_miner] found block 2643 (reward 19.97676355 BLK, 0 txs)
[2026-09-29T05:30:25.303Z INFO  blacksilk_miner] found block 2644 (reward 19.97674450 BLK, 0 txs)
[2026-09-29T05:30:34.275Z INFO  blacksilk_miner] found block 2645 (reward 19.97672544 BLK, 0 txs)
[2026-09-29T05:30:44.442Z INFO  blacksilk_miner] hash rate 27.3 H/s (full mode)
[2026-09-29T05:30:51.338Z INFO  blacksilk_miner] found block 2646 (reward 19.97670639 BLK, 0 txs)
[2026-09-29T05:30:53.840Z INFO  blacksilk_miner] found block 2647 (reward 19.97668734 BLK, 0 txs)
[2026-09-29T05:30:55.552Z INFO  blacksilk_miner] found block 2648 (reward 19.97666829 BLK, 0 txs)
[2026-09-29T05:31:15.137Z INFO  blacksilk_miner] found block 2649 (reward 19.98079684 BLK, 6 txs)
[2026-09-29T05:31:22.386Z INFO  blacksilk_miner] found block 2650 (reward 19.97921479 BLK, 1 txs)
[2026-09-29T05:31:42.473Z INFO  blacksilk_miner] found block 2651 (reward 19.97661114 BLK, 0 txs)
[2026-09-29T05:31:47.555Z INFO  blacksilk_miner] hash rate 25.0 H/s (full mode)
[2026-09-29T05:31:50.932Z INFO  blacksilk_miner] found block 2652 (reward 19.97693669 BLK, 1 txs)
[2026-09-29T05:32:04.720Z INFO  blacksilk_miner] found block 2653 (reward 19.97691764 BLK, 1 txs)
[2026-09-29T05:32:19.061Z INFO  blacksilk_miner] found block 2654 (reward 19.97655398 BLK, 0 txs)
[2026-09-29T05:32:22.420Z INFO  blacksilk_miner] found block 2655 (reward 19.97687953 BLK, 1 txs)
[2026-09-29T05:32:36.978Z INFO  blacksilk_miner] new tip at height 2656: work on template 2656 abandoned after 4.4s
[2026-09-29T05:32:41.455Z INFO  blacksilk_miner] found block 2657 (reward 19.97649683 BLK, 0 txs)
[2026-09-29T05:32:50.237Z INFO  blacksilk_miner] hash rate 25.8 H/s (full mode)
[2026-09-29T05:32:50.237Z INFO  blacksilk_miner] new tip at height 2658: work on template 2658 abandoned after 3.7s
[2026-09-29T05:32:56.672Z INFO  blacksilk_miner] found block 2659 (reward 19.97645873 BLK, 0 txs)
[2026-09-29T05:32:57.592Z INFO  blacksilk_miner] found block 2660 (reward 19.97643968 BLK, 0 txs)
[2026-09-29T05:33:01.393Z INFO  blacksilk_miner] found block 2661 (reward 19.97642063 BLK, 0 txs)
[2026-09-29T05:33:02.129Z INFO  blacksilk_miner] found block 2662 (reward 19.97640158 BLK, 0 txs)
[2026-09-29T05:33:22.671Z INFO  blacksilk_miner] found block 2663 (reward 19.97638252 BLK, 0 txs)
[2026-09-29T05:33:27.373Z INFO  blacksilk_miner] found block 2664 (reward 19.97670807 BLK, 1 txs)
[2026-09-29T05:33:30.991Z INFO  blacksilk_miner] found block 2665 (reward 19.97634442 BLK, 0 txs)
[2026-09-29T05:33:43.480Z INFO  blacksilk_miner] found block 2666 (reward 19.97632537 BLK, 0 txs)
[2026-09-29T05:33:46.320Z INFO  blacksilk_miner] found block 2667 (reward 19.97630632 BLK, 0 txs)
[2026-09-29T05:33:47.910Z INFO  blacksilk_miner] found block 2668 (reward 19.97663187 BLK, 1 txs)
[2026-09-29T05:33:52.996Z INFO  blacksilk_miner] hash rate 23.1 H/s (full mode)
[2026-09-29T05:33:58.193Z INFO  blacksilk_miner] found block 2669 (reward 19.97626822 BLK, 0 txs)
[2026-09-29T05:34:05.731Z INFO  blacksilk_miner] found block 2670 (reward 19.97659377 BLK, 1 txs)
[2026-09-29T05:34:06.456Z INFO  blacksilk_miner] found block 2671 (reward 19.97623012 BLK, 0 txs)
[2026-09-29T05:34:10.878Z INFO  blacksilk_miner] found block 2672 (reward 19.97621107 BLK, 0 txs)
[2026-09-29T05:34:34.627Z INFO  blacksilk_miner] found block 2673 (reward 19.97704122 BLK, 2 txs)
[2026-09-29T05:34:43.027Z INFO  blacksilk_miner] found block 2674 (reward 19.97617296 BLK, 0 txs)
[2026-09-29T05:34:53.185Z INFO  blacksilk_miner] hash rate 24.4 H/s (full mode)
[2026-09-29T05:35:26.767Z INFO  blacksilk_miner] found block 2675 (reward 19.97862771 BLK, 3 txs)
[2026-09-29T05:35:28.331Z INFO  blacksilk_miner] found block 2676 (reward 19.97613486 BLK, 0 txs)
[2026-09-29T05:35:30.806Z INFO  blacksilk_miner] found block 2677 (reward 19.97611581 BLK, 0 txs)
[2026-09-29T05:35:35.346Z INFO  blacksilk_miner] found block 2678 (reward 19.97609676 BLK, 0 txs)
[2026-09-29T05:35:37.309Z INFO  blacksilk_miner] found block 2679 (reward 19.97607771 BLK, 0 txs)
[2026-09-29T05:35:57.520Z INFO  blacksilk_miner] hash rate 24.8 H/s (full mode)
[2026-09-29T05:36:06.813Z INFO  blacksilk_miner] found block 2680 (reward 19.97674786 BLK, 2 txs)
[2026-09-29T05:36:12.143Z INFO  blacksilk_miner] found block 2681 (reward 19.97603961 BLK, 0 txs)
[2026-09-29T05:36:57.706Z INFO  blacksilk_miner] hash rate 25.6 H/s (full mode)
[2026-09-29T05:37:26.172Z INFO  blacksilk_miner] found block 2682 (reward 19.97670976 BLK, 2 txs)
[2026-09-29T05:37:36.280Z INFO  blacksilk_miner] found block 2683 (reward 19.97600151 BLK, 0 txs)
[2026-09-29T05:37:51.057Z INFO  blacksilk_miner] found block 2684 (reward 19.97701626 BLK, 3 txs)
[2026-09-29T05:38:01.206Z INFO  blacksilk_miner] hash rate 25.2 H/s (full mode)
[2026-09-29T05:38:22.122Z INFO  blacksilk_miner] found block 2685 (reward 19.97630801 BLK, 1 txs)
[2026-09-29T05:39:02.604Z INFO  blacksilk_miner] hash rate 26.3 H/s (full mode)
[2026-09-29T05:39:08.285Z INFO  blacksilk_miner] found block 2686 (reward 19.97697816 BLK, 3 txs)
[2026-09-29T05:39:37.251Z INFO  blacksilk_miner] found block 2687 (reward 19.97626991 BLK, 1 txs)
[2026-09-29T05:40:07.619Z INFO  blacksilk_miner] hash rate 25.8 H/s (full mode)
[2026-09-29T05:40:09.430Z INFO  blacksilk_miner] found block 2688 (reward 19.97675546 BLK, 2 txs)
[2026-09-29T05:40:19.260Z INFO  blacksilk_miner] found block 2689 (reward 19.97588721 BLK, 0 txs)
[2026-09-29T05:40:39.096Z INFO  blacksilk_miner] found block 2690 (reward 19.97621275 BLK, 1 txs)
[2026-09-29T05:40:42.815Z INFO  blacksilk_miner] found block 2691 (reward 19.97584910 BLK, 0 txs)
[2026-09-29T05:41:08.066Z INFO  blacksilk_miner] hash rate 25.5 H/s (full mode)
[2026-09-29T05:41:10.951Z INFO  blacksilk_miner] found block 2692 (reward 19.97583005 BLK, 0 txs)
[2026-09-29T05:41:32.157Z INFO  blacksilk_miner] found block 2693 (reward 19.97615560 BLK, 1 txs)
[2026-09-29T05:41:41.564Z INFO  blacksilk_miner] found block 2694 (reward 19.97579195 BLK, 0 txs)
[2026-09-29T05:41:46.230Z INFO  blacksilk_miner] found block 2695 (reward 19.97627750 BLK, 1 txs)
[2026-09-29T05:42:09.086Z INFO  blacksilk_miner] hash rate 25.1 H/s (full mode)
[2026-09-29T05:42:09.660Z INFO  blacksilk_miner] found block 2696 (reward 19.97609845 BLK, 1 txs)
[2026-09-29T05:42:12.780Z INFO  blacksilk_miner] found block 2697 (reward 19.97573480 BLK, 0 txs)
[2026-09-29T05:42:15.683Z INFO  blacksilk_miner] found block 2698 (reward 19.97571575 BLK, 0 txs)
[2026-09-29T05:42:19.224Z INFO  blacksilk_miner] found block 2699 (reward 19.97569670 BLK, 0 txs)
[2026-09-29T05:42:21.799Z INFO  blacksilk_miner] found block 2700 (reward 19.97602225 BLK, 1 txs)
[2026-09-29T05:42:27.338Z INFO  blacksilk_miner] found block 2701 (reward 19.97565860 BLK, 0 txs)
[2026-09-29T05:42:51.684Z INFO  blacksilk_miner] new tip at height 2702: work on template 2702 abandoned after 4.2s
[2026-09-29T05:43:12.012Z INFO  blacksilk_miner] hash rate 24.1 H/s (full mode)
[2026-09-29T05:43:20.733Z INFO  blacksilk_miner] found block 2703 (reward 19.97596510 BLK, 1 txs)
[2026-09-29T05:43:21.762Z INFO  blacksilk_miner] found block 2704 (reward 19.97594605 BLK, 1 txs)
[2026-09-29T05:43:31.855Z INFO  blacksilk_miner] found block 2705 (reward 19.97558240 BLK, 0 txs)
[2026-09-29T05:43:33.106Z INFO  blacksilk_miner] found block 2706 (reward 19.97590795 BLK, 1 txs)
[2026-09-29T05:43:53.775Z INFO  blacksilk_miner] found block 2707 (reward 19.97719350 BLK, 2 txs)
[2026-09-29T05:43:55.007Z INFO  blacksilk_miner] found block 2708 (reward 19.97552525 BLK, 0 txs)
[2026-09-29T05:43:57.491Z INFO  blacksilk_miner] found block 2709 (reward 19.97550620 BLK, 0 txs)
[2026-09-29T05:44:07.456Z INFO  blacksilk_miner] found block 2710 (reward 19.97583175 BLK, 1 txs)
[2026-09-29T05:44:08.989Z INFO  blacksilk_miner] found block 2711 (reward 19.97546810 BLK, 0 txs)
[2026-09-29T05:44:14.080Z INFO  blacksilk_miner] hash rate 23.2 H/s (full mode)
[2026-09-29T05:44:18.251Z INFO  blacksilk_miner] found block 2712 (reward 19.97544905 BLK, 0 txs)
[2026-09-29T05:44:20.391Z INFO  blacksilk_miner] found block 2713 (reward 19.97577460 BLK, 1 txs)
[2026-09-29T05:44:25.954Z INFO  blacksilk_miner] found block 2714 (reward 19.97541095 BLK, 0 txs)
[2026-09-29T05:44:32.115Z INFO  blacksilk_miner] found block 2715 (reward 19.97539190 BLK, 0 txs)
[2026-09-29T05:44:42.849Z INFO  blacksilk_miner] found block 2716 (reward 19.97537285 BLK, 0 txs)
[2026-09-29T05:44:49.686Z INFO  blacksilk_miner] new tip at height 2717: work on template 2717 abandoned after 1.8s
[2026-09-29T05:44:55.354Z INFO  blacksilk_miner] found block 2718 (reward 19.97533475 BLK, 0 txs)
[2026-09-29T05:44:58.375Z INFO  blacksilk_miner] found block 2719 (reward 19.97531570 BLK, 0 txs)
[2026-09-29T05:45:06.962Z INFO  blacksilk_miner] found block 2720 (reward 19.97529665 BLK, 0 txs)
[2026-09-29T05:45:09.006Z INFO  blacksilk_miner] found block 2721 (reward 19.97562220 BLK, 1 txs)
[2026-09-29T05:45:10.360Z INFO  blacksilk_miner] found block 2722 (reward 19.97525855 BLK, 0 txs)
[2026-09-29T05:45:12.511Z INFO  blacksilk_miner] found block 2723 (reward 19.97523950 BLK, 0 txs)
[2026-09-29T05:45:17.554Z INFO  blacksilk_miner] hash rate 22.7 H/s (full mode)
[2026-09-29T05:45:27.837Z INFO  blacksilk_miner] found block 2724 (reward 19.97556505 BLK, 1 txs)
[2026-09-29T05:45:31.285Z INFO  blacksilk_miner] new tip at height 2725: work on template 2725 abandoned after 3.4s
[2026-09-29T05:45:37.719Z INFO  blacksilk_miner] found block 2726 (reward 19.97518235 BLK, 0 txs)
[2026-09-29T05:45:45.304Z INFO  blacksilk_miner] found block 2727 (reward 19.97516330 BLK, 0 txs)
[2026-09-29T05:46:20.678Z INFO  blacksilk_miner] hash rate 25.1 H/s (full mode)
[2026-09-29T05:46:23.686Z INFO  blacksilk_miner] found block 2728 (reward 19.97583345 BLK, 2 txs)
[2026-09-29T05:46:36.179Z INFO  blacksilk_miner] found block 2729 (reward 19.97512520 BLK, 0 txs)
[2026-09-29T05:46:56.490Z INFO  blacksilk_miner] found block 2730 (reward 19.97510615 BLK, 0 txs)
[2026-09-29T05:47:00.265Z INFO  blacksilk_miner] found block 2731 (reward 19.97591170 BLK, 1 txs)
[2026-09-29T05:47:06.451Z INFO  blacksilk_miner] new tip at height 2732: work on template 2732 abandoned after 1.1s
[2026-09-29T05:47:21.712Z INFO  blacksilk_miner] hash rate 25.2 H/s (full mode)
[2026-09-29T05:47:25.845Z INFO  blacksilk_miner] found block 2733 (reward 19.97539360 BLK, 1 txs)
[2026-09-29T05:47:27.605Z INFO  blacksilk_miner] found block 2734 (reward 19.97502995 BLK, 0 txs)
[2026-09-29T05:47:31.305Z INFO  blacksilk_miner] found block 2735 (reward 19.97501090 BLK, 0 txs)
[2026-09-29T05:47:44.146Z INFO  blacksilk_miner] found block 2736 (reward 19.97533645 BLK, 1 txs)
[2026-09-29T05:48:03.189Z INFO  blacksilk_miner] found block 2737 (reward 19.97566200 BLK, 2 txs)
[2026-09-29T05:48:23.424Z INFO  blacksilk_miner] hash rate 24.7 H/s (full mode)
[2026-09-29T05:48:24.610Z INFO  blacksilk_miner] new tip at height 2738: work on template 2738 abandoned after 1.2s
[2026-09-29T05:48:35.326Z INFO  blacksilk_miner] found block 2739 (reward 19.97493470 BLK, 0 txs)
[2026-09-29T05:48:54.777Z INFO  blacksilk_miner] found block 2740 (reward 19.97491565 BLK, 0 txs)
[2026-09-29T05:49:19.822Z INFO  blacksilk_miner] found block 2741 (reward 19.97801040 BLK, 3 txs)
[2026-09-29T05:49:21.058Z INFO  blacksilk_miner] found block 2742 (reward 19.97487755 BLK, 0 txs)
[2026-09-29T05:49:26.107Z INFO  blacksilk_miner] hash rate 25.0 H/s (full mode)
[2026-09-29T05:49:30.100Z INFO  blacksilk_miner] found block 2743 (reward 19.97485850 BLK, 0 txs)
[2026-09-29T05:49:31.495Z INFO  blacksilk_miner] found block 2744 (reward 19.97483946 BLK, 0 txs)
[2026-09-29T05:49:43.131Z INFO  blacksilk_miner] found block 2745 (reward 19.97614961 BLK, 2 txs)
[2026-09-29T05:50:03.422Z INFO  blacksilk_miner] found block 2746 (reward 19.97514596 BLK, 1 txs)
[2026-09-29T05:50:28.760Z INFO  blacksilk_miner] hash rate 25.0 H/s (full mode)
[2026-09-29T05:50:48.201Z INFO  blacksilk_miner] found block 2747 (reward 19.97547151 BLK, 2 txs)
[2026-09-29T05:50:50.610Z INFO  blacksilk_miner] found block 2748 (reward 19.97476326 BLK, 0 txs)
[2026-09-29T05:50:56.587Z INFO  blacksilk_miner] found block 2749 (reward 19.97508881 BLK, 1 txs)
[2026-09-29T05:51:04.174Z INFO  blacksilk_miner] found block 2750 (reward 19.97472516 BLK, 0 txs)
[2026-09-29T05:51:06.386Z INFO  blacksilk_miner] found block 2751 (reward 19.97470611 BLK, 0 txs)
[2026-09-29T05:51:10.652Z INFO  blacksilk_miner] found block 2752 (reward 19.97468706 BLK, 0 txs)
[2026-09-29T05:51:15.625Z INFO  blacksilk_miner] found block 2753 (reward 19.97466801 BLK, 0 txs)
[2026-09-29T05:51:26.633Z INFO  blacksilk_miner] found block 2754 (reward 19.97499356 BLK, 1 txs)
[2026-09-29T05:51:31.660Z INFO  blacksilk_miner] hash rate 23.8 H/s (full mode)
[2026-09-29T05:51:33.962Z INFO  blacksilk_miner] found block 2755 (reward 19.97462991 BLK, 0 txs)
[2026-09-29T05:51:46.332Z INFO  blacksilk_miner] found block 2756 (reward 19.97461086 BLK, 0 txs)
[2026-09-29T05:51:55.855Z INFO  blacksilk_miner] found block 2757 (reward 19.97459181 BLK, 0 txs)
[2026-09-29T05:52:06.984Z INFO  blacksilk_miner] found block 2758 (reward 19.97539736 BLK, 1 txs)
[2026-09-29T05:52:16.322Z INFO  blacksilk_miner] found block 2759 (reward 19.97455371 BLK, 0 txs)
[2026-09-29T05:52:21.672Z INFO  blacksilk_miner] found block 2760 (reward 19.97487927 BLK, 1 txs)
[2026-09-29T05:52:25.285Z INFO  blacksilk_miner] found block 2761 (reward 19.97451562 BLK, 0 txs)
[2026-09-29T05:52:27.203Z INFO  blacksilk_miner] found block 2762 (reward 19.97449657 BLK, 0 txs)
[2026-09-29T05:52:31.166Z INFO  blacksilk_miner] found block 2763 (reward 19.97447752 BLK, 0 txs)
[2026-09-29T05:52:33.939Z INFO  blacksilk_miner] hash rate 23.5 H/s (full mode)
[2026-09-29T05:52:34.533Z INFO  blacksilk_miner] found block 2764 (reward 19.97445847 BLK, 0 txs)
[2026-09-29T05:52:37.652Z INFO  blacksilk_miner] found block 2765 (reward 19.97443942 BLK, 0 txs)
[2026-09-29T05:52:43.271Z INFO  blacksilk_miner] found block 2766 (reward 19.97442037 BLK, 0 txs)
[2026-09-29T05:53:27.723Z INFO  blacksilk_miner] found block 2767 (reward 19.97474592 BLK, 1 txs)
[2026-09-29T05:53:28.844Z INFO  blacksilk_miner] found block 2768 (reward 19.97438227 BLK, 0 txs)
[2026-09-29T05:53:34.070Z INFO  blacksilk_miner] found block 2769 (reward 19.97436322 BLK, 0 txs)
[2026-09-29T05:53:39.168Z INFO  blacksilk_miner] hash rate 24.6 H/s (full mode)
[2026-09-29T05:53:50.887Z INFO  blacksilk_miner] found block 2770 (reward 19.97468877 BLK, 1 txs)
[2026-09-29T05:53:52.828Z INFO  blacksilk_miner] found block 2771 (reward 19.97432513 BLK, 0 txs)
[2026-09-29T05:54:06.429Z INFO  blacksilk_miner] found block 2772 (reward 19.97465068 BLK, 1 txs)
[2026-09-29T05:54:08.739Z INFO  blacksilk_miner] found block 2773 (reward 19.97463163 BLK, 1 txs)
[2026-09-29T05:54:20.584Z INFO  blacksilk_miner] found block 2774 (reward 19.97461258 BLK, 1 txs)
[2026-09-29T05:54:26.377Z INFO  blacksilk_miner] found block 2775 (reward 19.97424893 BLK, 0 txs)
[2026-09-29T05:54:35.651Z INFO  blacksilk_miner] found block 2776 (reward 19.97422988 BLK, 0 txs)
[2026-09-29T05:54:40.731Z INFO  blacksilk_miner] hash rate 24.1 H/s (full mode)
[2026-09-29T05:54:43.155Z INFO  blacksilk_miner] new tip at height 2777: work on template 2777 abandoned after 2.4s
[2026-09-29T05:54:44.536Z INFO  blacksilk_miner] found block 2778 (reward 19.97419178 BLK, 0 txs)
[2026-09-29T05:55:00.784Z INFO  blacksilk_miner] found block 2779 (reward 19.97451733 BLK, 1 txs)
[2026-09-29T05:55:06.032Z INFO  blacksilk_miner] found block 2780 (reward 19.97415369 BLK, 0 txs)
[2026-09-29T05:55:12.328Z INFO  blacksilk_miner] found block 2781 (reward 19.97413464 BLK, 0 txs)
[2026-09-29T05:55:19.465Z INFO  blacksilk_miner] found block 2782 (reward 19.97411559 BLK, 0 txs)
[2026-09-29T05:55:21.446Z INFO  blacksilk_miner] found block 2783 (reward 19.97409654 BLK, 0 txs)
[2026-09-29T05:55:26.478Z INFO  blacksilk_miner] new tip at height 2784: work on template 2784 abandoned after 5.0s
[2026-09-29T05:55:32.282Z INFO  blacksilk_miner] found block 2785 (reward 19.97405844 BLK, 0 txs)
[2026-09-29T05:55:34.632Z INFO  blacksilk_miner] found block 2786 (reward 19.97403939 BLK, 0 txs)
[2026-09-29T05:55:44.042Z INFO  blacksilk_miner] hash rate 23.8 H/s (full mode)
[2026-09-29T05:55:44.641Z INFO  blacksilk_miner] found block 2787 (reward 19.97436494 BLK, 1 txs)
[2026-09-29T05:56:30.476Z INFO  blacksilk_miner] found block 2788 (reward 19.97469049 BLK, 2 txs)
[2026-09-29T05:56:36.262Z INFO  blacksilk_miner] found block 2789 (reward 19.97432685 BLK, 1 txs)
[2026-09-29T05:56:46.423Z INFO  blacksilk_miner] hash rate 25.5 H/s (full mode)
[2026-09-29T05:56:53.572Z INFO  blacksilk_miner] found block 2790 (reward 19.97396320 BLK, 0 txs)
[2026-09-29T05:57:06.656Z INFO  blacksilk_miner] found block 2791 (reward 19.97394415 BLK, 0 txs)
[2026-09-29T05:57:13.497Z INFO  blacksilk_miner] found block 2792 (reward 19.97426970 BLK, 1 txs)
[2026-09-29T05:57:23.024Z INFO  blacksilk_miner] found block 2793 (reward 19.97390605 BLK, 0 txs)
[2026-09-29T05:57:27.468Z INFO  blacksilk_miner] found block 2794 (reward 19.97423160 BLK, 1 txs)
[2026-09-29T05:57:38.846Z INFO  blacksilk_miner] found block 2795 (reward 19.97421255 BLK, 1 txs)
[2026-09-29T05:57:42.999Z INFO  blacksilk_miner] found block 2796 (reward 19.97384891 BLK, 0 txs)
[2026-09-29T05:57:46.186Z INFO  blacksilk_miner] found block 2797 (reward 19.97382986 BLK, 0 txs)
[2026-09-29T05:57:50.881Z INFO  blacksilk_miner] hash rate 24.1 H/s (full mode)
[2026-09-29T05:57:51.542Z INFO  blacksilk_miner] found block 2798 (reward 19.97381081 BLK, 0 txs)
[2026-09-29T05:58:00.719Z INFO  blacksilk_miner] found block 2799 (reward 19.97413636 BLK, 1 txs)
[2026-09-29T05:58:09.770Z INFO  blacksilk_miner] found block 2800 (reward 19.97377271 BLK, 0 txs)
[2026-09-29T05:58:12.641Z INFO  blacksilk_miner] found block 2801 (reward 19.97375366 BLK, 0 txs)
[2026-09-29T05:58:19.016Z INFO  blacksilk_miner] found block 2802 (reward 19.97373461 BLK, 0 txs)
[2026-09-29T05:58:22.379Z INFO  blacksilk_miner] found block 2803 (reward 19.97371557 BLK, 0 txs)
[2026-09-29T05:58:23.847Z INFO  blacksilk_miner] found block 2804 (reward 19.97369652 BLK, 0 txs)
[2026-09-29T05:58:54.430Z INFO  blacksilk_miner] hash rate 24.4 H/s (full mode)
[2026-09-29T05:59:11.000Z INFO  blacksilk_miner] found block 2805 (reward 19.97503127 BLK, 3 txs)
[2026-09-29T05:59:23.442Z INFO  blacksilk_miner] found block 2806 (reward 19.97400302 BLK, 1 txs)
[2026-09-29T05:59:33.135Z INFO  blacksilk_miner] found block 2807 (reward 19.97363937 BLK, 0 txs)
[2026-09-29T05:59:42.096Z INFO  blacksilk_miner] found block 2808 (reward 19.97362032 BLK, 0 txs)
[2026-09-29T05:59:57.526Z INFO  blacksilk_miner] hash rate 16.8 H/s (full mode)
[2026-09-29T06:00:55.159Z INFO  blacksilk_miner] found block 2809 (reward 19.97527508 BLK, 3 txs)
[2026-09-29T06:01:00.410Z INFO  blacksilk_miner] hash rate 15.8 H/s (full mode)
[2026-09-29T06:01:22.384Z INFO  blacksilk_miner] found block 2810 (reward 19.97427143 BLK, 2 txs)
[2026-09-29T06:01:26.396Z INFO  blacksilk_miner] found block 2811 (reward 19.97356318 BLK, 0 txs)
[2026-09-29T06:01:29.757Z INFO  blacksilk_miner] found block 2812 (reward 19.97354413 BLK, 0 txs)
[2026-09-29T06:01:44.573Z INFO  blacksilk_miner] found block 2813 (reward 19.97386968 BLK, 1 txs)
[2026-09-29T06:01:53.247Z INFO  blacksilk_miner] found block 2814 (reward 19.97350603 BLK, 0 txs)
[2026-09-29T06:02:03.333Z INFO  blacksilk_miner] hash rate 23.7 H/s (full mode)
[2026-09-29T06:02:04.675Z INFO  blacksilk_miner] found block 2815 (reward 19.97383159 BLK, 1 txs)
[2026-09-29T06:02:06.403Z INFO  blacksilk_miner] found block 2816 (reward 19.97346794 BLK, 0 txs)
[2026-09-29T06:02:14.550Z INFO  blacksilk_miner] found block 2817 (reward 19.97344889 BLK, 0 txs)
[2026-09-29T06:02:17.506Z INFO  blacksilk_miner] found block 2818 (reward 19.97342984 BLK, 0 txs)
[2026-09-29T06:02:18.929Z INFO  blacksilk_miner] found block 2819 (reward 19.97341079 BLK, 0 txs)
[2026-09-29T06:02:24.732Z INFO  blacksilk_miner] found block 2820 (reward 19.97373635 BLK, 1 txs)
[2026-09-29T06:02:46.966Z INFO  blacksilk_miner] found block 2821 (reward 19.97387730 BLK, 1 txs)
[2026-09-29T06:02:50.747Z INFO  blacksilk_miner] found block 2822 (reward 19.97335365 BLK, 0 txs)
[2026-09-29T06:02:55.724Z INFO  blacksilk_miner] found block 2823 (reward 19.97333460 BLK, 0 txs)
[2026-09-29T06:02:57.123Z INFO  blacksilk_miner] found block 2824 (reward 19.97331555 BLK, 0 txs)
[2026-09-29T06:02:59.375Z INFO  blacksilk_miner] found block 2825 (reward 19.97329651 BLK, 0 txs)
[2026-09-29T06:03:04.450Z INFO  blacksilk_miner] hash rate 26.5 H/s (full mode)
[2026-09-29T06:03:06.780Z INFO  blacksilk_miner] found block 2826 (reward 19.97378206 BLK, 1 txs)
[2026-09-29T06:03:42.227Z INFO  blacksilk_miner] found block 2827 (reward 19.97360301 BLK, 1 txs)
[2026-09-29T06:04:05.590Z INFO  blacksilk_miner] hash rate 17.8 H/s (full mode)
[2026-09-29T06:04:06.388Z INFO  blacksilk_miner] found block 2828 (reward 19.97358396 BLK, 1 txs)
[2026-09-29T06:04:07.881Z INFO  blacksilk_miner] found block 2829 (reward 19.97322031 BLK, 0 txs)
[2026-09-29T06:05:10.062Z INFO  blacksilk_miner] hash rate 15.8 H/s (full mode)
[2026-09-29T06:05:29.108Z INFO  blacksilk_miner] found block 2830 (reward 19.97423507 BLK, 3 txs)
[2026-09-29T06:06:04.030Z INFO  blacksilk_miner] found block 2831 (reward 19.97403142 BLK, 2 txs)
[2026-09-29T06:06:08.425Z INFO  blacksilk_miner] new tip at height 2832: work on template 2832 abandoned after 4.4s
[2026-09-29T06:06:13.539Z INFO  blacksilk_miner] hash rate 16.4 H/s (full mode)
[2026-09-29T06:06:17.950Z INFO  blacksilk_miner] found block 2833 (reward 19.97314412 BLK, 0 txs)
[2026-09-29T06:06:35.303Z INFO  blacksilk_miner] found block 2834 (reward 19.97426967 BLK, 1 txs)
[2026-09-29T06:06:38.278Z INFO  blacksilk_miner] found block 2835 (reward 19.97310603 BLK, 0 txs)
