[2026-09-28T22:49:01.053Z INFO  blacksilk_node] blacksilk-node 0.1.0 commit 17ba8b1
[2026-09-28T22:49:01.053Z INFO  blacksilk_node] regtest: genesis 087d6fd4efbc45eb0a895dd0680a7fd305208cae239b1b4275d7148b29a569b7, consensus fingerprint 65334546765a538f41d5e8ec6aff7d6aebd17b26e3f612c2c844b44a1af7abaa
[2026-09-28T22:49:01.053Z INFO  blacksilk_node] regtest: loading C:/bszkeval/w4-rx/run2\node0
[2026-09-28T22:49:01.058Z INFO  blacksilk_node] chain loaded in 4.8ms: height 0, tip 087d6fd4efbc45eb
[2026-09-28T22:49:01.087Z INFO  blacksilk_node] P2P listening on 127.0.0.1:48201
[2026-09-28T22:49:01.090Z INFO  blacksilk_node] RPC listening on http://127.0.0.1:48200
[2026-09-28T22:49:01.115Z WARN  blacksilk_node::cookie] the data directory C:/bszkeval/w4-rx/run2\node0 is outside your user profile: on Windows the RPC cookie is protected only by that directory's permissions; make sure other users cannot read it
[2026-09-28T22:49:01.118Z INFO  blacksilk_node::serve] RPC credential written to C:/bszkeval/w4-rx/run2\node0\rpc.cookie (clients read it: --rpc-cookie)
[2026-09-28T22:49:01.449Z INFO  blacksilk_p2p::net::conn] connected inbound peer 127.0.0.1:21112 (height 0)
[2026-09-28T22:49:01.465Z INFO  blacksilk_p2p::net::conn] connected inbound peer 127.0.0.1:21121 (height 0)
[2026-09-28T22:49:01.496Z INFO  blacksilk_p2p::net::conn] connected outbound peer 127.0.0.1:50201 (height 0)
[2026-09-28T22:49:01.496Z INFO  blacksilk_p2p::net::conn] connected outbound peer 127.0.0.1:50202 (height 0)
[2026-09-28T22:49:01.982Z INFO  blacksilk_chain::manager::template] caught up at height 0: block templates are served from now on
[2026-09-28T22:54:05.348Z INFO  blacksilk_node] block 7f6c826789f24044 at height 1 accepted (tip 1)
[2026-09-28T22:54:06.061Z INFO  blacksilk_node] block 5e6f34e3e86ef489 at height 2 accepted (tip 2)
[2026-09-28T22:54:06.783Z INFO  blacksilk_node] block e30d31836740ba9d at height 3 accepted (tip 3)
[2026-09-28T22:54:07.604Z INFO  blacksilk_node] block b9cbca2b580178d8 at height 4 accepted (tip 4)
[2026-09-28T22:54:08.383Z INFO  blacksilk_node] block 0090ff774db3f36c at height 5 accepted (tip 5)
[2026-09-28T22:54:09.163Z INFO  blacksilk_node] block ba904236bcf0aed4 at height 6 accepted (tip 6)
[2026-09-28T22:54:09.983Z INFO  blacksilk_node] block 34e6061dd3b84897 at height 7 accepted (tip 7)
[2026-09-28T22:54:10.745Z INFO  blacksilk_node] block 637d66479abaed5f at height 8 accepted (tip 8)
[2026-09-28T22:54:11.529Z INFO  blacksilk_node] block 20a671576f6fd3aa at height 9 accepted (tip 9)
[2026-09-28T22:54:12.356Z INFO  blacksilk_node] block e2ebae26f87b3d60 at height 10 accepted (tip 10)
[2026-09-28T22:54:13.126Z INFO  blacksilk_node] block c06d02e59d49766d at height 11 accepted (tip 11)
[2026-09-28T22:54:13.919Z INFO  blacksilk_node] block f12a883479bbc4e5 at height 12 accepted (tip 12)
[2026-09-28T22:54:14.694Z INFO  blacksilk_node] block f096a90d34d23536 at height 13 accepted (tip 13)
[2026-09-28T22:54:15.468Z INFO  blacksilk_node] block 9b6eae15d6e5b0d0 at height 14 accepted (tip 14)
[2026-09-28T22:54:16.256Z INFO  blacksilk_node] block 652db4091cc162be at height 15 accepted (tip 15)
[2026-09-28T22:54:17.367Z INFO  blacksilk_node] block 4d43dd63d5597e69 at height 16 accepted (tip 16)
[2026-09-28T22:54:18.537Z INFO  blacksilk_node] block 5d740df8c820989f at height 17 accepted (tip 17)
[2026-09-28T22:54:19.866Z INFO  blacksilk_node] block 20b0c4e39444dd5c at height 18 accepted (tip 18)
[2026-09-28T22:54:20.888Z INFO  blacksilk_node] block d2099f09e574171a at height 19 accepted (tip 19)
[2026-09-28T22:54:22.028Z INFO  blacksilk_node] block 9ccd52c4435058e0 at height 20 accepted (tip 20)
[2026-09-28T22:54:23.044Z INFO  blacksilk_node] block 831667b75f0e38f8 at height 21 accepted (tip 21)
[2026-09-28T22:54:24.100Z INFO  blacksilk_node] block c3d1aefaca5ade4b at height 22 accepted (tip 22)
[2026-09-28T22:54:25.026Z INFO  blacksilk_node] block e646752ed7017144 at height 23 accepted (tip 23)
[2026-09-28T22:54:26.080Z INFO  blacksilk_node] block 5ff245dd6b3cd45f at height 24 accepted (tip 24)
[2026-09-28T22:54:26.882Z INFO  blacksilk_node] block a7df034f3e7279d4 at height 25 accepted (tip 25)
[2026-09-28T22:54:27.758Z INFO  blacksilk_node] block 14e290f34e0ac23b at height 26 accepted (tip 26)
[2026-09-28T22:54:28.554Z INFO  blacksilk_node] block 6831ab52132c2c04 at height 27 accepted (tip 27)
[2026-09-28T22:54:29.335Z INFO  blacksilk_node] block bd4bbc0a2145b8ad at height 28 accepted (tip 28)
[2026-09-28T22:54:30.349Z INFO  blacksilk_node] block 26a6f7586762e6f4 at height 29 accepted (tip 29)
[2026-09-28T22:54:31.172Z INFO  blacksilk_node] block 5e3f0bcaf04ec53b at height 30 accepted (tip 30)
[2026-09-28T22:54:31.914Z INFO  blacksilk_node] block 7c5666e5350b6cbd at height 31 accepted (tip 31)
[2026-09-28T22:54:32.633Z INFO  blacksilk_node] block ee68e42f679c7f0d at height 32 accepted (tip 32)
[2026-09-28T22:54:33.408Z INFO  blacksilk_node] block 0c97a8928822d855 at height 33 accepted (tip 33)
[2026-09-28T22:54:34.252Z INFO  blacksilk_node] block a35bb4b449162863 at height 34 accepted (tip 34)
[2026-09-28T22:54:35.299Z INFO  blacksilk_node] block b67706806e589b1c at height 35 accepted (tip 35)
[2026-09-28T22:54:36.032Z INFO  blacksilk_node] block d501e0956f456709 at height 36 accepted (tip 36)
[2026-09-28T22:54:36.968Z INFO  blacksilk_node] block dac01a23f16f03cc at height 37 accepted (tip 37)
[2026-09-28T22:54:37.677Z INFO  blacksilk_node] block 8bf8105b2d4c2b15 at height 38 accepted (tip 38)
[2026-09-28T22:54:38.550Z INFO  blacksilk_node] block 7372c56f95627ec5 at height 39 accepted (tip 39)
[2026-09-28T22:54:39.489Z INFO  blacksilk_node] block 3139e9fa2dba60d2 at height 40 accepted (tip 40)
[2026-09-28T22:54:40.287Z INFO  blacksilk_node] block 27630ab1e1cb1265 at height 41 accepted (tip 41)
[2026-09-28T22:54:41.037Z INFO  blacksilk_node] block 8f8e2b48f384c9b2 at height 42 accepted (tip 42)
[2026-09-28T22:54:41.768Z INFO  blacksilk_node] block ef1b94add73cd77d at height 43 accepted (tip 43)
[2026-09-28T22:54:42.543Z INFO  blacksilk_node] block 2a6f74595ad48e16 at height 44 accepted (tip 44)
[2026-09-28T22:54:43.352Z INFO  blacksilk_node] block f44c3c6acf1d6d7a at height 45 accepted (tip 45)
[2026-09-28T22:54:44.340Z INFO  blacksilk_node] block feefc09b57011145 at height 46 accepted (tip 46)
[2026-09-28T22:54:45.128Z INFO  blacksilk_node] block 0a93523654824f05 at height 47 accepted (tip 47)
[2026-09-28T22:54:45.961Z INFO  blacksilk_node] block 7ece9a341318e88c at height 48 accepted (tip 48)
[2026-09-28T22:54:46.762Z INFO  blacksilk_node] block aff199a7e89e25f5 at height 49 accepted (tip 49)
[2026-09-28T22:54:47.604Z INFO  blacksilk_node] block 30f9746c55c95acd at height 50 accepted (tip 50)
[2026-09-28T22:54:48.585Z INFO  blacksilk_node] block f405eebe02f2b44d at height 51 accepted (tip 51)
[2026-09-28T22:54:49.320Z INFO  blacksilk_node] block b054a54b46465b6e at height 52 accepted (tip 52)
[2026-09-28T22:54:50.150Z INFO  blacksilk_node] block 66eab803383f8776 at height 53 accepted (tip 53)
[2026-09-28T22:54:50.932Z INFO  blacksilk_node] block 7c0c05b044d654dd at height 54 accepted (tip 54)
[2026-09-28T22:54:51.785Z INFO  blacksilk_node] block 68ba3d143630ab4f at height 55 accepted (tip 55)
[2026-09-28T22:54:52.526Z INFO  blacksilk_node] block 8e0f86998ccefd87 at height 56 accepted (tip 56)
[2026-09-28T22:54:53.292Z INFO  blacksilk_node] block ba0257575a2adaac at height 57 accepted (tip 57)
[2026-09-28T22:54:54.037Z INFO  blacksilk_node] block 6ddda1ace14cddb5 at height 58 accepted (tip 58)
[2026-09-28T22:54:54.811Z INFO  blacksilk_node] block 3ba8eeec886b6599 at height 59 accepted (tip 59)
[2026-09-28T22:54:55.602Z INFO  blacksilk_node] block 4d5abd7416742752 at height 60 accepted (tip 60)
[2026-09-28T22:54:56.353Z INFO  blacksilk_node] block 970713040fc21706 at height 61 accepted (tip 61)
[2026-09-28T22:54:57.145Z INFO  blacksilk_node] block f8b784d9e8a9b698 at height 62 accepted (tip 62)
[2026-09-28T22:54:57.915Z INFO  blacksilk_node] block 38f20179a46f25c3 at height 63 accepted (tip 63)
[2026-09-28T22:54:58.751Z INFO  blacksilk_node] block 9c48bbed92010171 at height 64 accepted (tip 64)
[2026-09-28T22:54:59.550Z INFO  blacksilk_node] block 908a8939ab0bc771 at height 65 accepted (tip 65)
[2026-09-28T22:55:00.505Z INFO  blacksilk_node] block 01bf7f4296a233b8 at height 66 accepted (tip 66)
[2026-09-28T22:55:01.602Z INFO  blacksilk_node] block f737168bdcf7bef9 at height 67 accepted (tip 67)
[2026-09-28T22:55:02.831Z INFO  blacksilk_node] block c22bde566c9e2cce at height 68 accepted (tip 68)
[2026-09-28T22:55:03.588Z INFO  blacksilk_node] block 6b50dfeb6cb24bfe at height 69 accepted (tip 69)
[2026-09-28T22:55:04.355Z INFO  blacksilk_node] block c20179deeb05f4f7 at height 70 accepted (tip 70)
[2026-09-28T22:55:05.202Z INFO  blacksilk_node] block c78669e3cdd07d67 at height 71 accepted (tip 71)
[2026-09-28T22:55:05.973Z INFO  blacksilk_node] block c0e11be10b2575eb at height 72 accepted (tip 72)
[2026-09-28T22:55:06.790Z INFO  blacksilk_node] block 8ee9c5f138929bcd at height 73 accepted (tip 73)
[2026-09-28T22:55:07.625Z INFO  blacksilk_node] block 456e1547fd5af6b4 at height 74 accepted (tip 74)
[2026-09-28T22:55:08.359Z INFO  blacksilk_node] block 11c29c9517d7f059 at height 75 accepted (tip 75)
[2026-09-28T22:55:09.090Z INFO  blacksilk_node] block f06d2c1d917d4efb at height 76 accepted (tip 76)
[2026-09-28T22:55:09.802Z INFO  blacksilk_node] block 881eab92be013a91 at height 77 accepted (tip 77)
[2026-09-28T22:55:10.519Z INFO  blacksilk_node] block 1874e2dbf0499071 at height 78 accepted (tip 78)
[2026-09-28T22:55:11.336Z INFO  blacksilk_node] block eb229dbd13cd213e at height 79 accepted (tip 79)
[2026-09-28T22:55:12.211Z INFO  blacksilk_node] block 7681a80aba584edb at height 80 accepted (tip 80)
[2026-09-28T22:55:13.069Z INFO  blacksilk_node] block 8d33480189179496 at height 81 accepted (tip 81)
[2026-09-28T22:55:13.952Z INFO  blacksilk_node] block 9019b2c890883a59 at height 82 accepted (tip 82)
[2026-09-28T22:55:14.691Z INFO  blacksilk_node] block 48276f5a304f3174 at height 83 accepted (tip 83)
[2026-09-28T22:55:15.573Z INFO  blacksilk_node] block cd9f1b74b41b7a36 at height 84 accepted (tip 84)
[2026-09-28T22:55:16.661Z INFO  blacksilk_node] block 749288cf907adf97 at height 85 accepted (tip 85)
[2026-09-28T22:55:17.455Z INFO  blacksilk_node] block de95d563e612d4f3 at height 86 accepted (tip 86)
[2026-09-28T22:55:18.340Z INFO  blacksilk_node] block 34b62a503d6a6d38 at height 87 accepted (tip 87)
[2026-09-28T22:55:19.046Z INFO  blacksilk_node] block a986faa4374b9a62 at height 88 accepted (tip 88)
[2026-09-28T22:55:19.943Z INFO  blacksilk_node] block 5a08264c9b84ea27 at height 89 accepted (tip 89)
[2026-09-28T22:55:20.692Z INFO  blacksilk_node] block 1aebeee27ea369ae at height 90 accepted (tip 90)
[2026-09-28T22:55:21.439Z INFO  blacksilk_node] block 9777819e72f07cc8 at height 91 accepted (tip 91)
[2026-09-28T22:55:22.142Z INFO  blacksilk_node] block 1c50ddfa9a83744b at height 92 accepted (tip 92)
[2026-09-28T22:55:22.928Z INFO  blacksilk_node] block c38f89d47cd1306f at height 93 accepted (tip 93)
[2026-09-28T22:55:23.658Z INFO  blacksilk_node] block 4269cc2210af5dbc at height 94 accepted (tip 94)
[2026-09-28T22:55:24.532Z INFO  blacksilk_node] block b6394547dfd6d2d0 at height 95 accepted (tip 95)
[2026-09-28T22:55:25.380Z INFO  blacksilk_node] block 8db6c056536309e4 at height 96 accepted (tip 96)
[2026-09-28T22:55:26.316Z INFO  blacksilk_node] block 9821072702da8b91 at height 97 accepted (tip 97)
[2026-09-28T22:55:27.400Z INFO  blacksilk_node] block 775ac8ce00b268f0 at height 98 accepted (tip 98)
[2026-09-28T22:55:28.648Z INFO  blacksilk_node] block 9968dd3eb919736a at height 99 accepted (tip 99)
[2026-09-28T22:55:29.534Z INFO  blacksilk_node] block 7325177c1bfc7517 at height 100 accepted (tip 100)
[2026-09-28T22:55:30.682Z INFO  blacksilk_node] block ebe06b78b8f149da at height 101 accepted (tip 101)
[2026-09-28T22:55:31.491Z INFO  blacksilk_node] block cbc6b8f9384c3f0d at height 102 accepted (tip 102)
[2026-09-28T22:55:32.338Z INFO  blacksilk_node] block 7651ffa49bf7aa90 at height 103 accepted (tip 103)
[2026-09-28T22:55:33.128Z INFO  blacksilk_node] block 06318e131038855c at height 104 accepted (tip 104)
[2026-09-28T22:55:33.930Z INFO  blacksilk_node] block 3cbd8871add9cde2 at height 105 accepted (tip 105)
[2026-09-28T22:55:34.909Z INFO  blacksilk_node] block 0bc14a76e24ae03a at height 106 accepted (tip 106)
[2026-09-28T22:55:35.645Z INFO  blacksilk_node] block f6418e6ba2a15a77 at height 107 accepted (tip 107)
[2026-09-28T22:55:36.434Z INFO  blacksilk_node] block 68095c9865fc8fbf at height 108 accepted (tip 108)
[2026-09-28T22:55:37.274Z INFO  blacksilk_node] block b046aae305d9548a at height 109 accepted (tip 109)
[2026-09-28T22:55:38.206Z INFO  blacksilk_node] block 9b36302b4df129ad at height 110 accepted (tip 110)
[2026-09-28T22:55:38.973Z INFO  blacksilk_node] block de77418c7c8315fe at height 111 accepted (tip 111)
[2026-09-28T22:55:39.788Z INFO  blacksilk_node] block a9336e8672d0532e at height 112 accepted (tip 112)
[2026-09-28T22:55:40.597Z INFO  blacksilk_node] block ac6c11910a651424 at height 113 accepted (tip 113)
[2026-09-28T22:55:41.512Z INFO  blacksilk_node] block 73cfe59bb350a9ef at height 114 accepted (tip 114)
[2026-09-28T22:55:42.437Z INFO  blacksilk_node] block fdb2bd8fd65f253b at height 115 accepted (tip 115)
[2026-09-28T22:55:43.457Z INFO  blacksilk_node] block edb3933b4545b1ac at height 116 accepted (tip 116)
[2026-09-28T22:55:44.197Z INFO  blacksilk_node] block 0b9dfe149dac0ddf at height 117 accepted (tip 117)
[2026-09-28T22:55:45.251Z INFO  blacksilk_node] block 975991bb53024a56 at height 118 accepted (tip 118)
[2026-09-28T22:55:46.110Z INFO  blacksilk_node] block 8665199299cecfb5 at height 119 accepted (tip 119)
[2026-09-28T22:55:46.836Z INFO  blacksilk_node] block 328fa0f1d38c8fba at height 120 accepted (tip 120)
[2026-09-28T22:55:47.725Z INFO  blacksilk_node] block 43859c2c8168b11c at height 121 accepted (tip 121)
[2026-09-28T22:55:48.563Z INFO  blacksilk_node] block 80f4964bf56d05f4 at height 122 accepted (tip 122)
[2026-09-28T22:55:49.307Z INFO  blacksilk_node] block e64be159c3042b37 at height 123 accepted (tip 123)
[2026-09-28T22:55:50.005Z INFO  blacksilk_node] block f99bb3b451f94a04 at height 124 accepted (tip 124)
[2026-09-28T22:55:50.899Z INFO  blacksilk_node] block 52ff16a82b2fd058 at height 125 accepted (tip 125)
[2026-09-28T22:55:51.608Z INFO  blacksilk_node] block d80074730053cce5 at height 126 accepted (tip 126)
[2026-09-28T22:55:52.749Z INFO  blacksilk_node] block 19805d1e7d546359 at height 127 accepted (tip 127)
[2026-09-28T22:55:53.731Z INFO  blacksilk_node] block 466a3186cab1327c at height 128 accepted (tip 128)
[2026-09-28T22:55:54.534Z INFO  blacksilk_node] block e8f62719ad3ca91b at height 129 accepted (tip 129)
[2026-09-28T22:55:55.302Z INFO  blacksilk_node] block 5087374aa8280bbb at height 130 accepted (tip 130)
[2026-09-28T22:55:56.154Z INFO  blacksilk_node] block 54daee27666656bc at height 131 accepted (tip 131)
[2026-09-28T22:55:56.988Z INFO  blacksilk_node] block 8f54f159227d23aa at height 132 accepted (tip 132)
[2026-09-28T22:55:58.130Z INFO  blacksilk_node] block 901f049ced59fb64 at height 133 accepted (tip 133)
[2026-09-28T22:55:58.963Z INFO  blacksilk_node] block e5ae50f63ea0eb61 at height 134 accepted (tip 134)
[2026-09-28T22:55:59.944Z INFO  blacksilk_node] block 7043020fc584abfd at height 135 accepted (tip 135)
[2026-09-28T22:56:00.792Z INFO  blacksilk_node] block 1034eddc3e3819a4 at height 136 accepted (tip 136)
[2026-09-28T22:56:01.883Z INFO  blacksilk_node] block 2d6801ac25df737d at height 137 accepted (tip 137)
[2026-09-28T22:56:03.114Z INFO  blacksilk_node] block 32e0358869248981 at height 138 accepted (tip 138)
[2026-09-28T22:56:04.298Z INFO  blacksilk_node] block 78d9d45d149caed4 at height 139 accepted (tip 139)
[2026-09-28T22:56:05.491Z INFO  blacksilk_node] block 4a58d924eb908366 at height 140 accepted (tip 140)
[2026-09-28T22:56:06.491Z INFO  blacksilk_node] block 1f545d86f8122980 at height 141 accepted (tip 141)
[2026-09-28T22:56:08.226Z INFO  blacksilk_node] block f88800887ff23b0c at height 142 accepted (tip 142)
[2026-09-28T22:56:09.320Z INFO  blacksilk_node] block a02a15872e78f6ba at height 143 accepted (tip 143)
[2026-09-28T22:56:10.426Z INFO  blacksilk_node] block 316e50e1c582b340 at height 144 accepted (tip 144)
[2026-09-28T22:56:11.340Z INFO  blacksilk_node] block d4674459dd088124 at height 145 accepted (tip 145)
[2026-09-28T22:56:12.651Z INFO  blacksilk_node] block f8b071aa4ce4f456 at height 146 accepted (tip 146)
[2026-09-28T22:56:14.473Z INFO  blacksilk_node] block fab20d6a161ffc67 at height 147 accepted (tip 147)
[2026-09-28T22:56:15.509Z INFO  blacksilk_node] block 0842d17d0a395229 at height 148 accepted (tip 148)
[2026-09-28T22:56:16.741Z INFO  blacksilk_node] block 7711344c7d40997c at height 149 accepted (tip 149)
[2026-09-28T22:56:18.537Z INFO  blacksilk_node] block 2668d7dbaf31f51a at height 150 accepted (tip 150)
[2026-09-28T22:56:19.985Z INFO  blacksilk_node] block e9311e2fedc41fdb at height 151 accepted (tip 151)
[2026-09-28T22:56:22.323Z INFO  blacksilk_node] block c76ff0a1ab605f4a at height 152 accepted (tip 152)
[2026-09-28T22:56:23.610Z INFO  blacksilk_node] block c391ecc36f944731 at height 153 accepted (tip 153)
[2026-09-28T22:56:25.006Z INFO  blacksilk_node] block 3e68e01301d3ddca at height 154 accepted (tip 154)
[2026-09-28T22:56:27.077Z INFO  blacksilk_node] block a4453cc0ca09ef71 at height 155 accepted (tip 155)
[2026-09-28T22:56:28.662Z INFO  blacksilk_node] block d5114b0aeae31ac4 at height 156 accepted (tip 156)
[2026-09-28T22:56:29.620Z INFO  blacksilk_node] block 2adc04108c6cd6ef at height 157 accepted (tip 157)
[2026-09-28T22:56:31.421Z INFO  blacksilk_node] block f74592d5a5364eb1 at height 158 accepted (tip 158)
[2026-09-28T22:56:32.490Z INFO  blacksilk_node] block 6603f22935c48ccf at height 159 accepted (tip 159)
[2026-09-28T22:56:33.813Z INFO  blacksilk_node] block 05d2d3af698bd3cf at height 160 accepted (tip 160)
[2026-09-28T22:56:35.244Z INFO  blacksilk_node] block 3ae6609aaa1d3a0e at height 161 accepted (tip 161)
[2026-09-28T22:56:37.277Z INFO  blacksilk_node] block 34d1e8d570eced5c at height 162 accepted (tip 162)
[2026-09-28T22:56:38.834Z INFO  blacksilk_node] block e9bfb0af64fa1552 at height 163 accepted (tip 163)
[2026-09-28T22:56:40.109Z INFO  blacksilk_node] block 40dc015baf51971c at height 164 accepted (tip 164)
[2026-09-28T22:56:41.409Z INFO  blacksilk_node] block 5c53e180be1e73bc at height 165 accepted (tip 165)
[2026-09-28T22:56:42.924Z INFO  blacksilk_node] block 8f3d33e35ed33012 at height 166 accepted (tip 166)
[2026-09-28T22:56:43.777Z INFO  blacksilk_node] block 5c780a59c247c237 at height 167 accepted (tip 167)
[2026-09-28T22:56:44.788Z INFO  blacksilk_node] block 0b496a4eb11cbe2c at height 168 accepted (tip 168)
[2026-09-28T22:56:46.089Z INFO  blacksilk_node] block d05c7fa440f435b2 at height 169 accepted (tip 169)
[2026-09-28T22:56:46.948Z INFO  blacksilk_node] block b5ef0cb87e4d26b4 at height 170 accepted (tip 170)
[2026-09-28T22:56:48.236Z INFO  blacksilk_node] block 7817af9b2c209677 at height 171 accepted (tip 171)
[2026-09-28T22:56:49.485Z INFO  blacksilk_node] block 85b23fe4279970b7 at height 172 accepted (tip 172)
[2026-09-28T22:56:50.483Z INFO  blacksilk_node] block d9657b765019a3b4 at height 173 accepted (tip 173)
[2026-09-28T22:56:52.318Z INFO  blacksilk_node] block 7b8f6b6452dba6fd at height 174 accepted (tip 174)
[2026-09-28T22:56:53.324Z INFO  blacksilk_node] block 73a2822d1fda1a2b at height 175 accepted (tip 175)
[2026-09-28T22:56:54.695Z INFO  blacksilk_node] block a963c776b8e50fe5 at height 176 accepted (tip 176)
[2026-09-28T22:56:55.734Z INFO  blacksilk_node] block 5a3857b9ad8b6514 at height 177 accepted (tip 177)
[2026-09-28T22:56:56.776Z INFO  blacksilk_node] block 9a8d5ae315f0a233 at height 178 accepted (tip 178)
[2026-09-28T22:56:57.666Z INFO  blacksilk_node] block fea9bde1cbdfc4e7 at height 179 accepted (tip 179)
[2026-09-28T22:56:59.109Z INFO  blacksilk_node] block 6bcd9d7514958bf8 at height 180 accepted (tip 180)
[2026-09-28T22:57:00.262Z INFO  blacksilk_node] block 46eb29e7d861b18a at height 181 accepted (tip 181)
[2026-09-28T22:57:01.271Z INFO  blacksilk_node] block 32389be3b971edc5 at height 182 accepted (tip 182)
[2026-09-28T22:57:02.374Z INFO  blacksilk_node] block 6df1112ffc46f61c at height 183 accepted (tip 183)
[2026-09-28T22:57:04.516Z INFO  blacksilk_node] block 96eaeb08b660c648 at height 184 accepted (tip 184)
[2026-09-28T22:57:05.474Z INFO  blacksilk_node] block 07a6849bd199efba at height 185 accepted (tip 185)
[2026-09-28T22:57:07.232Z INFO  blacksilk_node] block 3641dc7015730abf at height 186 accepted (tip 186)
[2026-09-28T22:57:08.038Z INFO  blacksilk_node] block 7aee85f0009c08de at height 187 accepted (tip 187)
[2026-09-28T22:57:09.589Z INFO  blacksilk_node] block 9f093b7867e9f787 at height 188 accepted (tip 188)
[2026-09-28T22:57:10.764Z INFO  blacksilk_node] block e90b99f397a811d7 at height 189 accepted (tip 189)
[2026-09-28T22:57:11.823Z INFO  blacksilk_node] block d87cef3cee785304 at height 190 accepted (tip 190)
[2026-09-28T22:57:13.556Z INFO  blacksilk_node] block b53c21ce50df8f4c at height 191 accepted (tip 191)
[2026-09-28T22:57:14.466Z INFO  blacksilk_node] block f6e227fc1ef67350 at height 192 accepted (tip 192)
[2026-09-28T22:57:15.973Z INFO  blacksilk_node] block 697f3d77add3cdec at height 193 accepted (tip 193)
[2026-09-28T22:57:17.347Z INFO  blacksilk_node] block 81465dcfee4a7e2a at height 194 accepted (tip 194)
[2026-09-28T22:57:19.007Z INFO  blacksilk_node] block 9f2d8eaa7cd37e0b at height 195 accepted (tip 195)
[2026-09-28T22:57:20.807Z INFO  blacksilk_node] block 0bd7b0d699f36022 at height 196 accepted (tip 196)
[2026-09-28T22:57:22.068Z INFO  blacksilk_node] block 1e8f3f4810828c3c at height 197 accepted (tip 197)
[2026-09-28T22:57:23.208Z INFO  blacksilk_node] block ad96c34672032523 at height 198 accepted (tip 198)
[2026-09-28T22:57:25.056Z INFO  blacksilk_node] block fdb05d4ca292cca0 at height 199 accepted (tip 199)
[2026-09-28T22:57:26.401Z INFO  blacksilk_node] block 0ab8b1486d4a92e3 at height 200 accepted (tip 200)
[2026-09-28T22:57:28.016Z INFO  blacksilk_node] block 1a9b8ef863fa674b at height 201 accepted (tip 201)
[2026-09-28T22:57:29.272Z INFO  blacksilk_node] block 3eb451241c441fc4 at height 202 accepted (tip 202)
[2026-09-28T22:57:30.911Z INFO  blacksilk_node] block 66ae659516bf8378 at height 203 accepted (tip 203)
[2026-09-28T22:57:31.948Z INFO  blacksilk_node] block e13d79bd7a2cd706 at height 204 accepted (tip 204)
[2026-09-28T22:57:33.253Z INFO  blacksilk_node] block dda2d9ddd669fb6d at height 205 accepted (tip 205)
[2026-09-28T22:57:35.063Z INFO  blacksilk_node] block ca6ead106181ecba at height 206 accepted (tip 206)
[2026-09-28T22:57:35.999Z INFO  blacksilk_node] block 946a9a3021341551 at height 207 accepted (tip 207)
[2026-09-28T22:57:36.752Z INFO  blacksilk_node] block e9b116ea9e2b52b6 at height 208 accepted (tip 208)
[2026-09-28T22:57:37.568Z INFO  blacksilk_node] block 1fede2f430d52460 at height 209 accepted (tip 209)
[2026-09-28T22:57:38.657Z INFO  blacksilk_node] block 09f7419480ef2454 at height 210 accepted (tip 210)
[2026-09-28T22:57:39.757Z INFO  blacksilk_node] block 4c0ac6a45ba2d392 at height 211 accepted (tip 211)
[2026-09-28T22:57:41.224Z INFO  blacksilk_node] block b39340480f8d5a1c at height 212 accepted (tip 212)
[2026-09-28T22:57:42.484Z INFO  blacksilk_node] block 7db7a0cbf6c7d617 at height 213 accepted (tip 213)
[2026-09-28T22:57:43.395Z INFO  blacksilk_node] block 4e0265cfca3eafcf at height 214 accepted (tip 214)
[2026-09-28T22:57:44.755Z INFO  blacksilk_node] block 4bc05c443d9a5c0c at height 215 accepted (tip 215)
[2026-09-28T22:57:45.702Z INFO  blacksilk_node] block 3de4c4db9b0a3956 at height 216 accepted (tip 216)
[2026-09-28T22:57:46.510Z INFO  blacksilk_node] block bafaf5fcb627f308 at height 217 accepted (tip 217)
[2026-09-28T22:57:48.673Z INFO  blacksilk_node] block 2454188995629b8d at height 218 accepted (tip 218)
[2026-09-28T22:57:49.885Z INFO  blacksilk_node] block e20d15b44a3d223a at height 219 accepted (tip 219)
[2026-09-28T22:57:52.109Z INFO  blacksilk_node] block 3e60778f9734dbbe at height 220 accepted (tip 220)
[2026-09-28T22:57:53.363Z INFO  blacksilk_node] block cc8cb07559fc3fba at height 221 accepted (tip 221)
[2026-09-28T22:57:54.741Z INFO  blacksilk_node] block 1c31b5e029b7c4d0 at height 222 accepted (tip 222)
[2026-09-28T22:57:55.520Z INFO  blacksilk_node] block 4f1be002e43dda68 at height 223 accepted (tip 223)
[2026-09-28T22:57:57.183Z INFO  blacksilk_node] block c43dea303615bc41 at height 224 accepted (tip 224)
[2026-09-28T22:57:58.445Z INFO  blacksilk_node] block 0cd00f6c9080f2df at height 225 accepted (tip 225)
[2026-09-28T22:57:59.186Z INFO  blacksilk_node] block 3a162d6b2b72631e at height 226 accepted (tip 226)
[2026-09-28T22:58:00.000Z INFO  blacksilk_node] block b23f68f1e6334717 at height 227 accepted (tip 227)
[2026-09-28T22:58:02.088Z INFO  blacksilk_node] block 5c1f4d98a7d03b97 at height 228 accepted (tip 228)
[2026-09-28T22:58:03.259Z INFO  blacksilk_node] block 1248e85ffedf10a3 at height 229 accepted (tip 229)
[2026-09-28T22:58:04.425Z INFO  blacksilk_node] block 89e518d73d54b3b2 at height 230 accepted (tip 230)
[2026-09-28T22:58:05.419Z INFO  blacksilk_node] block d98e25890e42b50d at height 231 accepted (tip 231)
[2026-09-28T22:58:06.535Z INFO  blacksilk_node] block 3b3c315bff52b59a at height 232 accepted (tip 232)
[2026-09-28T22:58:08.403Z INFO  blacksilk_node] block 4b3d38ce3bef7fa9 at height 233 accepted (tip 233)
[2026-09-28T22:58:09.605Z INFO  blacksilk_node] block c934b79e320b8e7b at height 234 accepted (tip 234)
[2026-09-28T22:58:11.598Z INFO  blacksilk_node] block 3e2a4711c3c5a6af at height 235 accepted (tip 235)
[2026-09-28T22:58:13.032Z INFO  blacksilk_node] block b704176e42ededac at height 236 accepted (tip 236)
[2026-09-28T22:58:13.716Z INFO  blacksilk_node] block 39236c0ee0546aad at height 237 accepted (tip 237)
[2026-09-28T22:58:15.710Z INFO  blacksilk_node] block e9a87134c043d410 at height 238 accepted (tip 238)
[2026-09-28T22:58:17.305Z INFO  blacksilk_node] block 01cc3a44c3f3e8b1 at height 239 accepted (tip 239)
[2026-09-28T22:58:17.999Z INFO  blacksilk_node] block 84128f31af3c4e78 at height 240 accepted (tip 240)
[2026-09-28T22:58:19.594Z INFO  blacksilk_node] block 48d908ac0d566fff at height 241 accepted (tip 241)
[2026-09-28T22:58:22.201Z INFO  blacksilk_node] block 4a7ead04e55b53e4 at height 242 accepted (tip 242)
[2026-09-28T22:58:23.018Z INFO  blacksilk_node] block 5a3b6bfb89e465d4 at height 243 accepted (tip 243)
[2026-09-28T22:58:25.297Z INFO  blacksilk_node] block e007820067780bc0 at height 244 accepted (tip 244)
[2026-09-28T22:58:27.838Z INFO  blacksilk_node] block e104d17ecd516b04 at height 245 accepted (tip 245)
[2026-09-28T22:58:28.880Z INFO  blacksilk_node] block 257a572986bb8ec3 at height 246 accepted (tip 246)
[2026-09-28T22:58:30.312Z INFO  blacksilk_node] block 938b96ee827aaf36 at height 247 accepted (tip 247)
[2026-09-28T22:58:31.603Z INFO  blacksilk_node] block 91accf8464d32f8a at height 248 accepted (tip 248)
[2026-09-28T22:58:34.063Z INFO  blacksilk_node] block eeb817f7899c07af at height 249 accepted (tip 249)
[2026-09-28T22:58:35.598Z INFO  blacksilk_node] block f481ebce254f85c6 at height 250 accepted (tip 250)
[2026-09-28T22:58:36.550Z INFO  blacksilk_node] block 64a221a9ead52e27 at height 251 accepted (tip 251)
[2026-09-28T22:58:38.003Z INFO  blacksilk_node] block da0ea6a53e1eebcc at height 252 accepted (tip 252)
[2026-09-28T22:58:41.046Z INFO  blacksilk_node] block 71055916d1fac65a at height 253 accepted (tip 253)
[2026-09-28T22:58:42.045Z INFO  blacksilk_node] block 081c5ad818e0b23f at height 254 accepted (tip 254)
[2026-09-28T22:58:43.274Z INFO  blacksilk_node] block 00d8bb31f2aa5707 at height 255 accepted (tip 255)
[2026-09-28T22:58:46.299Z INFO  blacksilk_node] block c551c7cc7ffb220c at height 256 accepted (tip 256)
[2026-09-28T22:58:48.193Z INFO  blacksilk_node] block 05009c3dc442ffa2 at height 257 accepted (tip 257)
[2026-09-28T22:58:49.235Z INFO  blacksilk_node] block 8ea5205be2a78317 at height 258 accepted (tip 258)
[2026-09-28T22:58:51.209Z INFO  blacksilk_node] block 22e4bcb9467e12f8 at height 259 accepted (tip 259)
[2026-09-28T22:58:52.119Z INFO  blacksilk_node] block 01a20160f58bae1e at height 260 accepted (tip 260)
[2026-09-28T22:58:56.487Z INFO  blacksilk_node] block a07f1f363e3ddfba at height 261 accepted (tip 261)
[2026-09-28T22:58:57.987Z INFO  blacksilk_node] block 9f8c83acbb780557 at height 262 accepted (tip 262)
[2026-09-28T22:58:58.972Z INFO  blacksilk_node] block 07b0b0bd1006de4c at height 263 accepted (tip 263)
[2026-09-28T22:59:00.816Z INFO  blacksilk_node] block a7376c7c8c992af0 at height 264 accepted (tip 264)
[2026-09-28T22:59:03.146Z INFO  blacksilk_node] block c82a8147efdb8039 at height 265 accepted (tip 265)
[2026-09-28T22:59:06.001Z INFO  blacksilk_node] block 353f4da8d6b37bec at height 266 accepted (tip 266)
[2026-09-28T22:59:07.477Z INFO  blacksilk_node] block 88e83527ab32e720 at height 267 accepted (tip 267)
[2026-09-28T22:59:09.751Z INFO  blacksilk_node] block d93261be993bfe58 at height 268 accepted (tip 268)
[2026-09-28T22:59:14.706Z INFO  blacksilk_node] block 1b5bd3e282e6e1ce at height 269 accepted (tip 269)
[2026-09-28T22:59:17.990Z INFO  blacksilk_node] block 2cbd23806b1a7626 at height 270 accepted (tip 270)
[2026-09-28T22:59:19.914Z INFO  blacksilk_node] block e8e356cf1731c526 at height 271 accepted (tip 271)
[2026-09-28T22:59:26.285Z INFO  blacksilk_node] block a502e1d99b6a02b5 at height 272 accepted (tip 272)
[2026-09-28T22:59:30.666Z INFO  blacksilk_node] block 2a43de9f79945d2e at height 273 accepted (tip 273)
[2026-09-28T22:59:31.984Z INFO  blacksilk_node] block fcfc46f5b64c6ba0 at height 274 accepted (tip 274)
[2026-09-28T22:59:35.129Z INFO  blacksilk_node] block e320763469d81135 at height 275 accepted (tip 275)
[2026-09-28T22:59:36.602Z INFO  blacksilk_node] block 7598f5199bbb3049 at height 276 accepted (tip 276)
[2026-09-28T22:59:37.874Z INFO  blacksilk_node] block ba7e55b5c0523fba at height 277 accepted (tip 277)
[2026-09-28T22:59:39.391Z INFO  blacksilk_node] block 17a054f96557bd77 at height 278 accepted (tip 278)
[2026-09-28T22:59:42.152Z INFO  blacksilk_node] block e3feaa77c97ee33a at height 279 accepted (tip 279)
[2026-09-28T22:59:43.031Z INFO  blacksilk_node] block d97888c95af955de at height 280 accepted (tip 280)
[2026-09-28T22:59:46.938Z INFO  blacksilk_node] block 63f32b1e3e6fbebf at height 281 accepted (tip 281)
[2026-09-28T22:59:48.333Z INFO  blacksilk_node] block 8fb08876ac7cd8ea at height 282 accepted (tip 282)
[2026-09-28T22:59:52.835Z INFO  blacksilk_node] block 9655ccfa91304749 at height 283 accepted (tip 283)
[2026-09-28T22:59:55.848Z INFO  blacksilk_node] block 16354191ed1bf2df at height 284 accepted (tip 284)
[2026-09-28T22:59:57.242Z INFO  blacksilk_node] block a64c818dfacb0bc4 at height 285 accepted (tip 285)
[2026-09-28T22:59:57.989Z INFO  blacksilk_node] block 88d9dba618a21271 at height 286 accepted (tip 286)
[2026-09-28T23:00:03.538Z INFO  blacksilk_node] block 4c8cace6e43d76a9 at height 287 accepted (tip 287)
[2026-09-28T23:00:15.668Z INFO  blacksilk_node] block 17abb991def9e8af at height 288 accepted (tip 288)
[2026-09-28T23:00:16.808Z INFO  blacksilk_node] block c399c06ce54b1339 at height 289 accepted (tip 289)
[2026-09-28T23:00:27.523Z INFO  blacksilk_node] block 1e28768924875a75 at height 290 accepted (tip 290)
[2026-09-28T23:00:32.865Z INFO  blacksilk_node] block 71ef17b54f849285 at height 291 accepted (tip 291)
[2026-09-28T23:00:40.741Z INFO  blacksilk_node] block abcfc74faa82d2b8 at height 292 accepted (tip 292)
[2026-09-28T23:00:42.443Z INFO  blacksilk_node] block 9a58913036fc8586 at height 293 accepted (tip 293)
[2026-09-28T23:00:57.174Z INFO  blacksilk_node] block a13fc8e03775615a at height 294 accepted (tip 294)
[2026-09-28T23:01:00.621Z INFO  blacksilk_node] block 2a4bab599de3f94a at height 295 accepted (tip 295)
[2026-09-28T23:01:06.085Z INFO  blacksilk_node] block 08b8f06cd38af90d at height 296 accepted (tip 296)
[2026-09-28T23:01:23.852Z INFO  blacksilk_node] block 29d902438dc1d8f8 at height 297 accepted (tip 297)
[2026-09-28T23:01:26.100Z INFO  blacksilk_node] block d469ae7073d1efb7 at height 298 accepted (tip 298)
[2026-09-28T23:01:29.357Z INFO  blacksilk_node] block 80b06d9078208446 at height 299 accepted (tip 299)
[2026-09-28T23:01:38.776Z INFO  blacksilk_node] block ad349ddf43b46e92 at height 300 accepted (tip 300)
[2026-09-28T23:01:41.172Z INFO  blacksilk_node] block 67806109c4e027f7 at height 301 accepted (tip 301)
[2026-09-28T23:01:44.617Z INFO  blacksilk_node] block 068b95620aff0740 at height 302 accepted (tip 302)
[2026-09-28T23:01:46.094Z INFO  blacksilk_node] block 992b3c5ce78b860f at height 303 accepted (tip 303)
[2026-09-28T23:01:52.977Z INFO  blacksilk_node] block 41cf09307779ab78 at height 304 accepted (tip 304)
[2026-09-28T23:01:58.777Z INFO  blacksilk_node] block da101ffc2d7efd06 at height 305 accepted (tip 305)
[2026-09-28T23:02:00.341Z INFO  blacksilk_node] block 5aed0fd6f86cd4bf at height 306 accepted (tip 306)
[2026-09-28T23:02:05.826Z INFO  blacksilk_node] block f2a4f94dc11ce2ed at height 307 accepted (tip 307)
[2026-09-28T23:02:11.589Z INFO  blacksilk_node] block 3899122bbb91a69d at height 308 accepted (tip 308)
[2026-09-28T23:02:14.639Z INFO  blacksilk_node] block 93a285da060b8453 at height 309 accepted (tip 309)
[2026-09-28T23:02:21.943Z INFO  blacksilk_node] block a689add9891d1f50 at height 310 accepted (tip 310)
[2026-09-28T23:02:25.519Z INFO  blacksilk_node] block b9e4b9e9abf5af2f at height 311 accepted (tip 311)
[2026-09-28T23:02:28.006Z INFO  blacksilk_node] block b5b8f1c75d9ff7c4 at height 312 accepted (tip 312)
[2026-09-28T23:02:31.084Z INFO  blacksilk_node] block b6b8e21fc27dcba6 at height 313 accepted (tip 313)
[2026-09-28T23:02:35.709Z INFO  blacksilk_node] block e26d6433cb49629e at height 314 accepted (tip 314)
[2026-09-28T23:02:44.227Z INFO  blacksilk_node] block 6c103e3dff46640f at height 315 accepted (tip 315)
[2026-09-28T23:02:51.395Z INFO  blacksilk_node] block 377e567b42974e62 at height 316 accepted (tip 316)
[2026-09-28T23:02:59.191Z INFO  blacksilk_node] block 2740d61fbc6b003a at height 317 accepted (tip 317)
[2026-09-28T23:03:11.562Z INFO  blacksilk_node] block 1b6de774f8fe7b66 at height 318 accepted (tip 318)
[2026-09-28T23:03:14.885Z INFO  blacksilk_node] block aecac1a100cc4e05 at height 319 accepted (tip 319)
[2026-09-28T23:03:17.083Z INFO  blacksilk_node] block 7dd46c158594485d at height 320 accepted (tip 320)
[2026-09-28T23:03:20.434Z INFO  blacksilk_node] block 6f7e8194fc05ca95 at height 321 accepted (tip 321)
[2026-09-28T23:03:23.130Z INFO  blacksilk_node] block cbc371c9f53e3569 at height 322 accepted (tip 322)
[2026-09-28T23:03:27.430Z INFO  blacksilk_node] block b7c35856f34b2056 at height 323 accepted (tip 323)
[2026-09-28T23:03:28.645Z INFO  blacksilk_node] block 41d1d5aacd760636 at height 324 accepted (tip 324)
[2026-09-28T23:03:30.059Z INFO  blacksilk_node] block 1ba3d25c027805c8 at height 325 accepted (tip 325)
[2026-09-28T23:03:32.109Z INFO  blacksilk_node] block 9ed09a26044ffcb3 at height 326 accepted (tip 326)
[2026-09-28T23:03:46.429Z INFO  blacksilk_node] block 3fd0ddcd2237b9ec at height 327 accepted (tip 327)
[2026-09-28T23:03:57.948Z INFO  blacksilk_node] block 639e2b353edd5efa at height 328 accepted (tip 328)
[2026-09-28T23:04:02.597Z INFO  blacksilk_node] block 505aca14123ed7f1 at height 329 accepted (tip 329)
[2026-09-28T23:04:05.726Z INFO  blacksilk_node] block 55ebb57d34026c59 at height 330 accepted (tip 330)
[2026-09-28T23:04:14.845Z INFO  blacksilk_node] block 52509b87ff2ae515 at height 331 accepted (tip 331)
[2026-09-28T23:04:33.265Z INFO  blacksilk_node] block 56f797c92c43519f at height 332 accepted (tip 332)
[2026-09-28T23:04:39.067Z INFO  blacksilk_node] block b4b5bd1864e41dae at height 333 accepted (tip 333)
[2026-09-28T23:04:49.134Z INFO  blacksilk_node] block 027c20bd758446d3 at height 334 accepted (tip 334)
[2026-09-28T23:04:50.909Z INFO  blacksilk_node] block 092ef8759b9da801 at height 335 accepted (tip 335)
[2026-09-28T23:04:56.953Z INFO  blacksilk_node] block bd501145d7780674 at height 336 accepted (tip 336)
[2026-09-28T23:05:38.280Z INFO  blacksilk_node] block b5296b105510ce0f at height 337 accepted (tip 337)
[2026-09-28T23:05:47.411Z INFO  blacksilk_node] block 9ef083b09a9f7068 at height 338 accepted (tip 338)
[2026-09-28T23:05:55.866Z INFO  blacksilk_node] block 6022ef6b660f8ef8 at height 339 accepted (tip 339)
[2026-09-28T23:05:57.204Z INFO  blacksilk_node] block 5316d2997a667dcd at height 340 accepted (tip 340)
[2026-09-28T23:06:03.712Z INFO  blacksilk_node] block d4d19503d88f2944 at height 341 accepted (tip 341)
[2026-09-28T23:06:10.336Z INFO  blacksilk_node] block 9426f8d541e42f3a at height 342 accepted (tip 342)
[2026-09-28T23:06:38.508Z INFO  blacksilk_node] block d0479fa28bf91116 at height 343 accepted (tip 343)
[2026-09-28T23:06:48.781Z INFO  blacksilk_node] block f891e4c59901ac50 at height 344 accepted (tip 344)
[2026-09-28T23:06:53.442Z INFO  blacksilk_node] block e2fdda5cad12dc5c at height 345 accepted (tip 345)
[2026-09-28T23:07:02.494Z INFO  blacksilk_node] block f30f2b7457c7f981 at height 346 accepted (tip 346)
[2026-09-28T23:07:07.313Z INFO  blacksilk_node] block 6d9d1c0c2755ca46 at height 347 accepted (tip 347)
[2026-09-28T23:08:05.311Z INFO  blacksilk_node] block 57331c6c2a82e936 at height 348 accepted (tip 348)
[2026-09-28T23:08:21.378Z INFO  blacksilk_node] block b0bacbf9b9ecb14b at height 349 accepted (tip 349)
[2026-09-28T23:08:39.031Z INFO  blacksilk_node] block 737fb6dc6ed38893 at height 350 accepted (tip 350)
[2026-09-28T23:08:42.817Z INFO  blacksilk_node] block cdb44498873e4c22 at height 351 accepted (tip 351)
[2026-09-28T23:09:03.921Z INFO  blacksilk_node] block 4f014f2d0ae2de24 at height 352 accepted (tip 352)
[2026-09-28T23:09:07.365Z INFO  blacksilk_node] block 92b9381dab575a4d at height 353 accepted (tip 353)
[2026-09-28T23:09:09.091Z INFO  blacksilk_node] block f493fe1ddf244778 at height 354 accepted (tip 354)
[2026-09-28T23:09:13.905Z INFO  blacksilk_node] block 034b6bd6ca4ae28e at height 355 accepted (tip 355)
[2026-09-28T23:09:24.600Z INFO  blacksilk_node] block 2ace72645bd5f7ca at height 356 accepted (tip 356)
[2026-09-28T23:09:29.438Z INFO  blacksilk_node] block 9e47a67c426cf13a at height 357 accepted (tip 357)
[2026-09-28T23:09:32.043Z INFO  blacksilk_node] block e5119baeae79a59e at height 358 accepted (tip 358)
[2026-09-28T23:10:18.201Z INFO  blacksilk_node] block 74f0a62a595a4e67 at height 360 accepted (tip 360)
[2026-09-28T23:10:26.437Z INFO  blacksilk_node] block e8299aaf687d6dad at height 361 accepted (tip 361)
[2026-09-28T23:10:32.284Z INFO  blacksilk_node] block e71268bb5de28738 at height 362 accepted (tip 362)
[2026-09-28T23:10:42.109Z INFO  blacksilk_node] block f9051ed7db27a904 at height 363 accepted (tip 363)
[2026-09-28T23:10:45.627Z INFO  blacksilk_node] block 2a2dcae60f98141b at height 364 accepted (tip 364)
[2026-09-28T23:10:50.633Z INFO  blacksilk_node] block c3162dbdebe78b94 at height 365 accepted (tip 365)
[2026-09-28T23:10:58.441Z INFO  blacksilk_node] block 1fc68220ce06fbf0 at height 366 accepted (tip 366)
[2026-09-28T23:11:15.635Z INFO  blacksilk_node] block 725af67dbb675cc7 at height 367 accepted (tip 367)
[2026-09-28T23:11:21.582Z INFO  blacksilk_node] block b1fda82d3339cdb7 at height 368 accepted (tip 368)
[2026-09-28T23:11:29.262Z INFO  blacksilk_node] block c6d6b78b19a19b2b at height 369 accepted (tip 369)
[2026-09-28T23:11:31.250Z INFO  blacksilk_node] block dfed0c29a8181fa2 at height 370 accepted (tip 370)
[2026-09-28T23:12:08.197Z INFO  blacksilk_node] block 8a4a8252ad8bcd8d at height 371 accepted (tip 371)
[2026-09-28T23:12:21.490Z INFO  blacksilk_node] block f3428538e8bbd5d7 at height 372 accepted (tip 372)
[2026-09-28T23:12:25.184Z INFO  blacksilk_node] block 2ae62f823c16ada6 at height 373 accepted (tip 373)
[2026-09-28T23:12:35.848Z INFO  blacksilk_node] block 9609f4e7f3c2da1a at height 374 accepted (tip 374)
[2026-09-28T23:12:43.774Z INFO  blacksilk_node] block c891e49bbf3123fd at height 375 accepted (tip 375)
[2026-09-28T23:12:46.364Z INFO  blacksilk_node] block 5c0e351e3a9eb01d at height 376 accepted (tip 376)
[2026-09-28T23:13:19.921Z INFO  blacksilk_node] block 8d59aac2c6a0535e at height 377 accepted (tip 377)
[2026-09-28T23:13:36.303Z INFO  blacksilk_node] block eae7ce289b8fa5c6 at height 378 accepted (tip 378)
[2026-09-28T23:13:51.513Z INFO  blacksilk_node] block d8fd736a6dceada6 at height 379 accepted (tip 379)
[2026-09-28T23:13:53.992Z INFO  blacksilk_node] block 97dbb7805557b0bb at height 380 accepted (tip 380)
[2026-09-28T23:13:55.686Z INFO  blacksilk_node] block e03e323f25a8065f at height 381 accepted (tip 381)
[2026-09-28T23:14:05.777Z INFO  blacksilk_node] block 3f08836807cabfde at height 382 accepted (tip 382)
[2026-09-28T23:14:13.079Z INFO  blacksilk_node] block c60aa6fd45af7920 at height 383 accepted (tip 383)
[2026-09-28T23:14:16.771Z INFO  blacksilk_node] block cf38cd938a55c961 at height 384 accepted (tip 384)
[2026-09-28T23:14:18.737Z INFO  blacksilk_node] block 599966712d7933c3 at height 385 accepted (tip 385)
[2026-09-28T23:14:38.572Z INFO  blacksilk_node] block b69ecbd1613906a4 at height 386 accepted (tip 386)
[2026-09-28T23:14:51.352Z INFO  blacksilk_node] block d0712d829c9b8e89 at height 387 accepted (tip 387)
[2026-09-28T23:14:55.240Z INFO  blacksilk_node] block 0925db5b88921017 at height 388 accepted (tip 388)
[2026-09-28T23:14:56.580Z INFO  blacksilk_node] block 11af93ed8801dd31 at height 389 accepted (tip 389)
[2026-09-28T23:15:09.842Z INFO  blacksilk_node] block 12a25fb410ca18f1 at height 390 accepted (tip 390)
[2026-09-28T23:15:21.788Z INFO  blacksilk_node] block b9079f98cadfc102 at height 391 accepted (tip 391)
[2026-09-28T23:15:27.029Z INFO  blacksilk_node] block 4a5833c40a1eef01 at height 392 accepted (tip 392)
[2026-09-28T23:15:38.443Z INFO  blacksilk_node] block b244ad320d34727c at height 393 accepted (tip 393)
[2026-09-28T23:15:44.746Z INFO  blacksilk_node] block 39bd8771c96301e1 at height 394 accepted (tip 394)
[2026-09-28T23:15:52.250Z INFO  blacksilk_node] block 643f1c2a74ad1d14 at height 395 accepted (tip 395)
[2026-09-28T23:16:06.957Z INFO  blacksilk_node] block 93367432ef6c29f4 at height 396 accepted (tip 396)
[2026-09-28T23:16:13.580Z INFO  blacksilk_node] block 18deb0499cfd7c81 at height 397 accepted (tip 397)
[2026-09-28T23:16:15.518Z INFO  blacksilk_node] block 19e09c2c47562750 at height 398 accepted (tip 398)
[2026-09-28T23:16:17.640Z INFO  blacksilk_node] block d0e88333d92cc3f5 at height 399 accepted (tip 399)
[2026-09-28T23:16:24.691Z INFO  blacksilk_node] block 59d6f721205a61a6 at height 400 accepted (tip 400)
[2026-09-28T23:16:50.824Z INFO  blacksilk_node] block d21e42f671fe0c22 at height 401 accepted (tip 401)
[2026-09-28T23:16:59.528Z INFO  blacksilk_node] block 891858c41dc477c7 at height 402 accepted (tip 402)
[2026-09-28T23:17:01.610Z INFO  blacksilk_node] block 995b9495d75794cb at height 403 accepted (tip 403)
[2026-09-28T23:17:07.132Z INFO  blacksilk_node] block 97f68bf664c73eed at height 404 accepted (tip 404)
[2026-09-28T23:17:25.727Z INFO  blacksilk_node] block 618dae4617a40de1 at height 405 accepted (tip 405)
[2026-09-28T23:17:34.761Z INFO  blacksilk_node] block a9ea34135f41b53d at height 406 accepted (tip 406)
[2026-09-28T23:17:39.371Z INFO  blacksilk_node] block b36261db227c66b0 at height 407 accepted (tip 407)
[2026-09-28T23:17:40.854Z INFO  blacksilk_node] block 89c103ad731bafe8 at height 408 accepted (tip 408)
[2026-09-28T23:17:48.913Z INFO  blacksilk_node] block e6c9b7674f88f9e3 at height 409 accepted (tip 409)
[2026-09-28T23:17:59.638Z INFO  blacksilk_node] block 724a873049be48a4 at height 410 accepted (tip 410)
[2026-09-28T23:18:09.678Z INFO  blacksilk_node] block 5c421ef7b7472073 at height 411 accepted (tip 411)
[2026-09-28T23:18:11.145Z INFO  blacksilk_node] block d18224f9ae322ac9 at height 412 accepted (tip 412)
[2026-09-28T23:18:23.742Z INFO  blacksilk_node] block e70a2e3d1b92fa78 at height 413 accepted (tip 413)
[2026-09-28T23:18:31.690Z INFO  blacksilk_node] block e1c0836320f60d02 at height 414 accepted (tip 414)
[2026-09-28T23:19:13.173Z INFO  blacksilk_node] block 7a18a44eb33d5245 at height 415 accepted (tip 415)
[2026-09-28T23:19:14.536Z INFO  blacksilk_node] block b915d9a3b2f45d27 at height 416 accepted (tip 416)
[2026-09-28T23:19:26.673Z INFO  blacksilk_node] block 1faed6c88e5f2e19 at height 417 accepted (tip 417)
[2026-09-28T23:19:30.063Z INFO  blacksilk_node] block fdedf3aeb98cd02f at height 418 accepted (tip 418)
[2026-09-28T23:19:30.903Z INFO  blacksilk_node] block fa875df0441910d6 at height 419 accepted (tip 419)
[2026-09-28T23:19:33.200Z INFO  blacksilk_node] block 531f5628a1c26b1d at height 420 accepted (tip 420)
[2026-09-28T23:19:49.482Z INFO  blacksilk_node] block ca85d28ba5e3a4f8 at height 421 accepted (tip 421)
[2026-09-28T23:19:55.263Z INFO  blacksilk_node] block 45ded0a5f8169dbe at height 422 accepted (tip 422)
[2026-09-28T23:19:56.898Z INFO  blacksilk_node] block 3cafc4563117fb86 at height 423 accepted (tip 423)
[2026-09-28T23:20:40.525Z INFO  blacksilk_node] block 07eb0eed9bd1c9d7 at height 425 accepted (tip 425)
[2026-09-28T23:20:42.012Z INFO  blacksilk_node] block 9ee95e33b115dc35 at height 426 accepted (tip 426)
[2026-09-28T23:21:03.058Z INFO  blacksilk_node] block d983250a072b16ec at height 428 accepted (tip 428)
[2026-09-28T23:21:08.432Z INFO  blacksilk_node] block 97f27e4ccc81bd00 at height 429 accepted (tip 429)
[2026-09-28T23:21:17.920Z INFO  blacksilk_node] block 1b99821f9c32e6a5 at height 430 accepted (tip 430)
[2026-09-28T23:21:41.068Z INFO  blacksilk_node] block 79ecf08c2ee32167 at height 431 accepted (tip 431)
[2026-09-28T23:21:47.834Z INFO  blacksilk_node] block 3fad56c8c06826e6 at height 432 accepted (tip 432)
[2026-09-28T23:21:49.316Z INFO  blacksilk_node] block 29ad1b4c132ecd79 at height 433 accepted (tip 433)
[2026-09-28T23:21:59.840Z INFO  blacksilk_node] block 6e8716ca8dc7067c at height 434 accepted (tip 434)
[2026-09-28T23:22:09.499Z INFO  blacksilk_node] block 5e37278bfc659dd1 at height 435 accepted (tip 435)
[2026-09-28T23:22:16.561Z INFO  blacksilk_node] block 5b44faba9a4f4b7f at height 436 accepted (tip 436)
[2026-09-28T23:22:34.268Z INFO  blacksilk_node] block 39d486b90810ca49 at height 437 accepted (tip 437)
[2026-09-28T23:22:38.022Z INFO  blacksilk_node] block 9748bcec3c5116f0 at height 438 accepted (tip 438)
[2026-09-28T23:22:46.751Z INFO  blacksilk_node] block 6b1d552c02ea7ea3 at height 439 accepted (tip 439)
[2026-09-28T23:22:53.714Z INFO  blacksilk_node] block 9fe4063c56769777 at height 440 accepted (tip 440)
[2026-09-28T23:23:06.142Z INFO  blacksilk_node] block 8e5960ba106684e5 at height 441 accepted (tip 441)
[2026-09-28T23:23:23.652Z INFO  blacksilk_node] block 06e229442cad167f at height 442 accepted (tip 442)
[2026-09-28T23:23:36.528Z INFO  blacksilk_node] block f11ebda10c25bb3b at height 443 accepted (tip 443)
[2026-09-28T23:23:48.546Z INFO  blacksilk_node] block 217b3115fe531053 at height 444 accepted (tip 444)
[2026-09-28T23:23:50.403Z INFO  blacksilk_node] block fac6e8b26fa082f0 at height 445 accepted (tip 445)
[2026-09-28T23:23:55.042Z INFO  blacksilk_node] block 240df7a457ad7467 at height 446 accepted (tip 446)
[2026-09-28T23:24:29.114Z INFO  blacksilk_node] block 8598b7f95f1443d2 at height 447 accepted (tip 447)
[2026-09-28T23:24:30.402Z INFO  blacksilk_node] block 634d019f97d2c508 at height 448 accepted (tip 448)
[2026-09-28T23:24:33.102Z INFO  blacksilk_node] block 5452c3473edd97cc at height 449 accepted (tip 449)
[2026-09-28T23:24:40.742Z INFO  blacksilk_node] block 962f6193c5bf30ae at height 450 accepted (tip 450)
[2026-09-28T23:25:01.372Z INFO  blacksilk_node] block ab6b3f2be77521e4 at height 451 accepted (tip 451)
[2026-09-28T23:25:07.398Z INFO  blacksilk_node] block d4f388b60f7bbbd9 at height 452 accepted (tip 452)
[2026-09-28T23:25:09.109Z INFO  blacksilk_node] block bd4937b689cbbcd9 at height 453 accepted (tip 453)
[2026-09-28T23:25:30.158Z INFO  blacksilk_node] block f642b70c4582427b at height 454 accepted (tip 454)
[2026-09-28T23:25:49.275Z INFO  blacksilk_node] block 9cc837c57b907040 at height 455 accepted (tip 455)
[2026-09-28T23:25:50.212Z INFO  blacksilk_node] block 965c16f8e2834a17 at height 456 accepted (tip 456)
[2026-09-28T23:25:51.866Z INFO  blacksilk_node] block 3a8b91353706f04d at height 457 accepted (tip 457)
[2026-09-28T23:25:58.101Z INFO  blacksilk_node] block c942ae5f73fbb012 at height 458 accepted (tip 458)
[2026-09-28T23:26:09.444Z INFO  blacksilk_node] block 6be11a6172d84f0a at height 459 accepted (tip 459)
[2026-09-28T23:26:10.775Z INFO  blacksilk_node] block 6c15e976dbe66a1a at height 460 accepted (tip 460)
[2026-09-28T23:26:18.331Z INFO  blacksilk_node] block 39b3dddce8a4079a at height 461 accepted (tip 461)
[2026-09-28T23:26:21.340Z INFO  blacksilk_node] block d66976a0e181bba5 at height 462 accepted (tip 462)
[2026-09-28T23:26:25.370Z INFO  blacksilk_node] block 6efe44ba3d04f16b at height 463 accepted (tip 463)
[2026-09-28T23:26:28.439Z INFO  blacksilk_node] block f6b2a343e4aaf443 at height 464 accepted (tip 464)
[2026-09-28T23:26:32.273Z INFO  blacksilk_node] block 7daf345e88e656a0 at height 465 accepted (tip 465)
[2026-09-28T23:26:43.959Z INFO  blacksilk_node] block 1df4e72f085702d1 at height 466 accepted (tip 466)
[2026-09-28T23:26:53.320Z INFO  blacksilk_node] block 5103ca24325a9eb9 at height 467 accepted (tip 467)
[2026-09-28T23:26:59.356Z INFO  blacksilk_node] block cf80710ba31ddad5 at height 468 accepted (tip 468)
[2026-09-28T23:27:05.462Z INFO  blacksilk_node] block ccc90cdd8823fcca at height 469 accepted (tip 469)
[2026-09-28T23:27:08.632Z INFO  blacksilk_node] block 9e13f384429c18e0 at height 470 accepted (tip 470)
[2026-09-28T23:27:09.891Z INFO  blacksilk_node] block 521c8ecb3ee0ca80 at height 471 accepted (tip 471)
[2026-09-28T23:27:14.312Z INFO  blacksilk_node] block da7c882942bce351 at height 472 accepted (tip 472)
[2026-09-28T23:27:15.361Z INFO  blacksilk_node] block 63d0e86487d9272e at height 473 accepted (tip 473)
[2026-09-28T23:27:30.569Z INFO  blacksilk_node] block 396b86cdec4e088a at height 474 accepted (tip 474)
[2026-09-28T23:27:33.252Z INFO  blacksilk_node] block ba86da4e066c2c70 at height 475 accepted (tip 475)
[2026-09-28T23:27:36.059Z INFO  blacksilk_node] block cdd4cf4364d4370d at height 476 accepted (tip 476)
[2026-09-28T23:27:44.455Z INFO  blacksilk_node] block 99b0432611e5e30b at height 477 accepted (tip 477)
[2026-09-28T23:27:46.707Z INFO  blacksilk_node] block 7caa57ddc0848895 at height 478 accepted (tip 478)
[2026-09-28T23:28:01.878Z INFO  blacksilk_node] block 62d138fefe5eb300 at height 479 accepted (tip 479)
[2026-09-28T23:28:06.993Z INFO  blacksilk_node] block 0f996e114df241e7 at height 480 accepted (tip 480)
[2026-09-28T23:28:28.302Z INFO  blacksilk_node] block fc9261545c8308c0 at height 481 accepted (tip 481)
[2026-09-28T23:28:35.878Z INFO  blacksilk_node] block 88dff3764dcf1078 at height 482 accepted (tip 482)
[2026-09-28T23:28:39.369Z INFO  blacksilk_node] block 2afd32489fc11e1f at height 483 accepted (tip 483)
[2026-09-28T23:28:50.183Z INFO  blacksilk_node] block 7aef0d881971570e at height 484 accepted (tip 484)
[2026-09-28T23:29:00.778Z INFO  blacksilk_node] block e7499545286c8c6f at height 485 accepted (tip 485)
[2026-09-28T23:29:04.454Z INFO  blacksilk_node] block c39d82760cbfdbea at height 486 accepted (tip 486)
[2026-09-28T23:29:17.135Z INFO  blacksilk_node] block c79e15db763f7f80 at height 487 accepted (tip 487)
[2026-09-28T23:29:24.970Z INFO  blacksilk_node] block 60eee241d7b1103a at height 488 accepted (tip 488)
[2026-09-28T23:29:26.867Z INFO  blacksilk_node] block 24e742ce61e283bd at height 489 accepted (tip 489)
[2026-09-28T23:29:58.605Z INFO  blacksilk_node] block bbc57b6cdea68ad1 at height 490 accepted (tip 490)
[2026-09-28T23:29:59.715Z INFO  blacksilk_node] block 62ccd53dfa331e34 at height 491 accepted (tip 491)
[2026-09-28T23:30:08.446Z INFO  blacksilk_node] block 442907a2d31856f9 at height 492 accepted (tip 492)
[2026-09-28T23:30:13.664Z INFO  blacksilk_node] block 50728eb59627ef80 at height 493 accepted (tip 493)
[2026-09-28T23:30:15.620Z INFO  blacksilk_node] block 4dd1f06e0d2ce70a at height 494 accepted (tip 494)
[2026-09-28T23:30:30.884Z INFO  blacksilk_node] block 795fc74e52482640 at height 495 accepted (tip 495)
[2026-09-28T23:30:43.981Z INFO  blacksilk_node] block fb4ebb7300d69267 at height 496 accepted (tip 496)
[2026-09-28T23:31:02.162Z INFO  blacksilk_node] block 6a92b5884454d5c8 at height 497 accepted (tip 497)
[2026-09-28T23:31:10.157Z INFO  blacksilk_node] block 5b39bdc142dd9ebf at height 498 accepted (tip 498)
[2026-09-28T23:31:12.923Z INFO  blacksilk_node] block 1d1499a7bf43b678 at height 499 accepted (tip 499)
[2026-09-28T23:31:14.774Z INFO  blacksilk_node] block 94730c5534237453 at height 500 accepted (tip 500)
[2026-09-28T23:31:48.312Z INFO  blacksilk_node] block 496ad5135064f652 at height 502 accepted (tip 502)
[2026-09-28T23:31:54.540Z INFO  blacksilk_node] block 10bf932c5d69b1db at height 503 accepted (tip 503)
[2026-09-28T23:31:59.397Z INFO  blacksilk_node] block c6ed785b39e3ba19 at height 504 accepted (tip 504)
[2026-09-28T23:32:34.252Z INFO  blacksilk_node] block b0be6e922a8efd33 at height 505 accepted (tip 505)
[2026-09-28T23:32:37.164Z INFO  blacksilk_node] block 695965e78ed4232a at height 506 accepted (tip 506)
[2026-09-28T23:32:58.828Z INFO  blacksilk_node] block 6a807959170a3f6c at height 507 accepted (tip 507)
[2026-09-28T23:33:03.274Z INFO  blacksilk_node] block 0385d81bb4266eab at height 508 accepted (tip 508)
[2026-09-28T23:33:07.147Z INFO  blacksilk_node] block f7da73d6a5b21136 at height 509 accepted (tip 509)
[2026-09-28T23:33:35.326Z INFO  blacksilk_node] block 38b649d8726b1874 at height 510 accepted (tip 510)
[2026-09-28T23:33:54.880Z INFO  blacksilk_node] block afc424da5fc5137b at height 511 accepted (tip 511)
[2026-09-28T23:34:02.585Z INFO  blacksilk_node] block f4cb713b407a2499 at height 512 accepted (tip 512)
[2026-09-28T23:34:03.342Z INFO  blacksilk_node] block 04a25849f2c4144f at height 513 accepted (tip 513)
[2026-09-28T23:34:05.217Z INFO  blacksilk_node] block 7906daa100dce3aa at height 514 accepted (tip 514)
[2026-09-28T23:34:12.346Z INFO  blacksilk_node] block 3ec168eb99717b3a at height 515 accepted (tip 515)
[2026-09-28T23:34:15.738Z INFO  blacksilk_node] block e3589e7fd7d5ecef at height 516 accepted (tip 516)
[2026-09-28T23:34:52.155Z INFO  blacksilk_node] block 2072e84818adddb7 at height 518 accepted (tip 518)
[2026-09-28T23:34:54.731Z INFO  blacksilk_node] block 08f465a0da8fe12e at height 519 accepted (tip 519)
[2026-09-28T23:34:57.490Z INFO  blacksilk_node] block 6d2779e9c6212d19 at height 520 accepted (tip 520)
[2026-09-28T23:35:31.724Z INFO  blacksilk_node] block 26dd2dd12814a7ef at height 522 accepted (tip 522)
[2026-09-28T23:35:33.373Z INFO  blacksilk_node] block a95365c49c5f5a18 at height 523 accepted (tip 523)
[2026-09-28T23:35:35.240Z INFO  blacksilk_node] block 577e331f31154e8c at height 524 accepted (tip 524)
[2026-09-28T23:35:38.571Z INFO  blacksilk_node] block 40659b22967d54af at height 525 accepted (tip 525)
[2026-09-28T23:36:04.791Z INFO  blacksilk_node] block 146cab1a9c3edc52 at height 526 accepted (tip 526)
[2026-09-28T23:36:08.122Z INFO  blacksilk_node] block c8402cad9be32520 at height 527 accepted (tip 527)
[2026-09-28T23:36:11.657Z INFO  blacksilk_node] block cab4e7c43c412637 at height 528 accepted (tip 528)
[2026-09-28T23:36:15.036Z INFO  blacksilk_node] block 147612838c394e2e at height 529 accepted (tip 529)
[2026-09-28T23:36:16.795Z INFO  blacksilk_node] block 8a755b61f9158868 at height 530 accepted (tip 530)
[2026-09-28T23:36:23.388Z INFO  blacksilk_node] block 4e58ad2b15797a91 at height 531 accepted (tip 531)
[2026-09-28T23:36:28.886Z INFO  blacksilk_node] block 43e42ec2e0316b49 at height 532 accepted (tip 532)
[2026-09-28T23:36:33.954Z INFO  blacksilk_node] block 806f70bbff74c80f at height 533 accepted (tip 533)
[2026-09-28T23:36:38.027Z INFO  blacksilk_node] block 2e29e6bb01668254 at height 534 accepted (tip 534)
[2026-09-28T23:36:40.623Z INFO  blacksilk_node] block a3b999c80623f429 at height 535 accepted (tip 535)
[2026-09-28T23:36:52.177Z INFO  blacksilk_node] block 0033b21771e85912 at height 536 accepted (tip 536)
[2026-09-28T23:36:54.668Z INFO  blacksilk_node] block 5a80a024656ee3e0 at height 537 accepted (tip 537)
[2026-09-28T23:36:58.101Z INFO  blacksilk_node] block 26ca0b5aea8a06d6 at height 538 accepted (tip 538)
[2026-09-28T23:37:10.096Z INFO  blacksilk_node] block 8178f42143cd3775 at height 539 accepted (tip 539)
[2026-09-28T23:37:13.661Z INFO  blacksilk_node] block 5c2605b131047d74 at height 540 accepted (tip 540)
[2026-09-28T23:37:16.219Z INFO  blacksilk_node] block e44d64061f2099ef at height 541 accepted (tip 541)
[2026-09-28T23:37:22.144Z INFO  blacksilk_node] block 202527196e20c0e5 at height 542 accepted (tip 542)
[2026-09-28T23:37:31.226Z INFO  blacksilk_node] block cea7ad525c4a82dd at height 543 accepted (tip 543)
[2026-09-28T23:37:33.356Z INFO  blacksilk_node] block ec7dd03d1bf8569e at height 544 accepted (tip 544)
[2026-09-28T23:37:48.850Z INFO  blacksilk_node] block fa5c0140ddae64e1 at height 545 accepted (tip 545)
[2026-09-28T23:37:54.671Z INFO  blacksilk_node] block a0765e9d9114bd3b at height 546 accepted (tip 546)
[2026-09-28T23:38:24.733Z INFO  blacksilk_node] block 7a6eff39b0303522 at height 547 accepted (tip 547)
[2026-09-28T23:38:27.955Z INFO  blacksilk_node] block 53cf9aa2fc757922 at height 548 accepted (tip 548)
[2026-09-28T23:38:42.465Z INFO  blacksilk_node] block 216a93583fec890f at height 549 accepted (tip 549)
[2026-09-28T23:38:43.578Z INFO  blacksilk_node] block 668af8f85d558fcb at height 550 accepted (tip 550)
[2026-09-28T23:39:06.503Z INFO  blacksilk_node] block b5852c28e8c8fd54 at height 551 accepted (tip 551)
[2026-09-28T23:39:16.010Z INFO  blacksilk_node] block 2c268216c3bd0de7 at height 552 accepted (tip 552)
[2026-09-28T23:39:32.142Z INFO  blacksilk_node] block 8544cfe94a300d1f at height 553 accepted (tip 553)
[2026-09-28T23:39:57.346Z INFO  blacksilk_node] block 89622244d94b97fe at height 555 accepted (tip 555)
[2026-09-28T23:40:05.427Z INFO  blacksilk_node] block da9c6b3e2787c9bd at height 557 accepted (tip 557)
[2026-09-28T23:40:06.272Z INFO  blacksilk_node] block 27bee44a9cbc7ebd at height 558 accepted (tip 558)
[2026-09-28T23:40:11.262Z INFO  blacksilk_node] block b3f5cdf4eaaa99f8 at height 559 accepted (tip 559)
[2026-09-28T23:40:12.748Z INFO  blacksilk_node] block 8988d0fd83d1f16e at height 560 accepted (tip 560)
[2026-09-28T23:40:21.102Z INFO  blacksilk_node] block c45a675180f79ea2 at height 561 accepted (tip 561)
[2026-09-28T23:40:30.342Z INFO  blacksilk_node] block b7118dd073d21056 at height 562 accepted (tip 562)
[2026-09-28T23:40:37.528Z INFO  blacksilk_node] block 3236b3aee25c8671 at height 563 accepted (tip 563)
[2026-09-28T23:40:56.963Z INFO  blacksilk_node] block 8120b678229c0c0e at height 564 accepted (tip 564)
[2026-09-28T23:41:10.029Z INFO  blacksilk_node] block cf80ebc65cb74e46 at height 565 accepted (tip 565)
[2026-09-28T23:41:20.425Z INFO  blacksilk_node] block 4a6eb3ed4e3dc4ad at height 566 accepted (tip 566)
[2026-09-28T23:41:31.303Z INFO  blacksilk_node] block 26ea8a253b932510 at height 567 accepted (tip 567)
[2026-09-28T23:41:49.201Z INFO  blacksilk_node] block 8c182761d2d10fc3 at height 568 accepted (tip 568)
[2026-09-28T23:42:02.813Z INFO  blacksilk_node] block 8ae4547bb465045d at height 569 accepted (tip 569)
[2026-09-28T23:42:07.629Z INFO  blacksilk_node] block b500e86609baae6e at height 570 accepted (tip 570)
[2026-09-28T23:42:09.342Z INFO  blacksilk_node] block 14ff59fc175db49c at height 571 accepted (tip 571)
[2026-09-28T23:42:14.463Z INFO  blacksilk_node] block 81f8f3bcf5e1af30 at height 572 accepted (tip 572)
[2026-09-28T23:42:29.947Z INFO  blacksilk_node] block 9b9042c534a16f59 at height 573 accepted (tip 573)
[2026-09-28T23:42:39.446Z INFO  blacksilk_node] block 96dbcb5933f209e5 at height 574 accepted (tip 574)
[2026-09-28T23:43:28.359Z INFO  blacksilk_node] block 44daccf04b7e4152 at height 575 accepted (tip 575)
[2026-09-28T23:43:33.562Z INFO  blacksilk_node] block 2494e6815191ce1b at height 576 accepted (tip 576)
[2026-09-28T23:43:37.605Z INFO  blacksilk_node] block 8656b3662934ce5c at height 577 accepted (tip 577)
[2026-09-28T23:44:09.392Z INFO  blacksilk_node] block 5daa07add7822e18 at height 578 accepted (tip 578)
[2026-09-28T23:44:25.829Z INFO  blacksilk_node] block af6998379314d038 at height 579 accepted (tip 579)
[2026-09-28T23:44:30.407Z INFO  blacksilk_node] block 17243f03541f1971 at height 580 accepted (tip 580)
[2026-09-28T23:44:33.020Z INFO  blacksilk_node] block 5ee2d76f556c08e9 at height 581 accepted (tip 581)
[2026-09-28T23:44:54.193Z INFO  blacksilk_node] block 2f8b1dcae58cfd51 at height 582 accepted (tip 582)
[2026-09-28T23:44:58.918Z INFO  blacksilk_node] block fc4472377b91887f at height 583 accepted (tip 583)
[2026-09-28T23:45:32.358Z INFO  blacksilk_node] block b03b3329072efed4 at height 584 accepted (tip 584)
[2026-09-28T23:45:34.724Z INFO  blacksilk_node] block 2d5ef252ce295d17 at height 585 accepted (tip 585)
[2026-09-28T23:45:37.560Z INFO  blacksilk_node] block f6ca7ab26fc7787d at height 586 accepted (tip 586)
[2026-09-28T23:45:44.654Z INFO  blacksilk_node] block e067b3845065b59c at height 587 accepted (tip 587)
[2026-09-28T23:45:55.193Z INFO  blacksilk_node] block fc9a156335b25e07 at height 588 accepted (tip 588)
[2026-09-28T23:46:08.722Z INFO  blacksilk_node] block 9bd51762d2e3871f at height 589 accepted (tip 589)
[2026-09-28T23:46:24.510Z INFO  blacksilk_node] block 32826de66d745028 at height 590 accepted (tip 590)
[2026-09-28T23:46:37.436Z INFO  blacksilk_node] block ec52f79f7165ed27 at height 591 accepted (tip 591)
[2026-09-28T23:46:59.438Z INFO  blacksilk_node] block 3f8b70a0d1236f1d at height 592 accepted (tip 592)
[2026-09-28T23:47:03.274Z INFO  blacksilk_node] block e9c26e01d5cf0ee8 at height 593 accepted (tip 593)
[2026-09-28T23:47:09.451Z INFO  blacksilk_node] block ae38e2a4e0b6375c at height 594 accepted (tip 594)
[2026-09-28T23:47:16.932Z INFO  blacksilk_node] block ede7c01f90c9464b at height 595 accepted (tip 595)
[2026-09-28T23:47:28.252Z INFO  blacksilk_node] block cb4dea149ea92571 at height 596 accepted (tip 596)
[2026-09-28T23:47:37.766Z INFO  blacksilk_node] block d5426f057c285046 at height 597 accepted (tip 597)
[2026-09-28T23:47:56.888Z INFO  blacksilk_node] block 9f694d51e9db429f at height 598 accepted (tip 598)
[2026-09-28T23:48:00.158Z INFO  blacksilk_node] block 851015845d2c63f3 at height 599 accepted (tip 599)
[2026-09-28T23:48:02.763Z INFO  blacksilk_node] block f44b2e3579255a2c at height 600 accepted (tip 600)
[2026-09-28T23:48:22.835Z INFO  blacksilk_node] block b820ed4253beb416 at height 601 accepted (tip 601)
[2026-09-28T23:48:33.428Z INFO  blacksilk_node] block 8477f131a8dfbe89 at height 602 accepted (tip 602)
[2026-09-28T23:49:17.775Z INFO  blacksilk_node] block f6fbe8fd385fcf30 at height 603 accepted (tip 603)
[2026-09-28T23:49:25.633Z INFO  blacksilk_node] block 319ab7b6ae30b971 at height 604 accepted (tip 604)
[2026-09-28T23:49:29.807Z INFO  blacksilk_node] block cf9515e1b068e367 at height 605 accepted (tip 605)
[2026-09-28T23:49:39.786Z INFO  blacksilk_node] block b04b07cd6cac0707 at height 606 accepted (tip 606)
[2026-09-28T23:49:41.968Z INFO  blacksilk_node] block 8467e9e4497351ec at height 607 accepted (tip 607)
[2026-09-28T23:49:45.442Z INFO  blacksilk_node] block d8edf68bcc7ff390 at height 608 accepted (tip 608)
[2026-09-28T23:49:46.355Z INFO  blacksilk_node] block f0a031e773624841 at height 609 accepted (tip 609)
[2026-09-28T23:49:50.924Z INFO  blacksilk_node] block 327b9c1f69da64b3 at height 610 accepted (tip 610)
[2026-09-28T23:49:59.474Z INFO  blacksilk_node] block 07a6adc3e0039fe8 at height 612 accepted (tip 612)
[2026-09-28T23:50:08.840Z INFO  blacksilk_node] block 67784d2bba9265cf at height 613 accepted (tip 613)
[2026-09-28T23:50:15.390Z INFO  blacksilk_node] block d4240adb4f17ac95 at height 614 accepted (tip 614)
[2026-09-28T23:50:17.239Z INFO  blacksilk_node] block 63e16c0a86362c7c at height 615 accepted (tip 615)
[2026-09-28T23:50:38.479Z INFO  blacksilk_node] block 659f0737ab7b5728 at height 616 accepted (tip 616)
[2026-09-28T23:50:56.811Z INFO  blacksilk_node] block d39b0732a1e65434 at height 617 accepted (tip 617)
[2026-09-28T23:51:14.150Z INFO  blacksilk_node] block a5e948cb2b34d604 at height 618 accepted (tip 618)
[2026-09-28T23:51:15.616Z INFO  blacksilk_node] block d32704269f656375 at height 619 accepted (tip 619)
[2026-09-28T23:51:38.916Z INFO  blacksilk_node] block 3f426e66b420bc8f at height 620 accepted (tip 620)
[2026-09-28T23:51:41.420Z INFO  blacksilk_node] block b4911fa5a0b09879 at height 621 accepted (tip 621)
[2026-09-28T23:51:42.592Z INFO  blacksilk_p2p::net::conn] disconnected peer 127.0.0.1:21121
[2026-09-28T23:51:42.592Z INFO  blacksilk_p2p::net::conn] disconnected peer 127.0.0.1:50202
[2026-09-28T23:51:42.592Z INFO  blacksilk_p2p::net::conn] disconnected peer 127.0.0.1:21112
[2026-09-28T23:51:49.407Z INFO  blacksilk_node] block dcd5ea7ea8386711 at height 622 accepted (tip 622)
[2026-09-28T23:52:07.953Z INFO  blacksilk_node] block bf27f3c23b8c0c32 at height 623 accepted (tip 623)
[2026-09-28T23:52:09.043Z INFO  blacksilk_node] block c0fbd3353966c98c at height 624 accepted (tip 624)
[2026-09-28T23:52:14.388Z INFO  blacksilk_node] block 8138e07e3e4953bb at height 625 accepted (tip 625)
[2026-09-28T23:52:18.035Z INFO  blacksilk_node] block 4fda74e54da9aa14 at height 626 accepted (tip 626)
[2026-09-28T23:52:27.179Z INFO  blacksilk_node] block ec063185138dea15 at height 627 accepted (tip 627)
[2026-09-28T23:52:29.239Z INFO  blacksilk_node] block 47dbc5765ce057b8 at height 628 accepted (tip 628)
[2026-09-28T23:52:37.884Z INFO  blacksilk_node] block d5be4d8c897caa4d at height 629 accepted (tip 629)
[2026-09-28T23:52:40.825Z INFO  blacksilk_node] block a78560da7de21b45 at height 630 accepted (tip 630)
[2026-09-28T23:52:43.481Z INFO  blacksilk_node] block 447b401d6bf96c68 at height 631 accepted (tip 631)
[2026-09-28T23:53:08.666Z INFO  blacksilk_node] block 6d40a9197a8b8127 at height 632 accepted (tip 632)
[2026-09-28T23:53:39.148Z INFO  blacksilk_node] block 8c9395e11e755644 at height 633 accepted (tip 633)
[2026-09-28T23:53:57.878Z INFO  blacksilk_node] block 4577486cbacec0fe at height 634 accepted (tip 634)
[2026-09-28T23:54:04.923Z INFO  blacksilk_node] block 17526a8c2e8abb95 at height 635 accepted (tip 635)
[2026-09-28T23:54:14.021Z INFO  blacksilk_node] block 3b513753590e419c at height 636 accepted (tip 636)
[2026-09-28T23:54:25.202Z INFO  blacksilk_node] block d1793bd85de5fc76 at height 637 accepted (tip 637)
[2026-09-28T23:54:35.525Z INFO  blacksilk_node] block 72b160baa261bffb at height 638 accepted (tip 638)
[2026-09-28T23:54:37.061Z INFO  blacksilk_node] block 95af927058b38a82 at height 639 accepted (tip 639)
[2026-09-28T23:54:37.775Z INFO  blacksilk_node] block d94896b88b3305da at height 640 accepted (tip 640)
[2026-09-28T23:54:43.093Z INFO  blacksilk_p2p::net::conn] connected outbound peer 127.0.0.1:50202 (height 622)
[2026-09-28T23:54:53.000Z INFO  blacksilk_p2p::net::conn] connected inbound peer 127.0.0.1:25486 (height 640)
[2026-09-28T23:54:53.171Z INFO  blacksilk_node] block 0921dd07139c0eb2 at height 641 accepted (tip 641)
[2026-09-28T23:54:53.518Z INFO  blacksilk_p2p::net::conn] connected inbound peer 127.0.0.1:25488 (height 640)
[2026-09-28T23:54:56.409Z INFO  blacksilk_node] block 06f1de8047cd5e45 at height 642 accepted (tip 642)
[2026-09-28T23:55:00.549Z INFO  blacksilk_node] block 031a4cd1305622ca at height 644 accepted (tip 644)
[2026-09-28T23:55:05.026Z INFO  blacksilk_node] block 5fe7c91d4918e205 at height 645 accepted (tip 645)
[2026-09-28T23:55:17.662Z INFO  blacksilk_node] block 4eeab1c4bbc0dc25 at height 646 accepted (tip 646)
[2026-09-28T23:55:19.503Z INFO  blacksilk_node] block 935ea7e8e15f4370 at height 647 accepted (tip 647)
[2026-09-28T23:55:23.012Z INFO  blacksilk_node] block 1bc28aa79f198029 at height 648 accepted (tip 648)
[2026-09-28T23:55:24.131Z INFO  blacksilk_node] block d17658e7f14a6cdc at height 649 accepted (tip 649)
[2026-09-28T23:55:27.218Z INFO  blacksilk_node] block f521d16fdc89e4fb at height 650 accepted (tip 650)
[2026-09-28T23:55:29.024Z INFO  blacksilk_node] block 94a6f336375a3fe5 at height 651 accepted (tip 651)
[2026-09-28T23:55:33.728Z INFO  blacksilk_node] block 9c5cb25cc0d5adbd at height 652 accepted (tip 652)
[2026-09-28T23:55:36.226Z INFO  blacksilk_node] block 0a03633ded3d9bf8 at height 653 accepted (tip 653)
[2026-09-28T23:55:37.801Z INFO  blacksilk_node] block 82728fea9b32bd7f at height 654 accepted (tip 654)
[2026-09-28T23:55:44.746Z INFO  blacksilk_node] block fd5e4a22568206b1 at height 655 accepted (tip 655)
[2026-09-28T23:56:06.407Z INFO  blacksilk_node] block 602757760e2a2a71 at height 656 accepted (tip 656)
[2026-09-28T23:56:07.176Z INFO  blacksilk_node] block 3a0aba7a00168047 at height 657 accepted (tip 657)
[2026-09-28T23:56:17.741Z INFO  blacksilk_node] block 72e90f92db2b94aa at height 658 accepted (tip 658)
[2026-09-28T23:56:22.940Z INFO  blacksilk_node] block c3db35e947a27934 at height 659 accepted (tip 659)
[2026-09-28T23:56:35.456Z INFO  blacksilk_node] block 76137edd171c7f99 at height 660 accepted (tip 660)
[2026-09-28T23:57:00.063Z INFO  blacksilk_node] block eeef4f47d9e4c54e at height 661 accepted (tip 661)
[2026-09-28T23:57:12.443Z INFO  blacksilk_node] block 6d5b1326f327727a at height 662 accepted (tip 662)
[2026-09-28T23:57:27.915Z INFO  blacksilk_node] block 3205ab57a05d1bfb at height 663 accepted (tip 663)
[2026-09-28T23:57:30.880Z INFO  blacksilk_node] block d2a8e57c714d2f4b at height 664 accepted (tip 664)
[2026-09-28T23:57:37.940Z INFO  blacksilk_node] block 10f5463470911127 at height 665 accepted (tip 665)
[2026-09-28T23:57:43.454Z INFO  blacksilk_node] block e00012b2a641ef81 at height 666 accepted (tip 666)
[2026-09-28T23:57:47.767Z INFO  blacksilk_node] block 0eeaf8a7a0fbb680 at height 667 accepted (tip 667)
[2026-09-28T23:57:51.040Z INFO  blacksilk_node] block d1dade435907fb7f at height 668 accepted (tip 668)
[2026-09-28T23:57:53.715Z INFO  blacksilk_node] block 33be65847760b0fc at height 669 accepted (tip 669)
[2026-09-28T23:57:56.800Z INFO  blacksilk_node] block 11d6e7c9fb050b98 at height 670 accepted (tip 670)
[2026-09-28T23:57:59.681Z INFO  blacksilk_node] block 82b43e51e55005d3 at height 671 accepted (tip 671)
[2026-09-28T23:58:04.603Z INFO  blacksilk_node] block 996605267ed08013 at height 672 accepted (tip 672)
[2026-09-28T23:58:06.337Z INFO  blacksilk_node] block 202f9bbeb12d2e8c at height 673 accepted (tip 673)
[2026-09-28T23:58:11.719Z INFO  blacksilk_node] block 0a4246c9b571f584 at height 674 accepted (tip 674)
[2026-09-28T23:58:22.111Z INFO  blacksilk_node] block 0cf54d71075665cc at height 675 accepted (tip 675)
[2026-09-28T23:58:23.887Z INFO  blacksilk_node] block 281db25ba9745ef8 at height 676 accepted (tip 676)
[2026-09-28T23:58:37.489Z INFO  blacksilk_node] block 8a43155def5b899e at height 677 accepted (tip 677)
[2026-09-28T23:59:19.252Z INFO  blacksilk_node] block 44a198518f38c7af at height 678 accepted (tip 678)
[2026-09-29T00:00:07.324Z INFO  blacksilk_node] block 5dad216dfa4874c3 at height 679 accepted (tip 679)
[2026-09-29T00:00:09.061Z INFO  blacksilk_node] block 8f46c81b0422eac6 at height 680 accepted (tip 680)
[2026-09-29T00:00:09.728Z INFO  blacksilk_node] block f2bead3be651a14f at height 681 accepted (tip 681)
[2026-09-29T00:00:45.362Z INFO  blacksilk_node] block 5c6a7cfe8333f6d0 at height 682 accepted (tip 682)
[2026-09-29T00:00:48.591Z INFO  blacksilk_node] block 16378529036a0929 at height 683 accepted (tip 683)
[2026-09-29T00:00:49.291Z INFO  blacksilk_node] block b2bd37d83bc88923 at height 684 accepted (tip 684)
[2026-09-29T00:00:52.909Z INFO  blacksilk_node] block ae6f3bdc6e517044 at height 685 accepted (tip 685)
[2026-09-29T00:00:56.168Z INFO  blacksilk_node] block 11e64d5a7cb353ad at height 686 accepted (tip 686)
[2026-09-29T00:01:04.962Z INFO  blacksilk_node] block da3837f65bbbb8ca at height 687 accepted (tip 687)
[2026-09-29T00:01:10.897Z INFO  blacksilk_node] block 7a0ce152db374381 at height 688 accepted (tip 688)
[2026-09-29T00:01:15.539Z INFO  blacksilk_node] block 8295a64de124f4eb at height 689 accepted (tip 689)
[2026-09-29T00:01:16.939Z INFO  blacksilk_node] block 2fd70b9c6fed0454 at height 690 accepted (tip 690)
[2026-09-29T00:01:54.869Z INFO  blacksilk_node] block c9a929f4dd72011d at height 691 accepted (tip 691)
[2026-09-29T00:02:02.081Z INFO  blacksilk_node] block 7e4ad880de59b3ff at height 692 accepted (tip 692)
[2026-09-29T00:02:11.030Z INFO  blacksilk_node] block 0cfed36835ecade6 at height 693 accepted (tip 693)
[2026-09-29T00:02:20.846Z INFO  blacksilk_node] block 6339da3c13b21caa at height 694 accepted (tip 694)
[2026-09-29T00:02:36.113Z INFO  blacksilk_node] block e7efc35e35d489b7 at height 695 accepted (tip 695)
[2026-09-29T00:02:44.732Z INFO  blacksilk_node] block 1f308d2954c7ac12 at height 696 accepted (tip 696)
[2026-09-29T00:02:53.741Z INFO  blacksilk_node] block 127799fd6c1133a3 at height 697 accepted (tip 697)
[2026-09-29T00:03:13.892Z INFO  blacksilk_node] block 9d052293ad540a5c at height 698 accepted (tip 698)
[2026-09-29T00:03:25.193Z INFO  blacksilk_node] block f643b080fd091772 at height 699 accepted (tip 699)
[2026-09-29T00:03:30.899Z INFO  blacksilk_node] block 95218b330bb1834a at height 700 accepted (tip 700)
[2026-09-29T00:04:02.909Z INFO  blacksilk_node] block f41020c282083246 at height 701 accepted (tip 701)
[2026-09-29T00:04:03.760Z INFO  blacksilk_node] block 9b387ac39c09865d at height 702 accepted (tip 702)
[2026-09-29T00:04:18.686Z INFO  blacksilk_node] block 4be138e46796a1fe at height 703 accepted (tip 703)
[2026-09-29T00:04:30.075Z INFO  blacksilk_node] block 52c680163f74da5b at height 704 accepted (tip 704)
[2026-09-29T00:04:30.991Z INFO  blacksilk_node] block 0ef8aa21050303b8 at height 705 accepted (tip 705)
[2026-09-29T00:04:38.385Z INFO  blacksilk_node] block 7629777d98223401 at height 706 accepted (tip 706)
[2026-09-29T00:04:39.661Z INFO  blacksilk_node] block 4eb94c42e0c0b45e at height 707 accepted (tip 707)
[2026-09-29T00:04:45.787Z INFO  blacksilk_node] block 89160d2cebab633e at height 708 accepted (tip 708)
[2026-09-29T00:04:53.284Z INFO  blacksilk_node] block fab62929c6aff980 at height 709 accepted (tip 709)
[2026-09-29T00:05:00.643Z INFO  blacksilk_node] block 6f0c29bbe5b1b90b at height 710 accepted (tip 710)
[2026-09-29T00:05:32.067Z INFO  blacksilk_node] block 8c15f5d6793d6a80 at height 711 accepted (tip 711)
[2026-09-29T00:05:38.011Z INFO  blacksilk_node] block 2a1ac6be702fc747 at height 712 accepted (tip 712)
[2026-09-29T00:05:42.351Z INFO  blacksilk_node] block dc47af65d5c458e7 at height 713 accepted (tip 713)
[2026-09-29T00:06:12.618Z INFO  blacksilk_node] block 8773e19b6dd3bdb2 at height 714 accepted (tip 714)
[2026-09-29T00:06:15.113Z INFO  blacksilk_node] block c507b2e4603757ba at height 715 accepted (tip 715)
[2026-09-29T00:06:15.850Z INFO  blacksilk_node] block eaf0e53122401a0d at height 716 accepted (tip 716)
[2026-09-29T00:06:20.100Z INFO  blacksilk_node] block a94655ca003f38d4 at height 717 accepted (tip 717)
[2026-09-29T00:06:48.968Z INFO  blacksilk_node] block ab145b7b4d5d2ffe at height 718 accepted (tip 718)
[2026-09-29T00:07:05.411Z INFO  blacksilk_node] block 0700b8cb2989b6bd at height 720 accepted (tip 720)
[2026-09-29T00:07:08.541Z INFO  blacksilk_node] block a82f793a29b540b9 at height 721 accepted (tip 721)
[2026-09-29T00:07:28.999Z INFO  blacksilk_node] block e498c8126f1c8348 at height 722 accepted (tip 722)
[2026-09-29T00:07:45.687Z INFO  blacksilk_node] block 902b1e36e1edb566 at height 723 accepted (tip 723)
[2026-09-29T00:08:03.017Z INFO  blacksilk_node] block afeb07bc7d828492 at height 724 accepted (tip 724)
[2026-09-29T00:08:13.835Z INFO  blacksilk_node] block 72c9d40351209447 at height 726 accepted (tip 726)
[2026-09-29T00:08:32.875Z INFO  blacksilk_node] block 727f063b0441cf33 at height 727 accepted (tip 727)
[2026-09-29T00:08:33.802Z INFO  blacksilk_node] block a8db6b82bcf8609b at height 728 accepted (tip 728)
[2026-09-29T00:08:38.398Z INFO  blacksilk_node] block 9bff62d06a154023 at height 729 accepted (tip 729)
[2026-09-29T00:08:45.950Z INFO  blacksilk_node] block ee8a70c39521e27c at height 730 accepted (tip 730)
[2026-09-29T00:08:47.690Z INFO  blacksilk_node] block ae5a266a53f63638 at height 731 accepted (tip 731)
[2026-09-29T00:08:48.790Z INFO  blacksilk_node] block 8c49f30143cc95a1 at height 732 accepted (tip 732)
[2026-09-29T00:09:04.583Z INFO  blacksilk_node] block efa8266d1fe30588 at height 733 accepted (tip 733)
[2026-09-29T00:09:09.302Z INFO  blacksilk_node] block babab0d01a9ff181 at height 734 accepted (tip 734)
[2026-09-29T00:09:19.318Z INFO  blacksilk_node] block dadb4e75d36dc6ad at height 735 accepted (tip 735)
[2026-09-29T00:09:24.932Z INFO  blacksilk_node] block ee583738723bd37f at height 736 accepted (tip 736)
[2026-09-29T00:09:46.419Z INFO  blacksilk_node] block e71632c633189329 at height 737 accepted (tip 737)
[2026-09-29T00:09:54.498Z INFO  blacksilk_node] block 8350b3a680d70aca at height 738 accepted (tip 738)
[2026-09-29T00:09:58.120Z INFO  blacksilk_node] block cdc388264cb7a1b1 at height 739 accepted (tip 739)
[2026-09-29T00:10:12.573Z INFO  blacksilk_node] block becfad27e5912c02 at height 740 accepted (tip 740)
[2026-09-29T00:10:18.539Z INFO  blacksilk_node] block 0f14041114e83863 at height 741 accepted (tip 741)
[2026-09-29T00:10:24.246Z INFO  blacksilk_node] block 3ee75fbaedbed8d0 at height 742 accepted (tip 742)
[2026-09-29T00:10:40.117Z INFO  blacksilk_node] block a42a12401b005ae4 at height 743 accepted (tip 743)
[2026-09-29T00:10:50.049Z INFO  blacksilk_node] block 3c375ee1e9a66e69 at height 744 accepted (tip 744)
[2026-09-29T00:10:50.706Z INFO  blacksilk_node] block 65e2fdf25ef5953a at height 745 accepted (tip 745)
[2026-09-29T00:11:08.109Z INFO  blacksilk_node] block ffe6b8cc22d8c41b at height 746 accepted (tip 746)
[2026-09-29T00:11:10.237Z INFO  blacksilk_node] block 7803d7fbf77a41e5 at height 747 accepted (tip 747)
[2026-09-29T00:11:11.660Z INFO  blacksilk_node] block cd0a36b3b186321c at height 748 accepted (tip 748)
[2026-09-29T00:11:51.634Z INFO  blacksilk_node] block 1a5234f3e3a5c541 at height 750 accepted (tip 750)
[2026-09-29T00:11:52.540Z INFO  blacksilk_node] block 9d6e18b6e8c88b08 at height 751 accepted (tip 751)
[2026-09-29T00:11:54.238Z INFO  blacksilk_node] block 2eb6dacb93efd1f6 at height 752 accepted (tip 752)
[2026-09-29T00:12:08.126Z INFO  blacksilk_node] block 97eb6e8f9868ec83 at height 753 accepted (tip 753)
[2026-09-29T00:12:11.922Z INFO  blacksilk_node] block a86ecbab67ec41ab at height 754 accepted (tip 754)
[2026-09-29T00:12:17.340Z INFO  blacksilk_node] block d1919acd7f897d95 at height 755 accepted (tip 755)
[2026-09-29T00:12:48.547Z INFO  blacksilk_node] block 161a3447a68b02bd at height 756 accepted (tip 756)
[2026-09-29T00:13:14.887Z INFO  blacksilk_node] block 5a371394bbeb1909 at height 757 accepted (tip 757)
[2026-09-29T00:13:27.375Z INFO  blacksilk_node] block 8c7173e0715f177d at height 758 accepted (tip 758)
[2026-09-29T00:13:58.137Z INFO  blacksilk_node] block d2cf76239a4c5a9d at height 759 accepted (tip 759)
[2026-09-29T00:13:59.412Z INFO  blacksilk_node] block 391e09eb9f8f671c at height 760 accepted (tip 760)
[2026-09-29T00:14:07.818Z INFO  blacksilk_node] block 0d54cd840a05aa17 at height 761 accepted (tip 761)
[2026-09-29T00:14:16.108Z INFO  blacksilk_node] block 6aa5c69ae68016b7 at height 762 accepted (tip 762)
[2026-09-29T00:14:34.379Z INFO  blacksilk_node] block 4923e39566fe1e42 at height 763 accepted (tip 763)
[2026-09-29T00:14:37.366Z INFO  blacksilk_node] block 32d4a368b6522413 at height 764 accepted (tip 764)
[2026-09-29T00:14:43.075Z INFO  blacksilk_node] block 5b1b2f7d07ac9cbd at height 765 accepted (tip 765)
[2026-09-29T00:15:04.268Z INFO  blacksilk_node] block 3caed7534e9a33be at height 766 accepted (tip 766)
[2026-09-29T00:15:36.831Z INFO  blacksilk_node] block 581a6bcc8d5926e2 at height 767 accepted (tip 767)
[2026-09-29T00:15:41.541Z INFO  blacksilk_node] block abe42ce21c8753c3 at height 768 accepted (tip 768)
[2026-09-29T00:15:44.748Z INFO  blacksilk_node] block 1629d9975fe0d5a7 at height 769 accepted (tip 769)
[2026-09-29T00:16:04.098Z INFO  blacksilk_node] block 38b88783477f0b19 at height 770 accepted (tip 770)
[2026-09-29T00:16:06.335Z INFO  blacksilk_node] block 971a7a5d58824773 at height 771 accepted (tip 771)
[2026-09-29T00:16:16.424Z INFO  blacksilk_node] block 39e3f7d99cd4bebf at height 772 accepted (tip 772)
[2026-09-29T00:16:47.687Z INFO  blacksilk_node] block 87bd4abe28a29d11 at height 773 accepted (tip 773)
[2026-09-29T00:16:49.518Z INFO  blacksilk_node] block 7c5fad64f9a5d7f8 at height 774 accepted (tip 774)
[2026-09-29T00:17:17.218Z INFO  blacksilk_node] block 3d1bf9dd62a66877 at height 775 accepted (tip 775)
[2026-09-29T00:17:24.980Z INFO  blacksilk_node] block 0e2eb8111902a37b at height 776 accepted (tip 776)
[2026-09-29T00:17:42.289Z INFO  blacksilk_node] block a42cbe64f758451c at height 777 accepted (tip 777)
[2026-09-29T00:17:44.122Z INFO  blacksilk_node] block 3f2032cb623c25e1 at height 778 accepted (tip 778)
[2026-09-29T00:17:49.456Z INFO  blacksilk_node] block 0cc1b8c26644beb4 at height 779 accepted (tip 779)
[2026-09-29T00:18:00.541Z INFO  blacksilk_node] block ece08c8caacfb341 at height 780 accepted (tip 780)
[2026-09-29T00:18:16.695Z INFO  blacksilk_node] block 2e0c79a09021e7d3 at height 781 accepted (tip 781)
[2026-09-29T00:18:37.272Z INFO  blacksilk_node] block 3aa9d3e1922f29a8 at height 782 accepted (tip 782)
[2026-09-29T00:19:06.698Z INFO  blacksilk_node] block 5c90ae9a72891ce3 at height 783 accepted (tip 783)
[2026-09-29T00:19:09.208Z INFO  blacksilk_node] block ae1c97a0e4f450ac at height 784 accepted (tip 784)
[2026-09-29T00:19:53.636Z INFO  blacksilk_node] block b43e308aec7a88dc at height 785 accepted (tip 785)
[2026-09-29T00:20:03.834Z INFO  blacksilk_node] block e7a975b5989ddf8b at height 786 accepted (tip 786)
[2026-09-29T00:20:09.736Z INFO  blacksilk_node] block 01c2f02884819b9d at height 787 accepted (tip 787)
[2026-09-29T00:20:14.246Z INFO  blacksilk_node] block 6aa7229ebffa5a48 at height 788 accepted (tip 788)
[2026-09-29T00:20:16.527Z INFO  blacksilk_node] block 7926fd6187615053 at height 789 accepted (tip 789)
[2026-09-29T00:20:39.594Z INFO  blacksilk_node] block 40c96b3f1d99afd4 at height 790 accepted (tip 790)
[2026-09-29T00:20:54.300Z INFO  blacksilk_node] block a4ad18c26044396a at height 791 accepted (tip 791)
[2026-09-29T00:20:56.797Z INFO  blacksilk_node] block 4f0ff0e2141ca08f at height 792 accepted (tip 792)
[2026-09-29T00:21:01.172Z INFO  blacksilk_node] block 4915b0a362908f6a at height 793 accepted (tip 793)
[2026-09-29T00:21:12.711Z INFO  blacksilk_node] block f8d371426cbbde46 at height 794 accepted (tip 794)
[2026-09-29T00:21:14.364Z INFO  blacksilk_node] block 6b715d6cbe2b6bcf at height 795 accepted (tip 795)
[2026-09-29T00:21:33.647Z INFO  blacksilk_node] block a506a9ee5da51507 at height 796 accepted (tip 796)
[2026-09-29T00:21:51.085Z INFO  blacksilk_node] block e31d407d6b72e98b at height 797 accepted (tip 797)
[2026-09-29T00:21:54.847Z INFO  blacksilk_node] block 5661659eaa6fd054 at height 798 accepted (tip 798)
[2026-09-29T00:21:57.062Z INFO  blacksilk_node] block 4ae87a356bec2ddd at height 799 accepted (tip 799)
[2026-09-29T00:22:02.327Z INFO  blacksilk_node] block bc66fbc054088c0a at height 800 accepted (tip 800)
[2026-09-29T00:22:04.664Z INFO  blacksilk_node] block a22d19d13558d0c9 at height 801 accepted (tip 801)
[2026-09-29T00:22:05.606Z INFO  blacksilk_node] block 40aa00d30a511d93 at height 802 accepted (tip 802)
[2026-09-29T00:22:08.772Z INFO  blacksilk_node] block 127b685d9fa31963 at height 803 accepted (tip 803)
[2026-09-29T00:22:24.339Z INFO  blacksilk_node] block eaa73eba448a1772 at height 804 accepted (tip 804)
[2026-09-29T00:22:32.484Z INFO  blacksilk_node] block 141714eb9946c6a7 at height 805 accepted (tip 805)
[2026-09-29T00:22:35.777Z INFO  blacksilk_node] block 0993160fbaa0248f at height 806 accepted (tip 806)
[2026-09-29T00:22:37.980Z INFO  blacksilk_node] block 0501f43ab57ecbf2 at height 807 accepted (tip 807)
[2026-09-29T00:22:38.988Z INFO  blacksilk_node] block fcdedbebf66efefc at height 808 accepted (tip 808)
[2026-09-29T00:22:42.076Z INFO  blacksilk_node] block 737c0e329d4c33cd at height 809 accepted (tip 809)
[2026-09-29T00:22:52.232Z INFO  blacksilk_node] block 307d532eb94538bc at height 811 accepted (tip 811)
[2026-09-29T00:22:58.542Z INFO  blacksilk_node] block c5c9c30e011edfef at height 812 accepted (tip 812)
[2026-09-29T00:23:17.678Z INFO  blacksilk_node] block 8765bf1c7e8e8034 at height 814 accepted (tip 814)
[2026-09-29T00:23:29.187Z INFO  blacksilk_node] block a66d382d8f969282 at height 815 accepted (tip 815)
[2026-09-29T00:23:37.114Z INFO  blacksilk_node] block 25197a4544b3566e at height 816 accepted (tip 816)
[2026-09-29T00:23:45.664Z INFO  blacksilk_node] block eb84bcbd1141ef6b at height 817 accepted (tip 817)
[2026-09-29T00:24:15.256Z INFO  blacksilk_node] block 494d6f006da1f66e at height 819 accepted (tip 819)
[2026-09-29T00:24:22.636Z INFO  blacksilk_node] block d1391325c6d88bf4 at height 820 accepted (tip 820)
[2026-09-29T00:24:51.310Z INFO  blacksilk_node] block 25ed8eb95b2e3901 at height 822 accepted (tip 822)
[2026-09-29T00:24:57.687Z INFO  blacksilk_node] block faed19812facf548 at height 823 accepted (tip 823)
[2026-09-29T00:25:12.189Z INFO  blacksilk_node] block 8914c85ffd0633b7 at height 824 accepted (tip 824)
[2026-09-29T00:25:46.446Z INFO  blacksilk_node] block 4e840f8725d23686 at height 825 accepted (tip 825)
[2026-09-29T00:26:14.220Z INFO  blacksilk_node] block 4eca53b704d0c3d3 at height 826 accepted (tip 826)
[2026-09-29T00:26:30.240Z INFO  blacksilk_node] block b2eaa3975114cc6a at height 827 accepted (tip 827)
[2026-09-29T00:26:32.363Z INFO  blacksilk_node] block cd84639bd8e5b031 at height 828 accepted (tip 828)
[2026-09-29T00:26:38.166Z INFO  blacksilk_node] block 007f4e49267569c1 at height 829 accepted (tip 829)
[2026-09-29T00:26:55.858Z INFO  blacksilk_node] block 0299a29ca12bdd6f at height 830 accepted (tip 830)
[2026-09-29T00:27:03.410Z INFO  blacksilk_node] block a71ddce26056daef at height 831 accepted (tip 831)
[2026-09-29T00:27:11.569Z INFO  blacksilk_node] block a31fc98ec68fbcf9 at height 832 accepted (tip 832)
[2026-09-29T00:27:19.084Z INFO  blacksilk_node] block 5b9855484af82865 at height 833 accepted (tip 833)
[2026-09-29T00:27:44.743Z INFO  blacksilk_node] block 5a66983ab3200916 at height 834 accepted (tip 834)
[2026-09-29T00:27:47.089Z INFO  blacksilk_node] block 077c29c9be561fc7 at height 835 accepted (tip 835)
[2026-09-29T00:27:59.798Z INFO  blacksilk_node] block 8afb6f1caa855584 at height 836 accepted (tip 836)
[2026-09-29T00:28:21.502Z INFO  blacksilk_node] block cc94385c44a3d8c3 at height 837 accepted (tip 837)
[2026-09-29T00:28:35.934Z INFO  blacksilk_node] block 2369d9daa6c08ca1 at height 838 accepted (tip 838)
[2026-09-29T00:28:50.390Z INFO  blacksilk_node] block b58cb9a92a5d68ea at height 839 accepted (tip 839)
[2026-09-29T00:28:56.167Z INFO  blacksilk_node] block 928f3245916cb94d at height 840 accepted (tip 840)
[2026-09-29T00:29:01.884Z INFO  blacksilk_node] block 092f3aaf0af7a5f4 at height 841 accepted (tip 841)
[2026-09-29T00:29:10.273Z INFO  blacksilk_node] block e20e2260708b8049 at height 842 accepted (tip 842)
[2026-09-29T00:29:27.950Z INFO  blacksilk_node] block 169657fab0037892 at height 843 accepted (tip 843)
[2026-09-29T00:29:47.674Z INFO  blacksilk_node] block 53808be068eb2688 at height 844 accepted (tip 844)
[2026-09-29T00:29:57.839Z INFO  blacksilk_node] block 7671d26ec53c98bd at height 845 accepted (tip 845)
[2026-09-29T00:30:00.473Z INFO  blacksilk_node] block 2f5e70cb648074cc at height 846 accepted (tip 846)
[2026-09-29T00:30:07.963Z INFO  blacksilk_node] block bc2a659662607394 at height 847 accepted (tip 847)
[2026-09-29T00:30:10.249Z INFO  blacksilk_node] block 2aa07d07ae0f25f3 at height 848 accepted (tip 848)
[2026-09-29T00:30:17.214Z INFO  blacksilk_node] block 7d612f812c80377d at height 849 accepted (tip 849)
[2026-09-29T00:30:18.192Z INFO  blacksilk_node] block ccc5c7484420a0a5 at height 850 accepted (tip 850)
[2026-09-29T00:30:27.798Z INFO  blacksilk_node] block 08809f4afc24e0f8 at height 851 accepted (tip 851)
[2026-09-29T00:30:45.461Z INFO  blacksilk_node] block 98bac89507587ff7 at height 852 accepted (tip 852)
[2026-09-29T00:30:56.031Z INFO  blacksilk_node] block 5acf29b4b0795dcd at height 853 accepted (tip 853)
[2026-09-29T00:31:07.259Z INFO  blacksilk_node] block a28afb71db94b83d at height 854 accepted (tip 854)
[2026-09-29T00:31:10.909Z INFO  blacksilk_node] block 9531ae6a1d242428 at height 855 accepted (tip 855)
[2026-09-29T00:31:14.340Z INFO  blacksilk_node] block c69ceada8d094f7e at height 856 accepted (tip 856)
[2026-09-29T00:31:17.723Z INFO  blacksilk_node] block ad852924bc131b94 at height 857 accepted (tip 857)
[2026-09-29T00:31:21.349Z INFO  blacksilk_node] block d73873e18eb3a367 at height 858 accepted (tip 858)
[2026-09-29T00:31:51.267Z INFO  blacksilk_node] block fad68e4f82932a70 at height 859 accepted (tip 859)
[2026-09-29T00:32:12.386Z INFO  blacksilk_node] block 829be247bc93ddde at height 860 accepted (tip 860)
[2026-09-29T00:32:23.640Z INFO  blacksilk_node] block ab463bd3e9f2ca17 at height 861 accepted (tip 861)
[2026-09-29T00:32:31.147Z INFO  blacksilk_node] block 1ee04cc6664b7cc8 at height 862 accepted (tip 862)
[2026-09-29T00:32:34.990Z INFO  blacksilk_node] block 3b2c33ec0814eeb4 at height 863 accepted (tip 863)
[2026-09-29T00:32:41.412Z INFO  blacksilk_node] block 1b487f6840df4997 at height 864 accepted (tip 864)
[2026-09-29T00:32:55.632Z INFO  blacksilk_node] block 3c6da587e79fd736 at height 865 accepted (tip 865)
[2026-09-29T00:32:58.958Z INFO  blacksilk_node] block def48a0cdd9ec934 at height 866 accepted (tip 866)
[2026-09-29T00:33:00.607Z INFO  blacksilk_node] block 209ba010f89439d7 at height 867 accepted (tip 867)
[2026-09-29T00:33:02.501Z INFO  blacksilk_node] block 42ba73beeed944d5 at height 868 accepted (tip 868)
[2026-09-29T00:33:06.760Z INFO  blacksilk_node] block 53f7ce4a0d2bb86b at height 869 accepted (tip 869)
[2026-09-29T00:33:08.075Z INFO  blacksilk_node] block db3e7e89cfd4fa4b at height 870 accepted (tip 870)
[2026-09-29T00:33:14.563Z INFO  blacksilk_node] block 4c9253e8bf5c1b08 at height 871 accepted (tip 871)
[2026-09-29T00:33:19.096Z INFO  blacksilk_node] block aad2324cfdb80983 at height 872 accepted (tip 872)
[2026-09-29T00:33:26.160Z INFO  blacksilk_node] block e92682a0dbfdacd8 at height 873 accepted (tip 873)
[2026-09-29T00:33:27.790Z INFO  blacksilk_node] block e472ed58fd8626fe at height 874 accepted (tip 874)
[2026-09-29T00:33:45.255Z INFO  blacksilk_node] block 18fd2dd45cfba2f6 at height 875 accepted (tip 875)
[2026-09-29T00:33:53.666Z INFO  blacksilk_node] block 346575d18c3992f0 at height 876 accepted (tip 876)
[2026-09-29T00:34:01.261Z INFO  blacksilk_node] block 95db251e833af37e at height 877 accepted (tip 877)
[2026-09-29T00:34:02.545Z INFO  blacksilk_node] block 0e5f72f33f6aef5e at height 878 accepted (tip 878)
[2026-09-29T00:34:20.903Z INFO  blacksilk_node] block 733a20505e8b8661 at height 879 accepted (tip 879)
[2026-09-29T00:34:25.498Z INFO  blacksilk_node] block 966d16ccb229bd3f at height 880 accepted (tip 880)
[2026-09-29T00:34:29.012Z INFO  blacksilk_node] block b77d3c5fafa57094 at height 881 accepted (tip 881)
[2026-09-29T00:34:46.345Z INFO  blacksilk_node] block 9a4edbc4578fca7e at height 882 accepted (tip 882)
[2026-09-29T00:34:54.727Z INFO  blacksilk_node] block b17aeb7fee0fcfa4 at height 883 accepted (tip 883)
[2026-09-29T00:35:01.404Z INFO  blacksilk_node] block b04264a9f716fc81 at height 884 accepted (tip 884)
[2026-09-29T00:35:12.050Z INFO  blacksilk_node] block 6336ecf5090dc531 at height 885 accepted (tip 885)
[2026-09-29T00:35:12.877Z INFO  blacksilk_node] block c81d8b7ee73d161c at height 886 accepted (tip 886)
[2026-09-29T00:35:22.411Z INFO  blacksilk_node] block f008e231973311c2 at height 887 accepted (tip 887)
[2026-09-29T00:35:33.101Z INFO  blacksilk_node] block 18368cfdd55d8026 at height 888 accepted (tip 888)
[2026-09-29T00:35:43.254Z INFO  blacksilk_node] block d28fae92cd8bb5e1 at height 889 accepted (tip 889)
[2026-09-29T00:35:47.180Z INFO  blacksilk_node] block ef23ab7f71917e28 at height 890 accepted (tip 890)
[2026-09-29T00:35:51.482Z INFO  blacksilk_node] block 6ab55f680e46da89 at height 891 accepted (tip 891)
[2026-09-29T00:36:09.096Z INFO  blacksilk_node] block d323222cad96c811 at height 892 accepted (tip 892)
[2026-09-29T00:36:10.770Z INFO  blacksilk_node] block 3dd839244addfee5 at height 893 accepted (tip 893)
[2026-09-29T00:36:12.122Z INFO  blacksilk_node] block 8843a6a72ae26de9 at height 894 accepted (tip 894)
[2026-09-29T00:36:13.126Z INFO  blacksilk_node] block 96eb51b49623a39b at height 895 accepted (tip 895)
[2026-09-29T00:36:19.892Z INFO  blacksilk_node] block 0f0b1a301f921f67 at height 896 accepted (tip 896)
[2026-09-29T00:36:21.300Z INFO  blacksilk_node] block 8806043b7bfd3119 at height 897 accepted (tip 897)
[2026-09-29T00:36:28.826Z INFO  blacksilk_node] block 173e0859af4d29b0 at height 898 accepted (tip 898)
[2026-09-29T00:36:35.465Z INFO  blacksilk_node] block f55890b44a2c893e at height 899 accepted (tip 899)
[2026-09-29T00:36:39.699Z INFO  blacksilk_node] block e83cd1d02a75ab79 at height 900 accepted (tip 900)
[2026-09-29T00:36:50.279Z INFO  blacksilk_node] block 2afa6d0cb31ad41f at height 901 accepted (tip 901)
[2026-09-29T00:36:54.941Z INFO  blacksilk_node] block f661d2ece093c3be at height 902 accepted (tip 902)
[2026-09-29T00:37:06.696Z INFO  blacksilk_node] block d4dd86e748981ff8 at height 903 accepted (tip 903)
[2026-09-29T00:37:19.078Z INFO  blacksilk_node] block 1833774a5500be2b at height 904 accepted (tip 904)
[2026-09-29T00:37:26.703Z INFO  blacksilk_node] block 94d52b5002e91f1f at height 905 accepted (tip 905)
[2026-09-29T00:37:27.542Z INFO  blacksilk_node] block 796b7f989a956685 at height 906 accepted (tip 906)
[2026-09-29T00:37:32.571Z INFO  blacksilk_node] block 5644ca9a669c5a53 at height 907 accepted (tip 907)
[2026-09-29T00:38:19.356Z INFO  blacksilk_node] block b67ed03c40ace97d at height 908 accepted (tip 908)
[2026-09-29T00:38:25.214Z INFO  blacksilk_node] block c4b8fcfb27e4c365 at height 909 accepted (tip 909)
[2026-09-29T00:38:47.400Z INFO  blacksilk_node] block 590d91c0f7fce90d at height 910 accepted (tip 910)
[2026-09-29T00:38:58.525Z INFO  blacksilk_node] block e43ee9aab8f328fa at height 911 accepted (tip 911)
[2026-09-29T00:39:00.557Z INFO  blacksilk_node] block 800a2bd24bf8f6ea at height 912 accepted (tip 912)
[2026-09-29T00:39:03.091Z INFO  blacksilk_node] block fa1510f8e4eb4fcb at height 913 accepted (tip 913)
[2026-09-29T00:39:06.041Z INFO  blacksilk_node] block 0d60407222361e82 at height 914 accepted (tip 914)
[2026-09-29T00:39:32.464Z INFO  blacksilk_node] block c660531854ae6e55 at height 916 accepted (tip 916)
[2026-09-29T00:39:42.888Z INFO  blacksilk_p2p::net::conn] disconnected peer 127.0.0.1:50202
[2026-09-29T00:39:42.888Z INFO  blacksilk_p2p::net::conn] disconnected peer 127.0.0.1:25486
[2026-09-29T00:39:42.888Z INFO  blacksilk_p2p::net::conn] disconnected peer 127.0.0.1:25488
[2026-09-29T00:39:53.447Z INFO  blacksilk_node] block 01df6d095873e3a4 at height 917 accepted (tip 917)
[2026-09-29T00:40:07.166Z INFO  blacksilk_node] block b2440896d6a15160 at height 918 accepted (tip 918)
[2026-09-29T00:40:13.072Z INFO  blacksilk_node] block e08335990afcbb03 at height 919 accepted (tip 919)
[2026-09-29T00:40:31.515Z INFO  blacksilk_node] block e6ea31f35b3645bf at height 920 accepted (tip 920)
[2026-09-29T00:40:32.702Z INFO  blacksilk_node] block 1d51bc200fcf5de9 at height 921 accepted (tip 921)
[2026-09-29T00:40:42.569Z INFO  blacksilk_node] block b1b1fd22cccb4f27 at height 922 accepted (tip 922)
[2026-09-29T00:41:08.577Z INFO  blacksilk_node] block e187b7e56409d646 at height 923 accepted (tip 923)
[2026-09-29T00:41:14.167Z INFO  blacksilk_node] block b6b3d08ea47c9d8d at height 924 accepted (tip 924)
[2026-09-29T00:41:19.472Z INFO  blacksilk_node] block 51a5000e63c7d6c7 at height 925 accepted (tip 925)
[2026-09-29T00:41:34.689Z INFO  blacksilk_node] block 633fad29ba27fce0 at height 926 accepted (tip 926)
[2026-09-29T00:41:36.821Z INFO  blacksilk_node] block 9a90ca436ba55d82 at height 927 accepted (tip 927)
[2026-09-29T00:41:47.011Z INFO  blacksilk_node] block 0b89ba8a3a1663df at height 928 accepted (tip 928)
[2026-09-29T00:42:37.053Z INFO  blacksilk_node] block a4a1ac5087f57757 at height 929 accepted (tip 929)
[2026-09-29T00:42:43.263Z INFO  blacksilk_p2p::net::conn] connected inbound peer 127.0.0.1:27110 (height 917)
[2026-09-29T00:42:52.447Z INFO  blacksilk_node] block 35ed4b181fa6901d at height 930 accepted (tip 930)
[2026-09-29T00:42:53.577Z INFO  blacksilk_p2p::net::conn] connected inbound peer 127.0.0.1:27117 (height 929)
[2026-09-29T00:42:53.627Z INFO  blacksilk_p2p::net::conn] connected outbound peer 127.0.0.1:50202 (height 929)
[2026-09-29T00:42:55.478Z INFO  blacksilk_node] block 9d5cc81742f57ece at height 931 accepted (tip 931)
[2026-09-29T00:43:06.767Z INFO  blacksilk_node] block 950a6ea5210dc3c0 at height 932 accepted (tip 932)
[2026-09-29T00:43:20.414Z INFO  blacksilk_node] block 1ac7f102020ea018 at height 933 accepted (tip 933)
[2026-09-29T00:44:29.344Z INFO  blacksilk_node] block e7e4264686c952c3 at height 934 accepted (tip 934)
[2026-09-29T00:45:04.313Z INFO  blacksilk_node] block 464d027d213db78a at height 935 accepted (tip 935)
[2026-09-29T00:45:15.752Z INFO  blacksilk_node] block 4cf5bcc34aee50d4 at height 936 accepted (tip 936)
[2026-09-29T00:45:17.325Z INFO  blacksilk_node] block d66bacbbde37811d at height 937 accepted (tip 937)
[2026-09-29T00:45:21.010Z INFO  blacksilk_node] block 2476c13068eaadd3 at height 938 accepted (tip 938)
[2026-09-29T00:45:28.469Z INFO  blacksilk_node] block ddbff225b7f0c059 at height 939 accepted (tip 939)
[2026-09-29T00:45:31.040Z INFO  blacksilk_node] block 313dba377d11f3a0 at height 940 accepted (tip 940)
[2026-09-29T00:45:38.082Z INFO  blacksilk_node] block 61b71de160602b24 at height 941 accepted (tip 941)
[2026-09-29T00:45:45.819Z INFO  blacksilk_node] block 0cd9f848d6cbd9aa at height 942 accepted (tip 942)
[2026-09-29T00:46:10.052Z INFO  blacksilk_node] block 0e0a48e7a9780d12 at height 943 accepted (tip 943)
[2026-09-29T00:46:16.376Z INFO  blacksilk_node] block ff95c66b65f26b3f at height 944 accepted (tip 944)
[2026-09-29T00:46:24.637Z INFO  blacksilk_node] block ff5b3681d977a327 at height 945 accepted (tip 945)
[2026-09-29T00:46:27.304Z INFO  blacksilk_node] block fd725c03dd98a716 at height 946 accepted (tip 946)
[2026-09-29T00:46:35.016Z INFO  blacksilk_node] block 7f8f31a7fa491636 at height 947 accepted (tip 947)
[2026-09-29T00:46:51.494Z INFO  blacksilk_node] block 24ff931aa0450ce4 at height 948 accepted (tip 948)
[2026-09-29T00:47:14.786Z INFO  blacksilk_node] block 06a31f55f6990b44 at height 949 accepted (tip 949)
[2026-09-29T00:47:31.179Z INFO  blacksilk_node] block a8a5dafbb337fa22 at height 951 accepted (tip 951)
[2026-09-29T00:47:34.026Z INFO  blacksilk_node] block 09f32e0cc2fb7f69 at height 952 accepted (tip 952)
[2026-09-29T00:47:42.757Z INFO  blacksilk_node] block 2361326b7dd28cbb at height 953 accepted (tip 953)
[2026-09-29T00:47:51.908Z INFO  blacksilk_node] block 9cbb5c884ca32240 at height 954 accepted (tip 954)
[2026-09-29T00:47:53.896Z INFO  blacksilk_node] block 47da4d227e598ccc at height 955 accepted (tip 955)
[2026-09-29T00:47:54.789Z INFO  blacksilk_node] block 222b63aec4ee3b22 at height 956 accepted (tip 956)
[2026-09-29T00:48:26.473Z INFO  blacksilk_node] block 9b67f55f3f93e5aa at height 957 accepted (tip 957)
[2026-09-29T00:48:29.067Z INFO  blacksilk_node] block c8620bc9f9141f57 at height 958 accepted (tip 958)
[2026-09-29T00:48:31.008Z INFO  blacksilk_node] block 4b83fcc9bfd3234a at height 959 accepted (tip 959)
[2026-09-29T00:48:35.872Z INFO  blacksilk_node] block 86a2117a670d2fd3 at height 960 accepted (tip 960)
[2026-09-29T00:48:47.205Z INFO  blacksilk_node] block b3ae88b5d3c2de23 at height 961 accepted (tip 961)
[2026-09-29T00:48:55.091Z INFO  blacksilk_node] block ff2c9e73c7bedd94 at height 962 accepted (tip 962)
[2026-09-29T00:48:59.498Z INFO  blacksilk_node] block 230dd3ec8ce45e2f at height 963 accepted (tip 963)
[2026-09-29T00:49:01.165Z INFO  blacksilk_node] block 9ee60789d59a8db4 at height 964 accepted (tip 964)
[2026-09-29T00:49:04.780Z INFO  blacksilk_node] block 24e01dc15806c3c5 at height 965 accepted (tip 965)
[2026-09-29T00:49:09.105Z INFO  blacksilk_node] block 6725986feeb890e7 at height 966 accepted (tip 966)
[2026-09-29T00:49:29.475Z INFO  blacksilk_node] block b53af027dd8acbae at height 967 accepted (tip 967)
[2026-09-29T00:49:45.307Z INFO  blacksilk_node] block dd1879eb423b2a8d at height 968 accepted (tip 968)
[2026-09-29T00:50:01.287Z INFO  blacksilk_node] block 325d9862fc635682 at height 969 accepted (tip 969)
[2026-09-29T00:50:03.987Z INFO  blacksilk_node] block 4cf0d67410fd5aa3 at height 970 accepted (tip 970)
[2026-09-29T00:50:06.036Z INFO  blacksilk_node] block fec84e74db112a25 at height 971 accepted (tip 971)
[2026-09-29T00:50:19.971Z INFO  blacksilk_node] block ae5560cbf08aae42 at height 972 accepted (tip 972)
[2026-09-29T00:50:50.936Z INFO  blacksilk_node] block e0500f4f34bd6de2 at height 974 accepted (tip 974)
[2026-09-29T00:50:55.476Z INFO  blacksilk_node] block 6239c3f7aa89b6ff at height 975 accepted (tip 975)
[2026-09-29T00:50:59.204Z INFO  blacksilk_node] block 4c1004cb7d0c8e76 at height 976 accepted (tip 976)
[2026-09-29T00:51:04.487Z INFO  blacksilk_node] block 6547dc9bd2cbc952 at height 977 accepted (tip 977)
[2026-09-29T00:51:20.070Z INFO  blacksilk_node] block 9e3ee12ff97d7d53 at height 978 accepted (tip 978)
[2026-09-29T00:51:46.330Z INFO  blacksilk_node] block 746eceb830ea4b20 at height 979 accepted (tip 979)
[2026-09-29T00:51:57.837Z INFO  blacksilk_node] block 809d48415a834d0e at height 980 accepted (tip 980)
[2026-09-29T00:52:02.573Z INFO  blacksilk_node] block 5641b8a9b6d5151d at height 981 accepted (tip 981)
[2026-09-29T00:52:03.628Z INFO  blacksilk_node] block 2b2279f33ba0e0f1 at height 982 accepted (tip 982)
[2026-09-29T00:52:05.271Z INFO  blacksilk_node] block d1c60fab206c81b1 at height 983 accepted (tip 983)
[2026-09-29T00:52:11.141Z INFO  blacksilk_node] block 9640bd68301879e9 at height 984 accepted (tip 984)
[2026-09-29T00:52:19.802Z INFO  blacksilk_node] block 8606975f636c3f25 at height 985 accepted (tip 985)
[2026-09-29T00:52:32.530Z INFO  blacksilk_node] block 3695a64f1d9f2a63 at height 986 accepted (tip 986)
[2026-09-29T00:52:49.051Z INFO  blacksilk_node] block 378e44112030bb8f at height 987 accepted (tip 987)
[2026-09-29T00:53:08.849Z INFO  blacksilk_node] block 9d78c3c224e04451 at height 988 accepted (tip 988)
[2026-09-29T00:54:11.122Z INFO  blacksilk_node] block d417bb895d3b35bb at height 993 accepted (tip 993)
[2026-09-29T00:54:25.136Z INFO  blacksilk_node] block c348af5ee9bfd1de at height 994 accepted (tip 994)
[2026-09-29T00:54:46.689Z INFO  blacksilk_node] block b01aa36d31c8f61c at height 995 accepted (tip 995)
[2026-09-29T00:55:44.859Z INFO  blacksilk_node] block 9edf0f9fe3f4c4d6 at height 996 accepted (tip 996)
[2026-09-29T00:55:59.554Z INFO  blacksilk_node] block ee295a6f6f7509a4 at height 997 accepted (tip 997)
[2026-09-29T00:56:05.537Z INFO  blacksilk_node] block e1e3afd1995740f1 at height 998 accepted (tip 998)
[2026-09-29T00:56:22.763Z INFO  blacksilk_node] block 1ff67c7219f66ea5 at height 999 accepted (tip 999)
[2026-09-29T00:56:30.885Z INFO  blacksilk_node] block 03064a236eebc7b1 at height 1000 accepted (tip 1000)
[2026-09-29T00:56:32.921Z INFO  blacksilk_node] block 4520538fd3625a09 at height 1001 accepted (tip 1001)
[2026-09-29T00:56:41.383Z INFO  blacksilk_node] block d6aec9247ccd96d5 at height 1002 accepted (tip 1002)
[2026-09-29T00:56:43.994Z INFO  blacksilk_node] block 7b83fcae7cabeb4e at height 1003 accepted (tip 1003)
[2026-09-29T00:56:48.087Z INFO  blacksilk_node] block 2fdbb34123b926c9 at height 1004 accepted (tip 1004)
[2026-09-29T00:56:56.941Z INFO  blacksilk_node] block b22b57112e6ca8b4 at height 1005 accepted (tip 1005)
[2026-09-29T00:57:01.945Z INFO  blacksilk_node] block 87134a357d7ae511 at height 1006 accepted (tip 1006)
[2026-09-29T00:57:07.348Z INFO  blacksilk_node] block 068be13d9976c3f0 at height 1007 accepted (tip 1007)
[2026-09-29T00:57:11.094Z INFO  blacksilk_node] block ce57d9b566aa74d5 at height 1008 accepted (tip 1008)
[2026-09-29T00:57:24.245Z INFO  blacksilk_node] block 024d703c1eff32c2 at height 1009 accepted (tip 1009)
[2026-09-29T00:57:32.753Z INFO  blacksilk_node] block 1382a583333fb2dc at height 1010 accepted (tip 1010)
[2026-09-29T00:57:46.103Z INFO  blacksilk_node] block e8d51a240540ee4c at height 1011 accepted (tip 1011)
[2026-09-29T00:57:48.682Z INFO  blacksilk_node] block c3933575a5bbedc2 at height 1012 accepted (tip 1012)
[2026-09-29T00:57:50.738Z INFO  blacksilk_node] block f2875f72f1bac688 at height 1013 accepted (tip 1013)
[2026-09-29T00:57:52.572Z INFO  blacksilk_node] block 7fcb02a535cabd3b at height 1014 accepted (tip 1014)
[2026-09-29T00:58:05.689Z INFO  blacksilk_node] block cdd5a3ca64c40669 at height 1015 accepted (tip 1015)
[2026-09-29T00:58:08.446Z INFO  blacksilk_node] block 16b3ee51841ace8e at height 1016 accepted (tip 1016)
[2026-09-29T00:58:16.517Z INFO  blacksilk_node] block 70ce7717671ca5e5 at height 1017 accepted (tip 1017)
[2026-09-29T00:58:23.689Z INFO  blacksilk_node] block bf3cd88f0b17b842 at height 1018 accepted (tip 1018)
[2026-09-29T00:58:28.441Z INFO  blacksilk_node] block 25c9900de7933c26 at height 1019 accepted (tip 1019)
[2026-09-29T00:58:30.949Z INFO  blacksilk_node] block cd25ade7b3977afc at height 1020 accepted (tip 1020)
[2026-09-29T00:58:33.303Z INFO  blacksilk_node] block d9072a13b72c10ca at height 1021 accepted (tip 1021)
[2026-09-29T00:58:37.159Z INFO  blacksilk_node] block 017748b30d305c06 at height 1022 accepted (tip 1022)
[2026-09-29T00:58:57.210Z INFO  blacksilk_node] block 2172bad62d41c96e at height 1024 accepted (tip 1024)
[2026-09-29T00:59:01.344Z INFO  blacksilk_node] block 5ffd0506600b67c0 at height 1025 accepted (tip 1025)
[2026-09-29T00:59:03.829Z INFO  blacksilk_node] block af7da4299806e6ba at height 1026 accepted (tip 1026)
[2026-09-29T00:59:21.046Z INFO  blacksilk_node] block fdd680646a6f01f6 at height 1027 accepted (tip 1027)
[2026-09-29T00:59:26.689Z INFO  blacksilk_node] block 9b0256776fbdb02b at height 1028 accepted (tip 1028)
[2026-09-29T00:59:37.049Z INFO  blacksilk_node] block 03913fc27d9449da at height 1029 accepted (tip 1029)
[2026-09-29T00:59:42.267Z INFO  blacksilk_node] block 39273a70716e89d1 at height 1030 accepted (tip 1030)
[2026-09-29T01:00:03.247Z INFO  blacksilk_node] block b8425971350c7faa at height 1031 accepted (tip 1031)
[2026-09-29T01:00:10.925Z INFO  blacksilk_node] block eeb94463de98b304 at height 1032 accepted (tip 1032)
[2026-09-29T01:00:23.090Z INFO  blacksilk_node] block 20bcad27a3de4891 at height 1033 accepted (tip 1033)
[2026-09-29T01:00:26.064Z INFO  blacksilk_node] block 1f9c44bd314fc290 at height 1034 accepted (tip 1034)
[2026-09-29T01:00:40.986Z INFO  blacksilk_node] block 940dacdd343cd399 at height 1035 accepted (tip 1035)
[2026-09-29T01:00:44.827Z INFO  blacksilk_node] block d1dafc7f881c6dfd at height 1036 accepted (tip 1036)
[2026-09-29T01:01:13.795Z INFO  blacksilk_node] block d57a080b773dc23f at height 1037 accepted (tip 1037)
[2026-09-29T01:01:36.967Z INFO  blacksilk_node] block 97584b0686037268 at height 1038 accepted (tip 1038)
[2026-09-29T01:01:41.173Z INFO  blacksilk_node] block 3306c607b4530313 at height 1039 accepted (tip 1039)
[2026-09-29T01:02:20.660Z INFO  blacksilk_node] block ae773933da121ae1 at height 1041 accepted (tip 1041)
[2026-09-29T01:02:28.667Z INFO  blacksilk_node] block 1f6bd4773e817ed2 at height 1042 accepted (tip 1042)
[2026-09-29T01:02:52.198Z INFO  blacksilk_node] block e88a1cf67987e042 at height 1043 accepted (tip 1043)
[2026-09-29T01:03:01.218Z INFO  blacksilk_node] block 7446e387b9e26e74 at height 1044 accepted (tip 1044)
[2026-09-29T01:03:49.777Z INFO  blacksilk_node] block 7c39ab7ca0d91b9c at height 1045 accepted (tip 1045)
[2026-09-29T01:04:25.940Z INFO  blacksilk_node] block 1087d0338cd3d916 at height 1046 accepted (tip 1046)
[2026-09-29T01:04:27.105Z INFO  blacksilk_node] block 07fb6c1442f778d9 at height 1047 accepted (tip 1047)
[2026-09-29T01:04:37.834Z INFO  blacksilk_node] block d09f7de6ae32e3ad at height 1048 accepted (tip 1048)
[2026-09-29T01:04:52.287Z INFO  blacksilk_node] block 59066b7145777de3 at height 1049 accepted (tip 1049)
[2026-09-29T01:04:56.737Z INFO  blacksilk_node] block d364cd135eedb2fc at height 1050 accepted (tip 1050)
[2026-09-29T01:05:05.186Z INFO  blacksilk_node] block 556c66cec92f7d4e at height 1052 accepted (tip 1052)
[2026-09-29T01:05:25.615Z INFO  blacksilk_node] block 8aa7fd1dd9c99b2a at height 1053 accepted (tip 1053)
[2026-09-29T01:05:28.890Z INFO  blacksilk_node] block 33f8b5b4251cc9d4 at height 1054 accepted (tip 1054)
[2026-09-29T01:05:31.081Z INFO  blacksilk_node] block d326e7a8219d8369 at height 1055 accepted (tip 1055)
[2026-09-29T01:05:32.268Z INFO  blacksilk_node] block a91814164cb36860 at height 1056 accepted (tip 1056)
[2026-09-29T01:05:50.151Z INFO  blacksilk_node] block 47546a3391cae665 at height 1057 accepted (tip 1057)
[2026-09-29T01:05:55.822Z INFO  blacksilk_node] block b61088d83f8f23a5 at height 1058 accepted (tip 1058)
[2026-09-29T01:06:03.101Z INFO  blacksilk_node] block 849efe8d9854f2e3 at height 1059 accepted (tip 1059)
[2026-09-29T01:06:09.319Z INFO  blacksilk_node] block 5451657a38e4b7d2 at height 1060 accepted (tip 1060)
[2026-09-29T01:06:22.560Z INFO  blacksilk_node] block 4d4ca2523eb6d994 at height 1061 accepted (tip 1061)
[2026-09-29T01:06:33.263Z INFO  blacksilk_node] block 3b84e8baf81a1c3f at height 1062 accepted (tip 1062)
[2026-09-29T01:06:35.981Z INFO  blacksilk_node] block bea1f35c377be32d at height 1063 accepted (tip 1063)
[2026-09-29T01:06:36.795Z INFO  blacksilk_node] block 5b09cd516b790ca4 at height 1064 accepted (tip 1064)
[2026-09-29T01:06:47.400Z INFO  blacksilk_node] block a431f539dc35a037 at height 1065 accepted (tip 1065)
[2026-09-29T01:06:49.658Z INFO  blacksilk_node] block 1d51e450acac586a at height 1066 accepted (tip 1066)
[2026-09-29T01:06:53.023Z INFO  blacksilk_node] block 8f98e0fe144df30c at height 1067 accepted (tip 1067)
[2026-09-29T01:06:56.015Z INFO  blacksilk_node] block fe9b901a3670f6ae at height 1068 accepted (tip 1068)
[2026-09-29T01:06:59.401Z INFO  blacksilk_chain::manager::fork_choice] reorganization: disconnecting 1 block(s) above height 1067
[2026-09-29T01:06:59.402Z INFO  blacksilk_chain::manager::fork_choice] mempool after the reorganization: Revalidation { checked: 0, invalid: 0, ring_changed: 0 }; returned transactions: Readmission { readmitted: 0, already_pooled: 0, other_rules: 0, conflicts: 0, invalid: 0, ring_changed: 0, no_room: 0, over_budget: 0 }; 0 beyond the readmission budget, not captured
[2026-09-29T01:07:29.022Z INFO  blacksilk_node] block 7b215b4e51fc8074 at height 1070 accepted (tip 1070)
[2026-09-29T01:07:30.384Z INFO  blacksilk_node] block cc7e84f0fd48e6fe at height 1071 accepted (tip 1071)
[2026-09-29T01:07:31.185Z INFO  blacksilk_node] block d8ae22d7452f0c8c at height 1072 accepted (tip 1072)
[2026-09-29T01:07:34.507Z INFO  blacksilk_node] block 9601e681762e11f1 at height 1073 accepted (tip 1073)
[2026-09-29T01:07:43.056Z INFO  blacksilk_node] block 1929abab488259ed at height 1074 accepted (tip 1074)
[2026-09-29T01:07:52.547Z INFO  blacksilk_node] block a26d13bc6a8f2ac2 at height 1075 accepted (tip 1075)
[2026-09-29T01:07:54.544Z INFO  blacksilk_node] block a43ba81c47550b22 at height 1076 accepted (tip 1076)
[2026-09-29T01:07:56.972Z INFO  blacksilk_node] block 57ba497780c62e0d at height 1077 accepted (tip 1077)
[2026-09-29T01:08:11.731Z INFO  blacksilk_node] block b70f1fa457678b55 at height 1078 accepted (tip 1078)
[2026-09-29T01:08:23.153Z INFO  blacksilk_node] block 31663fd3907a7cdb at height 1079 accepted (tip 1079)
[2026-09-29T01:08:34.136Z INFO  blacksilk_node] block 3b493e80558f86f2 at height 1080 accepted (tip 1080)
[2026-09-29T01:09:06.769Z INFO  blacksilk_node] block 101418b73a6889d7 at height 1081 accepted (tip 1081)
[2026-09-29T01:09:14.168Z INFO  blacksilk_node] block 06093677c7cec1f5 at height 1082 accepted (tip 1082)
[2026-09-29T01:09:20.828Z INFO  blacksilk_node] block 3c63a2d7eb9382c2 at height 1083 accepted (tip 1083)
[2026-09-29T01:09:23.975Z INFO  blacksilk_node] block 6f69307c1926dc8f at height 1084 accepted (tip 1084)
[2026-09-29T01:09:28.061Z INFO  blacksilk_node] block c4d647d769d4c18b at height 1085 accepted (tip 1085)
[2026-09-29T01:09:34.606Z INFO  blacksilk_node] block c637bb44b6efca94 at height 1086 accepted (tip 1086)
[2026-09-29T01:10:06.051Z INFO  blacksilk_node] block f98acd93da904bcc at height 1087 accepted (tip 1087)
[2026-09-29T01:10:17.524Z INFO  blacksilk_node] block 875493de0fedf556 at height 1088 accepted (tip 1088)
[2026-09-29T01:10:26.626Z INFO  blacksilk_node] block 5728b5e0ee2bf66c at height 1089 accepted (tip 1089)
[2026-09-29T01:10:42.293Z INFO  blacksilk_node] block e14b08040aae5a25 at height 1091 accepted (tip 1091)
[2026-09-29T01:10:45.023Z INFO  blacksilk_node] block fa2a0787f674a017 at height 1092 accepted (tip 1092)
[2026-09-29T01:10:50.028Z INFO  blacksilk_node] block 1c184b78fd3f3af8 at height 1093 accepted (tip 1093)
[2026-09-29T01:10:50.826Z INFO  blacksilk_node] block d8e285848e25626e at height 1094 accepted (tip 1094)
[2026-09-29T01:11:05.126Z INFO  blacksilk_node] block 5cee2e5bc33e20f8 at height 1095 accepted (tip 1095)
[2026-09-29T01:11:29.636Z INFO  blacksilk_node] block 46804b8d03f2757b at height 1096 accepted (tip 1096)
[2026-09-29T01:11:45.173Z INFO  blacksilk_node] block 8d67bad27732d086 at height 1098 accepted (tip 1098)
[2026-09-29T01:11:49.021Z INFO  blacksilk_node] block 8b7ae2f752b3d6ff at height 1099 accepted (tip 1099)
[2026-09-29T01:12:01.848Z INFO  blacksilk_node] block 1cace36ba6b7d3e4 at height 1100 accepted (tip 1100)
[2026-09-29T01:12:13.672Z INFO  blacksilk_node] block 7d80ca278eb37f24 at height 1101 accepted (tip 1101)
[2026-09-29T01:12:26.652Z INFO  blacksilk_node] block 0a818137f6b819de at height 1102 accepted (tip 1102)
[2026-09-29T01:12:27.584Z INFO  blacksilk_node] block 7c61f70ea78f561f at height 1103 accepted (tip 1103)
[2026-09-29T01:13:05.532Z INFO  blacksilk_node] block c4036784017ce7b4 at height 1104 accepted (tip 1104)
[2026-09-29T01:13:21.918Z INFO  blacksilk_node] block cd12eeaa54f4612f at height 1106 accepted (tip 1106)
[2026-09-29T01:13:29.043Z INFO  blacksilk_node] block f1ac484a0ad45cf1 at height 1107 accepted (tip 1107)
[2026-09-29T01:13:42.016Z INFO  blacksilk_node] block 1a059a1b439baded at height 1108 accepted (tip 1108)
[2026-09-29T01:13:49.252Z INFO  blacksilk_node] block 1af09905a99b4a06 at height 1109 accepted (tip 1109)
[2026-09-29T01:13:52.164Z INFO  blacksilk_node] block 5566c5978506cd1f at height 1110 accepted (tip 1110)
[2026-09-29T01:14:31.198Z INFO  blacksilk_node] block 199b8238a5bd4a1b at height 1111 accepted (tip 1111)
[2026-09-29T01:14:34.444Z INFO  blacksilk_node] block 3c59ad2f8e5137a5 at height 1112 accepted (tip 1112)
[2026-09-29T01:14:37.190Z INFO  blacksilk_node] block ad167ca521d36b4a at height 1113 accepted (tip 1113)
[2026-09-29T01:14:40.559Z INFO  blacksilk_node] block 0f961421971759ac at height 1114 accepted (tip 1114)
[2026-09-29T01:15:20.996Z INFO  blacksilk_node] block c0c2b5d1356b2b22 at height 1116 accepted (tip 1116)
[2026-09-29T01:15:25.290Z INFO  blacksilk_node] block 70f2dbd852085eaa at height 1117 accepted (tip 1117)
[2026-09-29T01:15:26.683Z INFO  blacksilk_node] block 9ebec7da0ce9a453 at height 1118 accepted (tip 1118)
[2026-09-29T01:16:00.760Z INFO  blacksilk_node] block 9c93cc743ebae055 at height 1119 accepted (tip 1119)
[2026-09-29T01:16:10.132Z INFO  blacksilk_node] block 9de08686d282b621 at height 1120 accepted (tip 1120)
[2026-09-29T01:16:11.327Z INFO  blacksilk_node] block a252e63ca2ed3172 at height 1121 accepted (tip 1121)
[2026-09-29T01:16:21.022Z INFO  blacksilk_node] block dbae9d0ca22af774 at height 1122 accepted (tip 1122)
[2026-09-29T01:16:22.958Z INFO  blacksilk_node] block 171b85afe7b17787 at height 1123 accepted (tip 1123)
[2026-09-29T01:16:33.133Z INFO  blacksilk_node] block a2e78fea6f0d47a8 at height 1124 accepted (tip 1124)
[2026-09-29T01:16:34.987Z INFO  blacksilk_node] block 391c36e33556d752 at height 1125 accepted (tip 1125)
[2026-09-29T01:16:48.093Z INFO  blacksilk_node] block 87b3ea7e7d034bbb at height 1126 accepted (tip 1126)
[2026-09-29T01:16:51.035Z INFO  blacksilk_node] block c16a422f1bbf323f at height 1127 accepted (tip 1127)
[2026-09-29T01:16:53.278Z INFO  blacksilk_node] block 84246832a679164a at height 1128 accepted (tip 1128)
[2026-09-29T01:17:01.058Z INFO  blacksilk_node] block fbf6f86539c36daf at height 1129 accepted (tip 1129)
[2026-09-29T01:17:15.319Z INFO  blacksilk_node] block d1ac13680d9e458e at height 1130 accepted (tip 1130)
[2026-09-29T01:17:27.812Z INFO  blacksilk_node] block dcd8cd523e9ce9f2 at height 1131 accepted (tip 1131)
[2026-09-29T01:17:29.797Z INFO  blacksilk_node] block c028088c51e68138 at height 1132 accepted (tip 1132)
[2026-09-29T01:17:38.061Z INFO  blacksilk_node] block 6c08a5dee0b74583 at height 1133 accepted (tip 1133)
[2026-09-29T01:18:22.728Z INFO  blacksilk_node] block 3b171bb8aeb8288b at height 1134 accepted (tip 1134)
[2026-09-29T01:18:24.635Z INFO  blacksilk_node] block d4902c0300e95c5e at height 1135 accepted (tip 1135)
[2026-09-29T01:18:54.688Z INFO  blacksilk_node] block 076ab6058e9ba283 at height 1136 accepted (tip 1136)
[2026-09-29T01:19:13.318Z INFO  blacksilk_node] block c82d8518f92244a1 at height 1137 accepted (tip 1137)
[2026-09-29T01:19:20.664Z INFO  blacksilk_node] block bf39f649942be37e at height 1138 accepted (tip 1138)
[2026-09-29T01:19:23.276Z INFO  blacksilk_node] block dbb49ac3c469de0a at height 1139 accepted (tip 1139)
[2026-09-29T01:19:27.461Z INFO  blacksilk_node] block 5dce22ae9b8cd183 at height 1140 accepted (tip 1140)
[2026-09-29T01:19:28.936Z INFO  blacksilk_node] block 5761bc28ee42f0f2 at height 1141 accepted (tip 1141)
[2026-09-29T01:19:41.363Z INFO  blacksilk_node] block 020ed8aa5f23c828 at height 1142 accepted (tip 1142)
[2026-09-29T01:19:46.605Z INFO  blacksilk_node] block 186c3f1b38c02c4c at height 1143 accepted (tip 1143)
[2026-09-29T01:20:40.328Z INFO  blacksilk_node] block 0bcf1afaf7208043 at height 1144 accepted (tip 1144)
[2026-09-29T01:20:53.903Z INFO  blacksilk_node] block b6b37be132448669 at height 1145 accepted (tip 1145)
[2026-09-29T01:20:55.433Z INFO  blacksilk_node] block b0d655c4833778ee at height 1146 accepted (tip 1146)
[2026-09-29T01:21:14.855Z INFO  blacksilk_node] block 3d756a9a3929309e at height 1147 accepted (tip 1147)
[2026-09-29T01:21:17.706Z INFO  blacksilk_node] block ee88dbaf09a838e0 at height 1148 accepted (tip 1148)
[2026-09-29T01:21:26.287Z INFO  blacksilk_node] block ad1b80b2d88bee4d at height 1149 accepted (tip 1149)
[2026-09-29T01:21:29.370Z INFO  blacksilk_node] block 4cdb41bc5ff6e9cc at height 1150 accepted (tip 1150)
[2026-09-29T01:21:41.706Z INFO  blacksilk_node] block ec163075f8dfff8a at height 1152 accepted (tip 1152)
[2026-09-29T01:21:53.139Z INFO  blacksilk_node] block 3892b6f32385d07c at height 1153 accepted (tip 1153)
[2026-09-29T01:22:01.482Z INFO  blacksilk_node] block 964b74c3820eaa8d at height 1154 accepted (tip 1154)
[2026-09-29T01:22:03.257Z INFO  blacksilk_node] block 8929a511893f4071 at height 1155 accepted (tip 1155)
[2026-09-29T01:22:10.299Z INFO  blacksilk_node] block b3151f32c1ded049 at height 1156 accepted (tip 1156)
[2026-09-29T01:22:18.012Z INFO  blacksilk_node] block b054158548d29f0d at height 1157 accepted (tip 1157)
[2026-09-29T01:22:24.339Z INFO  blacksilk_node] block e5b4601beef5fd6a at height 1158 accepted (tip 1158)
[2026-09-29T01:22:53.505Z INFO  blacksilk_node] block 1317ae766c44b8cb at height 1159 accepted (tip 1159)
[2026-09-29T01:22:57.571Z INFO  blacksilk_node] block 31eaf21a95f714c0 at height 1160 accepted (tip 1160)
[2026-09-29T01:23:04.626Z INFO  blacksilk_node] block 46c0cc78059b2e81 at height 1161 accepted (tip 1161)
[2026-09-29T01:23:07.040Z INFO  blacksilk_node] block df9dff2fb822ab55 at height 1162 accepted (tip 1162)
[2026-09-29T01:23:17.469Z INFO  blacksilk_node] block 1573b351d9d36baf at height 1163 accepted (tip 1163)
[2026-09-29T01:23:25.438Z INFO  blacksilk_node] block 0999a303a9b7a635 at height 1164 accepted (tip 1164)
[2026-09-29T01:23:37.635Z INFO  blacksilk_node] block 1f9ec742e3ecd9b2 at height 1165 accepted (tip 1165)
[2026-09-29T01:23:46.152Z INFO  blacksilk_node] block 6a3fb924f53d183c at height 1166 accepted (tip 1166)
[2026-09-29T01:23:47.582Z INFO  blacksilk_node] block eaba32619281fede at height 1167 accepted (tip 1167)
[2026-09-29T01:23:50.954Z INFO  blacksilk_node] block ad1531ff18949a3d at height 1168 accepted (tip 1168)
[2026-09-29T01:24:09.110Z INFO  blacksilk_node] block b0e2727625837553 at height 1169 accepted (tip 1169)
[2026-09-29T01:24:11.709Z INFO  blacksilk_node] block c98f279eb3fe1e86 at height 1170 accepted (tip 1170)
[2026-09-29T01:24:13.863Z INFO  blacksilk_node] block 81533533a9701ba2 at height 1171 accepted (tip 1171)
[2026-09-29T01:24:16.301Z INFO  blacksilk_node] block 423c4f3736c591cf at height 1172 accepted (tip 1172)
[2026-09-29T01:24:25.267Z INFO  blacksilk_node] block a01d5da30850c410 at height 1173 accepted (tip 1173)
[2026-09-29T01:24:31.903Z INFO  blacksilk_node] block 3976d3be2ed514d9 at height 1174 accepted (tip 1174)
[2026-09-29T01:24:38.099Z INFO  blacksilk_node] block 1b88f492e193d697 at height 1176 accepted (tip 1176)
[2026-09-29T01:24:40.762Z INFO  blacksilk_node] block f1861ad164a1d21a at height 1177 accepted (tip 1177)
[2026-09-29T01:25:02.652Z INFO  blacksilk_node] block 4e341accbc207c23 at height 1179 accepted (tip 1179)
[2026-09-29T01:25:12.280Z INFO  blacksilk_node] block b3acb26a0f0b90ee at height 1180 accepted (tip 1180)
[2026-09-29T01:25:26.969Z INFO  blacksilk_node] block 0a28b08aae4df336 at height 1181 accepted (tip 1181)
[2026-09-29T01:25:54.326Z INFO  blacksilk_node] block 9694ae3310aa9581 at height 1182 accepted (tip 1182)
[2026-09-29T01:26:10.231Z INFO  blacksilk_node] block 4a02532e9557958d at height 1183 accepted (tip 1183)
[2026-09-29T01:26:17.517Z INFO  blacksilk_node] block 660d5593390a83fb at height 1184 accepted (tip 1184)
[2026-09-29T01:26:25.177Z INFO  blacksilk_node] block 9ceedece0eb7e777 at height 1185 accepted (tip 1185)
[2026-09-29T01:26:29.834Z INFO  blacksilk_node] block aedfbd5480541b4a at height 1186 accepted (tip 1186)
[2026-09-29T01:26:43.741Z INFO  blacksilk_node] block 7340669022e8ea16 at height 1187 accepted (tip 1187)
[2026-09-29T01:27:00.088Z INFO  blacksilk_node] block 7ca3ae731ebdccbe at height 1188 accepted (tip 1188)
[2026-09-29T01:27:02.756Z INFO  blacksilk_node] block 47ef58d5680629c7 at height 1189 accepted (tip 1189)
[2026-09-29T01:27:09.239Z INFO  blacksilk_node] block 5ef6ee7682a2a23a at height 1190 accepted (tip 1190)
[2026-09-29T01:27:43.041Z INFO  blacksilk_p2p::net::conn] disconnected peer 127.0.0.1:50202
[2026-09-29T01:27:43.041Z INFO  blacksilk_p2p::net::conn] disconnected peer 127.0.0.1:27117
[2026-09-29T01:27:43.041Z INFO  blacksilk_p2p::net::conn] disconnected peer 127.0.0.1:27110
[2026-09-29T01:27:43.851Z INFO  blacksilk_node] block 2f012a0e736f3fc6 at height 1191 accepted (tip 1191)
[2026-09-29T01:27:44.840Z INFO  blacksilk_node] block 2b8a5ec30a5da7d0 at height 1192 accepted (tip 1192)
[2026-09-29T01:27:55.714Z INFO  blacksilk_node] block 076e4994b6687b3e at height 1193 accepted (tip 1193)
[2026-09-29T01:28:14.997Z INFO  blacksilk_node] block f7a64bc043e273d1 at height 1194 accepted (tip 1194)
[2026-09-29T01:28:23.117Z INFO  blacksilk_node] block f8068f52ebc77f67 at height 1195 accepted (tip 1195)
[2026-09-29T01:28:24.684Z INFO  blacksilk_node] block ca21ec90bd8029f5 at height 1196 accepted (tip 1196)
[2026-09-29T01:28:45.267Z INFO  blacksilk_node] block d741e2219178bc3d at height 1197 accepted (tip 1197)
[2026-09-29T01:29:05.913Z INFO  blacksilk_node] block a6ccd9cd528f2df7 at height 1198 accepted (tip 1198)
[2026-09-29T01:29:06.819Z INFO  blacksilk_node] block e574497644a5dc51 at height 1199 accepted (tip 1199)
[2026-09-29T01:29:10.439Z INFO  blacksilk_node] block 82b7c93af6746f84 at height 1200 accepted (tip 1200)
[2026-09-29T01:29:11.255Z INFO  blacksilk_node] block d5bbd4b1a21988ff at height 1201 accepted (tip 1201)
[2026-09-29T01:29:26.019Z INFO  blacksilk_node] block 337f6a51a16777b4 at height 1202 accepted (tip 1202)
[2026-09-29T01:29:37.634Z INFO  blacksilk_node] block bb5b80208f2ae00d at height 1203 accepted (tip 1203)
[2026-09-29T01:29:49.422Z INFO  blacksilk_node] block 8792debfc2191e06 at height 1204 accepted (tip 1204)
[2026-09-29T01:30:11.602Z INFO  blacksilk_node] block b325bf7b4925bd77 at height 1205 accepted (tip 1205)
[2026-09-29T01:30:20.840Z INFO  blacksilk_node] block c31578a209415bd9 at height 1206 accepted (tip 1206)
[2026-09-29T01:30:32.074Z INFO  blacksilk_node] block 8a841c52e2b0327e at height 1207 accepted (tip 1207)
[2026-09-29T01:30:43.432Z INFO  blacksilk_p2p::net::conn] connected outbound peer 127.0.0.1:50202 (height 1192)
[2026-09-29T01:30:52.911Z INFO  blacksilk_p2p::net::conn] connected inbound peer 127.0.0.1:32190 (height 1207)
[2026-09-29T01:30:53.727Z INFO  blacksilk_node] block 1207d1f457582ad0 at height 1208 accepted (tip 1208)
[2026-09-29T01:30:53.826Z INFO  blacksilk_p2p::net::conn] connected inbound peer 127.0.0.1:32193 (height 1207)
[2026-09-29T01:31:02.852Z INFO  blacksilk_node] block 30467ff8fe89d0e1 at height 1209 accepted (tip 1209)
[2026-09-29T01:31:12.777Z INFO  blacksilk_node] block faf2fd342499f642 at height 1210 accepted (tip 1210)
[2026-09-29T01:31:14.946Z INFO  blacksilk_node] block fb408a6e0642f111 at height 1211 accepted (tip 1211)
[2026-09-29T01:31:19.697Z INFO  blacksilk_node] block 21f535de8749e011 at height 1212 accepted (tip 1212)
[2026-09-29T01:31:34.665Z INFO  blacksilk_node] block 4625707c70cbbd59 at height 1213 accepted (tip 1213)
[2026-09-29T01:31:53.344Z INFO  blacksilk_node] block cf2e10224a5954bf at height 1214 accepted (tip 1214)
[2026-09-29T01:31:55.709Z INFO  blacksilk_node] block d149cbccf8edccc1 at height 1215 accepted (tip 1215)
[2026-09-29T01:31:57.011Z INFO  blacksilk_node] block 16dcb800296d468d at height 1216 accepted (tip 1216)
[2026-09-29T01:31:58.007Z INFO  blacksilk_node] block 72197fde0f75331b at height 1217 accepted (tip 1217)
[2026-09-29T01:32:09.647Z INFO  blacksilk_node] block 5b033a304efd164d at height 1218 accepted (tip 1218)
[2026-09-29T01:32:14.004Z INFO  blacksilk_node] block f945e9337f7e1483 at height 1219 accepted (tip 1219)
[2026-09-29T01:32:54.858Z INFO  blacksilk_node] block 36202483804b2e94 at height 1220 accepted (tip 1220)
[2026-09-29T01:33:01.429Z INFO  blacksilk_node] block d6786a344f4fdca7 at height 1221 accepted (tip 1221)
[2026-09-29T01:33:12.606Z INFO  blacksilk_node] block a7a94cc34acf0a52 at height 1222 accepted (tip 1222)
[2026-09-29T01:33:21.129Z INFO  blacksilk_node] block 8442153cb67cff8e at height 1223 accepted (tip 1223)
[2026-09-29T01:33:28.387Z INFO  blacksilk_node] block cc743eac4ffa0778 at height 1224 accepted (tip 1224)
[2026-09-29T01:33:33.820Z INFO  blacksilk_node] block 061c26369a3d0f43 at height 1225 accepted (tip 1225)
[2026-09-29T01:33:35.699Z INFO  blacksilk_node] block 10c6483fbee82357 at height 1226 accepted (tip 1226)
[2026-09-29T01:33:46.780Z INFO  blacksilk_node] block 5f74cdd68f46a0f3 at height 1227 accepted (tip 1227)
[2026-09-29T01:33:51.249Z INFO  blacksilk_node] block f14b7ab3952735bf at height 1228 accepted (tip 1228)
[2026-09-29T01:34:01.492Z INFO  blacksilk_node] block f6bdf974bd055cbe at height 1229 accepted (tip 1229)
[2026-09-29T01:34:03.869Z INFO  blacksilk_node] block e968213066f56143 at height 1230 accepted (tip 1230)
[2026-09-29T01:34:15.989Z INFO  blacksilk_node] block 45b5b09ae469db43 at height 1231 accepted (tip 1231)
[2026-09-29T01:34:21.546Z INFO  blacksilk_node] block 1efc827d52c00805 at height 1232 accepted (tip 1232)
[2026-09-29T01:34:57.485Z INFO  blacksilk_node] block f712c464d5f28358 at height 1233 accepted (tip 1233)
[2026-09-29T01:35:01.621Z INFO  blacksilk_node] block 04e43d0e94398c56 at height 1234 accepted (tip 1234)
[2026-09-29T01:35:09.497Z INFO  blacksilk_node] block 018a1d6eee4a46f6 at height 1235 accepted (tip 1235)
[2026-09-29T01:35:13.734Z INFO  blacksilk_node] block 4199a7afd320b826 at height 1236 accepted (tip 1236)
[2026-09-29T01:35:26.786Z INFO  blacksilk_node] block ed84a1221a2c8a33 at height 1237 accepted (tip 1237)
[2026-09-29T01:35:54.319Z INFO  blacksilk_node] block 2ce85f158b28d675 at height 1239 accepted (tip 1239)
[2026-09-29T01:36:00.560Z INFO  blacksilk_node] block 0a4ff0bcfbe68a63 at height 1240 accepted (tip 1240)
[2026-09-29T01:36:10.178Z INFO  blacksilk_node] block c6baf20a785bf75e at height 1241 accepted (tip 1241)
[2026-09-29T01:36:13.564Z INFO  blacksilk_node] block b170a66b0f1919ed at height 1242 accepted (tip 1242)
[2026-09-29T01:36:20.216Z INFO  blacksilk_node] block 3c1eaaa4f0ab4e90 at height 1243 accepted (tip 1243)
[2026-09-29T01:36:47.342Z INFO  blacksilk_node] block 11949c5c9551dad6 at height 1245 accepted (tip 1245)
[2026-09-29T01:36:58.651Z INFO  blacksilk_node] block e3ee42ea2af5ef3b at height 1246 accepted (tip 1246)
[2026-09-29T01:37:21.137Z INFO  blacksilk_node] block 89a1825702348b87 at height 1247 accepted (tip 1247)
[2026-09-29T01:37:44.173Z INFO  blacksilk_node] block 3e42de89a99ed5e5 at height 1248 accepted (tip 1248)
[2026-09-29T01:37:52.261Z INFO  blacksilk_node] block 18c3fdfa9320e4b9 at height 1249 accepted (tip 1249)
[2026-09-29T01:38:05.306Z INFO  blacksilk_node] block 81a5457a0c045956 at height 1250 accepted (tip 1250)
[2026-09-29T01:38:07.701Z INFO  blacksilk_node] block ca4442999f01c196 at height 1251 accepted (tip 1251)
[2026-09-29T01:38:09.029Z INFO  blacksilk_node] block 0f3f10e27c100893 at height 1252 accepted (tip 1252)
[2026-09-29T01:38:12.276Z INFO  blacksilk_node] block 0884c247fd9470f5 at height 1253 accepted (tip 1253)
[2026-09-29T01:38:23.111Z INFO  blacksilk_node] block c7f23201a7933c87 at height 1254 accepted (tip 1254)
[2026-09-29T01:38:31.895Z INFO  blacksilk_node] block fa4d58d84939ff64 at height 1255 accepted (tip 1255)
[2026-09-29T01:38:37.562Z INFO  blacksilk_node] block bfdd1abf957479cb at height 1256 accepted (tip 1256)
[2026-09-29T01:38:49.920Z INFO  blacksilk_node] block f31e18c0e0f4a555 at height 1257 accepted (tip 1257)
[2026-09-29T01:38:50.860Z INFO  blacksilk_node] block f0304b024cad26ce at height 1258 accepted (tip 1258)
[2026-09-29T01:39:00.613Z INFO  blacksilk_node] block a1f70095eff64f29 at height 1259 accepted (tip 1259)
[2026-09-29T01:39:03.527Z INFO  blacksilk_node] block 63e67ebef8668ddb at height 1260 accepted (tip 1260)
[2026-09-29T01:39:06.244Z INFO  blacksilk_node] block c6f93486fb0e94f6 at height 1261 accepted (tip 1261)
[2026-09-29T01:39:08.348Z INFO  blacksilk_node] block d6802d6829494116 at height 1262 accepted (tip 1262)
[2026-09-29T01:39:20.289Z INFO  blacksilk_node] block 2f81ede7d62515eb at height 1263 accepted (tip 1263)
[2026-09-29T01:39:27.003Z INFO  blacksilk_node] block 8b143f99ba22da6e at height 1264 accepted (tip 1264)
[2026-09-29T01:39:30.838Z INFO  blacksilk_node] block 50da1fa037b68014 at height 1265 accepted (tip 1265)
[2026-09-29T01:39:56.212Z INFO  blacksilk_node] block e85d278dd32eadd5 at height 1266 accepted (tip 1266)
[2026-09-29T01:40:02.686Z INFO  blacksilk_node] block 5f6fceafaa67572c at height 1267 accepted (tip 1267)
[2026-09-29T01:40:04.797Z INFO  blacksilk_node] block ffb3cd0ad24feba8 at height 1268 accepted (tip 1268)
[2026-09-29T01:40:08.576Z INFO  blacksilk_node] block 4dbc52a994421be3 at height 1269 accepted (tip 1269)
[2026-09-29T01:40:21.311Z INFO  blacksilk_node] block dc840cc1830c4d49 at height 1270 accepted (tip 1270)
[2026-09-29T01:40:40.556Z INFO  blacksilk_node] block 1f199b4751bd6d04 at height 1271 accepted (tip 1271)
[2026-09-29T01:40:45.988Z INFO  blacksilk_node] block b1ba7702d3e29f0c at height 1272 accepted (tip 1272)
[2026-09-29T01:41:12.804Z INFO  blacksilk_node] block 4e1c433574e02f28 at height 1273 accepted (tip 1273)
[2026-09-29T01:41:13.719Z INFO  blacksilk_node] block 65ae59762cb7122f at height 1274 accepted (tip 1274)
[2026-09-29T01:41:16.973Z INFO  blacksilk_node] block e1bd51568d3cb0b4 at height 1275 accepted (tip 1275)
[2026-09-29T01:41:17.951Z INFO  blacksilk_node] block cf00fdc5eb25f3c7 at height 1276 accepted (tip 1276)
[2026-09-29T01:41:26.606Z INFO  blacksilk_node] block a2796e0c4da9acff at height 1277 accepted (tip 1277)
[2026-09-29T01:41:35.924Z INFO  blacksilk_node] block d5e036bac20edea6 at height 1278 accepted (tip 1278)
[2026-09-29T01:41:40.746Z INFO  blacksilk_node] block a79997c732e9fe49 at height 1279 accepted (tip 1279)
[2026-09-29T01:41:51.118Z INFO  blacksilk_node] block dc58e22660ab6338 at height 1280 accepted (tip 1280)
[2026-09-29T01:42:04.687Z INFO  blacksilk_node] block 3c36f66562a148e6 at height 1281 accepted (tip 1281)
[2026-09-29T01:42:10.913Z INFO  blacksilk_node] block 7cc4d3ed79699552 at height 1282 accepted (tip 1282)
[2026-09-29T01:42:14.858Z INFO  blacksilk_node] block 79ce0fef2e981dc8 at height 1283 accepted (tip 1283)
[2026-09-29T01:42:16.267Z INFO  blacksilk_node] block 7e9d873187923a78 at height 1284 accepted (tip 1284)
[2026-09-29T01:42:34.225Z INFO  blacksilk_node] block 2786738f5faa64f2 at height 1285 accepted (tip 1285)
[2026-09-29T01:42:43.227Z INFO  blacksilk_node] block 73da659f0a66cc21 at height 1286 accepted (tip 1286)
[2026-09-29T01:42:48.341Z INFO  blacksilk_node] block a072c58d3394cd63 at height 1287 accepted (tip 1287)
[2026-09-29T01:42:55.466Z INFO  blacksilk_node] block 61f6aad2fe81441c at height 1288 accepted (tip 1288)
[2026-09-29T01:43:18.890Z INFO  blacksilk_node] block f523f1b7de6dc9b4 at height 1289 accepted (tip 1289)
[2026-09-29T01:43:33.155Z INFO  blacksilk_node] block bf4c1913b799c94d at height 1290 accepted (tip 1290)
[2026-09-29T01:43:45.791Z INFO  blacksilk_node] block 98858632c588052a at height 1291 accepted (tip 1291)
[2026-09-29T01:44:13.285Z INFO  blacksilk_node] block e891be3bf05350a5 at height 1292 accepted (tip 1292)
[2026-09-29T01:44:23.898Z INFO  blacksilk_node] block 6da17a771b4c7878 at height 1293 accepted (tip 1293)
[2026-09-29T01:44:29.651Z INFO  blacksilk_node] block 46a47aa27975286a at height 1294 accepted (tip 1294)
[2026-09-29T01:44:41.325Z INFO  blacksilk_node] block fbc8ae49622af874 at height 1295 accepted (tip 1295)
[2026-09-29T01:44:42.833Z INFO  blacksilk_node] block 9f6a0c78a3ca6eee at height 1296 accepted (tip 1296)
[2026-09-29T01:44:56.639Z INFO  blacksilk_node] block d3484b9bc718019d at height 1297 accepted (tip 1297)
[2026-09-29T01:45:34.667Z INFO  blacksilk_node] block 23c209ed5f735443 at height 1299 accepted (tip 1299)
[2026-09-29T01:45:38.675Z INFO  blacksilk_node] block a13d70034f43c49d at height 1300 accepted (tip 1300)
[2026-09-29T01:45:42.817Z INFO  blacksilk_node] block 1129ecc5a82fa617 at height 1301 accepted (tip 1301)
[2026-09-29T01:45:55.553Z INFO  blacksilk_node] block 9f7f9d4f6c569775 at height 1302 accepted (tip 1302)
[2026-09-29T01:46:06.246Z INFO  blacksilk_node] block ba1e7a481fc06891 at height 1303 accepted (tip 1303)
[2026-09-29T01:46:10.318Z INFO  blacksilk_node] block cae811553f5ca944 at height 1304 accepted (tip 1304)
[2026-09-29T01:46:12.975Z INFO  blacksilk_node] block 686c64045c15b5f3 at height 1305 accepted (tip 1305)
[2026-09-29T01:46:18.121Z INFO  blacksilk_node] block 98208389933a954d at height 1306 accepted (tip 1306)
[2026-09-29T01:46:36.650Z INFO  blacksilk_node] block fde20422a326c5e8 at height 1307 accepted (tip 1307)
[2026-09-29T01:46:37.345Z INFO  blacksilk_node] block 65c2ba5b65d9bd42 at height 1308 accepted (tip 1308)
[2026-09-29T01:46:40.229Z INFO  blacksilk_node] block f8ae227fddbcc85e at height 1309 accepted (tip 1309)
[2026-09-29T01:46:49.351Z INFO  blacksilk_node] block 6d38d13bc682996d at height 1310 accepted (tip 1310)
[2026-09-29T01:46:58.232Z INFO  blacksilk_node] block 6d0ddb463b02f9f8 at height 1311 accepted (tip 1311)
[2026-09-29T01:47:09.038Z INFO  blacksilk_node] block f159f283083bfbd7 at height 1312 accepted (tip 1312)
[2026-09-29T01:47:26.702Z INFO  blacksilk_node] block 1f3bac5a269323f7 at height 1313 accepted (tip 1313)
[2026-09-29T01:47:29.956Z INFO  blacksilk_node] block d7c5ca72471631d6 at height 1314 accepted (tip 1314)
[2026-09-29T01:47:47.912Z INFO  blacksilk_node] block 60d599b5174a9919 at height 1315 accepted (tip 1315)
[2026-09-29T01:47:51.531Z INFO  blacksilk_node] block 88e905f6556c5b67 at height 1316 accepted (tip 1316)
[2026-09-29T01:47:55.580Z INFO  blacksilk_node] block 69d496b0021240cc at height 1317 accepted (tip 1317)
[2026-09-29T01:48:09.947Z INFO  blacksilk_node] block bf32453b600accfa at height 1318 accepted (tip 1318)
[2026-09-29T01:48:12.010Z INFO  blacksilk_node] block 36516eeeb4f5b28c at height 1319 accepted (tip 1319)
[2026-09-29T01:48:27.156Z INFO  blacksilk_node] block 70a4abda667dec77 at height 1320 accepted (tip 1320)
[2026-09-29T01:48:43.598Z INFO  blacksilk_node] block 19734873e44f4f45 at height 1321 accepted (tip 1321)
[2026-09-29T01:48:50.440Z INFO  blacksilk_node] block 4a905b0fb0ea624a at height 1322 accepted (tip 1322)
[2026-09-29T01:48:56.773Z INFO  blacksilk_node] block 210a6501580dc9c3 at height 1323 accepted (tip 1323)
[2026-09-29T01:49:03.735Z INFO  blacksilk_node] block 1776dab1ad3c5272 at height 1324 accepted (tip 1324)
[2026-09-29T01:49:12.038Z INFO  blacksilk_node] block 57288cdf11228258 at height 1326 accepted (tip 1326)
[2026-09-29T01:49:13.886Z INFO  blacksilk_node] block 1b8e870692318514 at height 1327 accepted (tip 1327)
[2026-09-29T01:49:26.996Z INFO  blacksilk_node] block e8cb37fb58f64b5b at height 1328 accepted (tip 1328)
[2026-09-29T01:49:44.679Z INFO  blacksilk_node] block 42c1a13f707c23af at height 1329 accepted (tip 1329)
[2026-09-29T01:49:50.002Z INFO  blacksilk_node] block 2799a065785bbdc8 at height 1330 accepted (tip 1330)
[2026-09-29T01:49:53.768Z INFO  blacksilk_node] block e1a9c0b7be8bddf0 at height 1331 accepted (tip 1331)
[2026-09-29T01:49:56.715Z INFO  blacksilk_node] block ccae8a5380691458 at height 1332 accepted (tip 1332)
[2026-09-29T01:49:57.808Z INFO  blacksilk_node] block 4a644b3cb654a350 at height 1333 accepted (tip 1333)
[2026-09-29T01:49:59.089Z INFO  blacksilk_node] block d1551532eedb735b at height 1334 accepted (tip 1334)
[2026-09-29T01:50:02.413Z INFO  blacksilk_node] block 4897c55f3d2f5be3 at height 1335 accepted (tip 1335)
[2026-09-29T01:50:24.975Z INFO  blacksilk_node] block a9fcd35fe0187bce at height 1336 accepted (tip 1336)
[2026-09-29T01:50:38.912Z INFO  blacksilk_node] block 2603aadb64f6dd57 at height 1337 accepted (tip 1337)
[2026-09-29T01:50:50.478Z INFO  blacksilk_node] block f287494148adebdc at height 1338 accepted (tip 1338)
[2026-09-29T01:51:16.376Z INFO  blacksilk_node] block 50904f72c3aff53d at height 1339 accepted (tip 1339)
[2026-09-29T01:51:17.251Z INFO  blacksilk_node] block ce04eec6b1c122af at height 1340 accepted (tip 1340)
[2026-09-29T01:51:20.986Z INFO  blacksilk_node] block 5c71dc76d6f8d662 at height 1341 accepted (tip 1341)
[2026-09-29T01:51:42.540Z INFO  blacksilk_node] block a6ea444199dff949 at height 1342 accepted (tip 1342)
[2026-09-29T01:52:31.528Z INFO  blacksilk_node] block a59777849eea0b55 at height 1344 accepted (tip 1344)
[2026-09-29T01:52:34.847Z INFO  blacksilk_node] block 37ceeb8dae35c04d at height 1345 accepted (tip 1345)
[2026-09-29T01:52:38.699Z INFO  blacksilk_node] block 7268e8f6d4082438 at height 1346 accepted (tip 1346)
[2026-09-29T01:52:54.857Z INFO  blacksilk_node] block 242be35db94c1a71 at height 1347 accepted (tip 1347)
[2026-09-29T01:52:55.645Z INFO  blacksilk_node] block 11f3b333844c9a5a at height 1348 accepted (tip 1348)
[2026-09-29T01:53:16.980Z INFO  blacksilk_node] block e9dfcd4a438fa804 at height 1349 accepted (tip 1349)
[2026-09-29T01:53:22.981Z INFO  blacksilk_node] block 757ccbd2a548d0a1 at height 1350 accepted (tip 1350)
[2026-09-29T01:53:23.942Z INFO  blacksilk_node] block c66eea8a1be28c9d at height 1351 accepted (tip 1351)
[2026-09-29T01:53:26.906Z INFO  blacksilk_node] block dc20ffdbe6b038f0 at height 1352 accepted (tip 1352)
[2026-09-29T01:53:28.076Z INFO  blacksilk_node] block 61e92060c9b9188b at height 1353 accepted (tip 1353)
[2026-09-29T01:53:30.846Z INFO  blacksilk_node] block bfb09344caa859b0 at height 1354 accepted (tip 1354)
[2026-09-29T01:53:32.278Z INFO  blacksilk_node] block 6e08bb7395dcb61f at height 1355 accepted (tip 1355)
[2026-09-29T01:54:20.043Z INFO  blacksilk_node] block 6174fe7c9fc4b043 at height 1356 accepted (tip 1356)
[2026-09-29T01:54:53.489Z INFO  blacksilk_node] block 34c8fd54d6e5dc5f at height 1357 accepted (tip 1357)
[2026-09-29T01:55:08.738Z INFO  blacksilk_node] block 04e091c51e29966b at height 1358 accepted (tip 1358)
[2026-09-29T01:55:11.965Z INFO  blacksilk_node] block 2c674888a798daa9 at height 1359 accepted (tip 1359)
[2026-09-29T01:55:38.461Z INFO  blacksilk_node] block 7e2316ebbdc64d88 at height 1360 accepted (tip 1360)
[2026-09-29T01:55:50.487Z INFO  blacksilk_node] block 657f5100dc0737b6 at height 1361 accepted (tip 1361)
[2026-09-29T01:55:54.235Z INFO  blacksilk_node] block 37ee47512c1393b8 at height 1362 accepted (tip 1362)
[2026-09-29T01:56:01.764Z INFO  blacksilk_node] block 3a27508590276bb9 at height 1363 accepted (tip 1363)
[2026-09-29T01:56:06.657Z INFO  blacksilk_node] block 22f9c8ca064e754c at height 1364 accepted (tip 1364)
[2026-09-29T01:56:14.689Z INFO  blacksilk_node] block 93c45c72d5936f42 at height 1365 accepted (tip 1365)
[2026-09-29T01:56:18.772Z INFO  blacksilk_node] block 933548fd253897c5 at height 1366 accepted (tip 1366)
[2026-09-29T01:56:30.199Z INFO  blacksilk_node] block 4474d7ddb68991ef at height 1367 accepted (tip 1367)
[2026-09-29T01:56:31.049Z INFO  blacksilk_node] block 95b716174498f42c at height 1368 accepted (tip 1368)
[2026-09-29T01:56:33.411Z INFO  blacksilk_node] block 2c2e2afdbf6344c9 at height 1369 accepted (tip 1369)
[2026-09-29T01:56:39.615Z INFO  blacksilk_node] block 164c85a1b3bf41a8 at height 1370 accepted (tip 1370)
[2026-09-29T01:56:48.336Z INFO  blacksilk_node] block dde494666abe2371 at height 1371 accepted (tip 1371)
[2026-09-29T01:56:55.504Z INFO  blacksilk_node] block 08028c915c6cabb4 at height 1372 accepted (tip 1372)
[2026-09-29T01:57:00.285Z INFO  blacksilk_node] block b68e07c8ac607156 at height 1373 accepted (tip 1373)
[2026-09-29T01:57:07.916Z INFO  blacksilk_node] block 85ce2a52d3ce9acf at height 1374 accepted (tip 1374)
[2026-09-29T01:57:26.446Z INFO  blacksilk_node] block 94d9f780054c8343 at height 1375 accepted (tip 1375)
[2026-09-29T01:57:46.605Z INFO  blacksilk_node] block 1bcc11d5d5f8a24b at height 1376 accepted (tip 1376)
[2026-09-29T01:57:56.873Z INFO  blacksilk_node] block 613f50f07fb8a141 at height 1377 accepted (tip 1377)
[2026-09-29T01:58:02.252Z INFO  blacksilk_node] block 9a799b0980f5f5af at height 1378 accepted (tip 1378)
[2026-09-29T01:58:09.814Z INFO  blacksilk_node] block 65eb3793eac20548 at height 1379 accepted (tip 1379)
[2026-09-29T01:58:11.183Z INFO  blacksilk_node] block 97c61a53f33f3951 at height 1380 accepted (tip 1380)
[2026-09-29T01:58:12.439Z INFO  blacksilk_node] block 5cebf1b175e23c2e at height 1381 accepted (tip 1381)
[2026-09-29T01:58:41.313Z INFO  blacksilk_node] block 2ef2e9a8814e71fd at height 1382 accepted (tip 1382)
[2026-09-29T01:58:49.403Z INFO  blacksilk_node] block 4267f66f91d5eacc at height 1383 accepted (tip 1383)
[2026-09-29T01:58:51.331Z INFO  blacksilk_node] block 65eda9114a5abf1b at height 1384 accepted (tip 1384)
[2026-09-29T01:58:59.843Z INFO  blacksilk_node] block 22831cf0e417c06f at height 1386 accepted (tip 1386)
[2026-09-29T01:59:03.387Z INFO  blacksilk_node] block c6b22dc677fd9c4a at height 1387 accepted (tip 1387)
[2026-09-29T01:59:20.941Z INFO  blacksilk_node] block e46e8da094201a09 at height 1388 accepted (tip 1388)
[2026-09-29T01:59:21.898Z INFO  blacksilk_node] block b7ac3689ec7f3c02 at height 1389 accepted (tip 1389)
[2026-09-29T01:59:33.490Z INFO  blacksilk_node] block 516695bb4728821a at height 1390 accepted (tip 1390)
[2026-09-29T01:59:42.945Z INFO  blacksilk_node] block 76f80a416ea8866d at height 1391 accepted (tip 1391)
[2026-09-29T01:59:57.617Z INFO  blacksilk_node] block 3cb22946fd398fc1 at height 1392 accepted (tip 1392)
[2026-09-29T02:00:07.758Z INFO  blacksilk_node] block b3b0ae80d7757eca at height 1393 accepted (tip 1393)
[2026-09-29T02:00:27.647Z INFO  blacksilk_node] block a2a8274cca403545 at height 1394 accepted (tip 1394)
[2026-09-29T02:00:28.325Z INFO  blacksilk_node] block db9abee924afd1c7 at height 1395 accepted (tip 1395)
[2026-09-29T02:00:51.342Z INFO  blacksilk_node] block abc619f2824bc4a5 at height 1396 accepted (tip 1396)
[2026-09-29T02:00:57.770Z INFO  blacksilk_node] block 88f0fbcbd2c3003a at height 1397 accepted (tip 1397)
[2026-09-29T02:01:08.821Z INFO  blacksilk_node] block c8107af5c8890035 at height 1398 accepted (tip 1398)
[2026-09-29T02:01:18.965Z INFO  blacksilk_node] block 936e5f7b976d9545 at height 1399 accepted (tip 1399)
[2026-09-29T02:01:22.145Z INFO  blacksilk_node] block 4224ca461b08c856 at height 1400 accepted (tip 1400)
[2026-09-29T02:01:25.839Z INFO  blacksilk_node] block 26bbb006d10d7063 at height 1401 accepted (tip 1401)
[2026-09-29T02:01:38.874Z INFO  blacksilk_node] block 6a6e9ea154210c27 at height 1402 accepted (tip 1402)
[2026-09-29T02:01:41.372Z INFO  blacksilk_node] block 020b07936a73efa2 at height 1403 accepted (tip 1403)
[2026-09-29T02:01:47.872Z INFO  blacksilk_node] block ef33e3ec911644b1 at height 1404 accepted (tip 1404)
[2026-09-29T02:01:54.876Z INFO  blacksilk_node] block 77ff9464a4023c34 at height 1405 accepted (tip 1405)
[2026-09-29T02:02:03.334Z INFO  blacksilk_node] block 39e422e26f084076 at height 1406 accepted (tip 1406)
[2026-09-29T02:02:20.110Z INFO  blacksilk_node] block 1f5f95236afd94d2 at height 1407 accepted (tip 1407)
[2026-09-29T02:02:33.054Z INFO  blacksilk_node] block e209a720178babaf at height 1408 accepted (tip 1408)
[2026-09-29T02:02:40.802Z INFO  blacksilk_node] block 9a601a48304dd8ae at height 1409 accepted (tip 1409)
[2026-09-29T02:02:56.718Z INFO  blacksilk_node] block 1ba58d1c186e3a9d at height 1410 accepted (tip 1410)
[2026-09-29T02:03:12.067Z INFO  blacksilk_node] block 47cde56ed59b8ca1 at height 1411 accepted (tip 1411)
[2026-09-29T02:03:15.604Z INFO  blacksilk_node] block 0317c49fef6e3516 at height 1412 accepted (tip 1412)
[2026-09-29T02:03:18.399Z INFO  blacksilk_node] block bb9c0f98ed0b4a03 at height 1413 accepted (tip 1413)
[2026-09-29T02:03:21.336Z INFO  blacksilk_node] block 93f0bfa1aa6f8978 at height 1414 accepted (tip 1414)
[2026-09-29T02:03:23.192Z INFO  blacksilk_node] block 00b3e92b8a8bb8dd at height 1415 accepted (tip 1415)
[2026-09-29T02:03:24.618Z INFO  blacksilk_node] block 6d65322e5cf1f1eb at height 1416 accepted (tip 1416)
[2026-09-29T02:03:25.863Z INFO  blacksilk_node] block d50f5b98aeba193d at height 1417 accepted (tip 1417)
[2026-09-29T02:03:34.326Z INFO  blacksilk_node] block 923f64c22bac1efd at height 1418 accepted (tip 1418)
[2026-09-29T02:03:36.465Z INFO  blacksilk_node] block ffd7942fde811957 at height 1419 accepted (tip 1419)
[2026-09-29T02:04:04.639Z INFO  blacksilk_node] block 3f8ce953b25ec25d at height 1420 accepted (tip 1420)
[2026-09-29T02:04:26.632Z INFO  blacksilk_node] block ecbae4c06f05df27 at height 1421 accepted (tip 1421)
[2026-09-29T02:04:38.926Z INFO  blacksilk_node] block 6fdcaea943e17039 at height 1422 accepted (tip 1422)
[2026-09-29T02:04:47.469Z INFO  blacksilk_node] block d4e8b0e436ab8141 at height 1423 accepted (tip 1423)
[2026-09-29T02:04:54.236Z INFO  blacksilk_node] block 09a3d0fa82735e0b at height 1424 accepted (tip 1424)
[2026-09-29T02:05:14.548Z INFO  blacksilk_node] block 63a14f039725a0f7 at height 1425 accepted (tip 1425)
[2026-09-29T02:05:35.108Z INFO  blacksilk_node] block 3d464b5ebeb305dc at height 1426 accepted (tip 1426)
[2026-09-29T02:06:13.990Z INFO  blacksilk_node] block 57b03b4053c1cb8a at height 1427 accepted (tip 1427)
[2026-09-29T02:06:15.731Z INFO  blacksilk_node] block 2f464835d97b5f7a at height 1428 accepted (tip 1428)
[2026-09-29T02:06:18.950Z INFO  blacksilk_node] block adbaeb3539fcfde2 at height 1429 accepted (tip 1429)
[2026-09-29T02:06:27.048Z INFO  blacksilk_node] block 07d9f954227ba617 at height 1430 accepted (tip 1430)
[2026-09-29T02:06:37.837Z INFO  blacksilk_node] block a49a247cbd64f0da at height 1431 accepted (tip 1431)
[2026-09-29T02:06:48.422Z INFO  blacksilk_node] block 48c9319bd8a03d4a at height 1432 accepted (tip 1432)
[2026-09-29T02:06:52.685Z INFO  blacksilk_node] block 5b239010098ea085 at height 1433 accepted (tip 1433)
[2026-09-29T02:07:05.359Z INFO  blacksilk_node] block 0c0b71ed53d45343 at height 1434 accepted (tip 1434)
[2026-09-29T02:07:08.697Z INFO  blacksilk_node] block 15e5143f14c0da8c at height 1435 accepted (tip 1435)
[2026-09-29T02:07:17.190Z INFO  blacksilk_node] block a5c9a1cfaef9d647 at height 1436 accepted (tip 1436)
[2026-09-29T02:07:27.400Z INFO  blacksilk_node] block f40764335219c011 at height 1437 accepted (tip 1437)
[2026-09-29T02:07:28.078Z INFO  blacksilk_node] block 60c99ace49edd44b at height 1438 accepted (tip 1438)
[2026-09-29T02:07:32.699Z INFO  blacksilk_node] block fa5eca2f52d802b5 at height 1439 accepted (tip 1439)
[2026-09-29T02:07:36.117Z INFO  blacksilk_node] block 2d8c8d4256abaf17 at height 1440 accepted (tip 1440)
[2026-09-29T02:07:39.006Z INFO  blacksilk_node] block 9cbd39204f114447 at height 1441 accepted (tip 1441)
[2026-09-29T02:07:55.370Z INFO  blacksilk_node] block 595c7fe3ee473a88 at height 1442 accepted (tip 1442)
[2026-09-29T02:08:12.367Z INFO  blacksilk_node] block 8849cf5cafa939e8 at height 1443 accepted (tip 1443)
[2026-09-29T02:09:14.453Z INFO  blacksilk_node] block 59a8436eb7c48bcc at height 1444 accepted (tip 1444)
[2026-09-29T02:09:22.565Z INFO  blacksilk_node] block 40a6eecf33265587 at height 1445 accepted (tip 1445)
[2026-09-29T02:09:24.013Z INFO  blacksilk_node] block 244339860cc8488e at height 1446 accepted (tip 1446)
[2026-09-29T02:09:27.028Z INFO  blacksilk_node] block 8c7e93f7ca4aae8f at height 1447 accepted (tip 1447)
[2026-09-29T02:09:31.303Z INFO  blacksilk_node] block 50baf7c6f07454a1 at height 1448 accepted (tip 1448)
[2026-09-29T02:09:37.037Z INFO  blacksilk_node] block 5fd69503ca157b4a at height 1449 accepted (tip 1449)
[2026-09-29T02:09:40.097Z INFO  blacksilk_node] block 27cbc880d5d8bea1 at height 1450 accepted (tip 1450)
[2026-09-29T02:09:48.569Z INFO  blacksilk_node] block 56b51ac38a441576 at height 1451 accepted (tip 1451)
[2026-09-29T02:10:33.030Z INFO  blacksilk_node] block 36ca067af684dc42 at height 1452 accepted (tip 1452)
[2026-09-29T02:10:41.590Z INFO  blacksilk_node] block 4815f6efc4a183da at height 1453 accepted (tip 1453)
[2026-09-29T02:10:48.915Z INFO  blacksilk_node] block 01998572d09ba2f6 at height 1454 accepted (tip 1454)
[2026-09-29T02:11:27.066Z INFO  blacksilk_node] block 6d561af70159a75f at height 1455 accepted (tip 1455)
[2026-09-29T02:11:46.104Z INFO  blacksilk_node] block 31e36cf6d1288055 at height 1456 accepted (tip 1456)
[2026-09-29T02:11:55.122Z INFO  blacksilk_node] block 57fa25f3b9ee680f at height 1457 accepted (tip 1457)
[2026-09-29T02:12:15.317Z INFO  blacksilk_node] block 46779b8f4a112488 at height 1458 accepted (tip 1458)
[2026-09-29T02:12:29.788Z INFO  blacksilk_node] block 058cf86d13f49227 at height 1459 accepted (tip 1459)
[2026-09-29T02:12:34.920Z INFO  blacksilk_node] block c767d97e6821776a at height 1460 accepted (tip 1460)
[2026-09-29T02:12:45.098Z INFO  blacksilk_node] block aa86364694e0d87b at height 1461 accepted (tip 1461)
[2026-09-29T02:12:55.099Z INFO  blacksilk_node] block 3e43ede38b0d8e93 at height 1462 accepted (tip 1462)
[2026-09-29T02:13:06.740Z INFO  blacksilk_node] block 037f047b45eff48a at height 1463 accepted (tip 1463)
[2026-09-29T02:13:16.020Z INFO  blacksilk_node] block c571a0bf707b9173 at height 1464 accepted (tip 1464)
[2026-09-29T02:13:16.956Z INFO  blacksilk_node] block c39958199a1d2749 at height 1465 accepted (tip 1465)
[2026-09-29T02:13:17.609Z INFO  blacksilk_node] block 19da0353ebff5e76 at height 1466 accepted (tip 1466)
[2026-09-29T02:13:24.470Z INFO  blacksilk_node] block a731a9ea360b6e0b at height 1467 accepted (tip 1467)
[2026-09-29T02:13:39.810Z INFO  blacksilk_node] block 4d42f40b84871ade at height 1468 accepted (tip 1468)
[2026-09-29T02:13:45.896Z INFO  blacksilk_node] block c8775ac9bd478bbd at height 1469 accepted (tip 1469)
[2026-09-29T02:13:49.844Z INFO  blacksilk_node] block 7d6ea11e64b159d0 at height 1470 accepted (tip 1470)
[2026-09-29T02:13:51.094Z INFO  blacksilk_node] block 93eb8796166f13e1 at height 1471 accepted (tip 1471)
[2026-09-29T02:13:57.008Z INFO  blacksilk_node] block 13c28e0b544b90f6 at height 1472 accepted (tip 1472)
[2026-09-29T02:14:39.215Z INFO  blacksilk_node] block b771079d66d238d2 at height 1473 accepted (tip 1473)
[2026-09-29T02:14:42.388Z INFO  blacksilk_node] block fe5d0819ce932c37 at height 1474 accepted (tip 1474)
[2026-09-29T02:14:51.062Z INFO  blacksilk_node] block a25a021f440b4033 at height 1475 accepted (tip 1475)
[2026-09-29T02:14:58.033Z INFO  blacksilk_node] block 300e3f8d8891a8c5 at height 1476 accepted (tip 1476)
[2026-09-29T02:15:11.176Z INFO  blacksilk_node] block 6752d1809f67f240 at height 1477 accepted (tip 1477)
[2026-09-29T02:15:23.985Z INFO  blacksilk_node] block 046ce89375ee365c at height 1478 accepted (tip 1478)
[2026-09-29T02:15:43.308Z INFO  blacksilk_p2p::net::conn] disconnected peer 127.0.0.1:50202
[2026-09-29T02:15:43.308Z INFO  blacksilk_p2p::net::conn] disconnected peer 127.0.0.1:32190
[2026-09-29T02:15:43.308Z INFO  blacksilk_p2p::net::conn] disconnected peer 127.0.0.1:32193
[2026-09-29T02:15:47.280Z INFO  blacksilk_node] block 7342f51098b1d17a at height 1479 accepted (tip 1479)
[2026-09-29T02:16:04.255Z INFO  blacksilk_node] block c4e549b2c2c4a37d at height 1480 accepted (tip 1480)
[2026-09-29T02:16:09.758Z INFO  blacksilk_node] block 2e8eb9652a2b83de at height 1481 accepted (tip 1481)
[2026-09-29T02:16:29.690Z INFO  blacksilk_node] block 460c5b38bc1a221e at height 1482 accepted (tip 1482)
[2026-09-29T02:16:51.648Z INFO  blacksilk_node] block 7a12b5a04e14ce46 at height 1483 accepted (tip 1483)
[2026-09-29T02:16:53.309Z INFO  blacksilk_node] block fd0209bf0b913f96 at height 1484 accepted (tip 1484)
[2026-09-29T02:16:56.833Z INFO  blacksilk_node] block 88e346773c387917 at height 1485 accepted (tip 1485)
[2026-09-29T02:17:20.116Z INFO  blacksilk_node] block 0b916477024199b4 at height 1486 accepted (tip 1486)
[2026-09-29T02:17:22.601Z INFO  blacksilk_node] block 97835c1ef58b466d at height 1487 accepted (tip 1487)
[2026-09-29T02:17:45.797Z INFO  blacksilk_node] block acb2f7e6d5b204b3 at height 1488 accepted (tip 1488)
[2026-09-29T02:18:08.498Z INFO  blacksilk_node] block c8d82caa894896d1 at height 1489 accepted (tip 1489)
[2026-09-29T02:18:10.531Z INFO  blacksilk_node] block f57ce3b843df7ad1 at height 1490 accepted (tip 1490)
[2026-09-29T02:18:36.897Z INFO  blacksilk_node] block adef7788b95a85e2 at height 1491 accepted (tip 1491)
[2026-09-29T02:18:38.198Z INFO  blacksilk_node] block a7b6f1c14aedab01 at height 1492 accepted (tip 1492)
[2026-09-29T02:18:43.829Z INFO  blacksilk_node] block 5169542b7d1cdbf5 at height 1493 accepted (tip 1493)
[2026-09-29T02:18:47.649Z INFO  blacksilk_p2p::net::conn] connected outbound peer 127.0.0.1:50202 (height 1479)
[2026-09-29T02:18:48.510Z INFO  blacksilk_p2p::net::conn] connected inbound peer 127.0.0.1:35468 (height 1479)
[2026-09-29T02:18:49.685Z INFO  blacksilk_p2p::net::conn] connected inbound peer 127.0.0.1:35470 (height 1486)
[2026-09-29T02:18:56.034Z INFO  blacksilk_node] block dbda5a169b16bd11 at height 1494 accepted (tip 1494)
[2026-09-29T02:19:02.918Z INFO  blacksilk_node] block 17115b76d790cf82 at height 1495 accepted (tip 1495)
[2026-09-29T02:19:54.190Z INFO  blacksilk_node] block 3e60899d26b7e888 at height 1497 accepted (tip 1497)
[2026-09-29T02:19:54.903Z INFO  blacksilk_node] block 4771c2bc99262f6d at height 1498 accepted (tip 1498)
[2026-09-29T02:19:57.290Z INFO  blacksilk_node] block ae2789081000db73 at height 1499 accepted (tip 1499)
[2026-09-29T02:20:07.868Z INFO  blacksilk_node] block 199351fa377da49b at height 1500 accepted (tip 1500)
[2026-09-29T02:20:11.823Z INFO  blacksilk_node] block 0efb36b06f4a2a3e at height 1501 accepted (tip 1501)
[2026-09-29T02:20:15.975Z INFO  blacksilk_node] block 2bc6f09da7336d2d at height 1502 accepted (tip 1502)
[2026-09-29T02:20:25.574Z INFO  blacksilk_node] block bdecdbabe39680b0 at height 1503 accepted (tip 1503)
[2026-09-29T02:20:28.329Z INFO  blacksilk_node] block 7f98bf48bf8f689a at height 1504 accepted (tip 1504)
[2026-09-29T02:20:29.556Z INFO  blacksilk_node] block 86ce6f2e44f49ebe at height 1505 accepted (tip 1505)
[2026-09-29T02:20:30.250Z INFO  blacksilk_node] block ad418a72fc3cca05 at height 1506 accepted (tip 1506)
[2026-09-29T02:20:45.300Z INFO  blacksilk_node] block 9482466855ff4ee9 at height 1507 accepted (tip 1507)
[2026-09-29T02:20:54.834Z INFO  blacksilk_node] block d7b86f1a3ba09567 at height 1508 accepted (tip 1508)
[2026-09-29T02:21:00.807Z INFO  blacksilk_node] block 33a55c3f4c968e72 at height 1509 accepted (tip 1509)
[2026-09-29T02:21:01.955Z INFO  blacksilk_node] block df70d1fa0db7de79 at height 1510 accepted (tip 1510)
[2026-09-29T02:21:05.379Z INFO  blacksilk_node] block 734ec32ff787cc67 at height 1511 accepted (tip 1511)
[2026-09-29T02:21:09.474Z INFO  blacksilk_node] block 114dbfe0640ba1c2 at height 1512 accepted (tip 1512)
[2026-09-29T02:21:21.692Z INFO  blacksilk_node] block 4e4556b2809bf75f at height 1513 accepted (tip 1513)
[2026-09-29T02:21:24.243Z INFO  blacksilk_node] block 3008bad1b68c0b21 at height 1514 accepted (tip 1514)
[2026-09-29T02:22:02.156Z INFO  blacksilk_node] block fb0188edf5448c84 at height 1515 accepted (tip 1515)
[2026-09-29T02:22:03.906Z INFO  blacksilk_node] block 84678ad06eafcede at height 1516 accepted (tip 1516)
[2026-09-29T02:22:06.173Z INFO  blacksilk_node] block 62bcc4d878d8bd3a at height 1517 accepted (tip 1517)
[2026-09-29T02:22:19.908Z INFO  blacksilk_node] block 2dae56415be4adf7 at height 1518 accepted (tip 1518)
[2026-09-29T02:22:31.688Z INFO  blacksilk_node] block ab1856525db1f05f at height 1519 accepted (tip 1519)
[2026-09-29T02:22:39.398Z INFO  blacksilk_node] block 87e3fa5c4722e228 at height 1520 accepted (tip 1520)
[2026-09-29T02:22:41.578Z INFO  blacksilk_node] block e8740940cdab94ef at height 1521 accepted (tip 1521)
[2026-09-29T02:22:43.775Z INFO  blacksilk_node] block 42da124bb87daaa0 at height 1522 accepted (tip 1522)
[2026-09-29T02:22:46.031Z INFO  blacksilk_node] block 7c139c58c151b87c at height 1523 accepted (tip 1523)
[2026-09-29T02:22:54.336Z INFO  blacksilk_node] block 02a578065508c03a at height 1524 accepted (tip 1524)
[2026-09-29T02:23:05.575Z INFO  blacksilk_node] block 75f0e21f29013c3c at height 1525 accepted (tip 1525)
[2026-09-29T02:24:02.280Z INFO  blacksilk_node] block 9069050693a2c50f at height 1526 accepted (tip 1526)
[2026-09-29T02:24:06.223Z INFO  blacksilk_node] block 0d8a044b299d69c8 at height 1527 accepted (tip 1527)
[2026-09-29T02:24:20.355Z INFO  blacksilk_node] block 6de5e39cf8e6cbbe at height 1528 accepted (tip 1528)
[2026-09-29T02:24:34.733Z INFO  blacksilk_node] block d235620c597921ce at height 1529 accepted (tip 1529)
[2026-09-29T02:24:35.595Z INFO  blacksilk_node] block 8ee76eb6f50fcd81 at height 1530 accepted (tip 1530)
[2026-09-29T02:24:46.158Z INFO  blacksilk_node] block c9c9201790d031ff at height 1531 accepted (tip 1531)
[2026-09-29T02:25:03.010Z INFO  blacksilk_node] block 6e90139d8209e1e0 at height 1532 accepted (tip 1532)
[2026-09-29T02:25:09.686Z INFO  blacksilk_node] block 6ad409d2fdac1e1c at height 1533 accepted (tip 1533)
[2026-09-29T02:25:11.283Z INFO  blacksilk_node] block d3c180ce8f14842f at height 1534 accepted (tip 1534)
[2026-09-29T02:25:15.989Z INFO  blacksilk_node] block 3c6af406f4b353bf at height 1535 accepted (tip 1535)
[2026-09-29T02:25:28.946Z INFO  blacksilk_node] block 583a75604057805c at height 1536 accepted (tip 1536)
[2026-09-29T02:25:34.981Z INFO  blacksilk_node] block 172cff15384e6dff at height 1537 accepted (tip 1537)
[2026-09-29T02:26:07.644Z INFO  blacksilk_node] block 457437b9f3f3820d at height 1538 accepted (tip 1538)
[2026-09-29T02:26:29.215Z INFO  blacksilk_node] block 95fd62ae0fcb798e at height 1539 accepted (tip 1539)
[2026-09-29T02:26:31.989Z INFO  blacksilk_node] block 649f0ea180a2254b at height 1540 accepted (tip 1540)
[2026-09-29T02:26:35.687Z INFO  blacksilk_node] block eb587d9d318fa713 at height 1541 accepted (tip 1541)
[2026-09-29T02:26:51.018Z INFO  blacksilk_node] block be4e5d7cfb353893 at height 1542 accepted (tip 1542)
[2026-09-29T02:26:54.203Z INFO  blacksilk_node] block 09d6577d41334399 at height 1543 accepted (tip 1543)
[2026-09-29T02:26:59.017Z INFO  blacksilk_node] block 021770b9445e8fa7 at height 1544 accepted (tip 1544)
[2026-09-29T02:27:21.930Z INFO  blacksilk_node] block 44d97a50c3dc010f at height 1545 accepted (tip 1545)
[2026-09-29T02:27:22.837Z INFO  blacksilk_node] block d931a0425a53d666 at height 1546 accepted (tip 1546)
[2026-09-29T02:27:27.237Z INFO  blacksilk_node] block 82e5d9dd9e4eb393 at height 1547 accepted (tip 1547)
[2026-09-29T02:27:31.280Z INFO  blacksilk_node] block c41949337bd9d4f4 at height 1548 accepted (tip 1548)
[2026-09-29T02:27:35.274Z INFO  blacksilk_node] block a29a30e8f94ae27a at height 1549 accepted (tip 1549)
[2026-09-29T02:27:38.092Z INFO  blacksilk_node] block fc49debe61672513 at height 1550 accepted (tip 1550)
[2026-09-29T02:27:50.269Z INFO  blacksilk_node] block 22b1fbc7f5e7dba2 at height 1551 accepted (tip 1551)
[2026-09-29T02:27:53.674Z INFO  blacksilk_node] block 08622469894468e2 at height 1552 accepted (tip 1552)
[2026-09-29T02:28:02.367Z INFO  blacksilk_node] block 307809f3283bca7b at height 1553 accepted (tip 1553)
[2026-09-29T02:28:03.972Z INFO  blacksilk_node] block f5aebca8180c99b9 at height 1554 accepted (tip 1554)
[2026-09-29T02:28:13.727Z INFO  blacksilk_node] block 84aba5c5fa5dbdf7 at height 1555 accepted (tip 1555)
[2026-09-29T02:28:35.487Z INFO  blacksilk_node] block bcb32df059446fd4 at height 1556 accepted (tip 1556)
[2026-09-29T02:28:37.656Z INFO  blacksilk_node] block 92b3a85e9c64afb4 at height 1557 accepted (tip 1557)
[2026-09-29T02:29:05.993Z INFO  blacksilk_node] block 5172181598d4c717 at height 1559 accepted (tip 1559)
[2026-09-29T02:29:15.398Z INFO  blacksilk_node] block 68cb7a78a69e684f at height 1560 accepted (tip 1560)
[2026-09-29T02:29:23.970Z INFO  blacksilk_node] block 984defc971b39f0b at height 1561 accepted (tip 1561)
[2026-09-29T02:29:58.065Z INFO  blacksilk_node] block 371ead99bd47f821 at height 1563 accepted (tip 1563)
[2026-09-29T02:30:02.258Z INFO  blacksilk_node] block f5d64406bb976bfc at height 1564 accepted (tip 1564)
[2026-09-29T02:30:10.506Z INFO  blacksilk_node] block 919d9043f42fe157 at height 1565 accepted (tip 1565)
[2026-09-29T02:30:56.161Z INFO  blacksilk_node] block 9e3e134fb338126e at height 1566 accepted (tip 1566)
[2026-09-29T02:30:59.052Z INFO  blacksilk_node] block 6d9190c4ca266031 at height 1567 accepted (tip 1567)
[2026-09-29T02:31:00.250Z INFO  blacksilk_node] block 1ac7929ed195d3a6 at height 1568 accepted (tip 1568)
[2026-09-29T02:31:07.570Z INFO  blacksilk_node] block a04ccaa6ba5357e5 at height 1569 accepted (tip 1569)
[2026-09-29T02:31:10.503Z INFO  blacksilk_node] block 32c2c7621ec12ab5 at height 1570 accepted (tip 1570)
[2026-09-29T02:31:12.460Z INFO  blacksilk_node] block b8a7d1cb630b6836 at height 1571 accepted (tip 1571)
[2026-09-29T02:31:14.518Z INFO  blacksilk_node] block 1655bbc9dc28921a at height 1572 accepted (tip 1572)
[2026-09-29T02:31:19.388Z INFO  blacksilk_node] block 35ea91bdb9a4b91f at height 1573 accepted (tip 1573)
[2026-09-29T02:31:27.762Z INFO  blacksilk_node] block a5582f00435190ca at height 1574 accepted (tip 1574)
[2026-09-29T02:31:42.147Z INFO  blacksilk_node] block 079fba9d2660e71e at height 1575 accepted (tip 1575)
[2026-09-29T02:31:48.301Z INFO  blacksilk_node] block 1ad0f19b62625ba2 at height 1576 accepted (tip 1576)
[2026-09-29T02:31:56.847Z INFO  blacksilk_node] block c2f3c6e8606eea31 at height 1577 accepted (tip 1577)
[2026-09-29T02:32:08.334Z INFO  blacksilk_node] block 77a65c7fd6a1b3b1 at height 1579 accepted (tip 1579)
[2026-09-29T02:32:14.974Z INFO  blacksilk_node] block dbadee08b0ee6823 at height 1580 accepted (tip 1580)
[2026-09-29T02:32:16.358Z INFO  blacksilk_node] block 6e9b8e1fb839fb95 at height 1581 accepted (tip 1581)
[2026-09-29T02:33:03.462Z INFO  blacksilk_node] block 28cb417a5556115e at height 1582 accepted (tip 1582)
[2026-09-29T02:33:08.236Z INFO  blacksilk_node] block fdb82db4f5cc95b5 at height 1583 accepted (tip 1583)
[2026-09-29T02:33:09.604Z INFO  blacksilk_node] block 6c4edc319cf490fa at height 1584 accepted (tip 1584)
[2026-09-29T02:33:14.235Z INFO  blacksilk_node] block 76ac541760e83580 at height 1585 accepted (tip 1585)
[2026-09-29T02:33:15.697Z INFO  blacksilk_node] block 7cb3668c899c76b5 at height 1586 accepted (tip 1586)
[2026-09-29T02:33:30.237Z INFO  blacksilk_node] block 3e57782e19611c3a at height 1587 accepted (tip 1587)
[2026-09-29T02:33:40.553Z INFO  blacksilk_node] block 8f5f151531a6ea3d at height 1588 accepted (tip 1588)
[2026-09-29T02:33:46.979Z INFO  blacksilk_node] block 6312d630fc2c635a at height 1589 accepted (tip 1589)
[2026-09-29T02:33:49.362Z INFO  blacksilk_node] block 48a56faac85e7bab at height 1590 accepted (tip 1590)
[2026-09-29T02:34:01.280Z INFO  blacksilk_node] block 71b5dd2f50a54152 at height 1591 accepted (tip 1591)
[2026-09-29T02:34:22.766Z INFO  blacksilk_node] block 607c6457b787ac31 at height 1594 accepted (tip 1594)
[2026-09-29T02:34:32.646Z INFO  blacksilk_node] block ac1ade9948d36ab7 at height 1595 accepted (tip 1595)
[2026-09-29T02:34:34.204Z INFO  blacksilk_node] block 5a61167932195fd0 at height 1596 accepted (tip 1596)
[2026-09-29T02:34:39.989Z INFO  blacksilk_node] block 63a6b62119396265 at height 1597 accepted (tip 1597)
[2026-09-29T02:34:44.505Z INFO  blacksilk_node] block 4ffb8c017b2e8c66 at height 1598 accepted (tip 1598)
[2026-09-29T02:35:01.515Z INFO  blacksilk_node] block ceec71975176e548 at height 1600 accepted (tip 1600)
[2026-09-29T02:35:02.450Z INFO  blacksilk_node] block 45e25f56a33e2e29 at height 1601 accepted (tip 1601)
[2026-09-29T02:35:07.632Z INFO  blacksilk_node] block a9ab21a4eaf4fe1a at height 1602 accepted (tip 1602)
[2026-09-29T02:35:18.312Z INFO  blacksilk_node] block 3986f46eb1535267 at height 1603 accepted (tip 1603)
[2026-09-29T02:35:21.547Z INFO  blacksilk_node] block 92c1220b45deb443 at height 1604 accepted (tip 1604)
[2026-09-29T02:35:35.335Z INFO  blacksilk_node] block a9c2eb79355f598c at height 1605 accepted (tip 1605)
[2026-09-29T02:35:47.983Z INFO  blacksilk_node] block 0f83e057c817fe57 at height 1606 accepted (tip 1606)
[2026-09-29T02:36:11.300Z INFO  blacksilk_node] block 021377c03a0360e2 at height 1607 accepted (tip 1607)
[2026-09-29T02:36:31.693Z INFO  blacksilk_node] block 61f5904812680b3c at height 1608 accepted (tip 1608)
[2026-09-29T02:36:43.250Z INFO  blacksilk_node] block 7d40f2cbe785bae6 at height 1610 accepted (tip 1610)
[2026-09-29T02:37:19.087Z INFO  blacksilk_node] block 21c4fb31f45c2ce6 at height 1611 accepted (tip 1611)
[2026-09-29T02:37:24.374Z INFO  blacksilk_node] block 3565df0b5537cddd at height 1612 accepted (tip 1612)
[2026-09-29T02:37:33.362Z INFO  blacksilk_node] block 77c109491b8b8783 at height 1613 accepted (tip 1613)
[2026-09-29T02:37:37.506Z INFO  blacksilk_node] block 06ac0d827dc0c9d7 at height 1614 accepted (tip 1614)
[2026-09-29T02:37:45.962Z INFO  blacksilk_node] block e886b3b67af874a4 at height 1615 accepted (tip 1615)
[2026-09-29T02:37:51.067Z INFO  blacksilk_node] block fc1dea9ae9cd35d0 at height 1616 accepted (tip 1616)
[2026-09-29T02:38:05.650Z INFO  blacksilk_node] block f70920aa25fc5ff3 at height 1617 accepted (tip 1617)
[2026-09-29T02:38:10.504Z INFO  blacksilk_node] block ae40adb5ed220605 at height 1618 accepted (tip 1618)
[2026-09-29T02:38:13.140Z INFO  blacksilk_node] block e3a12f979053fcf6 at height 1619 accepted (tip 1619)
[2026-09-29T02:38:14.747Z INFO  blacksilk_node] block 5f69c2b24922d9a4 at height 1620 accepted (tip 1620)
[2026-09-29T02:38:17.893Z INFO  blacksilk_node] block 589b3423074a9a0c at height 1621 accepted (tip 1621)
[2026-09-29T02:38:41.280Z INFO  blacksilk_node] block 692bc5bd8e2f1186 at height 1622 accepted (tip 1622)
[2026-09-29T02:38:53.546Z INFO  blacksilk_node] block de47da8bb79adaaa at height 1624 accepted (tip 1624)
[2026-09-29T02:39:01.648Z INFO  blacksilk_node] block 379b0161ddf75fcd at height 1625 accepted (tip 1625)
[2026-09-29T02:39:12.071Z INFO  blacksilk_node] block 707fde71347c1f24 at height 1626 accepted (tip 1626)
[2026-09-29T02:39:14.790Z INFO  blacksilk_node] block d87460c275a856c7 at height 1627 accepted (tip 1627)
[2026-09-29T02:39:24.329Z INFO  blacksilk_node] block c73e2c2c8a9653d0 at height 1628 accepted (tip 1628)
[2026-09-29T02:39:26.137Z INFO  blacksilk_node] block dea671bc7b170d6e at height 1629 accepted (tip 1629)
[2026-09-29T02:39:35.437Z INFO  blacksilk_node] block 3d00b25f2ecb8bc4 at height 1630 accepted (tip 1630)
[2026-09-29T02:39:48.421Z INFO  blacksilk_node] block 21cbbd7646498c0b at height 1631 accepted (tip 1631)
[2026-09-29T02:40:07.101Z INFO  blacksilk_node] block 7a888fa9c559bc9e at height 1632 accepted (tip 1632)
[2026-09-29T02:40:30.246Z INFO  blacksilk_node] block 9fc308e74abd618f at height 1633 accepted (tip 1633)
[2026-09-29T02:41:00.136Z INFO  blacksilk_node] block 2651d7a19295cf73 at height 1634 accepted (tip 1634)
[2026-09-29T02:41:16.000Z INFO  blacksilk_node] block ce98210898c7766e at height 1635 accepted (tip 1635)
[2026-09-29T02:41:25.572Z INFO  blacksilk_node] block c30d7eea32e6c0b8 at height 1636 accepted (tip 1636)
[2026-09-29T02:41:32.454Z INFO  blacksilk_node] block 141f141d4bdbc611 at height 1637 accepted (tip 1637)
[2026-09-29T02:42:25.796Z INFO  blacksilk_node] block 520e82d2103ccf8d at height 1639 accepted (tip 1639)
[2026-09-29T02:43:04.590Z INFO  blacksilk_node] block 107830dedfb9a88a at height 1640 accepted (tip 1640)
[2026-09-29T02:43:12.000Z INFO  blacksilk_node] block 4dbde2305df96b5f at height 1641 accepted (tip 1641)
[2026-09-29T02:44:05.985Z INFO  blacksilk_node] block a7540a4b2b2d65f2 at height 1642 accepted (tip 1642)
[2026-09-29T02:44:35.539Z INFO  blacksilk_node] block e9e756e9ce162eb9 at height 1643 accepted (tip 1643)
[2026-09-29T02:44:43.469Z INFO  blacksilk_node] block b9cba85c28902aa5 at height 1644 accepted (tip 1644)
[2026-09-29T02:45:01.089Z INFO  blacksilk_node] block 0e02cc6a9c76a8d8 at height 1645 accepted (tip 1645)
[2026-09-29T02:45:05.331Z INFO  blacksilk_node] block 82d913014e06c6c1 at height 1646 accepted (tip 1646)
[2026-09-29T02:45:25.364Z INFO  blacksilk_node] block 6c0fa2138f68d387 at height 1647 accepted (tip 1647)
[2026-09-29T02:45:33.967Z INFO  blacksilk_node] block 60ebb5d834001d2e at height 1648 accepted (tip 1648)
[2026-09-29T02:45:53.417Z INFO  blacksilk_node] block d71a1db7c82d8bab at height 1649 accepted (tip 1649)
[2026-09-29T02:46:17.316Z INFO  blacksilk_node] block 4ded060ab67745dd at height 1651 accepted (tip 1651)
[2026-09-29T02:46:31.829Z INFO  blacksilk_node] block cdb8525ae35b7da3 at height 1652 accepted (tip 1652)
[2026-09-29T02:46:37.344Z INFO  blacksilk_node] block ee63b63f17a25460 at height 1653 accepted (tip 1653)
[2026-09-29T02:46:40.133Z INFO  blacksilk_node] block 7f7c25a427edda20 at height 1654 accepted (tip 1654)
[2026-09-29T02:46:47.142Z INFO  blacksilk_node] block 89ba25b69cb7f880 at height 1655 accepted (tip 1655)
[2026-09-29T02:46:48.293Z INFO  blacksilk_node] block 6beb01aa6bfe66c4 at height 1656 accepted (tip 1656)
[2026-09-29T02:47:02.472Z INFO  blacksilk_node] block b2585fc7c994a368 at height 1657 accepted (tip 1657)
[2026-09-29T02:47:14.179Z INFO  blacksilk_node] block 89d0b8bd0c8228da at height 1658 accepted (tip 1658)
[2026-09-29T02:47:22.026Z INFO  blacksilk_node] block dbe509fdb1428d52 at height 1659 accepted (tip 1659)
[2026-09-29T02:47:36.121Z INFO  blacksilk_node] block 3ae85023b205be1a at height 1660 accepted (tip 1660)
[2026-09-29T02:47:37.598Z INFO  blacksilk_node] block 58f21bf3e0679d97 at height 1661 accepted (tip 1661)
[2026-09-29T02:47:50.174Z INFO  blacksilk_node] block 18f2f71444d75c86 at height 1662 accepted (tip 1662)
[2026-09-29T02:48:05.135Z INFO  blacksilk_node] block 83611f36ff377c80 at height 1663 accepted (tip 1663)
[2026-09-29T02:48:31.627Z INFO  blacksilk_node] block 870a33a4429c3bda at height 1664 accepted (tip 1664)
[2026-09-29T02:48:33.271Z INFO  blacksilk_node] block 879e5de1219e944e at height 1665 accepted (tip 1665)
[2026-09-29T02:49:07.420Z INFO  blacksilk_node] block 3d71022e92fee966 at height 1667 accepted (tip 1667)
[2026-09-29T02:49:15.685Z INFO  blacksilk_node] block fe78a577a3ef432b at height 1668 accepted (tip 1668)
[2026-09-29T02:49:25.968Z INFO  blacksilk_node] block b15a0e3ba791c7a8 at height 1669 accepted (tip 1669)
[2026-09-29T02:49:30.484Z INFO  blacksilk_node] block 4d2a7901dd49c710 at height 1670 accepted (tip 1670)
[2026-09-29T02:49:36.232Z INFO  blacksilk_node] block 25d41e13fbe84c21 at height 1671 accepted (tip 1671)
[2026-09-29T02:49:37.711Z INFO  blacksilk_node] block e28d0aee7efb6cd3 at height 1672 accepted (tip 1672)
[2026-09-29T02:49:40.981Z INFO  blacksilk_node] block 45dd8b97389c8409 at height 1673 accepted (tip 1673)
[2026-09-29T02:49:42.595Z INFO  blacksilk_node] block 86d0322a3d2f30e2 at height 1674 accepted (tip 1674)
[2026-09-29T02:49:58.320Z INFO  blacksilk_node] block 9a391f2582294dd4 at height 1675 accepted (tip 1675)
[2026-09-29T02:50:00.731Z INFO  blacksilk_node] block 2ff90bec9e4c7600 at height 1676 accepted (tip 1676)
[2026-09-29T02:50:03.764Z INFO  blacksilk_node] block 81d6c4c7430f5ed3 at height 1677 accepted (tip 1677)
[2026-09-29T02:50:39.717Z INFO  blacksilk_node] block de41472a361c53d3 at height 1678 accepted (tip 1678)
[2026-09-29T02:50:41.059Z INFO  blacksilk_node] block 5ae322078d4457c5 at height 1679 accepted (tip 1679)
[2026-09-29T02:50:46.495Z INFO  blacksilk_node] block 615138c5e3b1dc87 at height 1680 accepted (tip 1680)
[2026-09-29T02:50:48.019Z INFO  blacksilk_node] block fbda70a5995e3d10 at height 1681 accepted (tip 1681)
[2026-09-29T02:50:51.610Z INFO  blacksilk_node] block 15e1942eea08f8ae at height 1682 accepted (tip 1682)
[2026-09-29T02:51:03.136Z INFO  blacksilk_node] block d28ea4fd6a97ae11 at height 1683 accepted (tip 1683)
[2026-09-29T02:51:04.597Z INFO  blacksilk_node] block e618e32f26c215e8 at height 1684 accepted (tip 1684)
[2026-09-29T02:51:09.945Z INFO  blacksilk_node] block 34a1253f8548d005 at height 1685 accepted (tip 1685)
[2026-09-29T02:51:11.286Z INFO  blacksilk_node] block 965dccf8f624d786 at height 1686 accepted (tip 1686)
[2026-09-29T02:51:23.133Z INFO  blacksilk_node] block e8c1e55644024279 at height 1687 accepted (tip 1687)
[2026-09-29T02:51:27.838Z INFO  blacksilk_node] block 4e2f336bfa585383 at height 1688 accepted (tip 1688)
[2026-09-29T02:51:33.168Z INFO  blacksilk_node] block 3e6ff0c4b6aa2e20 at height 1689 accepted (tip 1689)
[2026-09-29T02:51:45.303Z INFO  blacksilk_node] block 01ead7dd14dd8e96 at height 1690 accepted (tip 1690)
[2026-09-29T02:51:46.178Z INFO  blacksilk_node] block 69fa26bfc8c46da2 at height 1691 accepted (tip 1691)
[2026-09-29T02:52:15.168Z INFO  blacksilk_node] block c1d5bc8f740cbc56 at height 1692 accepted (tip 1692)
[2026-09-29T02:52:31.243Z INFO  blacksilk_node] block d0d6a5f714e1ebe2 at height 1693 accepted (tip 1693)
[2026-09-29T02:52:47.369Z INFO  blacksilk_node] block becc751908862cdf at height 1694 accepted (tip 1694)
[2026-09-29T02:53:36.613Z INFO  blacksilk_node] block 1fdef395fa816ea9 at height 1695 accepted (tip 1695)
[2026-09-29T02:53:40.303Z INFO  blacksilk_node] block bfaaa145a62ae1e7 at height 1696 accepted (tip 1696)
[2026-09-29T02:53:50.196Z INFO  blacksilk_node] block cb685dbc997b6d02 at height 1697 accepted (tip 1697)
[2026-09-29T02:53:56.964Z INFO  blacksilk_node] block 07ee93f515fff446 at height 1698 accepted (tip 1698)
[2026-09-29T02:53:58.701Z INFO  blacksilk_node] block 4bbf7633a9d90799 at height 1699 accepted (tip 1699)
[2026-09-29T02:54:02.096Z INFO  blacksilk_node] block 4d6b5d4ec04e4a33 at height 1700 accepted (tip 1700)
[2026-09-29T02:54:07.030Z INFO  blacksilk_node] block 0a68468d66cb6cfa at height 1701 accepted (tip 1701)
[2026-09-29T02:54:14.513Z INFO  blacksilk_node] block ce3e2ff648928f8f at height 1702 accepted (tip 1702)
[2026-09-29T02:54:25.547Z INFO  blacksilk_node] block 9d0da2ea5610066a at height 1703 accepted (tip 1703)
[2026-09-29T02:54:27.886Z INFO  blacksilk_node] block 9079b69f0d8e2031 at height 1704 accepted (tip 1704)
[2026-09-29T02:54:45.874Z INFO  blacksilk_node] block 4e904438cc1e3917 at height 1705 accepted (tip 1705)
[2026-09-29T02:54:49.210Z INFO  blacksilk_node] block d9e51c094673e700 at height 1706 accepted (tip 1706)
[2026-09-29T02:55:14.063Z INFO  blacksilk_node] block 5358a36fd1059c37 at height 1707 accepted (tip 1707)
[2026-09-29T02:55:16.330Z INFO  blacksilk_node] block 9b3a161b62d8594b at height 1708 accepted (tip 1708)
[2026-09-29T02:55:19.031Z INFO  blacksilk_node] block 6866fc211202a766 at height 1709 accepted (tip 1709)
[2026-09-29T02:55:20.740Z INFO  blacksilk_node] block dad1ad33435615ac at height 1710 accepted (tip 1710)
[2026-09-29T02:55:26.455Z INFO  blacksilk_node] block 8859fc6ce9b393ab at height 1711 accepted (tip 1711)
[2026-09-29T02:55:38.362Z INFO  blacksilk_node] block cce895698d16b9de at height 1712 accepted (tip 1712)
[2026-09-29T02:55:47.988Z INFO  blacksilk_node] block 8fc1f158651731e2 at height 1713 accepted (tip 1713)
[2026-09-29T02:55:49.180Z INFO  blacksilk_node] block 7703f99d76225b28 at height 1714 accepted (tip 1714)
[2026-09-29T02:56:06.533Z INFO  blacksilk_node] block 1e0f0deeebcccd46 at height 1715 accepted (tip 1715)
[2026-09-29T02:56:27.460Z INFO  blacksilk_node] block 43f4001731db63b4 at height 1716 accepted (tip 1716)
[2026-09-29T02:56:33.955Z INFO  blacksilk_node] block c472e271e3d281b5 at height 1717 accepted (tip 1717)
[2026-09-29T02:56:37.467Z INFO  blacksilk_node] block acb06575292819ee at height 1718 accepted (tip 1718)
[2026-09-29T02:56:56.145Z INFO  blacksilk_node] block b2acde75f1e3bc21 at height 1720 accepted (tip 1720)
[2026-09-29T02:57:25.854Z INFO  blacksilk_node] block b8f6709cd852cbb7 at height 1721 accepted (tip 1721)
[2026-09-29T02:57:28.691Z INFO  blacksilk_node] block 2bcf16176e1fdfe4 at height 1722 accepted (tip 1722)
[2026-09-29T02:57:35.704Z INFO  blacksilk_node] block f9f5e88dd2b490cb at height 1723 accepted (tip 1723)
[2026-09-29T02:57:42.735Z INFO  blacksilk_node] block 162ab6de5ae0d1c0 at height 1724 accepted (tip 1724)
[2026-09-29T02:58:05.214Z INFO  blacksilk_node] block 16048d9026abfbc7 at height 1726 accepted (tip 1726)
[2026-09-29T02:58:06.866Z INFO  blacksilk_node] block 011047d2dbf59b72 at height 1727 accepted (tip 1727)
[2026-09-29T02:58:16.768Z INFO  blacksilk_node] block b00523c62c6b5b8d at height 1728 accepted (tip 1728)
[2026-09-29T02:58:20.594Z INFO  blacksilk_node] block a8dfad5adcd11065 at height 1729 accepted (tip 1729)
[2026-09-29T02:58:28.047Z INFO  blacksilk_node] block 190071653459d1e2 at height 1730 accepted (tip 1730)
[2026-09-29T02:58:50.540Z INFO  blacksilk_node] block a3aad8bd51167480 at height 1731 accepted (tip 1731)
[2026-09-29T02:58:58.648Z INFO  blacksilk_node] block c000959eb28f6f52 at height 1732 accepted (tip 1732)
[2026-09-29T02:59:01.854Z INFO  blacksilk_node] block c613d74fd9ac3c8d at height 1733 accepted (tip 1733)
[2026-09-29T02:59:17.401Z INFO  blacksilk_node] block e741dc9a7a0bd348 at height 1734 accepted (tip 1734)
[2026-09-29T02:59:28.992Z INFO  blacksilk_node] block 22471562a5486224 at height 1735 accepted (tip 1735)
[2026-09-29T02:59:31.371Z INFO  blacksilk_node] block abc11be57cdfb32f at height 1736 accepted (tip 1736)
[2026-09-29T03:00:28.791Z INFO  blacksilk_node] block 2696139a019e946f at height 1737 accepted (tip 1737)
[2026-09-29T03:00:33.076Z INFO  blacksilk_node] block 76065ccb5ce56d02 at height 1738 accepted (tip 1738)
[2026-09-29T03:00:34.955Z INFO  blacksilk_node] block 86693489c088fa23 at height 1739 accepted (tip 1739)
[2026-09-29T03:00:45.820Z INFO  blacksilk_node] block 56a28c05e7e889c3 at height 1740 accepted (tip 1740)
[2026-09-29T03:00:55.397Z INFO  blacksilk_node] block 55bb8bef89594cee at height 1741 accepted (tip 1741)
[2026-09-29T03:01:10.131Z INFO  blacksilk_node] block 65d4db3c3d63efc8 at height 1742 accepted (tip 1742)
[2026-09-29T03:01:15.837Z INFO  blacksilk_node] block 0c889884a8b24d55 at height 1743 accepted (tip 1743)
[2026-09-29T03:01:45.690Z INFO  blacksilk_node] block ebd023b0ac16490b at height 1744 accepted (tip 1744)
[2026-09-29T03:01:54.379Z INFO  blacksilk_node] block d9966253e76c500b at height 1745 accepted (tip 1745)
[2026-09-29T03:02:27.684Z INFO  blacksilk_node] block 1e34259f86a8cdde at height 1747 accepted (tip 1747)
[2026-09-29T03:02:32.440Z INFO  blacksilk_node] block 9d5364ef9b918926 at height 1748 accepted (tip 1748)
[2026-09-29T03:02:36.960Z INFO  blacksilk_node] block a3eac7c0152935b9 at height 1749 accepted (tip 1749)
[2026-09-29T03:03:04.518Z INFO  blacksilk_node] block 208ffdaa23e28b3c at height 1750 accepted (tip 1750)
[2026-09-29T03:03:07.646Z INFO  blacksilk_node] block 437806c2398a7ff6 at height 1751 accepted (tip 1751)
[2026-09-29T03:03:09.566Z INFO  blacksilk_node] block c3bacd350d87d12a at height 1752 accepted (tip 1752)
[2026-09-29T03:03:22.332Z INFO  blacksilk_node] block 610b6816aa384af7 at height 1753 accepted (tip 1753)
[2026-09-29T03:03:25.764Z INFO  blacksilk_node] block 89587773912dcf93 at height 1754 accepted (tip 1754)
[2026-09-29T03:03:27.051Z INFO  blacksilk_node] block 2f671051599b9a4c at height 1755 accepted (tip 1755)
[2026-09-29T03:03:28.350Z INFO  blacksilk_node] block 72ab472a57a3665f at height 1756 accepted (tip 1756)
[2026-09-29T03:03:32.919Z INFO  blacksilk_node] block 27826fc90a61e7d6 at height 1757 accepted (tip 1757)
[2026-09-29T03:03:34.537Z INFO  blacksilk_node] block 041ecb272882dc71 at height 1758 accepted (tip 1758)
[2026-09-29T03:03:43.603Z INFO  blacksilk_p2p::net::conn] disconnected peer 127.0.0.1:50202
[2026-09-29T03:03:43.603Z INFO  blacksilk_p2p::net::conn] disconnected peer 127.0.0.1:35468
[2026-09-29T03:03:43.603Z INFO  blacksilk_p2p::net::conn] disconnected peer 127.0.0.1:35470
[2026-09-29T03:03:58.613Z INFO  blacksilk_node] block d8d5e5f0bcc6acdd at height 1759 accepted (tip 1759)
[2026-09-29T03:04:10.077Z INFO  blacksilk_node] block 836212985f319c7f at height 1760 accepted (tip 1760)
[2026-09-29T03:04:18.189Z INFO  blacksilk_node] block 5aa1f927a0e169f9 at height 1761 accepted (tip 1761)
[2026-09-29T03:04:45.923Z INFO  blacksilk_node] block 65a9fa539c68d811 at height 1762 accepted (tip 1762)
[2026-09-29T03:04:47.412Z INFO  blacksilk_node] block 85831ac3267225de at height 1763 accepted (tip 1763)
[2026-09-29T03:04:49.681Z INFO  blacksilk_node] block bcd855635572f22b at height 1764 accepted (tip 1764)
[2026-09-29T03:04:50.312Z INFO  blacksilk_node] block 280f4fc7944701f4 at height 1765 accepted (tip 1765)
[2026-09-29T03:05:11.527Z INFO  blacksilk_node] block 31ec2465ee7edd54 at height 1766 accepted (tip 1766)
[2026-09-29T03:05:20.507Z INFO  blacksilk_node] block 05b2221c15ea7a76 at height 1767 accepted (tip 1767)
[2026-09-29T03:05:29.571Z INFO  blacksilk_node] block 874abd5bea9e6999 at height 1768 accepted (tip 1768)
[2026-09-29T03:05:41.818Z INFO  blacksilk_node] block 16bfd579b3e6e6c1 at height 1769 accepted (tip 1769)
[2026-09-29T03:05:42.668Z INFO  blacksilk_node] block 87cdfa8878929b60 at height 1770 accepted (tip 1770)
[2026-09-29T03:05:47.801Z INFO  blacksilk_node] block ae0a2ccf4bba449d at height 1771 accepted (tip 1771)
[2026-09-29T03:05:56.087Z INFO  blacksilk_node] block fa3493d57b669b27 at height 1772 accepted (tip 1772)
[2026-09-29T03:06:07.748Z INFO  blacksilk_node] block 62cea9eeeceea732 at height 1773 accepted (tip 1773)
[2026-09-29T03:06:14.709Z INFO  blacksilk_node] block 69ae1e464e35ef1c at height 1774 accepted (tip 1774)
[2026-09-29T03:06:22.969Z INFO  blacksilk_node] block c5dd75ac61659bce at height 1775 accepted (tip 1775)
[2026-09-29T03:06:23.843Z INFO  blacksilk_node] block e3d9e3a10976e8d5 at height 1776 accepted (tip 1776)
[2026-09-29T03:06:29.009Z INFO  blacksilk_node] block 537f93d8cf4b4a66 at height 1777 accepted (tip 1777)
[2026-09-29T03:06:30.755Z INFO  blacksilk_node] block 75a63d263161da46 at height 1778 accepted (tip 1778)
[2026-09-29T03:06:33.066Z INFO  blacksilk_node] block 0f0f7a833ad11804 at height 1779 accepted (tip 1779)
[2026-09-29T03:06:37.709Z INFO  blacksilk_node] block c0d2a262c2522c08 at height 1780 accepted (tip 1780)
[2026-09-29T03:06:42.319Z INFO  blacksilk_node] block 802c653594b7506c at height 1781 accepted (tip 1781)
[2026-09-29T03:06:52.900Z INFO  blacksilk_p2p::net::conn] connected outbound peer 127.0.0.1:50202 (height 1758)
[2026-09-29T03:06:52.978Z INFO  blacksilk_p2p::net::conn] connected inbound peer 127.0.0.1:36707 (height 1758)
[2026-09-29T03:06:54.135Z INFO  blacksilk_p2p::net::conn] connected inbound peer 127.0.0.1:36710 (height 1758)
[2026-09-29T03:06:58.520Z INFO  blacksilk_node] block f2add2a6e3d04b27 at height 1782 accepted (tip 1782)
[2026-09-29T03:07:11.168Z INFO  blacksilk_node] block 5f850c6e2e54940b at height 1783 accepted (tip 1783)
[2026-09-29T03:07:11.962Z INFO  blacksilk_node] block 994515afcf2187d0 at height 1784 accepted (tip 1784)
[2026-09-29T03:07:23.306Z INFO  blacksilk_node] block 9495e96de1e9681c at height 1785 accepted (tip 1785)
[2026-09-29T03:07:32.472Z INFO  blacksilk_node] block 76f58356a3294353 at height 1786 accepted (tip 1786)
[2026-09-29T03:07:33.775Z INFO  blacksilk_node] block f8aed681ce674612 at height 1787 accepted (tip 1787)
[2026-09-29T03:07:43.615Z INFO  blacksilk_node] block bc3a0b2d1459f74b at height 1788 accepted (tip 1788)
[2026-09-29T03:07:51.635Z INFO  blacksilk_node] block 155f15ade45a3f02 at height 1789 accepted (tip 1789)
[2026-09-29T03:08:03.353Z INFO  blacksilk_node] block 89c00c9e2ec292a9 at height 1790 accepted (tip 1790)
[2026-09-29T03:08:07.862Z INFO  blacksilk_node] block 5e52be4f093f4570 at height 1791 accepted (tip 1791)
[2026-09-29T03:08:23.359Z INFO  blacksilk_node] block 40bb55837a2019c6 at height 1792 accepted (tip 1792)
[2026-09-29T03:08:24.266Z INFO  blacksilk_node] block d2cf07eda6dd3f93 at height 1793 accepted (tip 1793)
[2026-09-29T03:08:25.918Z INFO  blacksilk_node] block a8a6c9d95dbf599b at height 1794 accepted (tip 1794)
[2026-09-29T03:08:28.739Z INFO  blacksilk_node] block 48e4f5ece4891567 at height 1795 accepted (tip 1795)
[2026-09-29T03:08:37.067Z INFO  blacksilk_node] block 5cef95525bd66072 at height 1796 accepted (tip 1796)
[2026-09-29T03:08:50.652Z INFO  blacksilk_node] block c21372b0d4a092d2 at height 1797 accepted (tip 1797)
[2026-09-29T03:08:52.575Z INFO  blacksilk_node] block 750b6e36672105a3 at height 1798 accepted (tip 1798)
[2026-09-29T03:09:28.019Z INFO  blacksilk_node] block 6d8f14758bf57c20 at height 1800 accepted (tip 1800)
[2026-09-29T03:09:32.898Z INFO  blacksilk_node] block e355123333978cca at height 1801 accepted (tip 1801)
[2026-09-29T03:09:47.291Z INFO  blacksilk_node] block ef8d22518435a04c at height 1802 accepted (tip 1802)
[2026-09-29T03:09:48.521Z INFO  blacksilk_node] block 2d7ca7c904a8b95a at height 1803 accepted (tip 1803)
[2026-09-29T03:09:56.279Z INFO  blacksilk_node] block dd9fddd603c7c879 at height 1804 accepted (tip 1804)
[2026-09-29T03:10:01.523Z INFO  blacksilk_node] block ef4572f50330b971 at height 1805 accepted (tip 1805)
[2026-09-29T03:10:20.633Z INFO  blacksilk_node] block 81f6fbdef11ba877 at height 1806 accepted (tip 1806)
[2026-09-29T03:10:30.970Z INFO  blacksilk_node] block 86e5af778c143b17 at height 1807 accepted (tip 1807)
[2026-09-29T03:10:49.855Z INFO  blacksilk_node] block e9ce7ac1f3ffeeab at height 1808 accepted (tip 1808)
[2026-09-29T03:11:06.854Z INFO  blacksilk_node] block 9048326e19efb86c at height 1809 accepted (tip 1809)
[2026-09-29T03:11:14.750Z INFO  blacksilk_node] block 8c0ab76eb3ad17d0 at height 1810 accepted (tip 1810)
[2026-09-29T03:11:18.760Z INFO  blacksilk_node] block 121ed40ff0c211e8 at height 1811 accepted (tip 1811)
[2026-09-29T03:11:26.448Z INFO  blacksilk_node] block 455d04a80c1e90bd at height 1812 accepted (tip 1812)
[2026-09-29T03:11:28.377Z INFO  blacksilk_node] block d6f38e832737e4f6 at height 1813 accepted (tip 1813)
[2026-09-29T03:11:30.809Z INFO  blacksilk_node] block 970f1e05e47625cf at height 1814 accepted (tip 1814)
[2026-09-29T03:11:32.912Z INFO  blacksilk_node] block 244d8c0610486b03 at height 1815 accepted (tip 1815)
[2026-09-29T03:11:36.537Z INFO  blacksilk_node] block 4ee8ab04d7ab81dc at height 1816 accepted (tip 1816)
[2026-09-29T03:11:41.753Z INFO  blacksilk_node] block bb8ecb8a92486f38 at height 1817 accepted (tip 1817)
[2026-09-29T03:11:50.071Z INFO  blacksilk_node] block c77ff4a31ab0f02c at height 1818 accepted (tip 1818)
[2026-09-29T03:11:57.749Z INFO  blacksilk_node] block baed9462e07e5a71 at height 1819 accepted (tip 1819)
[2026-09-29T03:12:01.942Z INFO  blacksilk_node] block d79c7b75cbd7abbc at height 1820 accepted (tip 1820)
[2026-09-29T03:12:26.685Z INFO  blacksilk_node] block a795c1e9ad09aad0 at height 1822 accepted (tip 1822)
[2026-09-29T03:12:30.850Z INFO  blacksilk_node] block d773abfe9ca2ac5f at height 1824 accepted (tip 1824)
[2026-09-29T03:12:32.707Z INFO  blacksilk_node] block 18f1b37629ec8404 at height 1825 accepted (tip 1825)
[2026-09-29T03:12:36.819Z INFO  blacksilk_node] block 458218c28eafedfe at height 1826 accepted (tip 1826)
[2026-09-29T03:12:42.910Z INFO  blacksilk_node] block 1623131a4bcd65a6 at height 1827 accepted (tip 1827)
[2026-09-29T03:12:57.619Z INFO  blacksilk_node] block 9d2f7bbabd511b7a at height 1828 accepted (tip 1828)
[2026-09-29T03:13:06.876Z INFO  blacksilk_node] block 7abf508515e88fdf at height 1829 accepted (tip 1829)
[2026-09-29T03:13:09.458Z INFO  blacksilk_node] block 78a52592b824f5c9 at height 1830 accepted (tip 1830)
[2026-09-29T03:13:11.184Z INFO  blacksilk_node] block 8a791fe4c8e981c2 at height 1831 accepted (tip 1831)
[2026-09-29T03:13:15.050Z INFO  blacksilk_node] block ae292cf8113f775b at height 1832 accepted (tip 1832)
[2026-09-29T03:13:25.168Z INFO  blacksilk_node] block 57e0716cd0012162 at height 1833 accepted (tip 1833)
[2026-09-29T03:13:27.426Z INFO  blacksilk_node] block 236b16cb405419d6 at height 1834 accepted (tip 1834)
[2026-09-29T03:13:35.091Z INFO  blacksilk_node] block d1381ab2c9f2927e at height 1835 accepted (tip 1835)
[2026-09-29T03:13:56.686Z INFO  blacksilk_node] block 3ee75f42fff19cb2 at height 1836 accepted (tip 1836)
[2026-09-29T03:13:58.457Z INFO  blacksilk_node] block 5f3a85898aa214a0 at height 1837 accepted (tip 1837)
[2026-09-29T03:14:04.060Z INFO  blacksilk_node] block b0367df576a1d257 at height 1838 accepted (tip 1838)
[2026-09-29T03:14:21.668Z INFO  blacksilk_node] block 602eb90414fa3265 at height 1839 accepted (tip 1839)
[2026-09-29T03:14:36.256Z INFO  blacksilk_node] block 11b49690530b6f07 at height 1840 accepted (tip 1840)
[2026-09-29T03:14:39.702Z INFO  blacksilk_node] block 2e11a25c8d435730 at height 1841 accepted (tip 1841)
[2026-09-29T03:15:10.450Z INFO  blacksilk_node] block f83f722fa7c2456e at height 1842 accepted (tip 1842)
[2026-09-29T03:15:24.123Z INFO  blacksilk_node] block 6eb2137a0aad24b4 at height 1843 accepted (tip 1843)
[2026-09-29T03:15:50.318Z INFO  blacksilk_node] block 0f016bae3630fe95 at height 1844 accepted (tip 1844)
[2026-09-29T03:15:52.142Z INFO  blacksilk_node] block c298f9f97c10acd2 at height 1845 accepted (tip 1845)
[2026-09-29T03:15:59.538Z INFO  blacksilk_node] block b80c936f0115c496 at height 1846 accepted (tip 1846)
[2026-09-29T03:16:03.129Z INFO  blacksilk_node] block 7aa38418ebfcf7cf at height 1847 accepted (tip 1847)
[2026-09-29T03:16:04.809Z INFO  blacksilk_node] block 185b77cacad49c9b at height 1848 accepted (tip 1848)
[2026-09-29T03:16:22.487Z INFO  blacksilk_node] block 8b1719afb92eb33c at height 1849 accepted (tip 1849)
[2026-09-29T03:17:21.786Z INFO  blacksilk_node] block b5bf630714f01aca at height 1850 accepted (tip 1850)
[2026-09-29T03:17:29.054Z INFO  blacksilk_node] block 22e47a5325f749be at height 1851 accepted (tip 1851)
[2026-09-29T03:17:30.292Z INFO  blacksilk_node] block 9421ae7b94f15f43 at height 1852 accepted (tip 1852)
[2026-09-29T03:17:34.066Z INFO  blacksilk_node] block 565145c1818a1ada at height 1853 accepted (tip 1853)
[2026-09-29T03:17:46.075Z INFO  blacksilk_node] block 1c52308e828af1b1 at height 1854 accepted (tip 1854)
[2026-09-29T03:17:54.547Z INFO  blacksilk_node] block 1117d90bdb1911b2 at height 1855 accepted (tip 1855)
[2026-09-29T03:18:01.956Z INFO  blacksilk_node] block 89a392d34bda47a7 at height 1856 accepted (tip 1856)
[2026-09-29T03:18:42.112Z INFO  blacksilk_node] block 2dc8293d8797877a at height 1857 accepted (tip 1857)
[2026-09-29T03:18:59.681Z INFO  blacksilk_node] block 5e349d368bee6f5b at height 1858 accepted (tip 1858)
[2026-09-29T03:19:15.242Z INFO  blacksilk_node] block 5712d3cce63aac4d at height 1859 accepted (tip 1859)
[2026-09-29T03:19:18.898Z INFO  blacksilk_node] block a55b23cae8529586 at height 1860 accepted (tip 1860)
[2026-09-29T03:19:23.549Z INFO  blacksilk_node] block a00e4a4d05b3713c at height 1861 accepted (tip 1861)
[2026-09-29T03:19:52.875Z INFO  blacksilk_node] block f3b310d54bddfbea at height 1862 accepted (tip 1862)
[2026-09-29T03:19:57.329Z INFO  blacksilk_node] block e61422432d44a25e at height 1863 accepted (tip 1863)
[2026-09-29T03:20:02.405Z INFO  blacksilk_node] block 5cdfbbedc5c1958f at height 1864 accepted (tip 1864)
[2026-09-29T03:20:06.821Z INFO  blacksilk_node] block f40c6976e830e593 at height 1865 accepted (tip 1865)
[2026-09-29T03:20:12.300Z INFO  blacksilk_node] block f6e97b1425b37f10 at height 1866 accepted (tip 1866)
[2026-09-29T03:20:24.049Z INFO  blacksilk_node] block 2ab633def5725ced at height 1867 accepted (tip 1867)
[2026-09-29T03:20:27.813Z INFO  blacksilk_node] block dde1f4312de58804 at height 1868 accepted (tip 1868)
[2026-09-29T03:20:58.221Z INFO  blacksilk_node] block 832018aba7a30bbf at height 1869 accepted (tip 1869)
[2026-09-29T03:21:04.956Z INFO  blacksilk_node] block 6b1be347950bff3a at height 1870 accepted (tip 1870)
[2026-09-29T03:21:07.013Z INFO  blacksilk_node] block 0d2f8f2a74dd41b4 at height 1871 accepted (tip 1871)
[2026-09-29T03:21:09.020Z INFO  blacksilk_node] block 304d74fb9b6110b0 at height 1872 accepted (tip 1872)
[2026-09-29T03:21:15.747Z INFO  blacksilk_node] block bfcb7a492aa916ed at height 1873 accepted (tip 1873)
[2026-09-29T03:21:22.182Z INFO  blacksilk_node] block acfbfa1a48fb7922 at height 1874 accepted (tip 1874)
[2026-09-29T03:21:26.109Z INFO  blacksilk_node] block 3b5ed597fd9547c8 at height 1875 accepted (tip 1875)
[2026-09-29T03:21:34.646Z INFO  blacksilk_node] block 566772e3cbf5a22e at height 1876 accepted (tip 1876)
[2026-09-29T03:21:39.202Z INFO  blacksilk_node] block 5a37b2f9e4c51ecc at height 1877 accepted (tip 1877)
[2026-09-29T03:21:42.913Z INFO  blacksilk_node] block 970b9fec4d34e487 at height 1878 accepted (tip 1878)
[2026-09-29T03:21:57.074Z INFO  blacksilk_node] block 7e1e632dcdccfeb6 at height 1879 accepted (tip 1879)
[2026-09-29T03:22:00.938Z INFO  blacksilk_node] block d818d6bf24a10134 at height 1880 accepted (tip 1880)
[2026-09-29T03:22:04.602Z INFO  blacksilk_node] block 185373436569abbb at height 1881 accepted (tip 1881)
[2026-09-29T03:22:33.833Z INFO  blacksilk_node] block a39dd5bd71eab351 at height 1882 accepted (tip 1882)
[2026-09-29T03:23:02.626Z INFO  blacksilk_node] block 3455f404a51f6d20 at height 1883 accepted (tip 1883)
[2026-09-29T03:23:23.755Z INFO  blacksilk_node] block 27da8b72cf7554a1 at height 1884 accepted (tip 1884)
[2026-09-29T03:23:31.211Z INFO  blacksilk_node] block b1a9f9096f057393 at height 1885 accepted (tip 1885)
[2026-09-29T03:23:43.301Z INFO  blacksilk_node] block d841d1ab8ddbc946 at height 1886 accepted (tip 1886)
[2026-09-29T03:23:55.989Z INFO  blacksilk_node] block ca8b040e65f8d9cf at height 1887 accepted (tip 1887)
[2026-09-29T03:24:02.088Z INFO  blacksilk_node] block 5da65a4d853a0a7f at height 1888 accepted (tip 1888)
[2026-09-29T03:24:16.814Z INFO  blacksilk_node] block 157e899b4df4dfa3 at height 1889 accepted (tip 1889)
[2026-09-29T03:24:39.980Z INFO  blacksilk_node] block fe137df3ef460332 at height 1890 accepted (tip 1890)
[2026-09-29T03:25:05.392Z INFO  blacksilk_node] block d1d5ec4fa4ea8f53 at height 1891 accepted (tip 1891)
[2026-09-29T03:25:08.473Z INFO  blacksilk_node] block f8cc4a8f5b5e3b3e at height 1892 accepted (tip 1892)
[2026-09-29T03:25:49.003Z INFO  blacksilk_node] block 102cb1b4784b7be3 at height 1893 accepted (tip 1893)
[2026-09-29T03:25:58.158Z INFO  blacksilk_node] block d33d0a012896bf70 at height 1894 accepted (tip 1894)
[2026-09-29T03:26:01.165Z INFO  blacksilk_node] block f8f0ae65ff0d753f at height 1895 accepted (tip 1895)
[2026-09-29T03:26:02.732Z INFO  blacksilk_node] block 4c6f7810a425751d at height 1896 accepted (tip 1896)
[2026-09-29T03:26:34.023Z INFO  blacksilk_node] block 902aaa31f32724d6 at height 1897 accepted (tip 1897)
[2026-09-29T03:26:35.071Z INFO  blacksilk_node] block bdc50bfbef06e178 at height 1898 accepted (tip 1898)
[2026-09-29T03:26:44.042Z INFO  blacksilk_node] block 9fddb65cf395f79d at height 1899 accepted (tip 1899)
[2026-09-29T03:26:47.108Z INFO  blacksilk_node] block 24fabc997f04f8f1 at height 1900 accepted (tip 1900)
[2026-09-29T03:26:53.121Z INFO  blacksilk_node] block a8bbf3c468f8f5f2 at height 1901 accepted (tip 1901)
[2026-09-29T03:27:03.324Z INFO  blacksilk_node] block e30385804beb322d at height 1902 accepted (tip 1902)
[2026-09-29T03:27:31.098Z INFO  blacksilk_node] block 6c669d9b931abeb0 at height 1903 accepted (tip 1903)
[2026-09-29T03:28:51.670Z INFO  blacksilk_node] block 0d887ff2d078916c at height 1905 accepted (tip 1905)
[2026-09-29T03:28:53.903Z INFO  blacksilk_node] block 4acab37a2b042707 at height 1906 accepted (tip 1906)
[2026-09-29T03:29:10.009Z INFO  blacksilk_node] block 8ca6b9bd09cde867 at height 1907 accepted (tip 1907)
[2026-09-29T03:29:19.834Z INFO  blacksilk_node] block 353255129cf473c0 at height 1908 accepted (tip 1908)
[2026-09-29T03:29:46.433Z INFO  blacksilk_node] block 9ee816494cfc1afe at height 1909 accepted (tip 1909)
[2026-09-29T03:29:53.433Z INFO  blacksilk_node] block 1e6327620811c7fa at height 1910 accepted (tip 1910)
[2026-09-29T03:30:02.541Z INFO  blacksilk_node] block 1529f2f2dadab2d3 at height 1911 accepted (tip 1911)
[2026-09-29T03:30:04.650Z INFO  blacksilk_node] block b29c260e3f72a775 at height 1912 accepted (tip 1912)
[2026-09-29T03:30:17.887Z INFO  blacksilk_node] block 953a1015e49da56d at height 1913 accepted (tip 1913)
[2026-09-29T03:30:21.375Z INFO  blacksilk_node] block 4c413b774d4565cf at height 1914 accepted (tip 1914)
[2026-09-29T03:30:40.904Z INFO  blacksilk_node] block 413c0a67af2a64a9 at height 1915 accepted (tip 1915)
[2026-09-29T03:31:34.650Z INFO  blacksilk_node] block 637ea75aef529b6f at height 1916 accepted (tip 1916)
[2026-09-29T03:31:35.636Z INFO  blacksilk_node] block bd0b5eab877813e1 at height 1917 accepted (tip 1917)
[2026-09-29T03:32:24.994Z INFO  blacksilk_node] block e359f725b54fd7bb at height 1918 accepted (tip 1918)
[2026-09-29T03:32:30.069Z INFO  blacksilk_node] block 23abffa4e60e8c80 at height 1919 accepted (tip 1919)
[2026-09-29T03:32:40.870Z INFO  blacksilk_node] block 6cf447f86e3d66b5 at height 1920 accepted (tip 1920)
[2026-09-29T03:32:45.281Z INFO  blacksilk_node] block 7b4e12171708dd94 at height 1921 accepted (tip 1921)
[2026-09-29T03:33:01.719Z INFO  blacksilk_node] block 23b568f005997f55 at height 1922 accepted (tip 1922)
[2026-09-29T03:33:17.357Z INFO  blacksilk_node] block 097feba8acbac6c7 at height 1923 accepted (tip 1923)
[2026-09-29T03:33:29.708Z INFO  blacksilk_node] block 6ef95f2b2407103a at height 1924 accepted (tip 1924)
[2026-09-29T03:33:46.319Z INFO  blacksilk_node] block fe1fa7690eec7e44 at height 1925 accepted (tip 1925)
[2026-09-29T03:33:50.273Z INFO  blacksilk_node] block c0a4f2bc92a2c128 at height 1926 accepted (tip 1926)
[2026-09-29T03:33:54.940Z INFO  blacksilk_node] block 714a02a93f25ae7b at height 1927 accepted (tip 1927)
[2026-09-29T03:34:10.479Z INFO  blacksilk_node] block 18ef44bc86a9008a at height 1928 accepted (tip 1928)
[2026-09-29T03:34:18.780Z INFO  blacksilk_node] block 05afb7423f17edbe at height 1929 accepted (tip 1929)
[2026-09-29T03:34:21.373Z INFO  blacksilk_node] block 4e915780e9088d8b at height 1930 accepted (tip 1930)
[2026-09-29T03:34:31.098Z INFO  blacksilk_node] block fe93c52a1c399276 at height 1931 accepted (tip 1931)
[2026-09-29T03:34:51.822Z INFO  blacksilk_node] block b0da7cf608fca4c0 at height 1932 accepted (tip 1932)
[2026-09-29T03:35:02.375Z INFO  blacksilk_node] block c282be889ae2c2a2 at height 1933 accepted (tip 1933)
[2026-09-29T03:35:17.767Z INFO  blacksilk_node] block 250d4a0e6c97e8c1 at height 1934 accepted (tip 1934)
[2026-09-29T03:35:25.109Z INFO  blacksilk_node] block 26e58d3ac3b0799f at height 1935 accepted (tip 1935)
[2026-09-29T03:36:28.841Z INFO  blacksilk_node] block a0d617fae7af0142 at height 1936 accepted (tip 1936)
[2026-09-29T03:36:36.032Z INFO  blacksilk_node] block 601b9726ac10aa55 at height 1937 accepted (tip 1937)
[2026-09-29T03:36:49.004Z INFO  blacksilk_node] block e79170716c6fbd0f at height 1938 accepted (tip 1938)
[2026-09-29T03:36:56.354Z INFO  blacksilk_node] block b9b068df458fa24d at height 1939 accepted (tip 1939)
[2026-09-29T03:37:06.147Z INFO  blacksilk_node] block 946401a50c90fd7b at height 1940 accepted (tip 1940)
[2026-09-29T03:37:18.589Z INFO  blacksilk_node] block 336a2e0d83c46ce9 at height 1941 accepted (tip 1941)
[2026-09-29T03:37:34.320Z INFO  blacksilk_node] block 09df5569fa437e5a at height 1942 accepted (tip 1942)
[2026-09-29T03:37:52.719Z INFO  blacksilk_node] block 44ba3a27bd390aa5 at height 1943 accepted (tip 1943)
[2026-09-29T03:37:59.228Z INFO  blacksilk_node] block d855b3e839d3d14b at height 1944 accepted (tip 1944)
[2026-09-29T03:38:13.368Z INFO  blacksilk_node] block 242e77a700891a7b at height 1945 accepted (tip 1945)
[2026-09-29T03:38:15.182Z INFO  blacksilk_node] block d4befb3b716e585d at height 1946 accepted (tip 1946)
[2026-09-29T03:38:17.476Z INFO  blacksilk_node] block 3204e4b006f0c4c8 at height 1947 accepted (tip 1947)
[2026-09-29T03:38:19.870Z INFO  blacksilk_node] block f1ed93cc477f2087 at height 1948 accepted (tip 1948)
[2026-09-29T03:38:36.777Z INFO  blacksilk_node] block c933cb567e5ecd53 at height 1949 accepted (tip 1949)
[2026-09-29T03:38:50.002Z INFO  blacksilk_node] block fc1f9739f4392f22 at height 1950 accepted (tip 1950)
[2026-09-29T03:39:23.355Z INFO  blacksilk_node] block 34b7db3a01464a33 at height 1951 accepted (tip 1951)
[2026-09-29T03:39:45.963Z INFO  blacksilk_node] block bb4ba52e8e57caf6 at height 1952 accepted (tip 1952)
[2026-09-29T03:39:54.250Z INFO  blacksilk_node] block 1c8e65c2eab96cd5 at height 1953 accepted (tip 1953)
[2026-09-29T03:40:28.514Z INFO  blacksilk_node] block de0840e4145785bc at height 1954 accepted (tip 1954)
[2026-09-29T03:40:32.974Z INFO  blacksilk_node] block cefe348cd0374197 at height 1955 accepted (tip 1955)
[2026-09-29T03:40:43.085Z INFO  blacksilk_node] block 2b8f57cf6705ab25 at height 1956 accepted (tip 1956)
[2026-09-29T03:40:45.474Z INFO  blacksilk_node] block f8a0b94aabeaf7aa at height 1957 accepted (tip 1957)
[2026-09-29T03:40:49.435Z INFO  blacksilk_node] block 140d5e569a4314bc at height 1958 accepted (tip 1958)
[2026-09-29T03:40:54.621Z INFO  blacksilk_node] block 29948f13a77cd9dc at height 1959 accepted (tip 1959)
[2026-09-29T03:41:18.720Z INFO  blacksilk_node] block 50062fdabdd3dd8c at height 1960 accepted (tip 1960)
[2026-09-29T03:41:20.976Z INFO  blacksilk_node] block b12ab706d5395de0 at height 1961 accepted (tip 1961)
[2026-09-29T03:41:54.004Z INFO  blacksilk_node] block d313f5ce1b89c456 at height 1962 accepted (tip 1962)
[2026-09-29T03:41:57.488Z INFO  blacksilk_node] block 91139a89af7c3af8 at height 1963 accepted (tip 1963)
[2026-09-29T03:42:04.468Z INFO  blacksilk_node] block 6f18fb0b70b24162 at height 1964 accepted (tip 1964)
[2026-09-29T03:42:07.709Z INFO  blacksilk_node] block e558793007116fb1 at height 1965 accepted (tip 1965)
[2026-09-29T03:42:28.993Z INFO  blacksilk_node] block 7d0773609d2ed025 at height 1966 accepted (tip 1966)
[2026-09-29T03:42:37.662Z INFO  blacksilk_node] block 28b6f5a0a63cd9ad at height 1967 accepted (tip 1967)
[2026-09-29T03:42:41.443Z INFO  blacksilk_node] block ccc871607b650f0a at height 1968 accepted (tip 1968)
[2026-09-29T03:42:44.431Z INFO  blacksilk_node] block fd812f59199ce9ef at height 1969 accepted (tip 1969)
[2026-09-29T03:42:48.108Z INFO  blacksilk_node] block 7bf064993ca44d76 at height 1970 accepted (tip 1970)
[2026-09-29T03:42:55.320Z INFO  blacksilk_node] block 4b43ea295c4fe8fd at height 1971 accepted (tip 1971)
[2026-09-29T03:43:01.205Z INFO  blacksilk_node] block df1c1ff31a7ffed3 at height 1972 accepted (tip 1972)
[2026-09-29T03:43:10.954Z INFO  blacksilk_node] block f144014bcb3324d7 at height 1973 accepted (tip 1973)
[2026-09-29T03:43:17.257Z INFO  blacksilk_node] block 94d8249f93859386 at height 1974 accepted (tip 1974)
[2026-09-29T03:43:18.712Z INFO  blacksilk_node] block 948d38e6faff9d30 at height 1975 accepted (tip 1975)
[2026-09-29T03:43:21.039Z INFO  blacksilk_node] block 068da89ff87be618 at height 1976 accepted (tip 1976)
[2026-09-29T03:43:26.513Z INFO  blacksilk_node] block f0ee0d66dc478115 at height 1977 accepted (tip 1977)
[2026-09-29T03:43:35.603Z INFO  blacksilk_node] block b077f8d5a2a98511 at height 1978 accepted (tip 1978)
[2026-09-29T03:43:43.085Z INFO  blacksilk_node] block a053446b36fab733 at height 1979 accepted (tip 1979)
[2026-09-29T03:43:48.460Z INFO  blacksilk_node] block 998042a138b1c412 at height 1980 accepted (tip 1980)
[2026-09-29T03:43:50.250Z INFO  blacksilk_node] block a91ca8778acb86bc at height 1981 accepted (tip 1981)
[2026-09-29T03:43:55.402Z INFO  blacksilk_node] block bb48d4e1a0f7f636 at height 1982 accepted (tip 1982)
[2026-09-29T03:43:56.546Z INFO  blacksilk_node] block 47f1327895f9c218 at height 1983 accepted (tip 1983)
[2026-09-29T03:44:00.953Z INFO  blacksilk_node] block 34db1c7d4c335f69 at height 1984 accepted (tip 1984)
[2026-09-29T03:44:14.382Z INFO  blacksilk_node] block 521bf7b226c8c6c6 at height 1985 accepted (tip 1985)
[2026-09-29T03:44:20.153Z INFO  blacksilk_node] block 45794034ffb1b2cd at height 1986 accepted (tip 1986)
[2026-09-29T03:44:24.077Z INFO  blacksilk_node] block 7fe931bcd803a598 at height 1987 accepted (tip 1987)
[2026-09-29T03:44:26.150Z INFO  blacksilk_node] block 6278cc167d7c019a at height 1988 accepted (tip 1988)
[2026-09-29T03:44:31.781Z INFO  blacksilk_node] block 0b12f416c5a895e1 at height 1989 accepted (tip 1989)
[2026-09-29T03:44:38.738Z INFO  blacksilk_node] block 3647d8a972f98f74 at height 1990 accepted (tip 1990)
[2026-09-29T03:44:48.825Z INFO  blacksilk_node] block de399a9c592d6506 at height 1991 accepted (tip 1991)
[2026-09-29T03:44:53.656Z INFO  blacksilk_node] block 440921a80bd1a84f at height 1992 accepted (tip 1992)
[2026-09-29T03:44:54.861Z INFO  blacksilk_node] block 4388ad7b0003d58b at height 1993 accepted (tip 1993)
[2026-09-29T03:45:03.480Z INFO  blacksilk_node] block 3eb5921c550064d7 at height 1994 accepted (tip 1994)
[2026-09-29T03:45:06.482Z INFO  blacksilk_node] block 677c043777ee0607 at height 1995 accepted (tip 1995)
[2026-09-29T03:45:09.228Z INFO  blacksilk_node] block 9ce4a25468e7a28d at height 1996 accepted (tip 1996)
[2026-09-29T03:45:11.274Z INFO  blacksilk_node] block 9a47283f00c9ed15 at height 1997 accepted (tip 1997)
[2026-09-29T03:45:18.486Z INFO  blacksilk_node] block add0db4f71f08c37 at height 1998 accepted (tip 1998)
[2026-09-29T03:45:20.157Z INFO  blacksilk_node] block 643fa5d7e580a8b7 at height 1999 accepted (tip 1999)
[2026-09-29T03:45:30.706Z INFO  blacksilk_node] block 06b4215e6094dca2 at height 2000 accepted (tip 2000)
[2026-09-29T03:45:52.992Z INFO  blacksilk_node] block ba2e550c76e86580 at height 2002 accepted (tip 2002)
[2026-09-29T03:45:56.806Z INFO  blacksilk_node] block aca2d6eaa5ce955a at height 2003 accepted (tip 2003)
[2026-09-29T03:46:12.212Z INFO  blacksilk_node] block adda5067718b633c at height 2004 accepted (tip 2004)
[2026-09-29T03:46:28.340Z INFO  blacksilk_node] block 3e919cdf020696a8 at height 2005 accepted (tip 2005)
[2026-09-29T03:46:43.851Z INFO  blacksilk_node] block bdc90569fd83d5f8 at height 2006 accepted (tip 2006)
[2026-09-29T03:46:48.983Z INFO  blacksilk_node] block ef6b2361421e99ac at height 2007 accepted (tip 2007)
[2026-09-29T03:46:49.849Z INFO  blacksilk_node] block 975849aef9825ada at height 2008 accepted (tip 2008)
[2026-09-29T03:46:56.527Z INFO  blacksilk_node] block d759d165ab0f7db9 at height 2009 accepted (tip 2009)
[2026-09-29T03:47:00.365Z INFO  blacksilk_node] block 6a8101d15cd57ff9 at height 2010 accepted (tip 2010)
[2026-09-29T03:47:03.556Z INFO  blacksilk_node] block a185169e14e3ea6b at height 2011 accepted (tip 2011)
[2026-09-29T03:47:06.961Z INFO  blacksilk_node] block b3e67c779481fe35 at height 2012 accepted (tip 2012)
[2026-09-29T03:47:09.551Z INFO  blacksilk_node] block 48f7eedf82cac596 at height 2013 accepted (tip 2013)
[2026-09-29T03:47:14.186Z INFO  blacksilk_node] block f5c8f7fb7a40df8d at height 2014 accepted (tip 2014)
[2026-09-29T03:47:24.142Z INFO  blacksilk_node] block bc6f873544a0c7bb at height 2015 accepted (tip 2015)
[2026-09-29T03:47:36.073Z INFO  blacksilk_node] block ae0367efecfffb24 at height 2016 accepted (tip 2016)
[2026-09-29T03:47:43.122Z INFO  blacksilk_node] block 7ed2f9ea1b33e35b at height 2017 accepted (tip 2017)
[2026-09-29T03:47:48.742Z INFO  blacksilk_node] block 9e1156bc663f50f9 at height 2018 accepted (tip 2018)
[2026-09-29T03:47:59.265Z INFO  blacksilk_node] block 3c6d9d766797541e at height 2019 accepted (tip 2019)
[2026-09-29T03:48:02.632Z INFO  blacksilk_node] block ca71e9f5df512fa8 at height 2020 accepted (tip 2020)
[2026-09-29T03:48:06.743Z INFO  blacksilk_node] block a4eb9886fb22d12a at height 2021 accepted (tip 2021)
[2026-09-29T03:48:09.611Z INFO  blacksilk_node] block ede2409241345876 at height 2022 accepted (tip 2022)
[2026-09-29T03:48:38.903Z INFO  blacksilk_node] block 323b0ab61056bcd2 at height 2023 accepted (tip 2023)
[2026-09-29T03:48:40.294Z INFO  blacksilk_node] block 1461affa034f2acb at height 2024 accepted (tip 2024)
[2026-09-29T03:48:49.668Z INFO  blacksilk_node] block d47adb93c49b9fff at height 2025 accepted (tip 2025)
[2026-09-29T03:49:00.283Z INFO  blacksilk_node] block 77f0cb8e20e6b742 at height 2026 accepted (tip 2026)
[2026-09-29T03:49:23.202Z INFO  blacksilk_node] block 6207aee24be0df24 at height 2027 accepted (tip 2027)
[2026-09-29T03:49:26.115Z INFO  blacksilk_node] block 30010e62b2cab191 at height 2028 accepted (tip 2028)
[2026-09-29T03:49:26.833Z INFO  blacksilk_node] block a94516c35c2a6a62 at height 2029 accepted (tip 2029)
[2026-09-29T03:49:34.491Z INFO  blacksilk_node] block 78f0e6c0b9fff8c1 at height 2030 accepted (tip 2030)
[2026-09-29T03:49:59.255Z INFO  blacksilk_node] block e7f598221c229726 at height 2031 accepted (tip 2031)
[2026-09-29T03:50:04.902Z INFO  blacksilk_node] block 17232aef7f4b7548 at height 2032 accepted (tip 2032)
[2026-09-29T03:50:10.303Z INFO  blacksilk_node] block 2695c68df6411fbe at height 2033 accepted (tip 2033)
[2026-09-29T03:50:15.759Z INFO  blacksilk_node] block 1b2d63f061355a2d at height 2034 accepted (tip 2034)
[2026-09-29T03:50:20.272Z INFO  blacksilk_node] block 26699727304ba419 at height 2035 accepted (tip 2035)
[2026-09-29T03:50:43.293Z INFO  blacksilk_node] block cd388c9c76e13d37 at height 2036 accepted (tip 2036)
[2026-09-29T03:50:49.291Z INFO  blacksilk_node] block fc23cc77fe2af388 at height 2037 accepted (tip 2037)
[2026-09-29T03:50:57.878Z INFO  blacksilk_node] block 7ecd31d2fe23f814 at height 2038 accepted (tip 2038)
[2026-09-29T03:50:59.654Z INFO  blacksilk_node] block d984116955f9cacc at height 2039 accepted (tip 2039)
[2026-09-29T03:51:08.180Z INFO  blacksilk_node] block 39a4d2084fc40c7a at height 2040 accepted (tip 2040)
[2026-09-29T03:51:25.409Z INFO  blacksilk_node] block 212fb0dcaea4bd40 at height 2041 accepted (tip 2041)
[2026-09-29T03:51:37.694Z INFO  blacksilk_node] block 6bbc256771a3fbb6 at height 2042 accepted (tip 2042)
[2026-09-29T03:51:38.736Z INFO  blacksilk_node] block 87f6e4abcb690e95 at height 2043 accepted (tip 2043)
[2026-09-29T03:51:43.749Z INFO  blacksilk_p2p::net::conn] disconnected peer 127.0.0.1:50202
[2026-09-29T03:51:43.749Z INFO  blacksilk_p2p::net::conn] disconnected peer 127.0.0.1:36707
[2026-09-29T03:51:43.749Z INFO  blacksilk_p2p::net::conn] disconnected peer 127.0.0.1:36710
[2026-09-29T03:51:49.141Z INFO  blacksilk_node] block f61f983fa51948bc at height 2044 accepted (tip 2044)
[2026-09-29T03:52:09.714Z INFO  blacksilk_node] block 56144709b9ac28c5 at height 2045 accepted (tip 2045)
[2026-09-29T03:52:13.921Z INFO  blacksilk_node] block c6f2efbe4fe82bb2 at height 2046 accepted (tip 2046)
[2026-09-29T03:52:28.350Z INFO  blacksilk_node] block 8cfa667197f4c2dd at height 2047 accepted (tip 2047)
[2026-09-29T03:52:30.899Z INFO  blacksilk_node] block 3bbf6fb874d645fc at height 2048 accepted (tip 2048)
[2026-09-29T03:52:50.564Z INFO  blacksilk_node] block 07e7f2f04c23cd66 at height 2049 accepted (tip 2049)
[2026-09-29T03:53:08.699Z INFO  blacksilk_node] block adad1f3dbd83f512 at height 2050 accepted (tip 2050)
[2026-09-29T03:53:14.025Z INFO  blacksilk_node] block c8e677a44bcea2f9 at height 2051 accepted (tip 2051)
[2026-09-29T03:53:43.736Z INFO  blacksilk_node] block 52a2e67ab0d456e4 at height 2052 accepted (tip 2052)
[2026-09-29T03:54:13.619Z INFO  blacksilk_node] block 5c85dbbbf3f51ccb at height 2053 accepted (tip 2053)
[2026-09-29T03:54:22.898Z INFO  blacksilk_node] block 096cca3c6fc00eea at height 2054 accepted (tip 2054)
[2026-09-29T03:54:24.492Z INFO  blacksilk_node] block 241e9f81d03f3388 at height 2055 accepted (tip 2055)
[2026-09-29T03:54:35.954Z INFO  blacksilk_node] block 1e0db94d15787267 at height 2056 accepted (tip 2056)
[2026-09-29T03:54:47.899Z INFO  blacksilk_p2p::net::conn] connected inbound peer 127.0.0.1:40183 (height 2044)
[2026-09-29T03:54:49.369Z INFO  blacksilk_p2p::net::conn] connected outbound peer 127.0.0.1:50202 (height 2044)
[2026-09-29T03:54:53.393Z INFO  blacksilk_node] block 55e68da70eb515ee at height 2057 accepted (tip 2057)
[2026-09-29T03:54:57.917Z INFO  blacksilk_p2p::net::conn] connected inbound peer 127.0.0.1:40196 (height 2057)
[2026-09-29T03:55:07.788Z INFO  blacksilk_node] block 14fd610b39e3d22b at height 2058 accepted (tip 2058)
[2026-09-29T03:55:44.264Z INFO  blacksilk_node] block 70b62de68e81bb02 at height 2059 accepted (tip 2059)
[2026-09-29T03:55:48.443Z INFO  blacksilk_node] block 1083eeb388c3bde1 at height 2060 accepted (tip 2060)
[2026-09-29T03:55:57.567Z INFO  blacksilk_node] block 5543263e40529ee7 at height 2061 accepted (tip 2061)
[2026-09-29T03:56:01.566Z INFO  blacksilk_node] block c9bcc3ddec870a61 at height 2062 accepted (tip 2062)
[2026-09-29T03:56:55.824Z INFO  blacksilk_node] block 580bcd74b32ac181 at height 2063 accepted (tip 2063)
[2026-09-29T03:57:08.882Z INFO  blacksilk_node] block cd25ee70f8563f1c at height 2064 accepted (tip 2064)
[2026-09-29T03:57:10.884Z INFO  blacksilk_node] block 75437ca0ac614075 at height 2065 accepted (tip 2065)
[2026-09-29T03:57:29.478Z INFO  blacksilk_node] block c58e2ce92db1f5d7 at height 2066 accepted (tip 2066)
[2026-09-29T03:57:32.789Z INFO  blacksilk_node] block e9edde09d361fa55 at height 2067 accepted (tip 2067)
[2026-09-29T03:57:42.347Z INFO  blacksilk_node] block 07d761051b0d244f at height 2068 accepted (tip 2068)
[2026-09-29T03:57:48.521Z INFO  blacksilk_node] block dc8cfca27e112f2a at height 2069 accepted (tip 2069)
[2026-09-29T03:57:59.616Z INFO  blacksilk_node] block 7b9ef58674c7c037 at height 2070 accepted (tip 2070)
[2026-09-29T03:58:13.608Z INFO  blacksilk_node] block c99320e204a209f5 at height 2071 accepted (tip 2071)
[2026-09-29T03:58:26.372Z INFO  blacksilk_node] block 5632ba177909a423 at height 2072 accepted (tip 2072)
[2026-09-29T03:58:29.004Z INFO  blacksilk_node] block 5e08a0380e117d62 at height 2073 accepted (tip 2073)
[2026-09-29T03:58:36.456Z INFO  blacksilk_node] block 0d2f1bb36b84bb4c at height 2074 accepted (tip 2074)
[2026-09-29T03:58:44.567Z INFO  blacksilk_node] block 46a604b81db22a66 at height 2075 accepted (tip 2075)
[2026-09-29T03:58:49.036Z INFO  blacksilk_node] block 9dab74227d0f9b8c at height 2076 accepted (tip 2076)
[2026-09-29T03:58:56.033Z INFO  blacksilk_node] block 62652180f42920c3 at height 2077 accepted (tip 2077)
[2026-09-29T03:58:57.915Z INFO  blacksilk_node] block 74d86e9b94299030 at height 2078 accepted (tip 2078)
[2026-09-29T03:59:01.475Z INFO  blacksilk_node] block fbe3e9baed2f3f93 at height 2079 accepted (tip 2079)
[2026-09-29T03:59:05.509Z INFO  blacksilk_node] block e9ee2fa0be07d715 at height 2080 accepted (tip 2080)
[2026-09-29T03:59:06.489Z INFO  blacksilk_node] block 54345e7528f8eddd at height 2081 accepted (tip 2081)
[2026-09-29T03:59:15.468Z INFO  blacksilk_node] block 10fb2027e0b664ed at height 2082 accepted (tip 2082)
[2026-09-29T03:59:16.935Z INFO  blacksilk_node] block ef0ea613e5e752df at height 2083 accepted (tip 2083)
[2026-09-29T03:59:18.904Z INFO  blacksilk_node] block 136b288c71f5b839 at height 2084 accepted (tip 2084)
[2026-09-29T03:59:24.362Z INFO  blacksilk_node] block e35fbd8156a49754 at height 2085 accepted (tip 2085)
[2026-09-29T03:59:39.602Z INFO  blacksilk_node] block 790e7f1d0045d3b8 at height 2086 accepted (tip 2086)
[2026-09-29T03:59:42.018Z INFO  blacksilk_node] block b1b7126e9b2fe255 at height 2087 accepted (tip 2087)
[2026-09-29T03:59:45.893Z INFO  blacksilk_node] block b613716ef0ef2615 at height 2088 accepted (tip 2088)
[2026-09-29T03:59:48.141Z INFO  blacksilk_node] block d08ef07f220be527 at height 2089 accepted (tip 2089)
[2026-09-29T03:59:50.664Z INFO  blacksilk_node] block 514b497cbc5d7a91 at height 2090 accepted (tip 2090)
[2026-09-29T04:00:02.380Z INFO  blacksilk_node] block 8cb0faf2925d71cf at height 2091 accepted (tip 2091)
[2026-09-29T04:00:14.374Z INFO  blacksilk_node] block 3f671ea57ee115fc at height 2092 accepted (tip 2092)
[2026-09-29T04:00:27.004Z INFO  blacksilk_node] block e15d5f557d0685f3 at height 2093 accepted (tip 2093)
[2026-09-29T04:00:37.782Z INFO  blacksilk_node] block 3505dfa49f42e8ac at height 2094 accepted (tip 2094)
[2026-09-29T04:00:39.126Z INFO  blacksilk_node] block 5e7d2550ae572f2f at height 2095 accepted (tip 2095)
[2026-09-29T04:01:02.690Z INFO  blacksilk_node] block dedc7ec0144c48d3 at height 2096 accepted (tip 2096)
[2026-09-29T04:01:07.940Z INFO  blacksilk_node] block 709bd0c62a64c03b at height 2097 accepted (tip 2097)
[2026-09-29T04:01:23.038Z INFO  blacksilk_node] block f5275db97433bf4f at height 2098 accepted (tip 2098)
[2026-09-29T04:01:42.573Z INFO  blacksilk_node] block fcc953900d083b5d at height 2099 accepted (tip 2099)
[2026-09-29T04:01:49.524Z INFO  blacksilk_node] block 02c031d428846fec at height 2100 accepted (tip 2100)
[2026-09-29T04:01:50.291Z INFO  blacksilk_node] block 5341418bfb67ca21 at height 2101 accepted (tip 2101)
[2026-09-29T04:01:56.917Z INFO  blacksilk_node] block ca398d81ed475d58 at height 2102 accepted (tip 2102)
[2026-09-29T04:02:14.892Z INFO  blacksilk_node] block dc748c4e433853d1 at height 2103 accepted (tip 2103)
[2026-09-29T04:02:36.678Z INFO  blacksilk_node] block a43e730831d10334 at height 2104 accepted (tip 2104)
[2026-09-29T04:02:38.550Z INFO  blacksilk_node] block 7b32d3c13a953ae7 at height 2105 accepted (tip 2105)
[2026-09-29T04:02:49.197Z INFO  blacksilk_node] block c8eea7a9d7223c93 at height 2106 accepted (tip 2106)
[2026-09-29T04:02:52.840Z INFO  blacksilk_node] block cd2b40113a60abde at height 2107 accepted (tip 2107)
[2026-09-29T04:03:03.851Z INFO  blacksilk_node] block 78ae8e567095ab97 at height 2108 accepted (tip 2108)
[2026-09-29T04:03:06.348Z INFO  blacksilk_node] block 2a23ce59e8d465d5 at height 2109 accepted (tip 2109)
[2026-09-29T04:03:35.550Z INFO  blacksilk_node] block 5b27d912e998ace4 at height 2110 accepted (tip 2110)
[2026-09-29T04:03:36.298Z INFO  blacksilk_node] block 7326d160ac0fe521 at height 2111 accepted (tip 2111)
[2026-09-29T04:03:38.155Z INFO  blacksilk_node] block 9da046dff578785f at height 2112 accepted (tip 2112)
[2026-09-29T04:03:41.064Z INFO  blacksilk_node] block 41d90bf040a1feb0 at height 2113 accepted (tip 2113)
[2026-09-29T04:03:46.457Z INFO  blacksilk_node] block 442e39fa1ff44c66 at height 2114 accepted (tip 2114)
[2026-09-29T04:03:51.650Z INFO  blacksilk_node] block 16d602b114fcb27f at height 2115 accepted (tip 2115)
[2026-09-29T04:03:54.874Z INFO  blacksilk_node] block 01b887f4ed814005 at height 2116 accepted (tip 2116)
[2026-09-29T04:04:27.600Z INFO  blacksilk_node] block 7ccf08616e53ddee at height 2117 accepted (tip 2117)
[2026-09-29T04:04:30.099Z INFO  blacksilk_node] block 376849076f4c641a at height 2118 accepted (tip 2118)
[2026-09-29T04:04:37.437Z INFO  blacksilk_node] block 510860ea8273b2c5 at height 2119 accepted (tip 2119)
[2026-09-29T04:04:39.198Z INFO  blacksilk_node] block f50fa25e1db98a11 at height 2120 accepted (tip 2120)
[2026-09-29T04:04:44.528Z INFO  blacksilk_node] block 19b3b9e776c0efac at height 2121 accepted (tip 2121)
[2026-09-29T04:05:11.768Z INFO  blacksilk_node] block d0095f9c526beef8 at height 2122 accepted (tip 2122)
[2026-09-29T04:05:22.005Z INFO  blacksilk_node] block 83cc8c1d28065f56 at height 2123 accepted (tip 2123)
[2026-09-29T04:05:30.089Z INFO  blacksilk_node] block f465d0313520d425 at height 2124 accepted (tip 2124)
[2026-09-29T04:05:36.681Z INFO  blacksilk_node] block a1e06d496f6fee0c at height 2125 accepted (tip 2125)
[2026-09-29T04:05:43.005Z INFO  blacksilk_node] block 2de91f5230fd8a50 at height 2126 accepted (tip 2126)
[2026-09-29T04:05:50.376Z INFO  blacksilk_node] block 52e5246869e877d9 at height 2127 accepted (tip 2127)
[2026-09-29T04:05:54.381Z INFO  blacksilk_node] block fc03ded9887fce2a at height 2128 accepted (tip 2128)
[2026-09-29T04:06:00.528Z INFO  blacksilk_node] block 6b87d0e3b22325f6 at height 2129 accepted (tip 2129)
[2026-09-29T04:06:03.381Z INFO  blacksilk_node] block 68df272d7f8db141 at height 2130 accepted (tip 2130)
[2026-09-29T04:06:49.759Z INFO  blacksilk_node] block 6f865ae335fb52d1 at height 2131 accepted (tip 2131)
[2026-09-29T04:07:06.364Z INFO  blacksilk_node] block 473cb69fbd2b2fe1 at height 2132 accepted (tip 2132)
[2026-09-29T04:07:07.832Z INFO  blacksilk_node] block e97abb1b28391bce at height 2133 accepted (tip 2133)
[2026-09-29T04:07:13.237Z INFO  blacksilk_node] block 3794e7d83548ce09 at height 2134 accepted (tip 2134)
[2026-09-29T04:07:34.527Z INFO  blacksilk_node] block 573658ba5199ffe7 at height 2135 accepted (tip 2135)
[2026-09-29T04:08:00.472Z INFO  blacksilk_node] block 6b9a774bcbb9690f at height 2137 accepted (tip 2137)
[2026-09-29T04:08:09.127Z INFO  blacksilk_node] block 74b95c90a9b863fa at height 2138 accepted (tip 2138)
[2026-09-29T04:08:10.283Z INFO  blacksilk_node] block 205c67f10b12074d at height 2139 accepted (tip 2139)
[2026-09-29T04:08:12.024Z INFO  blacksilk_node] block 0eb5af7e6f5f2535 at height 2140 accepted (tip 2140)
[2026-09-29T04:08:16.347Z INFO  blacksilk_node] block e95fe6bf65500ed7 at height 2141 accepted (tip 2141)
[2026-09-29T04:08:22.224Z INFO  blacksilk_node] block b7b29254838b3820 at height 2142 accepted (tip 2142)
[2026-09-29T04:08:25.022Z INFO  blacksilk_node] block fffaacbfef66d730 at height 2143 accepted (tip 2143)
[2026-09-29T04:08:30.075Z INFO  blacksilk_node] block 60e6088cdd97f231 at height 2144 accepted (tip 2144)
[2026-09-29T04:08:47.414Z INFO  blacksilk_node] block 3d26ae6bb7707d03 at height 2145 accepted (tip 2145)
[2026-09-29T04:08:56.718Z INFO  blacksilk_node] block 14fcf41cb2939a2b at height 2146 accepted (tip 2146)
[2026-09-29T04:09:00.700Z INFO  blacksilk_node] block c6489605c73e671c at height 2147 accepted (tip 2147)
[2026-09-29T04:09:05.981Z INFO  blacksilk_node] block 4992fbdab2c0d867 at height 2148 accepted (tip 2148)
[2026-09-29T04:09:18.355Z INFO  blacksilk_node] block 4d6ad195fbd788e0 at height 2149 accepted (tip 2149)
[2026-09-29T04:09:33.019Z INFO  blacksilk_node] block 41cbef1386dbc936 at height 2150 accepted (tip 2150)
[2026-09-29T04:09:44.806Z INFO  blacksilk_node] block 81f99d2aade93bf6 at height 2151 accepted (tip 2151)
[2026-09-29T04:09:50.691Z INFO  blacksilk_node] block f3562d29d0c172ad at height 2152 accepted (tip 2152)
[2026-09-29T04:10:17.434Z INFO  blacksilk_node] block 68d3fa02546019ad at height 2153 accepted (tip 2153)
[2026-09-29T04:10:32.837Z INFO  blacksilk_node] block f7b8894dc1b9dbab at height 2155 accepted (tip 2155)
[2026-09-29T04:10:33.644Z INFO  blacksilk_node] block b863f38fc1ed06f7 at height 2156 accepted (tip 2156)
[2026-09-29T04:10:48.161Z INFO  blacksilk_node] block 29012c0333466fd3 at height 2157 accepted (tip 2157)
[2026-09-29T04:10:56.367Z INFO  blacksilk_node] block f71a1d87af6675d1 at height 2158 accepted (tip 2158)
[2026-09-29T04:11:07.943Z INFO  blacksilk_node] block 6fa3128ff6aab947 at height 2159 accepted (tip 2159)
[2026-09-29T04:11:21.342Z INFO  blacksilk_node] block 5a6d9ba3ffd0bd26 at height 2160 accepted (tip 2160)
[2026-09-29T04:11:24.247Z INFO  blacksilk_node] block 304f20519c8102ea at height 2161 accepted (tip 2161)
[2026-09-29T04:11:29.309Z INFO  blacksilk_node] block 9dd0fc66c8895f14 at height 2162 accepted (tip 2162)
[2026-09-29T04:11:32.224Z INFO  blacksilk_node] block 2aafa19333b9ab34 at height 2163 accepted (tip 2163)
[2026-09-29T04:11:37.106Z INFO  blacksilk_node] block 1281a7b3147495c5 at height 2164 accepted (tip 2164)
[2026-09-29T04:12:28.952Z INFO  blacksilk_node] block 742615b3db7266f5 at height 2165 accepted (tip 2165)
[2026-09-29T04:12:44.942Z INFO  blacksilk_node] block e56dc0bee86acc29 at height 2166 accepted (tip 2166)
[2026-09-29T04:13:00.927Z INFO  blacksilk_node] block faa6342862450300 at height 2168 accepted (tip 2168)
[2026-09-29T04:13:24.760Z INFO  blacksilk_node] block deaa89943c6dd014 at height 2169 accepted (tip 2169)
[2026-09-29T04:13:45.415Z INFO  blacksilk_node] block 695a5d100b688e4b at height 2170 accepted (tip 2170)
[2026-09-29T04:13:50.675Z INFO  blacksilk_node] block 3d02cd56c91566c8 at height 2171 accepted (tip 2171)
[2026-09-29T04:14:06.694Z INFO  blacksilk_node] block 46a775ec3f51f578 at height 2172 accepted (tip 2172)
[2026-09-29T04:14:14.743Z INFO  blacksilk_node] block 68e6c488b3795501 at height 2173 accepted (tip 2173)
[2026-09-29T04:14:37.274Z INFO  blacksilk_node] block e1e49f133be2c866 at height 2174 accepted (tip 2174)
[2026-09-29T04:14:42.885Z INFO  blacksilk_node] block e14b993753a37a20 at height 2175 accepted (tip 2175)
[2026-09-29T04:14:49.708Z INFO  blacksilk_node] block 0fca734509470872 at height 2176 accepted (tip 2176)
[2026-09-29T04:14:51.871Z INFO  blacksilk_node] block a1ff6382859b3513 at height 2177 accepted (tip 2177)
[2026-09-29T04:15:19.813Z INFO  blacksilk_node] block 140b8fb0aaa3d28a at height 2178 accepted (tip 2178)
[2026-09-29T04:15:26.447Z INFO  blacksilk_node] block 2c0363f5d0588255 at height 2179 accepted (tip 2179)
[2026-09-29T04:15:44.988Z INFO  blacksilk_node] block 2f30e57d1a9af01f at height 2180 accepted (tip 2180)
[2026-09-29T04:15:47.627Z INFO  blacksilk_node] block 0abf5dbae34d6bb9 at height 2181 accepted (tip 2181)
[2026-09-29T04:16:02.711Z INFO  blacksilk_node] block b4067f8f689d5672 at height 2182 accepted (tip 2182)
[2026-09-29T04:16:06.794Z INFO  blacksilk_node] block 4ae3260a0fe4d880 at height 2183 accepted (tip 2183)
[2026-09-29T04:16:15.604Z INFO  blacksilk_node] block e26b073799c9e51a at height 2184 accepted (tip 2184)
[2026-09-29T04:16:36.742Z INFO  blacksilk_node] block de4f29699b98209a at height 2185 accepted (tip 2185)
[2026-09-29T04:16:37.516Z INFO  blacksilk_node] block cf01d32d33e14756 at height 2186 accepted (tip 2186)
[2026-09-29T04:16:39.252Z INFO  blacksilk_node] block eea6268858ae363d at height 2187 accepted (tip 2187)
[2026-09-29T04:16:46.247Z INFO  blacksilk_node] block 973b9548cd96a010 at height 2188 accepted (tip 2188)
[2026-09-29T04:17:00.352Z INFO  blacksilk_node] block 53ca5257b956d078 at height 2189 accepted (tip 2189)
[2026-09-29T04:17:02.609Z INFO  blacksilk_node] block f4ee0488f02f95d8 at height 2190 accepted (tip 2190)
[2026-09-29T04:17:03.440Z INFO  blacksilk_node] block 4a44ff51c4961b17 at height 2191 accepted (tip 2191)
[2026-09-29T04:17:18.191Z INFO  blacksilk_node] block 818cdb48848279b7 at height 2192 accepted (tip 2192)
[2026-09-29T04:17:30.056Z INFO  blacksilk_node] block dfe3cf2e148e9fd5 at height 2193 accepted (tip 2193)
[2026-09-29T04:17:31.105Z INFO  blacksilk_node] block 0695740af7311376 at height 2194 accepted (tip 2194)
[2026-09-29T04:17:41.604Z INFO  blacksilk_node] block 8a2d9af93d0e1b35 at height 2195 accepted (tip 2195)
[2026-09-29T04:17:50.754Z INFO  blacksilk_node] block 657f8a2d68ee8fda at height 2196 accepted (tip 2196)
[2026-09-29T04:17:58.280Z INFO  blacksilk_node] block 5b3f4d65d80b8e19 at height 2197 accepted (tip 2197)
[2026-09-29T04:18:05.066Z INFO  blacksilk_node] block 7cc9f44794460c61 at height 2198 accepted (tip 2198)
[2026-09-29T04:18:09.609Z INFO  blacksilk_node] block 97a4a080fd6a647f at height 2199 accepted (tip 2199)
[2026-09-29T04:18:14.547Z INFO  blacksilk_node] block 628a78e29c79a0d7 at height 2200 accepted (tip 2200)
[2026-09-29T04:18:26.215Z INFO  blacksilk_node] block cc3035bfb104853f at height 2201 accepted (tip 2201)
[2026-09-29T04:18:38.851Z INFO  blacksilk_node] block f339ebe1715eb9cd at height 2202 accepted (tip 2202)
[2026-09-29T04:18:40.664Z INFO  blacksilk_node] block eecface5b68ab60c at height 2203 accepted (tip 2203)
[2026-09-29T04:19:04.069Z INFO  blacksilk_node] block 9591cd654f69acef at height 2204 accepted (tip 2204)
[2026-09-29T04:19:08.441Z INFO  blacksilk_node] block 7f27992a1ed20844 at height 2205 accepted (tip 2205)
[2026-09-29T04:19:10.102Z INFO  blacksilk_node] block 81492b7271dcdeaf at height 2206 accepted (tip 2206)
[2026-09-29T04:19:15.237Z INFO  blacksilk_node] block 4348f70ff9157293 at height 2207 accepted (tip 2207)
[2026-09-29T04:19:30.334Z INFO  blacksilk_node] block 154b6a72e863e6ea at height 2208 accepted (tip 2208)
[2026-09-29T04:19:34.714Z INFO  blacksilk_node] block f0fc257a24116ef5 at height 2209 accepted (tip 2209)
[2026-09-29T04:19:36.525Z INFO  blacksilk_node] block a1476bc5d2eb1b57 at height 2210 accepted (tip 2210)
[2026-09-29T04:19:43.057Z INFO  blacksilk_node] block c9f80b1e61d9a614 at height 2211 accepted (tip 2211)
[2026-09-29T04:19:47.197Z INFO  blacksilk_node] block de5f5b45d242a0fa at height 2212 accepted (tip 2212)
[2026-09-29T04:19:50.713Z INFO  blacksilk_node] block 9f174398fd8d2538 at height 2213 accepted (tip 2213)
[2026-09-29T04:20:02.051Z INFO  blacksilk_node] block 40ff08ca7e5eca81 at height 2214 accepted (tip 2214)
[2026-09-29T04:20:08.674Z INFO  blacksilk_node] block 156764bff41143ce at height 2215 accepted (tip 2215)
[2026-09-29T04:20:26.596Z INFO  blacksilk_node] block f8ad09ba9978b810 at height 2216 accepted (tip 2216)
[2026-09-29T04:20:32.533Z INFO  blacksilk_node] block ad87a65a52d27c8d at height 2217 accepted (tip 2217)
[2026-09-29T04:20:33.340Z INFO  blacksilk_node] block 59f120a86f165378 at height 2218 accepted (tip 2218)
[2026-09-29T04:20:47.081Z INFO  blacksilk_node] block 6406cfdbe45fe53b at height 2219 accepted (tip 2219)
[2026-09-29T04:20:49.180Z INFO  blacksilk_node] block 50736f6f15fbe578 at height 2220 accepted (tip 2220)
[2026-09-29T04:20:58.879Z INFO  blacksilk_node] block faf333bc9fc03c5e at height 2221 accepted (tip 2221)
[2026-09-29T04:21:06.086Z INFO  blacksilk_node] block 579117d082574b4e at height 2222 accepted (tip 2222)
[2026-09-29T04:21:11.617Z INFO  blacksilk_node] block eba9d327371a02ea at height 2223 accepted (tip 2223)
[2026-09-29T04:21:40.147Z INFO  blacksilk_node] block fea40d64b324f03d at height 2224 accepted (tip 2224)
[2026-09-29T04:21:47.486Z INFO  blacksilk_node] block e72af75a4b27babf at height 2225 accepted (tip 2225)
[2026-09-29T04:22:00.110Z INFO  blacksilk_node] block 5a30fcf90db077df at height 2226 accepted (tip 2226)
[2026-09-29T04:22:00.779Z INFO  blacksilk_node] block 8499ca583a399f6b at height 2227 accepted (tip 2227)
[2026-09-29T04:22:05.180Z INFO  blacksilk_node] block ae30b3edb972a231 at height 2228 accepted (tip 2228)
[2026-09-29T04:22:06.133Z INFO  blacksilk_node] block a4d1dc24d8e1f881 at height 2229 accepted (tip 2229)
[2026-09-29T04:22:35.173Z INFO  blacksilk_node] block b8ad9ba7056374e1 at height 2230 accepted (tip 2230)
[2026-09-29T04:22:37.956Z INFO  blacksilk_node] block c0629e259f23b6ab at height 2231 accepted (tip 2231)
[2026-09-29T04:22:44.729Z INFO  blacksilk_node] block 3f907ba11a2d65b3 at height 2232 accepted (tip 2232)
[2026-09-29T04:22:45.724Z INFO  blacksilk_node] block 9d87e324761619b9 at height 2233 accepted (tip 2233)
[2026-09-29T04:23:54.063Z INFO  blacksilk_node] block 8fed7a1027426e59 at height 2235 accepted (tip 2235)
[2026-09-29T04:23:55.948Z INFO  blacksilk_node] block ab69a9b060c3a720 at height 2236 accepted (tip 2236)
[2026-09-29T04:24:03.457Z INFO  blacksilk_node] block 4ab23f446b06a021 at height 2237 accepted (tip 2237)
[2026-09-29T04:24:10.564Z INFO  blacksilk_node] block de409ca34089e51a at height 2238 accepted (tip 2238)
[2026-09-29T04:24:19.786Z INFO  blacksilk_node] block faf6745a11f1b8d9 at height 2239 accepted (tip 2239)
[2026-09-29T04:24:24.530Z INFO  blacksilk_node] block f5e221d34519399a at height 2240 accepted (tip 2240)
[2026-09-29T04:24:47.625Z INFO  blacksilk_node] block 5f2326f34a63afac at height 2241 accepted (tip 2241)
[2026-09-29T04:24:55.658Z INFO  blacksilk_node] block c6b32175c64bf26a at height 2242 accepted (tip 2242)
[2026-09-29T04:25:16.344Z INFO  blacksilk_node] block ea6156efe5d3626a at height 2244 accepted (tip 2244)
[2026-09-29T04:25:21.533Z INFO  blacksilk_node] block fcf8bd1c6b1bcacd at height 2245 accepted (tip 2245)
[2026-09-29T04:25:26.242Z INFO  blacksilk_node] block 2ce050bce549085c at height 2246 accepted (tip 2246)
[2026-09-29T04:25:32.489Z INFO  blacksilk_node] block c3dce56d7de44776 at height 2247 accepted (tip 2247)
[2026-09-29T04:25:46.334Z INFO  blacksilk_node] block 1c76e3963f32789d at height 2248 accepted (tip 2248)
[2026-09-29T04:26:00.190Z INFO  blacksilk_node] block e262ce013ef325a2 at height 2249 accepted (tip 2249)
[2026-09-29T04:26:02.008Z INFO  blacksilk_node] block 7ac886b99620c454 at height 2250 accepted (tip 2250)
[2026-09-29T04:26:11.584Z INFO  blacksilk_node] block 01ef1bbc55bd72dd at height 2251 accepted (tip 2251)
[2026-09-29T04:26:25.871Z INFO  blacksilk_node] block 31ce0a325fb3f471 at height 2252 accepted (tip 2252)
[2026-09-29T04:26:30.277Z INFO  blacksilk_node] block 53849619b4de8e05 at height 2253 accepted (tip 2253)
[2026-09-29T04:26:59.734Z INFO  blacksilk_node] block c32c57054fb00fc8 at height 2254 accepted (tip 2254)
[2026-09-29T04:27:14.803Z INFO  blacksilk_node] block 2b935698f315df20 at height 2255 accepted (tip 2255)
[2026-09-29T04:27:19.834Z INFO  blacksilk_node] block ff34b0be482469b3 at height 2256 accepted (tip 2256)
[2026-09-29T04:27:22.442Z INFO  blacksilk_node] block 5261db90f2538aaa at height 2257 accepted (tip 2257)
[2026-09-29T04:27:35.666Z INFO  blacksilk_node] block d2734c9d52f964e1 at height 2258 accepted (tip 2258)
[2026-09-29T04:27:47.968Z INFO  blacksilk_node] block 5de3f178fb3c8201 at height 2259 accepted (tip 2259)
[2026-09-29T04:27:55.836Z INFO  blacksilk_node] block 2875d7861fc2919c at height 2260 accepted (tip 2260)
[2026-09-29T04:28:03.455Z INFO  blacksilk_node] block 9d91c846bcb1cc93 at height 2261 accepted (tip 2261)
[2026-09-29T04:28:09.864Z INFO  blacksilk_node] block 115799121816247a at height 2262 accepted (tip 2262)
[2026-09-29T04:28:12.906Z INFO  blacksilk_node] block 44ec052bff06c08d at height 2263 accepted (tip 2263)
[2026-09-29T04:28:41.923Z INFO  blacksilk_node] block 1e53b2710aa636b7 at height 2264 accepted (tip 2264)
[2026-09-29T04:28:55.587Z INFO  blacksilk_node] block acf21dde1a19a821 at height 2265 accepted (tip 2265)
[2026-09-29T04:29:04.966Z INFO  blacksilk_node] block bfd52cf39750b0cb at height 2266 accepted (tip 2266)
[2026-09-29T04:29:09.796Z INFO  blacksilk_node] block 4211440ef0ff42c5 at height 2267 accepted (tip 2267)
[2026-09-29T04:29:17.617Z INFO  blacksilk_node] block 89f09a2e96a1e24c at height 2268 accepted (tip 2268)
[2026-09-29T04:29:30.933Z INFO  blacksilk_node] block edfdd995ed5cefcc at height 2269 accepted (tip 2269)
[2026-09-29T04:29:41.589Z INFO  blacksilk_node] block a6554547f783e246 at height 2270 accepted (tip 2270)
[2026-09-29T04:29:45.756Z INFO  blacksilk_node] block 0104456738970809 at height 2271 accepted (tip 2271)
[2026-09-29T04:29:53.099Z INFO  blacksilk_node] block 716da733838bfc88 at height 2272 accepted (tip 2272)
[2026-09-29T04:29:55.646Z INFO  blacksilk_node] block 876d58abba86b204 at height 2273 accepted (tip 2273)
[2026-09-29T04:30:03.988Z INFO  blacksilk_node] block c3c346741d9ed136 at height 2274 accepted (tip 2274)
[2026-09-29T04:30:14.258Z INFO  blacksilk_node] block 83b2682e72b74f3c at height 2276 accepted (tip 2276)
[2026-09-29T04:30:21.764Z INFO  blacksilk_node] block 506022c0d5133d94 at height 2277 accepted (tip 2277)
[2026-09-29T04:30:23.304Z INFO  blacksilk_node] block e8f25831f9b5a555 at height 2278 accepted (tip 2278)
[2026-09-29T04:30:24.258Z INFO  blacksilk_node] block 8140d1f8f1301f81 at height 2279 accepted (tip 2279)
[2026-09-29T04:30:30.752Z INFO  blacksilk_node] block 7dbc8ecb57d88a08 at height 2280 accepted (tip 2280)
[2026-09-29T04:30:38.779Z INFO  blacksilk_node] block 82bdd2a14cd455c0 at height 2281 accepted (tip 2281)
[2026-09-29T04:30:54.636Z INFO  blacksilk_node] block 85b0c2d2682eb3e6 at height 2282 accepted (tip 2282)
[2026-09-29T04:31:01.681Z INFO  blacksilk_node] block ac733154a06aec30 at height 2283 accepted (tip 2283)
[2026-09-29T04:31:04.191Z INFO  blacksilk_node] block 3a7bda6ecb3a7e47 at height 2284 accepted (tip 2284)
[2026-09-29T04:31:19.582Z INFO  blacksilk_node] block 85471bb5683d1ffa at height 2285 accepted (tip 2285)
[2026-09-29T04:31:35.077Z INFO  blacksilk_node] block ffcb8b7c5059e86a at height 2286 accepted (tip 2286)
[2026-09-29T04:31:44.988Z INFO  blacksilk_node] block 16abb60366b718bc at height 2287 accepted (tip 2287)
[2026-09-29T04:31:58.397Z INFO  blacksilk_node] block 9b952da1b2faa0c7 at height 2288 accepted (tip 2288)
[2026-09-29T04:32:01.184Z INFO  blacksilk_node] block ab129eb70d7d4812 at height 2289 accepted (tip 2289)
[2026-09-29T04:32:15.675Z INFO  blacksilk_node] block 26378eb679e47dfa at height 2290 accepted (tip 2290)
[2026-09-29T04:32:18.834Z INFO  blacksilk_node] block 456f9b0a15ded143 at height 2291 accepted (tip 2291)
[2026-09-29T04:32:22.109Z INFO  blacksilk_node] block a0b7461995c4f3fc at height 2292 accepted (tip 2292)
[2026-09-29T04:32:27.168Z INFO  blacksilk_node] block b726a9179d804c04 at height 2293 accepted (tip 2293)
[2026-09-29T04:32:29.442Z INFO  blacksilk_node] block c012beb5c55024e9 at height 2294 accepted (tip 2294)
[2026-09-29T04:32:38.536Z INFO  blacksilk_node] block a54be506ca6bbe50 at height 2295 accepted (tip 2295)
[2026-09-29T04:32:54.054Z INFO  blacksilk_node] block 78ae2baacf473e16 at height 2296 accepted (tip 2296)
[2026-09-29T04:33:04.057Z INFO  blacksilk_node] block 98777e11ae8931ca at height 2297 accepted (tip 2297)
[2026-09-29T04:33:39.190Z INFO  blacksilk_node] block b35b5644594f6014 at height 2298 accepted (tip 2298)
[2026-09-29T04:33:50.134Z INFO  blacksilk_node] block 865a79012cd126b2 at height 2300 accepted (tip 2300)
[2026-09-29T04:33:57.222Z INFO  blacksilk_node] block 3309e0f4be01e7d1 at height 2301 accepted (tip 2301)
[2026-09-29T04:34:02.614Z INFO  blacksilk_node] block c060981d659df7e3 at height 2302 accepted (tip 2302)
[2026-09-29T04:34:06.729Z INFO  blacksilk_node] block 87179eb6ad22baaf at height 2303 accepted (tip 2303)
[2026-09-29T04:34:17.638Z INFO  blacksilk_node] block f377e30c9e2a17b1 at height 2304 accepted (tip 2304)
[2026-09-29T04:34:20.575Z INFO  blacksilk_node] block 2f46945d841810f8 at height 2305 accepted (tip 2305)
[2026-09-29T04:34:31.355Z INFO  blacksilk_node] block 164b690f9a3544f3 at height 2306 accepted (tip 2306)
[2026-09-29T04:34:35.932Z INFO  blacksilk_node] block 14d0912090dec13f at height 2307 accepted (tip 2307)
[2026-09-29T04:35:11.595Z INFO  blacksilk_node] block 6e029e87eec6a823 at height 2308 accepted (tip 2308)
[2026-09-29T04:35:18.011Z INFO  blacksilk_node] block 8bf8a6bff061f016 at height 2309 accepted (tip 2309)
[2026-09-29T04:35:27.901Z INFO  blacksilk_node] block 03765ce279b7bb1c at height 2310 accepted (tip 2310)
[2026-09-29T04:35:32.769Z INFO  blacksilk_node] block f2a5a033dbd449e1 at height 2311 accepted (tip 2311)
[2026-09-29T04:36:05.138Z INFO  blacksilk_node] block b89ab420e3834888 at height 2312 accepted (tip 2312)
[2026-09-29T04:36:30.730Z INFO  blacksilk_node] block 544ae2581dd96e76 at height 2313 accepted (tip 2313)
[2026-09-29T04:36:41.968Z INFO  blacksilk_node] block d42aa870f8a74c14 at height 2314 accepted (tip 2314)
[2026-09-29T04:36:46.166Z INFO  blacksilk_node] block 633ddbdc9553508e at height 2315 accepted (tip 2315)
[2026-09-29T04:36:48.134Z INFO  blacksilk_node] block e61c71ced4494aca at height 2316 accepted (tip 2316)
[2026-09-29T04:36:49.370Z INFO  blacksilk_node] block 5410a354e60d86e3 at height 2317 accepted (tip 2317)
[2026-09-29T04:37:00.957Z INFO  blacksilk_node] block c2ad522d57cb112e at height 2318 accepted (tip 2318)
[2026-09-29T04:37:38.348Z INFO  blacksilk_node] block fc9ee694bb04a1e0 at height 2319 accepted (tip 2319)
[2026-09-29T04:37:48.103Z INFO  blacksilk_node] block 1a943535038e4d88 at height 2320 accepted (tip 2320)
[2026-09-29T04:37:51.359Z INFO  blacksilk_node] block 1ac3f83e7e955eba at height 2321 accepted (tip 2321)
[2026-09-29T04:37:59.640Z INFO  blacksilk_node] block 02d390aac3ffa144 at height 2322 accepted (tip 2322)
[2026-09-29T04:38:03.296Z INFO  blacksilk_node] block 99f33d356e6561d9 at height 2323 accepted (tip 2323)
[2026-09-29T04:38:35.617Z INFO  blacksilk_node] block c957419a5b7ae6e8 at height 2324 accepted (tip 2324)
[2026-09-29T04:38:38.584Z INFO  blacksilk_node] block 5dc0f85d485a8588 at height 2325 accepted (tip 2325)
[2026-09-29T04:38:46.325Z INFO  blacksilk_node] block 011ed40a1620b3c9 at height 2326 accepted (tip 2326)
[2026-09-29T04:38:47.179Z INFO  blacksilk_node] block 68da2789417d0521 at height 2327 accepted (tip 2327)
[2026-09-29T04:38:49.176Z INFO  blacksilk_node] block 3fd8f18c0a8986c5 at height 2328 accepted (tip 2328)
[2026-09-29T04:38:54.170Z INFO  blacksilk_node] block 5abf2ebdcd8022bb at height 2329 accepted (tip 2329)
[2026-09-29T04:39:07.509Z INFO  blacksilk_node] block bede88f397d0c867 at height 2330 accepted (tip 2330)
[2026-09-29T04:39:17.497Z INFO  blacksilk_node] block a73b834eb217b1ab at height 2331 accepted (tip 2331)
[2026-09-29T04:39:20.022Z INFO  blacksilk_node] block 41d21297822ed971 at height 2332 accepted (tip 2332)
[2026-09-29T04:39:47.541Z INFO  blacksilk_p2p::net::conn] disconnected peer 127.0.0.1:50202
[2026-09-29T04:39:47.541Z INFO  blacksilk_p2p::net::conn] disconnected peer 127.0.0.1:40183
[2026-09-29T04:39:47.541Z INFO  blacksilk_p2p::net::conn] disconnected peer 127.0.0.1:40196
[2026-09-29T04:39:52.209Z INFO  blacksilk_node] block a28a9214d057e0e2 at height 2333 accepted (tip 2333)
[2026-09-29T04:40:00.512Z INFO  blacksilk_node] block 63aefec442026c4d at height 2334 accepted (tip 2334)
[2026-09-29T04:40:11.847Z INFO  blacksilk_node] block 13e18eba1ee3afc3 at height 2335 accepted (tip 2335)
[2026-09-29T04:40:21.080Z INFO  blacksilk_node] block ced368fe06c01d8a at height 2336 accepted (tip 2336)
[2026-09-29T04:40:27.750Z INFO  blacksilk_node] block 2c62b04d5ff6174e at height 2337 accepted (tip 2337)
[2026-09-29T04:40:31.852Z INFO  blacksilk_node] block c24e80f464200371 at height 2338 accepted (tip 2338)
[2026-09-29T04:40:37.558Z INFO  blacksilk_node] block d7b7ab3a7fe75e81 at height 2339 accepted (tip 2339)
[2026-09-29T04:40:48.195Z INFO  blacksilk_node] block 5e6177a8fbb94064 at height 2340 accepted (tip 2340)
[2026-09-29T04:40:58.785Z INFO  blacksilk_node] block 32f98223382feae6 at height 2341 accepted (tip 2341)
[2026-09-29T04:41:19.995Z INFO  blacksilk_node] block 8e6e2e7dedccd974 at height 2342 accepted (tip 2342)
[2026-09-29T04:41:23.872Z INFO  blacksilk_node] block abd327d2b32aa400 at height 2343 accepted (tip 2343)
[2026-09-29T04:41:27.597Z INFO  blacksilk_node] block 4888244485ed8b84 at height 2344 accepted (tip 2344)
[2026-09-29T04:41:43.183Z INFO  blacksilk_node] block 422f9eb89022b166 at height 2345 accepted (tip 2345)
[2026-09-29T04:41:49.812Z INFO  blacksilk_node] block ad8a61cf79790646 at height 2346 accepted (tip 2346)
[2026-09-29T04:41:50.467Z INFO  blacksilk_node] block 5b84958ee0d6f121 at height 2347 accepted (tip 2347)
[2026-09-29T04:41:51.297Z INFO  blacksilk_node] block a8996d18b892f2f9 at height 2348 accepted (tip 2348)
[2026-09-29T04:41:56.197Z INFO  blacksilk_node] block 79f75e3b2f74a1cb at height 2349 accepted (tip 2349)
[2026-09-29T04:42:02.103Z INFO  blacksilk_node] block 0f014babbe4b01d6 at height 2350 accepted (tip 2350)
[2026-09-29T04:42:04.125Z INFO  blacksilk_node] block 5ed0841776a0094b at height 2351 accepted (tip 2351)
[2026-09-29T04:42:16.433Z INFO  blacksilk_node] block 254b598f8cf14cd9 at height 2352 accepted (tip 2352)
[2026-09-29T04:42:18.572Z INFO  blacksilk_node] block f2cd7572657badb2 at height 2353 accepted (tip 2353)
[2026-09-29T04:42:21.978Z INFO  blacksilk_node] block 50274506d53783c9 at height 2354 accepted (tip 2354)
[2026-09-29T04:42:29.258Z INFO  blacksilk_node] block 2a6837efbae11f72 at height 2355 accepted (tip 2355)
[2026-09-29T04:42:32.038Z INFO  blacksilk_node] block f5126a51a52adde3 at height 2356 accepted (tip 2356)
[2026-09-29T04:42:34.083Z INFO  blacksilk_node] block 30f50f6e272bc30a at height 2357 accepted (tip 2357)
[2026-09-29T04:42:36.967Z INFO  blacksilk_node] block 350f2fc452516887 at height 2358 accepted (tip 2358)
[2026-09-29T04:42:57.546Z INFO  blacksilk_p2p::net::conn] connected inbound peer 127.0.0.1:41440 (height 2332)
[2026-09-29T04:42:57.546Z INFO  blacksilk_p2p::net::conn] connected outbound peer 127.0.0.1:50202 (height 2332)
[2026-09-29T04:42:58.220Z INFO  blacksilk_p2p::net::conn] connected inbound peer 127.0.0.1:41448 (height 2332)
[2026-09-29T04:43:10.959Z INFO  blacksilk_node] block 6fcfeb186b06474d at height 2359 accepted (tip 2359)
[2026-09-29T04:43:23.021Z INFO  blacksilk_node] block ce7b56edc7cb1b0b at height 2360 accepted (tip 2360)
[2026-09-29T04:44:04.407Z INFO  blacksilk_node] block ada47d57218a6e64 at height 2361 accepted (tip 2361)
[2026-09-29T04:44:29.407Z INFO  blacksilk_node] block 16b6fc08c505357e at height 2362 accepted (tip 2362)
[2026-09-29T04:45:17.694Z INFO  blacksilk_node] block 9983107581b1ae07 at height 2363 accepted (tip 2363)
[2026-09-29T04:46:12.761Z INFO  blacksilk_node] block 6bf7dd2af06e135f at height 2364 accepted (tip 2364)
[2026-09-29T04:46:26.744Z INFO  blacksilk_node] block e489fdc7f28eea86 at height 2365 accepted (tip 2365)
[2026-09-29T04:46:48.162Z INFO  blacksilk_node] block 3a86d82b934f682f at height 2366 accepted (tip 2366)
[2026-09-29T04:47:20.148Z INFO  blacksilk_node] block 021a65ce86f8f71e at height 2367 accepted (tip 2367)
[2026-09-29T04:47:41.493Z INFO  blacksilk_node] block 6e58bb13de419964 at height 2368 accepted (tip 2368)
[2026-09-29T04:47:45.128Z INFO  blacksilk_node] block 6f16691898c12151 at height 2369 accepted (tip 2369)
[2026-09-29T04:47:53.166Z INFO  blacksilk_node] block ebed783aded57152 at height 2370 accepted (tip 2370)
[2026-09-29T04:47:55.744Z INFO  blacksilk_node] block 87457c6d29d1dc7c at height 2371 accepted (tip 2371)
[2026-09-29T04:48:01.043Z INFO  blacksilk_node] block 0b301a016dbc2978 at height 2372 accepted (tip 2372)
[2026-09-29T04:48:07.759Z INFO  blacksilk_node] block 517598b15880a094 at height 2373 accepted (tip 2373)
[2026-09-29T04:48:17.965Z INFO  blacksilk_node] block cb3554d763fa3289 at height 2374 accepted (tip 2374)
[2026-09-29T04:48:36.034Z INFO  blacksilk_node] block 9ffb714df5d5eb36 at height 2375 accepted (tip 2375)
[2026-09-29T04:48:43.952Z INFO  blacksilk_node] block 33da772ace979f9a at height 2376 accepted (tip 2376)
[2026-09-29T04:48:53.321Z INFO  blacksilk_node] block 91fe550e61c4ba59 at height 2377 accepted (tip 2377)
[2026-09-29T04:49:03.884Z INFO  blacksilk_node] block ac8df354a5c61a04 at height 2378 accepted (tip 2378)
[2026-09-29T04:49:12.979Z INFO  blacksilk_node] block a626622c814abda7 at height 2379 accepted (tip 2379)
[2026-09-29T04:49:13.695Z INFO  blacksilk_node] block d5bde1da88d2c055 at height 2380 accepted (tip 2380)
[2026-09-29T04:49:19.343Z INFO  blacksilk_node] block 66cc49424ce9c692 at height 2381 accepted (tip 2381)
[2026-09-29T04:49:22.577Z INFO  blacksilk_node] block 55cf7832834b8d97 at height 2382 accepted (tip 2382)
[2026-09-29T04:49:27.823Z INFO  blacksilk_node] block 9526e61c8832ae93 at height 2383 accepted (tip 2383)
[2026-09-29T04:49:34.970Z INFO  blacksilk_node] block 938b14c875e83b2c at height 2384 accepted (tip 2384)
[2026-09-29T04:50:05.995Z INFO  blacksilk_node] block 7d9a5a231ddeda9f at height 2385 accepted (tip 2385)
[2026-09-29T04:50:09.482Z INFO  blacksilk_node] block c3a78ec63cda1682 at height 2386 accepted (tip 2386)
[2026-09-29T04:50:10.917Z INFO  blacksilk_node] block 1d127632a2e3d91d at height 2387 accepted (tip 2387)
[2026-09-29T04:50:24.367Z INFO  blacksilk_node] block 87c51b7806dd4c03 at height 2388 accepted (tip 2388)
[2026-09-29T04:50:30.150Z INFO  blacksilk_node] block 946a899beae439aa at height 2389 accepted (tip 2389)
[2026-09-29T04:50:49.302Z INFO  blacksilk_node] block e65f1c69f78c9bdc at height 2390 accepted (tip 2390)
[2026-09-29T04:50:56.770Z INFO  blacksilk_node] block c7fc65ddc50706bc at height 2391 accepted (tip 2391)
[2026-09-29T04:50:57.866Z INFO  blacksilk_node] block 9d5c1a7de8a9e145 at height 2392 accepted (tip 2392)
[2026-09-29T04:51:08.429Z INFO  blacksilk_node] block 7182bd46be4ade19 at height 2393 accepted (tip 2393)
[2026-09-29T04:51:17.708Z INFO  blacksilk_node] block acfe5ce201dba8e5 at height 2394 accepted (tip 2394)
[2026-09-29T04:51:35.353Z INFO  blacksilk_node] block bd272ce7a187cd65 at height 2395 accepted (tip 2395)
[2026-09-29T04:51:48.445Z INFO  blacksilk_node] block 691e9b7341af9125 at height 2396 accepted (tip 2396)
[2026-09-29T04:51:53.303Z INFO  blacksilk_node] block 5fee807bc99f1d17 at height 2397 accepted (tip 2397)
[2026-09-29T04:52:13.120Z INFO  blacksilk_node] block c89326d2149cb98f at height 2398 accepted (tip 2398)
[2026-09-29T04:52:18.152Z INFO  blacksilk_node] block d5bf2f5083790cf1 at height 2399 accepted (tip 2399)
[2026-09-29T04:52:21.274Z INFO  blacksilk_node] block 92cf75c58f5b6e25 at height 2400 accepted (tip 2400)
[2026-09-29T04:52:21.926Z INFO  blacksilk_node] block a2a191ba483a5919 at height 2401 accepted (tip 2401)
[2026-09-29T04:52:25.186Z INFO  blacksilk_node] block 8d0a243db4a5e5d1 at height 2402 accepted (tip 2402)
[2026-09-29T04:52:46.884Z INFO  blacksilk_node] block 98242902451bc106 at height 2403 accepted (tip 2403)
[2026-09-29T04:52:48.854Z INFO  blacksilk_node] block 8306493ace2b60d8 at height 2404 accepted (tip 2404)
[2026-09-29T04:53:00.703Z INFO  blacksilk_node] block f567e02751d427f8 at height 2405 accepted (tip 2405)
[2026-09-29T04:53:09.519Z INFO  blacksilk_node] block f4781044da28d545 at height 2406 accepted (tip 2406)
[2026-09-29T04:53:23.563Z INFO  blacksilk_node] block cf56843f88ec3e6a at height 2407 accepted (tip 2407)
[2026-09-29T04:53:28.188Z INFO  blacksilk_node] block 1e7a8c8756add3e0 at height 2408 accepted (tip 2408)
[2026-09-29T04:53:32.767Z INFO  blacksilk_node] block 6001d7b60c884d33 at height 2409 accepted (tip 2409)
[2026-09-29T04:53:40.502Z INFO  blacksilk_node] block ba2bca1c5040092d at height 2410 accepted (tip 2410)
[2026-09-29T04:53:45.515Z INFO  blacksilk_node] block 726ecc0c21ab4c9c at height 2411 accepted (tip 2411)
[2026-09-29T04:53:47.775Z INFO  blacksilk_node] block 36c06be8e598e5dc at height 2412 accepted (tip 2412)
[2026-09-29T04:53:53.305Z INFO  blacksilk_node] block 1615b7460be7429e at height 2413 accepted (tip 2413)
[2026-09-29T04:54:16.073Z INFO  blacksilk_node] block f4c897cedd0e7b8f at height 2414 accepted (tip 2414)
[2026-09-29T04:54:19.411Z INFO  blacksilk_node] block 5287a6b790a3ad4a at height 2415 accepted (tip 2415)
[2026-09-29T04:54:55.369Z INFO  blacksilk_node] block 54c873aaea6d06e6 at height 2416 accepted (tip 2416)
[2026-09-29T04:54:59.896Z INFO  blacksilk_node] block 6291ea0a1e21dc38 at height 2417 accepted (tip 2417)
[2026-09-29T04:55:01.579Z INFO  blacksilk_node] block f2b6481a55d678b4 at height 2418 accepted (tip 2418)
[2026-09-29T04:55:11.251Z INFO  blacksilk_node] block 6c3f3d2afe62eb40 at height 2419 accepted (tip 2419)
[2026-09-29T04:55:20.683Z INFO  blacksilk_node] block 1eba880a238d639c at height 2420 accepted (tip 2420)
[2026-09-29T04:55:44.782Z INFO  blacksilk_node] block e15f984d93fa99f9 at height 2421 accepted (tip 2421)
[2026-09-29T04:55:57.223Z INFO  blacksilk_node] block 3c6f03593c3d3a25 at height 2422 accepted (tip 2422)
[2026-09-29T04:55:57.889Z INFO  blacksilk_node] block db700c30aff90cd7 at height 2423 accepted (tip 2423)
[2026-09-29T04:56:07.143Z INFO  blacksilk_node] block 37ee6067edd7f043 at height 2424 accepted (tip 2424)
[2026-09-29T04:56:20.002Z INFO  blacksilk_node] block 5166b3b8ee85c2eb at height 2426 accepted (tip 2426)
[2026-09-29T04:56:33.703Z INFO  blacksilk_node] block 54554f0de71933bb at height 2427 accepted (tip 2427)
[2026-09-29T04:56:36.030Z INFO  blacksilk_node] block aab2ece01f446806 at height 2428 accepted (tip 2428)
[2026-09-29T04:56:42.819Z INFO  blacksilk_node] block 44ddeb30f6697cca at height 2429 accepted (tip 2429)
[2026-09-29T04:56:48.187Z INFO  blacksilk_node] block d9998294ec0b1912 at height 2430 accepted (tip 2430)
[2026-09-29T04:57:04.072Z INFO  blacksilk_node] block 465041a20066464c at height 2432 accepted (tip 2432)
[2026-09-29T04:57:42.208Z INFO  blacksilk_node] block 292d9240c88c6a28 at height 2433 accepted (tip 2433)
[2026-09-29T04:57:51.589Z INFO  blacksilk_node] block 1f11ced1ea18e224 at height 2434 accepted (tip 2434)
[2026-09-29T04:57:53.449Z INFO  blacksilk_node] block 5f9bdd2fc510bd3e at height 2435 accepted (tip 2435)
[2026-09-29T04:58:25.692Z INFO  blacksilk_node] block a0dd35158ff7c00d at height 2436 accepted (tip 2436)
[2026-09-29T04:58:42.213Z INFO  blacksilk_node] block fdd11fae9cbfcde5 at height 2438 accepted (tip 2438)
[2026-09-29T04:58:47.093Z INFO  blacksilk_node] block 28e0667c82989f38 at height 2439 accepted (tip 2439)
[2026-09-29T04:58:50.481Z INFO  blacksilk_node] block 75fc9de9845bc0f6 at height 2440 accepted (tip 2440)
[2026-09-29T04:58:55.363Z INFO  blacksilk_node] block e970777434282031 at height 2441 accepted (tip 2441)
[2026-09-29T04:59:10.046Z INFO  blacksilk_node] block cee9c24745f8fd42 at height 2442 accepted (tip 2442)
[2026-09-29T04:59:10.850Z INFO  blacksilk_node] block 80f8a30adb9e6cc1 at height 2443 accepted (tip 2443)
[2026-09-29T04:59:32.674Z INFO  blacksilk_node] block d5b3d8d07cff2d7f at height 2445 accepted (tip 2445)
[2026-09-29T04:59:37.166Z INFO  blacksilk_node] block 563d70729d75a517 at height 2446 accepted (tip 2446)
[2026-09-29T04:59:47.884Z INFO  blacksilk_node] block 6081170a6814b963 at height 2447 accepted (tip 2447)
[2026-09-29T04:59:48.652Z INFO  blacksilk_node] block 69e623597943edaa at height 2448 accepted (tip 2448)
[2026-09-29T04:59:57.670Z INFO  blacksilk_node] block c0e83fcefa7268d2 at height 2449 accepted (tip 2449)
[2026-09-29T05:00:10.466Z INFO  blacksilk_node] block 101d80cfc5b84bae at height 2450 accepted (tip 2450)
[2026-09-29T05:00:14.282Z INFO  blacksilk_node] block a8cc8bfd9112294a at height 2451 accepted (tip 2451)
[2026-09-29T05:00:30.035Z INFO  blacksilk_node] block dc12c6b3ce846a7c at height 2452 accepted (tip 2452)
[2026-09-29T05:00:32.234Z INFO  blacksilk_node] block 2d1f0a3356e8acc9 at height 2453 accepted (tip 2453)
[2026-09-29T05:00:53.754Z INFO  blacksilk_node] block e3c55f2a382c79d1 at height 2454 accepted (tip 2454)
[2026-09-29T05:01:17.099Z INFO  blacksilk_node] block ac53a1e5e3f3a073 at height 2455 accepted (tip 2455)
[2026-09-29T05:01:18.054Z INFO  blacksilk_node] block 6c427bb073834b23 at height 2456 accepted (tip 2456)
[2026-09-29T05:01:20.428Z INFO  blacksilk_node] block 8c5f876c862424db at height 2457 accepted (tip 2457)
[2026-09-29T05:01:30.268Z INFO  blacksilk_node] block eebf5b841b846a1d at height 2458 accepted (tip 2458)
[2026-09-29T05:01:56.089Z INFO  blacksilk_node] block 5126a50538817121 at height 2460 accepted (tip 2460)
[2026-09-29T05:02:08.785Z INFO  blacksilk_node] block 8f89f9a014a9f025 at height 2461 accepted (tip 2461)
[2026-09-29T05:02:20.513Z INFO  blacksilk_node] block 23f30c1aaa2e73d4 at height 2462 accepted (tip 2462)
[2026-09-29T05:02:28.835Z INFO  blacksilk_node] block f054f370a4808e1a at height 2463 accepted (tip 2463)
[2026-09-29T05:02:31.115Z INFO  blacksilk_node] block 12175ab2d0d11713 at height 2464 accepted (tip 2464)
[2026-09-29T05:02:39.840Z INFO  blacksilk_node] block a25da9fb37a9fad9 at height 2465 accepted (tip 2465)
[2026-09-29T05:02:43.807Z INFO  blacksilk_node] block 858b06377a00e16a at height 2466 accepted (tip 2466)
[2026-09-29T05:02:53.171Z INFO  blacksilk_node] block bc1c537528e123de at height 2467 accepted (tip 2467)
[2026-09-29T05:03:23.005Z INFO  blacksilk_node] block 7ad6d8405270db2f at height 2468 accepted (tip 2468)
[2026-09-29T05:03:30.483Z INFO  blacksilk_node] block 1dd85dc25718e76d at height 2469 accepted (tip 2469)
[2026-09-29T05:03:32.203Z INFO  blacksilk_node] block 6564659382e5da0e at height 2470 accepted (tip 2470)
[2026-09-29T05:03:39.238Z INFO  blacksilk_node] block f1be1ac7ae9224ab at height 2471 accepted (tip 2471)
[2026-09-29T05:03:42.968Z INFO  blacksilk_node] block 420fa249a40dd7fe at height 2472 accepted (tip 2472)
[2026-09-29T05:04:05.316Z INFO  blacksilk_node] block d5e467b540bb231e at height 2474 accepted (tip 2474)
[2026-09-29T05:04:07.650Z INFO  blacksilk_node] block d22abed56ac4df55 at height 2475 accepted (tip 2475)
[2026-09-29T05:04:16.248Z INFO  blacksilk_node] block a653c398047f2d7c at height 2477 accepted (tip 2477)
[2026-09-29T05:04:22.622Z INFO  blacksilk_node] block 1100a21df4a8affa at height 2478 accepted (tip 2478)
[2026-09-29T05:04:23.845Z INFO  blacksilk_node] block 9d67624cb347c04d at height 2479 accepted (tip 2479)
[2026-09-29T05:04:28.262Z INFO  blacksilk_node] block 27f086c3a45d8d80 at height 2480 accepted (tip 2480)
[2026-09-29T05:04:31.324Z INFO  blacksilk_node] block 26d65d08f5f69602 at height 2481 accepted (tip 2481)
[2026-09-29T05:04:37.202Z INFO  blacksilk_node] block b02fac65191de7fd at height 2482 accepted (tip 2482)
[2026-09-29T05:04:49.941Z INFO  blacksilk_node] block c64de6c8aa11d5f5 at height 2483 accepted (tip 2483)
[2026-09-29T05:05:06.174Z INFO  blacksilk_node] block 8259b86a4965a477 at height 2484 accepted (tip 2484)
[2026-09-29T05:05:35.651Z INFO  blacksilk_node] block a5b30afbaca7e13f at height 2485 accepted (tip 2485)
[2026-09-29T05:05:38.069Z INFO  blacksilk_node] block 7fc9ca9fc4abc335 at height 2486 accepted (tip 2486)
[2026-09-29T05:05:43.541Z INFO  blacksilk_node] block d7a33b50ba978aed at height 2487 accepted (tip 2487)
[2026-09-29T05:06:17.298Z INFO  blacksilk_node] block cc509c5421b7352d at height 2488 accepted (tip 2488)
[2026-09-29T05:06:23.049Z INFO  blacksilk_node] block 240386f3fefbc512 at height 2489 accepted (tip 2489)
[2026-09-29T05:06:29.922Z INFO  blacksilk_node] block 43bd5f1beacf1565 at height 2490 accepted (tip 2490)
[2026-09-29T05:06:52.148Z INFO  blacksilk_node] block 2331a879db74d093 at height 2491 accepted (tip 2491)
[2026-09-29T05:07:02.140Z INFO  blacksilk_node] block 222617503c3fdae6 at height 2492 accepted (tip 2492)
[2026-09-29T05:07:08.979Z INFO  blacksilk_node] block edf0278f1cb0ba71 at height 2493 accepted (tip 2493)
[2026-09-29T05:07:11.201Z INFO  blacksilk_node] block d9b7ccf83f5b38f1 at height 2494 accepted (tip 2494)
[2026-09-29T05:07:16.755Z INFO  blacksilk_node] block a0397eaaba84f88f at height 2495 accepted (tip 2495)
[2026-09-29T05:07:21.339Z INFO  blacksilk_node] block 1885307118813454 at height 2496 accepted (tip 2496)
[2026-09-29T05:07:45.456Z INFO  blacksilk_node] block 97d952709143f9ec at height 2497 accepted (tip 2497)
[2026-09-29T05:07:49.391Z INFO  blacksilk_node] block e51bd46fb973867a at height 2498 accepted (tip 2498)
[2026-09-29T05:07:56.651Z INFO  blacksilk_node] block 2959a50bd91e47cf at height 2499 accepted (tip 2499)
[2026-09-29T05:08:13.305Z INFO  blacksilk_node] block 7a5d93c6180e207d at height 2500 accepted (tip 2500)
[2026-09-29T05:08:33.895Z INFO  blacksilk_node] block e52ee31f35433a64 at height 2501 accepted (tip 2501)
[2026-09-29T05:08:38.452Z INFO  blacksilk_node] block 72d1680119ed9d6f at height 2502 accepted (tip 2502)
[2026-09-29T05:08:42.435Z INFO  blacksilk_node] block 37c3dc71ef980c65 at height 2503 accepted (tip 2503)
[2026-09-29T05:08:45.529Z INFO  blacksilk_node] block e64c9eeb10a96aed at height 2504 accepted (tip 2504)
[2026-09-29T05:08:52.129Z INFO  blacksilk_node] block 44fb303e60f66afb at height 2505 accepted (tip 2505)
[2026-09-29T05:08:55.000Z INFO  blacksilk_node] block 11a955da5051c5ba at height 2506 accepted (tip 2506)
[2026-09-29T05:09:00.792Z INFO  blacksilk_node] block d338167a7cc36e62 at height 2507 accepted (tip 2507)
[2026-09-29T05:09:20.605Z INFO  blacksilk_node] block ed6327e5b8f14a68 at height 2508 accepted (tip 2508)
[2026-09-29T05:09:24.336Z INFO  blacksilk_node] block 645944a9169ed541 at height 2509 accepted (tip 2509)
[2026-09-29T05:09:25.400Z INFO  blacksilk_node] block eabcb9bcf7bce5bb at height 2510 accepted (tip 2510)
[2026-09-29T05:09:32.963Z INFO  blacksilk_node] block 26898cf02311fa7f at height 2511 accepted (tip 2511)
[2026-09-29T05:09:35.592Z INFO  blacksilk_node] block 58cef296b9d4ff9a at height 2512 accepted (tip 2512)
[2026-09-29T05:09:39.313Z INFO  blacksilk_node] block dede3d8619d810ac at height 2513 accepted (tip 2513)
[2026-09-29T05:09:52.431Z INFO  blacksilk_node] block 09815d76a7f5f09d at height 2514 accepted (tip 2514)
[2026-09-29T05:10:36.317Z INFO  blacksilk_node] block cac89a8f2c830c67 at height 2517 accepted (tip 2517)
[2026-09-29T05:10:51.279Z INFO  blacksilk_node] block e29b48f767a39332 at height 2518 accepted (tip 2518)
[2026-09-29T05:11:22.979Z INFO  blacksilk_node] block 8599f920f12f6cdb at height 2519 accepted (tip 2519)
[2026-09-29T05:11:24.805Z INFO  blacksilk_node] block 70f7a0ad3e5dd1f0 at height 2520 accepted (tip 2520)
[2026-09-29T05:11:35.405Z INFO  blacksilk_node] block 4796ca5e21abde9d at height 2522 accepted (tip 2522)
[2026-09-29T05:11:42.821Z INFO  blacksilk_node] block 078e838d51e521a9 at height 2523 accepted (tip 2523)
[2026-09-29T05:11:47.326Z INFO  blacksilk_node] block 029684ddc647ec2e at height 2524 accepted (tip 2524)
[2026-09-29T05:11:48.525Z INFO  blacksilk_node] block 8e4a18908e0c63e0 at height 2525 accepted (tip 2525)
[2026-09-29T05:12:01.520Z INFO  blacksilk_node] block aeffe41c38029417 at height 2526 accepted (tip 2526)
[2026-09-29T05:12:08.821Z INFO  blacksilk_node] block 248a76dbbf6a476a at height 2527 accepted (tip 2527)
[2026-09-29T05:12:12.727Z INFO  blacksilk_node] block a738808aa3e0e072 at height 2528 accepted (tip 2528)
[2026-09-29T05:12:17.038Z INFO  blacksilk_node] block 05acd3ae7d742d52 at height 2529 accepted (tip 2529)
[2026-09-29T05:12:39.024Z INFO  blacksilk_node] block 1dffe6ada3f093fd at height 2530 accepted (tip 2530)
[2026-09-29T05:12:43.183Z INFO  blacksilk_node] block 3e3d25d5eca1ace7 at height 2531 accepted (tip 2531)
[2026-09-29T05:12:50.586Z INFO  blacksilk_node] block 9553371ee5965666 at height 2532 accepted (tip 2532)
[2026-09-29T05:12:51.467Z INFO  blacksilk_node] block 5de9785b3851ecb0 at height 2533 accepted (tip 2533)
[2026-09-29T05:12:59.847Z INFO  blacksilk_node] block 1087c2d38b5ab212 at height 2534 accepted (tip 2534)
[2026-09-29T05:13:22.848Z INFO  blacksilk_node] block 2e6b7dd1569f177c at height 2535 accepted (tip 2535)
[2026-09-29T05:13:36.727Z INFO  blacksilk_node] block 73b937dd9a26bca1 at height 2536 accepted (tip 2536)
[2026-09-29T05:13:48.197Z INFO  blacksilk_node] block 5caa734b26795d8d at height 2538 accepted (tip 2538)
[2026-09-29T05:14:16.245Z INFO  blacksilk_node] block 2a52a40ba97bfd61 at height 2539 accepted (tip 2539)
[2026-09-29T05:14:25.302Z INFO  blacksilk_node] block d3f3d4e2ce3eb27c at height 2540 accepted (tip 2540)
[2026-09-29T05:14:38.321Z INFO  blacksilk_node] block 230f226d1ad7c10c at height 2541 accepted (tip 2541)
[2026-09-29T05:14:52.851Z INFO  blacksilk_node] block 01acc959ec42c832 at height 2542 accepted (tip 2542)
[2026-09-29T05:14:58.301Z INFO  blacksilk_node] block 22d799c1bf46930e at height 2543 accepted (tip 2543)
[2026-09-29T05:15:27.725Z INFO  blacksilk_node] block 3e76c1e7799c38f1 at height 2544 accepted (tip 2544)
[2026-09-29T05:15:35.833Z INFO  blacksilk_node] block 0d10ea3b4dacb821 at height 2545 accepted (tip 2545)
[2026-09-29T05:15:40.641Z INFO  blacksilk_node] block efbdd71cc2a427f1 at height 2546 accepted (tip 2546)
[2026-09-29T05:15:45.784Z INFO  blacksilk_node] block 1ec80bbdbe8143a1 at height 2547 accepted (tip 2547)
[2026-09-29T05:15:57.573Z INFO  blacksilk_node] block 6943ccd752afb07b at height 2548 accepted (tip 2548)
[2026-09-29T05:16:20.705Z INFO  blacksilk_node] block 551036da87b89638 at height 2549 accepted (tip 2549)
[2026-09-29T05:16:29.776Z INFO  blacksilk_node] block 903b397ff18aa38c at height 2550 accepted (tip 2550)
[2026-09-29T05:16:30.835Z INFO  blacksilk_node] block 5609b4737fed4806 at height 2551 accepted (tip 2551)
[2026-09-29T05:16:33.348Z INFO  blacksilk_node] block 2688b452e43eddd5 at height 2552 accepted (tip 2552)
[2026-09-29T05:16:34.401Z INFO  blacksilk_node] block 4e3bbebca896fd14 at height 2553 accepted (tip 2553)
[2026-09-29T05:16:35.242Z INFO  blacksilk_node] block e39fc80e5d245f1a at height 2554 accepted (tip 2554)
[2026-09-29T05:16:36.113Z INFO  blacksilk_node] block 9e573f734ddcd5f1 at height 2555 accepted (tip 2555)
[2026-09-29T05:16:39.595Z INFO  blacksilk_node] block e156747f1a95f01c at height 2556 accepted (tip 2556)
[2026-09-29T05:16:41.821Z INFO  blacksilk_node] block 67be81306813cd99 at height 2557 accepted (tip 2557)
[2026-09-29T05:16:42.543Z INFO  blacksilk_node] block 308c1f91736a2400 at height 2558 accepted (tip 2558)
[2026-09-29T05:16:44.300Z INFO  blacksilk_node] block 1872d76f3274401d at height 2559 accepted (tip 2559)
[2026-09-29T05:16:56.195Z INFO  blacksilk_node] block db8133fc71af874c at height 2560 accepted (tip 2560)
[2026-09-29T05:17:01.506Z INFO  blacksilk_node] block de9f1e223ed84fb6 at height 2561 accepted (tip 2561)
[2026-09-29T05:17:22.513Z INFO  blacksilk_node] block a8b99de88f73fd46 at height 2562 accepted (tip 2562)
[2026-09-29T05:17:27.193Z INFO  blacksilk_node] block 1c83a1137f176980 at height 2563 accepted (tip 2563)
[2026-09-29T05:17:36.528Z INFO  blacksilk_node] block 82287164305ae2bf at height 2565 accepted (tip 2565)
[2026-09-29T05:17:38.926Z INFO  blacksilk_node] block 54baddda87745cca at height 2566 accepted (tip 2566)
[2026-09-29T05:17:44.980Z INFO  blacksilk_node] block c409c3656bf907bb at height 2567 accepted (tip 2567)
[2026-09-29T05:18:23.397Z INFO  blacksilk_node] block 470de29c52564e2f at height 2568 accepted (tip 2568)
[2026-09-29T05:18:33.563Z INFO  blacksilk_node] block 3392600ccee32d8f at height 2569 accepted (tip 2569)
[2026-09-29T05:18:38.840Z INFO  blacksilk_node] block 825e22e14aafa2db at height 2570 accepted (tip 2570)
[2026-09-29T05:18:48.377Z INFO  blacksilk_node] block 5c3f63e6178e18f6 at height 2571 accepted (tip 2571)
[2026-09-29T05:18:55.124Z INFO  blacksilk_node] block 1d8773caf67df6ae at height 2572 accepted (tip 2572)
[2026-09-29T05:19:20.876Z INFO  blacksilk_node] block 9d0435274bfdc49f at height 2573 accepted (tip 2573)
[2026-09-29T05:19:31.345Z INFO  blacksilk_node] block 9100ba15ed1f4d74 at height 2574 accepted (tip 2574)
[2026-09-29T05:19:35.676Z INFO  blacksilk_node] block ec306fe95daa7046 at height 2575 accepted (tip 2575)
[2026-09-29T05:19:46.995Z INFO  blacksilk_node] block 72ebdf1ce20d70b9 at height 2576 accepted (tip 2576)
[2026-09-29T05:20:06.576Z INFO  blacksilk_node] block 7394f3b5e5b8ddcb at height 2577 accepted (tip 2577)
[2026-09-29T05:20:09.534Z INFO  blacksilk_node] block 9746956f6725e2f0 at height 2578 accepted (tip 2578)
[2026-09-29T05:20:18.998Z INFO  blacksilk_node] block c5c58b27b8df604a at height 2579 accepted (tip 2579)
[2026-09-29T05:20:22.998Z INFO  blacksilk_node] block 994f077e57016b25 at height 2580 accepted (tip 2580)
[2026-09-29T05:20:33.527Z INFO  blacksilk_node] block 146282227a8e60d7 at height 2581 accepted (tip 2581)
[2026-09-29T05:20:39.536Z INFO  blacksilk_node] block 6f924f211b5db4d9 at height 2582 accepted (tip 2582)
[2026-09-29T05:20:40.662Z INFO  blacksilk_node] block 404aeb9e9fce0d8b at height 2583 accepted (tip 2583)
[2026-09-29T05:20:55.889Z INFO  blacksilk_node] block 65471ed7c367e84f at height 2584 accepted (tip 2584)
[2026-09-29T05:20:57.328Z INFO  blacksilk_node] block 9a0124405b552ba6 at height 2585 accepted (tip 2585)
[2026-09-29T05:21:02.080Z INFO  blacksilk_node] block b5b5e67c90c1dfe7 at height 2586 accepted (tip 2586)
[2026-09-29T05:21:06.027Z INFO  blacksilk_node] block 4534d69850aaaf46 at height 2587 accepted (tip 2587)
[2026-09-29T05:21:20.595Z INFO  blacksilk_node] block dc4caa272a37f856 at height 2588 accepted (tip 2588)
[2026-09-29T05:22:16.809Z INFO  blacksilk_node] block e37ebf7250259bb6 at height 2589 accepted (tip 2589)
[2026-09-29T05:22:26.619Z INFO  blacksilk_node] block a20c910246658ede at height 2590 accepted (tip 2590)
[2026-09-29T05:22:31.900Z INFO  blacksilk_node] block e4caba9a2ba399f1 at height 2591 accepted (tip 2591)
[2026-09-29T05:22:59.659Z INFO  blacksilk_node] block f1f6153d1b46a604 at height 2592 accepted (tip 2592)
[2026-09-29T05:23:07.751Z INFO  blacksilk_node] block 5a557c92e870255c at height 2593 accepted (tip 2593)
[2026-09-29T05:23:10.773Z INFO  blacksilk_node] block ddbdcc914ba0fc73 at height 2594 accepted (tip 2594)
[2026-09-29T05:23:35.517Z INFO  blacksilk_node] block fec696e9fa802bcd at height 2595 accepted (tip 2595)
[2026-09-29T05:23:47.876Z INFO  blacksilk_node] block 9613148b047fb2d5 at height 2596 accepted (tip 2596)
[2026-09-29T05:23:57.158Z INFO  blacksilk_node] block ca0774f183757197 at height 2597 accepted (tip 2597)
[2026-09-29T05:23:59.155Z INFO  blacksilk_node] block d475459809a3bb41 at height 2598 accepted (tip 2598)
[2026-09-29T05:24:05.270Z INFO  blacksilk_node] block 4f04f2c4f7a2e5a5 at height 2599 accepted (tip 2599)
[2026-09-29T05:24:05.911Z INFO  blacksilk_node] block 30bd1665ed852370 at height 2600 accepted (tip 2600)
[2026-09-29T05:24:10.943Z INFO  blacksilk_node] block 8860b2a78484d27b at height 2601 accepted (tip 2601)
[2026-09-29T05:24:22.274Z INFO  blacksilk_node] block 6655c6dcd0aae6c5 at height 2602 accepted (tip 2602)
[2026-09-29T05:24:32.219Z INFO  blacksilk_node] block e874a85f0a2d7a5c at height 2603 accepted (tip 2603)
[2026-09-29T05:24:35.178Z INFO  blacksilk_node] block d8526b61c3463016 at height 2604 accepted (tip 2604)
[2026-09-29T05:24:36.065Z INFO  blacksilk_node] block c3430c5303efd56a at height 2605 accepted (tip 2605)
[2026-09-29T05:24:39.748Z INFO  blacksilk_node] block 6613f8fc694c749d at height 2606 accepted (tip 2606)
[2026-09-29T05:24:53.892Z INFO  blacksilk_node] block ab2a41b876ce4b55 at height 2607 accepted (tip 2607)
[2026-09-29T05:24:58.599Z INFO  blacksilk_node] block 1bd93fa3b11e1d19 at height 2608 accepted (tip 2608)
[2026-09-29T05:25:03.556Z INFO  blacksilk_node] block 1b5b125fb4742857 at height 2609 accepted (tip 2609)
[2026-09-29T05:25:14.112Z INFO  blacksilk_node] block 2e5ead3cc8cbe26c at height 2611 accepted (tip 2611)
[2026-09-29T05:25:25.784Z INFO  blacksilk_node] block 937a15750d0d724f at height 2612 accepted (tip 2612)
[2026-09-29T05:25:28.805Z INFO  blacksilk_node] block e6f6a8a7c4a31ebe at height 2613 accepted (tip 2613)
[2026-09-29T05:25:35.395Z INFO  blacksilk_node] block a599cd8ea1fbe134 at height 2614 accepted (tip 2614)
[2026-09-29T05:25:36.569Z INFO  blacksilk_node] block 576715e53ffd6746 at height 2615 accepted (tip 2615)
[2026-09-29T05:25:37.586Z INFO  blacksilk_node] block 86ce0740f63ae185 at height 2616 accepted (tip 2616)
[2026-09-29T05:25:40.711Z INFO  blacksilk_node] block 2823d28b96b41667 at height 2617 accepted (tip 2617)
[2026-09-29T05:25:55.501Z INFO  blacksilk_node] block c8e6e570d6d72e60 at height 2618 accepted (tip 2618)
[2026-09-29T05:26:03.732Z INFO  blacksilk_node] block be913aff4cd86305 at height 2619 accepted (tip 2619)
[2026-09-29T05:26:12.727Z INFO  blacksilk_node] block 7492075ba948ab60 at height 2620 accepted (tip 2620)
[2026-09-29T05:26:20.707Z INFO  blacksilk_node] block 2cb4eb54e28d0d0d at height 2621 accepted (tip 2621)
[2026-09-29T05:26:51.468Z INFO  blacksilk_node] block c1951cd55e93cda6 at height 2623 accepted (tip 2623)
[2026-09-29T05:26:54.292Z INFO  blacksilk_node] block 914e4c46cc86228d at height 2624 accepted (tip 2624)
[2026-09-29T05:27:00.288Z INFO  blacksilk_node] block 63236b1518cf1944 at height 2625 accepted (tip 2625)
[2026-09-29T05:27:00.918Z INFO  blacksilk_node] block 8c59f708b5d109aa at height 2626 accepted (tip 2626)
[2026-09-29T05:27:03.593Z INFO  blacksilk_node] block 1f22bbe3e083c85c at height 2627 accepted (tip 2627)
[2026-09-29T05:27:05.341Z INFO  blacksilk_node] block 5f59c2028e1a0dc3 at height 2628 accepted (tip 2628)
[2026-09-29T05:27:08.451Z INFO  blacksilk_node] block 0106030219c4ec0a at height 2629 accepted (tip 2629)
[2026-09-29T05:27:17.583Z INFO  blacksilk_node] block 43ee8b3203573abf at height 2630 accepted (tip 2630)
[2026-09-29T05:27:24.022Z INFO  blacksilk_node] block a37102196ecef854 at height 2631 accepted (tip 2631)
[2026-09-29T05:27:36.115Z INFO  blacksilk_node] block 2bf0e7c2fcd65b94 at height 2632 accepted (tip 2632)
[2026-09-29T05:27:45.075Z INFO  blacksilk_node] block ef7cfae02cc60019 at height 2633 accepted (tip 2633)
[2026-09-29T05:27:47.685Z INFO  blacksilk_p2p::net::conn] disconnected peer 127.0.0.1:50202
[2026-09-29T05:27:47.685Z INFO  blacksilk_p2p::net::conn] disconnected peer 127.0.0.1:41440
[2026-09-29T05:27:47.685Z INFO  blacksilk_p2p::net::conn] disconnected peer 127.0.0.1:41448
[2026-09-29T05:27:50.572Z INFO  blacksilk_node] block 7b76800203b2f53b at height 2634 accepted (tip 2634)
[2026-09-29T05:27:57.414Z INFO  blacksilk_node] block 11796f57552a18cb at height 2635 accepted (tip 2635)
[2026-09-29T05:28:23.661Z INFO  blacksilk_node] block 407b3fa12dd387fb at height 2636 accepted (tip 2636)
[2026-09-29T05:28:32.589Z INFO  blacksilk_node] block bb9910cc3d9af174 at height 2637 accepted (tip 2637)
[2026-09-29T05:28:54.893Z INFO  blacksilk_node] block 1c6a682f27c39042 at height 2638 accepted (tip 2638)
[2026-09-29T05:29:13.852Z INFO  blacksilk_node] block c384f5d3ce4dec4f at height 2639 accepted (tip 2639)
[2026-09-29T05:29:56.739Z INFO  blacksilk_node] block cfe7a2b42040a0c1 at height 2640 accepted (tip 2640)
[2026-09-29T05:30:21.118Z INFO  blacksilk_node] block c8d84f8dafa82b91 at height 2641 accepted (tip 2641)
[2026-09-29T05:30:23.563Z INFO  blacksilk_node] block 097f7908c4249eab at height 2642 accepted (tip 2642)
[2026-09-29T05:30:24.661Z INFO  blacksilk_node] block 788d0a2d2122aeaa at height 2643 accepted (tip 2643)
[2026-09-29T05:30:25.302Z INFO  blacksilk_node] block 6b2b5ad1170e2bef at height 2644 accepted (tip 2644)
[2026-09-29T05:30:34.275Z INFO  blacksilk_node] block cdc5c8c34bbaf4b6 at height 2645 accepted (tip 2645)
[2026-09-29T05:30:51.338Z INFO  blacksilk_node] block 8d40f8f5d8ed723b at height 2646 accepted (tip 2646)
[2026-09-29T05:30:53.840Z INFO  blacksilk_node] block 08137dee48091840 at height 2647 accepted (tip 2647)
[2026-09-29T05:30:55.552Z INFO  blacksilk_node] block b5c57e8e6ce1c319 at height 2648 accepted (tip 2648)
[2026-09-29T05:30:56.319Z INFO  blacksilk_p2p::net::conn] connected inbound peer 127.0.0.1:44818 (height 2633)
[2026-09-29T05:30:56.898Z INFO  blacksilk_p2p::net::conn] connected outbound peer 127.0.0.1:50202 (height 2633)
[2026-09-29T05:30:58.411Z INFO  blacksilk_p2p::net::conn] connected inbound peer 127.0.0.1:44827 (height 2633)
[2026-09-29T05:31:15.136Z INFO  blacksilk_node] block 3b8b31a913d543bd at height 2649 accepted (tip 2649)
[2026-09-29T05:31:22.386Z INFO  blacksilk_node] block d197a106c7027631 at height 2650 accepted (tip 2650)
[2026-09-29T05:31:42.473Z INFO  blacksilk_node] block 2b7e5ecbf50ca1b2 at height 2651 accepted (tip 2651)
[2026-09-29T05:31:50.931Z INFO  blacksilk_node] block 98e769c22364ad9f at height 2652 accepted (tip 2652)
[2026-09-29T05:32:04.720Z INFO  blacksilk_node] block 89717feeda90d101 at height 2653 accepted (tip 2653)
[2026-09-29T05:32:19.061Z INFO  blacksilk_node] block e77049c91bf7fd16 at height 2654 accepted (tip 2654)
[2026-09-29T05:32:22.420Z INFO  blacksilk_node] block 99ef130fcdd908ad at height 2655 accepted (tip 2655)
[2026-09-29T05:32:41.455Z INFO  blacksilk_node] block bff8be15e3fdd2b4 at height 2657 accepted (tip 2657)
[2026-09-29T05:32:56.672Z INFO  blacksilk_node] block 72fc5b74c26ff258 at height 2659 accepted (tip 2659)
[2026-09-29T05:32:57.591Z INFO  blacksilk_node] block f523228f73177d1e at height 2660 accepted (tip 2660)
[2026-09-29T05:33:01.393Z INFO  blacksilk_node] block c8fc65a66d45fc1b at height 2661 accepted (tip 2661)
[2026-09-29T05:33:02.129Z INFO  blacksilk_node] block f11ff8a02d260f84 at height 2662 accepted (tip 2662)
[2026-09-29T05:33:22.671Z INFO  blacksilk_node] block 32df6155408a798c at height 2663 accepted (tip 2663)
[2026-09-29T05:33:27.373Z INFO  blacksilk_node] block 36159678ced8d258 at height 2664 accepted (tip 2664)
[2026-09-29T05:33:30.991Z INFO  blacksilk_node] block a7bddf5394422715 at height 2665 accepted (tip 2665)
[2026-09-29T05:33:43.479Z INFO  blacksilk_node] block 30c5dddb0a6c051e at height 2666 accepted (tip 2666)
[2026-09-29T05:33:46.320Z INFO  blacksilk_node] block d9673d842e845ac4 at height 2667 accepted (tip 2667)
[2026-09-29T05:33:47.910Z INFO  blacksilk_node] block a9ce8e110d57db45 at height 2668 accepted (tip 2668)
[2026-09-29T05:33:58.193Z INFO  blacksilk_node] block 2db13494264f6bd1 at height 2669 accepted (tip 2669)
[2026-09-29T05:34:05.731Z INFO  blacksilk_node] block b9b2d9acb73fe216 at height 2670 accepted (tip 2670)
[2026-09-29T05:34:06.456Z INFO  blacksilk_node] block ac1db2b2ed1ac462 at height 2671 accepted (tip 2671)
[2026-09-29T05:34:10.878Z INFO  blacksilk_node] block 715066fca1051d91 at height 2672 accepted (tip 2672)
[2026-09-29T05:34:34.626Z INFO  blacksilk_node] block 14e80fc49d7a1e5d at height 2673 accepted (tip 2673)
[2026-09-29T05:34:43.027Z INFO  blacksilk_node] block aedcb5969ed22df0 at height 2674 accepted (tip 2674)
[2026-09-29T05:35:26.767Z INFO  blacksilk_node] block 3f38a61a286ee38a at height 2675 accepted (tip 2675)
[2026-09-29T05:35:28.331Z INFO  blacksilk_node] block 6320b99949fc9a0f at height 2676 accepted (tip 2676)
[2026-09-29T05:35:30.806Z INFO  blacksilk_node] block 0df94255d36d82e4 at height 2677 accepted (tip 2677)
[2026-09-29T05:35:35.346Z INFO  blacksilk_node] block e618e1e20af1aec3 at height 2678 accepted (tip 2678)
[2026-09-29T05:35:37.309Z INFO  blacksilk_node] block b5ac021206be6241 at height 2679 accepted (tip 2679)
[2026-09-29T05:36:06.813Z INFO  blacksilk_node] block 1e4ae6b85943f121 at height 2680 accepted (tip 2680)
[2026-09-29T05:36:12.143Z INFO  blacksilk_node] block f6f91cc2038be216 at height 2681 accepted (tip 2681)
[2026-09-29T05:37:26.172Z INFO  blacksilk_node] block 7e598c1c7eb3491c at height 2682 accepted (tip 2682)
[2026-09-29T05:37:36.279Z INFO  blacksilk_node] block 3e498f69b4c33d16 at height 2683 accepted (tip 2683)
[2026-09-29T05:37:51.057Z INFO  blacksilk_node] block 0d8c697ef7168751 at height 2684 accepted (tip 2684)
[2026-09-29T05:38:22.121Z INFO  blacksilk_node] block a79d9dd9df938888 at height 2685 accepted (tip 2685)
[2026-09-29T05:39:08.285Z INFO  blacksilk_node] block 71e9116dc92704b3 at height 2686 accepted (tip 2686)
[2026-09-29T05:39:37.251Z INFO  blacksilk_node] block 26eacf62c9dd0ec1 at height 2687 accepted (tip 2687)
[2026-09-29T05:40:09.430Z INFO  blacksilk_node] block 5b3ce95df7314130 at height 2688 accepted (tip 2688)
[2026-09-29T05:40:19.260Z INFO  blacksilk_node] block d02b3998eb45b019 at height 2689 accepted (tip 2689)
[2026-09-29T05:40:39.096Z INFO  blacksilk_node] block 78748eef2e8b6093 at height 2690 accepted (tip 2690)
[2026-09-29T05:40:42.815Z INFO  blacksilk_node] block 69b2f9e8fc3587d4 at height 2691 accepted (tip 2691)
[2026-09-29T05:41:10.950Z INFO  blacksilk_node] block 64533558cf23d554 at height 2692 accepted (tip 2692)
[2026-09-29T05:41:32.157Z INFO  blacksilk_node] block 95f37c690c814c5a at height 2693 accepted (tip 2693)
[2026-09-29T05:41:41.564Z INFO  blacksilk_node] block 9f30c09a2b3e09f0 at height 2694 accepted (tip 2694)
[2026-09-29T05:41:46.230Z INFO  blacksilk_node] block 2cafdc5566f13c60 at height 2695 accepted (tip 2695)
[2026-09-29T05:42:09.660Z INFO  blacksilk_node] block 772c5e3dfb6864cf at height 2696 accepted (tip 2696)
[2026-09-29T05:42:12.780Z INFO  blacksilk_node] block 8702836a34ef584c at height 2697 accepted (tip 2697)
[2026-09-29T05:42:15.683Z INFO  blacksilk_node] block 4d3f181d262a0eac at height 2698 accepted (tip 2698)
[2026-09-29T05:42:19.224Z INFO  blacksilk_node] block e9bfbb497aba0f41 at height 2699 accepted (tip 2699)
[2026-09-29T05:42:21.799Z INFO  blacksilk_node] block 436c0575b422b78b at height 2700 accepted (tip 2700)
[2026-09-29T05:42:27.338Z INFO  blacksilk_node] block 4f0cafe371fcd614 at height 2701 accepted (tip 2701)
[2026-09-29T05:43:20.733Z INFO  blacksilk_node] block 06b9c8a01f87fe6a at height 2703 accepted (tip 2703)
[2026-09-29T05:43:21.762Z INFO  blacksilk_node] block 4a0cbf8a4e140448 at height 2704 accepted (tip 2704)
[2026-09-29T05:43:31.855Z INFO  blacksilk_node] block 3b7c274ca8eb157c at height 2705 accepted (tip 2705)
[2026-09-29T05:43:33.106Z INFO  blacksilk_node] block 8b02b28ad8a21b69 at height 2706 accepted (tip 2706)
[2026-09-29T05:43:53.775Z INFO  blacksilk_node] block 961847ff4dc4648d at height 2707 accepted (tip 2707)
[2026-09-29T05:43:55.006Z INFO  blacksilk_node] block d7211701b64d914c at height 2708 accepted (tip 2708)
[2026-09-29T05:43:57.491Z INFO  blacksilk_node] block 98d992de654ce572 at height 2709 accepted (tip 2709)
[2026-09-29T05:44:07.456Z INFO  blacksilk_node] block 25b25ab2d6396602 at height 2710 accepted (tip 2710)
[2026-09-29T05:44:08.988Z INFO  blacksilk_node] block dd2f25387bc603a6 at height 2711 accepted (tip 2711)
[2026-09-29T05:44:18.251Z INFO  blacksilk_node] block d4ae31d6c3ba9fb1 at height 2712 accepted (tip 2712)
[2026-09-29T05:44:20.391Z INFO  blacksilk_node] block 5699b6c20dab345c at height 2713 accepted (tip 2713)
[2026-09-29T05:44:25.954Z INFO  blacksilk_node] block 51cfaaafee51c1ff at height 2714 accepted (tip 2714)
[2026-09-29T05:44:32.114Z INFO  blacksilk_node] block 59dba8e868ac07ab at height 2715 accepted (tip 2715)
[2026-09-29T05:44:42.849Z INFO  blacksilk_node] block 5c77af4f51861b66 at height 2716 accepted (tip 2716)
[2026-09-29T05:44:55.354Z INFO  blacksilk_node] block 85841db80fb37ad0 at height 2718 accepted (tip 2718)
[2026-09-29T05:44:58.375Z INFO  blacksilk_node] block c5f885bd548128b1 at height 2719 accepted (tip 2719)
[2026-09-29T05:45:06.962Z INFO  blacksilk_node] block 241bec5d0b9e8ff7 at height 2720 accepted (tip 2720)
[2026-09-29T05:45:09.006Z INFO  blacksilk_node] block 376c100202731f66 at height 2721 accepted (tip 2721)
[2026-09-29T05:45:10.359Z INFO  blacksilk_node] block c9e6ce2b3c3d232b at height 2722 accepted (tip 2722)
[2026-09-29T05:45:12.511Z INFO  blacksilk_node] block 51e954cbdedeca09 at height 2723 accepted (tip 2723)
[2026-09-29T05:45:27.837Z INFO  blacksilk_node] block d125a176a3ede690 at height 2724 accepted (tip 2724)
[2026-09-29T05:45:37.719Z INFO  blacksilk_node] block 09235566208cfd6f at height 2726 accepted (tip 2726)
[2026-09-29T05:45:45.304Z INFO  blacksilk_node] block fe9400cb760715d9 at height 2727 accepted (tip 2727)
[2026-09-29T05:46:23.685Z INFO  blacksilk_node] block 5911fa3ad91c30be at height 2728 accepted (tip 2728)
[2026-09-29T05:46:36.179Z INFO  blacksilk_node] block 55537dd05ca33cce at height 2729 accepted (tip 2729)
[2026-09-29T05:46:56.490Z INFO  blacksilk_node] block c8465233a68bf8cd at height 2730 accepted (tip 2730)
[2026-09-29T05:47:00.264Z INFO  blacksilk_node] block 871108207d2d0654 at height 2731 accepted (tip 2731)
[2026-09-29T05:47:25.845Z INFO  blacksilk_node] block dff4f8d6f5ecf24b at height 2733 accepted (tip 2733)
[2026-09-29T05:47:27.605Z INFO  blacksilk_node] block 50ee63daa904774f at height 2734 accepted (tip 2734)
[2026-09-29T05:47:31.305Z INFO  blacksilk_node] block 2e0bfaaf902175e6 at height 2735 accepted (tip 2735)
[2026-09-29T05:47:44.146Z INFO  blacksilk_node] block 29df16b74e06ec0c at height 2736 accepted (tip 2736)
[2026-09-29T05:48:03.188Z INFO  blacksilk_node] block dad444b402b51fdb at height 2737 accepted (tip 2737)
[2026-09-29T05:48:35.326Z INFO  blacksilk_node] block fc859dab15ecb82f at height 2739 accepted (tip 2739)
[2026-09-29T05:48:54.777Z INFO  blacksilk_node] block f9ef208992dc41da at height 2740 accepted (tip 2740)
[2026-09-29T05:49:19.821Z INFO  blacksilk_node] block cda7b47d2c64e4ad at height 2741 accepted (tip 2741)
[2026-09-29T05:49:21.058Z INFO  blacksilk_node] block bb2bb519cc3b602b at height 2742 accepted (tip 2742)
[2026-09-29T05:49:30.099Z INFO  blacksilk_node] block dce7c5f16807907c at height 2743 accepted (tip 2743)
[2026-09-29T05:49:31.495Z INFO  blacksilk_node] block c8580cb5a1b49803 at height 2744 accepted (tip 2744)
[2026-09-29T05:49:43.131Z INFO  blacksilk_node] block 914addee07f6f121 at height 2745 accepted (tip 2745)
[2026-09-29T05:50:03.422Z INFO  blacksilk_node] block fcdfa3acd8887d60 at height 2746 accepted (tip 2746)
[2026-09-29T05:50:48.201Z INFO  blacksilk_node] block cbc2ec2961c0098b at height 2747 accepted (tip 2747)
[2026-09-29T05:50:50.610Z INFO  blacksilk_node] block 733e9d3b387c1d27 at height 2748 accepted (tip 2748)
[2026-09-29T05:50:56.587Z INFO  blacksilk_node] block 262da6d5e2034295 at height 2749 accepted (tip 2749)
[2026-09-29T05:51:04.174Z INFO  blacksilk_node] block 33e50a8e655ad7a7 at height 2750 accepted (tip 2750)
[2026-09-29T05:51:06.386Z INFO  blacksilk_node] block e32f1f55c1e5f5f0 at height 2751 accepted (tip 2751)
[2026-09-29T05:51:10.652Z INFO  blacksilk_node] block 42b02947ca74ff87 at height 2752 accepted (tip 2752)
[2026-09-29T05:51:15.625Z INFO  blacksilk_node] block 7934878c8d3ae96c at height 2753 accepted (tip 2753)
[2026-09-29T05:51:26.632Z INFO  blacksilk_node] block db344e3ee919f21d at height 2754 accepted (tip 2754)
[2026-09-29T05:51:33.961Z INFO  blacksilk_node] block a9f913ad74d359db at height 2755 accepted (tip 2755)
[2026-09-29T05:51:46.332Z INFO  blacksilk_node] block 08fe4d3f87c07f9b at height 2756 accepted (tip 2756)
[2026-09-29T05:51:55.855Z INFO  blacksilk_node] block 9ae84cb95f57c2fa at height 2757 accepted (tip 2757)
[2026-09-29T05:52:06.983Z INFO  blacksilk_node] block 6b3091a837f44f1f at height 2758 accepted (tip 2758)
[2026-09-29T05:52:16.321Z INFO  blacksilk_node] block f33ba02e72208fab at height 2759 accepted (tip 2759)
[2026-09-29T05:52:21.672Z INFO  blacksilk_node] block 9a5d2a3f8a4df675 at height 2760 accepted (tip 2760)
[2026-09-29T05:52:25.285Z INFO  blacksilk_node] block b4b21f3ca66998f8 at height 2761 accepted (tip 2761)
[2026-09-29T05:52:27.203Z INFO  blacksilk_node] block 920e9ff09c8922f6 at height 2762 accepted (tip 2762)
[2026-09-29T05:52:31.166Z INFO  blacksilk_node] block 4997ecedf4c0ade5 at height 2763 accepted (tip 2763)
[2026-09-29T05:52:34.533Z INFO  blacksilk_node] block 5401077a37947245 at height 2764 accepted (tip 2764)
[2026-09-29T05:52:37.652Z INFO  blacksilk_node] block 3aadd9fb3357facf at height 2765 accepted (tip 2765)
[2026-09-29T05:52:43.271Z INFO  blacksilk_node] block 2c5cd5633cf2fd53 at height 2766 accepted (tip 2766)
[2026-09-29T05:53:27.723Z INFO  blacksilk_node] block f42952c3f81eb1bb at height 2767 accepted (tip 2767)
[2026-09-29T05:53:28.844Z INFO  blacksilk_node] block f353463bfb86da26 at height 2768 accepted (tip 2768)
[2026-09-29T05:53:34.070Z INFO  blacksilk_node] block b5bb9c2f138da01b at height 2769 accepted (tip 2769)
[2026-09-29T05:53:50.887Z INFO  blacksilk_node] block 812d3c2a94e8fddd at height 2770 accepted (tip 2770)
[2026-09-29T05:53:52.828Z INFO  blacksilk_node] block f1f5574cf1393d6e at height 2771 accepted (tip 2771)
[2026-09-29T05:54:06.429Z INFO  blacksilk_node] block a7437e44066b1652 at height 2772 accepted (tip 2772)
[2026-09-29T05:54:08.739Z INFO  blacksilk_node] block 5ea4127f02b054f7 at height 2773 accepted (tip 2773)
[2026-09-29T05:54:20.584Z INFO  blacksilk_node] block 636ceced70e10d57 at height 2774 accepted (tip 2774)
[2026-09-29T05:54:26.377Z INFO  blacksilk_node] block 830cd90effc1f92d at height 2775 accepted (tip 2775)
[2026-09-29T05:54:35.651Z INFO  blacksilk_node] block d2b95d6cd895588f at height 2776 accepted (tip 2776)
[2026-09-29T05:54:44.536Z INFO  blacksilk_node] block f6b86d487c056191 at height 2778 accepted (tip 2778)
[2026-09-29T05:55:00.784Z INFO  blacksilk_node] block 9bfd9bfcef24cac7 at height 2779 accepted (tip 2779)
[2026-09-29T05:55:06.032Z INFO  blacksilk_node] block 2f8477c718774104 at height 2780 accepted (tip 2780)
[2026-09-29T05:55:12.328Z INFO  blacksilk_node] block 0887b68e88af77ee at height 2781 accepted (tip 2781)
[2026-09-29T05:55:19.465Z INFO  blacksilk_node] block a375981c3e47462e at height 2782 accepted (tip 2782)
[2026-09-29T05:55:21.446Z INFO  blacksilk_node] block 4773001630045400 at height 2783 accepted (tip 2783)
[2026-09-29T05:55:32.282Z INFO  blacksilk_node] block 207a2b56e259aa99 at height 2785 accepted (tip 2785)
[2026-09-29T05:55:34.632Z INFO  blacksilk_node] block 714cd8b88cadcf96 at height 2786 accepted (tip 2786)
[2026-09-29T05:55:44.640Z INFO  blacksilk_node] block c1a3d7fdd0636809 at height 2787 accepted (tip 2787)
[2026-09-29T05:56:30.476Z INFO  blacksilk_node] block f67fe6f0d13b0706 at height 2788 accepted (tip 2788)
[2026-09-29T05:56:36.261Z INFO  blacksilk_node] block bd38f90e15a91b7b at height 2789 accepted (tip 2789)
[2026-09-29T05:56:53.571Z INFO  blacksilk_node] block 2484dc9a1083e74c at height 2790 accepted (tip 2790)
[2026-09-29T05:57:06.656Z INFO  blacksilk_node] block 82405b7d0f9a18be at height 2791 accepted (tip 2791)
[2026-09-29T05:57:13.497Z INFO  blacksilk_node] block 0b734ee31ba141ec at height 2792 accepted (tip 2792)
[2026-09-29T05:57:23.023Z INFO  blacksilk_node] block 9bec12ca10b8129a at height 2793 accepted (tip 2793)
[2026-09-29T05:57:27.467Z INFO  blacksilk_node] block 732d1b07574e799c at height 2794 accepted (tip 2794)
[2026-09-29T05:57:38.846Z INFO  blacksilk_node] block 01ae7d8e2f4b399e at height 2795 accepted (tip 2795)
[2026-09-29T05:57:42.999Z INFO  blacksilk_node] block 4fd5662cdfee59d7 at height 2796 accepted (tip 2796)
[2026-09-29T05:57:46.186Z INFO  blacksilk_node] block 7027ec15d994d2da at height 2797 accepted (tip 2797)
[2026-09-29T05:57:51.541Z INFO  blacksilk_node] block e6030a16015af457 at height 2798 accepted (tip 2798)
[2026-09-29T05:58:00.719Z INFO  blacksilk_node] block a00660bb7277fad4 at height 2799 accepted (tip 2799)
[2026-09-29T05:58:09.770Z INFO  blacksilk_node] block 7371545e6a530a2a at height 2800 accepted (tip 2800)
[2026-09-29T05:58:12.641Z INFO  blacksilk_node] block 45ff353adcda6d0d at height 2801 accepted (tip 2801)
[2026-09-29T05:58:19.016Z INFO  blacksilk_node] block d8141a584965f06c at height 2802 accepted (tip 2802)
[2026-09-29T05:58:22.379Z INFO  blacksilk_node] block 1141e58846dcc6b8 at height 2803 accepted (tip 2803)
[2026-09-29T05:58:23.847Z INFO  blacksilk_node] block 9826ef64c505abd2 at height 2804 accepted (tip 2804)
[2026-09-29T05:59:10.999Z INFO  blacksilk_node] block 8efa7f09a97dd4b9 at height 2805 accepted (tip 2805)
[2026-09-29T05:59:23.442Z INFO  blacksilk_node] block 9c78aa984ce62429 at height 2806 accepted (tip 2806)
[2026-09-29T05:59:33.135Z INFO  blacksilk_node] block 9e50dc87d2f436de at height 2807 accepted (tip 2807)
[2026-09-29T05:59:42.095Z INFO  blacksilk_node] block a4af6c8826b6e1cc at height 2808 accepted (tip 2808)
[2026-09-29T06:00:55.159Z INFO  blacksilk_node] block 313deb65f73791e8 at height 2809 accepted (tip 2809)
[2026-09-29T06:01:22.384Z INFO  blacksilk_node] block a3d0eb26960cb8f0 at height 2810 accepted (tip 2810)
[2026-09-29T06:01:26.396Z INFO  blacksilk_node] block 0056619f5db3fab5 at height 2811 accepted (tip 2811)
[2026-09-29T06:01:29.757Z INFO  blacksilk_node] block 0282a472391c940e at height 2812 accepted (tip 2812)
[2026-09-29T06:01:44.573Z INFO  blacksilk_node] block 5ad7f64acf1313ee at height 2813 accepted (tip 2813)
[2026-09-29T06:01:53.247Z INFO  blacksilk_node] block 1fa617ee6ce4caa3 at height 2814 accepted (tip 2814)
[2026-09-29T06:02:04.675Z INFO  blacksilk_node] block e3838106c1a43f3a at height 2815 accepted (tip 2815)
[2026-09-29T06:02:06.403Z INFO  blacksilk_node] block a70e727d81ea3802 at height 2816 accepted (tip 2816)
[2026-09-29T06:02:14.550Z INFO  blacksilk_node] block 1c384b94b41b4d48 at height 2817 accepted (tip 2817)
[2026-09-29T06:02:17.506Z INFO  blacksilk_node] block 4dbfd5f88e1c9118 at height 2818 accepted (tip 2818)
[2026-09-29T06:02:18.929Z INFO  blacksilk_node] block a0a5c18fe73e386d at height 2819 accepted (tip 2819)
[2026-09-29T06:02:24.732Z INFO  blacksilk_node] block fc4bf0073bf1a6bf at height 2820 accepted (tip 2820)
[2026-09-29T06:02:46.965Z INFO  blacksilk_node] block 1ffcacf68450a122 at height 2821 accepted (tip 2821)
[2026-09-29T06:02:50.747Z INFO  blacksilk_node] block 90618326fb6d766e at height 2822 accepted (tip 2822)
[2026-09-29T06:02:55.724Z INFO  blacksilk_node] block 9b0ea320fe896e23 at height 2823 accepted (tip 2823)
[2026-09-29T06:02:57.123Z INFO  blacksilk_node] block 07b7f900df96fbef at height 2824 accepted (tip 2824)
[2026-09-29T06:02:59.375Z INFO  blacksilk_node] block 4b9159752dd93172 at height 2825 accepted (tip 2825)
[2026-09-29T06:03:06.780Z INFO  blacksilk_node] block f6b6dde0ae34d3b7 at height 2826 accepted (tip 2826)
[2026-09-29T06:03:42.227Z INFO  blacksilk_node] block a438ff63f53b8a3b at height 2827 accepted (tip 2827)
[2026-09-29T06:04:06.388Z INFO  blacksilk_node] block f3473fe17cb56738 at height 2828 accepted (tip 2828)
[2026-09-29T06:04:07.881Z INFO  blacksilk_node] block dc3b4d9d9359e490 at height 2829 accepted (tip 2829)
[2026-09-29T06:05:29.108Z INFO  blacksilk_node] block 76346fae442c0a45 at height 2830 accepted (tip 2830)
[2026-09-29T06:06:04.030Z INFO  blacksilk_node] block 1b39f2b281ba78c8 at height 2831 accepted (tip 2831)
[2026-09-29T06:06:17.949Z INFO  blacksilk_node] block 523b4828b6ec062b at height 2833 accepted (tip 2833)
[2026-09-29T06:06:35.303Z INFO  blacksilk_node] block cab9f71354e5e522 at height 2834 accepted (tip 2834)
[2026-09-29T06:06:38.277Z INFO  blacksilk_node] block 4803b8f26f099633 at height 2835 accepted (tip 2835)
[2026-09-29T06:07:06.196Z INFO  blacksilk_p2p::net::conn] connected inbound peer 127.0.0.1:45628 (height 0)
