[2026-09-29T06:07:05.774Z INFO  blacksilk_node] blacksilk-node 0.1.0 commit 17ba8b1
[2026-09-29T06:07:05.774Z INFO  blacksilk_node] regtest: genesis 087d6fd4efbc45eb0a895dd0680a7fd305208cae239b1b4275d7148b29a569b7, consensus fingerprint 65334546765a538f41d5e8ec6aff7d6aebd17b26e3f612c2c844b44a1af7abaa
[2026-09-29T06:07:05.774Z INFO  blacksilk_node] regtest: loading C:/bszkeval/w4-rx/run2\node-late
[2026-09-29T06:07:05.782Z INFO  blacksilk_node] chain loaded in 7.4ms: height 0, tip 087d6fd4efbc45eb
[2026-09-29T06:07:05.785Z INFO  blacksilk_node] P2P listening on 127.0.0.1:48281
[2026-09-29T06:07:05.785Z INFO  blacksilk_node] RPC listening on http://127.0.0.1:48280
[2026-09-29T06:07:05.789Z WARN  blacksilk_node::cookie] the data directory C:/bszkeval/w4-rx/run2\node-late is outside your user profile: on Windows the RPC cookie is protected only by that directory's permissions; make sure other users cannot read it
[2026-09-29T06:07:05.789Z INFO  blacksilk_node::serve] RPC credential written to C:/bszkeval/w4-rx/run2\node-late\rpc.cookie (clients read it: --rpc-cookie)
[2026-09-29T06:07:06.196Z INFO  blacksilk_p2p::net::conn] connected outbound peer 127.0.0.1:48201 (height 2835)
[2026-09-29T06:07:08.473Z INFO  blacksilk_chain::manager::template] caught up at height 0: block templates are served from now on
[2026-09-29T06:07:08.515Z DEBUG blacksilk_p2p::net::blocks] peer 1: block 7f6c826789f2 at height 1 received
[2026-09-29T06:07:08.525Z DEBUG blacksilk_p2p::net::blocks] peer 1: block 5e6f34e3e86e at height 2 received
[2026-09-29T06:07:08.530Z DEBUG blacksilk_p2p::net::blocks] peer 1: block e30d31836740 at height 3 received
[2026-09-29T06:07:08.827Z DEBUG blacksilk_p2p::net::blocks] peer 1: block b9cbca2b5801 at height 4 received
[2026-09-29T06:07:08.831Z DEBUG blacksilk_p2p::net::blocks] peer 1: block 0090ff774db3 at height 5 received
[2026-09-29T06:07:08.833Z DEBUG blacksilk_p2p::net::blocks] peer 1: block ba904236bcf0 at height 6 received
[2026-09-29T06:07:08.836Z DEBUG blacksilk_p2p::net::blocks] peer 1: block 34e6061dd3b8 at height 7 received
[2026-09-29T06:07:08.837Z DEBUG blacksilk_p2p::net::blocks] peer 1: block 637d66479aba at height 8 received
[2026-09-29T06:07:10.282Z DEBUG blacksilk_p2p::net::blocks] peer 1: block 20a671576f6f at height 9 received
[2026-09-29T06:07:10.282Z DEBUG blacksilk_p2p::net::blocks] peer 1: block e2ebae26f87b at height 10 received
[2026-09-29T06:07:10.282Z DEBUG blacksilk_p2p::net::blocks] peer 1: block c06d02e59d49 at height 11 received
[2026-09-29T06:07:10.284Z DEBUG blacksilk_p2p::net::blocks] peer 1: block f12a883479bb at height 12 received
[2026-09-29T06:07:10.286Z DEBUG blacksilk_p2p::net::blocks] peer 1: block f096a90d34d2 at height 13 received
[2026-09-29T06:07:10.288Z DEBUG blacksilk_p2p::net::blocks] peer 1: block 9b6eae15d6e5 at height 14 received
[2026-09-29T06:07:10.290Z DEBUG blacksilk_p2p::net::blocks] peer 1: block 652db4091cc1 at height 15 received
[2026-09-29T06:07:10.292Z DEBUG blacksilk_p2p::net::blocks] peer 1: block 4d43dd63d559 at height 16 received
[2026-09-29T06:07:11.095Z DEBUG blacksilk_p2p::net::blocks] peer 1: block 5d740df8c820 at height 17 received
[2026-09-29T06:07:11.095Z DEBUG blacksilk_p2p::net::blocks] peer 1: block 20b0c4e39444 at height 18 received
[2026-09-29T06:07:11.095Z DEBUG blacksilk_p2p::net::blocks] peer 1: block d2099f09e574 at height 19 received
[2026-09-29T06:07:11.097Z DEBUG blacksilk_p2p::net::blocks] peer 1: block 9ccd52c44350 at height 20 received
[2026-09-29T06:07:11.099Z DEBUG blacksilk_p2p::net::blocks] peer 1: block 831667b75f0e at height 21 received
[2026-09-29T06:07:11.101Z DEBUG blacksilk_p2p::net::blocks] peer 1: block c3d1aefaca5a at height 22 received
[2026-09-29T06:07:11.103Z DEBUG blacksilk_p2p::net::blocks] peer 1: block e646752ed701 at height 23 received
[2026-09-29T06:07:11.105Z DEBUG blacksilk_p2p::net::blocks] peer 1: block 5ff245dd6b3c at height 24 received
[2026-09-29T06:07:11.966Z DEBUG blacksilk_p2p::net::blocks] peer 1: block a7df034f3e72 at height 25 received
[2026-09-29T06:07:11.966Z DEBUG blacksilk_p2p::net::blocks] peer 1: block 14e290f34e0a at height 26 received
[2026-09-29T06:07:11.966Z DEBUG blacksilk_p2p::net::blocks] peer 1: block 6831ab52132c at height 27 received
[2026-09-29T06:07:11.974Z DEBUG blacksilk_p2p::net::blocks] peer 1: block bd4bbc0a2145 at height 28 received
[2026-09-29T06:07:11.976Z DEBUG blacksilk_p2p::net::blocks] peer 1: block 26a6f7586762 at height 29 received
[2026-09-29T06:07:11.978Z DEBUG blacksilk_p2p::net::blocks] peer 1: block 5e3f0bcaf04e at height 30 received
[2026-09-29T06:07:11.980Z DEBUG blacksilk_p2p::net::blocks] peer 1: block 7c5666e5350b at height 31 received
[2026-09-29T06:07:11.994Z DEBUG blacksilk_p2p::net::blocks] peer 1: block ee68e42f679c at height 32 received
[2026-09-29T06:07:12.790Z DEBUG blacksilk_p2p::net::blocks] peer 1: block 0c97a8928822 at height 33 received
[2026-09-29T06:07:12.790Z DEBUG blacksilk_p2p::net::blocks] peer 1: block a35bb4b44916 at height 34 received
[2026-09-29T06:07:12.790Z DEBUG blacksilk_p2p::net::blocks] peer 1: block b67706806e58 at height 35 received
[2026-09-29T06:07:12.794Z DEBUG blacksilk_p2p::net::blocks] peer 1: block d501e0956f45 at height 36 received
[2026-09-29T06:07:12.800Z DEBUG blacksilk_p2p::net::blocks] peer 1: block dac01a23f16f at height 37 received
[2026-09-29T06:07:12.802Z DEBUG blacksilk_p2p::net::blocks] peer 1: block 8bf8105b2d4c at height 38 received
[2026-09-29T06:07:12.804Z DEBUG blacksilk_p2p::net::blocks] peer 1: block 7372c56f9562 at height 39 received
[2026-09-29T06:07:12.807Z DEBUG blacksilk_p2p::net::blocks] peer 1: block 3139e9fa2dba at height 40 received
[2026-09-29T06:07:13.564Z DEBUG blacksilk_p2p::net::blocks] peer 1: block 27630ab1e1cb at height 41 received
[2026-09-29T06:07:13.564Z DEBUG blacksilk_p2p::net::blocks] peer 1: block 8f8e2b48f384 at height 42 received
[2026-09-29T06:07:13.564Z DEBUG blacksilk_p2p::net::blocks] peer 1: block ef1b94add73c at height 43 received
[2026-09-29T06:07:13.566Z DEBUG blacksilk_p2p::net::blocks] peer 1: block 2a6f74595ad4 at height 44 received
[2026-09-29T06:07:13.568Z DEBUG blacksilk_p2p::net::blocks] peer 1: block f44c3c6acf1d at height 45 received
[2026-09-29T06:07:13.570Z DEBUG blacksilk_p2p::net::blocks] peer 1: block feefc09b5701 at height 46 received
[2026-09-29T06:07:13.572Z DEBUG blacksilk_p2p::net::blocks] peer 1: block 0a9352365482 at height 47 received
[2026-09-29T06:07:13.574Z DEBUG blacksilk_p2p::net::blocks] peer 1: block 7ece9a341318 at height 48 received
[2026-09-29T06:07:14.383Z DEBUG blacksilk_p2p::net::blocks] peer 1: block aff199a7e89e at height 49 received
[2026-09-29T06:07:14.384Z DEBUG blacksilk_p2p::net::blocks] peer 1: block 30f9746c55c9 at height 50 received
[2026-09-29T06:07:14.384Z DEBUG blacksilk_p2p::net::blocks] peer 1: block f405eebe02f2 at height 51 received
[2026-09-29T06:07:14.386Z DEBUG blacksilk_p2p::net::blocks] peer 1: block b054a54b4646 at height 52 received
[2026-09-29T06:07:14.389Z DEBUG blacksilk_p2p::net::blocks] peer 1: block 66eab803383f at height 53 received
[2026-09-29T06:07:14.391Z DEBUG blacksilk_p2p::net::blocks] peer 1: block 7c0c05b044d6 at height 54 received
[2026-09-29T06:07:14.393Z DEBUG blacksilk_p2p::net::blocks] peer 1: block 68ba3d143630 at height 55 received
[2026-09-29T06:07:14.395Z DEBUG blacksilk_p2p::net::blocks] peer 1: block 8e0f86998cce at height 56 received
[2026-09-29T06:07:15.221Z DEBUG blacksilk_p2p::net::blocks] peer 1: block ba0257575a2a at height 57 received
[2026-09-29T06:07:15.221Z DEBUG blacksilk_p2p::net::blocks] peer 1: block 6ddda1ace14c at height 58 received
[2026-09-29T06:07:15.222Z DEBUG blacksilk_p2p::net::blocks] peer 1: block 3ba8eeec886b at height 59 received
[2026-09-29T06:07:15.224Z DEBUG blacksilk_p2p::net::blocks] peer 1: block 4d5abd741674 at height 60 received
[2026-09-29T06:07:15.226Z DEBUG blacksilk_p2p::net::blocks] peer 1: block 970713040fc2 at height 61 received
[2026-09-29T06:07:15.228Z DEBUG blacksilk_p2p::net::blocks] peer 1: block f8b784d9e8a9 at height 62 received
[2026-09-29T06:07:15.230Z DEBUG blacksilk_p2p::net::blocks] peer 1: block 38f20179a46f at height 63 received
[2026-09-29T06:07:15.232Z DEBUG blacksilk_p2p::net::blocks] peer 1: block 9c48bbed9201 at height 64 received
[2026-09-29T06:07:16.048Z DEBUG blacksilk_p2p::net::blocks] peer 1: block 908a8939ab0b at height 65 received
[2026-09-29T06:07:16.048Z DEBUG blacksilk_p2p::net::blocks] peer 1: block 01bf7f4296a2 at height 66 received
[2026-09-29T06:07:16.048Z DEBUG blacksilk_p2p::net::blocks] peer 1: block f737168bdcf7 at height 67 received
[2026-09-29T06:07:16.053Z DEBUG blacksilk_p2p::net::blocks] peer 1: block c22bde566c9e at height 68 received
[2026-09-29T06:07:16.055Z DEBUG blacksilk_p2p::net::blocks] peer 1: block 6b50dfeb6cb2 at height 69 received
[2026-09-29T06:07:16.057Z DEBUG blacksilk_p2p::net::blocks] peer 1: block c20179deeb05 at height 70 received
[2026-09-29T06:07:16.060Z DEBUG blacksilk_p2p::net::blocks] peer 1: block c78669e3cdd0 at height 71 received
[2026-09-29T06:07:16.062Z DEBUG blacksilk_p2p::net::blocks] peer 1: block c0e11be10b25 at height 72 received
[2026-09-29T06:07:16.817Z DEBUG blacksilk_p2p::net::blocks] peer 1: block 8ee9c5f13892 at height 73 received
[2026-09-29T06:07:16.817Z DEBUG blacksilk_p2p::net::blocks] peer 1: block 456e1547fd5a at height 74 received
[2026-09-29T06:07:16.817Z DEBUG blacksilk_p2p::net::blocks] peer 1: block 11c29c9517d7 at height 75 received
[2026-09-29T06:07:16.820Z DEBUG blacksilk_p2p::net::blocks] peer 1: block f06d2c1d917d at height 76 received
[2026-09-29T06:07:16.822Z DEBUG blacksilk_p2p::net::blocks] peer 1: block 881eab92be01 at height 77 received
[2026-09-29T06:07:16.824Z DEBUG blacksilk_p2p::net::blocks] peer 1: block 1874e2dbf049 at height 78 received
[2026-09-29T06:07:16.826Z DEBUG blacksilk_p2p::net::blocks] peer 1: block eb229dbd13cd at height 79 received
[2026-09-29T06:07:16.834Z DEBUG blacksilk_p2p::net::blocks] peer 1: block 7681a80aba58 at height 80 received
[2026-09-29T06:07:17.390Z DEBUG blacksilk_p2p::net::blocks] peer 1: block 8d3348018917 at height 81 received
[2026-09-29T06:07:17.392Z DEBUG blacksilk_p2p::net::blocks] peer 1: block 9019b2c89088 at height 82 received
[2026-09-29T06:07:17.455Z DEBUG blacksilk_p2p::net::blocks] peer 1: block 48276f5a304f at height 83 received
[2026-09-29T06:07:17.503Z DEBUG blacksilk_p2p::net::blocks] peer 1: block cd9f1b74b41b at height 84 received
[2026-09-29T06:07:17.505Z DEBUG blacksilk_p2p::net::blocks] peer 1: block 749288cf907a at height 85 received
[2026-09-29T06:07:17.507Z DEBUG blacksilk_p2p::net::blocks] peer 1: block de95d563e612 at height 86 received
[2026-09-29T06:07:17.509Z DEBUG blacksilk_p2p::net::blocks] peer 1: block 34b62a503d6a at height 87 received
[2026-09-29T06:07:17.511Z DEBUG blacksilk_p2p::net::blocks] peer 1: block a986faa4374b at height 88 received
[2026-09-29T06:07:18.717Z DEBUG blacksilk_p2p::net::blocks] peer 1: block 5a08264c9b84 at height 89 received
[2026-09-29T06:07:18.717Z DEBUG blacksilk_p2p::net::blocks] peer 1: block 1aebeee27ea3 at height 90 received
[2026-09-29T06:07:18.717Z DEBUG blacksilk_p2p::net::blocks] peer 1: block 9777819e72f0 at height 91 received
[2026-09-29T06:07:18.722Z DEBUG blacksilk_p2p::net::blocks] peer 1: block 1c50ddfa9a83 at height 92 received
[2026-09-29T06:07:18.725Z DEBUG blacksilk_p2p::net::blocks] peer 1: block c38f89d47cd1 at height 93 received
[2026-09-29T06:07:18.727Z DEBUG blacksilk_p2p::net::blocks] peer 1: block 4269cc2210af at height 94 received
[2026-09-29T06:07:18.729Z DEBUG blacksilk_p2p::net::blocks] peer 1: block b6394547dfd6 at height 95 received
[2026-09-29T06:07:18.731Z DEBUG blacksilk_p2p::net::blocks] peer 1: block 8db6c0565363 at height 96 received
[2026-09-29T06:07:19.808Z DEBUG blacksilk_p2p::net::blocks] peer 1: block 9821072702da at height 97 received
[2026-09-29T06:07:19.810Z DEBUG blacksilk_p2p::net::blocks] peer 1: block 775ac8ce00b2 at height 98 received
[2026-09-29T06:07:19.924Z DEBUG blacksilk_p2p::net::blocks] peer 1: block 9968dd3eb919 at height 99 received
[2026-09-29T06:07:19.955Z DEBUG blacksilk_p2p::net::blocks] peer 1: block 7325177c1bfc at height 100 received
[2026-09-29T06:07:19.956Z DEBUG blacksilk_p2p::net::blocks] peer 1: block ebe06b78b8f1 at height 101 received
[2026-09-29T06:07:19.958Z DEBUG blacksilk_p2p::net::blocks] peer 1: block cbc6b8f9384c at height 102 received
[2026-09-29T06:07:19.960Z DEBUG blacksilk_p2p::net::blocks] peer 1: block 7651ffa49bf7 at height 103 received
[2026-09-29T06:07:19.963Z DEBUG blacksilk_p2p::net::blocks] peer 1: block 06318e131038 at height 104 received
[2026-09-29T06:07:20.909Z DEBUG blacksilk_p2p::net::blocks] peer 1: block 3cbd8871add9 at height 105 received
[2026-09-29T06:07:20.910Z DEBUG blacksilk_p2p::net::blocks] peer 1: block 0bc14a76e24a at height 106 received
[2026-09-29T06:07:20.910Z DEBUG blacksilk_p2p::net::blocks] peer 1: block f6418e6ba2a1 at height 107 received
[2026-09-29T06:07:20.912Z DEBUG blacksilk_p2p::net::blocks] peer 1: block 68095c9865fc at height 108 received
[2026-09-29T06:07:20.914Z DEBUG blacksilk_p2p::net::blocks] peer 1: block b046aae305d9 at height 109 received
[2026-09-29T06:07:20.916Z DEBUG blacksilk_p2p::net::blocks] peer 1: block 9b36302b4df1 at height 110 received
[2026-09-29T06:07:20.918Z DEBUG blacksilk_p2p::net::blocks] peer 1: block de77418c7c83 at height 111 received
[2026-09-29T06:07:20.921Z DEBUG blacksilk_p2p::net::blocks] peer 1: block a9336e8672d0 at height 112 received
[2026-09-29T06:07:21.708Z DEBUG blacksilk_p2p::net::blocks] peer 1: block ac6c11910a65 at height 113 received
[2026-09-29T06:07:21.708Z DEBUG blacksilk_p2p::net::blocks] peer 1: block 73cfe59bb350 at height 114 received
[2026-09-29T06:07:21.708Z DEBUG blacksilk_p2p::net::blocks] peer 1: block fdb2bd8fd65f at height 115 received
[2026-09-29T06:07:21.712Z DEBUG blacksilk_p2p::net::blocks] peer 1: block edb3933b4545 at height 116 received
[2026-09-29T06:07:21.714Z DEBUG blacksilk_p2p::net::blocks] peer 1: block 0b9dfe149dac at height 117 received
[2026-09-29T06:07:21.716Z DEBUG blacksilk_p2p::net::blocks] peer 1: block 975991bb5302 at height 118 received
[2026-09-29T06:07:21.718Z DEBUG blacksilk_p2p::net::blocks] peer 1: block 8665199299ce at height 119 received
[2026-09-29T06:07:21.720Z DEBUG blacksilk_p2p::net::blocks] peer 1: block 328fa0f1d38c at height 120 received
[2026-09-29T06:07:22.536Z DEBUG blacksilk_p2p::net::blocks] peer 1: block 43859c2c8168 at height 121 received
[2026-09-29T06:07:22.536Z DEBUG blacksilk_p2p::net::blocks] peer 1: block 80f4964bf56d at height 122 received
[2026-09-29T06:07:22.536Z DEBUG blacksilk_p2p::net::blocks] peer 1: block e64be159c304 at height 123 received
[2026-09-29T06:07:22.539Z DEBUG blacksilk_p2p::net::blocks] peer 1: block f99bb3b451f9 at height 124 received
[2026-09-29T06:07:22.541Z DEBUG blacksilk_p2p::net::blocks] peer 1: block 52ff16a82b2f at height 125 received
[2026-09-29T06:07:22.543Z DEBUG blacksilk_p2p::net::blocks] peer 1: block d80074730053 at height 126 received
[2026-09-29T06:07:22.545Z DEBUG blacksilk_p2p::net::blocks] peer 1: block 19805d1e7d54 at height 127 received
[2026-09-29T06:07:22.547Z DEBUG blacksilk_p2p::net::blocks] peer 1: block 466a3186cab1 at height 128 received
[2026-09-29T06:07:23.621Z DEBUG blacksilk_p2p::net::blocks] peer 1: block e8f62719ad3c at height 129 received
[2026-09-29T06:07:23.621Z DEBUG blacksilk_p2p::net::blocks] peer 1: block 5087374aa828 at height 130 received
[2026-09-29T06:07:23.701Z DEBUG blacksilk_p2p::net::blocks] peer 1: block 54daee276666 at height 131 received
[2026-09-29T06:07:23.733Z DEBUG blacksilk_p2p::net::blocks] peer 1: block 8f54f159227d at height 132 received
[2026-09-29T06:07:23.735Z DEBUG blacksilk_p2p::net::blocks] peer 1: block 901f049ced59 at height 133 received
[2026-09-29T06:07:23.738Z DEBUG blacksilk_p2p::net::blocks] peer 1: block e5ae50f63ea0 at height 134 received
[2026-09-29T06:07:23.740Z DEBUG blacksilk_p2p::net::blocks] peer 1: block 7043020fc584 at height 135 received
[2026-09-29T06:07:23.743Z DEBUG blacksilk_p2p::net::blocks] peer 1: block 1034eddc3e38 at height 136 received
[2026-09-29T06:07:24.475Z DEBUG blacksilk_p2p::net::blocks] peer 1: block 2d6801ac25df at height 137 received
[2026-09-29T06:07:24.475Z DEBUG blacksilk_p2p::net::blocks] peer 1: block 32e035886924 at height 138 received
[2026-09-29T06:07:24.475Z DEBUG blacksilk_p2p::net::blocks] peer 1: block 78d9d45d149c at height 139 received
[2026-09-29T06:07:24.525Z DEBUG blacksilk_p2p::net::blocks] peer 1: block 4a58d924eb90 at height 140 received
[2026-09-29T06:07:24.532Z DEBUG blacksilk_p2p::net::blocks] peer 1: block 1f545d86f812 at height 141 received
[2026-09-29T06:07:24.532Z DEBUG blacksilk_p2p::net::blocks] peer 1: block f88800887ff2 at height 142 received
[2026-09-29T06:07:24.534Z DEBUG blacksilk_p2p::net::blocks] peer 1: block a02a15872e78 at height 143 received
[2026-09-29T06:07:24.536Z DEBUG blacksilk_p2p::net::blocks] peer 1: block 316e50e1c582 at height 144 received
[2026-09-29T06:07:25.393Z DEBUG blacksilk_p2p::net::blocks] peer 1: block d4674459dd08 at height 145 received
[2026-09-29T06:07:25.393Z DEBUG blacksilk_p2p::net::blocks] peer 1: block f8b071aa4ce4 at height 146 received
[2026-09-29T06:07:25.393Z DEBUG blacksilk_p2p::net::blocks] peer 1: block fab20d6a161f at height 147 received
[2026-09-29T06:07:25.395Z DEBUG blacksilk_p2p::net::blocks] peer 1: block 0842d17d0a39 at height 148 received
[2026-09-29T06:07:25.397Z DEBUG blacksilk_p2p::net::blocks] peer 1: block 7711344c7d40 at height 149 received
[2026-09-29T06:07:25.400Z DEBUG blacksilk_p2p::net::blocks] peer 1: block 2668d7dbaf31 at height 150 received
[2026-09-29T06:07:25.402Z DEBUG blacksilk_p2p::net::blocks] peer 1: block e9311e2fedc4 at height 151 received
[2026-09-29T06:07:25.404Z DEBUG blacksilk_p2p::net::blocks] peer 1: block c76ff0a1ab60 at height 152 received
[2026-09-29T06:07:26.189Z DEBUG blacksilk_p2p::net::blocks] peer 1: block c391ecc36f94 at height 153 received
[2026-09-29T06:07:26.189Z DEBUG blacksilk_p2p::net::blocks] peer 1: block 3e68e01301d3 at height 154 received
[2026-09-29T06:07:26.189Z DEBUG blacksilk_p2p::net::blocks] peer 1: block a4453cc0ca09 at height 155 received
[2026-09-29T06:07:26.194Z DEBUG blacksilk_p2p::net::blocks] peer 1: block d5114b0aeae3 at height 156 received
[2026-09-29T06:07:26.196Z DEBUG blacksilk_p2p::net::blocks] peer 1: block 2adc04108c6c at height 157 received
[2026-09-29T06:07:26.199Z DEBUG blacksilk_p2p::net::blocks] peer 1: block f74592d5a536 at height 158 received
[2026-09-29T06:07:26.201Z DEBUG blacksilk_p2p::net::blocks] peer 1: block 6603f22935c4 at height 159 received
[2026-09-29T06:07:26.203Z DEBUG blacksilk_p2p::net::blocks] peer 1: block 05d2d3af698b at height 160 received
[2026-09-29T06:07:27.013Z DEBUG blacksilk_p2p::net::blocks] peer 1: block 3ae6609aaa1d at height 161 received
[2026-09-29T06:07:27.013Z DEBUG blacksilk_p2p::net::blocks] peer 1: block 34d1e8d570ec at height 162 received
[2026-09-29T06:07:27.013Z DEBUG blacksilk_p2p::net::blocks] peer 1: block e9bfb0af64fa at height 163 received
[2026-09-29T06:07:27.016Z DEBUG blacksilk_p2p::net::blocks] peer 1: block 40dc015baf51 at height 164 received
[2026-09-29T06:07:27.018Z DEBUG blacksilk_p2p::net::blocks] peer 1: block 5c53e180be1e at height 165 received
[2026-09-29T06:07:27.020Z DEBUG blacksilk_p2p::net::blocks] peer 1: block 8f3d33e35ed3 at height 166 received
[2026-09-29T06:07:27.022Z DEBUG blacksilk_p2p::net::blocks] peer 1: block 5c780a59c247 at height 167 received
[2026-09-29T06:07:27.024Z DEBUG blacksilk_p2p::net::blocks] peer 1: block 0b496a4eb11c at height 168 received
[2026-09-29T06:07:27.566Z DEBUG blacksilk_p2p::net::blocks] peer 1: block d05c7fa440f4 at height 169 received
[2026-09-29T06:07:27.601Z DEBUG blacksilk_p2p::net::blocks] peer 1: block b5ef0cb87e4d at height 170 received
[2026-09-29T06:07:27.601Z DEBUG blacksilk_p2p::net::blocks] peer 1: block 7817af9b2c20 at height 171 received
[2026-09-29T06:07:27.622Z DEBUG blacksilk_p2p::net::blocks] peer 1: block 85b23fe42799 at height 172 received
[2026-09-29T06:07:27.624Z DEBUG blacksilk_p2p::net::blocks] peer 1: block d9657b765019 at height 173 received
[2026-09-29T06:07:27.626Z DEBUG blacksilk_p2p::net::blocks] peer 1: block 7b8f6b6452db at height 174 received
[2026-09-29T06:07:27.628Z DEBUG blacksilk_p2p::net::blocks] peer 1: block 73a2822d1fda at height 175 received
[2026-09-29T06:07:27.630Z DEBUG blacksilk_p2p::net::blocks] peer 1: block a963c776b8e5 at height 176 received
[2026-09-29T06:07:28.648Z DEBUG blacksilk_p2p::net::blocks] peer 1: block 5a3857b9ad8b at height 177 received
[2026-09-29T06:07:28.648Z DEBUG blacksilk_p2p::net::blocks] peer 1: block 9a8d5ae315f0 at height 178 received
[2026-09-29T06:07:28.648Z DEBUG blacksilk_p2p::net::blocks] peer 1: block fea9bde1cbdf at height 179 received
[2026-09-29T06:07:28.651Z DEBUG blacksilk_p2p::net::blocks] peer 1: block 6bcd9d751495 at height 180 received
[2026-09-29T06:07:28.653Z DEBUG blacksilk_p2p::net::blocks] peer 1: block 46eb29e7d861 at height 181 received
[2026-09-29T06:07:28.655Z DEBUG blacksilk_p2p::net::blocks] peer 1: block 32389be3b971 at height 182 received
[2026-09-29T06:07:28.657Z DEBUG blacksilk_p2p::net::blocks] peer 1: block 6df1112ffc46 at height 183 received
[2026-09-29T06:07:28.659Z DEBUG blacksilk_p2p::net::blocks] peer 1: block 96eaeb08b660 at height 184 received
[2026-09-29T06:07:29.417Z DEBUG blacksilk_p2p::net::blocks] peer 1: block 07a6849bd199 at height 185 received
[2026-09-29T06:07:29.417Z DEBUG blacksilk_p2p::net::blocks] peer 1: block 3641dc701573 at height 186 received
[2026-09-29T06:07:29.417Z DEBUG blacksilk_p2p::net::blocks] peer 1: block 7aee85f0009c at height 187 received
[2026-09-29T06:07:29.420Z DEBUG blacksilk_p2p::net::blocks] peer 1: block 9f093b7867e9 at height 188 received
[2026-09-29T06:07:29.422Z DEBUG blacksilk_p2p::net::blocks] peer 1: block e90b99f397a8 at height 189 received
[2026-09-29T06:07:29.424Z DEBUG blacksilk_p2p::net::blocks] peer 1: block d87cef3cee78 at height 190 received
[2026-09-29T06:07:29.426Z DEBUG blacksilk_p2p::net::blocks] peer 1: block b53c21ce50df at height 191 received
[2026-09-29T06:07:29.428Z DEBUG blacksilk_p2p::net::blocks] peer 1: block f6e227fc1ef6 at height 192 received
[2026-09-29T06:07:30.202Z DEBUG blacksilk_p2p::net::blocks] peer 1: block 697f3d77add3 at height 193 received
[2026-09-29T06:07:30.202Z DEBUG blacksilk_p2p::net::blocks] peer 1: block 81465dcfee4a at height 194 received
[2026-09-29T06:07:30.202Z DEBUG blacksilk_p2p::net::blocks] peer 1: block 9f2d8eaa7cd3 at height 195 received
[2026-09-29T06:07:30.206Z DEBUG blacksilk_p2p::net::blocks] peer 1: block 0bd7b0d699f3 at height 196 received
[2026-09-29T06:07:30.208Z DEBUG blacksilk_p2p::net::blocks] peer 1: block 1e8f3f481082 at height 197 received
[2026-09-29T06:07:30.210Z DEBUG blacksilk_p2p::net::blocks] peer 1: block ad96c3467203 at height 198 received
[2026-09-29T06:07:30.212Z DEBUG blacksilk_p2p::net::blocks] peer 1: block fdb05d4ca292 at height 199 received
[2026-09-29T06:07:30.214Z DEBUG blacksilk_p2p::net::blocks] peer 1: block 0ab8b1486d4a at height 200 received
[2026-09-29T06:07:31.005Z DEBUG blacksilk_p2p::net::blocks] peer 1: block 1a9b8ef863fa at height 201 received
[2026-09-29T06:07:31.005Z DEBUG blacksilk_p2p::net::blocks] peer 1: block 3eb451241c44 at height 202 received
[2026-09-29T06:07:31.005Z DEBUG blacksilk_p2p::net::blocks] peer 1: block 66ae659516bf at height 203 received
[2026-09-29T06:07:31.009Z DEBUG blacksilk_p2p::net::blocks] peer 1: block e13d79bd7a2c at height 204 received
[2026-09-29T06:07:31.012Z DEBUG blacksilk_p2p::net::blocks] peer 1: block dda2d9ddd669 at height 205 received
[2026-09-29T06:07:31.014Z DEBUG blacksilk_p2p::net::blocks] peer 1: block ca6ead106181 at height 206 received
[2026-09-29T06:07:31.016Z DEBUG blacksilk_p2p::net::blocks] peer 1: block 946a9a302134 at height 207 received
[2026-09-29T06:07:31.017Z DEBUG blacksilk_p2p::net::blocks] peer 1: block e9b116ea9e2b at height 208 received
[2026-09-29T06:07:31.825Z DEBUG blacksilk_p2p::net::blocks] peer 1: block 1fede2f430d5 at height 209 received
[2026-09-29T06:07:31.825Z DEBUG blacksilk_p2p::net::blocks] peer 1: block 09f7419480ef at height 210 received
[2026-09-29T06:07:31.825Z DEBUG blacksilk_p2p::net::blocks] peer 1: block 4c0ac6a45ba2 at height 211 received
[2026-09-29T06:07:31.828Z DEBUG blacksilk_p2p::net::blocks] peer 1: block b39340480f8d at height 212 received
[2026-09-29T06:07:31.830Z DEBUG blacksilk_p2p::net::blocks] peer 1: block 7db7a0cbf6c7 at height 213 received
[2026-09-29T06:07:31.832Z DEBUG blacksilk_p2p::net::blocks] peer 1: block 4e0265cfca3e at height 214 received
[2026-09-29T06:07:31.834Z DEBUG blacksilk_p2p::net::blocks] peer 1: block 4bc05c443d9a at height 215 received
[2026-09-29T06:07:31.836Z DEBUG blacksilk_p2p::net::blocks] peer 1: block 3de4c4db9b0a at height 216 received
[2026-09-29T06:07:32.380Z DEBUG blacksilk_p2p::net::blocks] peer 1: block bafaf5fcb627 at height 217 received
[2026-09-29T06:07:32.380Z DEBUG blacksilk_p2p::net::blocks] peer 1: block 245418899562 at height 218 received
[2026-09-29T06:07:32.380Z DEBUG blacksilk_p2p::net::blocks] peer 1: block e20d15b44a3d at height 219 received
[2026-09-29T06:07:32.384Z DEBUG blacksilk_p2p::net::blocks] peer 1: block 3e60778f9734 at height 220 received
[2026-09-29T06:07:32.386Z DEBUG blacksilk_p2p::net::blocks] peer 1: block cc8cb07559fc at height 221 received
[2026-09-29T06:07:32.389Z DEBUG blacksilk_p2p::net::blocks] peer 1: block 1c31b5e029b7 at height 222 received
[2026-09-29T06:07:32.391Z DEBUG blacksilk_p2p::net::blocks] peer 1: block 4f1be002e43d at height 223 received
[2026-09-29T06:07:32.394Z DEBUG blacksilk_p2p::net::blocks] peer 1: block c43dea303615 at height 224 received
[2026-09-29T06:07:33.203Z DEBUG blacksilk_p2p::net::blocks] peer 1: block 0cd00f6c9080 at height 225 received
[2026-09-29T06:07:33.203Z DEBUG blacksilk_p2p::net::blocks] peer 1: block 3a162d6b2b72 at height 226 received
[2026-09-29T06:07:33.203Z DEBUG blacksilk_p2p::net::blocks] peer 1: block b23f68f1e633 at height 227 received
[2026-09-29T06:07:33.206Z DEBUG blacksilk_p2p::net::blocks] peer 1: block 5c1f4d98a7d0 at height 228 received
[2026-09-29T06:07:33.208Z DEBUG blacksilk_p2p::net::blocks] peer 1: block 1248e85ffedf at height 229 received
[2026-09-29T06:07:33.210Z DEBUG blacksilk_p2p::net::blocks] peer 1: block 89e518d73d54 at height 230 received
[2026-09-29T06:07:33.212Z DEBUG blacksilk_p2p::net::blocks] peer 1: block d98e25890e42 at height 231 received
[2026-09-29T06:07:33.214Z DEBUG blacksilk_p2p::net::blocks] peer 1: block 3b3c315bff52 at height 232 received
[2026-09-29T06:07:33.994Z DEBUG blacksilk_p2p::net::blocks] peer 1: block 4b3d38ce3bef at height 233 received
[2026-09-29T06:07:33.994Z DEBUG blacksilk_p2p::net::blocks] peer 1: block c934b79e320b at height 234 received
[2026-09-29T06:07:33.994Z DEBUG blacksilk_p2p::net::blocks] peer 1: block 3e2a4711c3c5 at height 235 received
[2026-09-29T06:07:33.998Z DEBUG blacksilk_p2p::net::blocks] peer 1: block b704176e42ed at height 236 received
[2026-09-29T06:07:34.000Z DEBUG blacksilk_p2p::net::blocks] peer 1: block 39236c0ee054 at height 237 received
[2026-09-29T06:07:34.002Z DEBUG blacksilk_p2p::net::blocks] peer 1: block e9a87134c043 at height 238 received
[2026-09-29T06:07:34.004Z DEBUG blacksilk_p2p::net::blocks] peer 1: block 01cc3a44c3f3 at height 239 received
[2026-09-29T06:07:34.007Z DEBUG blacksilk_p2p::net::blocks] peer 1: block 84128f31af3c at height 240 received
[2026-09-29T06:07:34.579Z DEBUG blacksilk_p2p::net::blocks] peer 1: block 48d908ac0d56 at height 241 received
[2026-09-29T06:07:34.579Z DEBUG blacksilk_p2p::net::blocks] peer 1: block 4a7ead04e55b at height 242 received
[2026-09-29T06:07:34.579Z DEBUG blacksilk_p2p::net::blocks] peer 1: block 5a3b6bfb89e4 at height 243 received
[2026-09-29T06:07:34.582Z DEBUG blacksilk_p2p::net::blocks] peer 1: block e00782006778 at height 244 received
[2026-09-29T06:07:34.584Z DEBUG blacksilk_p2p::net::blocks] peer 1: block e104d17ecd51 at height 245 received
[2026-09-29T06:07:34.586Z DEBUG blacksilk_p2p::net::blocks] peer 1: block 257a572986bb at height 246 received
[2026-09-29T06:07:34.588Z DEBUG blacksilk_p2p::net::blocks] peer 1: block 938b96ee827a at height 247 received
[2026-09-29T06:07:34.590Z DEBUG blacksilk_p2p::net::blocks] peer 1: block 91accf8464d3 at height 248 received
[2026-09-29T06:07:35.137Z DEBUG blacksilk_p2p::net::blocks] peer 1: block eeb817f7899c at height 249 received
[2026-09-29T06:07:35.137Z DEBUG blacksilk_p2p::net::blocks] peer 1: block f481ebce254f at height 250 received
[2026-09-29T06:07:35.137Z DEBUG blacksilk_p2p::net::blocks] peer 1: block 64a221a9ead5 at height 251 received
[2026-09-29T06:07:35.139Z DEBUG blacksilk_p2p::net::blocks] peer 1: block da0ea6a53e1e at height 252 received
[2026-09-29T06:07:35.141Z DEBUG blacksilk_p2p::net::blocks] peer 1: block 71055916d1fa at height 253 received
[2026-09-29T06:07:35.143Z DEBUG blacksilk_p2p::net::blocks] peer 1: block 081c5ad818e0 at height 254 received
[2026-09-29T06:07:35.145Z DEBUG blacksilk_p2p::net::blocks] peer 1: block 00d8bb31f2aa at height 255 received
[2026-09-29T06:07:35.147Z DEBUG blacksilk_p2p::net::blocks] peer 1: block c551c7cc7ffb at height 256 received
[2026-09-29T06:07:35.950Z DEBUG blacksilk_p2p::net::blocks] peer 1: block 05009c3dc442 at height 257 received
[2026-09-29T06:07:35.950Z DEBUG blacksilk_p2p::net::blocks] peer 1: block 8ea5205be2a7 at height 258 received
[2026-09-29T06:07:35.950Z DEBUG blacksilk_p2p::net::blocks] peer 1: block 22e4bcb9467e at height 259 received
[2026-09-29T06:07:35.954Z DEBUG blacksilk_p2p::net::blocks] peer 1: block 01a20160f58b at height 260 received
[2026-09-29T06:07:35.955Z DEBUG blacksilk_p2p::net::blocks] peer 1: block a07f1f363e3d at height 261 received
[2026-09-29T06:07:35.958Z DEBUG blacksilk_p2p::net::blocks] peer 1: block 9f8c83acbb78 at height 262 received
[2026-09-29T06:07:35.959Z DEBUG blacksilk_p2p::net::blocks] peer 1: block 07b0b0bd1006 at height 263 received
[2026-09-29T06:07:35.961Z DEBUG blacksilk_p2p::net::blocks] peer 1: block a7376c7c8c99 at height 264 received
[2026-09-29T06:07:36.798Z DEBUG blacksilk_p2p::net::blocks] peer 1: block c82a8147efdb at height 265 received
[2026-09-29T06:07:36.798Z DEBUG blacksilk_p2p::net::blocks] peer 1: block 353f4da8d6b3 at height 266 received
[2026-09-29T06:07:36.798Z DEBUG blacksilk_p2p::net::blocks] peer 1: block 88e83527ab32 at height 267 received
[2026-09-29T06:07:36.801Z DEBUG blacksilk_p2p::net::blocks] peer 1: block d93261be993b at height 268 received
[2026-09-29T06:07:36.803Z DEBUG blacksilk_p2p::net::blocks] peer 1: block 1b5bd3e282e6 at height 269 received
[2026-09-29T06:07:36.805Z DEBUG blacksilk_p2p::net::blocks] peer 1: block 2cbd23806b1a at height 270 received
[2026-09-29T06:07:36.807Z DEBUG blacksilk_p2p::net::blocks] peer 1: block e8e356cf1731 at height 271 received
[2026-09-29T06:07:36.809Z DEBUG blacksilk_p2p::net::blocks] peer 1: block a502e1d99b6a at height 272 received
[2026-09-29T06:07:37.570Z DEBUG blacksilk_p2p::net::blocks] peer 1: block 2a43de9f7994 at height 273 received
[2026-09-29T06:07:37.570Z DEBUG blacksilk_p2p::net::blocks] peer 1: block fcfc46f5b64c at height 274 received
[2026-09-29T06:07:37.834Z DEBUG blacksilk_p2p::net::blocks] peer 1: block e320763469d8 at height 275 received
[2026-09-29T06:07:37.836Z DEBUG blacksilk_p2p::net::blocks] peer 1: block 7598f5199bbb at height 276 received
[2026-09-29T06:07:37.838Z DEBUG blacksilk_p2p::net::blocks] peer 1: block ba7e55b5c052 at height 277 received
[2026-09-29T06:07:37.840Z DEBUG blacksilk_p2p::net::blocks] peer 1: block 17a054f96557 at height 278 received
[2026-09-29T06:07:37.842Z DEBUG blacksilk_p2p::net::blocks] peer 1: block e3feaa77c97e at height 279 received
[2026-09-29T06:07:37.844Z DEBUG blacksilk_p2p::net::blocks] peer 1: block d97888c95af9 at height 280 received
[2026-09-29T06:07:38.692Z DEBUG blacksilk_p2p::net::blocks] peer 1: block 63f32b1e3e6f at height 281 received
[2026-09-29T06:07:38.692Z DEBUG blacksilk_p2p::net::blocks] peer 1: block 8fb08876ac7c at height 282 received
[2026-09-29T06:07:38.693Z DEBUG blacksilk_p2p::net::blocks] peer 1: block 9655ccfa9130 at height 283 received
[2026-09-29T06:07:38.703Z DEBUG blacksilk_p2p::net::blocks] peer 1: block 16354191ed1b at height 284 received
[2026-09-29T06:07:38.705Z DEBUG blacksilk_p2p::net::blocks] peer 1: block a64c818dfacb at height 285 received
[2026-09-29T06:07:38.707Z DEBUG blacksilk_p2p::net::blocks] peer 1: block 88d9dba618a2 at height 286 received
[2026-09-29T06:07:38.709Z DEBUG blacksilk_p2p::net::blocks] peer 1: block 4c8cace6e43d at height 287 received
[2026-09-29T06:07:38.711Z DEBUG blacksilk_p2p::net::blocks] peer 1: block 17abb991def9 at height 288 received
[2026-09-29T06:07:39.499Z DEBUG blacksilk_p2p::net::blocks] peer 1: block c399c06ce54b at height 289 received
[2026-09-29T06:07:39.499Z DEBUG blacksilk_p2p::net::blocks] peer 1: block 1e2876892487 at height 290 received
[2026-09-29T06:07:39.499Z DEBUG blacksilk_p2p::net::blocks] peer 1: block 71ef17b54f84 at height 291 received
[2026-09-29T06:07:39.501Z DEBUG blacksilk_p2p::net::blocks] peer 1: block abcfc74faa82 at height 292 received
[2026-09-29T06:07:39.503Z DEBUG blacksilk_p2p::net::blocks] peer 1: block 9a58913036fc at height 293 received
[2026-09-29T06:07:39.505Z DEBUG blacksilk_p2p::net::blocks] peer 1: block a13fc8e03775 at height 294 received
[2026-09-29T06:07:39.507Z DEBUG blacksilk_p2p::net::blocks] peer 1: block 2a4bab599de3 at height 295 received
[2026-09-29T06:07:39.509Z DEBUG blacksilk_p2p::net::blocks] peer 1: block 08b8f06cd38a at height 296 received
[2026-09-29T06:07:40.598Z DEBUG blacksilk_p2p::net::blocks] peer 1: block 29d902438dc1 at height 297 received
[2026-09-29T06:07:40.598Z DEBUG blacksilk_p2p::net::blocks] peer 1: block d469ae7073d1 at height 298 received
[2026-09-29T06:07:40.598Z DEBUG blacksilk_p2p::net::blocks] peer 1: block 80b06d907820 at height 299 received
[2026-09-29T06:07:40.607Z DEBUG blacksilk_p2p::net::blocks] peer 1: block ad349ddf43b4 at height 300 received
[2026-09-29T06:07:40.610Z DEBUG blacksilk_p2p::net::blocks] peer 1: block 67806109c4e0 at height 301 received
[2026-09-29T06:07:40.612Z DEBUG blacksilk_p2p::net::blocks] peer 1: block 068b95620aff at height 302 received
[2026-09-29T06:07:40.614Z DEBUG blacksilk_p2p::net::blocks] peer 1: block 992b3c5ce78b at height 303 received
[2026-09-29T06:07:40.616Z DEBUG blacksilk_p2p::net::blocks] peer 1: block 41cf09307779 at height 304 received
[2026-09-29T06:07:41.701Z DEBUG blacksilk_p2p::net::blocks] peer 1: block da101ffc2d7e at height 305 received
[2026-09-29T06:07:41.701Z DEBUG blacksilk_p2p::net::blocks] peer 1: block 5aed0fd6f86c at height 306 received
[2026-09-29T06:07:41.733Z DEBUG blacksilk_p2p::net::blocks] peer 1: block f2a4f94dc11c at height 307 received
[2026-09-29T06:07:41.765Z DEBUG blacksilk_p2p::net::blocks] peer 1: block 3899122bbb91 at height 308 received
[2026-09-29T06:07:41.776Z DEBUG blacksilk_p2p::net::blocks] peer 1: block 93a285da060b at height 309 received
[2026-09-29T06:07:41.842Z DEBUG blacksilk_p2p::net::blocks] peer 1: block a689add9891d at height 310 received
[2026-09-29T06:07:41.845Z DEBUG blacksilk_p2p::net::blocks] peer 1: block b9e4b9e9abf5 at height 311 received
[2026-09-29T06:07:41.848Z DEBUG blacksilk_p2p::net::blocks] peer 1: block b5b8f1c75d9f at height 312 received
[2026-09-29T06:07:42.791Z DEBUG blacksilk_p2p::net::blocks] peer 1: block b6b8e21fc27d at height 313 received
[2026-09-29T06:07:42.791Z DEBUG blacksilk_p2p::net::blocks] peer 1: block e26d6433cb49 at height 314 received
[2026-09-29T06:07:42.791Z DEBUG blacksilk_p2p::net::blocks] peer 1: block 6c103e3dff46 at height 315 received
[2026-09-29T06:07:42.794Z DEBUG blacksilk_p2p::net::blocks] peer 1: block 377e567b4297 at height 316 received
[2026-09-29T06:07:42.796Z DEBUG blacksilk_p2p::net::blocks] peer 1: block 2740d61fbc6b at height 317 received
[2026-09-29T06:07:42.798Z DEBUG blacksilk_p2p::net::blocks] peer 1: block 1b6de774f8fe at height 318 received
[2026-09-29T06:07:42.801Z DEBUG blacksilk_p2p::net::blocks] peer 1: block aecac1a100cc at height 319 received
[2026-09-29T06:07:42.803Z DEBUG blacksilk_p2p::net::blocks] peer 1: block 7dd46c158594 at height 320 received
[2026-09-29T06:07:43.578Z DEBUG blacksilk_p2p::net::blocks] peer 1: block 6f7e8194fc05 at height 321 received
[2026-09-29T06:07:43.578Z DEBUG blacksilk_p2p::net::blocks] peer 1: block cbc371c9f53e at height 322 received
[2026-09-29T06:07:43.578Z DEBUG blacksilk_p2p::net::blocks] peer 1: block b7c35856f34b at height 323 received
[2026-09-29T06:07:43.582Z DEBUG blacksilk_p2p::net::blocks] peer 1: block 41d1d5aacd76 at height 324 received
[2026-09-29T06:07:43.584Z DEBUG blacksilk_p2p::net::blocks] peer 1: block 1ba3d25c0278 at height 325 received
[2026-09-29T06:07:43.586Z DEBUG blacksilk_p2p::net::blocks] peer 1: block 9ed09a26044f at height 326 received
[2026-09-29T06:07:43.594Z DEBUG blacksilk_p2p::net::blocks] peer 1: block 3fd0ddcd2237 at height 327 received
[2026-09-29T06:07:43.596Z DEBUG blacksilk_p2p::net::blocks] peer 1: block 639e2b353edd at height 328 received
[2026-09-29T06:07:44.357Z DEBUG blacksilk_p2p::net::blocks] peer 1: block 505aca14123e at height 329 received
[2026-09-29T06:07:44.357Z DEBUG blacksilk_p2p::net::blocks] peer 1: block 55ebb57d3402 at height 330 received
[2026-09-29T06:07:44.357Z DEBUG blacksilk_p2p::net::blocks] peer 1: block 52509b87ff2a at height 331 received
[2026-09-29T06:07:44.361Z DEBUG blacksilk_p2p::net::blocks] peer 1: block 56f797c92c43 at height 332 received
[2026-09-29T06:07:44.364Z DEBUG blacksilk_p2p::net::blocks] peer 1: block b4b5bd1864e4 at height 333 received
[2026-09-29T06:07:44.366Z DEBUG blacksilk_p2p::net::blocks] peer 1: block 027c20bd7584 at height 334 received
[2026-09-29T06:07:44.368Z DEBUG blacksilk_p2p::net::blocks] peer 1: block 092ef8759b9d at height 335 received
[2026-09-29T06:07:44.371Z DEBUG blacksilk_p2p::net::blocks] peer 1: block bd501145d778 at height 336 received
[2026-09-29T06:07:45.161Z DEBUG blacksilk_p2p::net::blocks] peer 1: block b5296b105510 at height 337 received
[2026-09-29T06:07:45.161Z DEBUG blacksilk_p2p::net::blocks] peer 1: block 9ef083b09a9f at height 338 received
[2026-09-29T06:07:45.161Z DEBUG blacksilk_p2p::net::blocks] peer 1: block 6022ef6b660f at height 339 received
[2026-09-29T06:07:45.165Z DEBUG blacksilk_p2p::net::blocks] peer 1: block 5316d2997a66 at height 340 received
[2026-09-29T06:07:45.168Z DEBUG blacksilk_p2p::net::blocks] peer 1: block d4d19503d88f at height 341 received
[2026-09-29T06:07:45.170Z DEBUG blacksilk_p2p::net::blocks] peer 1: block 9426f8d541e4 at height 342 received
[2026-09-29T06:07:45.172Z DEBUG blacksilk_p2p::net::blocks] peer 1: block d0479fa28bf9 at height 343 received
[2026-09-29T06:07:45.175Z DEBUG blacksilk_p2p::net::blocks] peer 1: block f891e4c59901 at height 344 received
[2026-09-29T06:07:45.694Z DEBUG blacksilk_p2p::net::blocks] peer 1: block e2fdda5cad12 at height 345 received
[2026-09-29T06:07:45.694Z DEBUG blacksilk_p2p::net::blocks] peer 1: block f30f2b7457c7 at height 346 received
[2026-09-29T06:07:45.694Z DEBUG blacksilk_p2p::net::blocks] peer 1: block 6d9d1c0c2755 at height 347 received
[2026-09-29T06:07:45.703Z DEBUG blacksilk_p2p::net::blocks] peer 1: block 57331c6c2a82 at height 348 received
[2026-09-29T06:07:45.705Z DEBUG blacksilk_p2p::net::blocks] peer 1: block b0bacbf9b9ec at height 349 received
[2026-09-29T06:07:45.707Z DEBUG blacksilk_p2p::net::blocks] peer 1: block 737fb6dc6ed3 at height 350 received
[2026-09-29T06:07:45.709Z DEBUG blacksilk_p2p::net::blocks] peer 1: block cdb44498873e at height 351 received
[2026-09-29T06:07:45.711Z DEBUG blacksilk_p2p::net::blocks] peer 1: block 4f014f2d0ae2 at height 352 received
[2026-09-29T06:07:46.526Z DEBUG blacksilk_p2p::net::blocks] peer 1: block 92b9381dab57 at height 353 received
[2026-09-29T06:07:46.526Z DEBUG blacksilk_p2p::net::blocks] peer 1: block f493fe1ddf24 at height 354 received
[2026-09-29T06:07:46.526Z DEBUG blacksilk_p2p::net::blocks] peer 1: block 034b6bd6ca4a at height 355 received
[2026-09-29T06:07:46.530Z DEBUG blacksilk_p2p::net::blocks] peer 1: block 2ace72645bd5 at height 356 received
[2026-09-29T06:07:46.532Z DEBUG blacksilk_p2p::net::blocks] peer 1: block 9e47a67c426c at height 357 received
[2026-09-29T06:07:46.534Z DEBUG blacksilk_p2p::net::blocks] peer 1: block e5119baeae79 at height 358 received
[2026-09-29T06:07:46.536Z DEBUG blacksilk_p2p::net::blocks] peer 1: block 7e8653ea5f96 at height 359 received
[2026-09-29T06:07:46.538Z DEBUG blacksilk_p2p::net::blocks] peer 1: block 74f0a62a595a at height 360 received
[2026-09-29T06:07:47.085Z DEBUG blacksilk_p2p::net::blocks] peer 1: block e8299aaf687d at height 361 received
[2026-09-29T06:07:47.085Z DEBUG blacksilk_p2p::net::blocks] peer 1: block e71268bb5de2 at height 362 received
[2026-09-29T06:07:47.086Z DEBUG blacksilk_p2p::net::blocks] peer 1: block f9051ed7db27 at height 363 received
[2026-09-29T06:07:47.090Z DEBUG blacksilk_p2p::net::blocks] peer 1: block 2a2dcae60f98 at height 364 received
[2026-09-29T06:07:47.092Z DEBUG blacksilk_p2p::net::blocks] peer 1: block c3162dbdebe7 at height 365 received
[2026-09-29T06:07:47.094Z DEBUG blacksilk_p2p::net::blocks] peer 1: block 1fc68220ce06 at height 366 received
[2026-09-29T06:07:47.102Z DEBUG blacksilk_p2p::net::blocks] peer 1: block 725af67dbb67 at height 367 received
[2026-09-29T06:07:47.104Z DEBUG blacksilk_p2p::net::blocks] peer 1: block b1fda82d3339 at height 368 received
[2026-09-29T06:07:47.938Z DEBUG blacksilk_p2p::net::blocks] peer 1: block c6d6b78b19a1 at height 369 received
[2026-09-29T06:07:47.938Z DEBUG blacksilk_p2p::net::blocks] peer 1: block dfed0c29a818 at height 370 received
[2026-09-29T06:07:47.939Z DEBUG blacksilk_p2p::net::blocks] peer 1: block 8a4a8252ad8b at height 371 received
[2026-09-29T06:07:47.944Z DEBUG blacksilk_p2p::net::blocks] peer 1: block f3428538e8bb at height 372 received
[2026-09-29T06:07:47.944Z DEBUG blacksilk_p2p::net::blocks] peer 1: block 2ae62f823c16 at height 373 received
[2026-09-29T06:07:47.952Z DEBUG blacksilk_p2p::net::blocks] peer 1: block 9609f4e7f3c2 at height 374 received
[2026-09-29T06:07:47.960Z DEBUG blacksilk_p2p::net::blocks] peer 1: block c891e49bbf31 at height 375 received
[2026-09-29T06:07:47.962Z DEBUG blacksilk_p2p::net::blocks] peer 1: block 5c0e351e3a9e at height 376 received
[2026-09-29T06:07:48.762Z DEBUG blacksilk_p2p::net::blocks] peer 1: block 8d59aac2c6a0 at height 377 received
[2026-09-29T06:07:48.763Z DEBUG blacksilk_p2p::net::blocks] peer 1: block eae7ce289b8f at height 378 received
[2026-09-29T06:07:48.763Z DEBUG blacksilk_p2p::net::blocks] peer 1: block d8fd736a6dce at height 379 received
[2026-09-29T06:07:48.766Z DEBUG blacksilk_p2p::net::blocks] peer 1: block 97dbb7805557 at height 380 received
[2026-09-29T06:07:48.768Z DEBUG blacksilk_p2p::net::blocks] peer 1: block e03e323f25a8 at height 381 received
[2026-09-29T06:07:48.770Z DEBUG blacksilk_p2p::net::blocks] peer 1: block 3f08836807ca at height 382 received
[2026-09-29T06:07:48.772Z DEBUG blacksilk_p2p::net::blocks] peer 1: block c60aa6fd45af at height 383 received
[2026-09-29T06:07:48.775Z DEBUG blacksilk_p2p::net::blocks] peer 1: block cf38cd938a55 at height 384 received
[2026-09-29T06:07:49.335Z DEBUG blacksilk_p2p::net::blocks] peer 1: block 599966712d79 at height 385 received
[2026-09-29T06:07:49.335Z DEBUG blacksilk_p2p::net::blocks] peer 1: block b69ecbd16139 at height 386 received
[2026-09-29T06:07:49.335Z DEBUG blacksilk_p2p::net::blocks] peer 1: block d0712d829c9b at height 387 received
[2026-09-29T06:07:49.338Z DEBUG blacksilk_p2p::net::blocks] peer 1: block 0925db5b8892 at height 388 received
[2026-09-29T06:07:49.340Z DEBUG blacksilk_p2p::net::blocks] peer 1: block 11af93ed8801 at height 389 received
[2026-09-29T06:07:49.342Z DEBUG blacksilk_p2p::net::blocks] peer 1: block 12a25fb410ca at height 390 received
[2026-09-29T06:07:49.352Z DEBUG blacksilk_p2p::net::blocks] peer 1: block b9079f98cadf at height 391 received
[2026-09-29T06:07:49.352Z DEBUG blacksilk_p2p::net::blocks] peer 1: block 4a5833c40a1e at height 392 received
[2026-09-29T06:07:50.110Z DEBUG blacksilk_p2p::net::blocks] peer 1: block b244ad320d34 at height 393 received
[2026-09-29T06:07:50.110Z DEBUG blacksilk_p2p::net::blocks] peer 1: block 39bd8771c963 at height 394 received
[2026-09-29T06:07:50.110Z DEBUG blacksilk_p2p::net::blocks] peer 1: block 643f1c2a74ad at height 395 received
[2026-09-29T06:07:50.114Z DEBUG blacksilk_p2p::net::blocks] peer 1: block 93367432ef6c at height 396 received
[2026-09-29T06:07:50.122Z DEBUG blacksilk_p2p::net::blocks] peer 1: block 18deb0499cfd at height 397 received
[2026-09-29T06:07:50.126Z DEBUG blacksilk_p2p::net::blocks] peer 1: block 19e09c2c4756 at height 398 received
[2026-09-29T06:07:50.128Z DEBUG blacksilk_p2p::net::blocks] peer 1: block d0e88333d92c at height 399 received
[2026-09-29T06:07:50.136Z DEBUG blacksilk_p2p::net::blocks] peer 1: block 59d6f721205a at height 400 received
[2026-09-29T06:07:50.674Z DEBUG blacksilk_p2p::net::blocks] peer 1: block d21e42f671fe at height 401 received
[2026-09-29T06:07:50.674Z DEBUG blacksilk_p2p::net::blocks] peer 1: block 891858c41dc4 at height 402 received
[2026-09-29T06:07:50.674Z DEBUG blacksilk_p2p::net::blocks] peer 1: block 995b9495d757 at height 403 received
[2026-09-29T06:07:50.678Z DEBUG blacksilk_p2p::net::blocks] peer 1: block 97f68bf664c7 at height 404 received
[2026-09-29T06:07:50.680Z DEBUG blacksilk_p2p::net::blocks] peer 1: block 618dae4617a4 at height 405 received
[2026-09-29T06:07:50.682Z DEBUG blacksilk_p2p::net::blocks] peer 1: block a9ea34135f41 at height 406 received
[2026-09-29T06:07:50.684Z DEBUG blacksilk_p2p::net::blocks] peer 1: block b36261db227c at height 407 received
[2026-09-29T06:07:50.685Z DEBUG blacksilk_p2p::net::blocks] peer 1: block 89c103ad731b at height 408 received
[2026-09-29T06:07:51.479Z DEBUG blacksilk_p2p::net::blocks] peer 1: block e6c9b7674f88 at height 409 received
[2026-09-29T06:07:51.479Z DEBUG blacksilk_p2p::net::blocks] peer 1: block 724a873049be at height 410 received
[2026-09-29T06:07:51.479Z DEBUG blacksilk_p2p::net::blocks] peer 1: block 5c421ef7b747 at height 411 received
[2026-09-29T06:07:51.481Z DEBUG blacksilk_p2p::net::blocks] peer 1: block d18224f9ae32 at height 412 received
[2026-09-29T06:07:51.483Z DEBUG blacksilk_p2p::net::blocks] peer 1: block e70a2e3d1b92 at height 413 received
[2026-09-29T06:07:51.485Z DEBUG blacksilk_p2p::net::blocks] peer 1: block e1c0836320f6 at height 414 received
[2026-09-29T06:07:51.488Z DEBUG blacksilk_p2p::net::blocks] peer 1: block 7a18a44eb33d at height 415 received
[2026-09-29T06:07:51.490Z DEBUG blacksilk_p2p::net::blocks] peer 1: block b915d9a3b2f4 at height 416 received
[2026-09-29T06:07:52.623Z DEBUG blacksilk_p2p::net::blocks] peer 1: block 1faed6c88e5f at height 417 received
[2026-09-29T06:07:52.651Z DEBUG blacksilk_p2p::net::blocks] peer 1: block fdedf3aeb98c at height 418 received
[2026-09-29T06:07:53.056Z DEBUG blacksilk_p2p::net::blocks] peer 1: block fa875df04419 at height 419 received
[2026-09-29T06:07:53.067Z DEBUG blacksilk_p2p::net::blocks] peer 1: block 531f5628a1c2 at height 420 received
[2026-09-29T06:07:53.069Z DEBUG blacksilk_p2p::net::blocks] peer 1: block ca85d28ba5e3 at height 421 received
[2026-09-29T06:07:53.071Z DEBUG blacksilk_p2p::net::blocks] peer 1: block 45ded0a5f816 at height 422 received
[2026-09-29T06:07:53.073Z DEBUG blacksilk_p2p::net::blocks] peer 1: block 3cafc4563117 at height 423 received
[2026-09-29T06:07:53.075Z DEBUG blacksilk_p2p::net::blocks] peer 1: block 6b5405efd319 at height 424 received
[2026-09-29T06:07:54.195Z DEBUG blacksilk_p2p::net::blocks] peer 1: block 07eb0eed9bd1 at height 425 received
[2026-09-29T06:07:54.195Z DEBUG blacksilk_p2p::net::blocks] peer 1: block 9ee95e33b115 at height 426 received
[2026-09-29T06:07:54.195Z DEBUG blacksilk_p2p::net::blocks] peer 1: block c3564549dd96 at height 427 received
[2026-09-29T06:07:54.199Z DEBUG blacksilk_p2p::net::blocks] peer 1: block d983250a072b at height 428 received
[2026-09-29T06:07:54.201Z DEBUG blacksilk_p2p::net::blocks] peer 1: block 97f27e4ccc81 at height 429 received
[2026-09-29T06:07:54.203Z DEBUG blacksilk_p2p::net::blocks] peer 1: block 1b99821f9c32 at height 430 received
[2026-09-29T06:07:54.205Z DEBUG blacksilk_p2p::net::blocks] peer 1: block 79ecf08c2ee3 at height 431 received
[2026-09-29T06:07:54.207Z DEBUG blacksilk_p2p::net::blocks] peer 1: block 3fad56c8c068 at height 432 received
[2026-09-29T06:07:55.399Z DEBUG blacksilk_p2p::net::blocks] peer 1: block 29ad1b4c132e at height 433 received
[2026-09-29T06:07:55.399Z DEBUG blacksilk_p2p::net::blocks] peer 1: block 6e8716ca8dc7 at height 434 received
[2026-09-29T06:07:55.399Z DEBUG blacksilk_p2p::net::blocks] peer 1: block 5e37278bfc65 at height 435 received
[2026-09-29T06:07:55.402Z DEBUG blacksilk_p2p::net::blocks] peer 1: block 5b44faba9a4f at height 436 received
[2026-09-29T06:07:55.404Z DEBUG blacksilk_p2p::net::blocks] peer 1: block 39d486b90810 at height 437 received
[2026-09-29T06:07:55.463Z DEBUG blacksilk_p2p::net::blocks] peer 1: block 9748bcec3c51 at height 438 received
[2026-09-29T06:07:55.494Z DEBUG blacksilk_p2p::net::blocks] peer 1: block 6b1d552c02ea at height 439 received
[2026-09-29T06:07:55.510Z DEBUG blacksilk_p2p::net::blocks] peer 1: block 9fe4063c5676 at height 440 received
[2026-09-29T06:07:56.795Z DEBUG blacksilk_p2p::net::blocks] peer 1: block 8e5960ba1066 at height 441 received
[2026-09-29T06:07:56.816Z DEBUG blacksilk_p2p::net::blocks] peer 1: block 06e229442cad at height 442 received
[2026-09-29T06:07:57.158Z DEBUG blacksilk_p2p::net::blocks] peer 1: block f11ebda10c25 at height 443 received
[2026-09-29T06:07:57.162Z DEBUG blacksilk_p2p::net::blocks] peer 1: block 217b3115fe53 at height 444 received
[2026-09-29T06:07:57.165Z DEBUG blacksilk_p2p::net::blocks] peer 1: block fac6e8b26fa0 at height 445 received
[2026-09-29T06:07:57.166Z DEBUG blacksilk_p2p::net::blocks] peer 1: block 240df7a457ad at height 446 received
[2026-09-29T06:07:57.175Z DEBUG blacksilk_p2p::net::blocks] peer 1: block 8598b7f95f14 at height 447 received
[2026-09-29T06:07:57.177Z DEBUG blacksilk_p2p::net::blocks] peer 1: block 634d019f97d2 at height 448 received
[2026-09-29T06:07:58.287Z DEBUG blacksilk_p2p::net::blocks] peer 1: block 5452c3473edd at height 449 received
[2026-09-29T06:07:58.300Z DEBUG blacksilk_p2p::net::blocks] peer 1: block 962f6193c5bf at height 450 received
[2026-09-29T06:07:58.377Z DEBUG blacksilk_p2p::net::blocks] peer 1: block ab6b3f2be775 at height 451 received
[2026-09-29T06:07:58.385Z DEBUG blacksilk_p2p::net::blocks] peer 1: block d4f388b60f7b at height 452 received
[2026-09-29T06:07:58.438Z DEBUG blacksilk_p2p::net::blocks] peer 1: block bd4937b689cb at height 453 received
[2026-09-29T06:07:58.700Z DEBUG blacksilk_p2p::net::blocks] peer 1: block f642b70c4582 at height 454 received
[2026-09-29T06:07:58.709Z DEBUG blacksilk_p2p::net::blocks] peer 1: block 9cc837c57b90 at height 455 received
[2026-09-29T06:07:58.714Z DEBUG blacksilk_p2p::net::blocks] peer 1: block 965c16f8e283 at height 456 received
[2026-09-29T06:07:59.992Z DEBUG blacksilk_p2p::net::blocks] peer 1: block 3a8b91353706 at height 457 received
[2026-09-29T06:08:00.033Z DEBUG blacksilk_p2p::net::blocks] peer 1: block c942ae5f73fb at height 458 received
[2026-09-29T06:08:00.329Z DEBUG blacksilk_p2p::net::blocks] peer 1: block 6be11a6172d8 at height 459 received
[2026-09-29T06:08:00.381Z DEBUG blacksilk_p2p::net::blocks] peer 1: block 6c15e976dbe6 at height 460 received
[2026-09-29T06:08:00.381Z DEBUG blacksilk_p2p::net::blocks] peer 1: block 39b3dddce8a4 at height 461 received
[2026-09-29T06:08:00.384Z DEBUG blacksilk_p2p::net::blocks] peer 1: block d66976a0e181 at height 462 received
[2026-09-29T06:08:00.385Z DEBUG blacksilk_p2p::net::blocks] peer 1: block 6efe44ba3d04 at height 463 received
[2026-09-29T06:08:00.387Z DEBUG blacksilk_p2p::net::blocks] peer 1: block f6b2a343e4aa at height 464 received
[2026-09-29T06:08:01.101Z DEBUG blacksilk_p2p::net::blocks] peer 1: block 7daf345e88e6 at height 465 received
[2026-09-29T06:08:01.109Z DEBUG blacksilk_p2p::net::blocks] peer 1: block 1df4e72f0857 at height 466 received
[2026-09-29T06:08:01.111Z DEBUG blacksilk_p2p::net::blocks] peer 1: block 5103ca24325a at height 467 received
[2026-09-29T06:08:01.477Z DEBUG blacksilk_p2p::net::blocks] peer 1: block cf80710ba31d at height 468 received
[2026-09-29T06:08:01.479Z DEBUG blacksilk_p2p::net::blocks] peer 1: block ccc90cdd8823 at height 469 received
[2026-09-29T06:08:01.487Z DEBUG blacksilk_p2p::net::blocks] peer 1: block 9e13f384429c at height 470 received
[2026-09-29T06:08:01.489Z DEBUG blacksilk_p2p::net::blocks] peer 1: block 521c8ecb3ee0 at height 471 received
[2026-09-29T06:08:01.490Z DEBUG blacksilk_p2p::net::blocks] peer 1: block da7c882942bc at height 472 received
[2026-09-29T06:08:02.594Z DEBUG blacksilk_p2p::net::blocks] peer 1: block 63d0e86487d9 at height 473 received
[2026-09-29T06:08:02.602Z DEBUG blacksilk_p2p::net::blocks] peer 1: block 396b86cdec4e at height 474 received
[2026-09-29T06:08:02.602Z DEBUG blacksilk_p2p::net::blocks] peer 1: block ba86da4e066c at height 475 received
[2026-09-29T06:08:03.015Z DEBUG blacksilk_p2p::net::blocks] peer 1: block cdd4cf4364d4 at height 476 received
[2026-09-29T06:08:03.015Z DEBUG blacksilk_p2p::net::blocks] peer 1: block 99b0432611e5 at height 477 received
[2026-09-29T06:08:03.015Z DEBUG blacksilk_p2p::net::blocks] peer 1: block 7caa57ddc084 at height 478 received
[2026-09-29T06:08:03.018Z DEBUG blacksilk_p2p::net::blocks] peer 1: block 62d138fefe5e at height 479 received
[2026-09-29T06:08:03.020Z DEBUG blacksilk_p2p::net::blocks] peer 1: block 0f996e114df2 at height 480 received
[2026-09-29T06:08:04.099Z DEBUG blacksilk_p2p::net::blocks] peer 1: block fc9261545c83 at height 481 received
[2026-09-29T06:08:04.099Z DEBUG blacksilk_p2p::net::blocks] peer 1: block 88dff3764dcf at height 482 received
[2026-09-29T06:08:04.099Z DEBUG blacksilk_p2p::net::blocks] peer 1: block 2afd32489fc1 at height 483 received
[2026-09-29T06:08:04.107Z DEBUG blacksilk_p2p::net::blocks] peer 1: block 7aef0d881971 at height 484 received
[2026-09-29T06:08:04.109Z DEBUG blacksilk_p2p::net::blocks] peer 1: block e7499545286c at height 485 received
[2026-09-29T06:08:04.111Z DEBUG blacksilk_p2p::net::blocks] peer 1: block c39d82760cbf at height 486 received
[2026-09-29T06:08:04.114Z DEBUG blacksilk_p2p::net::blocks] peer 1: block c79e15db763f at height 487 received
[2026-09-29T06:08:04.122Z DEBUG blacksilk_p2p::net::blocks] peer 1: block 60eee241d7b1 at height 488 received
[2026-09-29T06:08:04.895Z DEBUG blacksilk_p2p::net::blocks] peer 1: block 24e742ce61e2 at height 489 received
[2026-09-29T06:08:04.895Z DEBUG blacksilk_p2p::net::blocks] peer 1: block bbc57b6cdea6 at height 490 received
[2026-09-29T06:08:04.895Z DEBUG blacksilk_p2p::net::blocks] peer 1: block 62ccd53dfa33 at height 491 received
[2026-09-29T06:08:04.898Z DEBUG blacksilk_p2p::net::blocks] peer 1: block 442907a2d318 at height 492 received
[2026-09-29T06:08:04.908Z DEBUG blacksilk_p2p::net::blocks] peer 1: block 50728eb59627 at height 493 received
[2026-09-29T06:08:04.910Z DEBUG blacksilk_p2p::net::blocks] peer 1: block 4dd1f06e0d2c at height 494 received
[2026-09-29T06:08:04.913Z DEBUG blacksilk_p2p::net::blocks] peer 1: block 795fc74e5248 at height 495 received
[2026-09-29T06:08:04.915Z DEBUG blacksilk_p2p::net::blocks] peer 1: block fb4ebb7300d6 at height 496 received
[2026-09-29T06:08:05.427Z DEBUG blacksilk_p2p::net::blocks] peer 1: block 6a92b5884454 at height 497 received
[2026-09-29T06:08:05.427Z DEBUG blacksilk_p2p::net::blocks] peer 1: block 5b39bdc142dd at height 498 received
[2026-09-29T06:08:05.427Z DEBUG blacksilk_p2p::net::blocks] peer 1: block 1d1499a7bf43 at height 499 received
[2026-09-29T06:08:05.435Z DEBUG blacksilk_p2p::net::blocks] peer 1: block 94730c553423 at height 500 received
[2026-09-29T06:08:05.438Z DEBUG blacksilk_p2p::net::blocks] peer 1: block 36665ed85146 at height 501 received
[2026-09-29T06:08:05.441Z DEBUG blacksilk_p2p::net::blocks] peer 1: block 496ad5135064 at height 502 received
[2026-09-29T06:08:05.442Z DEBUG blacksilk_p2p::net::blocks] peer 1: block 10bf932c5d69 at height 503 received
[2026-09-29T06:08:05.450Z DEBUG blacksilk_p2p::net::blocks] peer 1: block c6ed785b39e3 at height 504 received
[2026-09-29T06:08:06.247Z DEBUG blacksilk_p2p::net::blocks] peer 1: block b0be6e922a8e at height 505 received
[2026-09-29T06:08:06.247Z DEBUG blacksilk_p2p::net::blocks] peer 1: block 695965e78ed4 at height 506 received
[2026-09-29T06:08:06.247Z DEBUG blacksilk_p2p::net::blocks] peer 1: block 6a807959170a at height 507 received
[2026-09-29T06:08:06.249Z DEBUG blacksilk_p2p::net::blocks] peer 1: block 0385d81bb426 at height 508 received
[2026-09-29T06:08:06.256Z DEBUG blacksilk_p2p::net::blocks] peer 1: block f7da73d6a5b2 at height 509 received
[2026-09-29T06:08:06.265Z DEBUG blacksilk_p2p::net::blocks] peer 1: block 38b649d8726b at height 510 received
[2026-09-29T06:08:06.268Z DEBUG blacksilk_p2p::net::blocks] peer 1: block afc424da5fc5 at height 511 received
[2026-09-29T06:08:06.269Z DEBUG blacksilk_p2p::net::blocks] peer 1: block f4cb713b407a at height 512 received
[2026-09-29T06:08:07.032Z DEBUG blacksilk_p2p::net::blocks] peer 1: block 04a25849f2c4 at height 513 received
[2026-09-29T06:08:07.032Z DEBUG blacksilk_p2p::net::blocks] peer 1: block 7906daa100dc at height 514 received
[2026-09-29T06:08:07.032Z DEBUG blacksilk_p2p::net::blocks] peer 1: block 3ec168eb9971 at height 515 received
[2026-09-29T06:08:07.037Z DEBUG blacksilk_p2p::net::blocks] peer 1: block e3589e7fd7d5 at height 516 received
[2026-09-29T06:08:07.039Z DEBUG blacksilk_p2p::net::blocks] peer 1: block cd1a616d5bfd at height 517 received
[2026-09-29T06:08:07.043Z DEBUG blacksilk_p2p::net::blocks] peer 1: block 03cecc7a8fd9 at height 518 received
[2026-09-29T06:08:07.043Z DEBUG blacksilk_p2p::net::blocks] peer 1: block 08f465a0da8f at height 519 received
[2026-09-29T06:08:07.051Z DEBUG blacksilk_p2p::net::blocks] peer 1: block 6d2779e9c621 at height 520 received
[2026-09-29T06:08:07.578Z DEBUG blacksilk_p2p::net::blocks] peer 1: block e9de9632b975 at height 521 received
[2026-09-29T06:08:07.578Z DEBUG blacksilk_p2p::net::blocks] peer 1: block 26dd2dd12814 at height 522 received
[2026-09-29T06:08:07.578Z DEBUG blacksilk_p2p::net::blocks] peer 1: block a95365c49c5f at height 523 received
[2026-09-29T06:08:07.593Z DEBUG blacksilk_p2p::net::blocks] peer 1: block 577e331f3115 at height 524 received
[2026-09-29T06:08:07.595Z DEBUG blacksilk_p2p::net::blocks] peer 1: block 40659b22967d at height 525 received
[2026-09-29T06:08:07.600Z DEBUG blacksilk_p2p::net::blocks] peer 1: block 146cab1a9c3e at height 526 received
[2026-09-29T06:08:07.600Z DEBUG blacksilk_p2p::net::blocks] peer 1: block c8402cad9be3 at height 527 received
[2026-09-29T06:08:07.602Z DEBUG blacksilk_p2p::net::blocks] peer 1: block cab4e7c43c41 at height 528 received
[2026-09-29T06:08:08.422Z DEBUG blacksilk_p2p::net::blocks] peer 1: block 147612838c39 at height 529 received
[2026-09-29T06:08:08.422Z DEBUG blacksilk_p2p::net::blocks] peer 1: block 8a755b61f915 at height 530 received
[2026-09-29T06:08:08.422Z DEBUG blacksilk_p2p::net::blocks] peer 1: block 4e58ad2b1579 at height 531 received
[2026-09-29T06:08:08.426Z DEBUG blacksilk_p2p::net::blocks] peer 1: block 43e42ec2e031 at height 532 received
[2026-09-29T06:08:08.430Z DEBUG blacksilk_p2p::net::blocks] peer 1: block 806f70bbff74 at height 533 received
[2026-09-29T06:08:08.432Z DEBUG blacksilk_p2p::net::blocks] peer 1: block 2e29e6bb0166 at height 534 received
[2026-09-29T06:08:08.434Z DEBUG blacksilk_p2p::net::blocks] peer 1: block a3b999c80623 at height 535 received
[2026-09-29T06:08:08.436Z DEBUG blacksilk_p2p::net::blocks] peer 1: block 0033b21771e8 at height 536 received
[2026-09-29T06:08:09.253Z DEBUG blacksilk_p2p::net::blocks] peer 1: block 5a80a024656e at height 537 received
[2026-09-29T06:08:09.254Z DEBUG blacksilk_p2p::net::blocks] peer 1: block 26ca0b5aea8a at height 538 received
[2026-09-29T06:08:09.254Z DEBUG blacksilk_p2p::net::blocks] peer 1: block 8178f42143cd at height 539 received
[2026-09-29T06:08:09.257Z DEBUG blacksilk_p2p::net::blocks] peer 1: block 5c2605b13104 at height 540 received
[2026-09-29T06:08:09.260Z DEBUG blacksilk_p2p::net::blocks] peer 1: block e44d64061f20 at height 541 received
[2026-09-29T06:08:09.268Z DEBUG blacksilk_p2p::net::blocks] peer 1: block 202527196e20 at height 542 received
[2026-09-29T06:08:09.270Z DEBUG blacksilk_p2p::net::blocks] peer 1: block cea7ad525c4a at height 543 received
[2026-09-29T06:08:09.277Z DEBUG blacksilk_p2p::net::blocks] peer 1: block ec7dd03d1bf8 at height 544 received
[2026-09-29T06:08:10.038Z DEBUG blacksilk_p2p::net::blocks] peer 1: block fa5c0140ddae at height 545 received
[2026-09-29T06:08:10.038Z DEBUG blacksilk_p2p::net::blocks] peer 1: block a0765e9d9114 at height 546 received
[2026-09-29T06:08:10.038Z DEBUG blacksilk_p2p::net::blocks] peer 1: block 7a6eff39b030 at height 547 received
[2026-09-29T06:08:10.048Z DEBUG blacksilk_p2p::net::blocks] peer 1: block 53cf9aa2fc75 at height 548 received
[2026-09-29T06:08:10.050Z DEBUG blacksilk_p2p::net::blocks] peer 1: block 216a93583fec at height 549 received
[2026-09-29T06:08:10.057Z DEBUG blacksilk_p2p::net::blocks] peer 1: block 668af8f85d55 at height 550 received
[2026-09-29T06:08:10.066Z DEBUG blacksilk_p2p::net::blocks] peer 1: block b5852c28e8c8 at height 551 received
[2026-09-29T06:08:10.073Z DEBUG blacksilk_p2p::net::blocks] peer 1: block 2c268216c3bd at height 552 received
[2026-09-29T06:08:10.871Z DEBUG blacksilk_p2p::net::blocks] peer 1: block 8544cfe94a30 at height 553 received
[2026-09-29T06:08:10.871Z DEBUG blacksilk_p2p::net::blocks] peer 1: block 4f5ed128cb86 at height 554 received
[2026-09-29T06:08:10.871Z DEBUG blacksilk_p2p::net::blocks] peer 1: block 89622244d94b at height 555 received
[2026-09-29T06:08:10.880Z DEBUG blacksilk_p2p::net::blocks] peer 1: block 94b4481b9cf5 at height 556 received
[2026-09-29T06:08:10.881Z DEBUG blacksilk_p2p::net::blocks] peer 1: block da9c6b3e2787 at height 557 received
[2026-09-29T06:08:10.883Z DEBUG blacksilk_p2p::net::blocks] peer 1: block 27bee44a9cbc at height 558 received
[2026-09-29T06:08:10.891Z DEBUG blacksilk_p2p::net::blocks] peer 1: block b3f5cdf4eaaa at height 559 received
[2026-09-29T06:08:10.894Z DEBUG blacksilk_p2p::net::blocks] peer 1: block 8988d0fd83d1 at height 560 received
[2026-09-29T06:08:11.472Z DEBUG blacksilk_p2p::net::blocks] peer 1: block c45a675180f7 at height 561 received
[2026-09-29T06:08:11.472Z DEBUG blacksilk_p2p::net::blocks] peer 1: block b7118dd073d2 at height 562 received
[2026-09-29T06:08:11.472Z DEBUG blacksilk_p2p::net::blocks] peer 1: block 3236b3aee25c at height 563 received
[2026-09-29T06:08:11.477Z DEBUG blacksilk_p2p::net::blocks] peer 1: block 8120b678229c at height 564 received
[2026-09-29T06:08:11.482Z DEBUG blacksilk_p2p::net::blocks] peer 1: block cf80ebc65cb7 at height 565 received
[2026-09-29T06:08:11.482Z DEBUG blacksilk_p2p::net::blocks] peer 1: block 4a6eb3ed4e3d at height 566 received
[2026-09-29T06:08:11.490Z DEBUG blacksilk_p2p::net::blocks] peer 1: block 26ea8a253b93 at height 567 received
[2026-09-29T06:08:11.498Z DEBUG blacksilk_p2p::net::blocks] peer 1: block 8c182761d2d1 at height 568 received
[2026-09-29T06:08:12.230Z DEBUG blacksilk_p2p::net::blocks] peer 1: block 8ae4547bb465 at height 569 received
[2026-09-29T06:08:12.230Z DEBUG blacksilk_p2p::net::blocks] peer 1: block b500e86609ba at height 570 received
[2026-09-29T06:08:12.230Z DEBUG blacksilk_p2p::net::blocks] peer 1: block 14ff59fc175d at height 571 received
[2026-09-29T06:08:12.233Z DEBUG blacksilk_p2p::net::blocks] peer 1: block 81f8f3bcf5e1 at height 572 received
[2026-09-29T06:08:12.235Z DEBUG blacksilk_p2p::net::blocks] peer 1: block 9b9042c534a1 at height 573 received
[2026-09-29T06:08:12.241Z DEBUG blacksilk_p2p::net::blocks] peer 1: block 96dbcb5933f2 at height 574 received
[2026-09-29T06:08:12.241Z DEBUG blacksilk_p2p::net::blocks] peer 1: block 44daccf04b7e at height 575 received
[2026-09-29T06:08:12.242Z DEBUG blacksilk_p2p::net::blocks] peer 1: block 2494e6815191 at height 576 received
[2026-09-29T06:08:12.755Z DEBUG blacksilk_p2p::net::blocks] peer 1: block 8656b3662934 at height 577 received
[2026-09-29T06:08:12.755Z DEBUG blacksilk_p2p::net::blocks] peer 1: block 5daa07add782 at height 578 received
[2026-09-29T06:08:12.756Z DEBUG blacksilk_p2p::net::blocks] peer 1: block af6998379314 at height 579 received
[2026-09-29T06:08:12.758Z DEBUG blacksilk_p2p::net::blocks] peer 1: block 17243f03541f at height 580 received
[2026-09-29T06:08:12.766Z DEBUG blacksilk_p2p::net::blocks] peer 1: block 5ee2d76f556c at height 581 received
[2026-09-29T06:08:12.773Z DEBUG blacksilk_p2p::net::blocks] peer 1: block 2f8b1dcae58c at height 582 received
[2026-09-29T06:08:12.775Z DEBUG blacksilk_p2p::net::blocks] peer 1: block fc4472377b91 at height 583 received
[2026-09-29T06:08:12.779Z DEBUG blacksilk_p2p::net::blocks] peer 1: block b03b3329072e at height 584 received
[2026-09-29T06:08:13.889Z DEBUG blacksilk_p2p::net::blocks] peer 1: block 2d5ef252ce29 at height 585 received
[2026-09-29T06:08:13.920Z DEBUG blacksilk_p2p::net::blocks] peer 1: block f6ca7ab26fc7 at height 586 received
[2026-09-29T06:08:13.920Z DEBUG blacksilk_p2p::net::blocks] peer 1: block e067b3845065 at height 587 received
[2026-09-29T06:08:13.970Z DEBUG blacksilk_p2p::net::blocks] peer 1: block fc9a156335b2 at height 588 received
[2026-09-29T06:08:13.975Z DEBUG blacksilk_p2p::net::blocks] peer 1: block 9bd51762d2e3 at height 589 received
[2026-09-29T06:08:13.984Z DEBUG blacksilk_p2p::net::blocks] peer 1: block 32826de66d74 at height 590 received
[2026-09-29T06:08:13.986Z DEBUG blacksilk_p2p::net::blocks] peer 1: block ec52f79f7165 at height 591 received
[2026-09-29T06:08:13.994Z DEBUG blacksilk_p2p::net::blocks] peer 1: block 3f8b70a0d123 at height 592 received
[2026-09-29T06:08:15.276Z DEBUG blacksilk_p2p::net::blocks] peer 1: block e9c26e01d5cf at height 593 received
[2026-09-29T06:08:15.276Z DEBUG blacksilk_p2p::net::blocks] peer 1: block ae38e2a4e0b6 at height 594 received
[2026-09-29T06:08:15.675Z DEBUG blacksilk_p2p::net::blocks] peer 1: block ede7c01f90c9 at height 595 received
[2026-09-29T06:08:15.679Z DEBUG blacksilk_p2p::net::blocks] peer 1: block cb4dea149ea9 at height 596 received
[2026-09-29T06:08:15.680Z DEBUG blacksilk_p2p::net::blocks] peer 1: block d5426f057c28 at height 597 received
[2026-09-29T06:08:15.688Z DEBUG blacksilk_p2p::net::blocks] peer 1: block 9f694d51e9db at height 598 received
[2026-09-29T06:08:15.696Z DEBUG blacksilk_p2p::net::blocks] peer 1: block 851015845d2c at height 599 received
[2026-09-29T06:08:15.698Z DEBUG blacksilk_p2p::net::blocks] peer 1: block f44b2e357925 at height 600 received
[2026-09-29T06:08:16.768Z DEBUG blacksilk_p2p::net::blocks] peer 1: block b820ed4253be at height 601 received
[2026-09-29T06:08:16.768Z DEBUG blacksilk_p2p::net::blocks] peer 1: block 8477f131a8df at height 602 received
[2026-09-29T06:08:16.832Z DEBUG blacksilk_p2p::net::blocks] peer 1: block f6fbe8fd385f at height 603 received
[2026-09-29T06:08:16.879Z DEBUG blacksilk_p2p::net::blocks] peer 1: block 319ab7b6ae30 at height 604 received
[2026-09-29T06:08:16.925Z DEBUG blacksilk_p2p::net::blocks] peer 1: block cf9515e1b068 at height 605 received
[2026-09-29T06:08:16.926Z DEBUG blacksilk_p2p::net::blocks] peer 1: block b04b07cd6cac at height 606 received
[2026-09-29T06:08:16.985Z DEBUG blacksilk_p2p::net::blocks] peer 1: block 8467e9e44973 at height 607 received
[2026-09-29T06:08:16.985Z DEBUG blacksilk_p2p::net::blocks] peer 1: block d8edf68bcc7f at height 608 received
[2026-09-29T06:08:18.148Z DEBUG blacksilk_p2p::net::blocks] peer 1: block f0a031e77362 at height 609 received
[2026-09-29T06:08:18.190Z DEBUG blacksilk_p2p::net::blocks] peer 1: block 327b9c1f69da at height 610 received
[2026-09-29T06:08:18.639Z DEBUG blacksilk_p2p::net::blocks] peer 1: block fcab3b087b77 at height 611 received
[2026-09-29T06:08:18.756Z DEBUG blacksilk_p2p::net::blocks] peer 1: block 07a6adc3e003 at height 612 received
[2026-09-29T06:08:18.756Z DEBUG blacksilk_p2p::net::blocks] peer 1: block 67784d2bba92 at height 613 received
[2026-09-29T06:08:18.757Z DEBUG blacksilk_p2p::net::blocks] peer 1: block d4240adb4f17 at height 614 received
[2026-09-29T06:08:18.761Z DEBUG blacksilk_p2p::net::blocks] peer 1: block 63e16c0a8636 at height 615 received
[2026-09-29T06:08:18.765Z DEBUG blacksilk_p2p::net::blocks] peer 1: block 659f0737ab7b at height 616 received
[2026-09-29T06:08:20.272Z DEBUG blacksilk_p2p::net::blocks] peer 1: block d39b0732a1e6 at height 617 received
[2026-09-29T06:08:20.272Z DEBUG blacksilk_p2p::net::blocks] peer 1: block a5e948cb2b34 at height 618 received
[2026-09-29T06:08:20.887Z DEBUG blacksilk_p2p::net::blocks] peer 1: block d32704269f65 at height 619 received
[2026-09-29T06:08:24.454Z DEBUG blacksilk_p2p::net::blocks] peer 1: block 3f426e66b420 at height 620 received
[2026-09-29T06:08:24.456Z DEBUG blacksilk_p2p::net::blocks] peer 1: block b4911fa5a0b0 at height 621 received
[2026-09-29T06:08:24.459Z DEBUG blacksilk_p2p::net::blocks] peer 1: block dcd5ea7ea838 at height 622 received
[2026-09-29T06:08:24.470Z DEBUG blacksilk_p2p::net::blocks] peer 1: block bf27f3c23b8c at height 623 received
[2026-09-29T06:08:24.472Z DEBUG blacksilk_p2p::net::blocks] peer 1: block c0fbd3353966 at height 624 received
[2026-09-29T06:08:24.474Z DEBUG blacksilk_p2p::net::blocks] peer 1: block 8138e07e3e49 at height 625 received
[2026-09-29T06:08:24.482Z DEBUG blacksilk_p2p::net::blocks] peer 1: block 4fda74e54da9 at height 626 received
[2026-09-29T06:08:24.484Z DEBUG blacksilk_p2p::net::blocks] peer 1: block ec063185138d at height 627 received
[2026-09-29T06:08:24.486Z DEBUG blacksilk_p2p::net::blocks] peer 1: block 47dbc5765ce0 at height 628 received
[2026-09-29T06:08:24.488Z DEBUG blacksilk_p2p::net::blocks] peer 1: block d5be4d8c897c at height 629 received
[2026-09-29T06:08:24.490Z DEBUG blacksilk_p2p::net::blocks] peer 1: block a78560da7de2 at height 630 received
[2026-09-29T06:08:24.521Z DEBUG blacksilk_p2p::net::blocks] peer 1: block 447b401d6bf9 at height 631 received
[2026-09-29T06:08:25.313Z DEBUG blacksilk_p2p::net::blocks] peer 1: block 6d40a9197a8b at height 632 received
[2026-09-29T06:08:26.833Z DEBUG blacksilk_p2p::net::blocks] peer 1: block 8c9395e11e75 at height 633 received
[2026-09-29T06:08:26.847Z DEBUG blacksilk_p2p::net::blocks] peer 1: block 4577486cbace at height 634 received
[2026-09-29T06:08:27.525Z DEBUG blacksilk_p2p::net::blocks] peer 1: block 17526a8c2e8a at height 635 received
[2026-09-29T06:08:27.528Z DEBUG blacksilk_p2p::net::blocks] peer 1: block 3b513753590e at height 636 received
[2026-09-29T06:08:27.531Z DEBUG blacksilk_p2p::net::blocks] peer 1: block d1793bd85de5 at height 637 received
[2026-09-29T06:08:27.532Z DEBUG blacksilk_p2p::net::blocks] peer 1: block 72b160baa261 at height 638 received
[2026-09-29T06:08:27.535Z DEBUG blacksilk_p2p::net::blocks] peer 1: block 95af927058b3 at height 639 received
[2026-09-29T06:08:27.542Z DEBUG blacksilk_p2p::net::blocks] peer 1: block d94896b88b33 at height 640 received
[2026-09-29T06:08:29.115Z DEBUG blacksilk_p2p::net::blocks] peer 1: block 0921dd07139c at height 641 received
[2026-09-29T06:08:29.115Z DEBUG blacksilk_p2p::net::blocks] peer 1: block 06f1de8047cd at height 642 received
[2026-09-29T06:08:29.115Z DEBUG blacksilk_p2p::net::blocks] peer 1: block 6af31faf0bc1 at height 643 received
[2026-09-29T06:08:29.742Z DEBUG blacksilk_p2p::net::blocks] peer 1: block 031a4cd13056 at height 644 received
[2026-09-29T06:08:29.744Z DEBUG blacksilk_p2p::net::blocks] peer 1: block 5fe7c91d4918 at height 645 received
[2026-09-29T06:08:29.747Z DEBUG blacksilk_p2p::net::blocks] peer 1: block 4eeab1c4bbc0 at height 646 received
[2026-09-29T06:08:29.748Z DEBUG blacksilk_p2p::net::blocks] peer 1: block 935ea7e8e15f at height 647 received
[2026-09-29T06:08:29.750Z DEBUG blacksilk_p2p::net::blocks] peer 1: block 1bc28aa79f19 at height 648 received
[2026-09-29T06:08:31.286Z DEBUG blacksilk_p2p::net::blocks] peer 1: block d17658e7f14a at height 649 received
[2026-09-29T06:08:31.286Z DEBUG blacksilk_p2p::net::blocks] peer 1: block f521d16fdc89 at height 650 received
[2026-09-29T06:08:31.286Z DEBUG blacksilk_p2p::net::blocks] peer 1: block 94a6f336375a at height 651 received
[2026-09-29T06:08:31.290Z DEBUG blacksilk_p2p::net::blocks] peer 1: block 9c5cb25cc0d5 at height 652 received
[2026-09-29T06:08:31.291Z DEBUG blacksilk_p2p::net::blocks] peer 1: block 0a03633ded3d at height 653 received
[2026-09-29T06:08:31.302Z DEBUG blacksilk_p2p::net::blocks] peer 1: block 82728fea9b32 at height 654 received
[2026-09-29T06:08:31.304Z DEBUG blacksilk_p2p::net::blocks] peer 1: block fd5e4a225682 at height 655 received
[2026-09-29T06:08:31.306Z DEBUG blacksilk_p2p::net::blocks] peer 1: block 602757760e2a at height 656 received
[2026-09-29T06:08:32.601Z DEBUG blacksilk_p2p::net::blocks] peer 1: block 3a0aba7a0016 at height 657 received
[2026-09-29T06:08:32.616Z DEBUG blacksilk_p2p::net::blocks] peer 1: block 72e90f92db2b at height 658 received
[2026-09-29T06:08:33.016Z DEBUG blacksilk_p2p::net::blocks] peer 1: block c3db35e947a2 at height 659 received
[2026-09-29T06:08:33.020Z DEBUG blacksilk_p2p::net::blocks] peer 1: block 76137edd171c at height 660 received
[2026-09-29T06:08:33.022Z DEBUG blacksilk_p2p::net::blocks] peer 1: block eeef4f47d9e4 at height 661 received
[2026-09-29T06:08:33.023Z DEBUG blacksilk_p2p::net::blocks] peer 1: block 6d5b1326f327 at height 662 received
[2026-09-29T06:08:33.031Z DEBUG blacksilk_p2p::net::blocks] peer 1: block 3205ab57a05d at height 663 received
[2026-09-29T06:08:33.042Z DEBUG blacksilk_p2p::net::blocks] peer 1: block d2a8e57c714d at height 664 received
[2026-09-29T06:08:34.414Z DEBUG blacksilk_p2p::net::blocks] peer 1: block 10f546347091 at height 665 received
[2026-09-29T06:08:34.465Z DEBUG blacksilk_p2p::net::blocks] peer 1: block e00012b2a641 at height 666 received
[2026-09-29T06:08:34.873Z DEBUG blacksilk_p2p::net::blocks] peer 1: block 0eeaf8a7a0fb at height 667 received
[2026-09-29T06:08:34.958Z DEBUG blacksilk_p2p::net::blocks] peer 1: block d1dade435907 at height 668 received
[2026-09-29T06:08:34.958Z DEBUG blacksilk_p2p::net::blocks] peer 1: block 33be65847760 at height 669 received
[2026-09-29T06:08:34.958Z DEBUG blacksilk_p2p::net::blocks] peer 1: block 11d6e7c9fb05 at height 670 received
[2026-09-29T06:08:34.961Z DEBUG blacksilk_p2p::net::blocks] peer 1: block 82b43e51e550 at height 671 received
[2026-09-29T06:08:34.969Z DEBUG blacksilk_p2p::net::blocks] peer 1: block 996605267ed0 at height 672 received
[2026-09-29T06:08:36.445Z DEBUG blacksilk_p2p::net::blocks] peer 1: block 202f9bbeb12d at height 673 received
[2026-09-29T06:08:36.445Z DEBUG blacksilk_p2p::net::blocks] peer 1: block 0a4246c9b571 at height 674 received
[2026-09-29T06:08:37.011Z DEBUG blacksilk_p2p::net::blocks] peer 1: block 0cf54d710756 at height 675 received
[2026-09-29T06:08:37.014Z DEBUG blacksilk_p2p::net::blocks] peer 1: block 281db25ba974 at height 676 received
[2026-09-29T06:08:37.016Z DEBUG blacksilk_p2p::net::blocks] peer 1: block 8a43155def5b at height 677 received
[2026-09-29T06:08:37.021Z DEBUG blacksilk_p2p::net::blocks] peer 1: block 44a198518f38 at height 678 received
[2026-09-29T06:08:37.023Z DEBUG blacksilk_p2p::net::blocks] peer 1: block 5dad216dfa48 at height 679 received
[2026-09-29T06:08:37.023Z DEBUG blacksilk_p2p::net::blocks] peer 1: block 8f46c81b0422 at height 680 received
[2026-09-29T06:08:38.690Z DEBUG blacksilk_p2p::net::blocks] peer 1: block f2bead3be651 at height 681 received
[2026-09-29T06:08:38.691Z DEBUG blacksilk_p2p::net::blocks] peer 1: block 5c6a7cfe8333 at height 682 received
[2026-09-29T06:08:39.314Z DEBUG blacksilk_p2p::net::blocks] peer 1: block 16378529036a at height 683 received
[2026-09-29T06:08:39.398Z DEBUG blacksilk_p2p::net::blocks] peer 1: block b2bd37d83bc8 at height 684 received
[2026-09-29T06:08:39.399Z DEBUG blacksilk_p2p::net::blocks] peer 1: block ae6f3bdc6e51 at height 685 received
[2026-09-29T06:08:39.407Z DEBUG blacksilk_p2p::net::blocks] peer 1: block 11e64d5a7cb3 at height 686 received
[2026-09-29T06:08:39.409Z DEBUG blacksilk_p2p::net::blocks] peer 1: block da3837f65bbb at height 687 received
[2026-09-29T06:08:39.411Z DEBUG blacksilk_p2p::net::blocks] peer 1: block 7a0ce152db37 at height 688 received
[2026-09-29T06:08:40.700Z DEBUG blacksilk_p2p::net::blocks] peer 1: block 8295a64de124 at height 689 received
[2026-09-29T06:08:40.700Z DEBUG blacksilk_p2p::net::blocks] peer 1: block 2fd70b9c6fed at height 690 received
[2026-09-29T06:08:41.411Z DEBUG blacksilk_p2p::net::blocks] peer 1: block c9a929f4dd72 at height 691 received
[2026-09-29T06:08:41.479Z DEBUG blacksilk_p2p::net::blocks] peer 1: block 7e4ad880de59 at height 692 received
[2026-09-29T06:08:41.481Z DEBUG blacksilk_p2p::net::blocks] peer 1: block 0cfed36835ec at height 693 received
[2026-09-29T06:08:41.492Z DEBUG blacksilk_p2p::net::blocks] peer 1: block 6339da3c13b2 at height 694 received
[2026-09-29T06:08:41.494Z DEBUG blacksilk_p2p::net::blocks] peer 1: block e7efc35e35d4 at height 695 received
[2026-09-29T06:08:41.502Z DEBUG blacksilk_p2p::net::blocks] peer 1: block 1f308d2954c7 at height 696 received
[2026-09-29T06:08:43.031Z DEBUG blacksilk_p2p::net::blocks] peer 1: block 127799fd6c11 at height 697 received
[2026-09-29T06:08:43.033Z DEBUG blacksilk_p2p::net::blocks] peer 1: block 9d052293ad54 at height 698 received
[2026-09-29T06:08:43.423Z DEBUG blacksilk_p2p::net::blocks] peer 1: block f643b080fd09 at height 699 received
[2026-09-29T06:08:43.432Z DEBUG blacksilk_p2p::net::blocks] peer 1: block 95218b330bb1 at height 700 received
[2026-09-29T06:08:43.441Z DEBUG blacksilk_p2p::net::blocks] peer 1: block f41020c28208 at height 701 received
[2026-09-29T06:08:43.442Z DEBUG blacksilk_p2p::net::blocks] peer 1: block 9b387ac39c09 at height 702 received
[2026-09-29T06:08:43.446Z DEBUG blacksilk_p2p::net::blocks] peer 1: block 4be138e46796 at height 703 received
[2026-09-29T06:08:43.458Z DEBUG blacksilk_p2p::net::blocks] peer 1: block 52c680163f74 at height 704 received
[2026-09-29T06:08:44.831Z DEBUG blacksilk_p2p::net::blocks] peer 1: block 0ef8aa210503 at height 705 received
[2026-09-29T06:08:44.831Z DEBUG blacksilk_p2p::net::blocks] peer 1: block 7629777d9822 at height 706 received
[2026-09-29T06:08:44.846Z DEBUG blacksilk_p2p::net::blocks] peer 1: block 4eb94c42e0c0 at height 707 received
[2026-09-29T06:08:45.385Z DEBUG blacksilk_p2p::net::blocks] peer 1: block 89160d2cebab at height 708 received
[2026-09-29T06:08:45.387Z DEBUG blacksilk_p2p::net::blocks] peer 1: block fab62929c6af at height 709 received
[2026-09-29T06:08:45.389Z DEBUG blacksilk_p2p::net::blocks] peer 1: block 6f0c29bbe5b1 at height 710 received
[2026-09-29T06:08:45.395Z DEBUG blacksilk_p2p::net::blocks] peer 1: block 8c15f5d6793d at height 711 received
[2026-09-29T06:08:45.395Z DEBUG blacksilk_p2p::net::blocks] peer 1: block 2a1ac6be702f at height 712 received
[2026-09-29T06:08:47.001Z DEBUG blacksilk_p2p::net::blocks] peer 1: block dc47af65d5c4 at height 713 received
[2026-09-29T06:08:47.002Z DEBUG blacksilk_p2p::net::blocks] peer 1: block 8773e19b6dd3 at height 714 received
[2026-09-29T06:08:47.457Z DEBUG blacksilk_p2p::net::blocks] peer 1: block c507b2e46037 at height 715 received
[2026-09-29T06:08:47.461Z DEBUG blacksilk_p2p::net::blocks] peer 1: block eaf0e5312240 at height 716 received
[2026-09-29T06:08:47.472Z DEBUG blacksilk_p2p::net::blocks] peer 1: block a94655ca003f at height 717 received
[2026-09-29T06:08:47.475Z DEBUG blacksilk_p2p::net::blocks] peer 1: block ab145b7b4d5d at height 718 received
[2026-09-29T06:08:47.476Z DEBUG blacksilk_p2p::net::blocks] peer 1: block 81597d65300f at height 719 received
[2026-09-29T06:08:47.478Z DEBUG blacksilk_p2p::net::blocks] peer 1: block 0700b8cb2989 at height 720 received
[2026-09-29T06:08:48.923Z DEBUG blacksilk_p2p::net::blocks] peer 1: block a82f793a29b5 at height 721 received
[2026-09-29T06:08:48.950Z DEBUG blacksilk_p2p::net::blocks] peer 1: block e498c8126f1c at height 722 received
[2026-09-29T06:08:48.954Z DEBUG blacksilk_p2p::net::blocks] peer 1: block 902b1e36e1ed at height 723 received
[2026-09-29T06:08:49.510Z DEBUG blacksilk_p2p::net::blocks] peer 1: block afeb07bc7d82 at height 724 received
[2026-09-29T06:08:49.518Z DEBUG blacksilk_p2p::net::blocks] peer 1: block 3b95de899b51 at height 725 received
[2026-09-29T06:08:49.526Z DEBUG blacksilk_p2p::net::blocks] peer 1: block 72c9d4035120 at height 726 received
[2026-09-29T06:08:49.534Z DEBUG blacksilk_p2p::net::blocks] peer 1: block 727f063b0441 at height 727 received
[2026-09-29T06:08:49.536Z DEBUG blacksilk_p2p::net::blocks] peer 1: block a8db6b82bcf8 at height 728 received
[2026-09-29T06:08:51.169Z DEBUG blacksilk_p2p::net::blocks] peer 1: block 9bff62d06a15 at height 729 received
[2026-09-29T06:08:51.169Z DEBUG blacksilk_p2p::net::blocks] peer 1: block ee8a70c39521 at height 730 received
[2026-09-29T06:08:51.169Z DEBUG blacksilk_p2p::net::blocks] peer 1: block ae5a266a53f6 at height 731 received
[2026-09-29T06:08:51.171Z DEBUG blacksilk_p2p::net::blocks] peer 1: block 8c49f30143cc at height 732 received
[2026-09-29T06:08:51.234Z DEBUG blacksilk_p2p::net::blocks] peer 1: block efa8266d1fe3 at height 733 received
[2026-09-29T06:08:51.269Z DEBUG blacksilk_p2p::net::blocks] peer 1: block babab0d01a9f at height 734 received
[2026-09-29T06:08:51.448Z DEBUG blacksilk_p2p::net::blocks] peer 1: block dadb4e75d36d at height 735 received
[2026-09-29T06:08:51.451Z DEBUG blacksilk_p2p::net::blocks] peer 1: block ee583738723b at height 736 received
[2026-09-29T06:08:52.536Z DEBUG blacksilk_p2p::net::blocks] peer 1: block e71632c63318 at height 737 received
[2026-09-29T06:08:52.536Z DEBUG blacksilk_p2p::net::blocks] peer 1: block 8350b3a680d7 at height 738 received
[2026-09-29T06:08:52.537Z DEBUG blacksilk_p2p::net::blocks] peer 1: block cdc388264cb7 at height 739 received
[2026-09-29T06:08:52.539Z DEBUG blacksilk_p2p::net::blocks] peer 1: block becfad27e591 at height 740 received
[2026-09-29T06:08:52.541Z DEBUG blacksilk_p2p::net::blocks] peer 1: block 0f14041114e8 at height 741 received
[2026-09-29T06:08:52.549Z DEBUG blacksilk_p2p::net::blocks] peer 1: block 3ee75fbaedbe at height 742 received
[2026-09-29T06:08:52.552Z DEBUG blacksilk_p2p::net::blocks] peer 1: block a42a12401b00 at height 743 received
[2026-09-29T06:08:52.562Z DEBUG blacksilk_p2p::net::blocks] peer 1: block 3c375ee1e9a6 at height 744 received
[2026-09-29T06:08:53.348Z DEBUG blacksilk_p2p::net::blocks] peer 1: block 65e2fdf25ef5 at height 745 received
[2026-09-29T06:08:53.348Z DEBUG blacksilk_p2p::net::blocks] peer 1: block ffe6b8cc22d8 at height 746 received
[2026-09-29T06:08:53.348Z DEBUG blacksilk_p2p::net::blocks] peer 1: block 7803d7fbf77a at height 747 received
[2026-09-29T06:08:53.358Z DEBUG blacksilk_p2p::net::blocks] peer 1: block cd0a36b3b186 at height 748 received
[2026-09-29T06:08:53.366Z DEBUG blacksilk_p2p::net::blocks] peer 1: block 040dd02cd314 at height 749 received
[2026-09-29T06:08:53.368Z DEBUG blacksilk_p2p::net::blocks] peer 1: block 1a5234f3e3a5 at height 750 received
[2026-09-29T06:08:53.369Z DEBUG blacksilk_p2p::net::blocks] peer 1: block 9d6e18b6e8c8 at height 751 received
[2026-09-29T06:08:53.380Z DEBUG blacksilk_p2p::net::blocks] peer 1: block 2eb6dacb93ef at height 752 received
[2026-09-29T06:08:54.209Z DEBUG blacksilk_p2p::net::blocks] peer 1: block 97eb6e8f9868 at height 753 received
[2026-09-29T06:08:54.209Z DEBUG blacksilk_p2p::net::blocks] peer 1: block a86ecbab67ec at height 754 received
[2026-09-29T06:08:54.210Z DEBUG blacksilk_p2p::net::blocks] peer 1: block d1919acd7f89 at height 755 received
[2026-09-29T06:08:54.316Z DEBUG blacksilk_p2p::net::blocks] peer 1: block 161a3447a68b at height 756 received
[2026-09-29T06:08:54.318Z DEBUG blacksilk_p2p::net::blocks] peer 1: block 5a371394bbeb at height 757 received
[2026-09-29T06:08:54.324Z DEBUG blacksilk_p2p::net::blocks] peer 1: block 8c7173e0715f at height 758 received
[2026-09-29T06:08:54.332Z DEBUG blacksilk_p2p::net::blocks] peer 1: block d2cf76239a4c at height 759 received
[2026-09-29T06:08:54.343Z DEBUG blacksilk_p2p::net::blocks] peer 1: block 391e09eb9f8f at height 760 received
[2026-09-29T06:08:55.302Z DEBUG blacksilk_p2p::net::blocks] peer 1: block 0d54cd840a05 at height 761 received
[2026-09-29T06:08:55.302Z DEBUG blacksilk_p2p::net::blocks] peer 1: block 6aa5c69ae680 at height 762 received
[2026-09-29T06:08:55.303Z DEBUG blacksilk_p2p::net::blocks] peer 1: block 4923e39566fe at height 763 received
[2026-09-29T06:08:55.306Z DEBUG blacksilk_p2p::net::blocks] peer 1: block 32d4a368b652 at height 764 received
[2026-09-29T06:08:55.314Z DEBUG blacksilk_p2p::net::blocks] peer 1: block 5b1b2f7d07ac at height 765 received
[2026-09-29T06:08:55.316Z DEBUG blacksilk_p2p::net::blocks] peer 1: block 3caed7534e9a at height 766 received
[2026-09-29T06:08:55.321Z DEBUG blacksilk_p2p::net::blocks] peer 1: block 581a6bcc8d59 at height 767 received
[2026-09-29T06:08:55.321Z DEBUG blacksilk_p2p::net::blocks] peer 1: block abe42ce21c87 at height 768 received
[2026-09-29T06:08:56.093Z DEBUG blacksilk_p2p::net::blocks] peer 1: block 1629d9975fe0 at height 769 received
[2026-09-29T06:08:56.093Z DEBUG blacksilk_p2p::net::blocks] peer 1: block 38b88783477f at height 770 received
[2026-09-29T06:08:56.187Z DEBUG blacksilk_p2p::net::blocks] peer 1: block 971a7a5d5882 at height 771 received
[2026-09-29T06:08:56.223Z DEBUG blacksilk_p2p::net::blocks] peer 1: block 39e3f7d99cd4 at height 772 received
[2026-09-29T06:08:56.231Z DEBUG blacksilk_p2p::net::blocks] peer 1: block 87bd4abe28a2 at height 773 received
[2026-09-29T06:08:56.233Z DEBUG blacksilk_p2p::net::blocks] peer 1: block 7c5fad64f9a5 at height 774 received
[2026-09-29T06:08:56.235Z DEBUG blacksilk_p2p::net::blocks] peer 1: block 3d1bf9dd62a6 at height 775 received
[2026-09-29T06:08:56.243Z DEBUG blacksilk_p2p::net::blocks] peer 1: block 0e2eb8111902 at height 776 received
[2026-09-29T06:08:57.200Z DEBUG blacksilk_p2p::net::blocks] peer 1: block a42cbe64f758 at height 777 received
[2026-09-29T06:08:57.200Z DEBUG blacksilk_p2p::net::blocks] peer 1: block 3f2032cb623c at height 778 received
[2026-09-29T06:08:57.200Z DEBUG blacksilk_p2p::net::blocks] peer 1: block 0cc1b8c26644 at height 779 received
[2026-09-29T06:08:57.214Z DEBUG blacksilk_p2p::net::blocks] peer 1: block ece08c8caacf at height 780 received
[2026-09-29T06:08:57.216Z DEBUG blacksilk_p2p::net::blocks] peer 1: block 2e0c79a09021 at height 781 received
[2026-09-29T06:08:57.221Z DEBUG blacksilk_p2p::net::blocks] peer 1: block 3aa9d3e1922f at height 782 received
[2026-09-29T06:08:57.227Z DEBUG blacksilk_p2p::net::blocks] peer 1: block 5c90ae9a7289 at height 783 received
[2026-09-29T06:08:57.234Z DEBUG blacksilk_p2p::net::blocks] peer 1: block ae1c97a0e4f4 at height 784 received
[2026-09-29T06:08:58.016Z DEBUG blacksilk_p2p::net::blocks] peer 1: block b43e308aec7a at height 785 received
[2026-09-29T06:08:58.016Z DEBUG blacksilk_p2p::net::blocks] peer 1: block e7a975b5989d at height 786 received
[2026-09-29T06:08:58.016Z DEBUG blacksilk_p2p::net::blocks] peer 1: block 01c2f0288481 at height 787 received
[2026-09-29T06:08:58.019Z DEBUG blacksilk_p2p::net::blocks] peer 1: block 6aa7229ebffa at height 788 received
[2026-09-29T06:08:58.020Z DEBUG blacksilk_p2p::net::blocks] peer 1: block 7926fd618761 at height 789 received
[2026-09-29T06:08:58.022Z DEBUG blacksilk_p2p::net::blocks] peer 1: block 40c96b3f1d99 at height 790 received
[2026-09-29T06:08:58.028Z DEBUG blacksilk_p2p::net::blocks] peer 1: block a4ad18c26044 at height 791 received
[2026-09-29T06:08:58.028Z DEBUG blacksilk_p2p::net::blocks] peer 1: block 4f0ff0e2141c at height 792 received
[2026-09-29T06:08:59.088Z DEBUG blacksilk_p2p::net::blocks] peer 1: block 4915b0a36290 at height 793 received
[2026-09-29T06:08:59.088Z DEBUG blacksilk_p2p::net::blocks] peer 1: block f8d371426cbb at height 794 received
[2026-09-29T06:08:59.088Z DEBUG blacksilk_p2p::net::blocks] peer 1: block 6b715d6cbe2b at height 795 received
[2026-09-29T06:08:59.092Z DEBUG blacksilk_p2p::net::blocks] peer 1: block a506a9ee5da5 at height 796 received
[2026-09-29T06:08:59.094Z DEBUG blacksilk_p2p::net::blocks] peer 1: block e31d407d6b72 at height 797 received
[2026-09-29T06:08:59.096Z DEBUG blacksilk_p2p::net::blocks] peer 1: block 5661659eaa6f at height 798 received
[2026-09-29T06:08:59.104Z DEBUG blacksilk_p2p::net::blocks] peer 1: block 4ae87a356bec at height 799 received
[2026-09-29T06:08:59.106Z DEBUG blacksilk_p2p::net::blocks] peer 1: block bc66fbc05408 at height 800 received
[2026-09-29T06:08:59.911Z DEBUG blacksilk_p2p::net::blocks] peer 1: block a22d19d13558 at height 801 received
[2026-09-29T06:08:59.911Z DEBUG blacksilk_p2p::net::blocks] peer 1: block 40aa00d30a51 at height 802 received
[2026-09-29T06:08:59.911Z DEBUG blacksilk_p2p::net::blocks] peer 1: block 127b685d9fa3 at height 803 received
[2026-09-29T06:08:59.919Z DEBUG blacksilk_p2p::net::blocks] peer 1: block eaa73eba448a at height 804 received
[2026-09-29T06:08:59.919Z DEBUG blacksilk_p2p::net::blocks] peer 1: block 141714eb9946 at height 805 received
[2026-09-29T06:08:59.921Z DEBUG blacksilk_p2p::net::blocks] peer 1: block 0993160fbaa0 at height 806 received
[2026-09-29T06:08:59.929Z DEBUG blacksilk_p2p::net::blocks] peer 1: block 0501f43ab57e at height 807 received
[2026-09-29T06:08:59.930Z DEBUG blacksilk_p2p::net::blocks] peer 1: block fcdedbebf66e at height 808 received
[2026-09-29T06:09:00.718Z DEBUG blacksilk_p2p::net::blocks] peer 1: block 737c0e329d4c at height 809 received
[2026-09-29T06:09:00.718Z DEBUG blacksilk_p2p::net::blocks] peer 1: block d9599fcf77d1 at height 810 received
[2026-09-29T06:09:00.718Z DEBUG blacksilk_p2p::net::blocks] peer 1: block 307d532eb945 at height 811 received
[2026-09-29T06:09:00.754Z DEBUG blacksilk_p2p::net::blocks] peer 1: block c5c9c30e011e at height 812 received
[2026-09-29T06:09:00.757Z DEBUG blacksilk_p2p::net::blocks] peer 1: block ebc0cb14e039 at height 813 received
[2026-09-29T06:09:00.758Z DEBUG blacksilk_p2p::net::blocks] peer 1: block 8765bf1c7e8e at height 814 received
[2026-09-29T06:09:00.766Z DEBUG blacksilk_p2p::net::blocks] peer 1: block a66d382d8f96 at height 815 received
[2026-09-29T06:09:00.774Z DEBUG blacksilk_p2p::net::blocks] peer 1: block 25197a4544b3 at height 816 received
[2026-09-29T06:09:01.826Z DEBUG blacksilk_p2p::net::blocks] peer 1: block eb84bcbd1141 at height 817 received
[2026-09-29T06:09:01.827Z DEBUG blacksilk_p2p::net::blocks] peer 1: block d3920ca14518 at height 818 received
[2026-09-29T06:09:01.827Z DEBUG blacksilk_p2p::net::blocks] peer 1: block 494d6f006da1 at height 819 received
[2026-09-29T06:09:01.830Z DEBUG blacksilk_p2p::net::blocks] peer 1: block d1391325c6d8 at height 820 received
[2026-09-29T06:09:01.838Z DEBUG blacksilk_p2p::net::blocks] peer 1: block a3858be9ed89 at height 821 received
[2026-09-29T06:09:01.842Z DEBUG blacksilk_p2p::net::blocks] peer 1: block 25ed8eb95b2e at height 822 received
[2026-09-29T06:09:01.842Z DEBUG blacksilk_p2p::net::blocks] peer 1: block faed19812fac at height 823 received
[2026-09-29T06:09:01.844Z DEBUG blacksilk_p2p::net::blocks] peer 1: block 8914c85ffd06 at height 824 received
[2026-09-29T06:09:02.629Z DEBUG blacksilk_p2p::net::blocks] peer 1: block 4e840f8725d2 at height 825 received
[2026-09-29T06:09:02.629Z DEBUG blacksilk_p2p::net::blocks] peer 1: block 4eca53b704d0 at height 826 received
[2026-09-29T06:09:02.629Z DEBUG blacksilk_p2p::net::blocks] peer 1: block b2eaa3975114 at height 827 received
[2026-09-29T06:09:02.664Z DEBUG blacksilk_p2p::net::blocks] peer 1: block cd84639bd8e5 at height 828 received
[2026-09-29T06:09:02.672Z DEBUG blacksilk_p2p::net::blocks] peer 1: block 007f4e492675 at height 829 received
[2026-09-29T06:09:02.681Z DEBUG blacksilk_p2p::net::blocks] peer 1: block 0299a29ca12b at height 830 received
[2026-09-29T06:09:02.683Z DEBUG blacksilk_p2p::net::blocks] peer 1: block a71ddce26056 at height 831 received
[2026-09-29T06:09:02.685Z DEBUG blacksilk_p2p::net::blocks] peer 1: block a31fc98ec68f at height 832 received
[2026-09-29T06:09:03.716Z DEBUG blacksilk_p2p::net::blocks] peer 1: block 5b9855484af8 at height 833 received
[2026-09-29T06:09:03.716Z DEBUG blacksilk_p2p::net::blocks] peer 1: block 5a66983ab320 at height 834 received
[2026-09-29T06:09:03.716Z DEBUG blacksilk_p2p::net::blocks] peer 1: block 077c29c9be56 at height 835 received
[2026-09-29T06:09:03.720Z DEBUG blacksilk_p2p::net::blocks] peer 1: block 8afb6f1caa85 at height 836 received
[2026-09-29T06:09:03.722Z DEBUG blacksilk_p2p::net::blocks] peer 1: block cc94385c44a3 at height 837 received
[2026-09-29T06:09:03.732Z DEBUG blacksilk_p2p::net::blocks] peer 1: block 2369d9daa6c0 at height 838 received
[2026-09-29T06:09:03.737Z DEBUG blacksilk_p2p::net::blocks] peer 1: block b58cb9a92a5d at height 839 received
[2026-09-29T06:09:03.740Z DEBUG blacksilk_p2p::net::blocks] peer 1: block 928f3245916c at height 840 received
[2026-09-29T06:09:04.568Z DEBUG blacksilk_p2p::net::blocks] peer 1: block 092f3aaf0af7 at height 841 received
[2026-09-29T06:09:04.568Z DEBUG blacksilk_p2p::net::blocks] peer 1: block e20e2260708b at height 842 received
[2026-09-29T06:09:04.568Z DEBUG blacksilk_p2p::net::blocks] peer 1: block 169657fab003 at height 843 received
[2026-09-29T06:09:04.571Z DEBUG blacksilk_p2p::net::blocks] peer 1: block 53808be068eb at height 844 received
[2026-09-29T06:09:04.573Z DEBUG blacksilk_p2p::net::blocks] peer 1: block 7671d26ec53c at height 845 received
[2026-09-29T06:09:04.591Z DEBUG blacksilk_p2p::net::blocks] peer 1: block 2f5e70cb6480 at height 846 received
[2026-09-29T06:09:04.593Z DEBUG blacksilk_p2p::net::blocks] peer 1: block bc2a65966260 at height 847 received
[2026-09-29T06:09:04.602Z DEBUG blacksilk_p2p::net::blocks] peer 1: block 2aa07d07ae0f at height 848 received
[2026-09-29T06:09:05.403Z DEBUG blacksilk_p2p::net::blocks] peer 1: block 7d612f812c80 at height 849 received
[2026-09-29T06:09:05.403Z DEBUG blacksilk_p2p::net::blocks] peer 1: block ccc5c7484420 at height 850 received
[2026-09-29T06:09:05.403Z DEBUG blacksilk_p2p::net::blocks] peer 1: block 08809f4afc24 at height 851 received
[2026-09-29T06:09:05.405Z DEBUG blacksilk_p2p::net::blocks] peer 1: block 98bac8950758 at height 852 received
[2026-09-29T06:09:05.408Z DEBUG blacksilk_p2p::net::blocks] peer 1: block 5acf29b4b079 at height 853 received
[2026-09-29T06:09:05.416Z DEBUG blacksilk_p2p::net::blocks] peer 1: block a28afb71db94 at height 854 received
[2026-09-29T06:09:05.426Z DEBUG blacksilk_p2p::net::blocks] peer 1: block 9531ae6a1d24 at height 855 received
[2026-09-29T06:09:05.434Z DEBUG blacksilk_p2p::net::blocks] peer 1: block c69ceada8d09 at height 856 received
[2026-09-29T06:09:06.238Z DEBUG blacksilk_p2p::net::blocks] peer 1: block ad852924bc13 at height 857 received
[2026-09-29T06:09:06.238Z DEBUG blacksilk_p2p::net::blocks] peer 1: block d73873e18eb3 at height 858 received
[2026-09-29T06:09:06.239Z DEBUG blacksilk_p2p::net::blocks] peer 1: block fad68e4f8293 at height 859 received
[2026-09-29T06:09:06.278Z DEBUG blacksilk_p2p::net::blocks] peer 1: block 829be247bc93 at height 860 received
[2026-09-29T06:09:06.278Z DEBUG blacksilk_p2p::net::blocks] peer 1: block ab463bd3e9f2 at height 861 received
[2026-09-29T06:09:06.284Z DEBUG blacksilk_p2p::net::blocks] peer 1: block 1ee04cc6664b at height 862 received
[2026-09-29T06:09:06.317Z DEBUG blacksilk_p2p::net::blocks] peer 1: block 3b2c33ec0814 at height 863 received
[2026-09-29T06:09:06.320Z DEBUG blacksilk_p2p::net::blocks] peer 1: block 1b487f6840df at height 864 received
[2026-09-29T06:09:07.290Z DEBUG blacksilk_p2p::net::blocks] peer 1: block 3c6da587e79f at height 865 received
[2026-09-29T06:09:07.290Z DEBUG blacksilk_p2p::net::blocks] peer 1: block def48a0cdd9e at height 866 received
[2026-09-29T06:09:07.290Z DEBUG blacksilk_p2p::net::blocks] peer 1: block 209ba010f894 at height 867 received
[2026-09-29T06:09:07.299Z DEBUG blacksilk_p2p::net::blocks] peer 1: block 42ba73beeed9 at height 868 received
[2026-09-29T06:09:07.301Z DEBUG blacksilk_p2p::net::blocks] peer 1: block 53f7ce4a0d2b at height 869 received
[2026-09-29T06:09:07.303Z DEBUG blacksilk_p2p::net::blocks] peer 1: block db3e7e89cfd4 at height 870 received
[2026-09-29T06:09:07.329Z DEBUG blacksilk_p2p::net::blocks] peer 1: block 4c9253e8bf5c at height 871 received
[2026-09-29T06:09:07.332Z DEBUG blacksilk_p2p::net::blocks] peer 1: block aad2324cfdb8 at height 872 received
[2026-09-29T06:09:08.127Z DEBUG blacksilk_p2p::net::blocks] peer 1: block e92682a0dbfd at height 873 received
[2026-09-29T06:09:08.127Z DEBUG blacksilk_p2p::net::blocks] peer 1: block e472ed58fd86 at height 874 received
[2026-09-29T06:09:08.127Z DEBUG blacksilk_p2p::net::blocks] peer 1: block 18fd2dd45cfb at height 875 received
[2026-09-29T06:09:08.132Z DEBUG blacksilk_p2p::net::blocks] peer 1: block 346575d18c39 at height 876 received
[2026-09-29T06:09:08.132Z DEBUG blacksilk_p2p::net::blocks] peer 1: block 95db251e833a at height 877 received
[2026-09-29T06:09:08.142Z DEBUG blacksilk_p2p::net::blocks] peer 1: block 0e5f72f33f6a at height 878 received
[2026-09-29T06:09:08.151Z DEBUG blacksilk_p2p::net::blocks] peer 1: block 733a20505e8b at height 879 received
[2026-09-29T06:09:08.153Z DEBUG blacksilk_p2p::net::blocks] peer 1: block 966d16ccb229 at height 880 received
[2026-09-29T06:09:08.971Z DEBUG blacksilk_p2p::net::blocks] peer 1: block b77d3c5fafa5 at height 881 received
[2026-09-29T06:09:08.971Z DEBUG blacksilk_p2p::net::blocks] peer 1: block 9a4edbc4578f at height 882 received
[2026-09-29T06:09:08.972Z DEBUG blacksilk_p2p::net::blocks] peer 1: block b17aeb7fee0f at height 883 received
[2026-09-29T06:09:08.975Z DEBUG blacksilk_p2p::net::blocks] peer 1: block b04264a9f716 at height 884 received
[2026-09-29T06:09:08.983Z DEBUG blacksilk_p2p::net::blocks] peer 1: block 6336ecf5090d at height 885 received
[2026-09-29T06:09:08.993Z DEBUG blacksilk_p2p::net::blocks] peer 1: block c81d8b7ee73d at height 886 received
[2026-09-29T06:09:08.995Z DEBUG blacksilk_p2p::net::blocks] peer 1: block f008e2319733 at height 887 received
[2026-09-29T06:09:08.997Z DEBUG blacksilk_p2p::net::blocks] peer 1: block 18368cfdd55d at height 888 received
[2026-09-29T06:09:09.814Z DEBUG blacksilk_p2p::net::blocks] peer 1: block d28fae92cd8b at height 889 received
[2026-09-29T06:09:09.814Z DEBUG blacksilk_p2p::net::blocks] peer 1: block ef23ab7f7191 at height 890 received
[2026-09-29T06:09:09.815Z DEBUG blacksilk_p2p::net::blocks] peer 1: block 6ab55f680e46 at height 891 received
[2026-09-29T06:09:09.844Z DEBUG blacksilk_p2p::net::blocks] peer 1: block d323222cad96 at height 892 received
[2026-09-29T06:09:09.846Z DEBUG blacksilk_p2p::net::blocks] peer 1: block 3dd839244add at height 893 received
[2026-09-29T06:09:09.848Z DEBUG blacksilk_p2p::net::blocks] peer 1: block 8843a6a72ae2 at height 894 received
[2026-09-29T06:09:09.856Z DEBUG blacksilk_p2p::net::blocks] peer 1: block 96eb51b49623 at height 895 received
[2026-09-29T06:09:09.858Z DEBUG blacksilk_p2p::net::blocks] peer 1: block 0f0b1a301f92 at height 896 received
[2026-09-29T06:09:11.227Z DEBUG blacksilk_p2p::net::blocks] peer 1: block 8806043b7bfd at height 897 received
[2026-09-29T06:09:11.244Z DEBUG blacksilk_p2p::net::blocks] peer 1: block 173e0859af4d at height 898 received
[2026-09-29T06:09:11.620Z DEBUG blacksilk_p2p::net::blocks] peer 1: block f55890b44a2c at height 899 received
[2026-09-29T06:09:11.624Z DEBUG blacksilk_p2p::net::blocks] peer 1: block e83cd1d02a75 at height 900 received
[2026-09-29T06:09:11.631Z DEBUG blacksilk_p2p::net::blocks] peer 1: block 2afa6d0cb31a at height 901 received
[2026-09-29T06:09:11.639Z DEBUG blacksilk_p2p::net::blocks] peer 1: block f661d2ece093 at height 902 received
[2026-09-29T06:09:11.642Z DEBUG blacksilk_p2p::net::blocks] peer 1: block d4dd86e74898 at height 903 received
[2026-09-29T06:09:11.647Z DEBUG blacksilk_p2p::net::blocks] peer 1: block 1833774a5500 at height 904 received
[2026-09-29T06:09:12.970Z DEBUG blacksilk_p2p::net::blocks] peer 1: block 94d52b5002e9 at height 905 received
[2026-09-29T06:09:12.970Z DEBUG blacksilk_p2p::net::blocks] peer 1: block 796b7f989a95 at height 906 received
[2026-09-29T06:09:12.990Z DEBUG blacksilk_p2p::net::blocks] peer 1: block 5644ca9a669c at height 907 received
[2026-09-29T06:09:13.027Z DEBUG blacksilk_p2p::net::blocks] peer 1: block b67ed03c40ac at height 908 received
[2026-09-29T06:09:13.027Z DEBUG blacksilk_p2p::net::blocks] peer 1: block c4b8fcfb27e4 at height 909 received
[2026-09-29T06:09:13.489Z DEBUG blacksilk_p2p::net::blocks] peer 1: block 590d91c0f7fc at height 910 received
[2026-09-29T06:09:13.536Z DEBUG blacksilk_p2p::net::blocks] peer 1: block e43ee9aab8f3 at height 911 received
[2026-09-29T06:09:13.536Z DEBUG blacksilk_p2p::net::blocks] peer 1: block 800a2bd24bf8 at height 912 received
[2026-09-29T06:09:14.925Z DEBUG blacksilk_p2p::net::blocks] peer 1: block fa1510f8e4eb at height 913 received
[2026-09-29T06:09:14.941Z DEBUG blacksilk_p2p::net::blocks] peer 1: block 0d6040722236 at height 914 received
[2026-09-29T06:09:14.941Z DEBUG blacksilk_p2p::net::blocks] peer 1: block 0ad153a064d9 at height 915 received
[2026-09-29T06:09:15.377Z DEBUG blacksilk_p2p::net::blocks] peer 1: block c660531854ae at height 916 received
[2026-09-29T06:09:15.380Z DEBUG blacksilk_p2p::net::blocks] peer 1: block 01df6d095873 at height 917 received
[2026-09-29T06:09:15.382Z DEBUG blacksilk_p2p::net::blocks] peer 1: block b2440896d6a1 at height 918 received
[2026-09-29T06:09:15.384Z DEBUG blacksilk_p2p::net::blocks] peer 1: block e08335990afc at height 919 received
[2026-09-29T06:09:15.393Z DEBUG blacksilk_p2p::net::blocks] peer 1: block e6ea31f35b36 at height 920 received
[2026-09-29T06:09:16.894Z DEBUG blacksilk_p2p::net::blocks] peer 1: block 1d51bc200fcf at height 921 received
[2026-09-29T06:09:16.894Z DEBUG blacksilk_p2p::net::blocks] peer 1: block b1b1fd22cccb at height 922 received
[2026-09-29T06:09:16.902Z DEBUG blacksilk_p2p::net::blocks] peer 1: block e187b7e56409 at height 923 received
[2026-09-29T06:09:17.410Z DEBUG blacksilk_p2p::net::blocks] peer 1: block b6b3d08ea47c at height 924 received
[2026-09-29T06:09:17.418Z DEBUG blacksilk_p2p::net::blocks] peer 1: block 51a5000e63c7 at height 925 received
[2026-09-29T06:09:17.427Z DEBUG blacksilk_p2p::net::blocks] peer 1: block 633fad29ba27 at height 926 received
[2026-09-29T06:09:17.428Z DEBUG blacksilk_p2p::net::blocks] peer 1: block 9a90ca436ba5 at height 927 received
[2026-09-29T06:09:17.436Z DEBUG blacksilk_p2p::net::blocks] peer 1: block 0b89ba8a3a16 at height 928 received
[2026-09-29T06:09:18.905Z DEBUG blacksilk_p2p::net::blocks] peer 1: block a4a1ac5087f5 at height 929 received
[2026-09-29T06:09:18.906Z DEBUG blacksilk_p2p::net::blocks] peer 1: block 35ed4b181fa6 at height 930 received
[2026-09-29T06:09:19.458Z DEBUG blacksilk_p2p::net::blocks] peer 1: block 9d5cc81742f5 at height 931 received
[2026-09-29T06:09:19.559Z DEBUG blacksilk_p2p::net::blocks] peer 1: block 950a6ea5210d at height 932 received
[2026-09-29T06:09:19.559Z DEBUG blacksilk_p2p::net::blocks] peer 1: block 1ac7f102020e at height 933 received
[2026-09-29T06:09:19.567Z DEBUG blacksilk_p2p::net::blocks] peer 1: block e7e4264686c9 at height 934 received
[2026-09-29T06:09:19.587Z DEBUG blacksilk_p2p::net::blocks] peer 1: block 464d027d213d at height 935 received
[2026-09-29T06:09:19.587Z DEBUG blacksilk_p2p::net::blocks] peer 1: block 4cf5bcc34aee at height 936 received
[2026-09-29T06:09:20.952Z DEBUG blacksilk_p2p::net::blocks] peer 1: block d66bacbbde37 at height 937 received
[2026-09-29T06:09:20.952Z DEBUG blacksilk_p2p::net::blocks] peer 1: block 2476c13068ea at height 938 received
[2026-09-29T06:09:20.952Z DEBUG blacksilk_p2p::net::blocks] peer 1: block ddbff225b7f0 at height 939 received
[2026-09-29T06:09:20.957Z DEBUG blacksilk_p2p::net::blocks] peer 1: block 313dba377d11 at height 940 received
[2026-09-29T06:09:20.980Z DEBUG blacksilk_p2p::net::blocks] peer 1: block 61b71de16060 at height 941 received
[2026-09-29T06:09:21.598Z DEBUG blacksilk_p2p::net::blocks] peer 1: block 0cd9f848d6cb at height 942 received
[2026-09-29T06:09:21.605Z DEBUG blacksilk_p2p::net::blocks] peer 1: block 0e0a48e7a978 at height 943 received
[2026-09-29T06:09:21.612Z DEBUG blacksilk_p2p::net::blocks] peer 1: block ff95c66b65f2 at height 944 received
[2026-09-29T06:09:23.035Z DEBUG blacksilk_p2p::net::blocks] peer 1: block ff5b3681d977 at height 945 received
[2026-09-29T06:09:23.066Z DEBUG blacksilk_p2p::net::blocks] peer 1: block fd725c03dd98 at height 946 received
[2026-09-29T06:09:23.583Z DEBUG blacksilk_p2p::net::blocks] peer 1: block 7f8f31a7fa49 at height 947 received
[2026-09-29T06:09:23.602Z DEBUG blacksilk_p2p::net::blocks] peer 1: block 24ff931aa045 at height 948 received
[2026-09-29T06:09:23.604Z DEBUG blacksilk_p2p::net::blocks] peer 1: block 06a31f55f699 at height 949 received
[2026-09-29T06:09:23.606Z DEBUG blacksilk_p2p::net::blocks] peer 1: block cea6355879e0 at height 950 received
[2026-09-29T06:09:23.609Z DEBUG blacksilk_p2p::net::blocks] peer 1: block a8a5dafbb337 at height 951 received
[2026-09-29T06:09:23.618Z DEBUG blacksilk_p2p::net::blocks] peer 1: block 09f32e0cc2fb at height 952 received
[2026-09-29T06:09:25.294Z DEBUG blacksilk_p2p::net::blocks] peer 1: block e695518cdfc6 at height 953 received
[2026-09-29T06:09:25.308Z DEBUG blacksilk_p2p::net::blocks] peer 1: block 9cbb5c884ca3 at height 954 received
[2026-09-29T06:09:25.694Z DEBUG blacksilk_p2p::net::blocks] peer 1: block 47da4d227e59 at height 955 received
[2026-09-29T06:09:25.703Z DEBUG blacksilk_p2p::net::blocks] peer 1: block 222b63aec4ee at height 956 received
[2026-09-29T06:09:25.721Z DEBUG blacksilk_p2p::net::blocks] peer 1: block 9b67f55f3f93 at height 957 received
[2026-09-29T06:09:25.724Z DEBUG blacksilk_p2p::net::blocks] peer 1: block c8620bc9f914 at height 958 received
[2026-09-29T06:09:25.726Z DEBUG blacksilk_p2p::net::blocks] peer 1: block 4b83fcc9bfd3 at height 959 received
[2026-09-29T06:09:25.730Z DEBUG blacksilk_p2p::net::blocks] peer 1: block 86a2117a670d at height 960 received
[2026-09-29T06:09:27.427Z DEBUG blacksilk_p2p::net::blocks] peer 1: block b3ae88b5d3c2 at height 961 received
[2026-09-29T06:09:27.427Z DEBUG blacksilk_p2p::net::blocks] peer 1: block ff2c9e73c7be at height 962 received
[2026-09-29T06:09:27.711Z DEBUG blacksilk_p2p::net::blocks] peer 1: block 230dd3ec8ce4 at height 963 received
[2026-09-29T06:09:27.735Z DEBUG blacksilk_p2p::net::blocks] peer 1: block 9ee60789d59a at height 964 received
[2026-09-29T06:09:27.737Z DEBUG blacksilk_p2p::net::blocks] peer 1: block 24e01dc15806 at height 965 received
[2026-09-29T06:09:27.746Z DEBUG blacksilk_p2p::net::blocks] peer 1: block 6725986feeb8 at height 966 received
[2026-09-29T06:09:27.748Z DEBUG blacksilk_p2p::net::blocks] peer 1: block b53af027dd8a at height 967 received
[2026-09-29T06:09:27.750Z DEBUG blacksilk_p2p::net::blocks] peer 1: block dd1879eb423b at height 968 received
[2026-09-29T06:09:29.247Z DEBUG blacksilk_p2p::net::blocks] peer 1: block 325d9862fc63 at height 969 received
[2026-09-29T06:09:29.251Z DEBUG blacksilk_p2p::net::blocks] peer 1: block 4cf0d67410fd at height 970 received
[2026-09-29T06:09:29.703Z DEBUG blacksilk_p2p::net::blocks] peer 1: block fec84e74db11 at height 971 received
[2026-09-29T06:09:29.714Z DEBUG blacksilk_p2p::net::blocks] peer 1: block ae5560cbf08a at height 972 received
[2026-09-29T06:09:29.714Z DEBUG blacksilk_p2p::net::blocks] peer 1: block 7dda3b237562 at height 973 received
[2026-09-29T06:09:29.716Z DEBUG blacksilk_p2p::net::blocks] peer 1: block e0500f4f34bd at height 974 received
[2026-09-29T06:09:29.726Z DEBUG blacksilk_p2p::net::blocks] peer 1: block 6239c3f7aa89 at height 975 received
[2026-09-29T06:09:29.728Z DEBUG blacksilk_p2p::net::blocks] peer 1: block 4c1004cb7d0c at height 976 received
[2026-09-29T06:09:31.112Z DEBUG blacksilk_p2p::net::blocks] peer 1: block 6547dc9bd2cb at height 977 received
[2026-09-29T06:09:31.150Z DEBUG blacksilk_p2p::net::blocks] peer 1: block 9e3ee12ff97d at height 978 received
[2026-09-29T06:09:31.174Z DEBUG blacksilk_p2p::net::blocks] peer 1: block 746eceb830ea at height 979 received
[2026-09-29T06:09:31.530Z DEBUG blacksilk_p2p::net::blocks] peer 1: block 809d48415a83 at height 980 received
[2026-09-29T06:09:31.537Z DEBUG blacksilk_p2p::net::blocks] peer 1: block 5641b8a9b6d5 at height 981 received
[2026-09-29T06:09:31.545Z DEBUG blacksilk_p2p::net::blocks] peer 1: block 2b2279f33ba0 at height 982 received
[2026-09-29T06:09:31.553Z DEBUG blacksilk_p2p::net::blocks] peer 1: block d1c60fab206c at height 983 received
[2026-09-29T06:09:31.555Z DEBUG blacksilk_p2p::net::blocks] peer 1: block 9640bd683018 at height 984 received
[2026-09-29T06:09:33.181Z DEBUG blacksilk_p2p::net::blocks] peer 1: block 8606975f636c at height 985 received
[2026-09-29T06:09:33.213Z DEBUG blacksilk_p2p::net::blocks] peer 1: block 3695a64f1d9f at height 986 received
[2026-09-29T06:09:33.576Z DEBUG blacksilk_p2p::net::blocks] peer 1: block 378e44112030 at height 987 received
[2026-09-29T06:09:33.581Z DEBUG blacksilk_p2p::net::blocks] peer 1: block 9d78c3c224e0 at height 988 received
[2026-09-29T06:09:33.583Z DEBUG blacksilk_p2p::net::blocks] peer 1: block a8ed1e024384 at height 989 received
[2026-09-29T06:09:33.591Z DEBUG blacksilk_p2p::net::blocks] peer 1: block e93171e03c0e at height 990 received
[2026-09-29T06:09:33.604Z DEBUG blacksilk_p2p::net::blocks] peer 1: block 4528ef0528e4 at height 991 received
[2026-09-29T06:09:33.615Z DEBUG blacksilk_p2p::net::blocks] peer 1: block 70510c8d6831 at height 992 received
[2026-09-29T06:09:34.951Z DEBUG blacksilk_p2p::net::blocks] peer 1: block d417bb895d3b at height 993 received
[2026-09-29T06:09:34.952Z DEBUG blacksilk_p2p::net::blocks] peer 1: block c348af5ee9bf at height 994 received
[2026-09-29T06:09:35.546Z DEBUG blacksilk_p2p::net::blocks] peer 1: block b01aa36d31c8 at height 995 received
[2026-09-29T06:09:35.552Z DEBUG blacksilk_p2p::net::blocks] peer 1: block 9edf0f9fe3f4 at height 996 received
[2026-09-29T06:09:35.560Z DEBUG blacksilk_p2p::net::blocks] peer 1: block ee295a6f6f75 at height 997 received
[2026-09-29T06:09:35.562Z DEBUG blacksilk_p2p::net::blocks] peer 1: block e1e3afd19957 at height 998 received
[2026-09-29T06:09:35.581Z DEBUG blacksilk_p2p::net::blocks] peer 1: block 1ff67c7219f6 at height 999 received
[2026-09-29T06:09:35.583Z DEBUG blacksilk_p2p::net::blocks] peer 1: block 03064a236eeb at height 1000 received
[2026-09-29T06:09:36.965Z DEBUG blacksilk_p2p::net::blocks] peer 1: block 4520538fd362 at height 1001 received
[2026-09-29T06:09:36.981Z DEBUG blacksilk_p2p::net::blocks] peer 1: block d6aec9247ccd at height 1002 received
[2026-09-29T06:09:37.385Z DEBUG blacksilk_p2p::net::blocks] peer 1: block 7b83fcae7cab at height 1003 received
[2026-09-29T06:09:37.453Z DEBUG blacksilk_p2p::net::blocks] peer 1: block 2fdbb34123b9 at height 1004 received
[2026-09-29T06:09:37.453Z DEBUG blacksilk_p2p::net::blocks] peer 1: block b22b57112e6c at height 1005 received
[2026-09-29T06:09:37.453Z DEBUG blacksilk_p2p::net::blocks] peer 1: block 87134a357d7a at height 1006 received
[2026-09-29T06:09:37.457Z DEBUG blacksilk_p2p::net::blocks] peer 1: block 068be13d9976 at height 1007 received
[2026-09-29T06:09:37.464Z DEBUG blacksilk_p2p::net::blocks] peer 1: block ce57d9b566aa at height 1008 received
[2026-09-29T06:09:38.846Z DEBUG blacksilk_p2p::net::blocks] peer 1: block 024d703c1eff at height 1009 received
[2026-09-29T06:09:38.877Z DEBUG blacksilk_p2p::net::blocks] peer 1: block 1382a583333f at height 1010 received
[2026-09-29T06:09:39.198Z DEBUG blacksilk_p2p::net::blocks] peer 1: block e8d51a240540 at height 1011 received
[2026-09-29T06:09:39.211Z DEBUG blacksilk_p2p::net::blocks] peer 1: block c3933575a5bb at height 1012 received
[2026-09-29T06:09:39.214Z DEBUG blacksilk_p2p::net::blocks] peer 1: block f2875f72f1ba at height 1013 received
[2026-09-29T06:09:39.215Z DEBUG blacksilk_p2p::net::blocks] peer 1: block 7fcb02a535ca at height 1014 received
[2026-09-29T06:09:39.218Z DEBUG blacksilk_p2p::net::blocks] peer 1: block cdd5a3ca64c4 at height 1015 received
[2026-09-29T06:09:39.219Z DEBUG blacksilk_p2p::net::blocks] peer 1: block 16b3ee51841a at height 1016 received
[2026-09-29T06:09:40.609Z DEBUG blacksilk_p2p::net::blocks] peer 1: block 70ce7717671c at height 1017 received
[2026-09-29T06:09:40.610Z DEBUG blacksilk_p2p::net::blocks] peer 1: block bf3cd88f0b17 at height 1018 received
[2026-09-29T06:09:40.990Z DEBUG blacksilk_p2p::net::blocks] peer 1: block 25c9900de793 at height 1019 received
[2026-09-29T06:09:40.993Z DEBUG blacksilk_p2p::net::blocks] peer 1: block cd25ade7b397 at height 1020 received
[2026-09-29T06:09:41.002Z DEBUG blacksilk_p2p::net::blocks] peer 1: block d9072a13b72c at height 1021 received
[2026-09-29T06:09:41.004Z DEBUG blacksilk_p2p::net::blocks] peer 1: block 017748b30d30 at height 1022 received
[2026-09-29T06:09:41.006Z DEBUG blacksilk_p2p::net::blocks] peer 1: block 538852f17043 at height 1023 received
[2026-09-29T06:09:41.008Z DEBUG blacksilk_p2p::net::blocks] peer 1: block 2172bad62d41 at height 1024 received
[2026-09-29T06:09:41.848Z DEBUG blacksilk_p2p::net::blocks] peer 1: block 5ffd0506600b at height 1025 received
[2026-09-29T06:09:41.848Z DEBUG blacksilk_p2p::net::blocks] peer 1: block af7da4299806 at height 1026 received
[2026-09-29T06:09:41.848Z DEBUG blacksilk_p2p::net::blocks] peer 1: block fdd680646a6f at height 1027 received
[2026-09-29T06:09:41.851Z DEBUG blacksilk_p2p::net::blocks] peer 1: block 9b0256776fbd at height 1028 received
[2026-09-29T06:09:41.853Z DEBUG blacksilk_p2p::net::blocks] peer 1: block 03913fc27d94 at height 1029 received
[2026-09-29T06:09:41.855Z DEBUG blacksilk_p2p::net::blocks] peer 1: block 39273a70716e at height 1030 received
[2026-09-29T06:09:41.859Z DEBUG blacksilk_p2p::net::blocks] peer 1: block b8425971350c at height 1031 received
[2026-09-29T06:09:41.859Z DEBUG blacksilk_p2p::net::blocks] peer 1: block eeb94463de98 at height 1032 received
[2026-09-29T06:09:42.872Z DEBUG blacksilk_p2p::net::blocks] peer 1: block 20bcad27a3de at height 1033 received
[2026-09-29T06:09:42.872Z DEBUG blacksilk_p2p::net::blocks] peer 1: block 1f9c44bd314f at height 1034 received
[2026-09-29T06:09:42.872Z DEBUG blacksilk_p2p::net::blocks] peer 1: block 940dacdd343c at height 1035 received
[2026-09-29T06:09:42.874Z DEBUG blacksilk_p2p::net::blocks] peer 1: block d1dafc7f881c at height 1036 received
[2026-09-29T06:09:42.883Z DEBUG blacksilk_p2p::net::blocks] peer 1: block d57a080b773d at height 1037 received
[2026-09-29T06:09:42.885Z DEBUG blacksilk_p2p::net::blocks] peer 1: block 97584b068603 at height 1038 received
[2026-09-29T06:09:42.886Z DEBUG blacksilk_p2p::net::blocks] peer 1: block 3306c607b453 at height 1039 received
[2026-09-29T06:09:42.894Z DEBUG blacksilk_p2p::net::blocks] peer 1: block 3d81ab89536f at height 1040 received
[2026-09-29T06:09:43.822Z DEBUG blacksilk_p2p::net::blocks] peer 1: block ae773933da12 at height 1041 received
[2026-09-29T06:09:43.822Z DEBUG blacksilk_p2p::net::blocks] peer 1: block 1f6bd4773e81 at height 1042 received
[2026-09-29T06:09:43.823Z DEBUG blacksilk_p2p::net::blocks] peer 1: block e88a1cf67987 at height 1043 received
[2026-09-29T06:09:43.825Z DEBUG blacksilk_p2p::net::blocks] peer 1: block 7446e387b9e2 at height 1044 received
[2026-09-29T06:09:43.841Z DEBUG blacksilk_p2p::net::blocks] peer 1: block 7c39ab7ca0d9 at height 1045 received
[2026-09-29T06:09:43.847Z DEBUG blacksilk_p2p::net::blocks] peer 1: block 1087d0338cd3 at height 1046 received
[2026-09-29T06:09:43.848Z DEBUG blacksilk_p2p::net::blocks] peer 1: block 07fb6c1442f7 at height 1047 received
[2026-09-29T06:09:43.859Z DEBUG blacksilk_p2p::net::blocks] peer 1: block d09f7de6ae32 at height 1048 received
[2026-09-29T06:09:45.431Z DEBUG blacksilk_p2p::net::blocks] peer 1: block 59066b714577 at height 1049 received
[2026-09-29T06:09:45.431Z DEBUG blacksilk_p2p::net::blocks] peer 1: block d364cd135eed at height 1050 received
[2026-09-29T06:09:46.022Z DEBUG blacksilk_p2p::net::blocks] peer 1: block 921525496670 at height 1051 received
[2026-09-29T06:09:46.033Z DEBUG blacksilk_p2p::net::blocks] peer 1: block 556c66cec92f at height 1052 received
[2026-09-29T06:09:46.035Z DEBUG blacksilk_p2p::net::blocks] peer 1: block 8aa7fd1dd9c9 at height 1053 received
[2026-09-29T06:09:46.037Z DEBUG blacksilk_p2p::net::blocks] peer 1: block 33f8b5b4251c at height 1054 received
[2026-09-29T06:09:46.039Z DEBUG blacksilk_p2p::net::blocks] peer 1: block d326e7a8219d at height 1055 received
[2026-09-29T06:09:46.041Z DEBUG blacksilk_p2p::net::blocks] peer 1: block a91814164cb3 at height 1056 received
[2026-09-29T06:09:47.449Z DEBUG blacksilk_p2p::net::blocks] peer 1: block 47546a3391ca at height 1057 received
[2026-09-29T06:09:47.449Z DEBUG blacksilk_p2p::net::blocks] peer 1: block b61088d83f8f at height 1058 received
[2026-09-29T06:09:47.550Z DEBUG blacksilk_p2p::net::blocks] peer 1: block 849efe8d9854 at height 1059 received
[2026-09-29T06:09:47.587Z DEBUG blacksilk_p2p::net::blocks] peer 1: block 5451657a38e4 at height 1060 received
[2026-09-29T06:09:47.776Z DEBUG blacksilk_p2p::net::blocks] peer 1: block 4d4ca2523eb6 at height 1061 received
[2026-09-29T06:09:47.776Z DEBUG blacksilk_p2p::net::blocks] peer 1: block 3b84e8baf81a at height 1062 received
[2026-09-29T06:09:47.776Z DEBUG blacksilk_p2p::net::blocks] peer 1: block bea1f35c377b at height 1063 received
[2026-09-29T06:09:47.780Z DEBUG blacksilk_p2p::net::blocks] peer 1: block 5b09cd516b79 at height 1064 received
[2026-09-29T06:09:48.893Z DEBUG blacksilk_p2p::net::blocks] peer 1: block a431f539dc35 at height 1065 received
[2026-09-29T06:09:48.893Z DEBUG blacksilk_p2p::net::blocks] peer 1: block 1d51e450acac at height 1066 received
[2026-09-29T06:09:48.915Z DEBUG blacksilk_p2p::net::blocks] peer 1: block 8f98e0fe144d at height 1067 received
[2026-09-29T06:09:48.950Z DEBUG blacksilk_p2p::net::blocks] peer 1: block 0d68aace0119 at height 1068 received
[2026-09-29T06:09:48.961Z DEBUG blacksilk_p2p::net::blocks] peer 1: block 20f578bfc106 at height 1069 received
[2026-09-29T06:09:48.963Z DEBUG blacksilk_p2p::net::blocks] peer 1: block 7b215b4e51fc at height 1070 received
[2026-09-29T06:09:48.966Z DEBUG blacksilk_p2p::net::blocks] peer 1: block cc7e84f0fd48 at height 1071 received
[2026-09-29T06:09:48.967Z DEBUG blacksilk_p2p::net::blocks] peer 1: block d8ae22d7452f at height 1072 received
[2026-09-29T06:09:50.247Z DEBUG blacksilk_p2p::net::blocks] peer 1: block 9601e681762e at height 1073 received
[2026-09-29T06:09:50.248Z DEBUG blacksilk_p2p::net::blocks] peer 1: block 1929abab4882 at height 1074 received
[2026-09-29T06:09:50.248Z DEBUG blacksilk_p2p::net::blocks] peer 1: block a26d13bc6a8f at height 1075 received
[2026-09-29T06:09:50.257Z DEBUG blacksilk_p2p::net::blocks] peer 1: block a43ba81c4755 at height 1076 received
[2026-09-29T06:09:50.259Z DEBUG blacksilk_p2p::net::blocks] peer 1: block 57ba497780c6 at height 1077 received
[2026-09-29T06:09:50.261Z DEBUG blacksilk_p2p::net::blocks] peer 1: block b70f1fa45767 at height 1078 received
[2026-09-29T06:09:50.275Z DEBUG blacksilk_p2p::net::blocks] peer 1: block 31663fd3907a at height 1079 received
[2026-09-29T06:09:50.280Z DEBUG blacksilk_p2p::net::blocks] peer 1: block 3b493e80558f at height 1080 received
[2026-09-29T06:09:51.383Z DEBUG blacksilk_p2p::net::blocks] peer 1: block 101418b73a68 at height 1081 received
[2026-09-29T06:09:51.383Z DEBUG blacksilk_p2p::net::blocks] peer 1: block 06093677c7ce at height 1082 received
[2026-09-29T06:09:51.383Z DEBUG blacksilk_p2p::net::blocks] peer 1: block 3c63a2d7eb93 at height 1083 received
[2026-09-29T06:09:51.396Z DEBUG blacksilk_p2p::net::blocks] peer 1: block 6f69307c1926 at height 1084 received
[2026-09-29T06:09:51.398Z DEBUG blacksilk_p2p::net::blocks] peer 1: block c4d647d769d4 at height 1085 received
[2026-09-29T06:09:51.400Z DEBUG blacksilk_p2p::net::blocks] peer 1: block c637bb44b6ef at height 1086 received
[2026-09-29T06:09:51.402Z DEBUG blacksilk_p2p::net::blocks] peer 1: block f98acd93da90 at height 1087 received
[2026-09-29T06:09:51.404Z DEBUG blacksilk_p2p::net::blocks] peer 1: block 875493de0fed at height 1088 received
[2026-09-29T06:09:52.211Z DEBUG blacksilk_p2p::net::blocks] peer 1: block 5728b5e0ee2b at height 1089 received
[2026-09-29T06:09:52.212Z DEBUG blacksilk_p2p::net::blocks] peer 1: block d06f13652947 at height 1090 received
[2026-09-29T06:09:52.212Z DEBUG blacksilk_p2p::net::blocks] peer 1: block e14b08040aae at height 1091 received
[2026-09-29T06:09:52.215Z DEBUG blacksilk_p2p::net::blocks] peer 1: block fa2a0787f674 at height 1092 received
[2026-09-29T06:09:52.217Z DEBUG blacksilk_p2p::net::blocks] peer 1: block 1c184b78fd3f at height 1093 received
[2026-09-29T06:09:52.219Z DEBUG blacksilk_p2p::net::blocks] peer 1: block d8e285848e25 at height 1094 received
[2026-09-29T06:09:52.222Z DEBUG blacksilk_p2p::net::blocks] peer 1: block 5cee2e5bc33e at height 1095 received
[2026-09-29T06:09:52.225Z DEBUG blacksilk_p2p::net::blocks] peer 1: block 46804b8d03f2 at height 1096 received
[2026-09-29T06:09:53.016Z DEBUG blacksilk_p2p::net::blocks] peer 1: block 232fec9e841a at height 1097 received
[2026-09-29T06:09:53.016Z DEBUG blacksilk_p2p::net::blocks] peer 1: block 8d67bad27732 at height 1098 received
[2026-09-29T06:09:53.016Z DEBUG blacksilk_p2p::net::blocks] peer 1: block 8b7ae2f752b3 at height 1099 received
[2026-09-29T06:09:53.025Z DEBUG blacksilk_p2p::net::blocks] peer 1: block 1cace36ba6b7 at height 1100 received
[2026-09-29T06:09:53.028Z DEBUG blacksilk_p2p::net::blocks] peer 1: block 7d80ca278eb3 at height 1101 received
[2026-09-29T06:09:53.029Z DEBUG blacksilk_p2p::net::blocks] peer 1: block 0a818137f6b8 at height 1102 received
[2026-09-29T06:09:53.037Z DEBUG blacksilk_p2p::net::blocks] peer 1: block 7c61f70ea78f at height 1103 received
[2026-09-29T06:09:53.045Z DEBUG blacksilk_p2p::net::blocks] peer 1: block c4036784017c at height 1104 received
[2026-09-29T06:09:54.069Z DEBUG blacksilk_p2p::net::blocks] peer 1: block 0c12f848659b at height 1105 received
[2026-09-29T06:09:54.069Z DEBUG blacksilk_p2p::net::blocks] peer 1: block cd12eeaa54f4 at height 1106 received
[2026-09-29T06:09:54.069Z DEBUG blacksilk_p2p::net::blocks] peer 1: block f1ac484a0ad4 at height 1107 received
[2026-09-29T06:09:54.086Z DEBUG blacksilk_p2p::net::blocks] peer 1: block 1a059a1b439b at height 1108 received
[2026-09-29T06:09:54.088Z DEBUG blacksilk_p2p::net::blocks] peer 1: block 1af09905a99b at height 1109 received
[2026-09-29T06:09:54.090Z DEBUG blacksilk_p2p::net::blocks] peer 1: block 5566c5978506 at height 1110 received
[2026-09-29T06:09:54.093Z DEBUG blacksilk_p2p::net::blocks] peer 1: block 199b8238a5bd at height 1111 received
[2026-09-29T06:09:54.094Z DEBUG blacksilk_p2p::net::blocks] peer 1: block 3c59ad2f8e51 at height 1112 received
[2026-09-29T06:09:54.886Z DEBUG blacksilk_p2p::net::blocks] peer 1: block ad167ca521d3 at height 1113 received
[2026-09-29T06:09:54.886Z DEBUG blacksilk_p2p::net::blocks] peer 1: block 0f9614219717 at height 1114 received
[2026-09-29T06:09:54.886Z DEBUG blacksilk_p2p::net::blocks] peer 1: block 5641c0996f4d at height 1115 received
[2026-09-29T06:09:54.890Z DEBUG blacksilk_p2p::net::blocks] peer 1: block c0c2b5d1356b at height 1116 received
[2026-09-29T06:09:54.892Z DEBUG blacksilk_p2p::net::blocks] peer 1: block 70f2dbd85208 at height 1117 received
[2026-09-29T06:09:54.895Z DEBUG blacksilk_p2p::net::blocks] peer 1: block 9ebec7da0ce9 at height 1118 received
[2026-09-29T06:09:54.905Z DEBUG blacksilk_p2p::net::blocks] peer 1: block 9c93cc743eba at height 1119 received
[2026-09-29T06:09:54.905Z DEBUG blacksilk_p2p::net::blocks] peer 1: block 9de08686d282 at height 1120 received
[2026-09-29T06:09:55.669Z DEBUG blacksilk_p2p::net::blocks] peer 1: block a252e63ca2ed at height 1121 received
[2026-09-29T06:09:55.669Z DEBUG blacksilk_p2p::net::blocks] peer 1: block dbae9d0ca22a at height 1122 received
[2026-09-29T06:09:55.670Z DEBUG blacksilk_p2p::net::blocks] peer 1: block 171b85afe7b1 at height 1123 received
[2026-09-29T06:09:55.680Z DEBUG blacksilk_p2p::net::blocks] peer 1: block a2e78fea6f0d at height 1124 received
[2026-09-29T06:09:55.682Z DEBUG blacksilk_p2p::net::blocks] peer 1: block 391c36e33556 at height 1125 received
[2026-09-29T06:09:55.685Z DEBUG blacksilk_p2p::net::blocks] peer 1: block 87b3ea7e7d03 at height 1126 received
[2026-09-29T06:09:55.687Z DEBUG blacksilk_p2p::net::blocks] peer 1: block c16a422f1bbf at height 1127 received
[2026-09-29T06:09:55.689Z DEBUG blacksilk_p2p::net::blocks] peer 1: block 84246832a679 at height 1128 received
[2026-09-29T06:09:56.753Z DEBUG blacksilk_p2p::net::blocks] peer 1: block fbf6f86539c3 at height 1129 received
[2026-09-29T06:09:56.753Z DEBUG blacksilk_p2p::net::blocks] peer 1: block d1ac13680d9e at height 1130 received
[2026-09-29T06:09:56.753Z DEBUG blacksilk_p2p::net::blocks] peer 1: block dcd8cd523e9c at height 1131 received
[2026-09-29T06:09:56.757Z DEBUG blacksilk_p2p::net::blocks] peer 1: block c028088c51e6 at height 1132 received
[2026-09-29T06:09:56.760Z DEBUG blacksilk_p2p::net::blocks] peer 1: block 6c08a5dee0b7 at height 1133 received
[2026-09-29T06:09:56.764Z DEBUG blacksilk_p2p::net::blocks] peer 1: block 3b171bb8aeb8 at height 1134 received
[2026-09-29T06:09:56.764Z DEBUG blacksilk_p2p::net::blocks] peer 1: block d4902c0300e9 at height 1135 received
[2026-09-29T06:09:56.774Z DEBUG blacksilk_p2p::net::blocks] peer 1: block 076ab6058e9b at height 1136 received
[2026-09-29T06:09:57.594Z DEBUG blacksilk_p2p::net::blocks] peer 1: block c82d8518f922 at height 1137 received
[2026-09-29T06:09:57.594Z DEBUG blacksilk_p2p::net::blocks] peer 1: block bf39f649942b at height 1138 received
[2026-09-29T06:09:57.610Z DEBUG blacksilk_p2p::net::blocks] peer 1: block dbb49ac3c469 at height 1139 received
[2026-09-29T06:09:57.656Z DEBUG blacksilk_p2p::net::blocks] peer 1: block 5dce22ae9b8c at height 1140 received
[2026-09-29T06:09:57.658Z DEBUG blacksilk_p2p::net::blocks] peer 1: block 5761bc28ee42 at height 1141 received
[2026-09-29T06:09:57.661Z DEBUG blacksilk_p2p::net::blocks] peer 1: block 020ed8aa5f23 at height 1142 received
[2026-09-29T06:09:57.662Z DEBUG blacksilk_p2p::net::blocks] peer 1: block 186c3f1b38c0 at height 1143 received
[2026-09-29T06:09:57.667Z DEBUG blacksilk_p2p::net::blocks] peer 1: block 0bcf1afaf720 at height 1144 received
[2026-09-29T06:09:58.704Z DEBUG blacksilk_p2p::net::blocks] peer 1: block b6b37be13244 at height 1145 received
[2026-09-29T06:09:58.704Z DEBUG blacksilk_p2p::net::blocks] peer 1: block b0d655c48337 at height 1146 received
[2026-09-29T06:09:58.704Z DEBUG blacksilk_p2p::net::blocks] peer 1: block 3d756a9a3929 at height 1147 received
[2026-09-29T06:09:58.708Z DEBUG blacksilk_p2p::net::blocks] peer 1: block ee88dbaf09a8 at height 1148 received
[2026-09-29T06:09:58.710Z DEBUG blacksilk_p2p::net::blocks] peer 1: block ad1b80b2d88b at height 1149 received
[2026-09-29T06:09:58.712Z DEBUG blacksilk_p2p::net::blocks] peer 1: block 4cdb41bc5ff6 at height 1150 received
[2026-09-29T06:09:58.717Z DEBUG blacksilk_p2p::net::blocks] peer 1: block d33e675adb0c at height 1151 received
[2026-09-29T06:09:58.719Z DEBUG blacksilk_p2p::net::blocks] peer 1: block ec163075f8df at height 1152 received
[2026-09-29T06:09:59.543Z DEBUG blacksilk_p2p::net::blocks] peer 1: block 3892b6f32385 at height 1153 received
[2026-09-29T06:09:59.544Z DEBUG blacksilk_p2p::net::blocks] peer 1: block 964b74c3820e at height 1154 received
[2026-09-29T06:09:59.544Z DEBUG blacksilk_p2p::net::blocks] peer 1: block 8929a511893f at height 1155 received
[2026-09-29T06:09:59.553Z DEBUG blacksilk_p2p::net::blocks] peer 1: block b3151f32c1de at height 1156 received
[2026-09-29T06:09:59.562Z DEBUG blacksilk_p2p::net::blocks] peer 1: block b054158548d2 at height 1157 received
[2026-09-29T06:09:59.564Z DEBUG blacksilk_p2p::net::blocks] peer 1: block e5b4601beef5 at height 1158 received
[2026-09-29T06:09:59.566Z DEBUG blacksilk_p2p::net::blocks] peer 1: block 1317ae766c44 at height 1159 received
[2026-09-29T06:09:59.573Z DEBUG blacksilk_p2p::net::blocks] peer 1: block 31eaf21a95f7 at height 1160 received
[2026-09-29T06:10:00.800Z DEBUG blacksilk_p2p::net::blocks] peer 1: block 46c0cc78059b at height 1161 received
[2026-09-29T06:10:00.800Z DEBUG blacksilk_p2p::net::blocks] peer 1: block df9dff2fb822 at height 1162 received
[2026-09-29T06:10:00.800Z DEBUG blacksilk_p2p::net::blocks] peer 1: block 1573b351d9d3 at height 1163 received
[2026-09-29T06:10:00.803Z DEBUG blacksilk_p2p::net::blocks] peer 1: block 0999a303a9b7 at height 1164 received
[2026-09-29T06:10:00.810Z DEBUG blacksilk_p2p::net::blocks] peer 1: block 1f9ec742e3ec at height 1165 received
[2026-09-29T06:10:00.813Z DEBUG blacksilk_p2p::net::blocks] peer 1: block 6a3fb924f53d at height 1166 received
[2026-09-29T06:10:00.814Z DEBUG blacksilk_p2p::net::blocks] peer 1: block eaba32619281 at height 1167 received
[2026-09-29T06:10:00.816Z DEBUG blacksilk_p2p::net::blocks] peer 1: block ad1531ff1894 at height 1168 received
[2026-09-29T06:10:01.512Z DEBUG blacksilk_p2p::net::blocks] peer 1: block b0e272762583 at height 1169 received
[2026-09-29T06:10:01.512Z DEBUG blacksilk_p2p::net::blocks] peer 1: block c98f279eb3fe at height 1170 received
[2026-09-29T06:10:01.512Z DEBUG blacksilk_p2p::net::blocks] peer 1: block 81533533a970 at height 1171 received
[2026-09-29T06:10:01.535Z DEBUG blacksilk_p2p::net::blocks] peer 1: block 423c4f3736c5 at height 1172 received
[2026-09-29T06:10:01.557Z DEBUG blacksilk_p2p::net::blocks] peer 1: block a01d5da30850 at height 1173 received
[2026-09-29T06:10:01.572Z DEBUG blacksilk_p2p::net::blocks] peer 1: block 3976d3be2ed5 at height 1174 received
[2026-09-29T06:10:01.576Z DEBUG blacksilk_p2p::net::blocks] peer 1: block 314f1dcd1ad6 at height 1175 received
[2026-09-29T06:10:01.578Z DEBUG blacksilk_p2p::net::blocks] peer 1: block 1b88f492e193 at height 1176 received
[2026-09-29T06:10:02.631Z DEBUG blacksilk_p2p::net::blocks] peer 1: block f1861ad164a1 at height 1177 received
[2026-09-29T06:10:02.631Z DEBUG blacksilk_p2p::net::blocks] peer 1: block 1f60472aa4ca at height 1178 received
[2026-09-29T06:10:02.631Z DEBUG blacksilk_p2p::net::blocks] peer 1: block 4e341accbc20 at height 1179 received
[2026-09-29T06:10:02.675Z DEBUG blacksilk_p2p::net::blocks] peer 1: block b3acb26a0f0b at height 1180 received
[2026-09-29T06:10:02.675Z DEBUG blacksilk_p2p::net::blocks] peer 1: block 0a28b08aae4d at height 1181 received
[2026-09-29T06:10:02.675Z DEBUG blacksilk_p2p::net::blocks] peer 1: block 9694ae3310aa at height 1182 received
[2026-09-29T06:10:02.685Z DEBUG blacksilk_p2p::net::blocks] peer 1: block 4a02532e9557 at height 1183 received
[2026-09-29T06:10:02.687Z DEBUG blacksilk_p2p::net::blocks] peer 1: block 660d5593390a at height 1184 received
[2026-09-29T06:10:03.432Z DEBUG blacksilk_p2p::net::blocks] peer 1: block 9ceedece0eb7 at height 1185 received
[2026-09-29T06:10:03.463Z DEBUG blacksilk_p2p::net::blocks] peer 1: block aedfbd548054 at height 1186 received
[2026-09-29T06:10:03.464Z DEBUG blacksilk_p2p::net::blocks] peer 1: block 7340669022e8 at height 1187 received
[2026-09-29T06:10:03.496Z DEBUG blacksilk_p2p::net::blocks] peer 1: block 7ca3ae731ebd at height 1188 received
[2026-09-29T06:10:03.498Z DEBUG blacksilk_p2p::net::blocks] peer 1: block 47ef58d56806 at height 1189 received
[2026-09-29T06:10:03.509Z DEBUG blacksilk_p2p::net::blocks] peer 1: block 5ef6ee7682a2 at height 1190 received
[2026-09-29T06:10:03.519Z DEBUG blacksilk_p2p::net::blocks] peer 1: block 2f012a0e736f at height 1191 received
[2026-09-29T06:10:03.521Z DEBUG blacksilk_p2p::net::blocks] peer 1: block 2b8a5ec30a5d at height 1192 received
[2026-09-29T06:10:04.755Z DEBUG blacksilk_p2p::net::blocks] peer 1: block 076e4994b668 at height 1193 received
[2026-09-29T06:10:04.756Z DEBUG blacksilk_p2p::net::blocks] peer 1: block f7a64bc043e2 at height 1194 received
[2026-09-29T06:10:04.756Z DEBUG blacksilk_p2p::net::blocks] peer 1: block f8068f52ebc7 at height 1195 received
[2026-09-29T06:10:04.758Z DEBUG blacksilk_p2p::net::blocks] peer 1: block ca21ec90bd80 at height 1196 received
[2026-09-29T06:10:04.766Z DEBUG blacksilk_p2p::net::blocks] peer 1: block d741e2219178 at height 1197 received
[2026-09-29T06:10:04.768Z DEBUG blacksilk_p2p::net::blocks] peer 1: block a6ccd9cd528f at height 1198 received
[2026-09-29T06:10:04.770Z DEBUG blacksilk_p2p::net::blocks] peer 1: block e574497644a5 at height 1199 received
[2026-09-29T06:10:04.772Z DEBUG blacksilk_p2p::net::blocks] peer 1: block 82b7c93af674 at height 1200 received
[2026-09-29T06:10:05.542Z DEBUG blacksilk_p2p::net::blocks] peer 1: block d5bbd4b1a219 at height 1201 received
[2026-09-29T06:10:05.542Z DEBUG blacksilk_p2p::net::blocks] peer 1: block 337f6a51a167 at height 1202 received
[2026-09-29T06:10:05.542Z DEBUG blacksilk_p2p::net::blocks] peer 1: block bb5b80208f2a at height 1203 received
[2026-09-29T06:10:05.545Z DEBUG blacksilk_p2p::net::blocks] peer 1: block 8792debfc219 at height 1204 received
[2026-09-29T06:10:05.549Z DEBUG blacksilk_p2p::net::blocks] peer 1: block b325bf7b4925 at height 1205 received
[2026-09-29T06:10:05.551Z DEBUG blacksilk_p2p::net::blocks] peer 1: block c31578a20941 at height 1206 received
[2026-09-29T06:10:05.553Z DEBUG blacksilk_p2p::net::blocks] peer 1: block 8a841c52e2b0 at height 1207 received
[2026-09-29T06:10:05.572Z DEBUG blacksilk_p2p::net::blocks] peer 1: block 1207d1f45758 at height 1208 received
[2026-09-29T06:10:06.609Z DEBUG blacksilk_p2p::net::blocks] peer 1: block 65a761179b5e at height 1209 received
[2026-09-29T06:10:06.609Z DEBUG blacksilk_p2p::net::blocks] peer 1: block faf2fd342499 at height 1210 received
[2026-09-29T06:10:06.609Z DEBUG blacksilk_p2p::net::blocks] peer 1: block fb408a6e0642 at height 1211 received
[2026-09-29T06:10:06.627Z DEBUG blacksilk_p2p::net::blocks] peer 1: block 21f535de8749 at height 1212 received
[2026-09-29T06:10:06.629Z DEBUG blacksilk_p2p::net::blocks] peer 1: block 4625707c70cb at height 1213 received
[2026-09-29T06:10:06.631Z DEBUG blacksilk_p2p::net::blocks] peer 1: block cf2e10224a59 at height 1214 received
[2026-09-29T06:10:06.638Z DEBUG blacksilk_p2p::net::blocks] peer 1: block d149cbccf8ed at height 1215 received
[2026-09-29T06:10:06.646Z DEBUG blacksilk_p2p::net::blocks] peer 1: block 16dcb800296d at height 1216 received
[2026-09-29T06:10:07.638Z DEBUG blacksilk_p2p::net::blocks] peer 1: block 72197fde0f75 at height 1217 received
[2026-09-29T06:10:07.638Z DEBUG blacksilk_p2p::net::blocks] peer 1: block 5b033a304efd at height 1218 received
[2026-09-29T06:10:07.638Z DEBUG blacksilk_p2p::net::blocks] peer 1: block f945e9337f7e at height 1219 received
[2026-09-29T06:10:07.643Z DEBUG blacksilk_p2p::net::blocks] peer 1: block 36202483804b at height 1220 received
[2026-09-29T06:10:07.651Z DEBUG blacksilk_p2p::net::blocks] peer 1: block d6786a344f4f at height 1221 received
[2026-09-29T06:10:07.654Z DEBUG blacksilk_p2p::net::blocks] peer 1: block a7a94cc34acf at height 1222 received
[2026-09-29T06:10:07.664Z DEBUG blacksilk_p2p::net::blocks] peer 1: block 8442153cb67c at height 1223 received
[2026-09-29T06:10:07.666Z DEBUG blacksilk_p2p::net::blocks] peer 1: block cc743eac4ffa at height 1224 received
[2026-09-29T06:10:08.216Z DEBUG blacksilk_p2p::net::blocks] peer 1: block 061c26369a3d at height 1225 received
[2026-09-29T06:10:08.262Z DEBUG blacksilk_p2p::net::blocks] peer 1: block 10c6483fbee8 at height 1226 received
[2026-09-29T06:10:08.353Z DEBUG blacksilk_p2p::net::blocks] peer 1: block 5f74cdd68f46 at height 1227 received
[2026-09-29T06:10:08.374Z DEBUG blacksilk_p2p::net::blocks] peer 1: block f14b7ab39527 at height 1228 received
[2026-09-29T06:10:08.381Z DEBUG blacksilk_p2p::net::blocks] peer 1: block f6bdf974bd05 at height 1229 received
[2026-09-29T06:10:08.383Z DEBUG blacksilk_p2p::net::blocks] peer 1: block e968213066f5 at height 1230 received
[2026-09-29T06:10:08.386Z DEBUG blacksilk_p2p::net::blocks] peer 1: block 45b5b09ae469 at height 1231 received
[2026-09-29T06:10:08.388Z DEBUG blacksilk_p2p::net::blocks] peer 1: block 1efc827d52c0 at height 1232 received
[2026-09-29T06:10:09.287Z DEBUG blacksilk_p2p::net::blocks] peer 1: block f712c464d5f2 at height 1233 received
[2026-09-29T06:10:09.287Z DEBUG blacksilk_p2p::net::blocks] peer 1: block 04e43d0e9439 at height 1234 received
[2026-09-29T06:10:09.305Z DEBUG blacksilk_p2p::net::blocks] peer 1: block 018a1d6eee4a at height 1235 received
[2026-09-29T06:10:09.350Z DEBUG blacksilk_p2p::net::blocks] peer 1: block 4199a7afd320 at height 1236 received
[2026-09-29T06:10:09.353Z DEBUG blacksilk_p2p::net::blocks] peer 1: block ed84a1221a2c at height 1237 received
[2026-09-29T06:10:09.354Z DEBUG blacksilk_p2p::net::blocks] peer 1: block c8fcd397b13f at height 1238 received
[2026-09-29T06:10:09.357Z DEBUG blacksilk_p2p::net::blocks] peer 1: block 2ce85f158b28 at height 1239 received
[2026-09-29T06:10:09.364Z DEBUG blacksilk_p2p::net::blocks] peer 1: block 0a4ff0bcfbe6 at height 1240 received
[2026-09-29T06:10:10.315Z DEBUG blacksilk_p2p::net::blocks] peer 1: block c6baf20a785b at height 1241 received
[2026-09-29T06:10:10.315Z DEBUG blacksilk_p2p::net::blocks] peer 1: block b170a66b0f19 at height 1242 received
[2026-09-29T06:10:10.315Z DEBUG blacksilk_p2p::net::blocks] peer 1: block 3c1eaaa4f0ab at height 1243 received
[2026-09-29T06:10:10.318Z DEBUG blacksilk_p2p::net::blocks] peer 1: block 445167435b0e at height 1244 received
[2026-09-29T06:10:10.325Z DEBUG blacksilk_p2p::net::blocks] peer 1: block 11949c5c9551 at height 1245 received
[2026-09-29T06:10:10.327Z DEBUG blacksilk_p2p::net::blocks] peer 1: block e3ee42ea2af5 at height 1246 received
[2026-09-29T06:10:10.335Z DEBUG blacksilk_p2p::net::blocks] peer 1: block 89a182570234 at height 1247 received
[2026-09-29T06:10:10.337Z DEBUG blacksilk_p2p::net::blocks] peer 1: block 3e42de89a99e at height 1248 received
[2026-09-29T06:10:11.407Z DEBUG blacksilk_p2p::net::blocks] peer 1: block 18c3fdfa9320 at height 1249 received
[2026-09-29T06:10:11.407Z DEBUG blacksilk_p2p::net::blocks] peer 1: block 81a5457a0c04 at height 1250 received
[2026-09-29T06:10:11.407Z DEBUG blacksilk_p2p::net::blocks] peer 1: block ca4442999f01 at height 1251 received
[2026-09-29T06:10:11.411Z DEBUG blacksilk_p2p::net::blocks] peer 1: block 0f3f10e27c10 at height 1252 received
[2026-09-29T06:10:11.419Z DEBUG blacksilk_p2p::net::blocks] peer 1: block 0884c247fd94 at height 1253 received
[2026-09-29T06:10:11.421Z DEBUG blacksilk_p2p::net::blocks] peer 1: block c7f23201a793 at height 1254 received
[2026-09-29T06:10:11.423Z DEBUG blacksilk_p2p::net::blocks] peer 1: block fa4d58d84939 at height 1255 received
[2026-09-29T06:10:11.425Z DEBUG blacksilk_p2p::net::blocks] peer 1: block bfdd1abf9574 at height 1256 received
[2026-09-29T06:10:12.231Z DEBUG blacksilk_p2p::net::blocks] peer 1: block f31e18c0e0f4 at height 1257 received
[2026-09-29T06:10:12.232Z DEBUG blacksilk_p2p::net::blocks] peer 1: block f0304b024cad at height 1258 received
[2026-09-29T06:10:12.596Z DEBUG blacksilk_p2p::net::blocks] peer 1: block a1f70095eff6 at height 1259 received
[2026-09-29T06:10:12.609Z DEBUG blacksilk_p2p::net::blocks] peer 1: block 63e67ebef866 at height 1260 received
[2026-09-29T06:10:12.611Z DEBUG blacksilk_p2p::net::blocks] peer 1: block c6f93486fb0e at height 1261 received
[2026-09-29T06:10:12.613Z DEBUG blacksilk_p2p::net::blocks] peer 1: block d6802d682949 at height 1262 received
[2026-09-29T06:10:12.615Z DEBUG blacksilk_p2p::net::blocks] peer 1: block 7ab2e7a7f87f at height 1263 received
[2026-09-29T06:10:12.617Z DEBUG blacksilk_p2p::net::blocks] peer 1: block 8b143f99ba22 at height 1264 received
[2026-09-29T06:10:13.710Z DEBUG blacksilk_p2p::net::blocks] peer 1: block 50da1fa037b6 at height 1265 received
[2026-09-29T06:10:13.711Z DEBUG blacksilk_p2p::net::blocks] peer 1: block e85d278dd32e at height 1266 received
[2026-09-29T06:10:13.711Z DEBUG blacksilk_p2p::net::blocks] peer 1: block 5f6fceafaa67 at height 1267 received
[2026-09-29T06:10:13.714Z DEBUG blacksilk_p2p::net::blocks] peer 1: block ffb3cd0ad24f at height 1268 received
[2026-09-29T06:10:13.722Z DEBUG blacksilk_p2p::net::blocks] peer 1: block 4dbc52a99442 at height 1269 received
[2026-09-29T06:10:13.725Z DEBUG blacksilk_p2p::net::blocks] peer 1: block dc840cc1830c at height 1270 received
[2026-09-29T06:10:13.726Z DEBUG blacksilk_p2p::net::blocks] peer 1: block 1f199b4751bd at height 1271 received
[2026-09-29T06:10:13.728Z DEBUG blacksilk_p2p::net::blocks] peer 1: block b1ba7702d3e2 at height 1272 received
[2026-09-29T06:10:14.794Z DEBUG blacksilk_p2p::net::blocks] peer 1: block 4e1c433574e0 at height 1273 received
[2026-09-29T06:10:14.794Z DEBUG blacksilk_p2p::net::blocks] peer 1: block 65ae59762cb7 at height 1274 received
[2026-09-29T06:10:14.794Z DEBUG blacksilk_p2p::net::blocks] peer 1: block e1bd51568d3c at height 1275 received
[2026-09-29T06:10:14.805Z DEBUG blacksilk_p2p::net::blocks] peer 1: block cf00fdc5eb25 at height 1276 received
[2026-09-29T06:10:14.807Z DEBUG blacksilk_p2p::net::blocks] peer 1: block a2796e0c4da9 at height 1277 received
[2026-09-29T06:10:14.809Z DEBUG blacksilk_p2p::net::blocks] peer 1: block d5e036bac20e at height 1278 received
[2026-09-29T06:10:14.816Z DEBUG blacksilk_p2p::net::blocks] peer 1: block a79997c732e9 at height 1279 received
[2026-09-29T06:10:14.819Z DEBUG blacksilk_p2p::net::blocks] peer 1: block dc58e22660ab at height 1280 received
[2026-09-29T06:10:15.612Z DEBUG blacksilk_p2p::net::blocks] peer 1: block 3c36f66562a1 at height 1281 received
[2026-09-29T06:10:15.612Z DEBUG blacksilk_p2p::net::blocks] peer 1: block 7cc4d3ed7969 at height 1282 received
[2026-09-29T06:10:15.612Z DEBUG blacksilk_p2p::net::blocks] peer 1: block 79ce0fef2e98 at height 1283 received
[2026-09-29T06:10:15.616Z DEBUG blacksilk_p2p::net::blocks] peer 1: block 7e9d87318792 at height 1284 received
[2026-09-29T06:10:15.624Z DEBUG blacksilk_p2p::net::blocks] peer 1: block 2786738f5faa at height 1285 received
[2026-09-29T06:10:15.631Z DEBUG blacksilk_p2p::net::blocks] peer 1: block 73da659f0a66 at height 1286 received
[2026-09-29T06:10:15.633Z DEBUG blacksilk_p2p::net::blocks] peer 1: block a072c58d3394 at height 1287 received
[2026-09-29T06:10:15.641Z DEBUG blacksilk_p2p::net::blocks] peer 1: block 61f6aad2fe81 at height 1288 received
[2026-09-29T06:10:16.455Z DEBUG blacksilk_p2p::net::blocks] peer 1: block f523f1b7de6d at height 1289 received
[2026-09-29T06:10:16.455Z DEBUG blacksilk_p2p::net::blocks] peer 1: block bf4c1913b799 at height 1290 received
[2026-09-29T06:10:16.456Z DEBUG blacksilk_p2p::net::blocks] peer 1: block 98858632c588 at height 1291 received
[2026-09-29T06:10:16.465Z DEBUG blacksilk_p2p::net::blocks] peer 1: block e891be3bf053 at height 1292 received
[2026-09-29T06:10:16.473Z DEBUG blacksilk_p2p::net::blocks] peer 1: block 6da17a771b4c at height 1293 received
[2026-09-29T06:10:16.480Z DEBUG blacksilk_p2p::net::blocks] peer 1: block 46a47aa27975 at height 1294 received
[2026-09-29T06:10:16.491Z DEBUG blacksilk_p2p::net::blocks] peer 1: block fbc8ae49622a at height 1295 received
[2026-09-29T06:10:16.493Z DEBUG blacksilk_p2p::net::blocks] peer 1: block 9f6a0c78a3ca at height 1296 received
[2026-09-29T06:10:17.240Z DEBUG blacksilk_p2p::net::blocks] peer 1: block d3484b9bc718 at height 1297 received
[2026-09-29T06:10:17.240Z DEBUG blacksilk_p2p::net::blocks] peer 1: block e32cf07045f1 at height 1298 received
[2026-09-29T06:10:17.240Z DEBUG blacksilk_p2p::net::blocks] peer 1: block 23c209ed5f73 at height 1299 received
[2026-09-29T06:10:17.249Z DEBUG blacksilk_p2p::net::blocks] peer 1: block a13d70034f43 at height 1300 received
[2026-09-29T06:10:17.257Z DEBUG blacksilk_p2p::net::blocks] peer 1: block 1129ecc5a82f at height 1301 received
[2026-09-29T06:10:17.260Z DEBUG blacksilk_p2p::net::blocks] peer 1: block 9f7f9d4f6c56 at height 1302 received
[2026-09-29T06:10:17.267Z DEBUG blacksilk_p2p::net::blocks] peer 1: block ba1e7a481fc0 at height 1303 received
[2026-09-29T06:10:17.269Z DEBUG blacksilk_p2p::net::blocks] peer 1: block cae811553f5c at height 1304 received
[2026-09-29T06:10:18.013Z DEBUG blacksilk_p2p::net::blocks] peer 1: block 686c64045c15 at height 1305 received
[2026-09-29T06:10:18.013Z DEBUG blacksilk_p2p::net::blocks] peer 1: block 98208389933a at height 1306 received
[2026-09-29T06:10:18.013Z DEBUG blacksilk_p2p::net::blocks] peer 1: block fde20422a326 at height 1307 received
[2026-09-29T06:10:18.017Z DEBUG blacksilk_p2p::net::blocks] peer 1: block 65c2ba5b65d9 at height 1308 received
[2026-09-29T06:10:18.019Z DEBUG blacksilk_p2p::net::blocks] peer 1: block f8ae227fddbc at height 1309 received
[2026-09-29T06:10:18.027Z DEBUG blacksilk_p2p::net::blocks] peer 1: block 6d38d13bc682 at height 1310 received
[2026-09-29T06:10:18.031Z DEBUG blacksilk_p2p::net::blocks] peer 1: block 6d0ddb463b02 at height 1311 received
[2026-09-29T06:10:18.031Z DEBUG blacksilk_p2p::net::blocks] peer 1: block f159f283083b at height 1312 received
[2026-09-29T06:10:19.133Z DEBUG blacksilk_p2p::net::blocks] peer 1: block 1f3bac5a2693 at height 1313 received
[2026-09-29T06:10:19.133Z DEBUG blacksilk_p2p::net::blocks] peer 1: block d7c5ca724716 at height 1314 received
[2026-09-29T06:10:19.133Z DEBUG blacksilk_p2p::net::blocks] peer 1: block 60d599b5174a at height 1315 received
[2026-09-29T06:10:19.142Z DEBUG blacksilk_p2p::net::blocks] peer 1: block 88e905f6556c at height 1316 received
[2026-09-29T06:10:19.144Z DEBUG blacksilk_p2p::net::blocks] peer 1: block 69d496b00212 at height 1317 received
[2026-09-29T06:10:19.152Z DEBUG blacksilk_p2p::net::blocks] peer 1: block bf32453b600a at height 1318 received
[2026-09-29T06:10:19.153Z DEBUG blacksilk_p2p::net::blocks] peer 1: block 36516eeeb4f5 at height 1319 received
[2026-09-29T06:10:19.155Z DEBUG blacksilk_p2p::net::blocks] peer 1: block 70a4abda667d at height 1320 received
[2026-09-29T06:10:19.976Z DEBUG blacksilk_p2p::net::blocks] peer 1: block 19734873e44f at height 1321 received
[2026-09-29T06:10:19.976Z DEBUG blacksilk_p2p::net::blocks] peer 1: block 4a905b0fb0ea at height 1322 received
[2026-09-29T06:10:19.977Z DEBUG blacksilk_p2p::net::blocks] peer 1: block 210a6501580d at height 1323 received
[2026-09-29T06:10:19.979Z DEBUG blacksilk_p2p::net::blocks] peer 1: block 1776dab1ad3c at height 1324 received
[2026-09-29T06:10:19.981Z DEBUG blacksilk_p2p::net::blocks] peer 1: block fcb8fe32152f at height 1325 received
[2026-09-29T06:10:19.992Z DEBUG blacksilk_p2p::net::blocks] peer 1: block 57288cdf1122 at height 1326 received
[2026-09-29T06:10:19.994Z DEBUG blacksilk_p2p::net::blocks] peer 1: block 1b8e87069231 at height 1327 received
[2026-09-29T06:10:19.996Z DEBUG blacksilk_p2p::net::blocks] peer 1: block e8cb37fb58f6 at height 1328 received
[2026-09-29T06:10:20.794Z DEBUG blacksilk_p2p::net::blocks] peer 1: block 42c1a13f707c at height 1329 received
[2026-09-29T06:10:20.794Z DEBUG blacksilk_p2p::net::blocks] peer 1: block 2799a065785b at height 1330 received
[2026-09-29T06:10:20.794Z DEBUG blacksilk_p2p::net::blocks] peer 1: block e1a9c0b7be8b at height 1331 received
[2026-09-29T06:10:20.797Z DEBUG blacksilk_p2p::net::blocks] peer 1: block ccae8a538069 at height 1332 received
[2026-09-29T06:10:20.805Z DEBUG blacksilk_p2p::net::blocks] peer 1: block 4a644b3cb654 at height 1333 received
[2026-09-29T06:10:20.807Z DEBUG blacksilk_p2p::net::blocks] peer 1: block d1551532eedb at height 1334 received
[2026-09-29T06:10:20.809Z DEBUG blacksilk_p2p::net::blocks] peer 1: block 4897c55f3d2f at height 1335 received
[2026-09-29T06:10:20.817Z DEBUG blacksilk_p2p::net::blocks] peer 1: block a9fcd35fe018 at height 1336 received
[2026-09-29T06:10:21.620Z DEBUG blacksilk_p2p::net::blocks] peer 1: block 2603aadb64f6 at height 1337 received
[2026-09-29T06:10:21.620Z DEBUG blacksilk_p2p::net::blocks] peer 1: block f287494148ad at height 1338 received
[2026-09-29T06:10:21.621Z DEBUG blacksilk_p2p::net::blocks] peer 1: block 50904f72c3af at height 1339 received
[2026-09-29T06:10:21.623Z DEBUG blacksilk_p2p::net::blocks] peer 1: block ce04eec6b1c1 at height 1340 received
[2026-09-29T06:10:21.631Z DEBUG blacksilk_p2p::net::blocks] peer 1: block 5c71dc76d6f8 at height 1341 received
[2026-09-29T06:10:21.638Z DEBUG blacksilk_p2p::net::blocks] peer 1: block a6ea444199df at height 1342 received
[2026-09-29T06:10:21.646Z DEBUG blacksilk_p2p::net::blocks] peer 1: block 8f7b05fa48f5 at height 1343 received
[2026-09-29T06:10:21.648Z DEBUG blacksilk_p2p::net::blocks] peer 1: block a59777849eea at height 1344 received
[2026-09-29T06:10:22.814Z DEBUG blacksilk_p2p::net::blocks] peer 1: block 37ceeb8dae35 at height 1345 received
[2026-09-29T06:10:22.814Z DEBUG blacksilk_p2p::net::blocks] peer 1: block 7268e8f6d408 at height 1346 received
[2026-09-29T06:10:22.869Z DEBUG blacksilk_p2p::net::blocks] peer 1: block 242be35db94c at height 1347 received
[2026-09-29T06:10:23.341Z DEBUG blacksilk_p2p::net::blocks] peer 1: block 11f3b333844c at height 1348 received
[2026-09-29T06:10:23.341Z DEBUG blacksilk_p2p::net::blocks] peer 1: block e9dfcd4a438f at height 1349 received
[2026-09-29T06:10:23.341Z DEBUG blacksilk_p2p::net::blocks] peer 1: block 757ccbd2a548 at height 1350 received
[2026-09-29T06:10:23.343Z DEBUG blacksilk_p2p::net::blocks] peer 1: block c66eea8a1be2 at height 1351 received
[2026-09-29T06:10:23.346Z DEBUG blacksilk_p2p::net::blocks] peer 1: block dc20ffdbe6b0 at height 1352 received
[2026-09-29T06:10:24.359Z DEBUG blacksilk_p2p::net::blocks] peer 1: block 61e92060c9b9 at height 1353 received
[2026-09-29T06:10:24.359Z DEBUG blacksilk_p2p::net::blocks] peer 1: block bfb09344caa8 at height 1354 received
[2026-09-29T06:10:24.391Z DEBUG blacksilk_p2p::net::blocks] peer 1: block 6e08bb7395dc at height 1355 received
[2026-09-29T06:10:24.627Z DEBUG blacksilk_p2p::net::blocks] peer 1: block 6174fe7c9fc4 at height 1356 received
[2026-09-29T06:10:24.631Z DEBUG blacksilk_p2p::net::blocks] peer 1: block 34c8fd54d6e5 at height 1357 received
[2026-09-29T06:10:24.631Z DEBUG blacksilk_p2p::net::blocks] peer 1: block 04e091c51e29 at height 1358 received
[2026-09-29T06:10:24.654Z DEBUG blacksilk_p2p::net::blocks] peer 1: block 2c674888a798 at height 1359 received
[2026-09-29T06:10:24.672Z DEBUG blacksilk_p2p::net::blocks] peer 1: block 7e2316ebbdc6 at height 1360 received
[2026-09-29T06:10:26.077Z DEBUG blacksilk_p2p::net::blocks] peer 1: block 657f5100dc07 at height 1361 received
[2026-09-29T06:10:26.077Z DEBUG blacksilk_p2p::net::blocks] peer 1: block 37ee47512c13 at height 1362 received
[2026-09-29T06:10:26.438Z DEBUG blacksilk_p2p::net::blocks] peer 1: block 3a2750859027 at height 1363 received
[2026-09-29T06:10:26.470Z DEBUG blacksilk_p2p::net::blocks] peer 1: block 22f9c8ca064e at height 1364 received
[2026-09-29T06:10:26.470Z DEBUG blacksilk_p2p::net::blocks] peer 1: block 93c45c72d593 at height 1365 received
[2026-09-29T06:10:26.470Z DEBUG blacksilk_p2p::net::blocks] peer 1: block 933548fd2538 at height 1366 received
[2026-09-29T06:10:26.473Z DEBUG blacksilk_p2p::net::blocks] peer 1: block 4474d7ddb689 at height 1367 received
[2026-09-29T06:10:26.475Z DEBUG blacksilk_p2p::net::blocks] peer 1: block 95b716174498 at height 1368 received
[2026-09-29T06:10:27.877Z DEBUG blacksilk_p2p::net::blocks] peer 1: block 2c2e2afdbf63 at height 1369 received
[2026-09-29T06:10:27.877Z DEBUG blacksilk_p2p::net::blocks] peer 1: block 164c85a1b3bf at height 1370 received
[2026-09-29T06:10:28.031Z DEBUG blacksilk_p2p::net::blocks] peer 1: block dde494666abe at height 1371 received
[2026-09-29T06:10:28.207Z DEBUG blacksilk_p2p::net::blocks] peer 1: block 08028c915c6c at height 1372 received
[2026-09-29T06:10:28.207Z DEBUG blacksilk_p2p::net::blocks] peer 1: block b68e07c8ac60 at height 1373 received
[2026-09-29T06:10:28.207Z DEBUG blacksilk_p2p::net::blocks] peer 1: block 85ce2a52d3ce at height 1374 received
[2026-09-29T06:10:28.210Z DEBUG blacksilk_p2p::net::blocks] peer 1: block 94d9f780054c at height 1375 received
[2026-09-29T06:10:28.212Z DEBUG blacksilk_p2p::net::blocks] peer 1: block 1bcc11d5d5f8 at height 1376 received
[2026-09-29T06:10:29.323Z DEBUG blacksilk_p2p::net::blocks] peer 1: block 613f50f07fb8 at height 1377 received
[2026-09-29T06:10:29.323Z DEBUG blacksilk_p2p::net::blocks] peer 1: block 9a799b0980f5 at height 1378 received
[2026-09-29T06:10:29.323Z DEBUG blacksilk_p2p::net::blocks] peer 1: block 65eb3793eac2 at height 1379 received
[2026-09-29T06:10:29.331Z DEBUG blacksilk_p2p::net::blocks] peer 1: block 97c61a53f33f at height 1380 received
[2026-09-29T06:10:29.333Z DEBUG blacksilk_p2p::net::blocks] peer 1: block 5cebf1b175e2 at height 1381 received
[2026-09-29T06:10:29.340Z DEBUG blacksilk_p2p::net::blocks] peer 1: block 2ef2e9a8814e at height 1382 received
[2026-09-29T06:10:29.441Z DEBUG blacksilk_p2p::net::blocks] peer 1: block 4267f66f91d5 at height 1383 received
[2026-09-29T06:10:29.446Z DEBUG blacksilk_p2p::net::blocks] peer 1: block 65eda9114a5a at height 1384 received
[2026-09-29T06:10:30.655Z DEBUG blacksilk_p2p::net::blocks] peer 1: block 5d84e378224f at height 1385 received
[2026-09-29T06:10:30.664Z DEBUG blacksilk_p2p::net::blocks] peer 1: block 22831cf0e417 at height 1386 received
[2026-09-29T06:10:30.668Z DEBUG blacksilk_p2p::net::blocks] peer 1: block c6b22dc677fd at height 1387 received
[2026-09-29T06:10:30.988Z DEBUG blacksilk_p2p::net::blocks] peer 1: block e46e8da09420 at height 1388 received
[2026-09-29T06:10:30.989Z DEBUG blacksilk_p2p::net::blocks] peer 1: block b7ac3689ec7f at height 1389 received
[2026-09-29T06:10:30.989Z DEBUG blacksilk_p2p::net::blocks] peer 1: block 516695bb4728 at height 1390 received
[2026-09-29T06:10:30.998Z DEBUG blacksilk_p2p::net::blocks] peer 1: block 76f80a416ea8 at height 1391 received
[2026-09-29T06:10:31.000Z DEBUG blacksilk_p2p::net::blocks] peer 1: block 3cb22946fd39 at height 1392 received
[2026-09-29T06:10:31.979Z DEBUG blacksilk_p2p::net::blocks] peer 1: block b3b0ae80d775 at height 1393 received
[2026-09-29T06:10:32.023Z DEBUG blacksilk_p2p::net::blocks] peer 1: block a2a8274cca40 at height 1394 received
[2026-09-29T06:10:32.208Z DEBUG blacksilk_p2p::net::blocks] peer 1: block db9abee924af at height 1395 received
[2026-09-29T06:10:32.363Z DEBUG blacksilk_p2p::net::blocks] peer 1: block abc619f2824b at height 1396 received
[2026-09-29T06:10:32.363Z DEBUG blacksilk_p2p::net::blocks] peer 1: block 88f0fbcbd2c3 at height 1397 received
[2026-09-29T06:10:32.363Z DEBUG blacksilk_p2p::net::blocks] peer 1: block c8107af5c889 at height 1398 received
[2026-09-29T06:10:32.372Z DEBUG blacksilk_p2p::net::blocks] peer 1: block 936e5f7b976d at height 1399 received
[2026-09-29T06:10:32.374Z DEBUG blacksilk_p2p::net::blocks] peer 1: block 4224ca461b08 at height 1400 received
[2026-09-29T06:10:33.375Z DEBUG blacksilk_p2p::net::blocks] peer 1: block 26bbb006d10d at height 1401 received
[2026-09-29T06:10:33.421Z DEBUG blacksilk_p2p::net::blocks] peer 1: block 6a6e9ea15421 at height 1402 received
[2026-09-29T06:10:33.792Z DEBUG blacksilk_p2p::net::blocks] peer 1: block 020b07936a73 at height 1403 received
[2026-09-29T06:10:33.796Z DEBUG blacksilk_p2p::net::blocks] peer 1: block ef33e3ec9116 at height 1404 received
[2026-09-29T06:10:33.803Z DEBUG blacksilk_p2p::net::blocks] peer 1: block 77ff9464a402 at height 1405 received
[2026-09-29T06:10:33.805Z DEBUG blacksilk_p2p::net::blocks] peer 1: block 39e422e26f08 at height 1406 received
[2026-09-29T06:10:33.816Z DEBUG blacksilk_p2p::net::blocks] peer 1: block 1f5f95236afd at height 1407 received
[2026-09-29T06:10:33.818Z DEBUG blacksilk_p2p::net::blocks] peer 1: block e209a720178b at height 1408 received
[2026-09-29T06:10:34.903Z DEBUG blacksilk_p2p::net::blocks] peer 1: block 9a601a48304d at height 1409 received
[2026-09-29T06:10:34.903Z DEBUG blacksilk_p2p::net::blocks] peer 1: block 1ba58d1c186e at height 1410 received
[2026-09-29T06:10:34.903Z DEBUG blacksilk_p2p::net::blocks] peer 1: block 47cde56ed59b at height 1411 received
[2026-09-29T06:10:34.907Z DEBUG blacksilk_p2p::net::blocks] peer 1: block 0317c49fef6e at height 1412 received
[2026-09-29T06:10:34.918Z DEBUG blacksilk_p2p::net::blocks] peer 1: block bb9c0f98ed0b at height 1413 received
[2026-09-29T06:10:34.926Z DEBUG blacksilk_p2p::net::blocks] peer 1: block 93f0bfa1aa6f at height 1414 received
[2026-09-29T06:10:34.928Z DEBUG blacksilk_p2p::net::blocks] peer 1: block 00b3e92b8a8b at height 1415 received
[2026-09-29T06:10:34.936Z DEBUG blacksilk_p2p::net::blocks] peer 1: block 6d65322e5cf1 at height 1416 received
[2026-09-29T06:10:35.468Z DEBUG blacksilk_p2p::net::blocks] peer 1: block d50f5b98aeba at height 1417 received
[2026-09-29T06:10:35.468Z DEBUG blacksilk_p2p::net::blocks] peer 1: block 923f64c22bac at height 1418 received
[2026-09-29T06:10:35.468Z DEBUG blacksilk_p2p::net::blocks] peer 1: block ffd7942fde81 at height 1419 received
[2026-09-29T06:10:35.474Z DEBUG blacksilk_p2p::net::blocks] peer 1: block 3f8ce953b25e at height 1420 received
[2026-09-29T06:10:35.475Z DEBUG blacksilk_p2p::net::blocks] peer 1: block ecbae4c06f05 at height 1421 received
[2026-09-29T06:10:35.476Z DEBUG blacksilk_p2p::net::blocks] peer 1: block 6fdcaea943e1 at height 1422 received
[2026-09-29T06:10:35.490Z DEBUG blacksilk_p2p::net::blocks] peer 1: block d4e8b0e436ab at height 1423 received
[2026-09-29T06:10:35.492Z DEBUG blacksilk_p2p::net::blocks] peer 1: block 09a3d0fa8273 at height 1424 received
[2026-09-29T06:10:36.307Z DEBUG blacksilk_p2p::net::blocks] peer 1: block 63a14f039725 at height 1425 received
[2026-09-29T06:10:36.308Z DEBUG blacksilk_p2p::net::blocks] peer 1: block 3d464b5ebeb3 at height 1426 received
[2026-09-29T06:10:36.308Z DEBUG blacksilk_p2p::net::blocks] peer 1: block 57b03b4053c1 at height 1427 received
[2026-09-29T06:10:36.317Z DEBUG blacksilk_p2p::net::blocks] peer 1: block 2f464835d97b at height 1428 received
[2026-09-29T06:10:36.332Z DEBUG blacksilk_p2p::net::blocks] peer 1: block adbaeb3539fc at height 1429 received
[2026-09-29T06:10:36.341Z DEBUG blacksilk_p2p::net::blocks] peer 1: block 07d9f954227b at height 1430 received
[2026-09-29T06:10:36.348Z DEBUG blacksilk_p2p::net::blocks] peer 1: block a49a247cbd64 at height 1431 received
[2026-09-29T06:10:36.356Z DEBUG blacksilk_p2p::net::blocks] peer 1: block 48c9319bd8a0 at height 1432 received
[2026-09-29T06:10:36.856Z DEBUG blacksilk_p2p::net::blocks] peer 1: block 5b239010098e at height 1433 received
[2026-09-29T06:10:36.860Z DEBUG blacksilk_p2p::net::blocks] peer 1: block 0c0b71ed53d4 at height 1434 received
[2026-09-29T06:10:36.860Z DEBUG blacksilk_p2p::net::blocks] peer 1: block 15e5143f14c0 at height 1435 received
[2026-09-29T06:10:36.869Z DEBUG blacksilk_p2p::net::blocks] peer 1: block a5c9a1cfaef9 at height 1436 received
[2026-09-29T06:10:36.877Z DEBUG blacksilk_p2p::net::blocks] peer 1: block f40764335219 at height 1437 received
[2026-09-29T06:10:36.879Z DEBUG blacksilk_p2p::net::blocks] peer 1: block 60c99ace49ed at height 1438 received
[2026-09-29T06:10:36.881Z DEBUG blacksilk_p2p::net::blocks] peer 1: block fa5eca2f52d8 at height 1439 received
[2026-09-29T06:10:36.883Z DEBUG blacksilk_p2p::net::blocks] peer 1: block 2d8c8d4256ab at height 1440 received
[2026-09-29T06:10:37.641Z DEBUG blacksilk_p2p::net::blocks] peer 1: block 9cbd39204f11 at height 1441 received
[2026-09-29T06:10:37.642Z DEBUG blacksilk_p2p::net::blocks] peer 1: block 595c7fe3ee47 at height 1442 received
[2026-09-29T06:10:37.642Z DEBUG blacksilk_p2p::net::blocks] peer 1: block 8849cf5cafa9 at height 1443 received
[2026-09-29T06:10:37.648Z DEBUG blacksilk_p2p::net::blocks] peer 1: block 59a8436eb7c4 at height 1444 received
[2026-09-29T06:10:37.653Z DEBUG blacksilk_p2p::net::blocks] peer 1: block 40a6eecf3326 at height 1445 received
[2026-09-29T06:10:37.663Z DEBUG blacksilk_p2p::net::blocks] peer 1: block 244339860cc8 at height 1446 received
[2026-09-29T06:10:37.677Z DEBUG blacksilk_p2p::net::blocks] peer 1: block 8c7e93f7ca4a at height 1447 received
[2026-09-29T06:10:37.685Z DEBUG blacksilk_p2p::net::blocks] peer 1: block 50baf7c6f074 at height 1448 received
[2026-09-29T06:10:38.423Z DEBUG blacksilk_p2p::net::blocks] peer 1: block 5fd69503ca15 at height 1449 received
[2026-09-29T06:10:38.423Z DEBUG blacksilk_p2p::net::blocks] peer 1: block 27cbc880d5d8 at height 1450 received
[2026-09-29T06:10:38.423Z DEBUG blacksilk_p2p::net::blocks] peer 1: block 56b51ac38a44 at height 1451 received
[2026-09-29T06:10:38.428Z DEBUG blacksilk_p2p::net::blocks] peer 1: block 36ca067af684 at height 1452 received
[2026-09-29T06:10:38.435Z DEBUG blacksilk_p2p::net::blocks] peer 1: block 4815f6efc4a1 at height 1453 received
[2026-09-29T06:10:38.437Z DEBUG blacksilk_p2p::net::blocks] peer 1: block 01998572d09b at height 1454 received
[2026-09-29T06:10:38.466Z DEBUG blacksilk_p2p::net::blocks] peer 1: block 6d561af70159 at height 1455 received
[2026-09-29T06:10:38.468Z DEBUG blacksilk_p2p::net::blocks] peer 1: block 31e36cf6d128 at height 1456 received
[2026-09-29T06:10:39.200Z DEBUG blacksilk_p2p::net::blocks] peer 1: block 57fa25f3b9ee at height 1457 received
[2026-09-29T06:10:39.200Z DEBUG blacksilk_p2p::net::blocks] peer 1: block 46779b8f4a11 at height 1458 received
[2026-09-29T06:10:39.200Z DEBUG blacksilk_p2p::net::blocks] peer 1: block 058cf86d13f4 at height 1459 received
[2026-09-29T06:10:39.210Z DEBUG blacksilk_p2p::net::blocks] peer 1: block c767d97e6821 at height 1460 received
[2026-09-29T06:10:39.229Z DEBUG blacksilk_p2p::net::blocks] peer 1: block aa86364694e0 at height 1461 received
[2026-09-29T06:10:39.231Z DEBUG blacksilk_p2p::net::blocks] peer 1: block 3e43ede38b0d at height 1462 received
[2026-09-29T06:10:39.234Z DEBUG blacksilk_p2p::net::blocks] peer 1: block 037f047b45ef at height 1463 received
[2026-09-29T06:10:39.235Z DEBUG blacksilk_p2p::net::blocks] peer 1: block c571a0bf707b at height 1464 received
[2026-09-29T06:10:39.748Z DEBUG blacksilk_p2p::net::blocks] peer 1: block c39958199a1d at height 1465 received
[2026-09-29T06:10:39.749Z DEBUG blacksilk_p2p::net::blocks] peer 1: block 19da0353ebff at height 1466 received
[2026-09-29T06:10:39.749Z DEBUG blacksilk_p2p::net::blocks] peer 1: block a731a9ea360b at height 1467 received
[2026-09-29T06:10:39.763Z DEBUG blacksilk_p2p::net::blocks] peer 1: block 4d42f40b8487 at height 1468 received
[2026-09-29T06:10:39.766Z DEBUG blacksilk_p2p::net::blocks] peer 1: block c8775ac9bd47 at height 1469 received
[2026-09-29T06:10:39.767Z DEBUG blacksilk_p2p::net::blocks] peer 1: block 7d6ea11e64b1 at height 1470 received
[2026-09-29T06:10:39.770Z DEBUG blacksilk_p2p::net::blocks] peer 1: block 93eb8796166f at height 1471 received
[2026-09-29T06:10:39.780Z DEBUG blacksilk_p2p::net::blocks] peer 1: block 13c28e0b544b at height 1472 received
[2026-09-29T06:10:40.534Z DEBUG blacksilk_p2p::net::blocks] peer 1: block b771079d66d2 at height 1473 received
[2026-09-29T06:10:40.534Z DEBUG blacksilk_p2p::net::blocks] peer 1: block fe5d0819ce93 at height 1474 received
[2026-09-29T06:10:40.535Z DEBUG blacksilk_p2p::net::blocks] peer 1: block a25a021f440b at height 1475 received
[2026-09-29T06:10:40.558Z DEBUG blacksilk_p2p::net::blocks] peer 1: block 300e3f8d8891 at height 1476 received
[2026-09-29T06:10:40.560Z DEBUG blacksilk_p2p::net::blocks] peer 1: block 6752d1809f67 at height 1477 received
[2026-09-29T06:10:40.576Z DEBUG blacksilk_p2p::net::blocks] peer 1: block 046ce89375ee at height 1478 received
[2026-09-29T06:10:40.578Z DEBUG blacksilk_p2p::net::blocks] peer 1: block 7342f51098b1 at height 1479 received
[2026-09-29T06:10:40.579Z DEBUG blacksilk_p2p::net::blocks] peer 1: block c4e549b2c2c4 at height 1480 received
[2026-09-29T06:10:41.340Z DEBUG blacksilk_p2p::net::blocks] peer 1: block 2e8eb9652a2b at height 1481 received
[2026-09-29T06:10:41.340Z DEBUG blacksilk_p2p::net::blocks] peer 1: block 460c5b38bc1a at height 1482 received
[2026-09-29T06:10:41.340Z DEBUG blacksilk_p2p::net::blocks] peer 1: block 7a12b5a04e14 at height 1483 received
[2026-09-29T06:10:41.351Z DEBUG blacksilk_p2p::net::blocks] peer 1: block fd0209bf0b91 at height 1484 received
[2026-09-29T06:10:41.354Z DEBUG blacksilk_p2p::net::blocks] peer 1: block 88e346773c38 at height 1485 received
[2026-09-29T06:10:41.361Z DEBUG blacksilk_p2p::net::blocks] peer 1: block 0b9164770241 at height 1486 received
[2026-09-29T06:10:41.363Z DEBUG blacksilk_p2p::net::blocks] peer 1: block 97835c1ef58b at height 1487 received
[2026-09-29T06:10:41.366Z DEBUG blacksilk_p2p::net::blocks] peer 1: block acb2f7e6d5b2 at height 1488 received
[2026-09-29T06:10:42.151Z DEBUG blacksilk_p2p::net::blocks] peer 1: block c8d82caa8948 at height 1489 received
[2026-09-29T06:10:42.151Z DEBUG blacksilk_p2p::net::blocks] peer 1: block f57ce3b843df at height 1490 received
[2026-09-29T06:10:42.151Z DEBUG blacksilk_p2p::net::blocks] peer 1: block adef7788b95a at height 1491 received
[2026-09-29T06:10:42.154Z DEBUG blacksilk_p2p::net::blocks] peer 1: block a7b6f1c14aed at height 1492 received
[2026-09-29T06:10:42.162Z DEBUG blacksilk_p2p::net::blocks] peer 1: block 5169542b7d1c at height 1493 received
[2026-09-29T06:10:42.167Z DEBUG blacksilk_p2p::net::blocks] peer 1: block dbda5a169b16 at height 1494 received
[2026-09-29T06:10:42.170Z DEBUG blacksilk_p2p::net::blocks] peer 1: block 17115b76d790 at height 1495 received
[2026-09-29T06:10:42.171Z DEBUG blacksilk_p2p::net::blocks] peer 1: block 2513b2033839 at height 1496 received
[2026-09-29T06:10:42.736Z DEBUG blacksilk_p2p::net::blocks] peer 1: block 3e60899d26b7 at height 1497 received
[2026-09-29T06:10:42.736Z DEBUG blacksilk_p2p::net::blocks] peer 1: block 4771c2bc9926 at height 1498 received
[2026-09-29T06:10:42.736Z DEBUG blacksilk_p2p::net::blocks] peer 1: block ae2789081000 at height 1499 received
[2026-09-29T06:10:42.739Z DEBUG blacksilk_p2p::net::blocks] peer 1: block 199351fa377d at height 1500 received
[2026-09-29T06:10:42.752Z DEBUG blacksilk_p2p::net::blocks] peer 1: block 0efb36b06f4a at height 1501 received
[2026-09-29T06:10:42.755Z DEBUG blacksilk_p2p::net::blocks] peer 1: block 2bc6f09da733 at height 1502 received
[2026-09-29T06:10:42.764Z DEBUG blacksilk_p2p::net::blocks] peer 1: block bdecdbabe396 at height 1503 received
[2026-09-29T06:10:42.766Z DEBUG blacksilk_p2p::net::blocks] peer 1: block 7f98bf48bf8f at height 1504 received
[2026-09-29T06:10:43.261Z DEBUG blacksilk_p2p::net::blocks] peer 1: block 86ce6f2e44f4 at height 1505 received
[2026-09-29T06:10:43.261Z DEBUG blacksilk_p2p::net::blocks] peer 1: block ad418a72fc3c at height 1506 received
[2026-09-29T06:10:43.366Z DEBUG blacksilk_p2p::net::blocks] peer 1: block 9482466855ff at height 1507 received
[2026-09-29T06:10:43.426Z DEBUG blacksilk_p2p::net::blocks] peer 1: block d7b86f1a3ba0 at height 1508 received
[2026-09-29T06:10:43.428Z DEBUG blacksilk_p2p::net::blocks] peer 1: block 33a55c3f4c96 at height 1509 received
[2026-09-29T06:10:43.430Z DEBUG blacksilk_p2p::net::blocks] peer 1: block df70d1fa0db7 at height 1510 received
[2026-09-29T06:10:43.432Z DEBUG blacksilk_p2p::net::blocks] peer 1: block 734ec32ff787 at height 1511 received
[2026-09-29T06:10:43.434Z DEBUG blacksilk_p2p::net::blocks] peer 1: block 114dbfe0640b at height 1512 received
[2026-09-29T06:10:44.657Z DEBUG blacksilk_p2p::net::blocks] peer 1: block 4e4556b2809b at height 1513 received
[2026-09-29T06:10:44.657Z DEBUG blacksilk_p2p::net::blocks] peer 1: block 3008bad1b68c at height 1514 received
[2026-09-29T06:10:45.006Z DEBUG blacksilk_p2p::net::blocks] peer 1: block fb0188edf544 at height 1515 received
[2026-09-29T06:10:45.010Z DEBUG blacksilk_p2p::net::blocks] peer 1: block 84678ad06eaf at height 1516 received
[2026-09-29T06:10:45.021Z DEBUG blacksilk_p2p::net::blocks] peer 1: block 62bcc4d878d8 at height 1517 received
[2026-09-29T06:10:45.029Z DEBUG blacksilk_p2p::net::blocks] peer 1: block 2dae56415be4 at height 1518 received
[2026-09-29T06:10:45.030Z DEBUG blacksilk_p2p::net::blocks] peer 1: block ab1856525db1 at height 1519 received
[2026-09-29T06:10:45.036Z DEBUG blacksilk_p2p::net::blocks] peer 1: block 87e3fa5c4722 at height 1520 received
[2026-09-29T06:10:46.176Z DEBUG blacksilk_p2p::net::blocks] peer 1: block e8740940cdab at height 1521 received
[2026-09-29T06:10:46.193Z DEBUG blacksilk_p2p::net::blocks] peer 1: block 42da124bb87d at height 1522 received
[2026-09-29T06:10:46.193Z DEBUG blacksilk_p2p::net::blocks] peer 1: block 7c139c58c151 at height 1523 received
[2026-09-29T06:10:46.217Z DEBUG blacksilk_p2p::net::blocks] peer 1: block 02a578065508 at height 1524 received
[2026-09-29T06:10:46.259Z DEBUG blacksilk_p2p::net::blocks] peer 1: block 75f0e21f2901 at height 1525 received
[2026-09-29T06:10:46.567Z DEBUG blacksilk_p2p::net::blocks] peer 1: block 9069050693a2 at height 1526 received
[2026-09-29T06:10:46.637Z DEBUG blacksilk_p2p::net::blocks] peer 1: block 0d8a044b299d at height 1527 received
[2026-09-29T06:10:46.647Z DEBUG blacksilk_p2p::net::blocks] peer 1: block 6de5e39cf8e6 at height 1528 received
[2026-09-29T06:10:47.824Z DEBUG blacksilk_p2p::net::blocks] peer 1: block d235620c5979 at height 1529 received
[2026-09-29T06:10:47.824Z DEBUG blacksilk_p2p::net::blocks] peer 1: block 8ee76eb6f50f at height 1530 received
[2026-09-29T06:10:48.203Z DEBUG blacksilk_p2p::net::blocks] peer 1: block c9c9201790d0 at height 1531 received
[2026-09-29T06:10:48.250Z DEBUG blacksilk_p2p::net::blocks] peer 1: block 6e90139d8209 at height 1532 received
[2026-09-29T06:10:48.250Z DEBUG blacksilk_p2p::net::blocks] peer 1: block 6ad409d2fdac at height 1533 received
[2026-09-29T06:10:48.250Z DEBUG blacksilk_p2p::net::blocks] peer 1: block d3c180ce8f14 at height 1534 received
[2026-09-29T06:10:48.252Z DEBUG blacksilk_p2p::net::blocks] peer 1: block 3c6af406f4b3 at height 1535 received
[2026-09-29T06:10:48.255Z DEBUG blacksilk_p2p::net::blocks] peer 1: block 583a75604057 at height 1536 received
[2026-09-29T06:10:49.283Z DEBUG blacksilk_p2p::net::blocks] peer 1: block 172cff15384e at height 1537 received
[2026-09-29T06:10:49.319Z DEBUG blacksilk_p2p::net::blocks] peer 1: block 457437b9f3f3 at height 1538 received
[2026-09-29T06:10:49.319Z DEBUG blacksilk_p2p::net::blocks] peer 1: block 95fd62ae0fcb at height 1539 received
[2026-09-29T06:10:49.765Z DEBUG blacksilk_p2p::net::blocks] peer 1: block 649f0ea180a2 at height 1540 received
[2026-09-29T06:10:49.776Z DEBUG blacksilk_p2p::net::blocks] peer 1: block eb587d9d318f at height 1541 received
[2026-09-29T06:10:49.784Z DEBUG blacksilk_p2p::net::blocks] peer 1: block be4e5d7cfb35 at height 1542 received
[2026-09-29T06:10:49.785Z DEBUG blacksilk_p2p::net::blocks] peer 1: block 09d6577d4133 at height 1543 received
[2026-09-29T06:10:49.787Z DEBUG blacksilk_p2p::net::blocks] peer 1: block 021770b9445e at height 1544 received
[2026-09-29T06:10:50.935Z DEBUG blacksilk_p2p::net::blocks] peer 1: block 44d97a50c3dc at height 1545 received
[2026-09-29T06:10:50.935Z DEBUG blacksilk_p2p::net::blocks] peer 1: block d931a0425a53 at height 1546 received
[2026-09-29T06:10:51.228Z DEBUG blacksilk_p2p::net::blocks] peer 1: block 82e5d9dd9e4e at height 1547 received
[2026-09-29T06:10:51.241Z DEBUG blacksilk_p2p::net::blocks] peer 1: block c41949337bd9 at height 1548 received
[2026-09-29T06:10:51.241Z DEBUG blacksilk_p2p::net::blocks] peer 1: block a29a30e8f94a at height 1549 received
[2026-09-29T06:10:51.243Z DEBUG blacksilk_p2p::net::blocks] peer 1: block fc49debe6167 at height 1550 received
[2026-09-29T06:10:51.252Z DEBUG blacksilk_p2p::net::blocks] peer 1: block 22b1fbc7f5e7 at height 1551 received
[2026-09-29T06:10:51.254Z DEBUG blacksilk_p2p::net::blocks] peer 1: block 086224698944 at height 1552 received
[2026-09-29T06:10:52.727Z DEBUG blacksilk_p2p::net::blocks] peer 1: block 307809f3283b at height 1553 received
[2026-09-29T06:10:52.771Z DEBUG blacksilk_p2p::net::blocks] peer 1: block f5aebca8180c at height 1554 received
[2026-09-29T06:10:52.998Z DEBUG blacksilk_p2p::net::blocks] peer 1: block 84aba5c5fa5d at height 1555 received
[2026-09-29T06:10:53.033Z DEBUG blacksilk_p2p::net::blocks] peer 1: block bcb32df05944 at height 1556 received
[2026-09-29T06:10:53.034Z DEBUG blacksilk_p2p::net::blocks] peer 1: block 92b3a85e9c64 at height 1557 received
[2026-09-29T06:10:53.034Z DEBUG blacksilk_p2p::net::blocks] peer 1: block 6ebef9eb63a8 at height 1558 received
[2026-09-29T06:10:53.041Z DEBUG blacksilk_p2p::net::blocks] peer 1: block 5172181598d4 at height 1559 received
[2026-09-29T06:10:53.052Z DEBUG blacksilk_p2p::net::blocks] peer 1: block 68cb7a78a69e at height 1560 received
[2026-09-29T06:10:54.110Z DEBUG blacksilk_p2p::net::blocks] peer 1: block 984defc971b3 at height 1561 received
[2026-09-29T06:10:54.111Z DEBUG blacksilk_p2p::net::blocks] peer 1: block 9eac590edea6 at height 1562 received
[2026-09-29T06:10:54.133Z DEBUG blacksilk_p2p::net::blocks] peer 1: block 371ead99bd47 at height 1563 received
[2026-09-29T06:10:54.181Z DEBUG blacksilk_p2p::net::blocks] peer 1: block f5d64406bb97 at height 1564 received
[2026-09-29T06:10:54.228Z DEBUG blacksilk_p2p::net::blocks] peer 1: block 919d9043f42f at height 1565 received
[2026-09-29T06:10:54.265Z DEBUG blacksilk_p2p::net::blocks] peer 1: block 9e3e134fb338 at height 1566 received
[2026-09-29T06:10:54.335Z DEBUG blacksilk_p2p::net::blocks] peer 1: block 6d9190c4ca26 at height 1567 received
[2026-09-29T06:10:54.338Z DEBUG blacksilk_p2p::net::blocks] peer 1: block 1ac7929ed195 at height 1568 received
[2026-09-29T06:10:55.487Z DEBUG blacksilk_p2p::net::blocks] peer 1: block a04ccaa6ba53 at height 1569 received
[2026-09-29T06:10:55.510Z DEBUG blacksilk_p2p::net::blocks] peer 1: block 32c2c7621ec1 at height 1570 received
[2026-09-29T06:10:55.520Z DEBUG blacksilk_p2p::net::blocks] peer 1: block b8a7d1cb630b at height 1571 received
[2026-09-29T06:10:55.662Z DEBUG blacksilk_p2p::net::blocks] peer 1: block 1655bbc9dc28 at height 1572 received
[2026-09-29T06:10:55.664Z DEBUG blacksilk_p2p::net::blocks] peer 1: block 35ea91bdb9a4 at height 1573 received
[2026-09-29T06:10:55.667Z DEBUG blacksilk_p2p::net::blocks] peer 1: block a5582f004351 at height 1574 received
[2026-09-29T06:10:55.677Z DEBUG blacksilk_p2p::net::blocks] peer 1: block 079fba9d2660 at height 1575 received
[2026-09-29T06:10:55.679Z DEBUG blacksilk_p2p::net::blocks] peer 1: block 1ad0f19b6262 at height 1576 received
[2026-09-29T06:10:56.828Z DEBUG blacksilk_p2p::net::blocks] peer 1: block c2f3c6e8606e at height 1577 received
[2026-09-29T06:10:56.886Z DEBUG blacksilk_p2p::net::blocks] peer 1: block 525953a6cffa at height 1578 received
[2026-09-29T06:10:57.166Z DEBUG blacksilk_p2p::net::blocks] peer 1: block 77a65c7fd6a1 at height 1579 received
[2026-09-29T06:10:57.170Z DEBUG blacksilk_p2p::net::blocks] peer 1: block dbadee08b0ee at height 1580 received
[2026-09-29T06:10:57.178Z DEBUG blacksilk_p2p::net::blocks] peer 1: block 6e9b8e1fb839 at height 1581 received
[2026-09-29T06:10:57.181Z DEBUG blacksilk_p2p::net::blocks] peer 1: block 28cb417a5556 at height 1582 received
[2026-09-29T06:10:57.182Z DEBUG blacksilk_p2p::net::blocks] peer 1: block fdb82db4f5cc at height 1583 received
[2026-09-29T06:10:57.184Z DEBUG blacksilk_p2p::net::blocks] peer 1: block 6c4edc319cf4 at height 1584 received
[2026-09-29T06:10:58.266Z DEBUG blacksilk_p2p::net::blocks] peer 1: block 76ac541760e8 at height 1585 received
[2026-09-29T06:10:58.266Z DEBUG blacksilk_p2p::net::blocks] peer 1: block 7cb3668c899c at height 1586 received
[2026-09-29T06:10:58.267Z DEBUG blacksilk_p2p::net::blocks] peer 1: block 3e57782e1961 at height 1587 received
[2026-09-29T06:10:58.612Z DEBUG blacksilk_p2p::net::blocks] peer 1: block 8f5f151531a6 at height 1588 received
[2026-09-29T06:10:58.614Z DEBUG blacksilk_p2p::net::blocks] peer 1: block 6312d630fc2c at height 1589 received
[2026-09-29T06:10:58.616Z DEBUG blacksilk_p2p::net::blocks] peer 1: block 48a56faac85e at height 1590 received
[2026-09-29T06:10:58.619Z DEBUG blacksilk_p2p::net::blocks] peer 1: block 71b5dd2f50a5 at height 1591 received
[2026-09-29T06:10:58.626Z DEBUG blacksilk_p2p::net::blocks] peer 1: block 819f76a27e63 at height 1592 received
[2026-09-29T06:10:59.772Z DEBUG blacksilk_p2p::net::blocks] peer 1: block 4fb400adb42b at height 1593 received
[2026-09-29T06:10:59.772Z DEBUG blacksilk_p2p::net::blocks] peer 1: block 607c6457b787 at height 1594 received
[2026-09-29T06:10:59.772Z DEBUG blacksilk_p2p::net::blocks] peer 1: block ac1ade9948d3 at height 1595 received
[2026-09-29T06:10:59.776Z DEBUG blacksilk_p2p::net::blocks] peer 1: block 5a6116793219 at height 1596 received
[2026-09-29T06:10:59.784Z DEBUG blacksilk_p2p::net::blocks] peer 1: block 63a6b6211939 at height 1597 received
[2026-09-29T06:10:59.791Z DEBUG blacksilk_p2p::net::blocks] peer 1: block 4ffb8c017b2e at height 1598 received
[2026-09-29T06:10:59.793Z DEBUG blacksilk_p2p::net::blocks] peer 1: block ae2289103dee at height 1599 received
[2026-09-29T06:10:59.795Z DEBUG blacksilk_p2p::net::blocks] peer 1: block ceec71975176 at height 1600 received
[2026-09-29T06:11:00.607Z DEBUG blacksilk_p2p::net::blocks] peer 1: block 45e25f56a33e at height 1601 received
[2026-09-29T06:11:00.635Z DEBUG blacksilk_p2p::net::blocks] peer 1: block a9ab21a4eaf4 at height 1602 received
[2026-09-29T06:11:00.635Z DEBUG blacksilk_p2p::net::blocks] peer 1: block 3986f46eb153 at height 1603 received
[2026-09-29T06:11:00.685Z DEBUG blacksilk_p2p::net::blocks] peer 1: block 92c1220b45de at height 1604 received
[2026-09-29T06:11:00.687Z DEBUG blacksilk_p2p::net::blocks] peer 1: block a9c2eb79355f at height 1605 received
[2026-09-29T06:11:00.984Z DEBUG blacksilk_p2p::net::blocks] peer 1: block 0f83e057c817 at height 1606 received
[2026-09-29T06:11:00.984Z DEBUG blacksilk_p2p::net::blocks] peer 1: block 021377c03a03 at height 1607 received
[2026-09-29T06:11:01.060Z DEBUG blacksilk_p2p::net::blocks] peer 1: block 61f590481268 at height 1608 received
[2026-09-29T06:11:02.356Z DEBUG blacksilk_p2p::net::blocks] peer 1: block d30a069732b5 at height 1609 received
[2026-09-29T06:11:02.415Z DEBUG blacksilk_p2p::net::blocks] peer 1: block 7d40f2cbe785 at height 1610 received
[2026-09-29T06:11:02.696Z DEBUG blacksilk_p2p::net::blocks] peer 1: block 21c4fb31f45c at height 1611 received
[2026-09-29T06:11:02.700Z DEBUG blacksilk_p2p::net::blocks] peer 1: block 3565df0b5537 at height 1612 received
[2026-09-29T06:11:02.703Z DEBUG blacksilk_p2p::net::blocks] peer 1: block 77c109491b8b at height 1613 received
[2026-09-29T06:11:02.717Z DEBUG blacksilk_p2p::net::blocks] peer 1: block 06ac0d827dc0 at height 1614 received
[2026-09-29T06:11:02.719Z DEBUG blacksilk_p2p::net::blocks] peer 1: block e886b3b67af8 at height 1615 received
[2026-09-29T06:11:02.727Z DEBUG blacksilk_p2p::net::blocks] peer 1: block fc1dea9ae9cd at height 1616 received
[2026-09-29T06:11:04.119Z DEBUG blacksilk_p2p::net::blocks] peer 1: block f70920aa25fc at height 1617 received
[2026-09-29T06:11:04.149Z DEBUG blacksilk_p2p::net::blocks] peer 1: block ae40adb5ed22 at height 1618 received
[2026-09-29T06:11:04.359Z DEBUG blacksilk_p2p::net::blocks] peer 1: block e3a12f979053 at height 1619 received
[2026-09-29T06:11:04.431Z DEBUG blacksilk_p2p::net::blocks] peer 1: block 5f69c2b24922 at height 1620 received
[2026-09-29T06:11:04.434Z DEBUG blacksilk_p2p::net::blocks] peer 1: block 589b3423074a at height 1621 received
[2026-09-29T06:11:04.442Z DEBUG blacksilk_p2p::net::blocks] peer 1: block 692bc5bd8e2f at height 1622 received
[2026-09-29T06:11:04.444Z DEBUG blacksilk_p2p::net::blocks] peer 1: block e01fe6dd473e at height 1623 received
[2026-09-29T06:11:04.446Z DEBUG blacksilk_p2p::net::blocks] peer 1: block de47da8bb79a at height 1624 received
[2026-09-29T06:11:05.564Z DEBUG blacksilk_p2p::net::blocks] peer 1: block 379b0161ddf7 at height 1625 received
[2026-09-29T06:11:05.564Z DEBUG blacksilk_p2p::net::blocks] peer 1: block 707fde71347c at height 1626 received
[2026-09-29T06:11:05.578Z DEBUG blacksilk_p2p::net::blocks] peer 1: block d87460c275a8 at height 1627 received
[2026-09-29T06:11:05.968Z DEBUG blacksilk_p2p::net::blocks] peer 1: block c73e2c2c8a96 at height 1628 received
[2026-09-29T06:11:05.970Z DEBUG blacksilk_p2p::net::blocks] peer 1: block dea671bc7b17 at height 1629 received
[2026-09-29T06:11:05.978Z DEBUG blacksilk_p2p::net::blocks] peer 1: block 3d00b25f2ecb at height 1630 received
[2026-09-29T06:11:05.980Z DEBUG blacksilk_p2p::net::blocks] peer 1: block 21cbbd764649 at height 1631 received
[2026-09-29T06:11:05.982Z DEBUG blacksilk_p2p::net::blocks] peer 1: block 7a888fa9c559 at height 1632 received
[2026-09-29T06:11:07.096Z DEBUG blacksilk_p2p::net::blocks] peer 1: block 9fc308e74abd at height 1633 received
[2026-09-29T06:11:07.107Z DEBUG blacksilk_p2p::net::blocks] peer 1: block 2651d7a19295 at height 1634 received
[2026-09-29T06:11:07.568Z DEBUG blacksilk_p2p::net::blocks] peer 1: block ce98210898c7 at height 1635 received
[2026-09-29T06:11:07.630Z DEBUG blacksilk_p2p::net::blocks] peer 1: block c30d7eea32e6 at height 1636 received
[2026-09-29T06:11:07.631Z DEBUG blacksilk_p2p::net::blocks] peer 1: block 141f141d4bdb at height 1637 received
[2026-09-29T06:11:07.631Z DEBUG blacksilk_p2p::net::blocks] peer 1: block 1ffa416cd92d at height 1638 received
[2026-09-29T06:11:07.633Z DEBUG blacksilk_p2p::net::blocks] peer 1: block 520e82d2103c at height 1639 received
[2026-09-29T06:11:07.641Z DEBUG blacksilk_p2p::net::blocks] peer 1: block 107830dedfb9 at height 1640 received
[2026-09-29T06:11:08.943Z DEBUG blacksilk_p2p::net::blocks] peer 1: block 4dbde2305df9 at height 1641 received
[2026-09-29T06:11:08.959Z DEBUG blacksilk_p2p::net::blocks] peer 1: block a7540a4b2b2d at height 1642 received
[2026-09-29T06:11:08.959Z DEBUG blacksilk_p2p::net::blocks] peer 1: block e9e756e9ce16 at height 1643 received
[2026-09-29T06:11:08.963Z DEBUG blacksilk_p2p::net::blocks] peer 1: block b9cba85c2890 at height 1644 received
[2026-09-29T06:11:08.979Z DEBUG blacksilk_p2p::net::blocks] peer 1: block 0e02cc6a9c76 at height 1645 received
[2026-09-29T06:11:08.981Z DEBUG blacksilk_p2p::net::blocks] peer 1: block 82d913014e06 at height 1646 received
[2026-09-29T06:11:08.995Z DEBUG blacksilk_p2p::net::blocks] peer 1: block 6c0fa2138f68 at height 1647 received
[2026-09-29T06:11:09.003Z DEBUG blacksilk_p2p::net::blocks] peer 1: block 60ebb5d83400 at height 1648 received
[2026-09-29T06:11:10.344Z DEBUG blacksilk_p2p::net::blocks] peer 1: block d71a1db7c82d at height 1649 received
[2026-09-29T06:11:10.344Z DEBUG blacksilk_p2p::net::blocks] peer 1: block d34eb0011341 at height 1650 received
[2026-09-29T06:11:10.642Z DEBUG blacksilk_p2p::net::blocks] peer 1: block 4ded060ab677 at height 1651 received
[2026-09-29T06:11:10.652Z DEBUG blacksilk_p2p::net::blocks] peer 1: block cdb8525ae35b at height 1652 received
[2026-09-29T06:11:10.659Z DEBUG blacksilk_p2p::net::blocks] peer 1: block ee63b63f17a2 at height 1653 received
[2026-09-29T06:11:10.667Z DEBUG blacksilk_p2p::net::blocks] peer 1: block 7f7c25a427ed at height 1654 received
[2026-09-29T06:11:10.670Z DEBUG blacksilk_p2p::net::blocks] peer 1: block 89ba25b69cb7 at height 1655 received
[2026-09-29T06:11:10.671Z DEBUG blacksilk_p2p::net::blocks] peer 1: block 6beb01aa6bfe at height 1656 received
[2026-09-29T06:11:11.797Z DEBUG blacksilk_p2p::net::blocks] peer 1: block b2585fc7c994 at height 1657 received
[2026-09-29T06:11:11.811Z DEBUG blacksilk_p2p::net::blocks] peer 1: block 89d0b8bd0c82 at height 1658 received
[2026-09-29T06:11:11.831Z DEBUG blacksilk_p2p::net::blocks] peer 1: block dbe509fdb142 at height 1659 received
[2026-09-29T06:11:12.269Z DEBUG blacksilk_p2p::net::blocks] peer 1: block 3ae85023b205 at height 1660 received
[2026-09-29T06:11:12.269Z DEBUG blacksilk_p2p::net::blocks] peer 1: block 58f21bf3e067 at height 1661 received
[2026-09-29T06:11:12.269Z DEBUG blacksilk_p2p::net::blocks] peer 1: block 18f2f71444d7 at height 1662 received
[2026-09-29T06:11:12.277Z DEBUG blacksilk_p2p::net::blocks] peer 1: block 83611f36ff37 at height 1663 received
[2026-09-29T06:11:12.285Z DEBUG blacksilk_p2p::net::blocks] peer 1: block 870a33a4429c at height 1664 received
[2026-09-29T06:11:13.321Z DEBUG blacksilk_p2p::net::blocks] peer 1: block 879e5de1219e at height 1665 received
[2026-09-29T06:11:13.366Z DEBUG blacksilk_p2p::net::blocks] peer 1: block 17bf7db56365 at height 1666 received
[2026-09-29T06:11:13.366Z DEBUG blacksilk_p2p::net::blocks] peer 1: block 3d71022e92fe at height 1667 received
[2026-09-29T06:11:13.778Z DEBUG blacksilk_p2p::net::blocks] peer 1: block fe78a577a3ef at height 1668 received
[2026-09-29T06:11:13.780Z DEBUG blacksilk_p2p::net::blocks] peer 1: block b15a0e3ba791 at height 1669 received
[2026-09-29T06:11:13.788Z DEBUG blacksilk_p2p::net::blocks] peer 1: block 4d2a7901dd49 at height 1670 received
[2026-09-29T06:11:13.795Z DEBUG blacksilk_p2p::net::blocks] peer 1: block 25d41e13fbe8 at height 1671 received
[2026-09-29T06:11:13.797Z DEBUG blacksilk_p2p::net::blocks] peer 1: block e28d0aee7efb at height 1672 received
[2026-09-29T06:11:15.250Z DEBUG blacksilk_p2p::net::blocks] peer 1: block 45dd8b97389c at height 1673 received
[2026-09-29T06:11:15.250Z DEBUG blacksilk_p2p::net::blocks] peer 1: block 86d0322a3d2f at height 1674 received
[2026-09-29T06:11:15.251Z DEBUG blacksilk_p2p::net::blocks] peer 1: block 9a391f258229 at height 1675 received
[2026-09-29T06:11:15.254Z DEBUG blacksilk_p2p::net::blocks] peer 1: block 2ff90bec9e4c at height 1676 received
[2026-09-29T06:11:15.256Z DEBUG blacksilk_p2p::net::blocks] peer 1: block 81d6c4c7430f at height 1677 received
[2026-09-29T06:11:15.260Z DEBUG blacksilk_p2p::net::blocks] peer 1: block de41472a361c at height 1678 received
[2026-09-29T06:11:15.266Z DEBUG blacksilk_p2p::net::blocks] peer 1: block 5ae322078d44 at height 1679 received
[2026-09-29T06:11:15.268Z DEBUG blacksilk_p2p::net::blocks] peer 1: block 615138c5e3b1 at height 1680 received
[2026-09-29T06:11:16.292Z DEBUG blacksilk_p2p::net::blocks] peer 1: block fbda70a5995e at height 1681 received
[2026-09-29T06:11:16.292Z DEBUG blacksilk_p2p::net::blocks] peer 1: block 15e1942eea08 at height 1682 received
[2026-09-29T06:11:16.293Z DEBUG blacksilk_p2p::net::blocks] peer 1: block d28ea4fd6a97 at height 1683 received
[2026-09-29T06:11:16.335Z DEBUG blacksilk_p2p::net::blocks] peer 1: block e618e32f26c2 at height 1684 received
[2026-09-29T06:11:16.338Z DEBUG blacksilk_p2p::net::blocks] peer 1: block 34a1253f8548 at height 1685 received
[2026-09-29T06:11:16.345Z DEBUG blacksilk_p2p::net::blocks] peer 1: block 965dccf8f624 at height 1686 received
[2026-09-29T06:11:16.347Z DEBUG blacksilk_p2p::net::blocks] peer 1: block e8c1e5564402 at height 1687 received
[2026-09-29T06:11:16.349Z DEBUG blacksilk_p2p::net::blocks] peer 1: block 4e2f336bfa58 at height 1688 received
[2026-09-29T06:11:17.404Z DEBUG blacksilk_p2p::net::blocks] peer 1: block 3e6ff0c4b6aa at height 1689 received
[2026-09-29T06:11:17.404Z DEBUG blacksilk_p2p::net::blocks] peer 1: block 01ead7dd14dd at height 1690 received
[2026-09-29T06:11:17.404Z DEBUG blacksilk_p2p::net::blocks] peer 1: block 69fa26bfc8c4 at height 1691 received
[2026-09-29T06:11:17.408Z DEBUG blacksilk_p2p::net::blocks] peer 1: block c1d5bc8f740c at height 1692 received
[2026-09-29T06:11:17.416Z DEBUG blacksilk_p2p::net::blocks] peer 1: block d0d6a5f714e1 at height 1693 received
[2026-09-29T06:11:17.418Z DEBUG blacksilk_p2p::net::blocks] peer 1: block becc75190886 at height 1694 received
[2026-09-29T06:11:17.429Z DEBUG blacksilk_p2p::net::blocks] peer 1: block 1fdef395fa81 at height 1695 received
[2026-09-29T06:11:17.431Z DEBUG blacksilk_p2p::net::blocks] peer 1: block bfaaa145a62a at height 1696 received
[2026-09-29T06:11:18.260Z DEBUG blacksilk_p2p::net::blocks] peer 1: block cb685dbc997b at height 1697 received
[2026-09-29T06:11:18.260Z DEBUG blacksilk_p2p::net::blocks] peer 1: block 07ee93f515ff at height 1698 received
[2026-09-29T06:11:18.260Z DEBUG blacksilk_p2p::net::blocks] peer 1: block 4bbf7633a9d9 at height 1699 received
[2026-09-29T06:11:18.271Z DEBUG blacksilk_p2p::net::blocks] peer 1: block 4d6b5d4ec04e at height 1700 received
[2026-09-29T06:11:18.278Z DEBUG blacksilk_p2p::net::blocks] peer 1: block 0a68468d66cb at height 1701 received
[2026-09-29T06:11:18.282Z DEBUG blacksilk_p2p::net::blocks] peer 1: block ce3e2ff64892 at height 1702 received
[2026-09-29T06:11:18.285Z DEBUG blacksilk_p2p::net::blocks] peer 1: block 9d0da2ea5610 at height 1703 received
[2026-09-29T06:11:18.286Z DEBUG blacksilk_p2p::net::blocks] peer 1: block 9079b69f0d8e at height 1704 received
[2026-09-29T06:11:18.882Z DEBUG blacksilk_p2p::net::blocks] peer 1: block 4e904438cc1e at height 1705 received
[2026-09-29T06:11:18.882Z DEBUG blacksilk_p2p::net::blocks] peer 1: block d9e51c094673 at height 1706 received
[2026-09-29T06:11:18.883Z DEBUG blacksilk_p2p::net::blocks] peer 1: block 5358a36fd105 at height 1707 received
[2026-09-29T06:11:18.892Z DEBUG blacksilk_p2p::net::blocks] peer 1: block 9b3a161b62d8 at height 1708 received
[2026-09-29T06:11:18.895Z DEBUG blacksilk_p2p::net::blocks] peer 1: block 6866fc211202 at height 1709 received
[2026-09-29T06:11:18.902Z DEBUG blacksilk_p2p::net::blocks] peer 1: block dad1ad334356 at height 1710 received
[2026-09-29T06:11:18.904Z DEBUG blacksilk_p2p::net::blocks] peer 1: block 8859fc6ce9b3 at height 1711 received
[2026-09-29T06:11:18.912Z DEBUG blacksilk_p2p::net::blocks] peer 1: block cce895698d16 at height 1712 received
[2026-09-29T06:11:19.646Z DEBUG blacksilk_p2p::net::blocks] peer 1: block 8fc1f1586517 at height 1713 received
[2026-09-29T06:11:19.646Z DEBUG blacksilk_p2p::net::blocks] peer 1: block 7703f99d7622 at height 1714 received
[2026-09-29T06:11:19.647Z DEBUG blacksilk_p2p::net::blocks] peer 1: block 1e0f0deeebcc at height 1715 received
[2026-09-29T06:11:19.655Z DEBUG blacksilk_p2p::net::blocks] peer 1: block 43f4001731db at height 1716 received
[2026-09-29T06:11:19.657Z DEBUG blacksilk_p2p::net::blocks] peer 1: block c472e271e3d2 at height 1717 received
[2026-09-29T06:11:19.665Z DEBUG blacksilk_p2p::net::blocks] peer 1: block acb065752928 at height 1718 received
[2026-09-29T06:11:19.678Z DEBUG blacksilk_p2p::net::blocks] peer 1: block a2eb9ab931c7 at height 1719 received
[2026-09-29T06:11:19.680Z DEBUG blacksilk_p2p::net::blocks] peer 1: block b2acde75f1e3 at height 1720 received
[2026-09-29T06:11:20.459Z DEBUG blacksilk_p2p::net::blocks] peer 1: block b8f6709cd852 at height 1721 received
[2026-09-29T06:11:20.459Z DEBUG blacksilk_p2p::net::blocks] peer 1: block 2bcf16176e1f at height 1722 received
[2026-09-29T06:11:20.459Z DEBUG blacksilk_p2p::net::blocks] peer 1: block f9f5e88dd2b4 at height 1723 received
[2026-09-29T06:11:20.472Z DEBUG blacksilk_p2p::net::blocks] peer 1: block 162ab6de5ae0 at height 1724 received
[2026-09-29T06:11:20.475Z DEBUG blacksilk_p2p::net::blocks] peer 1: block a955d34179b6 at height 1725 received
[2026-09-29T06:11:20.477Z DEBUG blacksilk_p2p::net::blocks] peer 1: block 16048d9026ab at height 1726 received
[2026-09-29T06:11:20.484Z DEBUG blacksilk_p2p::net::blocks] peer 1: block 011047d2dbf5 at height 1727 received
[2026-09-29T06:11:20.486Z DEBUG blacksilk_p2p::net::blocks] peer 1: block b00523c62c6b at height 1728 received
[2026-09-29T06:11:21.268Z DEBUG blacksilk_p2p::net::blocks] peer 1: block a8dfad5adcd1 at height 1729 received
[2026-09-29T06:11:21.269Z DEBUG blacksilk_p2p::net::blocks] peer 1: block 190071653459 at height 1730 received
[2026-09-29T06:11:21.269Z DEBUG blacksilk_p2p::net::blocks] peer 1: block a3aad8bd5116 at height 1731 received
[2026-09-29T06:11:21.300Z DEBUG blacksilk_p2p::net::blocks] peer 1: block c000959eb28f at height 1732 received
[2026-09-29T06:11:21.303Z DEBUG blacksilk_p2p::net::blocks] peer 1: block c613d74fd9ac at height 1733 received
[2026-09-29T06:11:21.305Z DEBUG blacksilk_p2p::net::blocks] peer 1: block e741dc9a7a0b at height 1734 received
[2026-09-29T06:11:21.307Z DEBUG blacksilk_p2p::net::blocks] peer 1: block 22471562a548 at height 1735 received
[2026-09-29T06:11:21.315Z DEBUG blacksilk_p2p::net::blocks] peer 1: block abc11be57cdf at height 1736 received
[2026-09-29T06:11:22.334Z DEBUG blacksilk_p2p::net::blocks] peer 1: block 2696139a019e at height 1737 received
[2026-09-29T06:11:22.334Z DEBUG blacksilk_p2p::net::blocks] peer 1: block 76065ccb5ce5 at height 1738 received
[2026-09-29T06:11:22.334Z DEBUG blacksilk_p2p::net::blocks] peer 1: block 86693489c088 at height 1739 received
[2026-09-29T06:11:22.353Z DEBUG blacksilk_p2p::net::blocks] peer 1: block 56a28c05e7e8 at height 1740 received
[2026-09-29T06:11:22.355Z DEBUG blacksilk_p2p::net::blocks] peer 1: block 55bb8bef8959 at height 1741 received
[2026-09-29T06:11:22.357Z DEBUG blacksilk_p2p::net::blocks] peer 1: block 65d4db3c3d63 at height 1742 received
[2026-09-29T06:11:22.359Z DEBUG blacksilk_p2p::net::blocks] peer 1: block 0c889884a8b2 at height 1743 received
[2026-09-29T06:11:22.363Z DEBUG blacksilk_p2p::net::blocks] peer 1: block ebd023b0ac16 at height 1744 received
[2026-09-29T06:11:23.173Z DEBUG blacksilk_p2p::net::blocks] peer 1: block d9966253e76c at height 1745 received
[2026-09-29T06:11:23.173Z DEBUG blacksilk_p2p::net::blocks] peer 1: block 491ac1ae41e3 at height 1746 received
[2026-09-29T06:11:23.173Z DEBUG blacksilk_p2p::net::blocks] peer 1: block 1e34259f86a8 at height 1747 received
[2026-09-29T06:11:23.187Z DEBUG blacksilk_p2p::net::blocks] peer 1: block 9d5364ef9b91 at height 1748 received
[2026-09-29T06:11:23.195Z DEBUG blacksilk_p2p::net::blocks] peer 1: block a3eac7c01529 at height 1749 received
[2026-09-29T06:11:23.198Z DEBUG blacksilk_p2p::net::blocks] peer 1: block 208ffdaa23e2 at height 1750 received
[2026-09-29T06:11:23.199Z DEBUG blacksilk_p2p::net::blocks] peer 1: block 437806c2398a at height 1751 received
[2026-09-29T06:11:23.201Z DEBUG blacksilk_p2p::net::blocks] peer 1: block c3bacd350d87 at height 1752 received
[2026-09-29T06:11:23.959Z DEBUG blacksilk_p2p::net::blocks] peer 1: block 610b6816aa38 at height 1753 received
[2026-09-29T06:11:23.959Z DEBUG blacksilk_p2p::net::blocks] peer 1: block 89587773912d at height 1754 received
[2026-09-29T06:11:23.959Z DEBUG blacksilk_p2p::net::blocks] peer 1: block 2f671051599b at height 1755 received
[2026-09-29T06:11:23.970Z DEBUG blacksilk_p2p::net::blocks] peer 1: block 72ab472a57a3 at height 1756 received
[2026-09-29T06:11:23.971Z DEBUG blacksilk_p2p::net::blocks] peer 1: block 27826fc90a61 at height 1757 received
[2026-09-29T06:11:23.973Z DEBUG blacksilk_p2p::net::blocks] peer 1: block 041ecb272882 at height 1758 received
[2026-09-29T06:11:23.976Z DEBUG blacksilk_p2p::net::blocks] peer 1: block d8d5e5f0bcc6 at height 1759 received
[2026-09-29T06:11:23.978Z DEBUG blacksilk_p2p::net::blocks] peer 1: block 836212985f31 at height 1760 received
[2026-09-29T06:11:24.559Z DEBUG blacksilk_p2p::net::blocks] peer 1: block 5aa1f927a0e1 at height 1761 received
[2026-09-29T06:11:24.559Z DEBUG blacksilk_p2p::net::blocks] peer 1: block 65a9fa539c68 at height 1762 received
[2026-09-29T06:11:24.559Z DEBUG blacksilk_p2p::net::blocks] peer 1: block 85831ac32672 at height 1763 received
[2026-09-29T06:11:24.563Z DEBUG blacksilk_p2p::net::blocks] peer 1: block bcd855635572 at height 1764 received
[2026-09-29T06:11:24.571Z DEBUG blacksilk_p2p::net::blocks] peer 1: block 280f4fc79447 at height 1765 received
[2026-09-29T06:11:24.574Z DEBUG blacksilk_p2p::net::blocks] peer 1: block 31ec2465ee7e at height 1766 received
[2026-09-29T06:11:24.575Z DEBUG blacksilk_p2p::net::blocks] peer 1: block 05b2221c15ea at height 1767 received
[2026-09-29T06:11:24.577Z DEBUG blacksilk_p2p::net::blocks] peer 1: block 874abd5bea9e at height 1768 received
[2026-09-29T06:11:25.330Z DEBUG blacksilk_p2p::net::blocks] peer 1: block 16bfd579b3e6 at height 1769 received
[2026-09-29T06:11:25.331Z DEBUG blacksilk_p2p::net::blocks] peer 1: block 87cdfa887892 at height 1770 received
[2026-09-29T06:11:25.331Z DEBUG blacksilk_p2p::net::blocks] peer 1: block ae0a2ccf4bba at height 1771 received
[2026-09-29T06:11:25.368Z DEBUG blacksilk_p2p::net::blocks] peer 1: block fa3493d57b66 at height 1772 received
[2026-09-29T06:11:25.370Z DEBUG blacksilk_p2p::net::blocks] peer 1: block 62cea9eeecee at height 1773 received
[2026-09-29T06:11:25.375Z DEBUG blacksilk_p2p::net::blocks] peer 1: block 69ae1e464e35 at height 1774 received
[2026-09-29T06:11:25.389Z DEBUG blacksilk_p2p::net::blocks] peer 1: block c5dd75ac6165 at height 1775 received
[2026-09-29T06:11:25.390Z DEBUG blacksilk_p2p::net::blocks] peer 1: block e3d9e3a10976 at height 1776 received
[2026-09-29T06:11:26.119Z DEBUG blacksilk_p2p::net::blocks] peer 1: block 537f93d8cf4b at height 1777 received
[2026-09-29T06:11:26.119Z DEBUG blacksilk_p2p::net::blocks] peer 1: block 75a63d263161 at height 1778 received
[2026-09-29T06:11:26.119Z DEBUG blacksilk_p2p::net::blocks] peer 1: block 0f0f7a833ad1 at height 1779 received
[2026-09-29T06:11:26.122Z DEBUG blacksilk_p2p::net::blocks] peer 1: block c0d2a262c252 at height 1780 received
[2026-09-29T06:11:26.130Z DEBUG blacksilk_p2p::net::blocks] peer 1: block 802c653594b7 at height 1781 received
[2026-09-29T06:11:26.133Z DEBUG blacksilk_p2p::net::blocks] peer 1: block f2add2a6e3d0 at height 1782 received
[2026-09-29T06:11:26.134Z DEBUG blacksilk_p2p::net::blocks] peer 1: block 5f850c6e2e54 at height 1783 received
[2026-09-29T06:11:26.137Z DEBUG blacksilk_p2p::net::blocks] peer 1: block 994515afcf21 at height 1784 received
[2026-09-29T06:11:26.919Z DEBUG blacksilk_p2p::net::blocks] peer 1: block 9495e96de1e9 at height 1785 received
[2026-09-29T06:11:26.919Z DEBUG blacksilk_p2p::net::blocks] peer 1: block 76f58356a329 at height 1786 received
[2026-09-29T06:11:26.919Z DEBUG blacksilk_p2p::net::blocks] peer 1: block f8aed681ce67 at height 1787 received
[2026-09-29T06:11:26.929Z DEBUG blacksilk_p2p::net::blocks] peer 1: block bc3a0b2d1459 at height 1788 received
[2026-09-29T06:11:26.932Z DEBUG blacksilk_p2p::net::blocks] peer 1: block 155f15ade45a at height 1789 received
[2026-09-29T06:11:26.934Z DEBUG blacksilk_p2p::net::blocks] peer 1: block 89c00c9e2ec2 at height 1790 received
[2026-09-29T06:11:26.936Z DEBUG blacksilk_p2p::net::blocks] peer 1: block 5e52be4f093f at height 1791 received
[2026-09-29T06:11:26.938Z DEBUG blacksilk_p2p::net::blocks] peer 1: block 40bb55837a20 at height 1792 received
[2026-09-29T06:11:27.440Z DEBUG blacksilk_p2p::net::blocks] peer 1: block d2cf07eda6dd at height 1793 received
[2026-09-29T06:11:27.440Z DEBUG blacksilk_p2p::net::blocks] peer 1: block a8a6c9d95dbf at height 1794 received
[2026-09-29T06:11:27.444Z DEBUG blacksilk_p2p::net::blocks] peer 1: block 48e4f5ece489 at height 1795 received
[2026-09-29T06:11:27.483Z DEBUG blacksilk_p2p::net::blocks] peer 1: block 5cef95525bd6 at height 1796 received
[2026-09-29T06:11:27.486Z DEBUG blacksilk_p2p::net::blocks] peer 1: block c21372b0d4a0 at height 1797 received
[2026-09-29T06:11:27.488Z DEBUG blacksilk_p2p::net::blocks] peer 1: block 750b6e366721 at height 1798 received
[2026-09-29T06:11:27.496Z DEBUG blacksilk_p2p::net::blocks] peer 1: block 01ac412a5153 at height 1799 received
[2026-09-29T06:11:27.506Z DEBUG blacksilk_p2p::net::blocks] peer 1: block 6d8f14758bf5 at height 1800 received
[2026-09-29T06:11:28.224Z DEBUG blacksilk_p2p::net::blocks] peer 1: block e35512333397 at height 1801 received
[2026-09-29T06:11:28.224Z DEBUG blacksilk_p2p::net::blocks] peer 1: block ef8d22518435 at height 1802 received
[2026-09-29T06:11:28.224Z DEBUG blacksilk_p2p::net::blocks] peer 1: block 2d7ca7c904a8 at height 1803 received
[2026-09-29T06:11:28.226Z DEBUG blacksilk_p2p::net::blocks] peer 1: block dd9fddd603c7 at height 1804 received
[2026-09-29T06:11:28.234Z DEBUG blacksilk_p2p::net::blocks] peer 1: block ef4572f50330 at height 1805 received
[2026-09-29T06:11:28.237Z DEBUG blacksilk_p2p::net::blocks] peer 1: block 81f6fbdef11b at height 1806 received
[2026-09-29T06:11:28.239Z DEBUG blacksilk_p2p::net::blocks] peer 1: block 86e5af778c14 at height 1807 received
[2026-09-29T06:11:28.241Z DEBUG blacksilk_p2p::net::blocks] peer 1: block e9ce7ac1f3ff at height 1808 received
[2026-09-29T06:11:29.030Z DEBUG blacksilk_p2p::net::blocks] peer 1: block 9048326e19ef at height 1809 received
[2026-09-29T06:11:29.030Z DEBUG blacksilk_p2p::net::blocks] peer 1: block 8c0ab76eb3ad at height 1810 received
[2026-09-29T06:11:29.030Z DEBUG blacksilk_p2p::net::blocks] peer 1: block 121ed40ff0c2 at height 1811 received
[2026-09-29T06:11:29.040Z DEBUG blacksilk_p2p::net::blocks] peer 1: block 455d04a80c1e at height 1812 received
[2026-09-29T06:11:29.042Z DEBUG blacksilk_p2p::net::blocks] peer 1: block d6f38e832737 at height 1813 received
[2026-09-29T06:11:29.044Z DEBUG blacksilk_p2p::net::blocks] peer 1: block 970f1e05e476 at height 1814 received
[2026-09-29T06:11:29.052Z DEBUG blacksilk_p2p::net::blocks] peer 1: block 244d8c061048 at height 1815 received
[2026-09-29T06:11:29.053Z DEBUG blacksilk_p2p::net::blocks] peer 1: block 4ee8ab04d7ab at height 1816 received
[2026-09-29T06:11:29.814Z DEBUG blacksilk_p2p::net::blocks] peer 1: block bb8ecb8a9248 at height 1817 received
[2026-09-29T06:11:29.814Z DEBUG blacksilk_p2p::net::blocks] peer 1: block c77ff4a31ab0 at height 1818 received
[2026-09-29T06:11:29.814Z DEBUG blacksilk_p2p::net::blocks] peer 1: block baed9462e07e at height 1819 received
[2026-09-29T06:11:29.818Z DEBUG blacksilk_p2p::net::blocks] peer 1: block d79c7b75cbd7 at height 1820 received
[2026-09-29T06:11:29.826Z DEBUG blacksilk_p2p::net::blocks] peer 1: block 226f07738e57 at height 1821 received
[2026-09-29T06:11:29.827Z DEBUG blacksilk_p2p::net::blocks] peer 1: block a795c1e9ad09 at height 1822 received
[2026-09-29T06:11:29.829Z DEBUG blacksilk_p2p::net::blocks] peer 1: block 09dae95a1395 at height 1823 received
[2026-09-29T06:11:29.838Z DEBUG blacksilk_p2p::net::blocks] peer 1: block d773abfe9ca2 at height 1824 received
[2026-09-29T06:11:30.635Z DEBUG blacksilk_p2p::net::blocks] peer 1: block 18f1b37629ec at height 1825 received
[2026-09-29T06:11:30.635Z DEBUG blacksilk_p2p::net::blocks] peer 1: block 458218c28eaf at height 1826 received
[2026-09-29T06:11:30.635Z DEBUG blacksilk_p2p::net::blocks] peer 1: block 1623131a4bcd at height 1827 received
[2026-09-29T06:11:30.639Z DEBUG blacksilk_p2p::net::blocks] peer 1: block 9d2f7bbabd51 at height 1828 received
[2026-09-29T06:11:30.641Z DEBUG blacksilk_p2p::net::blocks] peer 1: block 7abf508515e8 at height 1829 received
[2026-09-29T06:11:30.649Z DEBUG blacksilk_p2p::net::blocks] peer 1: block 78a52592b824 at height 1830 received
[2026-09-29T06:11:30.656Z DEBUG blacksilk_p2p::net::blocks] peer 1: block 8a791fe4c8e9 at height 1831 received
[2026-09-29T06:11:30.658Z DEBUG blacksilk_p2p::net::blocks] peer 1: block ae292cf8113f at height 1832 received
[2026-09-29T06:11:31.171Z DEBUG blacksilk_p2p::net::blocks] peer 1: block 57e0716cd001 at height 1833 received
[2026-09-29T06:11:31.171Z DEBUG blacksilk_p2p::net::blocks] peer 1: block 236b16cb4054 at height 1834 received
[2026-09-29T06:11:31.171Z DEBUG blacksilk_p2p::net::blocks] peer 1: block d1381ab2c9f2 at height 1835 received
[2026-09-29T06:11:31.174Z DEBUG blacksilk_p2p::net::blocks] peer 1: block 3ee75f42fff1 at height 1836 received
[2026-09-29T06:11:31.185Z DEBUG blacksilk_p2p::net::blocks] peer 1: block 5f3a85898aa2 at height 1837 received
[2026-09-29T06:11:31.187Z DEBUG blacksilk_p2p::net::blocks] peer 1: block b0367df576a1 at height 1838 received
[2026-09-29T06:11:31.195Z DEBUG blacksilk_p2p::net::blocks] peer 1: block 602eb90414fa at height 1839 received
[2026-09-29T06:11:31.198Z DEBUG blacksilk_p2p::net::blocks] peer 1: block 11b49690530b at height 1840 received
[2026-09-29T06:11:31.984Z DEBUG blacksilk_p2p::net::blocks] peer 1: block 2e11a25c8d43 at height 1841 received
[2026-09-29T06:11:31.984Z DEBUG blacksilk_p2p::net::blocks] peer 1: block f83f722fa7c2 at height 1842 received
[2026-09-29T06:11:31.984Z DEBUG blacksilk_p2p::net::blocks] peer 1: block 6eb2137a0aad at height 1843 received
[2026-09-29T06:11:31.989Z DEBUG blacksilk_p2p::net::blocks] peer 1: block 0f016bae3630 at height 1844 received
[2026-09-29T06:11:31.999Z DEBUG blacksilk_p2p::net::blocks] peer 1: block c298f9f97c10 at height 1845 received
[2026-09-29T06:11:32.008Z DEBUG blacksilk_p2p::net::blocks] peer 1: block b80c936f0115 at height 1846 received
[2026-09-29T06:11:32.019Z DEBUG blacksilk_p2p::net::blocks] peer 1: block 7aa38418ebfc at height 1847 received
[2026-09-29T06:11:32.021Z DEBUG blacksilk_p2p::net::blocks] peer 1: block 185b77cacad4 at height 1848 received
[2026-09-29T06:11:32.804Z DEBUG blacksilk_p2p::net::blocks] peer 1: block 8b1719afb92e at height 1849 received
[2026-09-29T06:11:32.805Z DEBUG blacksilk_p2p::net::blocks] peer 1: block b5bf630714f0 at height 1850 received
[2026-09-29T06:11:32.805Z DEBUG blacksilk_p2p::net::blocks] peer 1: block 22e47a5325f7 at height 1851 received
[2026-09-29T06:11:32.813Z DEBUG blacksilk_p2p::net::blocks] peer 1: block 9421ae7b94f1 at height 1852 received
[2026-09-29T06:11:32.827Z DEBUG blacksilk_p2p::net::blocks] peer 1: block 565145c1818a at height 1853 received
[2026-09-29T06:11:32.837Z DEBUG blacksilk_p2p::net::blocks] peer 1: block 1c52308e828a at height 1854 received
[2026-09-29T06:11:32.839Z DEBUG blacksilk_p2p::net::blocks] peer 1: block 1117d90bdb19 at height 1855 received
[2026-09-29T06:11:32.841Z DEBUG blacksilk_p2p::net::blocks] peer 1: block 89a392d34bda at height 1856 received
[2026-09-29T06:11:33.599Z DEBUG blacksilk_p2p::net::blocks] peer 1: block 2dc8293d8797 at height 1857 received
[2026-09-29T06:11:33.599Z DEBUG blacksilk_p2p::net::blocks] peer 1: block 5e349d368bee at height 1858 received
[2026-09-29T06:11:33.600Z DEBUG blacksilk_p2p::net::blocks] peer 1: block 5712d3cce63a at height 1859 received
[2026-09-29T06:11:33.613Z DEBUG blacksilk_p2p::net::blocks] peer 1: block a55b23cae852 at height 1860 received
[2026-09-29T06:11:33.622Z DEBUG blacksilk_p2p::net::blocks] peer 1: block a00e4a4d05b3 at height 1861 received
[2026-09-29T06:11:33.624Z DEBUG blacksilk_p2p::net::blocks] peer 1: block f3b310d54bdd at height 1862 received
[2026-09-29T06:11:33.626Z DEBUG blacksilk_p2p::net::blocks] peer 1: block e61422432d44 at height 1863 received
[2026-09-29T06:11:33.634Z DEBUG blacksilk_p2p::net::blocks] peer 1: block 5cdfbbedc5c1 at height 1864 received
[2026-09-29T06:11:34.112Z DEBUG blacksilk_p2p::net::blocks] peer 1: block f40c6976e830 at height 1865 received
[2026-09-29T06:11:34.113Z DEBUG blacksilk_p2p::net::blocks] peer 1: block f6e97b1425b3 at height 1866 received
[2026-09-29T06:11:34.113Z DEBUG blacksilk_p2p::net::blocks] peer 1: block 2ab633def572 at height 1867 received
[2026-09-29T06:11:34.115Z DEBUG blacksilk_p2p::net::blocks] peer 1: block dde1f4312de5 at height 1868 received
[2026-09-29T06:11:34.123Z DEBUG blacksilk_p2p::net::blocks] peer 1: block 832018aba7a3 at height 1869 received
[2026-09-29T06:11:34.124Z DEBUG blacksilk_p2p::net::blocks] peer 1: block 6b1be347950b at height 1870 received
[2026-09-29T06:11:34.126Z DEBUG blacksilk_p2p::net::blocks] peer 1: block 0d2f8f2a74dd at height 1871 received
[2026-09-29T06:11:34.137Z DEBUG blacksilk_p2p::net::blocks] peer 1: block 304d74fb9b61 at height 1872 received
[2026-09-29T06:11:34.928Z DEBUG blacksilk_p2p::net::blocks] peer 1: block bfcb7a492aa9 at height 1873 received
[2026-09-29T06:11:34.928Z DEBUG blacksilk_p2p::net::blocks] peer 1: block acfbfa1a48fb at height 1874 received
[2026-09-29T06:11:34.928Z DEBUG blacksilk_p2p::net::blocks] peer 1: block 3b5ed597fd95 at height 1875 received
[2026-09-29T06:11:34.937Z DEBUG blacksilk_p2p::net::blocks] peer 1: block 566772e3cbf5 at height 1876 received
[2026-09-29T06:11:34.945Z DEBUG blacksilk_p2p::net::blocks] peer 1: block 5a37b2f9e4c5 at height 1877 received
[2026-09-29T06:11:34.947Z DEBUG blacksilk_p2p::net::blocks] peer 1: block 970b9fec4d34 at height 1878 received
[2026-09-29T06:11:34.949Z DEBUG blacksilk_p2p::net::blocks] peer 1: block 7e1e632dcdcc at height 1879 received
[2026-09-29T06:11:34.951Z DEBUG blacksilk_p2p::net::blocks] peer 1: block d818d6bf24a1 at height 1880 received
[2026-09-29T06:11:35.462Z DEBUG blacksilk_p2p::net::blocks] peer 1: block 185373436569 at height 1881 received
[2026-09-29T06:11:35.462Z DEBUG blacksilk_p2p::net::blocks] peer 1: block a39dd5bd71ea at height 1882 received
[2026-09-29T06:11:35.462Z DEBUG blacksilk_p2p::net::blocks] peer 1: block 3455f404a51f at height 1883 received
[2026-09-29T06:11:35.474Z DEBUG blacksilk_p2p::net::blocks] peer 1: block 27da8b72cf75 at height 1884 received
[2026-09-29T06:11:35.484Z DEBUG blacksilk_p2p::net::blocks] peer 1: block b1a9f9096f05 at height 1885 received
[2026-09-29T06:11:35.492Z DEBUG blacksilk_p2p::net::blocks] peer 1: block d841d1ab8ddb at height 1886 received
[2026-09-29T06:11:35.502Z DEBUG blacksilk_p2p::net::blocks] peer 1: block ca8b040e65f8 at height 1887 received
[2026-09-29T06:11:35.510Z DEBUG blacksilk_p2p::net::blocks] peer 1: block 5da65a4d853a at height 1888 received
[2026-09-29T06:11:36.265Z DEBUG blacksilk_p2p::net::blocks] peer 1: block 157e899b4df4 at height 1889 received
[2026-09-29T06:11:36.266Z DEBUG blacksilk_p2p::net::blocks] peer 1: block fe137df3ef46 at height 1890 received
[2026-09-29T06:11:36.266Z DEBUG blacksilk_p2p::net::blocks] peer 1: block d1d5ec4fa4ea at height 1891 received
[2026-09-29T06:11:36.282Z DEBUG blacksilk_p2p::net::blocks] peer 1: block f8cc4a8f5b5e at height 1892 received
[2026-09-29T06:11:36.291Z DEBUG blacksilk_p2p::net::blocks] peer 1: block 102cb1b4784b at height 1893 received
[2026-09-29T06:11:36.292Z DEBUG blacksilk_p2p::net::blocks] peer 1: block d33d0a012896 at height 1894 received
[2026-09-29T06:11:36.294Z DEBUG blacksilk_p2p::net::blocks] peer 1: block f8f0ae65ff0d at height 1895 received
[2026-09-29T06:11:36.313Z DEBUG blacksilk_p2p::net::blocks] peer 1: block 4c6f7810a425 at height 1896 received
[2026-09-29T06:11:37.071Z DEBUG blacksilk_p2p::net::blocks] peer 1: block 902aaa31f327 at height 1897 received
[2026-09-29T06:11:37.072Z DEBUG blacksilk_p2p::net::blocks] peer 1: block bdc50bfbef06 at height 1898 received
[2026-09-29T06:11:37.072Z DEBUG blacksilk_p2p::net::blocks] peer 1: block 9fddb65cf395 at height 1899 received
[2026-09-29T06:11:37.081Z DEBUG blacksilk_p2p::net::blocks] peer 1: block 24fabc997f04 at height 1900 received
[2026-09-29T06:11:37.083Z DEBUG blacksilk_p2p::net::blocks] peer 1: block a8bbf3c468f8 at height 1901 received
[2026-09-29T06:11:37.090Z DEBUG blacksilk_p2p::net::blocks] peer 1: block e30385804beb at height 1902 received
[2026-09-29T06:11:37.093Z DEBUG blacksilk_p2p::net::blocks] peer 1: block 6c669d9b931a at height 1903 received
[2026-09-29T06:11:37.101Z DEBUG blacksilk_p2p::net::blocks] peer 1: block f40c3b81267e at height 1904 received
[2026-09-29T06:11:37.613Z DEBUG blacksilk_p2p::net::blocks] peer 1: block 0d887ff2d078 at height 1905 received
[2026-09-29T06:11:37.613Z DEBUG blacksilk_p2p::net::blocks] peer 1: block 4acab37a2b04 at height 1906 received
[2026-09-29T06:11:37.614Z DEBUG blacksilk_p2p::net::blocks] peer 1: block 8ca6b9bd09cd at height 1907 received
[2026-09-29T06:11:37.638Z DEBUG blacksilk_p2p::net::blocks] peer 1: block 353255129cf4 at height 1908 received
[2026-09-29T06:11:37.641Z DEBUG blacksilk_p2p::net::blocks] peer 1: block 9ee816494cfc at height 1909 received
[2026-09-29T06:11:37.652Z DEBUG blacksilk_p2p::net::blocks] peer 1: block 1e6327620811 at height 1910 received
[2026-09-29T06:11:37.654Z DEBUG blacksilk_p2p::net::blocks] peer 1: block 1529f2f2dada at height 1911 received
[2026-09-29T06:11:37.661Z DEBUG blacksilk_p2p::net::blocks] peer 1: block b29c260e3f72 at height 1912 received
[2026-09-29T06:11:38.401Z DEBUG blacksilk_p2p::net::blocks] peer 1: block 953a1015e49d at height 1913 received
[2026-09-29T06:11:38.401Z DEBUG blacksilk_p2p::net::blocks] peer 1: block 4c413b774d45 at height 1914 received
[2026-09-29T06:11:38.401Z DEBUG blacksilk_p2p::net::blocks] peer 1: block 413c0a67af2a at height 1915 received
[2026-09-29T06:11:38.404Z DEBUG blacksilk_p2p::net::blocks] peer 1: block 637ea75aef52 at height 1916 received
[2026-09-29T06:11:38.406Z DEBUG blacksilk_p2p::net::blocks] peer 1: block bd0b5eab8778 at height 1917 received
[2026-09-29T06:11:38.415Z DEBUG blacksilk_p2p::net::blocks] peer 1: block e359f725b54f at height 1918 received
[2026-09-29T06:11:38.425Z DEBUG blacksilk_p2p::net::blocks] peer 1: block 23abffa4e60e at height 1919 received
[2026-09-29T06:11:38.427Z DEBUG blacksilk_p2p::net::blocks] peer 1: block 6cf447f86e3d at height 1920 received
[2026-09-29T06:11:39.527Z DEBUG blacksilk_p2p::net::blocks] peer 1: block 7b4e12171708 at height 1921 received
[2026-09-29T06:11:39.528Z DEBUG blacksilk_p2p::net::blocks] peer 1: block 23b568f00599 at height 1922 received
[2026-09-29T06:11:39.544Z DEBUG blacksilk_p2p::net::blocks] peer 1: block 097feba8acba at height 1923 received
[2026-09-29T06:11:39.606Z DEBUG blacksilk_p2p::net::blocks] peer 1: block 6ef95f2b2407 at height 1924 received
[2026-09-29T06:11:39.627Z DEBUG blacksilk_p2p::net::blocks] peer 1: block fe1fa7690eec at height 1925 received
[2026-09-29T06:11:39.651Z DEBUG blacksilk_p2p::net::blocks] peer 1: block c0a4f2bc92a2 at height 1926 received
[2026-09-29T06:11:39.651Z DEBUG blacksilk_p2p::net::blocks] peer 1: block 714a02a93f25 at height 1927 received
[2026-09-29T06:11:39.653Z DEBUG blacksilk_p2p::net::blocks] peer 1: block 18ef44bc86a9 at height 1928 received
[2026-09-29T06:11:41.160Z DEBUG blacksilk_p2p::net::blocks] peer 1: block 05afb7423f17 at height 1929 received
[2026-09-29T06:11:41.160Z DEBUG blacksilk_p2p::net::blocks] peer 1: block 4e915780e908 at height 1930 received
[2026-09-29T06:11:41.295Z DEBUG blacksilk_p2p::net::blocks] peer 1: block fe93c52a1c39 at height 1931 received
[2026-09-29T06:11:41.467Z DEBUG blacksilk_p2p::net::blocks] peer 1: block b0da7cf608fc at height 1932 received
[2026-09-29T06:11:41.467Z DEBUG blacksilk_p2p::net::blocks] peer 1: block c282be889ae2 at height 1933 received
[2026-09-29T06:11:41.467Z DEBUG blacksilk_p2p::net::blocks] peer 1: block 250d4a0e6c97 at height 1934 received
[2026-09-29T06:11:41.487Z DEBUG blacksilk_p2p::net::blocks] peer 1: block 26e58d3ac3b0 at height 1935 received
[2026-09-29T06:11:41.489Z DEBUG blacksilk_p2p::net::blocks] peer 1: block a0d617fae7af at height 1936 received
[2026-09-29T06:11:42.359Z DEBUG blacksilk_p2p::net::blocks] peer 1: block 601b9726ac10 at height 1937 received
[2026-09-29T06:11:42.375Z DEBUG blacksilk_p2p::net::blocks] peer 1: block e79170716c6f at height 1938 received
[2026-09-29T06:11:42.395Z DEBUG blacksilk_p2p::net::blocks] peer 1: block b9b068df458f at height 1939 received
[2026-09-29T06:11:42.412Z DEBUG blacksilk_p2p::net::blocks] peer 1: block 946401a50c90 at height 1940 received
[2026-09-29T06:11:42.443Z DEBUG blacksilk_p2p::net::blocks] peer 1: block 336a2e0d83c4 at height 1941 received
[2026-09-29T06:11:42.887Z DEBUG blacksilk_p2p::net::blocks] peer 1: block 09df5569fa43 at height 1942 received
[2026-09-29T06:11:42.912Z DEBUG blacksilk_p2p::net::blocks] peer 1: block 44ba3a27bd39 at height 1943 received
[2026-09-29T06:11:42.913Z DEBUG blacksilk_p2p::net::blocks] peer 1: block d855b3e839d3 at height 1944 received
[2026-09-29T06:11:43.951Z DEBUG blacksilk_p2p::net::blocks] peer 1: block 242e77a70089 at height 1945 received
[2026-09-29T06:11:43.951Z DEBUG blacksilk_p2p::net::blocks] peer 1: block d4befb3b716e at height 1946 received
[2026-09-29T06:11:44.041Z DEBUG blacksilk_p2p::net::blocks] peer 1: block 3204e4b006f0 at height 1947 received
[2026-09-29T06:11:44.110Z DEBUG blacksilk_p2p::net::blocks] peer 1: block f1ed93cc477f at height 1948 received
[2026-09-29T06:11:44.276Z DEBUG blacksilk_p2p::net::blocks] peer 1: block c933cb567e5e at height 1949 received
[2026-09-29T06:11:44.276Z DEBUG blacksilk_p2p::net::blocks] peer 1: block fc1f9739f439 at height 1950 received
[2026-09-29T06:11:44.276Z DEBUG blacksilk_p2p::net::blocks] peer 1: block 34b7db3a0146 at height 1951 received
[2026-09-29T06:11:44.280Z DEBUG blacksilk_p2p::net::blocks] peer 1: block bb4ba52e8e57 at height 1952 received
[2026-09-29T06:11:45.689Z DEBUG blacksilk_p2p::net::blocks] peer 1: block 1c8e65c2eab9 at height 1953 received
[2026-09-29T06:11:45.722Z DEBUG blacksilk_p2p::net::blocks] peer 1: block de0840e41457 at height 1954 received
[2026-09-29T06:11:45.874Z DEBUG blacksilk_p2p::net::blocks] peer 1: block cefe348cd037 at height 1955 received
[2026-09-29T06:11:45.961Z DEBUG blacksilk_p2p::net::blocks] peer 1: block 2b8f57cf6705 at height 1956 received
[2026-09-29T06:11:45.961Z DEBUG blacksilk_p2p::net::blocks] peer 1: block f8a0b94aabea at height 1957 received
[2026-09-29T06:11:45.962Z DEBUG blacksilk_p2p::net::blocks] peer 1: block 140d5e569a43 at height 1958 received
[2026-09-29T06:11:45.987Z DEBUG blacksilk_p2p::net::blocks] peer 1: block 29948f13a77c at height 1959 received
[2026-09-29T06:11:45.989Z DEBUG blacksilk_p2p::net::blocks] peer 1: block 50062fdabdd3 at height 1960 received
[2026-09-29T06:11:47.090Z DEBUG blacksilk_p2p::net::blocks] peer 1: block b12ab706d539 at height 1961 received
[2026-09-29T06:11:47.121Z DEBUG blacksilk_p2p::net::blocks] peer 1: block d313f5ce1b89 at height 1962 received
[2026-09-29T06:11:47.520Z DEBUG blacksilk_p2p::net::blocks] peer 1: block 91139a89af7c at height 1963 received
[2026-09-29T06:11:47.529Z DEBUG blacksilk_p2p::net::blocks] peer 1: block 6f18fb0b70b2 at height 1964 received
[2026-09-29T06:11:47.531Z DEBUG blacksilk_p2p::net::blocks] peer 1: block e55879300711 at height 1965 received
[2026-09-29T06:11:47.534Z DEBUG blacksilk_p2p::net::blocks] peer 1: block 7d0773609d2e at height 1966 received
[2026-09-29T06:11:47.535Z DEBUG blacksilk_p2p::net::blocks] peer 1: block 28b6f5a0a63c at height 1967 received
[2026-09-29T06:11:47.537Z DEBUG blacksilk_p2p::net::blocks] peer 1: block ccc871607b65 at height 1968 received
[2026-09-29T06:11:48.899Z DEBUG blacksilk_p2p::net::blocks] peer 1: block fd812f59199c at height 1969 received
[2026-09-29T06:11:48.967Z DEBUG blacksilk_p2p::net::blocks] peer 1: block 7bf064993ca4 at height 1970 received
[2026-09-29T06:11:49.019Z DEBUG blacksilk_p2p::net::blocks] peer 1: block 4b43ea295c4f at height 1971 received
[2026-09-29T06:11:49.254Z DEBUG blacksilk_p2p::net::blocks] peer 1: block df1c1ff31a7f at height 1972 received
[2026-09-29T06:11:49.256Z DEBUG blacksilk_p2p::net::blocks] peer 1: block f144014bcb33 at height 1973 received
[2026-09-29T06:11:49.265Z DEBUG blacksilk_p2p::net::blocks] peer 1: block 94d8249f9385 at height 1974 received
[2026-09-29T06:11:49.267Z DEBUG blacksilk_p2p::net::blocks] peer 1: block 948d38e6faff at height 1975 received
[2026-09-29T06:11:49.269Z DEBUG blacksilk_p2p::net::blocks] peer 1: block 068da89ff87b at height 1976 received
[2026-09-29T06:11:50.610Z DEBUG blacksilk_p2p::net::blocks] peer 1: block f0ee0d66dc47 at height 1977 received
[2026-09-29T06:11:50.610Z DEBUG blacksilk_p2p::net::blocks] peer 1: block b077f8d5a2a9 at height 1978 received
[2026-09-29T06:11:50.964Z DEBUG blacksilk_p2p::net::blocks] peer 1: block a053446b36fa at height 1979 received
[2026-09-29T06:11:51.022Z DEBUG blacksilk_p2p::net::blocks] peer 1: block 998042a138b1 at height 1980 received
[2026-09-29T06:11:51.022Z DEBUG blacksilk_p2p::net::blocks] peer 1: block a91ca8778acb at height 1981 received
[2026-09-29T06:11:51.024Z DEBUG blacksilk_p2p::net::blocks] peer 1: block bb48d4e1a0f7 at height 1982 received
[2026-09-29T06:11:51.027Z DEBUG blacksilk_p2p::net::blocks] peer 1: block 47f1327895f9 at height 1983 received
[2026-09-29T06:11:51.029Z DEBUG blacksilk_p2p::net::blocks] peer 1: block 34db1c7d4c33 at height 1984 received
[2026-09-29T06:11:52.132Z DEBUG blacksilk_p2p::net::blocks] peer 1: block 521bf7b226c8 at height 1985 received
[2026-09-29T06:11:52.170Z DEBUG blacksilk_p2p::net::blocks] peer 1: block 45794034ffb1 at height 1986 received
[2026-09-29T06:11:52.170Z DEBUG blacksilk_p2p::net::blocks] peer 1: block 7fe931bcd803 at height 1987 received
[2026-09-29T06:11:52.231Z DEBUG blacksilk_p2p::net::blocks] peer 1: block 6278cc167d7c at height 1988 received
[2026-09-29T06:11:52.247Z DEBUG blacksilk_p2p::net::blocks] peer 1: block 0b12f416c5a8 at height 1989 received
[2026-09-29T06:11:52.286Z DEBUG blacksilk_p2p::net::blocks] peer 1: block 3647d8a972f9 at height 1990 received
[2026-09-29T06:11:52.498Z DEBUG blacksilk_p2p::net::blocks] peer 1: block de399a9c592d at height 1991 received
[2026-09-29T06:11:52.551Z DEBUG blacksilk_p2p::net::blocks] peer 1: block 440921a80bd1 at height 1992 received
[2026-09-29T06:11:53.609Z DEBUG blacksilk_p2p::net::headers] peer 1: 2000 headers up to height 2000 accepted (new: true)
[2026-09-29T06:11:53.610Z DEBUG blacksilk_p2p::net::blocks] peer 1: block 4388ad7b0003 at height 1993 received
[2026-09-29T06:11:53.610Z DEBUG blacksilk_p2p::net::blocks] peer 1: block 3eb5921c5500 at height 1994 received
[2026-09-29T06:11:53.610Z DEBUG blacksilk_p2p::net::blocks] peer 1: block 677c043777ee at height 1995 received
[2026-09-29T06:11:53.616Z DEBUG blacksilk_p2p::net::blocks] peer 1: block 9ce4a25468e7 at height 1996 received
[2026-09-29T06:11:53.618Z DEBUG blacksilk_p2p::net::blocks] peer 1: block 9a47283f00c9 at height 1997 received
[2026-09-29T06:11:53.620Z DEBUG blacksilk_p2p::net::blocks] peer 1: block add0db4f71f0 at height 1998 received
[2026-09-29T06:11:53.622Z DEBUG blacksilk_p2p::net::blocks] peer 1: block 643fa5d7e580 at height 1999 received
[2026-09-29T06:11:53.624Z DEBUG blacksilk_p2p::net::blocks] peer 1: block 06b4215e6094 at height 2000 received
[2026-09-29T06:11:55.477Z DEBUG blacksilk_p2p::net::blocks] peer 1: block 0cbe3c566c65 at height 2001 received
[2026-09-29T06:11:55.478Z DEBUG blacksilk_p2p::net::blocks] peer 1: block ba2e550c76e8 at height 2002 received
[2026-09-29T06:11:55.523Z DEBUG blacksilk_p2p::net::blocks] peer 1: block aca2d6eaa5ce at height 2003 received
[2026-09-29T06:11:55.536Z DEBUG blacksilk_p2p::net::blocks] peer 1: block adda5067718b at height 2004 received
[2026-09-29T06:11:55.606Z DEBUG blacksilk_p2p::net::blocks] peer 1: block 3e919cdf0206 at height 2005 received
[2026-09-29T06:11:55.639Z DEBUG blacksilk_p2p::net::blocks] peer 1: block bdc90569fd83 at height 2006 received
[2026-09-29T06:11:55.755Z DEBUG blacksilk_p2p::net::blocks] peer 1: block ef6b2361421e at height 2007 received
[2026-09-29T06:11:55.755Z DEBUG blacksilk_p2p::net::blocks] peer 1: block 975849aef982 at height 2008 received
[2026-09-29T06:11:56.944Z DEBUG blacksilk_p2p::net::blocks] peer 1: block d759d165ab0f at height 2009 received
[2026-09-29T06:11:56.976Z DEBUG blacksilk_p2p::net::blocks] peer 1: block 6a8101d15cd5 at height 2010 received
[2026-09-29T06:11:56.991Z DEBUG blacksilk_p2p::net::blocks] peer 1: block a185169e14e3 at height 2011 received
[2026-09-29T06:11:57.054Z DEBUG blacksilk_p2p::net::blocks] peer 1: block b3e67c779481 at height 2012 received
[2026-09-29T06:11:57.056Z DEBUG blacksilk_p2p::net::blocks] peer 1: block 48f7eedf82ca at height 2013 received
[2026-09-29T06:11:57.058Z DEBUG blacksilk_p2p::net::blocks] peer 1: block f5c8f7fb7a40 at height 2014 received
[2026-09-29T06:11:57.060Z DEBUG blacksilk_p2p::net::blocks] peer 1: block bc6f873544a0 at height 2015 received
[2026-09-29T06:11:57.062Z DEBUG blacksilk_p2p::net::blocks] peer 1: block ae0367efecff at height 2016 received
[2026-09-29T06:11:58.317Z DEBUG blacksilk_p2p::net::blocks] peer 1: block 7ed2f9ea1b33 at height 2017 received
[2026-09-29T06:11:58.318Z DEBUG blacksilk_p2p::net::blocks] peer 1: block 9e1156bc663f at height 2018 received
[2026-09-29T06:11:58.771Z DEBUG blacksilk_p2p::net::blocks] peer 1: block 3c6d9d766797 at height 2019 received
[2026-09-29T06:11:58.780Z DEBUG blacksilk_p2p::net::blocks] peer 1: block ca71e9f5df51 at height 2020 received
[2026-09-29T06:11:58.782Z DEBUG blacksilk_p2p::net::blocks] peer 1: block a4eb9886fb22 at height 2021 received
[2026-09-29T06:11:58.793Z DEBUG blacksilk_p2p::net::blocks] peer 1: block ede240924134 at height 2022 received
[2026-09-29T06:11:58.803Z DEBUG blacksilk_p2p::net::blocks] peer 1: block 323b0ab61056 at height 2023 received
[2026-09-29T06:11:58.805Z DEBUG blacksilk_p2p::net::blocks] peer 1: block 1461affa034f at height 2024 received
[2026-09-29T06:11:59.893Z DEBUG blacksilk_p2p::net::blocks] peer 1: block d47adb93c49b at height 2025 received
[2026-09-29T06:11:59.908Z DEBUG blacksilk_p2p::net::blocks] peer 1: block 77f0cb8e20e6 at height 2026 received
[2026-09-29T06:12:00.007Z DEBUG blacksilk_p2p::net::blocks] peer 1: block 6207aee24be0 at height 2027 received
[2026-09-29T06:12:00.059Z DEBUG blacksilk_p2p::net::blocks] peer 1: block 30010e62b2ca at height 2028 received
[2026-09-29T06:12:00.109Z DEBUG blacksilk_p2p::net::blocks] peer 1: block a94516c35c2a at height 2029 received
[2026-09-29T06:12:00.173Z DEBUG blacksilk_p2p::net::blocks] peer 1: block 78f0e6c0b9ff at height 2030 received
[2026-09-29T06:12:00.173Z DEBUG blacksilk_p2p::net::blocks] peer 1: block e7f598221c22 at height 2031 received
[2026-09-29T06:12:00.175Z DEBUG blacksilk_p2p::net::blocks] peer 1: block 17232aef7f4b at height 2032 received
[2026-09-29T06:12:01.375Z DEBUG blacksilk_p2p::net::blocks] peer 1: block 2695c68df641 at height 2033 received
[2026-09-29T06:12:01.375Z DEBUG blacksilk_p2p::net::blocks] peer 1: block 1b2d63f06135 at height 2034 received
[2026-09-29T06:12:01.375Z DEBUG blacksilk_p2p::net::blocks] peer 1: block 26699727304b at height 2035 received
[2026-09-29T06:12:01.421Z DEBUG blacksilk_p2p::net::blocks] peer 1: block cd388c9c76e1 at height 2036 received
[2026-09-29T06:12:01.459Z DEBUG blacksilk_p2p::net::blocks] peer 1: block fc23cc77fe2a at height 2037 received
[2026-09-29T06:12:01.495Z DEBUG blacksilk_p2p::net::blocks] peer 1: block 7ecd31d2fe23 at height 2038 received
[2026-09-29T06:12:01.506Z DEBUG blacksilk_p2p::net::blocks] peer 1: block d984116955f9 at height 2039 received
[2026-09-29T06:12:01.558Z DEBUG blacksilk_p2p::net::blocks] peer 1: block 39a4d2084fc4 at height 2040 received
[2026-09-29T06:12:02.509Z DEBUG blacksilk_p2p::net::blocks] peer 1: block 212fb0dcaea4 at height 2041 received
[2026-09-29T06:12:02.511Z DEBUG blacksilk_p2p::net::blocks] peer 1: block 6bbc256771a3 at height 2042 received
[2026-09-29T06:12:02.522Z DEBUG blacksilk_p2p::net::blocks] peer 1: block 87f6e4abcb69 at height 2043 received
[2026-09-29T06:12:02.790Z DEBUG blacksilk_p2p::net::blocks] peer 1: block f61f983fa519 at height 2044 received
[2026-09-29T06:12:02.798Z DEBUG blacksilk_p2p::net::blocks] peer 1: block 56144709b9ac at height 2045 received
[2026-09-29T06:12:02.800Z DEBUG blacksilk_p2p::net::blocks] peer 1: block c6f2efbe4fe8 at height 2046 received
[2026-09-29T06:12:02.802Z DEBUG blacksilk_p2p::net::blocks] peer 1: block 8cfa667197f4 at height 2047 received
[2026-09-29T06:12:02.804Z DEBUG blacksilk_p2p::net::blocks] peer 1: block 3bbf6fb874d6 at height 2048 received
[2026-09-29T06:12:04.216Z DEBUG blacksilk_p2p::net::blocks] peer 1: block 07e7f2f04c23 at height 2049 received
[2026-09-29T06:12:04.250Z DEBUG blacksilk_p2p::net::blocks] peer 1: block adad1f3dbd83 at height 2050 received
[2026-09-29T06:12:04.456Z DEBUG blacksilk_p2p::net::blocks] peer 1: block c8e677a44bce at height 2051 received
[2026-09-29T06:12:04.459Z DEBUG blacksilk_p2p::net::blocks] peer 1: block 52a2e67ab0d4 at height 2052 received
[2026-09-29T06:12:04.461Z DEBUG blacksilk_p2p::net::blocks] peer 1: block 5c85dbbbf3f5 at height 2053 received
[2026-09-29T06:12:04.463Z DEBUG blacksilk_p2p::net::blocks] peer 1: block 096cca3c6fc0 at height 2054 received
[2026-09-29T06:12:04.471Z DEBUG blacksilk_p2p::net::blocks] peer 1: block 241e9f81d03f at height 2055 received
[2026-09-29T06:12:04.473Z DEBUG blacksilk_p2p::net::blocks] peer 1: block 1e0db94d1578 at height 2056 received
[2026-09-29T06:12:05.610Z DEBUG blacksilk_p2p::net::blocks] peer 1: block 55e68da70eb5 at height 2057 received
[2026-09-29T06:12:05.625Z DEBUG blacksilk_p2p::net::blocks] peer 1: block 14fd610b39e3 at height 2058 received
[2026-09-29T06:12:05.657Z DEBUG blacksilk_p2p::net::blocks] peer 1: block 70b62de68e81 at height 2059 received
[2026-09-29T06:12:05.699Z DEBUG blacksilk_p2p::net::blocks] peer 1: block 1083eeb388c3 at height 2060 received
[2026-09-29T06:12:05.748Z DEBUG blacksilk_p2p::net::blocks] peer 1: block 5543263e4052 at height 2061 received
[2026-09-29T06:12:05.759Z DEBUG blacksilk_p2p::net::blocks] peer 1: block c9bcc3ddec87 at height 2062 received
[2026-09-29T06:12:05.810Z DEBUG blacksilk_p2p::net::blocks] peer 1: block 580bcd74b32a at height 2063 received
[2026-09-29T06:12:05.810Z DEBUG blacksilk_p2p::net::blocks] peer 1: block cd25ee70f856 at height 2064 received
[2026-09-29T06:12:06.968Z DEBUG blacksilk_p2p::net::blocks] peer 1: block 75437ca0ac61 at height 2065 received
[2026-09-29T06:12:06.969Z DEBUG blacksilk_p2p::net::blocks] peer 1: block c58e2ce92db1 at height 2066 received
[2026-09-29T06:12:06.972Z DEBUG blacksilk_p2p::net::blocks] peer 1: block e9edde09d361 at height 2067 received
[2026-09-29T06:12:06.985Z DEBUG blacksilk_p2p::net::blocks] peer 1: block 07d761051b0d at height 2068 received
[2026-09-29T06:12:06.994Z DEBUG blacksilk_p2p::net::blocks] peer 1: block dc8cfca27e11 at height 2069 received
[2026-09-29T06:12:07.001Z DEBUG blacksilk_p2p::net::blocks] peer 1: block 7b9ef58674c7 at height 2070 received
[2026-09-29T06:12:07.014Z DEBUG blacksilk_p2p::net::blocks] peer 1: block c99320e204a2 at height 2071 received
[2026-09-29T06:12:07.065Z DEBUG blacksilk_p2p::net::blocks] peer 1: block 5632ba177909 at height 2072 received
[2026-09-29T06:12:08.103Z DEBUG blacksilk_p2p::net::blocks] peer 1: block 5e08a0380e11 at height 2073 received
[2026-09-29T06:12:08.110Z DEBUG blacksilk_p2p::net::blocks] peer 1: block 0d2f1bb36b84 at height 2074 received
[2026-09-29T06:12:08.134Z DEBUG blacksilk_p2p::net::blocks] peer 1: block 46a604b81db2 at height 2075 received
[2026-09-29T06:12:08.393Z DEBUG blacksilk_p2p::net::blocks] peer 1: block 9dab74227d0f at height 2076 received
[2026-09-29T06:12:08.394Z DEBUG blacksilk_p2p::net::blocks] peer 1: block 62652180f429 at height 2077 received
[2026-09-29T06:12:08.396Z DEBUG blacksilk_p2p::net::blocks] peer 1: block 74d86e9b9429 at height 2078 received
[2026-09-29T06:12:08.398Z DEBUG blacksilk_p2p::net::blocks] peer 1: block fbe3e9baed2f at height 2079 received
[2026-09-29T06:12:08.400Z DEBUG blacksilk_p2p::net::blocks] peer 1: block e9ee2fa0be07 at height 2080 received
[2026-09-29T06:12:09.207Z DEBUG blacksilk_p2p::net::blocks] peer 1: block 54345e7528f8 at height 2081 received
[2026-09-29T06:12:09.207Z DEBUG blacksilk_p2p::net::blocks] peer 1: block 10fb2027e0b6 at height 2082 received
[2026-09-29T06:12:09.207Z DEBUG blacksilk_p2p::net::blocks] peer 1: block ef0ea613e5e7 at height 2083 received
[2026-09-29T06:12:09.215Z DEBUG blacksilk_p2p::net::blocks] peer 1: block 136b288c71f5 at height 2084 received
[2026-09-29T06:12:09.217Z DEBUG blacksilk_p2p::net::blocks] peer 1: block e35fbd8156a4 at height 2085 received
[2026-09-29T06:12:09.225Z DEBUG blacksilk_p2p::net::blocks] peer 1: block 790e7f1d0045 at height 2086 received
[2026-09-29T06:12:09.227Z DEBUG blacksilk_p2p::net::blocks] peer 1: block b1b7126e9b2f at height 2087 received
[2026-09-29T06:12:09.229Z DEBUG blacksilk_p2p::net::blocks] peer 1: block b613716ef0ef at height 2088 received
[2026-09-29T06:12:10.011Z DEBUG blacksilk_p2p::net::blocks] peer 1: block d08ef07f220b at height 2089 received
[2026-09-29T06:12:10.011Z DEBUG blacksilk_p2p::net::blocks] peer 1: block 514b497cbc5d at height 2090 received
[2026-09-29T06:12:10.011Z DEBUG blacksilk_p2p::net::blocks] peer 1: block 8cb0faf2925d at height 2091 received
[2026-09-29T06:12:10.014Z DEBUG blacksilk_p2p::net::blocks] peer 1: block 3f671ea57ee1 at height 2092 received
[2026-09-29T06:12:10.015Z DEBUG blacksilk_p2p::net::blocks] peer 1: block e15d5f557d06 at height 2093 received
[2026-09-29T06:12:10.023Z DEBUG blacksilk_p2p::net::blocks] peer 1: block 3505dfa49f42 at height 2094 received
[2026-09-29T06:12:10.031Z DEBUG blacksilk_p2p::net::blocks] peer 1: block 5e7d2550ae57 at height 2095 received
[2026-09-29T06:12:10.042Z DEBUG blacksilk_p2p::net::blocks] peer 1: block dedc7ec0144c at height 2096 received
[2026-09-29T06:12:10.524Z DEBUG blacksilk_p2p::net::blocks] peer 1: block 709bd0c62a64 at height 2097 received
[2026-09-29T06:12:10.524Z DEBUG blacksilk_p2p::net::blocks] peer 1: block f5275db97433 at height 2098 received
[2026-09-29T06:12:10.524Z DEBUG blacksilk_p2p::net::blocks] peer 1: block fcc953900d08 at height 2099 received
[2026-09-29T06:12:10.527Z DEBUG blacksilk_p2p::net::blocks] peer 1: block 02c031d42884 at height 2100 received
[2026-09-29T06:12:10.534Z DEBUG blacksilk_p2p::net::blocks] peer 1: block 5341418bfb67 at height 2101 received
[2026-09-29T06:12:10.542Z DEBUG blacksilk_p2p::net::blocks] peer 1: block ca398d81ed47 at height 2102 received
[2026-09-29T06:12:10.551Z DEBUG blacksilk_p2p::net::blocks] peer 1: block dc748c4e4338 at height 2103 received
[2026-09-29T06:12:10.553Z DEBUG blacksilk_p2p::net::blocks] peer 1: block a43e730831d1 at height 2104 received
[2026-09-29T06:12:11.319Z DEBUG blacksilk_p2p::net::blocks] peer 1: block 7b32d3c13a95 at height 2105 received
[2026-09-29T06:12:11.319Z DEBUG blacksilk_p2p::net::blocks] peer 1: block c8eea7a9d722 at height 2106 received
[2026-09-29T06:12:11.319Z DEBUG blacksilk_p2p::net::blocks] peer 1: block cd2b40113a60 at height 2107 received
[2026-09-29T06:12:11.323Z DEBUG blacksilk_p2p::net::blocks] peer 1: block 78ae8e567095 at height 2108 received
[2026-09-29T06:12:11.325Z DEBUG blacksilk_p2p::net::blocks] peer 1: block 2a23ce59e8d4 at height 2109 received
[2026-09-29T06:12:11.329Z DEBUG blacksilk_p2p::net::blocks] peer 1: block 5b27d912e998 at height 2110 received
[2026-09-29T06:12:11.329Z DEBUG blacksilk_p2p::net::blocks] peer 1: block 7326d160ac0f at height 2111 received
[2026-09-29T06:12:11.331Z DEBUG blacksilk_p2p::net::blocks] peer 1: block 9da046dff578 at height 2112 received
[2026-09-29T06:12:12.252Z DEBUG blacksilk_p2p::net::blocks] peer 1: block 41d90bf040a1 at height 2113 received
[2026-09-29T06:12:12.263Z DEBUG blacksilk_p2p::net::blocks] peer 1: block 442e39fa1ff4 at height 2114 received
[2026-09-29T06:12:12.270Z DEBUG blacksilk_p2p::net::blocks] peer 1: block 16d602b114fc at height 2115 received
[2026-09-29T06:12:12.715Z DEBUG blacksilk_p2p::net::blocks] peer 1: block 01b887f4ed81 at height 2116 received
[2026-09-29T06:12:12.715Z DEBUG blacksilk_p2p::net::blocks] peer 1: block 7ccf08616e53 at height 2117 received
[2026-09-29T06:12:12.715Z DEBUG blacksilk_p2p::net::blocks] peer 1: block 376849076f4c at height 2118 received
[2026-09-29T06:12:12.724Z DEBUG blacksilk_p2p::net::blocks] peer 1: block 510860ea8273 at height 2119 received
[2026-09-29T06:12:12.732Z DEBUG blacksilk_p2p::net::blocks] peer 1: block f50fa25e1db9 at height 2120 received
[2026-09-29T06:12:13.790Z DEBUG blacksilk_p2p::net::blocks] peer 1: block 19b3b9e776c0 at height 2121 received
[2026-09-29T06:12:13.806Z DEBUG blacksilk_p2p::net::blocks] peer 1: block d0095f9c526b at height 2122 received
[2026-09-29T06:12:13.806Z DEBUG blacksilk_p2p::net::blocks] peer 1: block 83cc8c1d2806 at height 2123 received
[2026-09-29T06:12:13.823Z DEBUG blacksilk_p2p::net::blocks] peer 1: block f465d0313520 at height 2124 received
[2026-09-29T06:12:13.837Z DEBUG blacksilk_p2p::net::blocks] peer 1: block a1e06d496f6f at height 2125 received
[2026-09-29T06:12:13.838Z DEBUG blacksilk_p2p::net::blocks] peer 1: block 2de91f5230fd at height 2126 received
[2026-09-29T06:12:13.840Z DEBUG blacksilk_p2p::net::blocks] peer 1: block 52e5246869e8 at height 2127 received
[2026-09-29T06:12:13.843Z DEBUG blacksilk_p2p::net::blocks] peer 1: block fc03ded9887f at height 2128 received
[2026-09-29T06:12:15.503Z DEBUG blacksilk_p2p::net::blocks] peer 1: block 6b87d0e3b223 at height 2129 received
[2026-09-29T06:12:15.503Z DEBUG blacksilk_p2p::net::blocks] peer 1: block 68df272d7f8d at height 2130 received
[2026-09-29T06:12:15.504Z DEBUG blacksilk_p2p::net::blocks] peer 1: block 6f865ae335fb at height 2131 received
[2026-09-29T06:12:15.804Z DEBUG blacksilk_p2p::net::blocks] peer 1: block 473cb69fbd2b at height 2132 received
[2026-09-29T06:12:15.804Z DEBUG blacksilk_p2p::net::blocks] peer 1: block e97abb1b2839 at height 2133 received
[2026-09-29T06:12:15.804Z DEBUG blacksilk_p2p::net::blocks] peer 1: block 3794e7d83548 at height 2134 received
[2026-09-29T06:12:15.812Z DEBUG blacksilk_p2p::net::blocks] peer 1: block 573658ba5199 at height 2135 received
[2026-09-29T06:12:15.816Z DEBUG blacksilk_p2p::net::blocks] peer 1: block c94dfad4713c at height 2136 received
[2026-09-29T06:12:17.047Z DEBUG blacksilk_p2p::net::blocks] peer 1: block 6b9a774bcbb9 at height 2137 received
[2026-09-29T06:12:17.047Z DEBUG blacksilk_p2p::net::blocks] peer 1: block 74b95c90a9b8 at height 2138 received
[2026-09-29T06:12:17.048Z DEBUG blacksilk_p2p::net::blocks] peer 1: block 205c67f10b12 at height 2139 received
[2026-09-29T06:12:17.051Z DEBUG blacksilk_p2p::net::blocks] peer 1: block 0eb5af7e6f5f at height 2140 received
[2026-09-29T06:12:17.060Z DEBUG blacksilk_p2p::net::blocks] peer 1: block e95fe6bf6550 at height 2141 received
[2026-09-29T06:12:17.063Z DEBUG blacksilk_p2p::net::blocks] peer 1: block b7b29254838b at height 2142 received
[2026-09-29T06:12:17.065Z DEBUG blacksilk_p2p::net::blocks] peer 1: block fffaacbfef66 at height 2143 received
[2026-09-29T06:12:17.067Z DEBUG blacksilk_p2p::net::blocks] peer 1: block 60e6088cdd97 at height 2144 received
[2026-09-29T06:12:17.580Z DEBUG blacksilk_p2p::net::blocks] peer 1: block 3d26ae6bb770 at height 2145 received
[2026-09-29T06:12:17.580Z DEBUG blacksilk_p2p::net::blocks] peer 1: block 14fcf41cb293 at height 2146 received
[2026-09-29T06:12:17.580Z DEBUG blacksilk_p2p::net::blocks] peer 1: block c6489605c73e at height 2147 received
[2026-09-29T06:12:17.588Z DEBUG blacksilk_p2p::net::blocks] peer 1: block 4992fbdab2c0 at height 2148 received
[2026-09-29T06:12:17.590Z DEBUG blacksilk_p2p::net::blocks] peer 1: block 4d6ad195fbd7 at height 2149 received
[2026-09-29T06:12:17.592Z DEBUG blacksilk_p2p::net::blocks] peer 1: block 41cbef1386db at height 2150 received
[2026-09-29T06:12:17.599Z DEBUG blacksilk_p2p::net::blocks] peer 1: block 81f99d2aade9 at height 2151 received
[2026-09-29T06:12:17.607Z DEBUG blacksilk_p2p::net::blocks] peer 1: block f3562d29d0c1 at height 2152 received
[2026-09-29T06:12:18.386Z DEBUG blacksilk_p2p::net::blocks] peer 1: block 68d3fa025460 at height 2153 received
[2026-09-29T06:12:18.387Z DEBUG blacksilk_p2p::net::blocks] peer 1: block 2905adee7a76 at height 2154 received
[2026-09-29T06:12:18.387Z DEBUG blacksilk_p2p::net::blocks] peer 1: block f7b8894dc1b9 at height 2155 received
[2026-09-29T06:12:18.396Z DEBUG blacksilk_p2p::net::blocks] peer 1: block b863f38fc1ed at height 2156 received
[2026-09-29T06:12:18.407Z DEBUG blacksilk_p2p::net::blocks] peer 1: block 29012c033346 at height 2157 received
[2026-09-29T06:12:18.409Z DEBUG blacksilk_p2p::net::blocks] peer 1: block f71a1d87af66 at height 2158 received
[2026-09-29T06:12:18.417Z DEBUG blacksilk_p2p::net::blocks] peer 1: block 6fa3128ff6aa at height 2159 received
[2026-09-29T06:12:18.424Z DEBUG blacksilk_p2p::net::blocks] peer 1: block 5a6d9ba3ffd0 at height 2160 received
[2026-09-29T06:12:19.199Z DEBUG blacksilk_p2p::net::blocks] peer 1: block 304f20519c81 at height 2161 received
[2026-09-29T06:12:19.199Z DEBUG blacksilk_p2p::net::blocks] peer 1: block 9dd0fc66c889 at height 2162 received
[2026-09-29T06:12:19.199Z DEBUG blacksilk_p2p::net::blocks] peer 1: block 2aafa19333b9 at height 2163 received
[2026-09-29T06:12:19.203Z DEBUG blacksilk_p2p::net::blocks] peer 1: block 1281a7b31474 at height 2164 received
[2026-09-29T06:12:19.205Z DEBUG blacksilk_p2p::net::blocks] peer 1: block 742615b3db72 at height 2165 received
[2026-09-29T06:12:19.207Z DEBUG blacksilk_p2p::net::blocks] peer 1: block e56dc0bee86a at height 2166 received
[2026-09-29T06:12:19.208Z DEBUG blacksilk_p2p::net::blocks] peer 1: block d2a5d5753e5e at height 2167 received
[2026-09-29T06:12:19.223Z DEBUG blacksilk_p2p::net::blocks] peer 1: block faa634286245 at height 2168 received
[2026-09-29T06:12:19.734Z DEBUG blacksilk_p2p::net::blocks] peer 1: block deaa89943c6d at height 2169 received
[2026-09-29T06:12:19.734Z DEBUG blacksilk_p2p::net::blocks] peer 1: block 695a5d100b68 at height 2170 received
[2026-09-29T06:12:19.734Z DEBUG blacksilk_p2p::net::blocks] peer 1: block 3d02cd56c915 at height 2171 received
[2026-09-29T06:12:19.759Z DEBUG blacksilk_p2p::net::blocks] peer 1: block 46a775ec3f51 at height 2172 received
[2026-09-29T06:12:19.761Z DEBUG blacksilk_p2p::net::blocks] peer 1: block 68e6c488b379 at height 2173 received
[2026-09-29T06:12:19.763Z DEBUG blacksilk_p2p::net::blocks] peer 1: block e1e49f133be2 at height 2174 received
[2026-09-29T06:12:19.770Z DEBUG blacksilk_p2p::net::blocks] peer 1: block e14b993753a3 at height 2175 received
[2026-09-29T06:12:19.777Z DEBUG blacksilk_p2p::net::blocks] peer 1: block 0fca73450947 at height 2176 received
[2026-09-29T06:12:20.549Z DEBUG blacksilk_p2p::net::blocks] peer 1: block a1ff6382859b at height 2177 received
[2026-09-29T06:12:20.549Z DEBUG blacksilk_p2p::net::blocks] peer 1: block 140b8fb0aaa3 at height 2178 received
[2026-09-29T06:12:20.549Z DEBUG blacksilk_p2p::net::blocks] peer 1: block 2c0363f5d058 at height 2179 received
[2026-09-29T06:12:20.552Z DEBUG blacksilk_p2p::net::blocks] peer 1: block 2f30e57d1a9a at height 2180 received
[2026-09-29T06:12:20.565Z DEBUG blacksilk_p2p::net::blocks] peer 1: block 0abf5dbae34d at height 2181 received
[2026-09-29T06:12:20.567Z DEBUG blacksilk_p2p::net::blocks] peer 1: block b4067f8f689d at height 2182 received
[2026-09-29T06:12:20.578Z DEBUG blacksilk_p2p::net::blocks] peer 1: block 4ae3260a0fe4 at height 2183 received
[2026-09-29T06:12:20.580Z DEBUG blacksilk_p2p::net::blocks] peer 1: block e26b073799c9 at height 2184 received
[2026-09-29T06:12:21.079Z DEBUG blacksilk_p2p::net::blocks] peer 1: block de4f29699b98 at height 2185 received
[2026-09-29T06:12:21.079Z DEBUG blacksilk_p2p::net::blocks] peer 1: block cf01d32d33e1 at height 2186 received
[2026-09-29T06:12:21.080Z DEBUG blacksilk_p2p::net::blocks] peer 1: block eea6268858ae at height 2187 received
[2026-09-29T06:12:21.092Z DEBUG blacksilk_p2p::net::blocks] peer 1: block 973b9548cd96 at height 2188 received
[2026-09-29T06:12:21.094Z DEBUG blacksilk_p2p::net::blocks] peer 1: block 53ca5257b956 at height 2189 received
[2026-09-29T06:12:21.096Z DEBUG blacksilk_p2p::net::blocks] peer 1: block f4ee0488f02f at height 2190 received
[2026-09-29T06:12:21.104Z DEBUG blacksilk_p2p::net::blocks] peer 1: block 4a44ff51c496 at height 2191 received
[2026-09-29T06:12:21.105Z DEBUG blacksilk_p2p::net::blocks] peer 1: block 818cdb488482 at height 2192 received
[2026-09-29T06:12:21.856Z DEBUG blacksilk_p2p::net::blocks] peer 1: block dfe3cf2e148e at height 2193 received
[2026-09-29T06:12:21.856Z DEBUG blacksilk_p2p::net::blocks] peer 1: block 0695740af731 at height 2194 received
[2026-09-29T06:12:21.856Z DEBUG blacksilk_p2p::net::blocks] peer 1: block 8a2d9af93d0e at height 2195 received
[2026-09-29T06:12:21.865Z DEBUG blacksilk_p2p::net::blocks] peer 1: block 657f8a2d68ee at height 2196 received
[2026-09-29T06:12:21.867Z DEBUG blacksilk_p2p::net::blocks] peer 1: block 5b3f4d65d80b at height 2197 received
[2026-09-29T06:12:21.869Z DEBUG blacksilk_p2p::net::blocks] peer 1: block 7cc9f4479446 at height 2198 received
[2026-09-29T06:12:21.876Z DEBUG blacksilk_p2p::net::blocks] peer 1: block 97a4a080fd6a at height 2199 received
[2026-09-29T06:12:21.878Z DEBUG blacksilk_p2p::net::blocks] peer 1: block 628a78e29c79 at height 2200 received
[2026-09-29T06:12:22.656Z DEBUG blacksilk_p2p::net::blocks] peer 1: block cc3035bfb104 at height 2201 received
[2026-09-29T06:12:22.656Z DEBUG blacksilk_p2p::net::blocks] peer 1: block f339ebe1715e at height 2202 received
[2026-09-29T06:12:22.656Z DEBUG blacksilk_p2p::net::blocks] peer 1: block eecface5b68a at height 2203 received
[2026-09-29T06:12:22.676Z DEBUG blacksilk_p2p::net::blocks] peer 1: block 9591cd654f69 at height 2204 received
[2026-09-29T06:12:22.678Z DEBUG blacksilk_p2p::net::blocks] peer 1: block 7f27992a1ed2 at height 2205 received
[2026-09-29T06:12:22.679Z DEBUG blacksilk_p2p::net::blocks] peer 1: block 81492b7271dc at height 2206 received
[2026-09-29T06:12:22.687Z DEBUG blacksilk_p2p::net::blocks] peer 1: block 4348f70ff915 at height 2207 received
[2026-09-29T06:12:22.695Z DEBUG blacksilk_p2p::net::blocks] peer 1: block 154b6a72e863 at height 2208 received
[2026-09-29T06:12:23.435Z DEBUG blacksilk_p2p::net::blocks] peer 1: block f0fc257a2411 at height 2209 received
[2026-09-29T06:12:23.435Z DEBUG blacksilk_p2p::net::blocks] peer 1: block a1476bc5d2eb at height 2210 received
[2026-09-29T06:12:23.435Z DEBUG blacksilk_p2p::net::blocks] peer 1: block c9f80b1e61d9 at height 2211 received
[2026-09-29T06:12:23.438Z DEBUG blacksilk_p2p::net::blocks] peer 1: block de5f5b45d242 at height 2212 received
[2026-09-29T06:12:23.439Z DEBUG blacksilk_p2p::net::blocks] peer 1: block 9f174398fd8d at height 2213 received
[2026-09-29T06:12:23.447Z DEBUG blacksilk_p2p::net::blocks] peer 1: block 40ff08ca7e5e at height 2214 received
[2026-09-29T06:12:23.449Z DEBUG blacksilk_p2p::net::blocks] peer 1: block 156764bff411 at height 2215 received
[2026-09-29T06:12:23.451Z DEBUG blacksilk_p2p::net::blocks] peer 1: block f8ad09ba9978 at height 2216 received
[2026-09-29T06:12:23.998Z DEBUG blacksilk_p2p::net::blocks] peer 1: block ad87a65a52d2 at height 2217 received
[2026-09-29T06:12:24.003Z DEBUG blacksilk_p2p::net::blocks] peer 1: block 59f120a86f16 at height 2218 received
[2026-09-29T06:12:24.004Z DEBUG blacksilk_p2p::net::blocks] peer 1: block 6406cfdbe45f at height 2219 received
[2026-09-29T06:12:24.042Z DEBUG blacksilk_p2p::net::blocks] peer 1: block 50736f6f15fb at height 2220 received
[2026-09-29T06:12:24.044Z DEBUG blacksilk_p2p::net::blocks] peer 1: block faf333bc9fc0 at height 2221 received
[2026-09-29T06:12:24.046Z DEBUG blacksilk_p2p::net::blocks] peer 1: block 579117d08257 at height 2222 received
[2026-09-29T06:12:24.048Z DEBUG blacksilk_p2p::net::blocks] peer 1: block eba9d327371a at height 2223 received
[2026-09-29T06:12:24.050Z DEBUG blacksilk_p2p::net::blocks] peer 1: block fea40d64b324 at height 2224 received
[2026-09-29T06:12:24.760Z DEBUG blacksilk_p2p::net::blocks] peer 1: block e72af75a4b27 at height 2225 received
[2026-09-29T06:12:24.762Z DEBUG blacksilk_p2p::net::blocks] peer 1: block 5a30fcf90db0 at height 2226 received
[2026-09-29T06:12:24.850Z DEBUG blacksilk_p2p::net::blocks] peer 1: block 8499ca583a39 at height 2227 received
[2026-09-29T06:12:24.871Z DEBUG blacksilk_p2p::net::blocks] peer 1: block ae30b3edb972 at height 2228 received
[2026-09-29T06:12:24.873Z DEBUG blacksilk_p2p::net::blocks] peer 1: block a4d1dc24d8e1 at height 2229 received
[2026-09-29T06:12:24.875Z DEBUG blacksilk_p2p::net::blocks] peer 1: block b8ad9ba70563 at height 2230 received
[2026-09-29T06:12:24.877Z DEBUG blacksilk_p2p::net::blocks] peer 1: block c0629e259f23 at height 2231 received
[2026-09-29T06:12:24.885Z DEBUG blacksilk_p2p::net::blocks] peer 1: block 3f907ba11a2d at height 2232 received
[2026-09-29T06:12:25.876Z DEBUG blacksilk_p2p::net::blocks] peer 1: block 9d87e3247616 at height 2233 received
[2026-09-29T06:12:25.876Z DEBUG blacksilk_p2p::net::blocks] peer 1: block fa1afc0aafc3 at height 2234 received
[2026-09-29T06:12:25.877Z DEBUG blacksilk_p2p::net::blocks] peer 1: block 8fed7a102742 at height 2235 received
[2026-09-29T06:12:25.880Z DEBUG blacksilk_p2p::net::blocks] peer 1: block ab69a9b060c3 at height 2236 received
[2026-09-29T06:12:25.888Z DEBUG blacksilk_p2p::net::blocks] peer 1: block 4ab23f446b06 at height 2237 received
[2026-09-29T06:12:25.899Z DEBUG blacksilk_p2p::net::blocks] peer 1: block de409ca34089 at height 2238 received
[2026-09-29T06:12:25.901Z DEBUG blacksilk_p2p::net::blocks] peer 1: block faf6745a11f1 at height 2239 received
[2026-09-29T06:12:25.908Z DEBUG blacksilk_p2p::net::blocks] peer 1: block f5e221d34519 at height 2240 received
[2026-09-29T06:12:26.438Z DEBUG blacksilk_p2p::net::blocks] peer 1: block 5f2326f34a63 at height 2241 received
[2026-09-29T06:12:26.438Z DEBUG blacksilk_p2p::net::blocks] peer 1: block c6b32175c64b at height 2242 received
[2026-09-29T06:12:26.439Z DEBUG blacksilk_p2p::net::blocks] peer 1: block bcbc2c99e793 at height 2243 received
[2026-09-29T06:12:26.452Z DEBUG blacksilk_p2p::net::blocks] peer 1: block ea6156efe5d3 at height 2244 received
[2026-09-29T06:12:26.453Z DEBUG blacksilk_p2p::net::blocks] peer 1: block fcf8bd1c6b1b at height 2245 received
[2026-09-29T06:12:26.455Z DEBUG blacksilk_p2p::net::blocks] peer 1: block 2ce050bce549 at height 2246 received
[2026-09-29T06:12:26.465Z DEBUG blacksilk_p2p::net::blocks] peer 1: block c3dce56d7de4 at height 2247 received
[2026-09-29T06:12:26.467Z DEBUG blacksilk_p2p::net::blocks] peer 1: block 1c76e3963f32 at height 2248 received
[2026-09-29T06:12:27.256Z DEBUG blacksilk_p2p::net::blocks] peer 1: block e262ce013ef3 at height 2249 received
[2026-09-29T06:12:27.256Z DEBUG blacksilk_p2p::net::blocks] peer 1: block 7ac886b99620 at height 2250 received
[2026-09-29T06:12:27.256Z DEBUG blacksilk_p2p::net::blocks] peer 1: block 01ef1bbc55bd at height 2251 received
[2026-09-29T06:12:27.272Z DEBUG blacksilk_p2p::net::blocks] peer 1: block 31ce0a325fb3 at height 2252 received
[2026-09-29T06:12:27.274Z DEBUG blacksilk_p2p::net::blocks] peer 1: block 53849619b4de at height 2253 received
[2026-09-29T06:12:27.276Z DEBUG blacksilk_p2p::net::blocks] peer 1: block c32c57054fb0 at height 2254 received
[2026-09-29T06:12:27.278Z DEBUG blacksilk_p2p::net::blocks] peer 1: block 2b935698f315 at height 2255 received
[2026-09-29T06:12:27.286Z DEBUG blacksilk_p2p::net::blocks] peer 1: block 6f93c27ebafb at height 2256 received
[2026-09-29T06:12:27.856Z DEBUG blacksilk_p2p::net::blocks] peer 1: block 5261db90f253 at height 2257 received
[2026-09-29T06:12:27.856Z DEBUG blacksilk_p2p::net::blocks] peer 1: block d2734c9d52f9 at height 2258 received
[2026-09-29T06:12:27.856Z DEBUG blacksilk_p2p::net::blocks] peer 1: block 5de3f178fb3c at height 2259 received
[2026-09-29T06:12:27.868Z DEBUG blacksilk_p2p::net::blocks] peer 1: block 2875d7861fc2 at height 2260 received
[2026-09-29T06:12:27.870Z DEBUG blacksilk_p2p::net::blocks] peer 1: block 9d91c846bcb1 at height 2261 received
[2026-09-29T06:12:27.873Z DEBUG blacksilk_p2p::net::blocks] peer 1: block 115799121816 at height 2262 received
[2026-09-29T06:12:27.874Z DEBUG blacksilk_p2p::net::blocks] peer 1: block 44ec052bff06 at height 2263 received
[2026-09-29T06:12:27.877Z DEBUG blacksilk_p2p::net::blocks] peer 1: block 1e53b2710aa6 at height 2264 received
[2026-09-29T06:12:28.623Z DEBUG blacksilk_p2p::net::blocks] peer 1: block acf21dde1a19 at height 2265 received
[2026-09-29T06:12:28.623Z DEBUG blacksilk_p2p::net::blocks] peer 1: block bfd52cf39750 at height 2266 received
[2026-09-29T06:12:28.623Z DEBUG blacksilk_p2p::net::blocks] peer 1: block 4211440ef0ff at height 2267 received
[2026-09-29T06:12:28.629Z DEBUG blacksilk_p2p::net::blocks] peer 1: block 89f09a2e96a1 at height 2268 received
[2026-09-29T06:12:28.631Z DEBUG blacksilk_p2p::net::blocks] peer 1: block edfdd995ed5c at height 2269 received
[2026-09-29T06:12:28.633Z DEBUG blacksilk_p2p::net::blocks] peer 1: block a6554547f783 at height 2270 received
[2026-09-29T06:12:28.641Z DEBUG blacksilk_p2p::net::blocks] peer 1: block 010445673897 at height 2271 received
[2026-09-29T06:12:28.663Z DEBUG blacksilk_p2p::net::blocks] peer 1: block 716da733838b at height 2272 received
[2026-09-29T06:12:29.447Z DEBUG blacksilk_p2p::net::blocks] peer 1: block 876d58abba86 at height 2273 received
[2026-09-29T06:12:29.448Z DEBUG blacksilk_p2p::net::blocks] peer 1: block c3c346741d9e at height 2274 received
[2026-09-29T06:12:29.448Z DEBUG blacksilk_p2p::net::blocks] peer 1: block 5469e66c81cd at height 2275 received
[2026-09-29T06:12:29.451Z DEBUG blacksilk_p2p::net::blocks] peer 1: block 83b2682e72b7 at height 2276 received
[2026-09-29T06:12:29.453Z DEBUG blacksilk_p2p::net::blocks] peer 1: block 506022c0d513 at height 2277 received
[2026-09-29T06:12:29.455Z DEBUG blacksilk_p2p::net::blocks] peer 1: block e8f25831f9b5 at height 2278 received
[2026-09-29T06:12:29.457Z DEBUG blacksilk_p2p::net::blocks] peer 1: block 8140d1f8f130 at height 2279 received
[2026-09-29T06:12:29.459Z DEBUG blacksilk_p2p::net::blocks] peer 1: block 7dbc8ecb57d8 at height 2280 received
[2026-09-29T06:12:30.252Z DEBUG blacksilk_p2p::net::blocks] peer 1: block 82bdd2a14cd4 at height 2281 received
[2026-09-29T06:12:30.253Z DEBUG blacksilk_p2p::net::blocks] peer 1: block 85b0c2d2682e at height 2282 received
[2026-09-29T06:12:30.253Z DEBUG blacksilk_p2p::net::blocks] peer 1: block ac733154a06a at height 2283 received
[2026-09-29T06:12:30.261Z DEBUG blacksilk_p2p::net::blocks] peer 1: block 3a7bda6ecb3a at height 2284 received
[2026-09-29T06:12:30.275Z DEBUG blacksilk_p2p::net::blocks] peer 1: block 85471bb5683d at height 2285 received
[2026-09-29T06:12:30.277Z DEBUG blacksilk_p2p::net::blocks] peer 1: block ffcb8b7c5059 at height 2286 received
[2026-09-29T06:12:30.279Z DEBUG blacksilk_p2p::net::blocks] peer 1: block 16abb60366b7 at height 2287 received
[2026-09-29T06:12:30.281Z DEBUG blacksilk_p2p::net::blocks] peer 1: block 9b952da1b2fa at height 2288 received
[2026-09-29T06:12:31.079Z DEBUG blacksilk_p2p::net::blocks] peer 1: block ab129eb70d7d at height 2289 received
[2026-09-29T06:12:31.079Z DEBUG blacksilk_p2p::net::blocks] peer 1: block 26378eb679e4 at height 2290 received
[2026-09-29T06:12:31.080Z DEBUG blacksilk_p2p::net::blocks] peer 1: block 456f9b0a15de at height 2291 received
[2026-09-29T06:12:31.083Z DEBUG blacksilk_p2p::net::blocks] peer 1: block a0b7461995c4 at height 2292 received
[2026-09-29T06:12:31.085Z DEBUG blacksilk_p2p::net::blocks] peer 1: block b726a9179d80 at height 2293 received
[2026-09-29T06:12:31.093Z DEBUG blacksilk_p2p::net::blocks] peer 1: block c012beb5c550 at height 2294 received
[2026-09-29T06:12:31.095Z DEBUG blacksilk_p2p::net::blocks] peer 1: block a54be506ca6b at height 2295 received
[2026-09-29T06:12:31.097Z DEBUG blacksilk_p2p::net::blocks] peer 1: block 78ae2baacf47 at height 2296 received
[2026-09-29T06:12:31.921Z DEBUG blacksilk_p2p::net::blocks] peer 1: block 98777e11ae89 at height 2297 received
[2026-09-29T06:12:31.922Z DEBUG blacksilk_p2p::net::blocks] peer 1: block b35b5644594f at height 2298 received
[2026-09-29T06:12:31.922Z DEBUG blacksilk_p2p::net::blocks] peer 1: block 614ad32beb2b at height 2299 received
[2026-09-29T06:12:31.924Z DEBUG blacksilk_p2p::net::blocks] peer 1: block 865a79012cd1 at height 2300 received
[2026-09-29T06:12:31.938Z DEBUG blacksilk_p2p::net::blocks] peer 1: block 3309e0f4be01 at height 2301 received
[2026-09-29T06:12:31.939Z DEBUG blacksilk_p2p::net::blocks] peer 1: block c060981d659d at height 2302 received
[2026-09-29T06:12:31.947Z DEBUG blacksilk_p2p::net::blocks] peer 1: block 87179eb6ad22 at height 2303 received
[2026-09-29T06:12:31.963Z DEBUG blacksilk_p2p::net::blocks] peer 1: block f377e30c9e2a at height 2304 received
[2026-09-29T06:12:32.529Z DEBUG blacksilk_p2p::net::blocks] peer 1: block 2f46945d8418 at height 2305 received
[2026-09-29T06:12:32.529Z DEBUG blacksilk_p2p::net::blocks] peer 1: block 164b690f9a35 at height 2306 received
[2026-09-29T06:12:32.529Z DEBUG blacksilk_p2p::net::blocks] peer 1: block 14d0912090de at height 2307 received
[2026-09-29T06:12:32.568Z DEBUG blacksilk_p2p::net::blocks] peer 1: block 6e029e87eec6 at height 2308 received
[2026-09-29T06:12:32.569Z DEBUG blacksilk_p2p::net::blocks] peer 1: block 8bf8a6bff061 at height 2309 received
[2026-09-29T06:12:32.571Z DEBUG blacksilk_p2p::net::blocks] peer 1: block 03765ce279b7 at height 2310 received
[2026-09-29T06:12:32.579Z DEBUG blacksilk_p2p::net::blocks] peer 1: block f2a5a033dbd4 at height 2311 received
[2026-09-29T06:12:32.582Z DEBUG blacksilk_p2p::net::blocks] peer 1: block b89ab420e383 at height 2312 received
[2026-09-29T06:12:33.380Z DEBUG blacksilk_p2p::net::blocks] peer 1: block 544ae2581dd9 at height 2313 received
[2026-09-29T06:12:33.380Z DEBUG blacksilk_p2p::net::blocks] peer 1: block d42aa870f8a7 at height 2314 received
[2026-09-29T06:12:33.380Z DEBUG blacksilk_p2p::net::blocks] peer 1: block 633ddbdc9553 at height 2315 received
[2026-09-29T06:12:33.389Z DEBUG blacksilk_p2p::net::blocks] peer 1: block e61c71ced449 at height 2316 received
[2026-09-29T06:12:33.392Z DEBUG blacksilk_p2p::net::blocks] peer 1: block 5410a354e60d at height 2317 received
[2026-09-29T06:12:33.393Z DEBUG blacksilk_p2p::net::blocks] peer 1: block c2ad522d57cb at height 2318 received
[2026-09-29T06:12:33.396Z DEBUG blacksilk_p2p::net::blocks] peer 1: block fc9ee694bb04 at height 2319 received
[2026-09-29T06:12:33.403Z DEBUG blacksilk_p2p::net::blocks] peer 1: block 1a943535038e at height 2320 received
[2026-09-29T06:12:34.155Z DEBUG blacksilk_p2p::net::blocks] peer 1: block 1ac3f83e7e95 at height 2321 received
[2026-09-29T06:12:34.155Z DEBUG blacksilk_p2p::net::blocks] peer 1: block 02d390aac3ff at height 2322 received
[2026-09-29T06:12:34.155Z DEBUG blacksilk_p2p::net::blocks] peer 1: block 99f33d356e65 at height 2323 received
[2026-09-29T06:12:34.159Z DEBUG blacksilk_p2p::net::blocks] peer 1: block c957419a5b7a at height 2324 received
[2026-09-29T06:12:34.166Z DEBUG blacksilk_p2p::net::blocks] peer 1: block 5dc0f85d485a at height 2325 received
[2026-09-29T06:12:34.168Z DEBUG blacksilk_p2p::net::blocks] peer 1: block 011ed40a1620 at height 2326 received
[2026-09-29T06:12:34.176Z DEBUG blacksilk_p2p::net::blocks] peer 1: block 68da2789417d at height 2327 received
[2026-09-29T06:12:34.178Z DEBUG blacksilk_p2p::net::blocks] peer 1: block 3fd8f18c0a89 at height 2328 received
[2026-09-29T06:12:34.965Z DEBUG blacksilk_p2p::net::blocks] peer 1: block 5abf2ebdcd80 at height 2329 received
[2026-09-29T06:12:34.966Z DEBUG blacksilk_p2p::net::blocks] peer 1: block bede88f397d0 at height 2330 received
[2026-09-29T06:12:34.966Z DEBUG blacksilk_p2p::net::blocks] peer 1: block a73b834eb217 at height 2331 received
[2026-09-29T06:12:34.969Z DEBUG blacksilk_p2p::net::blocks] peer 1: block 41d21297822e at height 2332 received
[2026-09-29T06:12:34.972Z DEBUG blacksilk_p2p::net::blocks] peer 1: block a28a9214d057 at height 2333 received
[2026-09-29T06:12:34.983Z DEBUG blacksilk_p2p::net::blocks] peer 1: block 63aefec44202 at height 2334 received
[2026-09-29T06:12:34.984Z DEBUG blacksilk_p2p::net::blocks] peer 1: block 13e18eba1ee3 at height 2335 received
[2026-09-29T06:12:34.992Z DEBUG blacksilk_p2p::net::blocks] peer 1: block ced368fe06c0 at height 2336 received
[2026-09-29T06:12:35.549Z DEBUG blacksilk_p2p::net::blocks] peer 1: block 2c62b04d5ff6 at height 2337 received
[2026-09-29T06:12:35.549Z DEBUG blacksilk_p2p::net::blocks] peer 1: block c24e80f46420 at height 2338 received
[2026-09-29T06:12:35.549Z DEBUG blacksilk_p2p::net::blocks] peer 1: block d7b7ab3a7fe7 at height 2339 received
[2026-09-29T06:12:35.557Z DEBUG blacksilk_p2p::net::blocks] peer 1: block 5e6177a8fbb9 at height 2340 received
[2026-09-29T06:12:35.560Z DEBUG blacksilk_p2p::net::blocks] peer 1: block 32f98223382f at height 2341 received
[2026-09-29T06:12:35.561Z DEBUG blacksilk_p2p::net::blocks] peer 1: block 8e6e2e7dedcc at height 2342 received
[2026-09-29T06:12:35.563Z DEBUG blacksilk_p2p::net::blocks] peer 1: block abd327d2b32a at height 2343 received
[2026-09-29T06:12:35.574Z DEBUG blacksilk_p2p::net::blocks] peer 1: block 4888244485ed at height 2344 received
[2026-09-29T06:12:36.306Z DEBUG blacksilk_p2p::net::blocks] peer 1: block 422f9eb89022 at height 2345 received
[2026-09-29T06:12:36.306Z DEBUG blacksilk_p2p::net::blocks] peer 1: block ad8a61cf7979 at height 2346 received
[2026-09-29T06:12:36.306Z DEBUG blacksilk_p2p::net::blocks] peer 1: block 5b84958ee0d6 at height 2347 received
[2026-09-29T06:12:36.325Z DEBUG blacksilk_p2p::net::blocks] peer 1: block a8996d18b892 at height 2348 received
[2026-09-29T06:12:36.327Z DEBUG blacksilk_p2p::net::blocks] peer 1: block 79f75e3b2f74 at height 2349 received
[2026-09-29T06:12:36.329Z DEBUG blacksilk_p2p::net::blocks] peer 1: block 0f014babbe4b at height 2350 received
[2026-09-29T06:12:36.331Z DEBUG blacksilk_p2p::net::blocks] peer 1: block 5ed0841776a0 at height 2351 received
[2026-09-29T06:12:36.333Z DEBUG blacksilk_p2p::net::blocks] peer 1: block 254b598f8cf1 at height 2352 received
[2026-09-29T06:12:37.095Z DEBUG blacksilk_p2p::net::blocks] peer 1: block f2cd7572657b at height 2353 received
[2026-09-29T06:12:37.095Z DEBUG blacksilk_p2p::net::blocks] peer 1: block 50274506d537 at height 2354 received
[2026-09-29T06:12:37.095Z DEBUG blacksilk_p2p::net::blocks] peer 1: block 2a6837efbae1 at height 2355 received
[2026-09-29T06:12:37.099Z DEBUG blacksilk_p2p::net::blocks] peer 1: block f5126a51a52a at height 2356 received
[2026-09-29T06:12:37.101Z DEBUG blacksilk_p2p::net::blocks] peer 1: block 30f50f6e272b at height 2357 received
[2026-09-29T06:12:37.103Z DEBUG blacksilk_p2p::net::blocks] peer 1: block 350f2fc45251 at height 2358 received
[2026-09-29T06:12:37.107Z DEBUG blacksilk_p2p::net::blocks] peer 1: block 6fcfeb186b06 at height 2359 received
[2026-09-29T06:12:37.107Z DEBUG blacksilk_p2p::net::blocks] peer 1: block ce7b56edc7cb at height 2360 received
[2026-09-29T06:12:37.680Z DEBUG blacksilk_p2p::net::blocks] peer 1: block ada47d57218a at height 2361 received
[2026-09-29T06:12:37.680Z DEBUG blacksilk_p2p::net::blocks] peer 1: block 16b6fc08c505 at height 2362 received
[2026-09-29T06:12:37.681Z DEBUG blacksilk_p2p::net::blocks] peer 1: block 9983107581b1 at height 2363 received
[2026-09-29T06:12:37.697Z DEBUG blacksilk_p2p::net::blocks] peer 1: block 6bf7dd2af06e at height 2364 received
[2026-09-29T06:12:37.707Z DEBUG blacksilk_p2p::net::blocks] peer 1: block e489fdc7f28e at height 2365 received
[2026-09-29T06:12:37.718Z DEBUG blacksilk_p2p::net::blocks] peer 1: block 3a86d82b934f at height 2366 received
[2026-09-29T06:12:37.725Z DEBUG blacksilk_p2p::net::blocks] peer 1: block 021a65ce86f8 at height 2367 received
[2026-09-29T06:12:37.759Z DEBUG blacksilk_p2p::net::blocks] peer 1: block 6e58bb13de41 at height 2368 received
[2026-09-29T06:12:38.541Z DEBUG blacksilk_p2p::net::blocks] peer 1: block 6f16691898c1 at height 2369 received
[2026-09-29T06:12:38.567Z DEBUG blacksilk_p2p::net::blocks] peer 1: block ebed783aded5 at height 2370 received
[2026-09-29T06:12:38.567Z DEBUG blacksilk_p2p::net::blocks] peer 1: block 87457c6d29d1 at height 2371 received
[2026-09-29T06:12:38.608Z DEBUG blacksilk_p2p::net::blocks] peer 1: block 0b301a016dbc at height 2372 received
[2026-09-29T06:12:38.624Z DEBUG blacksilk_p2p::net::blocks] peer 1: block 517598b15880 at height 2373 received
[2026-09-29T06:12:38.626Z DEBUG blacksilk_p2p::net::blocks] peer 1: block cb3554d763fa at height 2374 received
[2026-09-29T06:12:38.628Z DEBUG blacksilk_p2p::net::blocks] peer 1: block 9ffb714df5d5 at height 2375 received
[2026-09-29T06:12:38.630Z DEBUG blacksilk_p2p::net::blocks] peer 1: block 33da772ace97 at height 2376 received
[2026-09-29T06:12:39.616Z DEBUG blacksilk_p2p::net::blocks] peer 1: block 91fe550e61c4 at height 2377 received
[2026-09-29T06:12:39.616Z DEBUG blacksilk_p2p::net::blocks] peer 1: block ac8df354a5c6 at height 2378 received
[2026-09-29T06:12:39.616Z DEBUG blacksilk_p2p::net::blocks] peer 1: block a626622c814a at height 2379 received
[2026-09-29T06:12:39.619Z DEBUG blacksilk_p2p::net::blocks] peer 1: block d5bde1da88d2 at height 2380 received
[2026-09-29T06:12:39.621Z DEBUG blacksilk_p2p::net::blocks] peer 1: block 66cc49424ce9 at height 2381 received
[2026-09-29T06:12:39.640Z DEBUG blacksilk_p2p::net::blocks] peer 1: block 55cf7832834b at height 2382 received
[2026-09-29T06:12:39.642Z DEBUG blacksilk_p2p::net::blocks] peer 1: block 9526e61c8832 at height 2383 received
[2026-09-29T06:12:39.644Z DEBUG blacksilk_p2p::net::blocks] peer 1: block 938b14c875e8 at height 2384 received
[2026-09-29T06:12:40.458Z DEBUG blacksilk_p2p::net::blocks] peer 1: block 7d9a5a231dde at height 2385 received
[2026-09-29T06:12:40.458Z DEBUG blacksilk_p2p::net::blocks] peer 1: block c3a78ec63cda at height 2386 received
[2026-09-29T06:12:40.458Z DEBUG blacksilk_p2p::net::blocks] peer 1: block 1d127632a2e3 at height 2387 received
[2026-09-29T06:12:40.471Z DEBUG blacksilk_p2p::net::blocks] peer 1: block 87c51b7806dd at height 2388 received
[2026-09-29T06:12:40.473Z DEBUG blacksilk_p2p::net::blocks] peer 1: block 946a899beae4 at height 2389 received
[2026-09-29T06:12:40.475Z DEBUG blacksilk_p2p::net::blocks] peer 1: block e65f1c69f78c at height 2390 received
[2026-09-29T06:12:40.477Z DEBUG blacksilk_p2p::net::blocks] peer 1: block c7fc65ddc507 at height 2391 received
[2026-09-29T06:12:40.484Z DEBUG blacksilk_p2p::net::blocks] peer 1: block 9d5c1a7de8a9 at height 2392 received
[2026-09-29T06:12:41.552Z DEBUG blacksilk_p2p::net::blocks] peer 1: block 7182bd46be4a at height 2393 received
[2026-09-29T06:12:41.552Z DEBUG blacksilk_p2p::net::blocks] peer 1: block acfe5ce201db at height 2394 received
[2026-09-29T06:12:41.552Z DEBUG blacksilk_p2p::net::blocks] peer 1: block bd272ce7a187 at height 2395 received
[2026-09-29T06:12:41.567Z DEBUG blacksilk_p2p::net::blocks] peer 1: block 691e9b7341af at height 2396 received
[2026-09-29T06:12:41.569Z DEBUG blacksilk_p2p::net::blocks] peer 1: block 5fee807bc99f at height 2397 received
[2026-09-29T06:12:41.576Z DEBUG blacksilk_p2p::net::blocks] peer 1: block c89326d2149c at height 2398 received
[2026-09-29T06:12:41.584Z DEBUG blacksilk_p2p::net::blocks] peer 1: block d5bf2f508379 at height 2399 received
[2026-09-29T06:12:41.586Z DEBUG blacksilk_p2p::net::blocks] peer 1: block 92cf75c58f5b at height 2400 received
[2026-09-29T06:12:42.374Z DEBUG blacksilk_p2p::net::blocks] peer 1: block a2a191ba483a at height 2401 received
[2026-09-29T06:12:42.374Z DEBUG blacksilk_p2p::net::blocks] peer 1: block 8d0a243db4a5 at height 2402 received
[2026-09-29T06:12:42.374Z DEBUG blacksilk_p2p::net::blocks] peer 1: block 98242902451b at height 2403 received
[2026-09-29T06:12:42.378Z DEBUG blacksilk_p2p::net::blocks] peer 1: block 8306493ace2b at height 2404 received
[2026-09-29T06:12:42.380Z DEBUG blacksilk_p2p::net::blocks] peer 1: block f567e02751d4 at height 2405 received
[2026-09-29T06:12:42.388Z DEBUG blacksilk_p2p::net::blocks] peer 1: block f4781044da28 at height 2406 received
[2026-09-29T06:12:42.390Z DEBUG blacksilk_p2p::net::blocks] peer 1: block cf56843f88ec at height 2407 received
[2026-09-29T06:12:42.398Z DEBUG blacksilk_p2p::net::blocks] peer 1: block 1e7a8c8756ad at height 2408 received
[2026-09-29T06:12:43.407Z DEBUG blacksilk_p2p::net::blocks] peer 1: block 6001d7b60c88 at height 2409 received
[2026-09-29T06:12:43.407Z DEBUG blacksilk_p2p::net::blocks] peer 1: block ba2bca1c5040 at height 2410 received
[2026-09-29T06:12:43.407Z DEBUG blacksilk_p2p::net::blocks] peer 1: block 726ecc0c21ab at height 2411 received
[2026-09-29T06:12:43.411Z DEBUG blacksilk_p2p::net::blocks] peer 1: block 36c06be8e598 at height 2412 received
[2026-09-29T06:12:43.413Z DEBUG blacksilk_p2p::net::blocks] peer 1: block 1615b7460be7 at height 2413 received
[2026-09-29T06:12:43.415Z DEBUG blacksilk_p2p::net::blocks] peer 1: block f4c897cedd0e at height 2414 received
[2026-09-29T06:12:43.416Z DEBUG blacksilk_p2p::net::blocks] peer 1: block 5287a6b790a3 at height 2415 received
[2026-09-29T06:12:43.424Z DEBUG blacksilk_p2p::net::blocks] peer 1: block 54c873aaea6d at height 2416 received
[2026-09-29T06:12:43.928Z DEBUG blacksilk_p2p::net::blocks] peer 1: block 6291ea0a1e21 at height 2417 received
[2026-09-29T06:12:43.928Z DEBUG blacksilk_p2p::net::blocks] peer 1: block f2b6481a55d6 at height 2418 received
[2026-09-29T06:12:43.928Z DEBUG blacksilk_p2p::net::blocks] peer 1: block 6c3f3d2afe62 at height 2419 received
[2026-09-29T06:12:43.932Z DEBUG blacksilk_p2p::net::blocks] peer 1: block 1eba880a238d at height 2420 received
[2026-09-29T06:12:43.937Z DEBUG blacksilk_p2p::net::blocks] peer 1: block e15f984d93fa at height 2421 received
[2026-09-29T06:12:43.942Z DEBUG blacksilk_p2p::net::blocks] peer 1: block 3c6f03593c3d at height 2422 received
[2026-09-29T06:12:43.944Z DEBUG blacksilk_p2p::net::blocks] peer 1: block db700c30aff9 at height 2423 received
[2026-09-29T06:12:43.960Z DEBUG blacksilk_p2p::net::blocks] peer 1: block 37ee6067edd7 at height 2424 received
[2026-09-29T06:12:44.760Z DEBUG blacksilk_p2p::net::blocks] peer 1: block 3d9d42ceb63a at height 2425 received
[2026-09-29T06:12:44.760Z DEBUG blacksilk_p2p::net::blocks] peer 1: block 5166b3b8ee85 at height 2426 received
[2026-09-29T06:12:44.760Z DEBUG blacksilk_p2p::net::blocks] peer 1: block 54554f0de719 at height 2427 received
[2026-09-29T06:12:44.769Z DEBUG blacksilk_p2p::net::blocks] peer 1: block aab2ece01f44 at height 2428 received
[2026-09-29T06:12:44.772Z DEBUG blacksilk_p2p::net::blocks] peer 1: block 44ddeb30f669 at height 2429 received
[2026-09-29T06:12:44.779Z DEBUG blacksilk_p2p::net::blocks] peer 1: block 5992f7348286 at height 2430 received
[2026-09-29T06:12:44.785Z DEBUG blacksilk_p2p::net::blocks] peer 1: block 04c71c2353ed at height 2431 received
[2026-09-29T06:12:44.793Z DEBUG blacksilk_p2p::net::blocks] peer 1: block 465041a20066 at height 2432 received
[2026-09-29T06:12:45.516Z DEBUG blacksilk_p2p::net::blocks] peer 1: block 292d9240c88c at height 2433 received
[2026-09-29T06:12:45.516Z DEBUG blacksilk_p2p::net::blocks] peer 1: block 1f11ced1ea18 at height 2434 received
[2026-09-29T06:12:45.516Z DEBUG blacksilk_p2p::net::blocks] peer 1: block 5f9bdd2fc510 at height 2435 received
[2026-09-29T06:12:45.532Z DEBUG blacksilk_p2p::net::blocks] peer 1: block a0dd35158ff7 at height 2436 received
[2026-09-29T06:12:45.533Z DEBUG blacksilk_p2p::net::blocks] peer 1: block ec74abb801a9 at height 2437 received
[2026-09-29T06:12:45.535Z DEBUG blacksilk_p2p::net::blocks] peer 1: block fdd11fae9cbf at height 2438 received
[2026-09-29T06:12:45.547Z DEBUG blacksilk_p2p::net::blocks] peer 1: block 28e0667c8298 at height 2439 received
[2026-09-29T06:12:45.555Z DEBUG blacksilk_p2p::net::blocks] peer 1: block 75fc9de9845b at height 2440 received
[2026-09-29T06:12:46.039Z DEBUG blacksilk_p2p::net::blocks] peer 1: block e97077743428 at height 2441 received
[2026-09-29T06:12:46.040Z DEBUG blacksilk_p2p::net::blocks] peer 1: block cee9c24745f8 at height 2442 received
[2026-09-29T06:12:46.040Z DEBUG blacksilk_p2p::net::blocks] peer 1: block 80f8a30adb9e at height 2443 received
[2026-09-29T06:12:46.044Z DEBUG blacksilk_p2p::net::blocks] peer 1: block 5826ff8b19b1 at height 2444 received
[2026-09-29T06:12:46.051Z DEBUG blacksilk_p2p::net::blocks] peer 1: block d5b3d8d07cff at height 2445 received
[2026-09-29T06:12:46.053Z DEBUG blacksilk_p2p::net::blocks] peer 1: block 563d70729d75 at height 2446 received
[2026-09-29T06:12:46.055Z DEBUG blacksilk_p2p::net::blocks] peer 1: block 6081170a6814 at height 2447 received
[2026-09-29T06:12:46.063Z DEBUG blacksilk_p2p::net::blocks] peer 1: block 69e623597943 at height 2448 received
[2026-09-29T06:12:46.888Z DEBUG blacksilk_p2p::net::blocks] peer 1: block c0e83fcefa72 at height 2449 received
[2026-09-29T06:12:46.888Z DEBUG blacksilk_p2p::net::blocks] peer 1: block 101d80cfc5b8 at height 2450 received
[2026-09-29T06:12:46.888Z DEBUG blacksilk_p2p::net::blocks] peer 1: block a8cc8bfd9112 at height 2451 received
[2026-09-29T06:12:46.903Z DEBUG blacksilk_p2p::net::blocks] peer 1: block dc12c6b3ce84 at height 2452 received
[2026-09-29T06:12:46.911Z DEBUG blacksilk_p2p::net::blocks] peer 1: block 2d1f0a3356e8 at height 2453 received
[2026-09-29T06:12:46.919Z DEBUG blacksilk_p2p::net::blocks] peer 1: block e3c55f2a382c at height 2454 received
[2026-09-29T06:12:46.921Z DEBUG blacksilk_p2p::net::blocks] peer 1: block ac53a1e5e3f3 at height 2455 received
[2026-09-29T06:12:46.922Z DEBUG blacksilk_p2p::net::blocks] peer 1: block 6c427bb07383 at height 2456 received
[2026-09-29T06:12:47.440Z DEBUG blacksilk_p2p::net::blocks] peer 1: block 8c5f876c8624 at height 2457 received
[2026-09-29T06:12:47.441Z DEBUG blacksilk_p2p::net::blocks] peer 1: block eebf5b841b84 at height 2458 received
[2026-09-29T06:12:47.441Z DEBUG blacksilk_p2p::net::blocks] peer 1: block 8fb48625736b at height 2459 received
[2026-09-29T06:12:47.443Z DEBUG blacksilk_p2p::net::blocks] peer 1: block 5126a5053881 at height 2460 received
[2026-09-29T06:12:47.450Z DEBUG blacksilk_p2p::net::blocks] peer 1: block 8f89f9a014a9 at height 2461 received
[2026-09-29T06:12:47.453Z DEBUG blacksilk_p2p::net::blocks] peer 1: block 23f30c1aaa2e at height 2462 received
[2026-09-29T06:12:47.460Z DEBUG blacksilk_p2p::net::blocks] peer 1: block f054f370a480 at height 2463 received
[2026-09-29T06:12:47.462Z DEBUG blacksilk_p2p::net::blocks] peer 1: block 12175ab2d0d1 at height 2464 received
[2026-09-29T06:12:48.259Z DEBUG blacksilk_p2p::net::blocks] peer 1: block a25da9fb37a9 at height 2465 received
[2026-09-29T06:12:48.260Z DEBUG blacksilk_p2p::net::blocks] peer 1: block 858b06377a00 at height 2466 received
[2026-09-29T06:12:48.260Z DEBUG blacksilk_p2p::net::blocks] peer 1: block bc1c537528e1 at height 2467 received
[2026-09-29T06:12:48.277Z DEBUG blacksilk_p2p::net::blocks] peer 1: block 7ad6d8405270 at height 2468 received
[2026-09-29T06:12:48.278Z DEBUG blacksilk_p2p::net::blocks] peer 1: block 1dd85dc25718 at height 2469 received
[2026-09-29T06:12:48.281Z DEBUG blacksilk_p2p::net::blocks] peer 1: block 6564659382e5 at height 2470 received
[2026-09-29T06:12:48.297Z DEBUG blacksilk_p2p::net::blocks] peer 1: block f1be1ac7ae92 at height 2471 received
[2026-09-29T06:12:48.298Z DEBUG blacksilk_p2p::net::blocks] peer 1: block 420fa249a40d at height 2472 received
[2026-09-29T06:12:49.061Z DEBUG blacksilk_p2p::net::blocks] peer 1: block ab443afc5b81 at height 2473 received
[2026-09-29T06:12:49.061Z DEBUG blacksilk_p2p::net::blocks] peer 1: block d5e467b540bb at height 2474 received
[2026-09-29T06:12:49.061Z DEBUG blacksilk_p2p::net::blocks] peer 1: block d22abed56ac4 at height 2475 received
[2026-09-29T06:12:49.073Z DEBUG blacksilk_p2p::net::blocks] peer 1: block c86eae8a8f83 at height 2476 received
[2026-09-29T06:12:49.075Z DEBUG blacksilk_p2p::net::blocks] peer 1: block a653c398047f at height 2477 received
[2026-09-29T06:12:49.077Z DEBUG blacksilk_p2p::net::blocks] peer 1: block 1100a21df4a8 at height 2478 received
[2026-09-29T06:12:49.079Z DEBUG blacksilk_p2p::net::blocks] peer 1: block 9d67624cb347 at height 2479 received
[2026-09-29T06:12:49.089Z DEBUG blacksilk_p2p::net::blocks] peer 1: block 27f086c3a45d at height 2480 received
[2026-09-29T06:12:49.888Z DEBUG blacksilk_p2p::net::blocks] peer 1: block 26d65d08f5f6 at height 2481 received
[2026-09-29T06:12:49.888Z DEBUG blacksilk_p2p::net::blocks] peer 1: block b02fac65191d at height 2482 received
[2026-09-29T06:12:49.888Z DEBUG blacksilk_p2p::net::blocks] peer 1: block c64de6c8aa11 at height 2483 received
[2026-09-29T06:12:49.892Z DEBUG blacksilk_p2p::net::blocks] peer 1: block 8259b86a4965 at height 2484 received
[2026-09-29T06:12:49.900Z DEBUG blacksilk_p2p::net::blocks] peer 1: block a5b30afbaca7 at height 2485 received
[2026-09-29T06:12:49.907Z DEBUG blacksilk_p2p::net::blocks] peer 1: block 7fc9ca9fc4ab at height 2486 received
[2026-09-29T06:12:49.915Z DEBUG blacksilk_p2p::net::blocks] peer 1: block d7a33b50ba97 at height 2487 received
[2026-09-29T06:12:49.917Z DEBUG blacksilk_p2p::net::blocks] peer 1: block cc509c5421b7 at height 2488 received
[2026-09-29T06:12:50.432Z DEBUG blacksilk_p2p::net::blocks] peer 1: block 240386f3fefb at height 2489 received
[2026-09-29T06:12:50.432Z DEBUG blacksilk_p2p::net::blocks] peer 1: block 43bd5f1beacf at height 2490 received
[2026-09-29T06:12:50.432Z DEBUG blacksilk_p2p::net::blocks] peer 1: block 2331a879db74 at height 2491 received
[2026-09-29T06:12:50.437Z DEBUG blacksilk_p2p::net::blocks] peer 1: block 222617503c3f at height 2492 received
[2026-09-29T06:12:50.445Z DEBUG blacksilk_p2p::net::blocks] peer 1: block edf0278f1cb0 at height 2493 received
[2026-09-29T06:12:50.453Z DEBUG blacksilk_p2p::net::blocks] peer 1: block d9b7ccf83f5b at height 2494 received
[2026-09-29T06:12:50.455Z DEBUG blacksilk_p2p::net::blocks] peer 1: block a0397eaaba84 at height 2495 received
[2026-09-29T06:12:50.463Z DEBUG blacksilk_p2p::net::blocks] peer 1: block 188530711881 at height 2496 received
[2026-09-29T06:12:51.268Z DEBUG blacksilk_p2p::net::blocks] peer 1: block 97d952709143 at height 2497 received
[2026-09-29T06:12:51.268Z DEBUG blacksilk_p2p::net::blocks] peer 1: block e51bd46fb973 at height 2498 received
[2026-09-29T06:12:51.290Z DEBUG blacksilk_p2p::net::blocks] peer 1: block 2959a50bd91e at height 2499 received
[2026-09-29T06:12:51.337Z DEBUG blacksilk_p2p::net::blocks] peer 1: block 7a5d93c6180e at height 2500 received
[2026-09-29T06:12:51.377Z DEBUG blacksilk_p2p::net::blocks] peer 1: block e52ee31f3543 at height 2501 received
[2026-09-29T06:12:51.407Z DEBUG blacksilk_p2p::net::blocks] peer 1: block 72d1680119ed at height 2502 received
[2026-09-29T06:12:51.547Z DEBUG blacksilk_p2p::net::blocks] peer 1: block 37c3dc71ef98 at height 2503 received
[2026-09-29T06:12:51.568Z DEBUG blacksilk_p2p::net::blocks] peer 1: block e64c9eeb10a9 at height 2504 received
[2026-09-29T06:12:52.679Z DEBUG blacksilk_p2p::net::blocks] peer 1: block 44fb303e60f6 at height 2505 received
[2026-09-29T06:12:52.706Z DEBUG blacksilk_p2p::net::blocks] peer 1: block 11a955da5051 at height 2506 received
[2026-09-29T06:12:52.725Z DEBUG blacksilk_p2p::net::blocks] peer 1: block d338167a7cc3 at height 2507 received
[2026-09-29T06:12:52.776Z DEBUG blacksilk_p2p::net::blocks] peer 1: block ed6327e5b8f1 at height 2508 received
[2026-09-29T06:12:52.806Z DEBUG blacksilk_p2p::net::blocks] peer 1: block 645944a9169e at height 2509 received
[2026-09-29T06:12:52.888Z DEBUG blacksilk_p2p::net::blocks] peer 1: block eabcb9bcf7bc at height 2510 received
[2026-09-29T06:12:52.897Z DEBUG blacksilk_p2p::net::blocks] peer 1: block 26898cf02311 at height 2511 received
[2026-09-29T06:12:52.899Z DEBUG blacksilk_p2p::net::blocks] peer 1: block 58cef296b9d4 at height 2512 received
[2026-09-29T06:12:54.062Z DEBUG blacksilk_p2p::net::blocks] peer 1: block dede3d8619d8 at height 2513 received
[2026-09-29T06:12:54.071Z DEBUG blacksilk_p2p::net::blocks] peer 1: block 09815d76a7f5 at height 2514 received
[2026-09-29T06:12:54.370Z DEBUG blacksilk_p2p::net::blocks] peer 1: block 344da627b621 at height 2515 received
[2026-09-29T06:12:54.374Z DEBUG blacksilk_p2p::net::blocks] peer 1: block 6888b0338d13 at height 2516 received
[2026-09-29T06:12:54.381Z DEBUG blacksilk_p2p::net::blocks] peer 1: block cac89a8f2c83 at height 2517 received
[2026-09-29T06:12:54.383Z DEBUG blacksilk_p2p::net::blocks] peer 1: block e29b48f767a3 at height 2518 received
[2026-09-29T06:12:54.392Z DEBUG blacksilk_p2p::net::blocks] peer 1: block 8599f920f12f at height 2519 received
[2026-09-29T06:12:54.393Z DEBUG blacksilk_p2p::net::blocks] peer 1: block 70f7a0ad3e5d at height 2520 received
[2026-09-29T06:12:55.519Z DEBUG blacksilk_p2p::net::blocks] peer 1: block ee95dd26efeb at height 2521 received
[2026-09-29T06:12:55.520Z DEBUG blacksilk_p2p::net::blocks] peer 1: block 4796ca5e21ab at height 2522 received
[2026-09-29T06:12:55.599Z DEBUG blacksilk_p2p::net::blocks] peer 1: block 078e838d51e5 at height 2523 received
[2026-09-29T06:12:55.619Z DEBUG blacksilk_p2p::net::blocks] peer 1: block 029684ddc647 at height 2524 received
[2026-09-29T06:12:55.663Z DEBUG blacksilk_p2p::net::blocks] peer 1: block 8e4a18908e0c at height 2525 received
[2026-09-29T06:12:55.874Z DEBUG blacksilk_p2p::net::blocks] peer 1: block aeffe41c3802 at height 2526 received
[2026-09-29T06:12:55.878Z DEBUG blacksilk_p2p::net::blocks] peer 1: block 248a76dbbf6a at height 2527 received
[2026-09-29T06:12:55.879Z DEBUG blacksilk_p2p::net::blocks] peer 1: block a738808aa3e0 at height 2528 received
[2026-09-29T06:12:57.190Z DEBUG blacksilk_p2p::net::blocks] peer 1: block 05acd3ae7d74 at height 2529 received
[2026-09-29T06:12:57.191Z DEBUG blacksilk_p2p::net::blocks] peer 1: block 1dffe6ada3f0 at height 2530 received
[2026-09-29T06:12:57.191Z DEBUG blacksilk_p2p::net::blocks] peer 1: block 3e3d25d5eca1 at height 2531 received
[2026-09-29T06:12:57.265Z DEBUG blacksilk_p2p::net::blocks] peer 1: block 9553371ee596 at height 2532 received
[2026-09-29T06:12:57.277Z DEBUG blacksilk_p2p::net::blocks] peer 1: block 5de9785b3851 at height 2533 received
[2026-09-29T06:12:57.279Z DEBUG blacksilk_p2p::net::blocks] peer 1: block 1087c2d38b5a at height 2534 received
[2026-09-29T06:12:57.281Z DEBUG blacksilk_p2p::net::blocks] peer 1: block 2e6b7dd1569f at height 2535 received
[2026-09-29T06:12:57.283Z DEBUG blacksilk_p2p::net::blocks] peer 1: block 73b937dd9a26 at height 2536 received
[2026-09-29T06:12:58.352Z DEBUG blacksilk_p2p::net::blocks] peer 1: block 94fe09676a48 at height 2537 received
[2026-09-29T06:12:58.362Z DEBUG blacksilk_p2p::net::blocks] peer 1: block 5caa734b2679 at height 2538 received
[2026-09-29T06:12:58.758Z DEBUG blacksilk_p2p::net::blocks] peer 1: block 2a52a40ba97b at height 2539 received
[2026-09-29T06:12:58.768Z DEBUG blacksilk_p2p::net::blocks] peer 1: block d3f3d4e2ce3e at height 2540 received
[2026-09-29T06:12:58.769Z DEBUG blacksilk_p2p::net::blocks] peer 1: block 230f226d1ad7 at height 2541 received
[2026-09-29T06:12:58.779Z DEBUG blacksilk_p2p::net::blocks] peer 1: block 01acc959ec42 at height 2542 received
[2026-09-29T06:12:58.787Z DEBUG blacksilk_p2p::net::blocks] peer 1: block 22d799c1bf46 at height 2543 received
[2026-09-29T06:12:58.795Z DEBUG blacksilk_p2p::net::blocks] peer 1: block 3e76c1e7799c at height 2544 received
[2026-09-29T06:13:00.161Z DEBUG blacksilk_p2p::net::blocks] peer 1: block 0d10ea3b4dac at height 2545 received
[2026-09-29T06:13:00.161Z DEBUG blacksilk_p2p::net::blocks] peer 1: block efbdd71cc2a4 at height 2546 received
[2026-09-29T06:13:00.161Z DEBUG blacksilk_p2p::net::blocks] peer 1: block 1ec80bbdbe81 at height 2547 received
[2026-09-29T06:13:00.164Z DEBUG blacksilk_p2p::net::blocks] peer 1: block 6943ccd752af at height 2548 received
[2026-09-29T06:13:00.185Z DEBUG blacksilk_p2p::net::blocks] peer 1: block 551036da87b8 at height 2549 received
[2026-09-29T06:13:00.187Z DEBUG blacksilk_p2p::net::blocks] peer 1: block 903b397ff18a at height 2550 received
[2026-09-29T06:13:00.189Z DEBUG blacksilk_p2p::net::blocks] peer 1: block 5609b4737fed at height 2551 received
[2026-09-29T06:13:00.197Z DEBUG blacksilk_p2p::net::blocks] peer 1: block 2688b452e43e at height 2552 received
[2026-09-29T06:13:00.984Z DEBUG blacksilk_p2p::net::blocks] peer 1: block 4e3bbebca896 at height 2553 received
[2026-09-29T06:13:01.022Z DEBUG blacksilk_p2p::net::blocks] peer 1: block e39fc80e5d24 at height 2554 received
[2026-09-29T06:13:01.101Z DEBUG blacksilk_p2p::net::blocks] peer 1: block 9e573f734ddc at height 2555 received
[2026-09-29T06:13:01.416Z DEBUG blacksilk_p2p::net::blocks] peer 1: block e156747f1a95 at height 2556 received
[2026-09-29T06:13:01.416Z DEBUG blacksilk_p2p::net::blocks] peer 1: block 67be81306813 at height 2557 received
[2026-09-29T06:13:01.416Z DEBUG blacksilk_p2p::net::blocks] peer 1: block 308c1f91736a at height 2558 received
[2026-09-29T06:13:01.418Z DEBUG blacksilk_p2p::net::blocks] peer 1: block 1872d76f3274 at height 2559 received
[2026-09-29T06:13:01.420Z DEBUG blacksilk_p2p::net::blocks] peer 1: block db8133fc71af at height 2560 received
[2026-09-29T06:13:02.493Z DEBUG blacksilk_p2p::net::blocks] peer 1: block de9f1e223ed8 at height 2561 received
[2026-09-29T06:13:02.524Z DEBUG blacksilk_p2p::net::blocks] peer 1: block a8b99de88f73 at height 2562 received
[2026-09-29T06:13:02.692Z DEBUG blacksilk_p2p::net::blocks] peer 1: block 1c83a1137f17 at height 2563 received
[2026-09-29T06:13:02.701Z DEBUG blacksilk_p2p::net::blocks] peer 1: block f508898b79ce at height 2564 received
[2026-09-29T06:13:02.712Z DEBUG blacksilk_p2p::net::blocks] peer 1: block 82287164305a at height 2565 received
[2026-09-29T06:13:02.713Z DEBUG blacksilk_p2p::net::blocks] peer 1: block 54baddda8774 at height 2566 received
[2026-09-29T06:13:02.716Z DEBUG blacksilk_p2p::net::blocks] peer 1: block c409c3656bf9 at height 2567 received
[2026-09-29T06:13:02.726Z DEBUG blacksilk_p2p::net::blocks] peer 1: block 470de29c5256 at height 2568 received
[2026-09-29T06:13:03.888Z DEBUG blacksilk_p2p::net::blocks] peer 1: block 3392600ccee3 at height 2569 received
[2026-09-29T06:13:03.888Z DEBUG blacksilk_p2p::net::blocks] peer 1: block 825e22e14aaf at height 2570 received
[2026-09-29T06:13:03.888Z DEBUG blacksilk_p2p::net::blocks] peer 1: block 5c3f63e6178e at height 2571 received
[2026-09-29T06:13:03.891Z DEBUG blacksilk_p2p::net::blocks] peer 1: block 1d8773caf67d at height 2572 received
[2026-09-29T06:13:03.895Z DEBUG blacksilk_p2p::net::blocks] peer 1: block 9d0435274bfd at height 2573 received
[2026-09-29T06:13:03.896Z DEBUG blacksilk_p2p::net::blocks] peer 1: block 9100ba15ed1f at height 2574 received
[2026-09-29T06:13:03.898Z DEBUG blacksilk_p2p::net::blocks] peer 1: block ec306fe95daa at height 2575 received
[2026-09-29T06:13:03.909Z DEBUG blacksilk_p2p::net::blocks] peer 1: block 72ebdf1ce20d at height 2576 received
[2026-09-29T06:13:04.658Z DEBUG blacksilk_p2p::net::blocks] peer 1: block 7394f3b5e5b8 at height 2577 received
[2026-09-29T06:13:04.658Z DEBUG blacksilk_p2p::net::blocks] peer 1: block 9746956f6725 at height 2578 received
[2026-09-29T06:13:04.658Z DEBUG blacksilk_p2p::net::blocks] peer 1: block c5c58b27b8df at height 2579 received
[2026-09-29T06:13:04.666Z DEBUG blacksilk_p2p::net::blocks] peer 1: block 994f077e5701 at height 2580 received
[2026-09-29T06:13:04.673Z DEBUG blacksilk_p2p::net::blocks] peer 1: block 146282227a8e at height 2581 received
[2026-09-29T06:13:04.675Z DEBUG blacksilk_p2p::net::blocks] peer 1: block 6f924f211b5d at height 2582 received
[2026-09-29T06:13:04.677Z DEBUG blacksilk_p2p::net::blocks] peer 1: block 404aeb9e9fce at height 2583 received
[2026-09-29T06:13:04.679Z DEBUG blacksilk_p2p::net::blocks] peer 1: block 65471ed7c367 at height 2584 received
[2026-09-29T06:13:05.170Z DEBUG blacksilk_p2p::net::blocks] peer 1: block 9a0124405b55 at height 2585 received
[2026-09-29T06:13:05.170Z DEBUG blacksilk_p2p::net::blocks] peer 1: block b5b5e67c90c1 at height 2586 received
[2026-09-29T06:13:05.170Z DEBUG blacksilk_p2p::net::blocks] peer 1: block 4534d69850aa at height 2587 received
[2026-09-29T06:13:05.207Z DEBUG blacksilk_p2p::net::blocks] peer 1: block dc4caa272a37 at height 2588 received
[2026-09-29T06:13:05.250Z DEBUG blacksilk_p2p::net::blocks] peer 1: block e37ebf725025 at height 2589 received
[2026-09-29T06:13:05.255Z DEBUG blacksilk_p2p::net::blocks] peer 1: block a20c91024665 at height 2590 received
[2026-09-29T06:13:05.257Z DEBUG blacksilk_p2p::net::blocks] peer 1: block e4caba9a2ba3 at height 2591 received
[2026-09-29T06:13:05.274Z DEBUG blacksilk_p2p::net::blocks] peer 1: block f1f6153d1b46 at height 2592 received
[2026-09-29T06:13:05.941Z DEBUG blacksilk_p2p::net::blocks] peer 1: block 5a557c92e870 at height 2593 received
[2026-09-29T06:13:05.975Z DEBUG blacksilk_p2p::net::blocks] peer 1: block ddbdcc914ba0 at height 2594 received
[2026-09-29T06:13:05.976Z DEBUG blacksilk_p2p::net::blocks] peer 1: block fec696e9fa80 at height 2595 received
[2026-09-29T06:13:06.009Z DEBUG blacksilk_p2p::net::blocks] peer 1: block 9613148b047f at height 2596 received
[2026-09-29T06:13:06.011Z DEBUG blacksilk_p2p::net::blocks] peer 1: block ca0774f18375 at height 2597 received
[2026-09-29T06:13:06.029Z DEBUG blacksilk_p2p::net::blocks] peer 1: block d475459809a3 at height 2598 received
[2026-09-29T06:13:06.031Z DEBUG blacksilk_p2p::net::blocks] peer 1: block 4f04f2c4f7a2 at height 2599 received
[2026-09-29T06:13:06.033Z DEBUG blacksilk_p2p::net::blocks] peer 1: block 30bd1665ed85 at height 2600 received
[2026-09-29T06:13:06.712Z DEBUG blacksilk_p2p::net::blocks] peer 1: block 8860b2a78484 at height 2601 received
[2026-09-29T06:13:06.712Z DEBUG blacksilk_p2p::net::blocks] peer 1: block 6655c6dcd0aa at height 2602 received
[2026-09-29T06:13:06.720Z DEBUG blacksilk_p2p::net::blocks] peer 1: block e874a85f0a2d at height 2603 received
[2026-09-29T06:13:06.745Z DEBUG blacksilk_p2p::net::blocks] peer 1: block d8526b61c346 at height 2604 received
[2026-09-29T06:13:06.748Z DEBUG blacksilk_p2p::net::blocks] peer 1: block c3430c5303ef at height 2605 received
[2026-09-29T06:13:06.750Z DEBUG blacksilk_p2p::net::blocks] peer 1: block 6613f8fc694c at height 2606 received
[2026-09-29T06:13:06.751Z DEBUG blacksilk_p2p::net::blocks] peer 1: block ab2a41b876ce at height 2607 received
[2026-09-29T06:13:06.760Z DEBUG blacksilk_p2p::net::blocks] peer 1: block 1bd93fa3b11e at height 2608 received
[2026-09-29T06:13:07.552Z DEBUG blacksilk_p2p::net::blocks] peer 1: block 1b5b125fb474 at height 2609 received
[2026-09-29T06:13:07.552Z DEBUG blacksilk_p2p::net::blocks] peer 1: block 284de4ee671e at height 2610 received
[2026-09-29T06:13:07.552Z DEBUG blacksilk_p2p::net::blocks] peer 1: block 2e5ead3cc8cb at height 2611 received
[2026-09-29T06:13:07.556Z DEBUG blacksilk_p2p::net::blocks] peer 1: block 937a15750d0d at height 2612 received
[2026-09-29T06:13:07.558Z DEBUG blacksilk_p2p::net::blocks] peer 1: block e6f6a8a7c4a3 at height 2613 received
[2026-09-29T06:13:07.560Z DEBUG blacksilk_p2p::net::blocks] peer 1: block a599cd8ea1fb at height 2614 received
[2026-09-29T06:13:07.567Z DEBUG blacksilk_p2p::net::blocks] peer 1: block 576715e53ffd at height 2615 received
[2026-09-29T06:13:07.569Z DEBUG blacksilk_p2p::net::blocks] peer 1: block 86ce0740f63a at height 2616 received
[2026-09-29T06:13:08.386Z DEBUG blacksilk_p2p::net::blocks] peer 1: block 2823d28b96b4 at height 2617 received
[2026-09-29T06:13:08.386Z DEBUG blacksilk_p2p::net::blocks] peer 1: block c8e6e570d6d7 at height 2618 received
[2026-09-29T06:13:08.386Z DEBUG blacksilk_p2p::net::blocks] peer 1: block be913aff4cd8 at height 2619 received
[2026-09-29T06:13:08.389Z DEBUG blacksilk_p2p::net::blocks] peer 1: block 7492075ba948 at height 2620 received
[2026-09-29T06:13:08.391Z DEBUG blacksilk_p2p::net::blocks] peer 1: block 2cb4eb54e28d at height 2621 received
[2026-09-29T06:13:08.393Z DEBUG blacksilk_p2p::net::blocks] peer 1: block 645987c6fc92 at height 2622 received
[2026-09-29T06:13:08.395Z DEBUG blacksilk_p2p::net::blocks] peer 1: block c1951cd55e93 at height 2623 received
[2026-09-29T06:13:08.402Z DEBUG blacksilk_p2p::net::blocks] peer 1: block 914e4c46cc86 at height 2624 received
[2026-09-29T06:13:09.210Z DEBUG blacksilk_p2p::net::blocks] peer 1: block 63236b1518cf at height 2625 received
[2026-09-29T06:13:09.210Z DEBUG blacksilk_p2p::net::blocks] peer 1: block 8c59f708b5d1 at height 2626 received
[2026-09-29T06:13:09.210Z DEBUG blacksilk_p2p::net::blocks] peer 1: block 1f22bbe3e083 at height 2627 received
[2026-09-29T06:13:09.221Z DEBUG blacksilk_p2p::net::blocks] peer 1: block 5f59c2028e1a at height 2628 received
[2026-09-29T06:13:09.223Z DEBUG blacksilk_p2p::net::blocks] peer 1: block 0106030219c4 at height 2629 received
[2026-09-29T06:13:09.225Z DEBUG blacksilk_p2p::net::blocks] peer 1: block 43ee8b320357 at height 2630 received
[2026-09-29T06:13:09.233Z DEBUG blacksilk_p2p::net::blocks] peer 1: block a37102196ece at height 2631 received
[2026-09-29T06:13:09.234Z DEBUG blacksilk_p2p::net::blocks] peer 1: block 2bf0e7c2fcd6 at height 2632 received
[2026-09-29T06:13:10.022Z DEBUG blacksilk_p2p::net::blocks] peer 1: block ef7cfae02cc6 at height 2633 received
[2026-09-29T06:13:10.022Z DEBUG blacksilk_p2p::net::blocks] peer 1: block 7b76800203b2 at height 2634 received
[2026-09-29T06:13:10.022Z DEBUG blacksilk_p2p::net::blocks] peer 1: block 11796f57552a at height 2635 received
[2026-09-29T06:13:10.031Z DEBUG blacksilk_p2p::net::blocks] peer 1: block 407b3fa12dd3 at height 2636 received
[2026-09-29T06:13:10.033Z DEBUG blacksilk_p2p::net::blocks] peer 1: block bb9910cc3d9a at height 2637 received
[2026-09-29T06:13:10.035Z DEBUG blacksilk_p2p::net::blocks] peer 1: block 1c6a682f27c3 at height 2638 received
[2026-09-29T06:13:10.043Z DEBUG blacksilk_p2p::net::blocks] peer 1: block c384f5d3ce4d at height 2639 received
[2026-09-29T06:13:10.046Z DEBUG blacksilk_p2p::net::blocks] peer 1: block cfe7a2b42040 at height 2640 received
[2026-09-29T06:13:10.543Z DEBUG blacksilk_p2p::net::blocks] peer 1: block c8d84f8dafa8 at height 2641 received
[2026-09-29T06:13:10.544Z DEBUG blacksilk_p2p::net::blocks] peer 1: block 097f7908c424 at height 2642 received
[2026-09-29T06:13:10.544Z DEBUG blacksilk_p2p::net::blocks] peer 1: block 788d0a2d2122 at height 2643 received
[2026-09-29T06:13:10.558Z DEBUG blacksilk_p2p::net::blocks] peer 1: block 6b2b5ad1170e at height 2644 received
[2026-09-29T06:13:10.560Z DEBUG blacksilk_p2p::net::blocks] peer 1: block cdc5c8c34bba at height 2645 received
[2026-09-29T06:13:10.562Z DEBUG blacksilk_p2p::net::blocks] peer 1: block 8d40f8f5d8ed at height 2646 received
[2026-09-29T06:13:10.564Z DEBUG blacksilk_p2p::net::blocks] peer 1: block 08137dee4809 at height 2647 received
[2026-09-29T06:13:10.566Z DEBUG blacksilk_p2p::net::blocks] peer 1: block b5c57e8e6ce1 at height 2648 received
[2026-09-29T06:13:11.439Z DEBUG blacksilk_p2p::net::blocks] peer 1: block 3b8b31a913d5 at height 2649 received
[2026-09-29T06:13:11.439Z DEBUG blacksilk_p2p::net::blocks] peer 1: block d197a106c702 at height 2650 received
[2026-09-29T06:13:11.439Z DEBUG blacksilk_p2p::net::blocks] peer 1: block 2b7e5ecbf50c at height 2651 received
[2026-09-29T06:13:11.576Z DEBUG blacksilk_p2p::net::blocks] peer 1: block 98e769c22364 at height 2652 received
[2026-09-29T06:13:11.783Z DEBUG blacksilk_p2p::net::blocks] peer 1: block 89717feeda90 at height 2653 received
[2026-09-29T06:13:11.783Z DEBUG blacksilk_p2p::net::blocks] peer 1: block e77049c91bf7 at height 2654 received
[2026-09-29T06:13:11.783Z DEBUG blacksilk_p2p::net::blocks] peer 1: block 99ef130fcdd9 at height 2655 received
[2026-09-29T06:13:11.792Z DEBUG blacksilk_p2p::net::blocks] peer 1: block 1d0ddb99cde4 at height 2656 received
[2026-09-29T06:13:12.801Z DEBUG blacksilk_p2p::net::blocks] peer 1: block bff8be15e3fd at height 2657 received
[2026-09-29T06:13:12.801Z DEBUG blacksilk_p2p::net::blocks] peer 1: block 47c526864eae at height 2658 received
[2026-09-29T06:13:13.159Z DEBUG blacksilk_p2p::net::blocks] peer 1: block 72fc5b74c26f at height 2659 received
[2026-09-29T06:13:13.164Z DEBUG blacksilk_p2p::net::blocks] peer 1: block f523228f7317 at height 2660 received
[2026-09-29T06:13:13.166Z DEBUG blacksilk_p2p::net::blocks] peer 1: block c8fc65a66d45 at height 2661 received
[2026-09-29T06:13:13.168Z DEBUG blacksilk_p2p::net::blocks] peer 1: block f11ff8a02d26 at height 2662 received
[2026-09-29T06:13:13.170Z DEBUG blacksilk_p2p::net::blocks] peer 1: block 32df6155408a at height 2663 received
[2026-09-29T06:13:13.172Z DEBUG blacksilk_p2p::net::blocks] peer 1: block 36159678ced8 at height 2664 received
[2026-09-29T06:13:14.523Z DEBUG blacksilk_p2p::net::blocks] peer 1: block a7bddf539442 at height 2665 received
[2026-09-29T06:13:14.523Z DEBUG blacksilk_p2p::net::blocks] peer 1: block 30c5dddb0a6c at height 2666 received
[2026-09-29T06:13:14.887Z DEBUG blacksilk_p2p::net::blocks] peer 1: block d9673d842e84 at height 2667 received
[2026-09-29T06:13:14.893Z DEBUG blacksilk_p2p::net::blocks] peer 1: block a9ce8e110d57 at height 2668 received
[2026-09-29T06:13:14.894Z DEBUG blacksilk_p2p::net::blocks] peer 1: block 2db13494264f at height 2669 received
[2026-09-29T06:13:14.898Z DEBUG blacksilk_p2p::net::blocks] peer 1: block b9b2d9acb73f at height 2670 received
[2026-09-29T06:13:14.905Z DEBUG blacksilk_p2p::net::blocks] peer 1: block ac1db2b2ed1a at height 2671 received
[2026-09-29T06:13:14.908Z DEBUG blacksilk_p2p::net::blocks] peer 1: block 715066fca105 at height 2672 received
[2026-09-29T06:13:16.248Z DEBUG blacksilk_p2p::net::blocks] peer 1: block 14e80fc49d7a at height 2673 received
[2026-09-29T06:13:16.248Z DEBUG blacksilk_p2p::net::blocks] peer 1: block aedcb5969ed2 at height 2674 received
[2026-09-29T06:13:16.464Z DEBUG blacksilk_p2p::net::blocks] peer 1: block 3f38a61a286e at height 2675 received
[2026-09-29T06:13:16.523Z DEBUG blacksilk_p2p::net::blocks] peer 1: block 6320b99949fc at height 2676 received
[2026-09-29T06:13:16.525Z DEBUG blacksilk_p2p::net::blocks] peer 1: block 0df94255d36d at height 2677 received
[2026-09-29T06:13:16.610Z DEBUG blacksilk_p2p::net::blocks] peer 1: block e618e1e20af1 at height 2678 received
[2026-09-29T06:13:16.613Z DEBUG blacksilk_p2p::net::blocks] peer 1: block b5ac021206be at height 2679 received
[2026-09-29T06:13:16.615Z DEBUG blacksilk_p2p::net::blocks] peer 1: block 1e4ae6b85943 at height 2680 received
[2026-09-29T06:13:17.663Z DEBUG blacksilk_p2p::net::blocks] peer 1: block f6f91cc2038b at height 2681 received
[2026-09-29T06:13:17.678Z DEBUG blacksilk_p2p::net::blocks] peer 1: block 7e598c1c7eb3 at height 2682 received
[2026-09-29T06:13:18.047Z DEBUG blacksilk_p2p::net::blocks] peer 1: block 3e498f69b4c3 at height 2683 received
[2026-09-29T06:13:18.108Z DEBUG blacksilk_p2p::net::blocks] peer 1: block 0d8c697ef716 at height 2684 received
[2026-09-29T06:13:18.108Z DEBUG blacksilk_p2p::net::blocks] peer 1: block a79d9dd9df93 at height 2685 received
[2026-09-29T06:13:18.109Z DEBUG blacksilk_p2p::net::blocks] peer 1: block 71e9116dc927 at height 2686 received
[2026-09-29T06:13:18.124Z DEBUG blacksilk_p2p::net::blocks] peer 1: block 26eacf62c9dd at height 2687 received
[2026-09-29T06:13:18.133Z DEBUG blacksilk_p2p::net::blocks] peer 1: block 5b3ce95df731 at height 2688 received
[2026-09-29T06:13:19.214Z DEBUG blacksilk_p2p::net::blocks] peer 1: block d02b3998eb45 at height 2689 received
[2026-09-29T06:13:19.215Z DEBUG blacksilk_p2p::net::blocks] peer 1: block 78748eef2e8b at height 2690 received
[2026-09-29T06:13:19.815Z DEBUG blacksilk_p2p::net::blocks] peer 1: block 69b2f9e8fc35 at height 2691 received
[2026-09-29T06:13:19.819Z DEBUG blacksilk_p2p::net::blocks] peer 1: block 64533558cf23 at height 2692 received
[2026-09-29T06:13:19.827Z DEBUG blacksilk_p2p::net::blocks] peer 1: block 95f37c690c81 at height 2693 received
[2026-09-29T06:13:19.829Z DEBUG blacksilk_p2p::net::blocks] peer 1: block 9f30c09a2b3e at height 2694 received
[2026-09-29T06:13:19.831Z DEBUG blacksilk_p2p::net::blocks] peer 1: block 2cafdc5566f1 at height 2695 received
[2026-09-29T06:13:19.838Z DEBUG blacksilk_p2p::net::blocks] peer 1: block 772c5e3dfb68 at height 2696 received
[2026-09-29T06:13:20.908Z DEBUG blacksilk_p2p::net::blocks] peer 1: block 8702836a34ef at height 2697 received
[2026-09-29T06:13:20.944Z DEBUG blacksilk_p2p::net::blocks] peer 1: block 4d3f181d262a at height 2698 received
[2026-09-29T06:13:20.945Z DEBUG blacksilk_p2p::net::blocks] peer 1: block e9bfbb497aba at height 2699 received
[2026-09-29T06:13:21.326Z DEBUG blacksilk_p2p::net::blocks] peer 1: block 436c0575b422 at height 2700 received
[2026-09-29T06:13:21.329Z DEBUG blacksilk_p2p::net::blocks] peer 1: block 4f0cafe371fc at height 2701 received
[2026-09-29T06:13:21.330Z DEBUG blacksilk_p2p::net::blocks] peer 1: block 7c27f9bc0315 at height 2702 received
[2026-09-29T06:13:21.339Z DEBUG blacksilk_p2p::net::blocks] peer 1: block 06b9c8a01f87 at height 2703 received
[2026-09-29T06:13:21.341Z DEBUG blacksilk_p2p::net::blocks] peer 1: block 4a0cbf8a4e14 at height 2704 received
[2026-09-29T06:13:22.447Z DEBUG blacksilk_p2p::net::blocks] peer 1: block 3b7c274ca8eb at height 2705 received
[2026-09-29T06:13:22.447Z DEBUG blacksilk_p2p::net::blocks] peer 1: block 8b02b28ad8a2 at height 2706 received
[2026-09-29T06:13:22.448Z DEBUG blacksilk_p2p::net::blocks] peer 1: block 961847ff4dc4 at height 2707 received
[2026-09-29T06:13:22.451Z DEBUG blacksilk_p2p::net::blocks] peer 1: block d7211701b64d at height 2708 received
[2026-09-29T06:13:22.469Z DEBUG blacksilk_p2p::net::blocks] peer 1: block 98d992de654c at height 2709 received
[2026-09-29T06:13:22.961Z DEBUG blacksilk_p2p::net::blocks] peer 1: block 25b25ab2d639 at height 2710 received
[2026-09-29T06:13:22.961Z DEBUG blacksilk_p2p::net::blocks] peer 1: block dd2f25387bc6 at height 2711 received
[2026-09-29T06:13:22.976Z DEBUG blacksilk_p2p::net::blocks] peer 1: block d4ae31d6c3ba at height 2712 received
[2026-09-29T06:13:24.130Z DEBUG blacksilk_p2p::net::blocks] peer 1: block 5699b6c20dab at height 2713 received
[2026-09-29T06:13:24.177Z DEBUG blacksilk_p2p::net::blocks] peer 1: block 51cfaaafee51 at height 2714 received
[2026-09-29T06:13:24.460Z DEBUG blacksilk_p2p::net::blocks] peer 1: block 59dba8e868ac at height 2715 received
[2026-09-29T06:13:24.536Z DEBUG blacksilk_p2p::net::blocks] peer 1: block 5c77af4f5186 at height 2716 received
[2026-09-29T06:13:24.539Z DEBUG blacksilk_p2p::net::blocks] peer 1: block ab838777fec5 at height 2717 received
[2026-09-29T06:13:24.541Z DEBUG blacksilk_p2p::net::blocks] peer 1: block 85841db80fb3 at height 2718 received
[2026-09-29T06:13:24.543Z DEBUG blacksilk_p2p::net::blocks] peer 1: block c5f885bd5481 at height 2719 received
[2026-09-29T06:13:24.551Z DEBUG blacksilk_p2p::net::blocks] peer 1: block 241bec5d0b9e at height 2720 received
[2026-09-29T06:13:25.926Z DEBUG blacksilk_p2p::net::blocks] peer 1: block 376c10020273 at height 2721 received
[2026-09-29T06:13:25.926Z DEBUG blacksilk_p2p::net::blocks] peer 1: block c9e6ce2b3c3d at height 2722 received
[2026-09-29T06:13:26.387Z DEBUG blacksilk_p2p::net::blocks] peer 1: block 51e954cbdede at height 2723 received
[2026-09-29T06:13:26.397Z DEBUG blacksilk_p2p::net::blocks] peer 1: block d125a176a3ed at height 2724 received
[2026-09-29T06:13:26.399Z DEBUG blacksilk_p2p::net::blocks] peer 1: block 59ffbe024106 at height 2725 received
[2026-09-29T06:13:26.401Z DEBUG blacksilk_p2p::net::blocks] peer 1: block 09235566208c at height 2726 received
[2026-09-29T06:13:26.409Z DEBUG blacksilk_p2p::net::blocks] peer 1: block fe9400cb7607 at height 2727 received
[2026-09-29T06:13:26.411Z DEBUG blacksilk_p2p::net::blocks] peer 1: block 5911fa3ad91c at height 2728 received
[2026-09-29T06:13:27.552Z DEBUG blacksilk_p2p::net::blocks] peer 1: block 55537dd05ca3 at height 2729 received
[2026-09-29T06:13:27.552Z DEBUG blacksilk_p2p::net::blocks] peer 1: block c8465233a68b at height 2730 received
[2026-09-29T06:13:27.824Z DEBUG blacksilk_p2p::net::blocks] peer 1: block 871108207d2d at height 2731 received
[2026-09-29T06:13:27.828Z DEBUG blacksilk_p2p::net::blocks] peer 1: block fbad5d920b6d at height 2732 received
[2026-09-29T06:13:27.830Z DEBUG blacksilk_p2p::net::blocks] peer 1: block dff4f8d6f5ec at height 2733 received
[2026-09-29T06:13:27.845Z DEBUG blacksilk_p2p::net::blocks] peer 1: block 50ee63daa904 at height 2734 received
[2026-09-29T06:13:27.853Z DEBUG blacksilk_p2p::net::blocks] peer 1: block 2e0bfaaf9021 at height 2735 received
[2026-09-29T06:13:27.861Z DEBUG blacksilk_p2p::net::blocks] peer 1: block 29df16b74e06 at height 2736 received
[2026-09-29T06:13:29.745Z DEBUG blacksilk_p2p::net::blocks] peer 1: block dad444b402b5 at height 2737 received
[2026-09-29T06:13:29.796Z DEBUG blacksilk_p2p::net::blocks] peer 1: block 7b959f729e09 at height 2738 received
[2026-09-29T06:13:30.101Z DEBUG blacksilk_p2p::net::blocks] peer 1: block fc859dab15ec at height 2739 received
[2026-09-29T06:13:30.136Z DEBUG blacksilk_p2p::net::blocks] peer 1: block f9ef208992dc at height 2740 received
[2026-09-29T06:13:30.137Z DEBUG blacksilk_p2p::net::blocks] peer 1: block cda7b47d2c64 at height 2741 received
[2026-09-29T06:13:30.137Z DEBUG blacksilk_p2p::net::blocks] peer 1: block bb2bb519cc3b at height 2742 received
[2026-09-29T06:13:30.140Z DEBUG blacksilk_p2p::net::blocks] peer 1: block dce7c5f16807 at height 2743 received
[2026-09-29T06:13:30.232Z DEBUG blacksilk_p2p::net::blocks] peer 1: block c8580cb5a1b4 at height 2744 received
[2026-09-29T06:13:31.549Z DEBUG blacksilk_p2p::net::blocks] peer 1: block 914addee07f6 at height 2745 received
[2026-09-29T06:13:31.549Z DEBUG blacksilk_p2p::net::blocks] peer 1: block fcdfa3acd888 at height 2746 received
[2026-09-29T06:13:31.600Z DEBUG blacksilk_p2p::net::blocks] peer 1: block cbc2ec2961c0 at height 2747 received
[2026-09-29T06:13:31.761Z DEBUG blacksilk_p2p::net::blocks] peer 1: block 733e9d3b387c at height 2748 received
[2026-09-29T06:13:31.812Z DEBUG blacksilk_p2p::net::blocks] peer 1: block 262da6d5e203 at height 2749 received
[2026-09-29T06:13:31.823Z DEBUG blacksilk_p2p::net::blocks] peer 1: block 33e50a8e655a at height 2750 received
[2026-09-29T06:13:31.825Z DEBUG blacksilk_p2p::net::blocks] peer 1: block e32f1f55c1e5 at height 2751 received
[2026-09-29T06:13:31.833Z DEBUG blacksilk_p2p::net::blocks] peer 1: block 42b02947ca74 at height 2752 received
[2026-09-29T06:13:33.296Z DEBUG blacksilk_p2p::net::blocks] peer 1: block 7934878c8d3a at height 2753 received
[2026-09-29T06:13:33.312Z DEBUG blacksilk_p2p::net::blocks] peer 1: block db344e3ee919 at height 2754 received
[2026-09-29T06:13:33.646Z DEBUG blacksilk_p2p::net::blocks] peer 1: block a9f913ad74d3 at height 2755 received
[2026-09-29T06:13:33.650Z DEBUG blacksilk_p2p::net::blocks] peer 1: block 08fe4d3f87c0 at height 2756 received
[2026-09-29T06:13:33.657Z DEBUG blacksilk_p2p::net::blocks] peer 1: block 9ae84cb95f57 at height 2757 received
[2026-09-29T06:13:33.659Z DEBUG blacksilk_p2p::net::blocks] peer 1: block 6b3091a837f4 at height 2758 received
[2026-09-29T06:13:33.662Z DEBUG blacksilk_p2p::net::blocks] peer 1: block f33ba02e7220 at height 2759 received
[2026-09-29T06:13:33.664Z DEBUG blacksilk_p2p::net::blocks] peer 1: block 9a5d2a3f8a4d at height 2760 received
[2026-09-29T06:13:35.032Z DEBUG blacksilk_p2p::net::blocks] peer 1: block b4b21f3ca669 at height 2761 received
[2026-09-29T06:13:35.032Z DEBUG blacksilk_p2p::net::blocks] peer 1: block 920e9ff09c89 at height 2762 received
[2026-09-29T06:13:35.032Z DEBUG blacksilk_p2p::net::blocks] peer 1: block 4997ecedf4c0 at height 2763 received
[2026-09-29T06:13:35.034Z DEBUG blacksilk_p2p::net::blocks] peer 1: block 5401077a3794 at height 2764 received
[2026-09-29T06:13:35.036Z DEBUG blacksilk_p2p::net::blocks] peer 1: block 3aadd9fb3357 at height 2765 received
[2026-09-29T06:13:35.038Z DEBUG blacksilk_p2p::net::blocks] peer 1: block 2c5cd5633cf2 at height 2766 received
[2026-09-29T06:13:35.040Z DEBUG blacksilk_p2p::net::blocks] peer 1: block f42952c3f81e at height 2767 received
[2026-09-29T06:13:35.042Z DEBUG blacksilk_p2p::net::blocks] peer 1: block f353463bfb86 at height 2768 received
[2026-09-29T06:13:36.260Z DEBUG blacksilk_p2p::net::blocks] peer 1: block b5bb9c2f138d at height 2769 received
[2026-09-29T06:13:36.292Z DEBUG blacksilk_p2p::net::blocks] peer 1: block 812d3c2a94e8 at height 2770 received
[2026-09-29T06:13:36.663Z DEBUG blacksilk_p2p::net::blocks] peer 1: block f1f5574cf139 at height 2771 received
[2026-09-29T06:13:36.685Z DEBUG blacksilk_p2p::net::blocks] peer 1: block a7437e44066b at height 2772 received
[2026-09-29T06:13:36.685Z DEBUG blacksilk_p2p::net::blocks] peer 1: block 5ea4127f02b0 at height 2773 received
[2026-09-29T06:13:36.685Z DEBUG blacksilk_p2p::net::blocks] peer 1: block 636ceced70e1 at height 2774 received
[2026-09-29T06:13:36.694Z DEBUG blacksilk_p2p::net::blocks] peer 1: block 830cd90effc1 at height 2775 received
[2026-09-29T06:13:36.702Z DEBUG blacksilk_p2p::net::blocks] peer 1: block d2b95d6cd895 at height 2776 received
[2026-09-29T06:13:37.835Z DEBUG blacksilk_p2p::net::blocks] peer 1: block 03c052fcb86a at height 2777 received
[2026-09-29T06:13:37.835Z DEBUG blacksilk_p2p::net::blocks] peer 1: block f6b86d487c05 at height 2778 received
[2026-09-29T06:13:38.098Z DEBUG blacksilk_p2p::net::blocks] peer 1: block 9bfd9bfcef24 at height 2779 received
[2026-09-29T06:13:38.114Z DEBUG blacksilk_p2p::net::blocks] peer 1: block 2f8477c71877 at height 2780 received
[2026-09-29T06:13:38.116Z DEBUG blacksilk_p2p::net::blocks] peer 1: block 0887b68e88af at height 2781 received
[2026-09-29T06:13:38.124Z DEBUG blacksilk_p2p::net::blocks] peer 1: block a375981c3e47 at height 2782 received
[2026-09-29T06:13:38.126Z DEBUG blacksilk_p2p::net::blocks] peer 1: block 477300163004 at height 2783 received
[2026-09-29T06:13:38.128Z DEBUG blacksilk_p2p::net::blocks] peer 1: block e52607ba0e71 at height 2784 received
[2026-09-29T06:13:39.311Z DEBUG blacksilk_p2p::net::blocks] peer 1: block 207a2b56e259 at height 2785 received
[2026-09-29T06:13:39.326Z DEBUG blacksilk_p2p::net::blocks] peer 1: block 714cd8b88cad at height 2786 received
[2026-09-29T06:13:39.724Z DEBUG blacksilk_p2p::net::blocks] peer 1: block c1a3d7fdd063 at height 2787 received
[2026-09-29T06:13:39.728Z DEBUG blacksilk_p2p::net::blocks] peer 1: block f67fe6f0d13b at height 2788 received
[2026-09-29T06:13:39.730Z DEBUG blacksilk_p2p::net::blocks] peer 1: block bd38f90e15a9 at height 2789 received
[2026-09-29T06:13:39.738Z DEBUG blacksilk_p2p::net::blocks] peer 1: block 2484dc9a1083 at height 2790 received
[2026-09-29T06:13:39.749Z DEBUG blacksilk_p2p::net::blocks] peer 1: block 82405b7d0f9a at height 2791 received
[2026-09-29T06:13:39.757Z DEBUG blacksilk_p2p::net::blocks] peer 1: block 0b734ee31ba1 at height 2792 received
[2026-09-29T06:13:40.831Z DEBUG blacksilk_p2p::net::blocks] peer 1: block 9bec12ca10b8 at height 2793 received
[2026-09-29T06:13:40.832Z DEBUG blacksilk_p2p::net::blocks] peer 1: block 732d1b07574e at height 2794 received
[2026-09-29T06:13:41.345Z DEBUG blacksilk_p2p::net::blocks] peer 1: block 01ae7d8e2f4b at height 2795 received
[2026-09-29T06:13:41.365Z DEBUG blacksilk_p2p::net::blocks] peer 1: block 4fd5662cdfee at height 2796 received
[2026-09-29T06:13:41.365Z DEBUG blacksilk_p2p::net::blocks] peer 1: block 7027ec15d994 at height 2797 received
[2026-09-29T06:13:41.432Z DEBUG blacksilk_p2p::net::blocks] peer 1: block e6030a16015a at height 2798 received
[2026-09-29T06:13:41.436Z DEBUG blacksilk_p2p::net::blocks] peer 1: block a00660bb7277 at height 2799 received
[2026-09-29T06:13:41.438Z DEBUG blacksilk_p2p::net::blocks] peer 1: block 7371545e6a53 at height 2800 received
[2026-09-29T06:13:42.623Z DEBUG blacksilk_p2p::net::blocks] peer 1: block 45ff353adcda at height 2801 received
[2026-09-29T06:13:42.662Z DEBUG blacksilk_p2p::net::blocks] peer 1: block d8141a584965 at height 2802 received
[2026-09-29T06:13:42.662Z DEBUG blacksilk_p2p::net::blocks] peer 1: block 1141e58846dc at height 2803 received
[2026-09-29T06:13:42.957Z DEBUG blacksilk_p2p::net::blocks] peer 1: block 9826ef64c505 at height 2804 received
[2026-09-29T06:13:42.960Z DEBUG blacksilk_p2p::net::blocks] peer 1: block 8efa7f09a97d at height 2805 received
[2026-09-29T06:13:42.961Z DEBUG blacksilk_p2p::net::blocks] peer 1: block 9c78aa984ce6 at height 2806 received
[2026-09-29T06:13:42.963Z DEBUG blacksilk_p2p::net::blocks] peer 1: block 9e50dc87d2f4 at height 2807 received
[2026-09-29T06:13:42.986Z DEBUG blacksilk_p2p::net::blocks] peer 1: block a4af6c8826b6 at height 2808 received
[2026-09-29T06:13:44.002Z DEBUG blacksilk_p2p::net::blocks] peer 1: block 313deb65f737 at height 2809 received
[2026-09-29T06:13:44.002Z DEBUG blacksilk_p2p::net::blocks] peer 1: block a3d0eb26960c at height 2810 received
[2026-09-29T06:13:44.002Z DEBUG blacksilk_p2p::net::blocks] peer 1: block 0056619f5db3 at height 2811 received
[2026-09-29T06:13:44.028Z DEBUG blacksilk_p2p::net::blocks] peer 1: block 0282a472391c at height 2812 received
[2026-09-29T06:13:44.039Z DEBUG blacksilk_p2p::net::blocks] peer 1: block 5ad7f64acf13 at height 2813 received
[2026-09-29T06:13:44.041Z DEBUG blacksilk_p2p::net::blocks] peer 1: block 1fa617ee6ce4 at height 2814 received
[2026-09-29T06:13:44.044Z DEBUG blacksilk_p2p::net::blocks] peer 1: block e3838106c1a4 at height 2815 received
[2026-09-29T06:13:44.052Z DEBUG blacksilk_p2p::net::blocks] peer 1: block a70e727d81ea at height 2816 received
[2026-09-29T06:13:44.790Z DEBUG blacksilk_p2p::net::blocks] peer 1: block 1c384b94b41b at height 2817 received
[2026-09-29T06:13:44.790Z DEBUG blacksilk_p2p::net::blocks] peer 1: block 4dbfd5f88e1c at height 2818 received
[2026-09-29T06:13:44.790Z DEBUG blacksilk_p2p::net::blocks] peer 1: block a0a5c18fe73e at height 2819 received
[2026-09-29T06:13:44.794Z DEBUG blacksilk_p2p::net::blocks] peer 1: block fc4bf0073bf1 at height 2820 received
[2026-09-29T06:13:44.796Z DEBUG blacksilk_p2p::net::blocks] peer 1: block 1ffcacf68450 at height 2821 received
[2026-09-29T06:13:44.798Z DEBUG blacksilk_p2p::net::blocks] peer 1: block 90618326fb6d at height 2822 received
[2026-09-29T06:13:44.805Z DEBUG blacksilk_p2p::net::blocks] peer 1: block 9b0ea320fe89 at height 2823 received
[2026-09-29T06:13:44.816Z DEBUG blacksilk_p2p::net::blocks] peer 1: block 07b7f900df96 at height 2824 received
[2026-09-29T06:13:45.568Z DEBUG blacksilk_p2p::net::blocks] peer 1: block 4b9159752dd9 at height 2825 received
[2026-09-29T06:13:45.568Z DEBUG blacksilk_p2p::net::blocks] peer 1: block f6b6dde0ae34 at height 2826 received
[2026-09-29T06:13:45.569Z DEBUG blacksilk_p2p::net::blocks] peer 1: block a438ff63f53b at height 2827 received
[2026-09-29T06:13:45.573Z DEBUG blacksilk_p2p::net::blocks] peer 1: block f3473fe17cb5 at height 2828 received
[2026-09-29T06:13:45.584Z DEBUG blacksilk_p2p::net::blocks] peer 1: block dc3b4d9d9359 at height 2829 received
[2026-09-29T06:13:45.625Z DEBUG blacksilk_p2p::net::blocks] peer 1: block 76346fae442c at height 2830 received
[2026-09-29T06:13:45.633Z DEBUG blacksilk_p2p::net::blocks] peer 1: block 1b39f2b281ba at height 2831 received
[2026-09-29T06:13:45.634Z DEBUG blacksilk_p2p::net::blocks] peer 1: block 46fdfc23e2c3 at height 2832 received
[2026-09-29T06:13:46.337Z DEBUG blacksilk_p2p::net::headers] peer 1: 835 headers up to height 2835 accepted (new: true)
[2026-09-29T06:13:46.337Z DEBUG blacksilk_p2p::net::blocks] peer 1: block 523b4828b6ec at height 2833 received
[2026-09-29T06:13:46.338Z DEBUG blacksilk_p2p::net::blocks] peer 1: block cab9f71354e5 at height 2834 received
[2026-09-29T06:13:46.338Z DEBUG blacksilk_p2p::net::blocks] peer 1: block 4803b8f26f09 at height 2835 received
