run	height	block_id	block_diff	share_diff	job_id	header_nonce	xmrig_result	bridge_hash	equal	outcome	reply
A	1	f6b323496ffa6be9b9778ba789f827d5403d5f10cc97c6f8e4fea30d00512870	1	3600	1	14507466130710400033	e843a8355730fe58d907e590e6f65d5bde0a0e205f3b7e7abe46e5933a5b0300	e843a8355730fe58d907e590e6f65d5bde0a0e205f3b7e7abe46e5933a5b0300	Y	ok	OK
A	2	6aa9a2f4854d229750aaed67f202f547d829e737495b02cad9317708d0498d22	1	3600	2	9466567018028272505	8ef28d731f450fe401f45b1f5261691903da179b812681dfae5e29ddd8950b00	8ef28d731f450fe401f45b1f5261691903da179b812681dfae5e29ddd8950b00	Y	ok	OK
A	2	820ffa7de98e5c5c01b758cf2b00fa55ffa787e41787ff9e727594031fe35f64	1	3600	2	9466567018028206946	e38690d12bc645a05ec8d286d1223de592b657d5277f86b78ef5ee1901f21100	e38690d12bc645a05ec8d286d1223de592b657d5277f86b78ef5ee1901f21100	Y	ok_off_best_chain	OK_OFF_BEST_CHAIN
A	3	e1e5466337c05825513fc03f51730955a30904f748c4c3cadff06d17b4411d46	1	3600	3	11792108894745101205	ac52f08144d4432d3e5ee0afb54ab1e8cc16dd84f5330a1b3b98233b419d0b00	ac52f08144d4432d3e5ee0afb54ab1e8cc16dd84f5330a1b3b98233b419d0b00	Y	ok	OK
A	3	03853312210bee5a790a03a09a7da557ad80712b6a2b7f3487f784fcc34bb39f	1	3600	3	11792108894745101332	973820bea234e5b2ba57c140ef0022a3566307c82080651e00e013dec4010a00	973820bea234e5b2ba57c140ef0022a3566307c82080651e00e013dec4010a00	Y	ok_off_best_chain	OK_OFF_BEST_CHAIN
A	3	0d964ab3b746cf7c6e6626030e4b487f0a0539fd10c7ebd33ef08e5190135168	1	3600	3	11792108894745003128	1b110f7f0c99918443c3f093517da205d613e33f393cdb20deda0bbf94400d00	1b110f7f0c99918443c3f093517da205d613e33f393cdb20deda0bbf94400d00	Y	ok_off_best_chain	OK_OFF_BEST_CHAIN
A	4	0e6791786614b90a50362923cb83954c07dcbddb56088d6937699f879211f004	1	3600	4	4201446586447888420	8abeeae87aac0c5d7019ad09977e695391736c5b394fdbc30fc0db8dab1c1100	8abeeae87aac0c5d7019ad09977e695391736c5b394fdbc30fc0db8dab1c1100	Y	ok	OK
A	5	2255477dc2a9c6145539241b4e9c8d6f5ecbb4ed715cf97549e24246748c94d1	1	3600	5	5005744281378390311	a12a6d6cc62f1603472172d94d64ac9dc54c9b6741ff4dadec0177dadaee0100	a12a6d6cc62f1603472172d94d64ac9dc54c9b6741ff4dadec0177dadaee0100	Y	ok	OK
A	6	0d8c8bf47a6f455c84b4566877b56d925b5aac89410250b6eecaecc2d71947fa	1	3600	6	5809201996670009494	f3242c80ed184ccf792f0c8070aba881b4bec2808ca43e2412d1d08c5b550700	f3242c80ed184ccf792f0c8070aba881b4bec2808ca43e2412d1d08c5b550700	Y	ok	OK
A	6	2a69deccfc0247cc008ea6101d5db3ee48facf75e315319fa1f8f12ac49cd956	1	3600	6	5809201996670009651	122d6ca7a03f888a78134fddc2c7466d3a7440f11d58bd1651e606a2dcf20c00	122d6ca7a03f888a78134fddc2c7466d3a7440f11d58bd1651e606a2dcf20c00	Y	ok_off_best_chain	OK_OFF_BEST_CHAIN
A	6	f754b5ad13bd4df01266fcc97b34ab12907f6e6f31ca7b88a2238ac3b968ef18	1	3600	6	5809201996670009656	ad1902dfddb1d66913938524121604a9dcd882cefae0ae0d461a58d9b2950400	ad1902dfddb1d66913938524121604a9dcd882cefae0ae0d461a58d9b2950400	Y	ok_off_best_chain	OK_OFF_BEST_CHAIN
A	7	a4416a319d1d95018212c27ae4e480b5964153a1311f3a29f59443c7b074d1f7	1	3600	7	7916156598098167833	7051cdfa7e34bceb6581662f02099ea82d9ff97ed3d5e803acc679e57fcf0e00	7051cdfa7e34bceb6581662f02099ea82d9ff97ed3d5e803acc679e57fcf0e00	Y	ok	OK
A	8	2d31122eb6ad550905b1623887399d3e9d2021f33925717311847bd413f3b57b	1	3600	8	5105754480356427651	e85e043d8de129e06f74dc95616142e25973c4bfd5542ea1d8eb89ff39810700	e85e043d8de129e06f74dc95616142e25973c4bfd5542ea1d8eb89ff39810700	Y	ok	OK
A	9	dde48578f5d4dd6b74c4d49d937b50fecdd106be1ba8bf771dcc8de12cd70a59	1	3600	9	8800012716736512019	9459b5298c5133a1a6958bba5d15474cf0158c012b8746b3b458e85162220e00	9459b5298c5133a1a6958bba5d15474cf0158c012b8746b3b458e85162220e00	Y	ok	OK
A	9	24b4af75ee244a0472abf87e926a6a81b37bccdf54652a62972c60b186420efe	1	3600	9	8800012716736512127	c322cdcf218c0cd6f4e8969456eb4312cc17e876d12955768fccebf4eaa30000	c322cdcf218c0cd6f4e8969456eb4312cc17e876d12955768fccebf4eaa30000	Y	ok_off_best_chain	OK_OFF_BEST_CHAIN
A-probe	10	dd9573b1ec0a47c533c5615cf4858d06738685c566757bef65c12688fe84fb28	1	1	11	14997486870658879595	0b1848bf84b728c3fd24a2348f1f3a35fd642eb3695eee753aa8ddf76046c2c1	0b1848bf84b728c3fd24a2348f1f3a35fd642eb3695eee753aa8ddf76046c2c1	Y	ok	OK
A	11	3a8444e27553f795d3e6394582606da89aff86fa17661f4ba42bcbb1b7b895fd	1	3600	12	13787241845073478481	68bb65d856560654cc658329e64862b58643ddcdbe82ef3e3e39fb42ada80600	68bb65d856560654cc658329e64862b58643ddcdbe82ef3e3e39fb42ada80600	Y	ok	OK
A	12	e51c3f86e4b5f13cbca29f3a98af57b20a50eaea48fcb2b9aee41c565303137d	1	3600	15	4889850275432562965	e4396c36d82e2c56b80ba2c0506ece51cd73a1d728b90476264a2979ad6b1000	e4396c36d82e2c56b80ba2c0506ece51cd73a1d728b90476264a2979ad6b1000	Y	ok	OK
A	13	3ed5fa4dd5c46de669d8a93646cda42b6c56686a078b1be9b0eb8c373055af91	1	3600	16	16361259872060244958	78c976bb4387f47a4c72f7b43cb1f3fbc8cf6fff93ee8091a486dea611bf0100	78c976bb4387f47a4c72f7b43cb1f3fbc8cf6fff93ee8091a486dea611bf0100	Y	ok	OK
A	14	53b6bb268d03372446e679c0e1ed5d67ad62345e77e26ba87d43ce8a4cb90bd1	1	3600	17	7525190793204598053	f0a59e60ecaf729715c971a3d1d2e1f73d2f72d3aae014b61edc2498be2a0000	f0a59e60ecaf729715c971a3d1d2e1f73d2f72d3aae014b61edc2498be2a0000	Y	ok	OK
A	14	ad6c935952ad13020a2ef8947ff15ec52ed76403765acdbd5b230c0fd20a21e0	1	3600	17	7525190793204630829	c1d8829f4b74af7b90787a04b4588a029628f54ee944588ce86b6485c3d80000	c1d8829f4b74af7b90787a04b4588a029628f54ee944588ce86b6485c3d80000	Y	ok_off_best_chain	OK_OFF_BEST_CHAIN
A	15	81d41b428f369a85315bea4ff902410dacc30a809201e4728d7256e464706a93	1	3600	18	5853407621146542514	f4d55e11e8f1c47501087e7f035a8967e7d6349216ed657f2c9122363b480b00	f4d55e11e8f1c47501087e7f035a8967e7d6349216ed657f2c9122363b480b00	Y	ok	OK
A	16	bda0b4a1808618dcaa3582c39d18cfa5237d57f577765622bf6442e2999263dd	1	3600	19	11342134486927245722	ec53cbb88e2fd41f7ee79498b6456fe1bab1c0673e98b07d94ccb2f978c10000	ec53cbb88e2fd41f7ee79498b6456fe1bab1c0673e98b07d94ccb2f978c10000	Y	ok	OK
A	16	f457aa1d4298fec2c8aba82c733339e62007446a3d1135c9b95b6ddc65e40f1f	1	3600	19	11342134486927180409	f329236b75aa83273d87030c189b593535cbc7b0d63f8eef63d4e87f8e1d0300	f329236b75aa83273d87030c189b593535cbc7b0d63f8eef63d4e87f8e1d0300	Y	ok_off_best_chain	OK_OFF_BEST_CHAIN
A	17	6d59f1705a0d03315fc8aa114533c91bb35a9818656dcb3b6fe32de2c250de4b	1	3600	20	9996793035800709020	b16425278ba67b45a31222b5d98404609ed7dfdfcaf24b4acf8aeb180e4e0900	b16425278ba67b45a31222b5d98404609ed7dfdfcaf24b4acf8aeb180e4e0900	Y	ok	OK
A	17	ae77aa3fa34ab4f46b88b33aacc74d8202ae01d62719e08dd053d336d5049237	1	3600	20	9996793035800709195	b560e6bd466d93eec9d82dafccc1794bcf181b1ac97de2f6ab4cbbf6f00b1200	b560e6bd466d93eec9d82dafccc1794bcf181b1ac97de2f6ab4cbbf6f00b1200	Y	ok_off_best_chain	OK_OFF_BEST_CHAIN
A	17	46a92fe079f4196e7a903e119756ec0dbd1d34e339b0d0cf7d0c6575f6ae986e	1	3600	20	9996793035800774794	831bdbe1b79230d768dc5eece5f2418e02cd5d51f5562aad4b14b357b8c50500	831bdbe1b79230d768dc5eece5f2418e02cd5d51f5562aad4b14b357b8c50500	Y	ok_off_best_chain	OK_OFF_BEST_CHAIN
A	18	bfcca4288dff3951d35ada8f79c5bfee506d9535129ce578a05a23e6a215421f	1	3600	21	13778194917371216796	aba14a065f72a53641afa125474d64452098ca280e906d72b73b45235e1f0800	aba14a065f72a53641afa125474d64452098ca280e906d72b73b45235e1f0800	Y	ok	OK
A	18	fbede73af1ec38673617ac173db930157925f6c3a2f62cfcc01b78dea9c04884	1	3600	21	13778194917371249664	ea19d655fa62982ecf1bbecea84c6f23c5628c13fda1a9f5c118633dd7360200	ea19d655fa62982ecf1bbecea84c6f23c5628c13fda1a9f5c118633dd7360200	Y	ok_off_best_chain	OK_OFF_BEST_CHAIN
A	19	8ec5b10f6edb9a17ba438d6cd419fbaef8ce5e96c429dce1d3ecfad18188f678	1	3600	22	13378483395126952474	ea598cf2b43bccfd205e701c569b7e90a484bcc2a35debbdab612884876c0400	ea598cf2b43bccfd205e701c569b7e90a484bcc2a35debbdab612884876c0400	Y	ok	OK
A	20	60aa1832e9c284f3b9a88ca573a7dd375b6b2bab8ad373aed2b3872276c0652c	1	3600	23	5432254578483560724	55c9fcc51e2c80e49dfc1aa3fa8a3555cf3cdf8253fefb157f02a99a2c3a0600	55c9fcc51e2c80e49dfc1aa3fa8a3555cf3cdf8253fefb157f02a99a2c3a0600	Y	ok	OK
A	21	9189ccaffb42b391b61fdb61935b38e74c0ed272211793f492680c1652e111bc	1	3600	24	1253935201218724421	9e12622cd08aea12f3b7e1bb48179be581b08a77a5e2b2265acb799f848d0100	9e12622cd08aea12f3b7e1bb48179be581b08a77a5e2b2265acb799f848d0100	Y	ok	OK
A	22	13bd5456f3a3d04fa78c8c44dad4ee6e356ef6a930f037719a1f8de29cd27bf8	1	3600	25	857038450216468662	64103d9cccb89ab7a2128caf8cf36e32a802040c2847bf79d3ab8e1fd85d1000	64103d9cccb89ab7a2128caf8cf36e32a802040c2847bf79d3ab8e1fd85d1000	Y	ok	OK
A	23	3420b9a329f77d55dc32bfbc83573d56e2f139e595349c66b0c6bdcf14f8594a	1	3600	26	8423579577934250035	3fa8a1f3ef8beec2ab829650e036d035f78a4f9fbdb35e69f16df243632c1200	3fa8a1f3ef8beec2ab829650e036d035f78a4f9fbdb35e69f16df243632c1200	Y	ok	OK
A	24	e35cbc9379bd8a4c46b59ee0c8a81dc17a17cf3d5647dfdb91448dbabfc176b6	1	3600	27	15790844174556791474	ea95a9bc703565df549e0a73a269573991a21af36e56a01d1ddb503c611d1200	ea95a9bc703565df549e0a73a269573991a21af36e56a01d1ddb503c611d1200	Y	ok	OK
A	25	bedcb0a68c6a1c22fa8d4386a3b49753d3b8b635c4ec240cc938390732f75c37	1	3600	28	4268673377364973542	73e9a27d987efb6d2a9839b5c9470d2bbdc6dfe1d197d6b3c8ebfb64de510200	73e9a27d987efb6d2a9839b5c9470d2bbdc6dfe1d197d6b3c8ebfb64de510200	Y	ok	OK
A	25	b1d9becfa1d46598f96f658f1d4098ef6fbf52e1a0af948f322088c7542ab8e4	1	3600	28	4268673377364875264	6aa082da31034a798c99278b84783868a03d8b4342a23031d1f50eaf3dfd0200	6aa082da31034a798c99278b84783868a03d8b4342a23031d1f50eaf3dfd0200	Y	ok_off_best_chain	OK_OFF_BEST_CHAIN
A	26	57c0aac7a45d5c882bae555b09d24f7202f1656e71e1408952bdcd5e69d8b4f5	1	3600	29	16300196904673739312	43538bf9d6ed072b6c68150a71597f9e3c68c3f8c9862d27dc2a5268cc550100	43538bf9d6ed072b6c68150a71597f9e3c68c3f8c9862d27dc2a5268cc550100	Y	ok	OK
A	27	92c03fca8c0b9208f3e520f4d3b0497a86875f81c82c0735a0f7a211821dc28e	1	3600	30	3909530063204319764	0bd805da175065bf8cd01f64536adc984e76412ac5dfb7ea51ac9f6015590100	0bd805da175065bf8cd01f64536adc984e76412ac5dfb7ea51ac9f6015590100	Y	ok	OK
A	28	b4a77ab6d1b2e7760a357601f763d15e591d643519d3b03bff1313fa517c047f	1	3600	31	17873997411555279439	2de5c44ee2cfbecf6e1339342ea58af6a5bbbd9780ee565c980353fc9f9a0100	2de5c44ee2cfbecf6e1339342ea58af6a5bbbd9780ee565c980353fc9f9a0100	Y	ok	OK
A	29	31a16893157552f8df7be4459bca23144ff584115d1c9a0d2caf195f729ac412	1	3600	32	428364352882475772	ed1dcdebd8d3efb18758f3291f1fa3dd31b1baea1c73c5bb47dbf4dd82790100	ed1dcdebd8d3efb18758f3291f1fa3dd31b1baea1c73c5bb47dbf4dd82790100	Y	ok	OK
A	30	2d17452229c116258584cba800f306e6f78ee1d22662fd83848bdef174f7b176	1	3600	33	4132243470624555247	ba63733f57aeac29f80296cb3cd3c1de3436aad097aafea1fe8e6438113c0000	ba63733f57aeac29f80296cb3cd3c1de3436aad097aafea1fe8e6438113c0000	Y	ok	OK
A	31	0ee10ca30751ecfdb7a7be9459f7d9d3e48bf993325e7464fae5a39bdac25bde	1	3600	34	10638212063194841370	e155c4d13b9d3c0247a22e50ff4ee2e6e8e990af9beef30d629c88b5cbbd0d00	e155c4d13b9d3c0247a22e50ff4ee2e6e8e990af9beef30d629c88b5cbbd0d00	Y	ok	OK
A	31	18acf329de8a67728ab14bab462c43591d520d02db0db47946d47710e28620d9	1	3600	34	10638212063194775905	93715f505771b61456899eb2df36c1bfdfea76c93239c059ff1f8998bb0e0b00	93715f505771b61456899eb2df36c1bfdfea76c93239c059ff1f8998bb0e0b00	Y	ok_off_best_chain	OK_OFF_BEST_CHAIN
A	32	939a4f2f6cb094e4ac9a39c5066c6d095c06156a70d45c365350c401f1adff2e	1	3600	35	1571097636717529226	2bfe304e2c58e5a9966c992203c27a26bcfea20b245860fc55fd25fd72c80c00	2bfe304e2c58e5a9966c992203c27a26bcfea20b245860fc55fd25fd72c80c00	Y	ok	OK
A	33	43348dd6122408ad112ec41638476265a0aa4e24ba547ca1ee479646f41bb7bf	1	3600	36	3661403256984241843	d2e7276ec15f90bc85ce53bec88090227f0c371f2fb2dc472ad7df24e82b1000	d2e7276ec15f90bc85ce53bec88090227f0c371f2fb2dc472ad7df24e82b1000	Y	ok	OK
A	34	1ae6bac0622207597388a063184d0af1e0f06ad63d895c476b8f7a6638f81b1b	1	3600	37	11875814500219257097	1ef826be9e59938cda13ba62c036f87a8487d862024dbd7c63b4d932de6e0800	1ef826be9e59938cda13ba62c036f87a8487d862024dbd7c63b4d932de6e0800	Y	ok	OK
A	35	0d9d72a093cd9d819297d13c5ecedc7f81f413e46dd2b252e023535195ef6bdf	1	3600	38	8019292764468478746	90928c10bcabd72eff82372af12eb4695d6a22cd884364a94321eb2891e11000	90928c10bcabd72eff82372af12eb4695d6a22cd884364a94321eb2891e11000	Y	ok	OK
A	36	906b33cbb30a3e336ac3ec27f0468428f604625bd5408631bb9f328650efba17	1	3600	39	10537400041067283483	be1096e7545e49ff76e2f9d182a4708479c730be544d7db0eefcc45650ca0e00	be1096e7545e49ff76e2f9d182a4708479c730be544d7db0eefcc45650ca0e00	Y	ok	OK
A	37	a6c894d6630d8b95183eaae5d53f589dc34df152bedd4d41e53bc2fc42762a99	1	3600	40	16023404069380948815	519f0358eb468012d36061113b7bdfd7c2ffe95986d77f13b7fa92f88bbf0b00	519f0358eb468012d36061113b7bdfd7c2ffe95986d77f13b7fa92f88bbf0b00	Y	ok	OK
A	38	0fc04134cdd03d2275d97c5624dd6b95ef387bc7a1da3d576c01b017a11a2a52	1	3600	41	16058859754553870042	03cc5a38d3f5324fba7ee76539fd55f8407ec5209900b00189ac9a7695530d00	03cc5a38d3f5324fba7ee76539fd55f8407ec5209900b00189ac9a7695530d00	Y	ok	OK
A	38	25d7353f0867a4db762b7f8edda03261f1911345eead8ee9b57301d49ae40c3d	1	3600	41	16058859754553935701	ddf9334b55a48d7f020a83784ac6a6f669cd3f923e51d406fbf49878431a0100	ddf9334b55a48d7f020a83784ac6a6f669cd3f923e51d406fbf49878431a0100	Y	ok_off_best_chain	OK_OFF_BEST_CHAIN
A	39	3cb0c56eabf59b20fd966228913881973552d732c74eff12fd6e7118fb04fec6	1	3600	42	1434843656132561341	1806ff05bfc4b8b7207cab0a9955c3e719512e58fb04d1c597441c790ff30f00	1806ff05bfc4b8b7207cab0a9955c3e719512e58fb04d1c597441c790ff30f00	Y	ok	OK
A	39	d49907ccb22d3259e9169ad2a10040bb2bbbff48339be4bf3c9ce01d0eaf7c27	1	3600	42	1434843656132528727	172964d6a9e2b5b94662a439bc0da7ab738de633fef6f2687f360a56872a0800	172964d6a9e2b5b94662a439bc0da7ab738de633fef6f2687f360a56872a0800	Y	ok_off_best_chain	OK_OFF_BEST_CHAIN
A	40	bc0842a2ce4ef6573150f7790059aa7d129c3451d357e0938ef26ca5e542f0cc	1	3600	43	6472551835747025498	1d92da20d8f99a7042ebc3044e1e6fe0814ca22cd689af18c3dd8c99cbfb0d00	1d92da20d8f99a7042ebc3044e1e6fe0814ca22cd689af18c3dd8c99cbfb0d00	Y	ok	OK
A	40	f146046257a5c6ab6f9659094787ed0e363d9c404549300adee2154a616bb536	1	3600	43	6472551835747058582	746874c0a1504f70753ade11fad500a03d4ca70f7d147f1d87963859bcb30e00	746874c0a1504f70753ade11fad500a03d4ca70f7d147f1d87963859bcb30e00	Y	ok_off_best_chain	OK_OFF_BEST_CHAIN
A	41	7c726f5e575801ce2a9d2bf25ba52028306d37e3e6cc54b6669212377e10ff3d	1	3600	44	16773297731400632796	3fab454b31c996787dbcf5c14b86d768302f41be8e9bbe2d62809fd45f630000	3fab454b31c996787dbcf5c14b86d768302f41be8e9bbe2d62809fd45f630000	Y	ok	OK
A	42	d85af2daeb68a3946925aa51cc3cc74ad5034be43634d6eb9892491eb05a6ef2	1	3600	45	10762581070407827760	c3357f08c16bcb9ab48106b987dfca92ef98b5fd6e3945e053160610ea0e0500	c3357f08c16bcb9ab48106b987dfca92ef98b5fd6e3945e053160610ea0e0500	Y	ok	OK
A	43	a5efe460381c7a6649ee853d4d9658ac30de50ac56cad66cf9eb6b4684f6c4d3	1	3600	46	1852563121550491833	32cccc7c758dfcd524a2628591e1108ad05975719d685f0b125878efa1cc0f00	32cccc7c758dfcd524a2628591e1108ad05975719d685f0b125878efa1cc0f00	Y	ok	OK
A	44	a6ec2b44fc17b695448ab905070883f5eaf7244cb716014a6de757c595dad645	1	3600	47	10155721514540925460	1cea9fa228124b6ba67ea0abd20219e16abe6edd0dfc1e96251321f10ef90b00	1cea9fa228124b6ba67ea0abd20219e16abe6edd0dfc1e96251321f10ef90b00	Y	ok	OK
A	45	0aa1c3157c9b53bd0a78319e7bc4477672f0a693b2a67da69e357556c33637ad	1	3600	48	6715157951134403195	829c8c7eff0dbd978e47fbc39d724850d0426dab82585b8f7875aee9b88a0d00	829c8c7eff0dbd978e47fbc39d724850d0426dab82585b8f7875aee9b88a0d00	Y	ok	OK
A	46	bc4bc32755d62cb9eaee03e5138d4ffb25c3128e6ec7dee4dc9ff861d9d05875	1	3600	49	7189823881123791923	6e8c0e33252091750cf9321e545c3d76af1ee8e5ae02c68afef77f2dd6590100	6e8c0e33252091750cf9321e545c3d76af1ee8e5ae02c68afef77f2dd6590100	Y	ok	OK
A	47	f040faad6be538785bc85ff0509311a7c07fc3dcb13dc81519dc7e4546633681	1	3600	50	3298434003136184623	918b54c990ed369a40b81a29bfcfbe2d93e75eb15883020ba6624c62041b0b00	918b54c990ed369a40b81a29bfcfbe2d93e75eb15883020ba6624c62041b0b00	Y	ok	OK
A	47	568a91fe841844a5d55369aaede3a2a016ff23a09b8f48fbdec9dbb07c735683	1	3600	50	3298434003136217398	4d2b92f91f4a01ffec2c71a3654b7852f74805ed3c74f1136b4d5606abd20e00	4d2b92f91f4a01ffec2c71a3654b7852f74805ed3c74f1136b4d5606abd20e00	Y	ok_off_best_chain	OK_OFF_BEST_CHAIN
A	47	02467191dafc35f1c3ea636f36f89ebf0b14ab91ff6977d973eff2a92932b771	1	3600	50	3298434003136184884	dc7927a70ec0632ceead367b81fec38beb2b23e2b171ad2f2e9dcfc4f4601000	dc7927a70ec0632ceead367b81fec38beb2b23e2b171ad2f2e9dcfc4f4601000	Y	ok_off_best_chain	OK_OFF_BEST_CHAIN
A	48	9cf6ac3415c8e38c13a98ec79d41faf291d00cbe411f2a242b5e237a9db864ee	1	3600	51	7410845436501655847	c680278123ddbe6cb19abf272ba03852454a521592688290bd387b99bfe41100	c680278123ddbe6cb19abf272ba03852454a521592688290bd387b99bfe41100	Y	ok	OK
A	49	74127a4a894463020292c37c28492268019b57e24e8bdacbd693dcf311cf9ef3	1	3600	52	11282651973016355744	d10e9f1dbeeb5071cad4054e32e06648997742058c73adced03ae2d0193b0600	d10e9f1dbeeb5071cad4054e32e06648997742058c73adced03ae2d0193b0600	Y	ok	OK
A	50	f46a3e45c537c756af32d1e3ca2a27f72bc63ddad7d9d381cd899873e228e768	1	3600	53	186825820336029782	a15d6290daaa9c1a39835b488eb58d5531d25dadf787a732029e32fe24a50b00	a15d6290daaa9c1a39835b488eb58d5531d25dadf787a732029e32fe24a50b00	Y	ok	OK
A	50	ca97132705abb1697e1866893bfd2cc1579a335894278b5d29d1017cff92b1cd	1	3600	53	186825820336062810	415c1fa293a9b355b222b94ef906e3fd6652af2ae6bf48e6c52e99cf95630e00	415c1fa293a9b355b222b94ef906e3fd6652af2ae6bf48e6c52e99cf95630e00	Y	ok_off_best_chain	OK_OFF_BEST_CHAIN
A	51	4fcd8cc69b37c08b713280a4923f3911b138480621e41c173bc736bf46001815	1	3600	54	3747697155779920898	b04166a87ac57287ded4e5c184811e77c5d081240ce756f3bbdcfe37f5990e00	b04166a87ac57287ded4e5c184811e77c5d081240ce756f3bbdcfe37f5990e00	Y	ok	OK
A	52	2f4c47529be49a746931518c5f5605029dc69ef17be2587670c627cdcbc4718f	1	3600	55	2680123068025733738	278a564544bcb6380b153e2db41adc8d24bdbe545c541007f69eca2da8de0300	278a564544bcb6380b153e2db41adc8d24bdbe545c541007f69eca2da8de0300	Y	ok	OK
A	53	6ebe5bf39841cc8a83df255e31a2f0f6e397109df88a626427a32f2a8b1e7080	1	3600	56	8936400975179023080	bf5bd8c868db2334cd7839ac476ea44634be1ad4abbb953bb9bacff1b2c11100	bf5bd8c868db2334cd7839ac476ea44634be1ad4abbb953bb9bacff1b2c11100	Y	ok	OK
A	53	b8235edef8253d19f84597c1779c9f2afce6e2c7eb475d837edc2929d628ebb5	1	3600	56	8936400975179023313	030181ceb6031de855ddc6e6eb6d7589437e82f0c4cd778a239b5079761f0800	030181ceb6031de855ddc6e6eb6d7589437e82f0c4cd778a239b5079761f0800	Y	ok_off_best_chain	OK_OFF_BEST_CHAIN
A	54	c0eb316e0a8e12103d62efa6cece25cec7dee5a358f679008405a529ab5e1494	1	3600	57	15536674126012908159	b1bea49db9a593ae83ce5d99e1d9faa9ce5c8a96a806ca39378bede785e60e00	b1bea49db9a593ae83ce5d99e1d9faa9ce5c8a96a806ca39378bede785e60e00	Y	ok	OK
A	55	c8b17587177943911a13ffd369bb00b216d357bebdd6b3a59b4b7fdc04d02d9d	1	3600	58	14435470770748621571	fe18dee91a3957e4deb7bd98638cd4fce0930694bef5456a53b95311ecc31100	fe18dee91a3957e4deb7bd98638cd4fce0930694bef5456a53b95311ecc31100	Y	ok	OK
A	56	cbc9f52784f76ac78a3a0550266f1dc3ff1fd100a033cb991c76460f83163035	1	3600	59	6069253311435898901	fe19caca81eae3f0b4ac05ac8db5614e13af3123a64839395aa04234ff361100	fe19caca81eae3f0b4ac05ac8db5614e13af3123a64839395aa04234ff361100	Y	ok	OK
A	57	baa50dece87cb4d601ecde171930ea4d76389de40f774bd30f904faab7d0422f	1	3600	60	6196169577852928067	48671a223fca22c94f50d7f10378c6e0bc3af7a196af63052ebdb96e186e0500	48671a223fca22c94f50d7f10378c6e0bc3af7a196af63052ebdb96e186e0500	Y	ok	OK
A	58	080a4e8d4bceafb9cc5285cea89d95dc74a378e04e68c0b3129731f8dc5eb3ea	1	3600	61	7838912839640253041	51033eb791550c00777390cafe56210a77d37e24aa8ef1f292edd5f750df0900	51033eb791550c00777390cafe56210a77d37e24aa8ef1f292edd5f750df0900	Y	ok	OK
A	58	c078fae139affa79652c4976b936baf3f93c0285b7b9d391a416af199d2adcce	1	3600	61	7838912839640253172	6a682985a1a17e19e2a2b30be6b2839c452a76143041b45e937bbc73e00a0e00	6a682985a1a17e19e2a2b30be6b2839c452a76143041b45e937bbc73e00a0e00	Y	ok_off_best_chain	OK_OFF_BEST_CHAIN
A	59	ac4fbe7e9b8e6963b5eaa8ea3a0b5fd467ba5d0d3508d23de8f2d76f0c617e76	1	3600	62	9035464211177766975	927f6caaf8884264da62ebe8ea62236b956eb676d9b79979dddc418c852f0600	927f6caaf8884264da62ebe8ea62236b956eb676d9b79979dddc418c852f0600	Y	ok	OK
A	60	0dfb154ff5a22f0f16d56a671ded056dee3c0942ba4d1c65e39b982c316556d4	1	3600	63	17719838674385896018	c7f8e79755583d29aa9fb88f107f27b5623130480612caae3f40d58d42710e00	c7f8e79755583d29aa9fb88f107f27b5623130480612caae3f40d58d42710e00	Y	ok	OK
A	60	ee14df908140f9eaaf523665826da2cf0cc4e6b6116857211cf7e69525518b59	1	3600	63	17719838674385994427	020a4b45e8583e247083f9bd82582869e64e47ca9020a10fa6bbda91c66b0f00	020a4b45e8583e247083f9bd82582869e64e47ca9020a10fa6bbda91c66b0f00	Y	ok_off_best_chain	OK_OFF_BEST_CHAIN
A	60	41974cbd621ed456ce0c8e70e224544a3f9ad035064e9883ce47a129d14a4efc	1	3600	63	17719838674385961699	f1ffeb1dcb26b26d564a7309ff2fb6423b401e5afe33b65f7b73b954a4b21000	f1ffeb1dcb26b26d564a7309ff2fb6423b401e5afe33b65f7b73b954a4b21000	Y	ok_off_best_chain	OK_OFF_BEST_CHAIN
A	61	85e321c13e7f2f7ef8bfd30f5b9d9887e663346cc975233dc0d0902edad7134f	1	3600	64	12963362045620749193	7e92c9d8de0aaa636adda8dc4fdd341afba74f27b39390aa476ec05f9af30100	7e92c9d8de0aaa636adda8dc4fdd341afba74f27b39390aa476ec05f9af30100	Y	ok	OK
A	62	c76b826c0ea802e3af7eacbcda0bb86be99b111053a69c3726179140460bf5bf	1	3600	65	8205939677941760318	4f8e1618f768c2f86597fdffec2d7e3b8d7995a3ece3ba79f37fbd9a58cb0b00	4f8e1618f768c2f86597fdffec2d7e3b8d7995a3ece3ba79f37fbd9a58cb0b00	Y	ok	OK
A	62	40b9b8430f23522d564ce0cb57ddefc2c3476e928d72ef42e1b978fc20bfb075	1	3600	65	8205939677941793291	638bc07acd3dee4f7a69fe08c6d183cf8683188823834c6f2755ddff82470300	638bc07acd3dee4f7a69fe08c6d183cf8683188823834c6f2755ddff82470300	Y	ok_off_best_chain	OK_OFF_BEST_CHAIN
A	63	4ec0a8959d807022ecedc37094a2fc189610b21332a9ca263887519a6bf332e1	1	3600	66	10972588457032976284	72efa0aa51dbda2404e6c029ac2b5ef2d18ee5721a86a7be3dcab41bb5c50400	72efa0aa51dbda2404e6c029ac2b5ef2d18ee5721a86a7be3dcab41bb5c50400	Y	ok	OK
A	63	497c7553b7a58e9c29114ac432a34d8f6e2ffaebaee270bc1d39ffeebead6c4e	1	3600	66	10972588457032976296	f74c7ae13a0b158aa7633c4b9f208fccad39181881ca4a858c5923ef03c50300	f74c7ae13a0b158aa7633c4b9f208fccad39181881ca4a858c5923ef03c50300	Y	ok_off_best_chain	OK_OFF_BEST_CHAIN
A	64	835e00cb7ec39a982edb1cece655a2c6e71121bfa42af74a25b5f78d712942a5	1	3600	67	7641690853395760875	71e5874816f0bfcb486cfaee22a58058d7517cf8ffe83fb932849ce96f2b0300	71e5874816f0bfcb486cfaee22a58058d7517cf8ffe83fb932849ce96f2b0300	Y	ok	OK
A	65	673994e8a8ca1e35d990c3c0b231e8f793038ccefef5edb400947ee6191e3f94	1	3600	68	3346194614993289620	b055954c997a978882b5a6f774457d061a3068eb8f3a544ce8d78befc3130d00	b055954c997a978882b5a6f774457d061a3068eb8f3a544ce8d78befc3130d00	Y	ok	OK
A	66	4f3c484757cade2d047f37f61271fc61f85d27fe6f684fea3c384eac75531673	1	3600	69	8820603799270883386	00fe1deb7e82d3b9539b59f6b708ded449d2ae42bd3ad5f85c6da829b3840900	00fe1deb7e82d3b9539b59f6b708ded449d2ae42bd3ad5f85c6da829b3840900	Y	ok	OK
A	66	f73db0dcaee8547f41177948ab17358ec56179c731367efbef337a1577ed3965	1	3600	69	8820603799270850782	d1fa7d02c0bdf79c1ec5bc2fb72af6ed8f91661de00bf530b117568d8ce10400	d1fa7d02c0bdf79c1ec5bc2fb72af6ed8f91661de00bf530b117568d8ce10400	Y	ok_off_best_chain	OK_OFF_BEST_CHAIN
A	67	a88ae32f683d4a30bf0f42abddc2c3e990e4cb16c958ff20bf4c5d0a6829aa97	1	3600	70	1867844494930575547	321db2b21cf629c566f00ea9b26f02ee897d6f8549fdaa4f399f4a1f56c51100	321db2b21cf629c566f00ea9b26f02ee897d6f8549fdaa4f399f4a1f56c51100	Y	ok	OK
A	67	6b1bd6693d92d75514eb3cd6b50b862841e9bc6faf2087e1d382958126eecf53	1	3600	70	1867844494930543054	927f35ec7fe9642efd31d503b81ee66b06b36aaf0af6c3400003e147060b0f00	927f35ec7fe9642efd31d503b81ee66b06b36aaf0af6c3400003e147060b0f00	Y	ok_off_best_chain	OK_OFF_BEST_CHAIN
A	68	8bf7bda30da5604a83c2a87ebb16b7b58f10d4dd3cc5c3a2483cdd57215c37c2	1	3600	71	4691875634824085761	89075dbf7b753b627458c8cadcb0722e8294f49e6490ac48e83d2cbb7a4c0600	89075dbf7b753b627458c8cadcb0722e8294f49e6490ac48e83d2cbb7a4c0600	Y	ok	OK
A	69	79e4b0095a8f0e8e537bc442acc4fc35caa76a0dc9075bdbc08263d8fffc163e	1	3600	72	16873632853244578088	97ef72ea6e038eabaa1982adbabd5b013b17d44a9ebf2bec586ab3096ae50e00	97ef72ea6e038eabaa1982adbabd5b013b17d44a9ebf2bec586ab3096ae50e00	Y	ok	OK
A	70	7310546208e9242c3f6e1c3cfbbeb7d902e17dcf72ac9ba416693ca2f4dc9b1f	1	3600	73	13828110713752683119	9d69cee818380f109bdffa18639b1cd4e3e055df319ee9b408d69eedbb350900	9d69cee818380f109bdffa18639b1cd4e3e055df319ee9b408d69eedbb350900	Y	ok	OK
A	71	d7450683d3aacf125fcf734560ca6c6688803de16fe66bfef46f1b8be9e1ddc0	1	3600	74	3188198973085089922	7b02d2fd021f3045dc133140b1d6b98213a5ea9fa57739a4c577296f73570800	7b02d2fd021f3045dc133140b1d6b98213a5ea9fa57739a4c577296f73570800	Y	ok	OK
A	72	65fb95c5bc2940fc301d99bfa84cb66de9713c110b483820d111142b1e6960e8	1	3600	75	1289875058054988652	c7f5194bd0c843f62abd2730eb39fbaa30be30502d6b9b367df02c161ef80900	c7f5194bd0c843f62abd2730eb39fbaa30be30502d6b9b367df02c161ef80900	Y	ok	OK
A	73	9af35d2b9564b478897502120147d4dd09929eaab91f124c49fb99b5ddb3527c	1	3600	76	9405503543835689533	a45639be615d05e576b37345329811070f0a9221228823dffcdb45d6038a0200	a45639be615d05e576b37345329811070f0a9221228823dffcdb45d6038a0200	Y	ok	OK
A	74	41f536b5d8c49d2d4efad3192e2f49a500052b6d248939a5e714a9c1e326bcf2	1	3600	77	4546443734329427644	b2adc81a91ee1a235ad622ad4a77355a26d5409f4add0e92e3183b8036bd0100	b2adc81a91ee1a235ad622ad4a77355a26d5409f4add0e92e3183b8036bd0100	Y	ok	OK
A	75	91f53ab4bae00b3db8388539245a107abc2fae87e66b6a92c2d89c35d6fa798b	1	3600	78	1667519454944199419	654640be245dc88796ccf0085191ce500381fae278eae5368af0d20c07830b00	654640be245dc88796ccf0085191ce500381fae278eae5368af0d20c07830b00	Y	ok	OK
A	75	e14ec93a6d180d7bef79a59a16015df3f18b8f07c4e5c98b979037a1ad8aba9f	1	3600	78	1667519454944265139	cc3da0173c233a345ef3e1aa95011acb149ed044d57903c084b520a4b8e40500	cc3da0173c233a345ef3e1aa95011acb149ed044d57903c084b520a4b8e40500	Y	ok_off_best_chain	OK_OFF_BEST_CHAIN
A	76	aa5ef7600a83a3c643bcef4ed0729093ac23f6884ac14d99d212a42e8a9aa5a5	1	3600	79	3484480896793412742	584cece87c06e33ff2699e0c75a849a63a85fa17057733d28e4c5c0614c81000	584cece87c06e33ff2699e0c75a849a63a85fa17057733d28e4c5c0614c81000	Y	ok	OK
A	76	0f90aa07ee117bfafe2e1c39aab661750f159430d138c72203ac869d6dd918ff	1	3600	79	3484480896793314504	d96180e93213d40781d5dd14003b31af02bd88c70aa8a491ec275d7d9b820500	d96180e93213d40781d5dd14003b31af02bd88c70aa8a491ec275d7d9b820500	Y	ok_off_best_chain	OK_OFF_BEST_CHAIN
A	76	96f21f66b90d016ef5a5bf9f3757a73de9a007c93ed7c8ec3dffedd09122dc88	1	3600	79	3484480896793347406	2a558fabc089997de137c1a8e0ddc9a4fb354481873d1b9571fc09a920f60b00	2a558fabc089997de137c1a8e0ddc9a4fb354481873d1b9571fc09a920f60b00	Y	ok_off_best_chain	OK_OFF_BEST_CHAIN
A	77	5b34ce367359e3a09f774ed6a8e78b4e4b96da130de2bc4501729140c080b3bf	1	3600	80	10399357902388233651	f2e1f92b321fcc56539560770c8b40dbfbbb0aa8c142dcdeec5c4c62dc2e0d00	f2e1f92b321fcc56539560770c8b40dbfbbb0aa8c142dcdeec5c4c62dc2e0d00	Y	ok	OK
A	77	ca912b84e887e25348ee2d9f9be5ac2078a8bc62dfaf0644efef4d87088cff0c	1	3600	80	10399357902388233750	3fb4de0df3286546d1dcbca42623a05e76596b2ae19b466b97ef9a6302ef0500	3fb4de0df3286546d1dcbca42623a05e76596b2ae19b466b97ef9a6302ef0500	Y	ok_off_best_chain	OK_OFF_BEST_CHAIN
A	78	7b6422a2b426a2e87d2a57d9421726f212e145e6c6a07679375cb038e3c2c40c	1	3600	81	1749274217553068870	d9aa64eee52a431fc76a4336471934473b5c4614bb9d03da49ef514093ff0a00	d9aa64eee52a431fc76a4336471934473b5c4614bb9d03da49ef514093ff0a00	Y	ok	OK
A	78	a6575713da2e19091b09747f3ee7c316b5f9682b977b4dc95597f2d37a14fb90	1	3600	81	1749274217553134519	eef702ef5336abf4461e789dcc845e5136fc514d0218839000cfdcdef4d10300	eef702ef5336abf4461e789dcc845e5136fc514d0218839000cfdcdef4d10300	Y	ok_off_best_chain	OK_OFF_BEST_CHAIN
A	78	601b7e0fd363dc6757252b4f32e7553089f87c40faf0914125f7e77dc2f77b40	1	3600	81	1749274217553167449	2d65d91e34b8e76d975bedd70ae89001fe3ac8fa93a1f4ebe71c36594d9f0800	2d65d91e34b8e76d975bedd70ae89001fe3ac8fa93a1f4ebe71c36594d9f0800	Y	ok_off_best_chain	OK_OFF_BEST_CHAIN
A	79	d0e10d1996b968dbc678ad9ebd9aa8b945e28206ac52f023102861d41e07834b	1	3600	82	16934623051000152168	ca29e7be577f80fdd58d1a2c0a78aa823e81449de8631fdb21250058998b1000	ca29e7be577f80fdd58d1a2c0a78aa823e81449de8631fdb21250058998b1000	Y	ok	OK
A	80	94d22b71e9a02f0aebb3d971b3e51b5f96ea4983ee2c7b5fab66713eb2e97d2d	1	3600	83	1341416589752336815	e4671b0d068d076124b40be70055654de1f5c4759c7b1d6b8b6f690279720300	e4671b0d068d076124b40be70055654de1f5c4759c7b1d6b8b6f690279720300	Y	ok	OK
A	80	c0d49f19c3ecd89eca2da1c5f01977b28e365947fcd5b334fc2fe96fea71f36f	1	3600	83	1341416589752271343	3f2e2d113f7cb391a03bdd6b353423f09559f710d0a7a87bad85e7bb01760d00	3f2e2d113f7cb391a03bdd6b353423f09559f710d0a7a87bad85e7bb01760d00	Y	ok_off_best_chain	OK_OFF_BEST_CHAIN
A	81	4664b67be386ec95a87b3da40040ba01a47548b24627ea5184603945f9d3c15f	1	3600	84	9533927103255347316	dd4f5f62f0e88f954ef1ef3a3c9105438b99ebac09443937806a5fd488e90c00	dd4f5f62f0e88f954ef1ef3a3c9105438b99ebac09443937806a5fd488e90c00	Y	ok	OK
A	82	e0316dbd17cc076be7af90f2f670c7d4da1dd28b61fc582ab62b9ad7034b6cef	1	3600	85	11420321171095257310	052802b9f64890e70e699df521c765db7db0cbd978e381a0648d5251bdf90f00	052802b9f64890e70e699df521c765db7db0cbd978e381a0648d5251bdf90f00	Y	ok	OK
A	83	c008cc5b57b19d284c8a7400ea28f1dbf407c84b5301d4d3160d448f5fb0a7b9	1	3600	86	9117379536843965086	22c91972bf47d349a0331222345671dd2de770b8e28836c2e75714c7b5720d00	22c91972bf47d349a0331222345671dd2de770b8e28836c2e75714c7b5720d00	Y	ok	OK
A	84	0f88f0053022ff62e89a6814f387c50de63eda010f711fbf75f1b84420e9d226	1	3600	87	14031391868059648019	6e491a712c8ddca73b3d1baac2fc51fa20589e3f3bc45e4fb33a13d0b1d70600	6e491a712c8ddca73b3d1baac2fc51fa20589e3f3bc45e4fb33a13d0b1d70600	Y	ok	OK
A	84	8b092b29939ba42d0b8a036c08a0f5af99f06e5ec15e8dca22cfae5c44c7bfde	1	3600	87	14031391868059713689	d0da8cd11e51be7ae7583851dbc1169adf7b060f6694de944d17c3201bc20300	d0da8cd11e51be7ae7583851dbc1169adf7b060f6694de944d17c3201bc20300	Y	ok_off_best_chain	OK_OFF_BEST_CHAIN
A	85	f83769d41765527cbbc0cd0828aa290995c7531754fe8dee6dd43b6e9de2089d	1	3600	88	2989137147405041702	ec38321233e67c5980e62b99efc5a542c2e8cd151e0daef27d3032c7f2900300	ec38321233e67c5980e62b99efc5a542c2e8cd151e0daef27d3032c7f2900300	Y	ok	OK
A	85	814560ec46d1cb3f55c7841b37a1cb8e573d5c13855700aeb50cb294df039784	1	3600	88	2989137147405008945	ac639aea6323275f7423c966c2ba5decd521e8c61ac7b30b89b1f0a7d82a0a00	ac639aea6323275f7423c966c2ba5decd521e8c61ac7b30b89b1f0a7d82a0a00	Y	ok_off_best_chain	OK_OFF_BEST_CHAIN
A	85	57b85eefc0f35015d903a697b9d00e8710e6007d7abbe190c093071f5ea51747	1	3600	88	2989137147405107331	69769663ad75f632bd282377b09bdab9d71b69c6340f8ef71ec3885732060c00	69769663ad75f632bd282377b09bdab9d71b69c6340f8ef71ec3885732060c00	Y	ok_off_best_chain	OK_OFF_BEST_CHAIN
A	85	1e7edec895e5798a9f4e93bae55493baa176dbfda464735d80256fd3a8aff296	1	3600	88	2989137147405009201	43fc17a878665c199ce3fac81d9ea67c342725062f89b7c06bea07f82d980d00	43fc17a878665c199ce3fac81d9ea67c342725062f89b7c06bea07f82d980d00	Y	ok_off_best_chain	OK_OFF_BEST_CHAIN
A	86	9d447a769b302abf0ab4296634c81737e5976bef15ed7b9ac47af6653ecd15e3	1	3600	89	5694386225083843320	6fa6c54adb14f0ea05492f71680116fa8aea86ee837a63979a85f7122df00300	6fa6c54adb14f0ea05492f71680116fa8aea86ee837a63979a85f7122df00300	Y	ok	OK
A	87	81012312698b93023271cbfd9b73ec961c3b07229847db56af3691ef2e6f2826	1	3600	90	8224419693855867156	313e9d8c4fd41358f7d5616439e66e07544bc225515118d79a12ad4a4ded0a00	313e9d8c4fd41358f7d5616439e66e07544bc225515118d79a12ad4a4ded0a00	Y	ok	OK
A	88	151d29b7bffbda0c89f2617e90f18a7d4e6a05a5cf8f64272d2ea6d0409b7f60	2	3600	91	2909777825496073311	51c504c0ee2b533eeaab26d9fc61640fb98863916e9a155c5236f6b062190a00	51c504c0ee2b533eeaab26d9fc61640fb98863916e9a155c5236f6b062190a00	Y	ok	OK
A	89	9b9d32a39dca28dc63844dc6bfe4a3a612b46a7516be637d2cd4529149b652ca	2	3600	92	11845989212228714764	3ee683ea8d4d4dbb2cff3d84c6b3908a30c45f128531b4be0a6f3bcc85540000	3ee683ea8d4d4dbb2cff3d84c6b3908a30c45f128531b4be0a6f3bcc85540000	Y	ok	OK
A	90	fcce3f1c838e832772fb8e5dae23d683312a9ad6a753cb157a6d59f44f6d3175	2	3600	93	14234723153225024504	8e842a71d06a59e5e3f631173fe6cb0557dd0afac69a23fa6329662ce3870500	8e842a71d06a59e5e3f631173fe6cb0557dd0afac69a23fa6329662ce3870500	Y	ok	OK
A	91	dbb8a8f875d41eb317e715b936e49a648e871d1175e8f7ca03c597c903802501	2	3600	94	2481569336976834618	4597dc7bd99dd249e51a1338ce7f0bf0bbade8bf086b29c3fc656a2edd120600	4597dc7bd99dd249e51a1338ce7f0bf0bbade8bf086b29c3fc656a2edd120600	Y	ok	OK
A	92	abcd822c3c03f7497f029e82ee2055307fa17af7c1cbc8df45842e23ffb05813	2	3600	95	16676309699045425346	b9d653c100df19c913229738ef62f429536ca0e50302caad9787d7ef1fcb0300	b9d653c100df19c913229738ef62f429536ca0e50302caad9787d7ef1fcb0300	Y	ok	OK
A	92	1b1866e11c5312a6c20f1e6d39bac95e88c364cdd2a7eecb7820ccc53fcb9c80	2	3600	95	16676309699045359905	1b70aed217d4c70df5141ac94fef4d413691684596d1e1a3727273f03f180d00	1b70aed217d4c70df5141ac94fef4d413691684596d1e1a3727273f03f180d00	Y	ok_off_best_chain	OK_OFF_BEST_CHAIN
A	93	53565f002e9b3e2f2b73d311abafe409f8341a2c66c90fe3f3aa2160786918d5	2	3600	96	1240570036087784327	d56dfdd94dcabcbedc848c7995643ee401a88e0bf6529f8a2ea8890bbe8c0d00	d56dfdd94dcabcbedc848c7995643ee401a88e0bf6529f8a2ea8890bbe8c0d00	Y	ok	OK
A	94	da7971a05ffa098c2e3b1cfbb274d4e5afa50ac9396f710b16c810b264b81702	2	3600	97	8189957060956356649	95ddbb6736adbcb6e5fdb6f3ed20d2784e28b78fc18c487eebd4f4e77b370300	95ddbb6736adbcb6e5fdb6f3ed20d2784e28b78fc18c487eebd4f4e77b370300	Y	ok	OK
A	95	d22cf162ab9ace98a3927c0f43fb622cf6ffd4b0166f3ea03d3afac630e1efdf	2	3600	98	7391252242373902358	d14ad545853e7cbd44981d0a85f0b2935eb37d74894db930a66cdeab9a9c0200	d14ad545853e7cbd44981d0a85f0b2935eb37d74894db930a66cdeab9a9c0200	Y	ok	OK
A	96	8f06100db468dab6b7b5c4cc10d98363dc5ff7523d1a3347188c9527d88bf5ec	2	3600	99	9015321248351158536	9d9e1377662d8567894a89b5bce2f7d9b5066f5dd280d020c4f3920d226b0e00	9d9e1377662d8567894a89b5bce2f7d9b5066f5dd280d020c4f3920d226b0e00	Y	ok	OK
A	96	5c0a8545d21c0004c3b5c463f087cd0a70b303a600988454bac369ee94007f6e	2	3600	99	9015321248351125923	9d1f7d70f2d5f247e7bf715b4d8cd748271f44b867435ffb8ac98c0941220000	9d1f7d70f2d5f247e7bf715b4d8cd748271f44b867435ffb8ac98c0941220000	Y	ok_off_best_chain	OK_OFF_BEST_CHAIN
A	97	833bcaceed8d3fa600367e361d6029a3ab9df6bfffe875b542e696062e99593b	2	3600	100	1821091963437351060	1495723a2be4fc524ed9b6448d6f109e454ab58dc84ffd741b829c2b18780600	1495723a2be4fc524ed9b6448d6f109e454ab58dc84ffd741b829c2b18780600	Y	ok	OK
A	98	484da08823bd1a87ff25e34fb02c5b22d8b727efb17c3272dfa955a0324c4470	2	3600	101	8055126131885474080	bdf90d5637a79ebc6dfa0d752e8ae2940519333533b129c026bdf8175b7a0200	bdf90d5637a79ebc6dfa0d752e8ae2940519333533b129c026bdf8175b7a0200	Y	ok	OK
A	99	6a80a92d0036ab25ad427115488cd4e2643289cc39a5cab1467121a603969c4d	2	3600	102	13585632180368900896	1292848284d6daed21c415c8e9108489203223811d2aef88148f614a837b1000	1292848284d6daed21c415c8e9108489203223811d2aef88148f614a837b1000	Y	ok	OK
A	100	29960422710c33c7b544c4c52b04dcdd0b2d6b5010927e955889f5c4ad9fe9dd	2	3600	103	15688580582332236857	a1dacdbd6c26c88323e705681d149d06a51c4e5bd4e3ae037bc0ecce3c7b0100	a1dacdbd6c26c88323e705681d149d06a51c4e5bd4e3ae037bc0ecce3c7b0100	Y	ok	OK
A	101	7c430f7a2665326ea17d506a1f3da40ffabe74306c6541e16175c24773977530	2	3600	104	14556152445458814183	467b62798ac03b7032672a01678dad5ba7f1508f17385c0a4af5068ba4a20800	467b62798ac03b7032672a01678dad5ba7f1508f17385c0a4af5068ba4a20800	Y	ok	OK
A	101	bbc1749947f12d5efe531aa7ade010bd6523fba80ca9fd0bb7a22680675c83d2	2	3600	104	14556152445458715916	9331d81282267e5173328880a46217039c813e8a4fcd7677c306c4185ec60e00	9331d81282267e5173328880a46217039c813e8a4fcd7677c306c4185ec60e00	Y	ok_off_best_chain	OK_OFF_BEST_CHAIN
A	101	d42b3f98a6f34105c0bc08e5d82a8404f981a210c00784ff69de313f06fcf7d0	2	3600	104	14556152445458748921	ef13dc3d2cda10c047ae3b295b64052a102a89999ae3c927cabb98d49ccf0100	ef13dc3d2cda10c047ae3b295b64052a102a89999ae3c927cabb98d49ccf0100	Y	ok_off_best_chain	OK_OFF_BEST_CHAIN
A	102	9298c8e06b428a359b2d8cf3d3f989599a174e7e0f40bad58e1c97bb7db3d9e4	2	3600	105	18152259400541177126	fb84459632424c4a97dbcbaacd3c02c791a5c2da3258a915c8e09e9642060400	fb84459632424c4a97dbcbaacd3c02c791a5c2da3258a915c8e09e9642060400	Y	ok	OK
A	103	5f726684eb69f46d7138a49899c57c1df12a2af1e3d8f0e2710e9657a4e9255c	2	3600	106	13783807507619119285	89fddce27be37e3247ca5ce579e1135c223b6a481e5d3f8d0e4ffa8c5d891100	89fddce27be37e3247ca5ce579e1135c223b6a481e5d3f8d0e4ffa8c5d891100	Y	ok	OK
A	103	4ed8f68ad96dabc2b89b938fb5d19dbe7e2976e69db2e1302380b8c156182f23	2	3600	106	13783807507619217894	18513c233fc04dce6b09999b1819474c22aa3a398a7ffb5fc486bcd2813b1100	18513c233fc04dce6b09999b1819474c22aa3a398a7ffb5fc486bcd2813b1100	Y	ok_off_best_chain	OK_OFF_BEST_CHAIN
A	104	17724f66c0abd5d6735fda7c7a96947aaea3f1630f86bc3f4199f7c980404305	2	3600	107	14456601073541972646	f050de5bc84822ba703075651eb03ceefc99dab7502e7eafa50b21d075590e00	f050de5bc84822ba703075651eb03ceefc99dab7502e7eafa50b21d075590e00	Y	ok	OK
A	104	5b12c62aa158100569393adc441e535554e5b161e851a71452918a32b3b5d731	2	3600	107	14456601073541972820	2b18d809c8b805f0c3f45b66ff6ced4bf13f2923c08e08b75760ac4defe60b00	2b18d809c8b805f0c3f45b66ff6ced4bf13f2923c08e08b75760ac4defe60b00	Y	ok_off_best_chain	OK_OFF_BEST_CHAIN
A	105	65ec4f8f1e6c1e7cd6b729fd2b79c971abbcad32a131e29263f97468a84946fd	2	3600	108	2504341829105746195	e348c4ed447e44e787b33d42623458761cc7441228df044596c011dd2ee60000	e348c4ed447e44e787b33d42623458761cc7441228df044596c011dd2ee60000	Y	ok	OK
A	106	4819ebdfd2c367b1bec3b43cba67fdfabecbb1eb62e32697823a636bd0bddb06	2	3600	109	11502367574868362633	a07ab325758e703aefb1de69f33c7ca31dee205ac251ec68d6df19b539fa0e00	a07ab325758e703aefb1de69f33c7ca31dee205ac251ec68d6df19b539fa0e00	Y	ok	OK
A	106	9611d38b3663a3cc6ecf35fe52325e7af65abb2795d81fb7d4c3d662608c7b8e	2	3600	109	11502367574868395634	d7f13cf052bad713c5d121507a0642fe800b7f60f061843c2c6983fc6a5e0400	d7f13cf052bad713c5d121507a0642fe800b7f60f061843c2c6983fc6a5e0400	Y	ok_off_best_chain	OK_OFF_BEST_CHAIN
A	107	47914de7f07fc599b81d4c46d7ae63fd6ea7a619e6ad058efa1ba7044ffde91a	2	3600	110	404636372264058937	d728e23fe7bdf61bb2c51e4f60c496438b91fdc139bde0b7a664d9db5fd00c00	d728e23fe7bdf61bb2c51e4f60c496438b91fdc139bde0b7a664d9db5fd00c00	Y	ok	OK
A	107	c2cc55f47c9008d9751b272b0183c59b81becafce048fe35ad5ef144ffed2c73	2	3600	110	404636372264026174	69d71fd0581659eaf9a79af358c7f9319edbc534d6c0d1d4a5a9fcd913190a00	69d71fd0581659eaf9a79af358c7f9319edbc534d6c0d1d4a5a9fcd913190a00	Y	ok_off_best_chain	OK_OFF_BEST_CHAIN
A	108	2a930d9396f4a9d15bb475ef2da63c5f6b9fec6b2a40ed66b5ec530e8a53fa15	2	3600	111	16847960120024465871	5dbc1187eb2772f6c4a3c02d968b169bb0de286a40dabb2c1da0165f0de30200	5dbc1187eb2772f6c4a3c02d968b169bb0de286a40dabb2c1da0165f0de30200	Y	ok	OK
A	108	f209f473fe3c141b4ab89fe2b5bde724eeefa8ab41c1306aef5975b4d889bf04	2	3600	111	16847960120024433140	f5b22d80b9617af04d37b0192e2fc0fed3e3ed73f29ba1a7949d8efcaf360700	f5b22d80b9617af04d37b0192e2fc0fed3e3ed73f29ba1a7949d8efcaf360700	Y	ok_off_best_chain	OK_OFF_BEST_CHAIN
A	109	c37ead7428a0ba57e17afe31b380b6d99a546f1aa7735ed6e669f7bc71e41d8f	2	3600	112	1246721146515163884	396f3885378633adaeb37aca3699471edae47588bd5390df820af427ecce0000	396f3885378633adaeb37aca3699471edae47588bd5390df820af427ecce0000	Y	ok	OK
A	109	5a33ba73c92995b579f736aa119c6944c45609b82246e7657880e4031c108f61	2	3600	112	1246721146515164105	ad3be8a5bb5758b2735ccb9c5b509a8d391c588e2092d588848c22e6463d1000	ad3be8a5bb5758b2735ccb9c5b509a8d391c588e2092d588848c22e6463d1000	Y	ok_off_best_chain	OK_OFF_BEST_CHAIN
A	110	e94f56be4a4dc61c58d8460f3c023fa1588edcb21c61e5caa90b3b48986557ea	2	3600	113	15815165762605188716	aed0c03cd8ebddcc2f2577f770997d0bb9930977870f64adc1f18d8ed3180900	aed0c03cd8ebddcc2f2577f770997d0bb9930977870f64adc1f18d8ed3180900	Y	ok	OK
A	110	11c2605a9099fc80b7474947b943d58ea8d49876b5ebf47a357abb4d31a0348e	2	3600	113	15815165762605221591	fdabcb777016333bf26174fcf4e851aa51dde90c7dd2e16b91946c8f2f0e0f00	fdabcb777016333bf26174fcf4e851aa51dde90c7dd2e16b91946c8f2f0e0f00	Y	ok_off_best_chain	OK_OFF_BEST_CHAIN
A	111	7d9a5b97e5a43ea939acb2e3abb7e9c3e5ed65d90bd9f20c5abb77653f8cf830	2	3600	114	8563339304099710334	500481fa120272fbd8f74dbab3a103543c592af8b013aa80c73f3237a1bc1100	500481fa120272fbd8f74dbab3a103543c592af8b013aa80c73f3237a1bc1100	Y	ok	OK
A	112	b3e743b6cd61379fce0fb7818bf7dd071a144f50a4b553776088acec0d2ffca5	2	3600	115	11368643914136389308	8501edc2eec329becfca04f7c1945c4da2b5c783136dcc2c1ef1b2e1cb210200	8501edc2eec329becfca04f7c1945c4da2b5c783136dcc2c1ef1b2e1cb210200	Y	ok	OK
A	112	84eebdc5defc02384dad674c876044a6facb9b83d34755cd06aa3b9ade47882f	2	3600	115	11368643914136291303	fd20ec78d36d9e852453d602882d59d38660031e1b5be580746e63c335270700	fd20ec78d36d9e852453d602882d59d38660031e1b5be580746e63c335270700	Y	ok_off_best_chain	OK_OFF_BEST_CHAIN
A	113	19ed7aa0268a12d4ec82ad46ec659133569ab40a6e10f048fb5f167eb5d7d4e5	2	3600	116	2188118771674185980	26dc951b8c6a3bfbaeb924dea8687e20c73f81888aa5e6214580dbe0ff9d1100	26dc951b8c6a3bfbaeb924dea8687e20c73f81888aa5e6214580dbe0ff9d1100	Y	ok	OK
A	113	ec9282c68cf79fc45532f382497d1806fbb1d8cdef4e110394a764b6cba0ef53	2	3600	116	2188118771674186006	182858606be0f99ba6b7611b5fa2ff7ecfe3569dcf762883d705c3f95f690d00	182858606be0f99ba6b7611b5fa2ff7ecfe3569dcf762883d705c3f95f690d00	Y	ok_off_best_chain	OK_OFF_BEST_CHAIN
A	114	29b18428e11ddaed6768f5779c2b880f4851842f219020308effca2c5f127865	2	3600	117	15887959204800004232	8d815a88cda700fc2ffd5141799f1f112d9a55f53e52c5031741fec405980b00	8d815a88cda700fc2ffd5141799f1f112d9a55f53e52c5031741fec405980b00	Y	ok	OK
A	115	eecb00c66d5d28edeb65ce81441e4c77a3bd9d92e12e539cf592f71fa5e6674d	2	3600	118	14365959469546898212	8496422826184518d49d48ab875188815b0fee383c151ffe2562e605689e1100	8496422826184518d49d48ab875188815b0fee383c151ffe2562e605689e1100	Y	ok	OK
A	115	2efd574fc2a87ec809728151d61613b8b6ef5d3180404d06b7b0642809b7b15e	2	3600	118	14365959469546963877	7a975f152f346999daf1e5d9859edf367414f8a1d1f34bc08b6f7ab25c2e0200	7a975f152f346999daf1e5d9859edf367414f8a1d1f34bc08b6f7ab25c2e0200	Y	ok_off_best_chain	OK_OFF_BEST_CHAIN
A	116	9e9cb65053994815c2c1fb384294f8de51c8ccd9e87b5c6ee7014d49c4edd708	2	3600	119	16653815726955659358	4fd307fbfdb06963f54e083cbe24ffb860ac75d14de803b169b8d67140110f00	4fd307fbfdb06963f54e083cbe24ffb860ac75d14de803b169b8d67140110f00	Y	ok	OK
A	116	9269e564d2a1730f1bdb71786b45c086926a99cd77abde389c62d7d73977c462	2	3600	119	16653815726955659573	2eaa6464ee949ecf09aee1fdf7a9201920647d7d5106d245cda1abf2a2920700	2eaa6464ee949ecf09aee1fdf7a9201920647d7d5106d245cda1abf2a2920700	Y	ok_off_best_chain	OK_OFF_BEST_CHAIN
A	117	19c190acfe1dc8732fd4fe6b226135101de4c95470b5a3046358092e513de2f8	2	3600	120	680400180637401983	fe91d0610b932cae11fe2af515afe08ff8d0ff4da9427ac08af7a706ed1c0b00	fe91d0610b932cae11fe2af515afe08ff8d0ff4da9427ac08af7a706ed1c0b00	Y	ok	OK
A	117	22589de59cf2111a80bc5f4dc6595894f18e984b1b186661bd8d9fc120ab9e4e	2	3600	120	680400180637336476	d84217fb1251be334c563311fd6dc76be010cb921d14896c82a5d3f3affd1100	d84217fb1251be334c563311fd6dc76be010cb921d14896c82a5d3f3affd1100	Y	ok_off_best_chain	OK_OFF_BEST_CHAIN
A	118	1112e5115f98c702d5d2599c8d27117b16bf3c596b8c33de46153ebbf1a84343	2	3600	121	3294777658822361743	3664b1586267e24e47ede5fe9d59310e2a69cd7c67dcd6ea9541bc307eec0700	3664b1586267e24e47ede5fe9d59310e2a69cd7c67dcd6ea9541bc307eec0700	Y	ok	OK
A	118	6a8fde039d4e19db9d1dbab8fb290dabe7464605f21bd44f3f6a5b9a90729ce7	2	3600	121	3294777658822394623	58c4389f44c24496635a448b818a22b4602645c9a14a18f23cfc4a10b9180f00	58c4389f44c24496635a448b818a22b4602645c9a14a18f23cfc4a10b9180f00	Y	ok_off_best_chain	OK_OFF_BEST_CHAIN
A	119	9cd23f6727e6b19d25f30b654b51d3e61cf9693f9933759c001cad0c15f239ca	2	3600	122	2360033217177747470	981d4cec341e4611fa7d9ee507feabbd515b4cd659344cba9abec7cc10f00d00	981d4cec341e4611fa7d9ee507feabbd515b4cd659344cba9abec7cc10f00d00	Y	ok	OK
A	120	8ae7c86e1a54c4b76b90c4eee4eec7936d00eab8437032196634d2ca672e0fdb	2	3600	123	6224892665566069536	7a251a8f41eba4743c0cf1e52fc6aac70b9cc2488b10f714cd018d491ee20c00	7a251a8f41eba4743c0cf1e52fc6aac70b9cc2488b10f714cd018d491ee20c00	Y	ok	OK
A	121	495e0ca0336e960d3883f28b5039a3bd41b5dffcfda1e816b2c1d2f860019c5f	2	3600	124	9121759845140169223	a02a8d5a1dffc931a7c645f7712b34bc7ab1afbad12b4df3179519173f1f1100	a02a8d5a1dffc931a7c645f7712b34bc7ab1afbad12b4df3179519173f1f1100	Y	ok	OK
A	122	2c56ecbfb29034cae1721a70938da9a879bbef9bb131217564bf0067e848be2e	2	3600	125	4965475595723998886	20633fc291cbf0dcabc3608bb60f4e87481711a9963bedee77389b845e2e0300	20633fc291cbf0dcabc3608bb60f4e87481711a9963bedee77389b845e2e0300	Y	ok	OK
A	122	d7a2ee97b42fac3610a89ded52600836ee2a2c25ab4ca40e63170b28ac70c12e	2	3600	125	4965475595724031918	088f2266511bfb17eba2cd5ace7f6f184fea8384f46255e8f49fb44d13960600	088f2266511bfb17eba2cd5ace7f6f184fea8384f46255e8f49fb44d13960600	Y	ok_off_best_chain	OK_OFF_BEST_CHAIN
A	123	ce8383de7a0e8244836815b50f27babb44d4a5fd91adca0578366d499f81dd8d	2	3600	126	7674779728120644112	5b1d77f773ec623efd3d324d90ba54c76576953c6468aaf3336d7a4bf7eb0900	5b1d77f773ec623efd3d324d90ba54c76576953c6468aaf3336d7a4bf7eb0900	Y	ok	OK
A	124	0d2484847fbc037a5800ff430cfb73d4c088103fd4fbf7438663aa6b36c4f53c	2	3600	127	10482522294738551582	080e314dba79c6a140e50707d800d236c0704d22772e7d59c7aaa60af6870400	080e314dba79c6a140e50707d800d236c0704d22772e7d59c7aaa60af6870400	Y	ok	OK
A	125	b0500ff06b2012b3dec4a591fd013aca5baf3a75f9f48082a50961700fae2763	2	3600	128	10307101523833815832	e0664269961b3fa1b66ab7e6d310d6dafae434b967a3502975f06d16824a0900	e0664269961b3fa1b66ab7e6d310d6dafae434b967a3502975f06d16824a0900	Y	ok	OK
A	125	ab03e3cc60814afe50023410eed82c795bf9e43c40928503ff1f114a03ae6284	2	3600	128	10307101523833881377	eb22ea243fc1660d031d804d93d79f3dfa9dc2c07c0b213bbc1c1cb40ada0700	eb22ea243fc1660d031d804d93d79f3dfa9dc2c07c0b213bbc1c1cb40ada0700	Y	ok_off_best_chain	OK_OFF_BEST_CHAIN
A	126	dab9f3c5fc8953e19e103f1cbac981dcc1511893208ca414b5ef98d6efbfdd5a	3	3600	129	17630098051450373376	330c6590ce9c23054474a04d5d19b485a16f3babdf13fc5ee381faed71d40800	330c6590ce9c23054474a04d5d19b485a16f3babdf13fc5ee381faed71d40800	Y	ok	OK
A	127	02e24285950ef2a51ea00119663c91054e9379bdf935775e54e0e2b0b790c6a4	3	3600	130	10809561905182574911	fa5ef7926167a35fd088b928a155b9bca7d21ecf0f17b54d96b595ba100f0200	fa5ef7926167a35fd088b928a155b9bca7d21ecf0f17b54d96b595ba100f0200	Y	ok	OK
A	127	51cb6da9b4a031089f5613b6ff6ef034f4fca891b6b69116cb867704ea7d0a5f	3	3600	130	10809561905182607867	b1c5b34cc28532b54dfc0387b44d79f03ca35e352392bca91e4d5ffc28a50200	b1c5b34cc28532b54dfc0387b44d79f03ca35e352392bca91e4d5ffc28a50200	Y	ok_off_best_chain	OK_OFF_BEST_CHAIN
A	128	ad5fd94313368fb8bdaa38ac7b0508684809cfcbbc3061c51baf05508a862738	3	3600	131	12956805593359745440	c16bfe8d99d41ed1daf50134970f213a78690b37a7e10f5c95e2c951d1110900	c16bfe8d99d41ed1daf50134970f213a78690b37a7e10f5c95e2c951d1110900	Y	ok	OK
A	129	3a16e812c3f6624852b69277b27b0f247eae08581fbfb72e860834e3f00f6f0f	3	3600	132	11309655304284701759	0b4ee8c7760ec3c5ed7b58c73a21f10aa92d4703584b262dfcbdd76d64880600	0b4ee8c7760ec3c5ed7b58c73a21f10aa92d4703584b262dfcbdd76d64880600	Y	ok	OK
A	130	5f13871c5ed624aaa44f1f8b268d8c10bec481318f9d5ccb6786a4f3e0638031	3	3600	133	13692850644434616347	63bc78181f29c9c3b4b3f449f0f5d0f32b6f0874be019cbf2433672e34dd0800	63bc78181f29c9c3b4b3f449f0f5d0f32b6f0874be019cbf2433672e34dd0800	Y	ok	OK
A	131	f42747fcd9740aea24066cb0bcf1c236c7cb5571c7b9036c8181b571db40f561	3	3600	134	10977828875479845158	0876cda123e2cc8d261b7760f7c7505b7d4da479e4988efad62c790f8c7c0300	0876cda123e2cc8d261b7760f7c7505b7d4da479e4988efad62c790f8c7c0300	Y	ok	OK
A	132	eebf530557552f5025cd9789de712ec45106e44cced8b8573deb62c840b567e6	3	3600	135	10172146706431377750	bf8691a15ba59c6ced29014aad69b970db771fbb9e4ec94abe5e573da3110400	bf8691a15ba59c6ced29014aad69b970db771fbb9e4ec94abe5e573da3110400	Y	ok	OK
A	133	a6a0bad3f7c299ca1f0f7f42187ed39cc4debfad508891d30653f5f7eecf3409	3	3600	136	3461739964084060458	414ed4d855f38a9646715a40d8b89bc1f08fb6b7601d58605290a3b91b940100	414ed4d855f38a9646715a40d8b89bc1f08fb6b7601d58605290a3b91b940100	Y	ok	OK
A	133	6ae9794638c5892fe5f043c7844fab0c05b1d8c7cdfc21bae62f4d71c022ddfa	3	3600	136	3461739964084060600	3d7d79d31d2d2ed4275611445497a3f95c9062d007211c3d9813bd412aba1100	3d7d79d31d2d2ed4275611445497a3f95c9062d007211c3d9813bd412aba1100	Y	ok_off_best_chain	OK_OFF_BEST_CHAIN
A	134	9879e2ef2675c45cc49aad5500c5a0c88e427a115b641c70691d7c40c4cc9c55	3	3600	137	16968014012249835108	bfb6ac343cb78c85cb0f62fe478bb976a95e858d047036f9eca19910d7631100	bfb6ac343cb78c85cb0f62fe478bb976a95e858d047036f9eca19910d7631100	Y	ok	OK
A	134	6805e32a88015ed68655cf08ab7ff50d87bdad1e81b401a655b0180231c279f8	3	3600	137	16968014012249802576	eb8327bbbc03ceab7ab6a70bf9ee36f3f5c37d9ce16dbf97b9a74f518efe0600	eb8327bbbc03ceab7ab6a70bf9ee36f3f5c37d9ce16dbf97b9a74f518efe0600	Y	ok_off_best_chain	OK_OFF_BEST_CHAIN
A	135	8bf6bd3b07d3c3b6dc8a8a9487d89f775cdbf14ed95dea68b1d8e97b1ab5eb3e	3	3600	138	16385417804674828080	aa7a0776c138c51b2bc9d662348ab20d0090b5d2856f81d77216206e33821000	aa7a0776c138c51b2bc9d662348ab20d0090b5d2856f81d77216206e33821000	Y	ok	OK
A	136	b8e9aad0a0c448fd327924774f71f239419149b444fa359acb5be75351d68bda	3	3600	139	12109258509766394941	e9cab5d4b2711d5affa8547e3db649e18faf8ff9d96e9b55bde3f317e7560f00	e9cab5d4b2711d5affa8547e3db649e18faf8ff9d96e9b55bde3f317e7560f00	Y	ok	OK
A	136	4dba5e0ab6c4523f28aa495199bb35cd75e94411df7ddd790a26873cbf1d7c14	3	3600	139	12109258509766427815	6fd583f7ab360a5973a0475dcb51e4b391b878825c113f1589a6c9d235c50700	6fd583f7ab360a5973a0475dcb51e4b391b878825c113f1589a6c9d235c50700	Y	ok_off_best_chain	OK_OFF_BEST_CHAIN
A	136	43d4e5539bc6bcfdc14f6f492925050cada51619b6efba207e17660d5ad64d2d	3	3600	139	12109258509766427988	9fb3e5de7a6c6be728de6d916470e774eb4985b36683bc7011ab68bf80320000	9fb3e5de7a6c6be728de6d916470e774eb4985b36683bc7011ab68bf80320000	Y	ok_off_best_chain	OK_OFF_BEST_CHAIN
A	137	b81da611f63ed971867c9f2e8dde3dc777136474d83619e5d44b1b8870c9d690	3	3600	140	977086836293829138	a02fcb22917f320cf4dd2ed5f6914b483feb6b9c9d0b995826a9d6e381eb0700	a02fcb22917f320cf4dd2ed5f6914b483feb6b9c9d0b995826a9d6e381eb0700	Y	ok	OK
A	138	9659c6cedba4a4b31bb8c369e97101339bc104e2f2dc87c21b91c5e4780f1827	3	3600	141	16320227279227620188	064bc6afe7705d46eddc5f7fdc3cd20e1b8eb56bc8cb66473f1c4ece2f7a0e00	064bc6afe7705d46eddc5f7fdc3cd20e1b8eb56bc8cb66473f1c4ece2f7a0e00	Y	ok	OK
A	139	bdfb089e8eff9b85b5cc97eb9424af995bddf36e45a730e6d8001637dc2654b8	3	3600	142	5551712926248731009	60cfc03deb3f51cd1012169e1bf7e7b5be7a49d4bfb2d7da0c66c130b3d11000	60cfc03deb3f51cd1012169e1bf7e7b5be7a49d4bfb2d7da0c66c130b3d11000	Y	ok	OK
A	140	222132f971a1e95affb920834279870d23b2e0365970c8aa19c807718a1c928b	3	3600	143	6557524821645787274	99949f0d46b110b120dd5c5e611b65668d20ad6c52ac60f75ff0c8bf627d0500	99949f0d46b110b120dd5c5e611b65668d20ad6c52ac60f75ff0c8bf627d0500	Y	ok	OK
A	141	3efacade1d3a6a007f6890a57dc4691c3a09e96942062e43fb20658b6deeb652	3	3600	144	8875934213677777299	7c5afd49c1effb1dda3dc8ccd54112ebda5ddbdc92e01fd2a642861edd640600	7c5afd49c1effb1dda3dc8ccd54112ebda5ddbdc92e01fd2a642861edd640600	Y	ok	OK
A	141	6841eed7037d3652a084208b8613bbc1d0632fbe5b254be28e9cb945af5023d4	3	3600	144	8875934213677843107	efdfc4697899821552bb42b7e1446a6279a2f2f3b83046f5b064805d95d60200	efdfc4697899821552bb42b7e1446a6279a2f2f3b83046f5b064805d95d60200	Y	ok_off_best_chain	OK_OFF_BEST_CHAIN
A	142	d6b76b426553a35c5335b8b28b008d984265ca9edd193ca1ad69fef5674d84a0	3	3600	145	138190224856450290	d6ac37f8708616ddbc439ec8c83652c8ba845f467693137071a08cb4c0c20800	d6ac37f8708616ddbc439ec8c83652c8ba845f467693137071a08cb4c0c20800	Y	ok	OK
A	143	8818d20400e0f27ece83dd75d1e6dacfe28ef14c1c48485653442b9783fd79d3	3	3600	146	13281036896487670053	cb2df246a7e7cc24171f2d51b523e6dda8c61eef58cf4451c15af502f6da0a00	cb2df246a7e7cc24171f2d51b523e6dda8c61eef58cf4451c15af502f6da0a00	Y	ok	OK
A	144	f930ca91619dbae7709822838f836f1f16cfbe974672084dc9b29d2c9449b6ff	3	3600	147	6699021144822972537	447a7c188bc57fb9352e3995162b9fda0b8f0c51389f27a30ac6b1e3487c0100	447a7c188bc57fb9352e3995162b9fda0b8f0c51389f27a30ac6b1e3487c0100	Y	ok	OK
A	144	f1180a964f99fefd16a1c9657210ca19e7d5e9758ac1c33d6cb5251cb4a80ac9	3	3600	147	6699021144822940003	96cd66ff660e05ee631eaf991251a616f5581a7f59ae2b53a7eb83b85d400400	96cd66ff660e05ee631eaf991251a616f5581a7f59ae2b53a7eb83b85d400400	Y	ok_off_best_chain	OK_OFF_BEST_CHAIN
A	145	4937ae69634fbb54876332da043043d50cb3ee53655691fa8a37db54084abfd6	4	3600	148	10292222438565578376	4c243c60750d351162f4637d0424915695de15186d9a6fa780096fa641860b00	4c243c60750d351162f4637d0424915695de15186d9a6fa780096fa641860b00	Y	ok	OK
A	145	b2daddde76d392a655724f6c906a5a285e64cb7bc131e6b8fa2fecaed36c6e7a	4	3600	148	10292222438565578477	da57c680e85d48bf4c40048c59bf4eef512df3dad91763801b0ccedb1e0a1100	da57c680e85d48bf4c40048c59bf4eef512df3dad91763801b0ccedb1e0a1100	Y	ok_off_best_chain	OK_OFF_BEST_CHAIN
A	146	f038957808b82695aedd8bf7655fc874845e598c0173dac247c5385a405d5ab3	4	3600	149	4710372985226167523	72c78cf16b392f391f7431cdd4c28b2e9ee526c6fb2503e1e8c7bf1b2f561000	72c78cf16b392f391f7431cdd4c28b2e9ee526c6fb2503e1e8c7bf1b2f561000	Y	ok	OK
A	146	9091b15e807d223372fbae545284667f3bc41cbcfefb2700545f192874cd2160	4	3600	149	4710372985226200560	2a9625d1d44b004557ac7f99c65234de8609644b9bff30fcae3c10c377340800	2a9625d1d44b004557ac7f99c65234de8609644b9bff30fcae3c10c377340800	Y	ok_off_best_chain	OK_OFF_BEST_CHAIN
A	147	59a2fce018d8769b9e4ed9e032b2732d34d756eb67e1670d0e54d31da76d3d98	4	3600	150	7943488322565833052	50ba4ffbbecc0f5f396f3b2b4cf8892b711c0449d6ebdd16523d5272f39a1000	50ba4ffbbecc0f5f396f3b2b4cf8892b711c0449d6ebdd16523d5272f39a1000	Y	ok	OK
A	148	b7c46607014a99503d4a54290ffc23ea5fc1962861b541c4fb9c1f6720805ebf	4	3600	151	488999309598064940	910629aa6e7ade4f3eac0badc24810515afe3cef42ab649b3401e642b20b0a00	910629aa6e7ade4f3eac0badc24810515afe3cef42ab649b3401e642b20b0a00	Y	ok	OK
A	149	2cdb6133174a95657f01c2f7747161f2d03b2554b581bfffdfebd8100b6eb0b8	4	3600	152	11485213320869314650	35a60f6472495a31c667d376bbcaa26f5fb9fb66d6efb072af37f0308f3b0f00	35a60f6472495a31c667d376bbcaa26f5fb9fb66d6efb072af37f0308f3b0f00	Y	ok	OK
A	150	a8bc35b640c0df637e78a4eac82857994acd2e9201521b9dcda677b3c0e66e29	4	3600	153	2528242312790770437	c28d502208895933b873d99c25d5832c92c90178a2c7263c4a288015ca400900	c28d502208895933b873d99c25d5832c92c90178a2c7263c4a288015ca400900	Y	ok	OK
A	150	2eadea1ba69b7b64a73ff146f534efe51fa1d14a6e05229c8235a4bb49af153d	4	3600	153	2528242312790737827	b15d500d8689409037c5d0d7df74d88f717f3cf22208651ea5c88faea4091100	b15d500d8689409037c5d0d7df74d88f717f3cf22208651ea5c88faea4091100	Y	ok_off_best_chain	OK_OFF_BEST_CHAIN
A	151	4b2c138eb923836d682b0ec69e233bb2f42064c60cb22483c9136259aea8cc91	4	3600	154	3120914698325753950	6a19476e10c51fcfa7f89e5762a263e243ffaf6ed7a02aff554cb306666e0d00	6a19476e10c51fcfa7f89e5762a263e243ffaf6ed7a02aff554cb306666e0d00	Y	ok	OK
A	151	d2132d054a910b538e9859ebb8e98cd68f003cfc6d11276673278f6040f86809	4	3600	154	3120914698325787099	a062148fd8c6fc53feb23c4e56a639b005acc97495dc301eedbd43528c2a0e00	a062148fd8c6fc53feb23c4e56a639b005acc97495dc301eedbd43528c2a0e00	Y	ok_off_best_chain	OK_OFF_BEST_CHAIN
A	152	f85e6b285d142e1504722786c7b2ff89c5c2e38d523c3ff58fab1f043bc1d9f5	4	3600	155	3214598676764721625	855d63943c652830c659ecb313e8c221dd94900acf332d3a3d2dd5f30b0d0d00	855d63943c652830c659ecb313e8c221dd94900acf332d3a3d2dd5f30b0d0d00	Y	ok	OK
A	153	5f99e8d2004d757a356a55bc50bcc645c22dcaac502a803f72e69b6638564d67	4	3600	156	14629320477521215650	af627b1037457ed40b87da6a5014d77bcfdaa208b50dd002f08de16b046b0300	af627b1037457ed40b87da6a5014d77bcfdaa208b50dd002f08de16b046b0300	Y	ok	OK
A	153	f274b8deff379ed88093ed56a60b8364c62635ccedc8e737f1e3aa931bc134e1	4	3600	156	14629320477521314029	acea39e7efa46ef44a89c5797e5a98c169c7e1382ae8116f09fe4ef269010c00	acea39e7efa46ef44a89c5797e5a98c169c7e1382ae8116f09fe4ef269010c00	Y	ok_off_best_chain	OK_OFF_BEST_CHAIN
A	153	5ac0ad6167fa60c977586d493aa5416c3a2a6eca5de423af2ced2ccf41940aa3	4	3600	156	14629320477521248573	1a8166c1ae0eeaa3adb3220f28009d88c3afa79b3515e2bd917671528b7e0a00	1a8166c1ae0eeaa3adb3220f28009d88c3afa79b3515e2bd917671528b7e0a00	Y	ok_off_best_chain	OK_OFF_BEST_CHAIN
A	154	e657d9e1a1cf31cb2c0725f86fe5737d410abb5ad2f8238c5b9a001392d34a95	4	3600	157	16446215471931361395	52ccfe28216436190c611bda7b0b382706ca4672493cbd7b0569d1df0f0f0500	52ccfe28216436190c611bda7b0b382706ca4672493cbd7b0569d1df0f0f0500	Y	ok	OK
A	155	289c91646e9c55687279c0c3a1dbafd192fb14c95386441a8aa4367653cb9aed	4	3600	158	17785385093708121682	5b0a525641393ca5cd01948858df5f80f732c8806d41de7d81f94167e1060d00	5b0a525641393ca5cd01948858df5f80f732c8806d41de7d81f94167e1060d00	Y	ok	OK
A	156	7b102a5c922dea46f01550a4974d5955d33e08b5f15e35d49da411e31500fbe7	4	3600	159	15986020214475096863	885052ebaf6ac0c45baf344b664c844a501ed880fdc452777ca85198ba961000	885052ebaf6ac0c45baf344b664c844a501ed880fdc452777ca85198ba961000	Y	ok	OK
A	157	cb9d4b7a1c0e7c17e5298a7acb3de92f0cc52876e914f04e434e73d954e9ea67	4	3600	160	15551983017248490130	977d4c500d4143a9aa05bf300bd9b52f98eeddbd1cc055c49aaa4549080b1200	977d4c500d4143a9aa05bf300bd9b52f98eeddbd1cc055c49aaa4549080b1200	Y	ok	OK
A	158	55989ef70ebf21b2cc568fe721d796f583f479903b88abee9e7441a39ac9a1bc	5	3600	161	11660687650016298186	8a7be99125e1d70d5c3f525bda42dd1bd7445069643a01aafdb727a89dab0f00	8a7be99125e1d70d5c3f525bda42dd1bd7445069643a01aafdb727a89dab0f00	Y	ok	OK
A	159	cef194add70297d63395ae7f590b5d2bdb11a9d1c0645eaaf139e5606d67fc4e	5	3600	162	16964111119633416426	8a8df7628e58b2b5ff7b9f59b2b5cd712c564b82d4bf7159574812a99ee80300	8a8df7628e58b2b5ff7b9f59b2b5cd712c564b82d4bf7159574812a99ee80300	Y	ok	OK
A	159	cbb42b5ffe5c7e56cbf3ae1d0a8bebc221bcda2adbef606b1a76702d8f42e8c1	5	3600	162	16964111119633383718	e9dc82c9a1b6df8ab4a7e296161536dfdd26f94bf01c9db815c2655778220100	e9dc82c9a1b6df8ab4a7e296161536dfdd26f94bf01c9db815c2655778220100	Y	ok_off_best_chain	OK_OFF_BEST_CHAIN
A	160	4cdfe51ff1246bd3a9613fd9b557825774c8fd5854d4e121885b4e481f5ae32b	5	3600	163	14569310155079450747	a8a3eddb87a2263fa78262df305738644d8fe83d15761a4360fbb036d6b20e00	a8a3eddb87a2263fa78262df305738644d8fe83d15761a4360fbb036d6b20e00	Y	ok	OK
A	160	8d2a143a62416c9cfe83ae74ec4f328a0ad4f184a0c1b767a06e485f0535ada2	5	3600	163	14569310155079483592	0433c35f9fbba3c6fa9257fc3f34a47c45fc7b4e253e2d31d759116e29e50f00	0433c35f9fbba3c6fa9257fc3f34a47c45fc7b4e253e2d31d759116e29e50f00	Y	ok_off_best_chain	OK_OFF_BEST_CHAIN
A	161	d2f4a620c0aa94c871872d2293793b00968ef6e354132d0e590414aec6bcc7f8	5	3600	164	2978802833320640575	5664d5e2222eebb5c1c5c80065b7d7d578d487cb84778e889e6c3ba3a2c50b00	5664d5e2222eebb5c1c5c80065b7d7d578d487cb84778e889e6c3ba3a2c50b00	Y	ok	OK
A	162	987a4d196c32f2a3ea13e67cefa83e510e0971efc026fcb624e2a59da10098b5	5	3600	165	1695127066636223803	0bb10ac7ebf8bb9c700c1e490cd174ea838770bc2a0e3c8d44d5c06e54ae0300	0bb10ac7ebf8bb9c700c1e490cd174ea838770bc2a0e3c8d44d5c06e54ae0300	Y	ok	OK
A	163	50d1c222bcf28a66dd48965986b4c593694204ee3b19bd726b5e5b2a68f708a8	5	3600	166	1363581511512719410	3767ec2f442183aa8d1c6093a244b4331ae293ad3e13ec4b2a29cf2a841f0500	3767ec2f442183aa8d1c6093a244b4331ae293ad3e13ec4b2a29cf2a841f0500	Y	ok	OK
A	164	c7701415e74780a035b3a308c520bb0e8a988b35159ea1721cc52b4b442ab30a	5	3600	167	13233920817487675625	f1c14003e471b0f85edad0253c2faaab9083035ba2025c14037b0a59990b1200	f1c14003e471b0f85edad0253c2faaab9083035ba2025c14037b0a59990b1200	Y	ok	OK
A	165	21ff36df2589f8e7072494fef13add406b6b2f751eff51e0cc7a8b117eac245a	5	3600	168	16369656288310821264	981bf8d40c69f06fed5aec34e426d36ce7779fcc7a7a5b5f3d5b295dacdc0b00	981bf8d40c69f06fed5aec34e426d36ce7779fcc7a7a5b5f3d5b295dacdc0b00	Y	ok	OK
A	166	fe70247ba35c17d49fdf0aee152e038e26ad53b25b55472307f631f20fd57bc4	5	3600	169	9587919618169734846	e85114c4c6a85a87fbd8cc9e83973d11d863169246dcdc3efac8c45af80a0400	e85114c4c6a85a87fbd8cc9e83973d11d863169246dcdc3efac8c45af80a0400	Y	ok	OK
A	167	93edcc2856401555a5f2e9d4728f0f246ec17f5d4d935214bfeea67fe789454f	5	3600	170	3499674584121182977	11b6fbd7e2b32050b7c247f045e003082f1b7932fa017f118da7e5aabb800b00	11b6fbd7e2b32050b7c247f045e003082f1b7932fa017f118da7e5aabb800b00	Y	ok	OK
A	168	3a2ef31915f6b3cad8dd10bae6bddcc7d5e44c611a1ce6fabafa78d8ec44d2d0	6	3600	171	17502534073900335548	5e9c95f8be7744eb7075e07aa498cb6b8020f949b9e198f3c162bb5c0ed20200	5e9c95f8be7744eb7075e07aa498cb6b8020f949b9e198f3c162bb5c0ed20200	Y	ok	OK
A	169	272207a1f0cec65da777cfd50427ddf617806af73397da8045f332e4743a200a	6	3600	172	13944449356187927270	3b00cd23180b07bad67aa609d4bd5086272f257fd8fbc6b6ee82cd09c62c0000	3b00cd23180b07bad67aa609d4bd5086272f257fd8fbc6b6ee82cd09c62c0000	Y	ok	OK
A	169	1263265b83f908178d5fd878830a3c9a8c8ef0e252f426dcfbb2844ac54b9e8e	6	3600	172	13944449356187927552	d8eff85ecf430cbdef01bef5831aa134010fc2bdb59646218b0db6b0280d0f00	d8eff85ecf430cbdef01bef5831aa134010fc2bdb59646218b0db6b0280d0f00	Y	ok_off_best_chain	OK_OFF_BEST_CHAIN
A	170	47b96b3f512fffcbbae787069f0d9144cd078d51e6d164f698fa11197c36cea3	6	3600	173	5137080593128947902	8081e31d748739acd39037d6b8249c9f68b4650d35d5e3d7ba75f3945d450800	8081e31d748739acd39037d6b8249c9f68b4650d35d5e3d7ba75f3945d450800	Y	ok	OK
A	171	a350974cfcf3abf8c4766677f467048bedd7420e52dfed9012545e897122f426	6	3600	174	16798326640433233951	c40bf5d4cbf0b2b7a20f29729448c920c45dae410474fad0a05a16bc39021000	c40bf5d4cbf0b2b7a20f29729448c920c45dae410474fad0a05a16bc39021000	Y	ok	OK
A	171	498e75d9fbb33f29d78c9a95e42fc8316104eb8af13468b69ef6e43de2adfe7d	6	3600	174	16798326640433201457	c1cddef6da795a7afb67c7d0a3f1baeb98ad4b490f63003bc1506e3895ee0400	c1cddef6da795a7afb67c7d0a3f1baeb98ad4b490f63003bc1506e3895ee0400	Y	ok_off_best_chain	OK_OFF_BEST_CHAIN
A	172	36e2246f7bbda8fad58146e65ee01ee75778c1607859adb9eda5d9829793bdb9	6	3600	175	11925992311080649076	6f91f2065f48d4b96d9645fed036b6e5efc95f81ad4d4699fbc13bddd8530500	6f91f2065f48d4b96d9645fed036b6e5efc95f81ad4d4699fbc13bddd8530500	Y	ok	OK
A	173	3518126713ec167cecf3e8c6cf40e6704f20fad34a4ef31e73f5dd542f5e71b6	6	3600	176	2335416985782943800	d8af520cd378bb396b929c0bd4630c2b164c015218b317640b11b4730fea0d00	d8af520cd378bb396b929c0bd4630c2b164c015218b317640b11b4730fea0d00	Y	ok	OK
A	174	56a5447592d62a2b8fcaafb1e33e3b3ce43ebd118121e2a8831a133e2d637b33	6	3600	177	1049124647712363587	aa4a02cdca9052b1bb94514b0b84fff17997da10e16337f3cf3d63942a230800	aa4a02cdca9052b1bb94514b0b84fff17997da10e16337f3cf3d63942a230800	Y	ok	OK
A	174	b80541d9015ef68b37ddb9e8b2f48a6a210b054afab22e318e1ab1a0c39e0491	6	3600	177	1049124647712429157	7a6146b989eef8660503a7b107e8740a66072373b9ddad64f2950f7a5ccc0200	7a6146b989eef8660503a7b107e8740a66072373b9ddad64f2950f7a5ccc0200	Y	ok_off_best_chain	OK_OFF_BEST_CHAIN
A	174	9a77f84d444550ffba4f270e39ff4e28ce63a929c5aa921afd10fd84678ad30b	6	3600	177	1049124647712429385	00ac2150a7ed9f1fb5b8f0599eca21e5b5f6dee35161901bb7ca8bcfe8790900	00ac2150a7ed9f1fb5b8f0599eca21e5b5f6dee35161901bb7ca8bcfe8790900	Y	ok_off_best_chain	OK_OFF_BEST_CHAIN
A	175	27cecf737a7c12813ba79f0216ffe804db8dd19823f368b5e7605c8c2af3ca32	6	3600	178	8406900523411706119	5490bc51040d624d255654120ede627c596bb51514ead31c36ac7d6903590b00	5490bc51040d624d255654120ede627c596bb51514ead31c36ac7d6903590b00	Y	ok	OK
A	176	66b12baee3d856eb49ee3674f0fbd41f794504a154ec4a7da00ceddebe4589df	6	3600	179	971855093680833126	250f46047012f7a98a83974b7c48bd437ea5268ce034e73a005dc6e118a50900	250f46047012f7a98a83974b7c48bd437ea5268ce034e73a005dc6e118a50900	Y	ok	OK
A	177	afd9949d60aecec018a0692f3ef4b458e8eff8cccc2780b84b073d3c1bdf5715	6	3600	180	18263084022227828756	14493e10871761848d4befff26fb0855e6d181dbd059bb63c2a7de6fadb70800	14493e10871761848d4befff26fb0855e6d181dbd059bb63c2a7de6fadb70800	Y	ok	OK
A	178	4c51e0e013f026902d7711225a03efe80f268328f804657a11843cc21b3108f2	7	3600	181	5025538351126644050	7f4aff1177eb140fbc9c0cb02352de18a5648216e18bb02b6c0be30daebd0000	7f4aff1177eb140fbc9c0cb02352de18a5648216e18bb02b6c0be30daebd0000	Y	ok	OK
A	179	1fd2d06279ac1a256874cc97ff1f09857adf6e85135d29b7cf9015d37d4c66c2	7	3600	182	2316721787712406622	9f945af44a7b330f05a4f6b9013877020256833a0db686496f98104365211000	9f945af44a7b330f05a4f6b9013877020256833a0db686496f98104365211000	Y	ok	OK
A	180	d69c44c2fc5c17fc393d188d5aa18fb90b459711395fdf1356fbbddc272845ef	7	3600	183	1775310910596909761	6e04a7d2c744815e5c9c2439e095812bd0d3d58580ae6157de188d783b7c0f00	6e04a7d2c744815e5c9c2439e095812bd0d3d58580ae6157de188d783b7c0f00	Y	ok	OK
A	181	cb367b650da2bf78cf474c7131be880a7df8de4571329dc19e0401e786aee123	7	3600	184	7132405227847745607	4e1468f1e069c1734ba9c818236491ba448bb1c4c40bae449edb2cf35ee61000	4e1468f1e069c1734ba9c818236491ba448bb1c4c40bae449edb2cf35ee61000	Y	ok	OK
A	181	e2b1376f2b11bdce455abc2f66c33485c01e16e0b623c0779cc5fadfb46f13a2	7	3600	184	7132405227847713038	f5e254aa54a50917fc52cd10ad5bd2f1051e96fb8bde78a0715cb35e46d60300	f5e254aa54a50917fc52cd10ad5bd2f1051e96fb8bde78a0715cb35e46d60300	Y	ok_off_best_chain	OK_OFF_BEST_CHAIN
A	182	7754797fc04aa0760d2c02f5c0847c70fccf3af730c7444dbd665ec7bf9403a5	7	3600	185	9162895998224203860	4b3a12497c9eb632694e45ebcb64896325a2ab20d03245e6b97e347cf8220000	4b3a12497c9eb632694e45ebcb64896325a2ab20d03245e6b97e347cf8220000	Y	ok	OK
A	182	73ecff6975c64b686dff40c0275f01d812ddcb6b4acb183dc5bf939dd0f5256a	7	3600	185	9162895998224203928	885783c9d571887f30a092e20a2d84203f0a5f2c1732e7e2d46ac436f3821100	885783c9d571887f30a092e20a2d84203f0a5f2c1732e7e2d46ac436f3821100	Y	ok_off_best_chain	OK_OFF_BEST_CHAIN
A	183	e0853996f4e8e9cda3d46c2fbfe10931b69094085ebce3353e51e77410d71e40	7	3600	186	5808193753097273512	f16b5cbbee08d9715634e108197acea8c263f78a7666f1afae40bdf2b5dc0b00	f16b5cbbee08d9715634e108197acea8c263f78a7666f1afae40bdf2b5dc0b00	Y	ok	OK
A	184	48a0abf698ffd7e9f9a8df991c9968f370649751b042fd6ea4d87077ce67d444	7	3600	187	13611234918506991199	89b5c2f73da5c9da60401e2b9f43dc8bc3dd9bd1e3f2985e2670852c00070800	89b5c2f73da5c9da60401e2b9f43dc8bc3dd9bd1e3f2985e2670852c00070800	Y	ok	OK
A	185	a51a4e3e0c4562ca517d17831c50944f2e87dea320e830098ae4318f1c377787	8	3600	188	593222394752074505	0e9a9e3b93175f2dc526e92b0087ce4f688a0ddaff065bbcf56d94b6dff40d00	0e9a9e3b93175f2dc526e92b0087ce4f688a0ddaff065bbcf56d94b6dff40d00	Y	ok	OK
A	186	6b608eccb9e33805e0d0faf8126b8e122fe132ba9ffd98c0d049aedf4fbe62ad	8	3600	189	2060250487101393771	d0474902a1b60eda0064240e574d31c8fe3c8d3bbd76f734d0523dcf89090a00	d0474902a1b60eda0064240e574d31c8fe3c8d3bbd76f734d0523dcf89090a00	Y	ok	OK
A	187	52e7dda9b47b171267d423aea7c165ad1a48595b8fbc932cd4ad6d124640671b	8	3600	190	16544446656800719943	fb01d3cd7f6e5a9666f7cb07463d322e79dae2b42bb7613cc63b8b7b36fc0000	fb01d3cd7f6e5a9666f7cb07463d322e79dae2b42bb7613cc63b8b7b36fc0000	Y	ok	OK
A	188	ac24122b9f6686a893016faab13b42fd6f09ccd5afc7d72ccdb2002381e52f40	8	3600	191	14939221660920713005	6dacc4c231cc93399f50ce80803b05b3a4cf1073cbbcf3459dcee4b0f20e0b00	6dacc4c231cc93399f50ce80803b05b3a4cf1073cbbcf3459dcee4b0f20e0b00	Y	ok	OK
A	189	1fa848b3a1417dd78a2f140b31791da71089a4d6f499784087fe6863e402274f	8	3600	192	4688986079611619031	afe4cc625ecd08796902d90278b28c6ca2f15b5532e42526c0698749560d0100	afe4cc625ecd08796902d90278b28c6ca2f15b5532e42526c0698749560d0100	Y	ok	OK
A	190	88930d0a7de4b9c3a0767d89a60b816dcd686daf535394c234be4bde9a791ce9	8	3600	193	11949010737331998040	84ddfc4d3e4fff52edb31a7c0a504f1f50e85ad328c57d4ababbf7cd24b50100	84ddfc4d3e4fff52edb31a7c0a504f1f50e85ad328c57d4ababbf7cd24b50100	Y	ok	OK
A	191	3cd7aa848905cbace9cd5e9d51a2b6d76644ec72eb34c58e229adb9e3d2acee7	8	3600	194	2910687525339235470	0a8943f9ef085e5ae0c720db4e565106e8056314f9be2e89744709e9306f0700	0a8943f9ef085e5ae0c720db4e565106e8056314f9be2e89744709e9306f0700	Y	ok	OK
A	192	1cfcb96949efc960e4ae3cd360b518213763ffd0da1272babedce63578e9dea4	9	3600	195	7209748054021309556	1b42f288e42a925c396ee9d92481fe81ece211102310204cd91e917b2f4d0500	1b42f288e42a925c396ee9d92481fe81ece211102310204cd91e917b2f4d0500	Y	ok	OK
A	193	916b0dd47a9f1fe7838f73509ff6da9afa651db62a8dabd64f5bcdd9b6ce69ee	9	3600	196	16405146002509562137	8002cc2409e15c50ff33ae743687d7a898ab0b977a6ccf4a5d79ac7a3df80c00	8002cc2409e15c50ff33ae743687d7a898ab0b977a6ccf4a5d79ac7a3df80c00	Y	ok	OK
A	194	f8852e8f732520710533a91f3caa657c620fc7f686617024b743d915a9be62d3	9	3600	197	16073484088132076339	923c06d98c839f0f0948dfed930fc326e1e5dc96f11ba780acc0923f0abf1000	923c06d98c839f0f0948dfed930fc326e1e5dc96f11ba780acc0923f0abf1000	Y	ok	OK
A	195	98b417f327004473f767139aafa4eb87edcde66cf70e0aea1b586064867677c2	9	3600	198	10727332806385534604	9e9d8c6cf20ef52774255c3302473935d4ce41eaa0aaa3f96eb5edeaed970200	9e9d8c6cf20ef52774255c3302473935d4ce41eaa0aaa3f96eb5edeaed970200	Y	ok	OK
A	195	4ef0f78befb4e44a06d3beaf5864efc941541db97b7d46735453fcb51d0e5805	9	3600	198	10727332806385469283	07b36fd80ce9d5e29b9efc9c1fd122939d9bf185028e371d71711451cbd70900	07b36fd80ce9d5e29b9efc9c1fd122939d9bf185028e371d71711451cbd70900	Y	ok_off_best_chain	OK_OFF_BEST_CHAIN
A	196	6d7d7dfb01f1f4fc8054048f1b2ce3910435bd1028382b1140ae770040c41257	9	3600	199	12727569569430930140	3381239a5b57641835d0b314e083cc8c90f7f88a5a34615ae22e791f696d0600	3381239a5b57641835d0b314e083cc8c90f7f88a5a34615ae22e791f696d0600	Y	ok	OK
A	197	6ab49258fb880f27a24037c790826cde47a3581bb97a4cde9a187dce73bb22ae	10	3600	200	9220943361698005777	70dd847dc1b0f5b41ead0d07a66dfb493c50c9d96ed4a3726cb1cd7eef141100	70dd847dc1b0f5b41ead0d07a66dfb493c50c9d96ed4a3726cb1cd7eef141100	Y	ok	OK
A	198	c465d30030b809472f0843b995967e612a548e11a916fd9bdd6b217c2a6f1dc6	10	3600	201	13735366869295038880	37d88f02b7b6962ef2cd83482147463ceabe6082b30f543f8545e3a3908e0e00	37d88f02b7b6962ef2cd83482147463ceabe6082b30f543f8545e3a3908e0e00	Y	ok	OK
A	199	9cf886edf289239e161198901bb63bed1d8de787e8fea95108f3168c1f19b9f4	10	3600	202	1109064386661646652	07203c5c91fe34c73bb36ae6a104b3dc820944ff921a4d380e8c47dd43de0500	07203c5c91fe34c73bb36ae6a104b3dc820944ff921a4d380e8c47dd43de0500	Y	ok	OK
A	200	c4d560002e20eed7664de5681aafcc79d8ff477f8242ddfa020145fc576b9a25	10	3600	203	5615888993305593094	ba8b64cdd97f2eb9c6a9465d6ec740e6bfcfeea79a720e8dcdd8771d46ff0000	ba8b64cdd97f2eb9c6a9465d6ec740e6bfcfeea79a720e8dcdd8771d46ff0000	Y	ok	OK
A	201	ea0f4a23c21fc1c38cf72ad8388e2707b9709a45cf9b3655b65136144cb7c3f0	10	3600	204	8153046618820610113	12d73eb906a35a52ea45978b6fba684148356eb79cdaa1adc6da31bc8d990100	12d73eb906a35a52ea45978b6fba684148356eb79cdaa1adc6da31bc8d990100	Y	ok	OK
A	202	6caa78c09674e918a97effbe352a5855285cb0deb92c11eff198b65fe943897c	11	3600	205	676662992154231099	8260643aab5336e7bed88dcf24b9159447c8689e7d1e30423a4224e498840600	8260643aab5336e7bed88dcf24b9159447c8689e7d1e30423a4224e498840600	Y	ok	OK
A	203	a42e55a13a4e8dd733b077f69322699a3a2d0934a213c1236fdf4f173fa1ea35	11	3600	206	1208814327801382450	294a57a10b8352eae59fccb5ed19d49411176434d3ae181b1ef6e4698c010600	294a57a10b8352eae59fccb5ed19d49411176434d3ae181b1ef6e4698c010600	Y	ok	OK
A	204	d26160aa9f9c0d8437ea1ef368e9fa73f93e1900b3ed77d1079186f0384466e3	11	3600	207	560550097494999053	ae80674b261902614a82b12c345b929ceda33216c227ec5ca07c337820b60100	ae80674b261902614a82b12c345b929ceda33216c227ec5ca07c337820b60100	Y	ok	OK
A	205	dee1e855815aadb6a6f1823490d7be2d64c829ec2c7e01735aa4c37f00dffb5b	11	3600	208	15274557155315843266	e25e9b6bff689792179fc060010ed27d5a487aed95fbd5a317a5dff920670d00	e25e9b6bff689792179fc060010ed27d5a487aed95fbd5a317a5dff920670d00	Y	ok	OK
A	206	0ce406f69c891cef93ceb7a03fd2f10fd5dfebceba5a5915f72d6ec21a843475	11	3600	209	8088485920262685376	461dea24fe53b0cfccd8c54b079b6609eb3e6a7862be92b1534c958b392d0e00	461dea24fe53b0cfccd8c54b079b6609eb3e6a7862be92b1534c958b392d0e00	Y	ok	OK
A	207	88bedf5fc92c35ca3149464a0ba52335eb294bb67196fcbaa10945273b2d1154	12	3600	210	5162230499980116258	801632cc1156cbc4647dbc2b3cb472d65bca18cdbd9cc4258388e91248990700	801632cc1156cbc4647dbc2b3cb472d65bca18cdbd9cc4258388e91248990700	Y	ok	OK
A	208	7b060a7aace0e21cc1d9b3d07e093b7f6d8b7ccd259703f48af718f52b9dbf91	12	3600	211	11492703971466838230	be9b7d871afa559402c910d8d00ffd0aeb7d32305ad66386e196e62988820900	be9b7d871afa559402c910d8d00ffd0aeb7d32305ad66386e196e62988820900	Y	ok	OK
A	209	714333f8ff8dffd9613ea3949064dfb52a84114c33a11093a56aa0d5ff7f2bce	12	3600	212	17417049982598447104	bc9c5256cef4d38d75948f2b40b59894b42a197cc45077bffe77c15e5f5a1000	bc9c5256cef4d38d75948f2b40b59894b42a197cc45077bffe77c15e5f5a1000	Y	ok	OK
A	209	983de81456ece77b56dd9fae9358cd6c0bf994ce5615c1b903fa0288f1522936	12	3600	212	17417049982598381811	1e980e9350e617e32ac85115352c53357a8bcb40514d041abe9cdac58e970a00	1e980e9350e617e32ac85115352c53357a8bcb40514d041abe9cdac58e970a00	Y	ok_off_best_chain	OK_OFF_BEST_CHAIN
A	210	3936033ca3c22b01a786766b1d35fa1e7e1204dd49f100f594f4bfe330afdaec	12	3600	213	17534391465537537456	7c8152d19187db2c749367d87e1f89de3a0dc35e6eb4e2653ead61224ab10800	7c8152d19187db2c749367d87e1f89de3a0dc35e6eb4e2653ead61224ab10800	Y	ok	OK
A	211	9311aa0e4fb0b01e0b2da110e58e104aae36b5b56ac8be557953bf159102af29	13	3600	214	12142059716171792473	330eca698835182066bebafd90ffd79b5e9484926f784b1b2c921129b2290e00	330eca698835182066bebafd90ffd79b5e9484926f784b1b2c921129b2290e00	Y	ok	OK
A	211	35f17d5e5d4bbe2760a097836678b3ea8d5b78034348d0c02b3c5853b397f5be	13	3600	214	12142059716171890951	851f6d0c151f6726129333265c69c1c9dd47cf75ea1eb3dafd19381885ea0d00	851f6d0c151f6726129333265c69c1c9dd47cf75ea1eb3dafd19381885ea0d00	Y	ok_off_best_chain	OK_OFF_BEST_CHAIN
A	212	810796f03a80d3fad5b5cdd0140f9f59d9a26a9804fafab35572786d81905311	13	3600	215	5397231147409244814	3e7fde9a667e3fadca5bdfdcf4068845e5e40050cdefdb9616a5f4ec75230000	3e7fde9a667e3fadca5bdfdcf4068845e5e40050cdefdb9616a5f4ec75230000	Y	ok	OK
A	213	99da1078e7392fa62dfebc4a100b8ce3fbec2e45dc66d7403d1dd067e52fa172	13	3600	216	7977741992421557011	5cc11aad27ef871881ab5cb24db24300f954ef1df610254672f4bcc222e90800	5cc11aad27ef871881ab5cb24db24300f954ef1df610254672f4bcc222e90800	Y	ok	OK
A	214	a8ba01ef14636125c32d0cc01ca692c6da9767974d64431823990f4e358ffbec	13	3600	217	14170479973009260966	6c3a15ebc9931e5153cea0c2638a07fadf54eb194bf94149c35e3451102f1100	6c3a15ebc9931e5153cea0c2638a07fadf54eb194bf94149c35e3451102f1100	Y	ok	OK
A	215	a352341ee9819a6c60678dbb324a20376682ebe943b775ea64828afa6c80bc90	14	3600	218	8101252027650180985	8b56594e6fac1c63ebb4c26d702714b6da9dbf645f62ee4c8bdcff1999ac0900	8b56594e6fac1c63ebb4c26d702714b6da9dbf645f62ee4c8bdcff1999ac0900	Y	ok	OK
A	215	31e08d294948cedff163bf74c2cc0a4d58a04eb169a163550dd8d3eda33e9bf7	14	3600	218	8101252027650246698	ecda9e786cb01ad746d0b36259b1e05e904b932d2b2ef847561db7bfa9050b00	ecda9e786cb01ad746d0b36259b1e05e904b932d2b2ef847561db7bfa9050b00	Y	ok_off_best_chain	OK_OFF_BEST_CHAIN
A	216	42b4ac4f3e7cccb7f1d27ac3831a855d6d224fcd3510ce1ac48be559047535b4	14	3600	219	18258320452524966178	519792bd2a8eba4fd3a5855ef487cb6b70c6b4a513b243770910fb4e5e150c00	519792bd2a8eba4fd3a5855ef487cb6b70c6b4a513b243770910fb4e5e150c00	Y	ok	OK
A	216	d91f39205ee5e2a505fa23883cb05af80244a52f37fe7399fc5fd9c304b80c45	14	3600	219	18258320452524966293	e2b76dc9979591b09d23c48b69a2ef3be779d8725b43afcbf148f6401ce50b00	e2b76dc9979591b09d23c48b69a2ef3be779d8725b43afcbf148f6401ce50b00	Y	ok_off_best_chain	OK_OFF_BEST_CHAIN
A	217	c7e0e3733ea2c47d05c24854720c18cd31edb665373ee8cecfff0b8d580a664e	14	3600	220	4275392299648779288	a6c79d60adeacfde999ec9302aac9012c55f5cf0875bf394299a4c90d6451000	a6c79d60adeacfde999ec9302aac9012c55f5cf0875bf394299a4c90d6451000	Y	ok	OK
A	218	089425b5a6bbc983a448f2b73af6c4c79fa745504518ff8c0322873f9c3cc17d	15	3600	221	10714838424398889463	b555ab5fcdc2eef7a1f99276e295b4b9eb3547e1ca40f22d708935d0a0bd0c00	b555ab5fcdc2eef7a1f99276e295b4b9eb3547e1ca40f22d708935d0a0bd0c00	Y	ok	OK
A	219	455983f219af08cb3d742f0f081c1f41bc548672d35e6be5e725a38d304f60dd	15	3600	222	18274810988047991840	b2eedb4136feef56b2c371499b20d68e6643dc128eac32e2f20c74400f450200	b2eedb4136feef56b2c371499b20d68e6643dc128eac32e2f20c74400f450200	Y	ok	OK
A	220	18537a4292fb072e4f3faad1fd9f954309278c61574f540b1ed8d68c2b16f5c4	15	3600	223	4222950439726973223	4650b6c9376674f61a131faf6208381c5ec9fb3f3e68dea7e6bb92b7afe70d00	4650b6c9376674f61a131faf6208381c5ec9fb3f3e68dea7e6bb92b7afe70d00	Y	ok	OK
A	220	44e7f83e40115f47b6e64ff8e58b5adf41b1284f922356de7b3cffe11daca57e	15	3600	223	4222950439726907831	eb126ac14571dce9cf5badd5ecd5ec944084df8b289eef8584d98853f4140600	eb126ac14571dce9cf5badd5ecd5ec944084df8b289eef8584d98853f4140600	Y	ok_off_best_chain	OK_OFF_BEST_CHAIN
A	221	87fc8a001b85624c1261275192abea355412eaa78a99c451bdd71b317f300247	16	3600	224	5442644533869314802	aebe7cf5b3986e886c8cd9b09ff26d7a357fc08ec3273dadaec4eecb128c0000	aebe7cf5b3986e886c8cd9b09ff26d7a357fc08ec3273dadaec4eecb128c0000	Y	ok	OK
A	222	94fbb5e51976ecbbb7500f70b82989bfeb947cd913c065f8e478b9cca59795ce	16	3600	225	6267361199109701739	3ce07dc11d3d4721fb9ce4ef9c1206564b890b132c2301ad18f321db7e4a0600	3ce07dc11d3d4721fb9ce4ef9c1206564b890b132c2301ad18f321db7e4a0600	Y	ok	OK
A	222	cc93a4cfd950f766e20e61159045528a12cbde767b72ca887b90cea4c4d71d26	16	3600	225	6267361199109734597	cad7cfd75a395ba297b85d7f47b5738b7590b7c0b23b454f5cacef8fae6f0f00	cad7cfd75a395ba297b85d7f47b5738b7590b7c0b23b454f5cacef8fae6f0f00	Y	ok_off_best_chain	OK_OFF_BEST_CHAIN
A	223	3f620ccee2f4945f6b6d898cf004c333342d672ad727bf77e812db0cadf69b5b	16	3600	226	7514227528404371083	c3d439d5f673f51894373ebf7a4a8156ee37ecbc66b893b722ec595103df1100	c3d439d5f673f51894373ebf7a4a8156ee37ecbc66b893b722ec595103df1100	Y	ok	OK
A	224	58d273a7f8ff841aaa3b57dee18ace28bfd6f87520402a00409b8788b23c06d3	16	3600	227	14070091245678527060	e68a8023d2a3b01f70a1c599f96a6c91698ca61088cff81efc61a6a38e5a0700	e68a8023d2a3b01f70a1c599f96a6c91698ca61088cff81efc61a6a38e5a0700	Y	ok	OK
A	225	7733f20a8d0cac47c2bc2a010ca85c7044e94dbf5465cdf66ceb500e5b754f7c	17	3600	228	12556218597866767039	e212ed53f55977a8af7a586b9676c31646530c7766b06df6e4a62dafdd300f00	e212ed53f55977a8af7a586b9676c31646530c7766b06df6e4a62dafdd300f00	Y	ok	OK
A	226	063c79ddcce99dd1df588b044a5063177fcc24f6f84a15763d82a21e616589b5	17	3600	229	14250333486740177640	c7fa4cdd4a5aaf99163d64893ed55613f818d97604c6e2b753500babb2840b00	c7fa4cdd4a5aaf99163d64893ed55613f818d97604c6e2b753500babb2840b00	Y	ok	OK
A	227	6b48c78fbdd4307b70548c601fd6acab288adf5bc0b59403fbf0fac86757cc60	17	3600	230	13311069034398089404	b5f7950a6bb7b3b69f1710e9db38e39d8fc24f88d696015cbbf92da066f10c00	b5f7950a6bb7b3b69f1710e9db38e39d8fc24f88d696015cbbf92da066f10c00	Y	ok	OK
A	227	5461198ece3789dc8f1de229aafd454df020e2d431cb7e80242c4821a1727b73	17	3600	230	13311069034398122302	d398033b330c00cff2f166ef0d99cd8c5c7a78be8db63c68fb297a8fbf6f1000	d398033b330c00cff2f166ef0d99cd8c5c7a78be8db63c68fb297a8fbf6f1000	Y	ok_off_best_chain	OK_OFF_BEST_CHAIN
A	227	a0e0401a3a4b9286a468c531319db5ace7dc0ab637e4dcee5952898773d21224	17	3600	230	13311069034398187942	da2b9e492d127c3db09b63bf299253eb22ffe49f02bcf5b7bd2f6c79cf930c00	da2b9e492d127c3db09b63bf299253eb22ffe49f02bcf5b7bd2f6c79cf930c00	Y	ok_off_best_chain	OK_OFF_BEST_CHAIN
A	228	1de4cd79e83de9f38734dd367de5549cdf68de8860d59593ff0a450182ba3543	18	3600	231	10618395217235083534	ed244b354c220717fb3d636666092db1a05ccaf04c6db3a2112529f4a8fb0600	ed244b354c220717fb3d636666092db1a05ccaf04c6db3a2112529f4a8fb0600	Y	ok	OK
A	229	7ef743a395cdd8a329c1496b5918d9a7f5a3ee8e12c0511bccd5ddccc25136e2	18	3600	232	4650157608160788783	5e9ea29bdfc7a3b161156159df8c2d8f89566977d537e5a0d7615abdb8a11100	5e9ea29bdfc7a3b161156159df8c2d8f89566977d537e5a0d7615abdb8a11100	Y	ok	OK
A	230	2522057c8edebd1c72a9ad619415ab42fbd7d44e70bbf1b2bfa7ff190512cc39	19	3600	233	15614240118687238233	d86a5b2b0492c2ca37c3af62d4a98071e842660c4adec7fdf1e0b434c59b0700	d86a5b2b0492c2ca37c3af62d4a98071e842660c4adec7fdf1e0b434c59b0700	Y	ok	OK
A	231	29a04dcf90daa2543de63c39310dd2c3c41e40d8340a570dd45be0a16ee8994a	19	3600	234	12027043730390319246	3cf5f809e6618415b86ddf5572c865d11c4119562c4cc4444b9dea94c0de0b00	3cf5f809e6618415b86ddf5572c865d11c4119562c4cc4444b9dea94c0de0b00	Y	ok	OK
A	232	97975f05ae02c65e5810a851ed0181cb0f6066aacf0ff3f3a7f1d74f760684c5	19	3600	235	9219403714706576266	a1009e2ae62cea006250524b01a56b6998b0681d561ca048798d8bfa56d40b00	a1009e2ae62cea006250524b01a56b6998b0681d561ca048798d8bfa56d40b00	Y	ok	OK
A	233	f9a871216edd3677f3dec8164911468ef6c8a6feaaaa30c50c6f6ea4f444be0e	20	3600	236	9343082817027835063	33f6d54a1fe898dbbb838b5315fe456c0683c1115e5c5f6d2c7a8e7fedb90e00	33f6d54a1fe898dbbb838b5315fe456c0683c1115e5c5f6d2c7a8e7fedb90e00	Y	ok	OK
A	234	3fbacf60d8e8b2851a08c8959c7418bf7a2fc5837c5c6deca39aef44f6778c07	20	3600	237	4983399877229772909	404278e2f92fe1bad16465fc7b5fd26cae0029a3f7d5720ce4fa6686a3fe0300	404278e2f92fe1bad16465fc7b5fd26cae0029a3f7d5720ce4fa6686a3fe0300	Y	ok	OK
A	234	5e97ac23122d0640f5d393c30935eb02140623d75520fed13bbe788dc37a4191	20	3600	237	4983399877229740440	3c37b709c0bafbb76293cf5fe5582fc128b7d9e40483d630c302953f78b30200	3c37b709c0bafbb76293cf5fe5582fc128b7d9e40483d630c302953f78b30200	Y	ok_off_best_chain	OK_OFF_BEST_CHAIN
A	235	4435af308a52567039f8672a60c02a3cd03bbd214a4249003baae2fb7db89fbe	20	3600	238	5066269621938652933	393e5638a8751599f3d743f31b3f52362ddf5bb8b62ad7e97d29066642240400	393e5638a8751599f3d743f31b3f52362ddf5bb8b62ad7e97d29066642240400	Y	ok	OK
A	236	d6ce0c7fe00cb34fe3aaa63ff3b2e47ec53fa0fe18fc4068b6744e8cb0fa771b	21	3600	239	13829728705242464424	97f0cd32e6b49f781ee1c860b59ec1685c94ab7e9a3ea6c671ef2e6a59510b00	97f0cd32e6b49f781ee1c860b59ec1685c94ab7e9a3ea6c671ef2e6a59510b00	Y	ok	OK
A	237	ea64a9bfba43bb2c7585dc655699740edef6529bcb3852fd3ba05c307ed73f92	21	3600	240	10086381681318560159	96d8250eb2744d61df526ee5a5f2f69d5452ca44160e1820a3dba94962970b00	96d8250eb2744d61df526ee5a5f2f69d5452ca44160e1820a3dba94962970b00	Y	ok	OK
A	238	82dedccfa61307db8123eaccd5a5854b37a3f2d520b6ba6ae9112875909c7555	21	3600	241	17713217320874148589	03edbd27bf380160a5add4cca11eb0cee87c72eada5252718f8a3992ff5f0200	03edbd27bf380160a5add4cca11eb0cee87c72eada5252718f8a3992ff5f0200	Y	ok	OK
A	239	1389dc6b209ab74aec4fe6905f20d413e0834574810263576365085969886468	22	3600	242	17648717963039179164	1167be0e4f17d0e2fb52891999671d14f0c5b8a7a5f8034758752b8810360700	1167be0e4f17d0e2fb52891999671d14f0c5b8a7a5f8034758752b8810360700	Y	ok	OK
A	240	02bf07c5e6ab2ad448844e818c53a022462aa6e1c752ce38e74844a726a7f5fd	22	3600	243	12355679402221175077	545b13192084d6d81cd2f5ca666a5de6af1f359a86af5b93868d6d27e9880900	545b13192084d6d81cd2f5ca666a5de6af1f359a86af5b93868d6d27e9880900	Y	ok	OK
A	240	bef583fb2511d5a4154d9da0cd52dfdeda6f70de43493738718c7a1932772438	22	3600	243	12355679402221208001	cdddc1c4ec16d90d8399b342fed69af23c1325fd87499ca8a760762c36290500	cdddc1c4ec16d90d8399b342fed69af23c1325fd87499ca8a760762c36290500	Y	ok_off_best_chain	OK_OFF_BEST_CHAIN
A	241	45fbe9185d68632c5f1af20ec98dc75a0be0558c6224fc83870f7ed5cd509609	22	3600	244	139158778636468361	4f96cd9bd30835f963a39e9dcd2d72a62338f4b722aa0e721b6733d046290f00	4f96cd9bd30835f963a39e9dcd2d72a62338f4b722aa0e721b6733d046290f00	Y	ok	OK
A	241	6ae629466990c18e437c6cbd2fd75e8a22aa4ab9baabf6ff4c9a7a343dd0d2c8	22	3600	244	139158778636403001	22d0190d838155652e692391538c39ce479a3d4edaeeddca865d0410f4910e00	22d0190d838155652e692391538c39ce479a3d4edaeeddca865d0410f4910e00	Y	ok_off_best_chain	OK_OFF_BEST_CHAIN
A	241	14292dd5ab9e7b05a567f3cf94b35edf17a11e89e3a2b6aee3c25920faa987d7	22	3600	244	139158778636501316	f5a1459abe46e4ca32e20402c814781d1ec7bc9febab7610425d6a06028d0b00	f5a1459abe46e4ca32e20402c814781d1ec7bc9febab7610425d6a06028d0b00	Y	ok_off_best_chain	OK_OFF_BEST_CHAIN
A	242	4000fa33123eff1c67799a07acf858027efcdef3bcf351f7462903f4c39e4dc5	23	3600	245	3651108091526643844	80161b0fb1d314444f434017745d10416e744c4ab53016a72efdc0c44ade0f00	80161b0fb1d314444f434017745d10416e744c4ab53016a72efdc0c44ade0f00	Y	ok	OK
A	243	c732546c49253e3098141f1bfa42c4a095bb3dc9808a131ceec9479ce1e31962	23	3600	246	8559927390669636687	243f4aecae7bae992d897b3c3e82c9e25b869ab99fd4bf1ac26e19e164ac0a00	243f4aecae7bae992d897b3c3e82c9e25b869ab99fd4bf1ac26e19e164ac0a00	Y	ok	OK
A	243	1c1634ccae8152c9fdacd743c724120b872c5b0d9fe2c8e7dc7b277f80024053	23	3600	246	8559927390669735083	a6b7a5249cfc383c0a315e0892f90dbadcb902cf244443c9e12b534fc2200500	a6b7a5249cfc383c0a315e0892f90dbadcb902cf244443c9e12b534fc2200500	Y	ok_off_best_chain	OK_OFF_BEST_CHAIN
A	244	23496874c3fe51e97ce404aeceb304d5f39b2a9593f320c3ca358e3755a63de7	24	3600	247	2196201715441697190	0e3e0f64f81b854dd73efd607b57ff237c42123ef42a93aa7084697eb7a10a00	0e3e0f64f81b854dd73efd607b57ff237c42123ef42a93aa7084697eb7a10a00	Y	ok	OK
A	245	0787b47fb5aa97a52e6be0a44d31ba4a78069b7c3027f4a15734303c3505e70d	24	3600	248	4837013467498086446	d3454d1bd712fa25d473a239ffad1e87547afc00a8b603517fd9c05c23c90f00	d3454d1bd712fa25d473a239ffad1e87547afc00a8b603517fd9c05c23c90f00	Y	ok	OK
A	246	e0fa77afc07a822fe3159d6045e5a17b76228e2784db7aed7bf84f15a3d4c32a	25	3600	249	2033133175990976851	7f6e8aa190a70719fc7fc29d31e69d628f6f6afaed3abfa71ed8a616dc1c0c00	7f6e8aa190a70719fc7fc29d31e69d628f6f6afaed3abfa71ed8a616dc1c0c00	Y	ok	OK
A	246	2a3fd5801384d7d3dec45cb0995c78f02a8dbea75627e03e007157ff8c5a82a4	25	3600	249	2033133175991009631	49bb57dbbba5bef45bf834b814f6390fe603f92c037ad60a3e8372d6ca5f0700	49bb57dbbba5bef45bf834b814f6390fe603f92c037ad60a3e8372d6ca5f0700	Y	ok_off_best_chain	OK_OFF_BEST_CHAIN
A	247	d6557b5159df402b424f1e8932bb1b662e22aaa6198b955fd9dd1e91c3d13e3a	25	3600	250	16275382417588585546	d572df1fff16cf624fe198dc909fdcea2833f8d38833e7da69187d5d4d3e0d00	d572df1fff16cf624fe198dc909fdcea2833f8d38833e7da69187d5d4d3e0d00	Y	ok	OK
A	247	cd54c97d14d6e2902cf6f40b9fd071093d60f32aed8f527f4d8453adbf46dadb	25	3600	250	16275382417588552883	a230810d51fb98047a8b307d57de799c02cf67255c70030e4b80d654ef780e00	a230810d51fb98047a8b307d57de799c02cf67255c70030e4b80d654ef780e00	Y	ok_off_best_chain	OK_OFF_BEST_CHAIN
A	247	11cd86c49d586eb5a0ce3c3f9e69894af3581da6a59e5d4929cc73a2ce4cd39f	25	3600	250	16275382417588585647	ba912bc838850d6f676fd5ab0f594986d3523f536b6a3f201ea0cb387ab60000	ba912bc838850d6f676fd5ab0f594986d3523f536b6a3f201ea0cb387ab60000	Y	ok_off_best_chain	OK_OFF_BEST_CHAIN
A	247	4342aa4d2944e4b3b18e9c4f2c62e7e1f0d6dffc8e183c04b6d10b1bc44c2449	25	3600	250	16275382417588520249	c062087b6ddead6bf1a9e713949e237e4274d635b537cd8c78f1bb0a7ccd0500	c062087b6ddead6bf1a9e713949e237e4274d635b537cd8c78f1bb0a7ccd0500	Y	ok_off_best_chain	OK_OFF_BEST_CHAIN
A	248	59bc388111dc63d67f13cee279c549db2aac2010427b9add69bd6c76643d3acb	26	3600	251	18038280438908292386	c7c875ce69242b1a12385ec6db945242ef243b8b1001e4ba0af5aec64d330100	c7c875ce69242b1a12385ec6db945242ef243b8b1001e4ba0af5aec64d330100	Y	ok	OK
A	249	0054ca978afde0d3370585d835edf6bb69ad7439cacbc6ee95503e81ac1c576d	26	3600	252	13842980487531955097	a4810da11aac8e3268744cf0a2c06543bbeb8d61a0e483cd6cdc307859840b00	a4810da11aac8e3268744cf0a2c06543bbeb8d61a0e483cd6cdc307859840b00	Y	ok	OK
A	249	24b0c6332040b70b54d01471e4d7f8fbb26b4614d0bf135d034b976f4a3661fc	26	3600	252	13842980487531922399	71f404322111d2b87b202d13dd22c371e8167e8154927bbc5833e7052c970b00	71f404322111d2b87b202d13dd22c371e8167e8154927bbc5833e7052c970b00	Y	ok_off_best_chain	OK_OFF_BEST_CHAIN
A	250	388695ef73cea4bb2acf2e9146fda8a3b5df910f13692024bf9bccec6eeef0f0	27	3600	253	7037692063575540064	593932280f4a472a0890e81b4889c06af2b5f013b90df8b11e549a6e1bac1100	593932280f4a472a0890e81b4889c06af2b5f013b90df8b11e549a6e1bac1100	Y	ok	OK
A	251	726c3d30aaad632a251a323d609c6515e5b198521f2fc7576b3c98ccda1d42d9	27	3600	254	8452955882928538254	34b123bf85d724807dba7fc24136b57a7ed4c24802f72af7496f831013e80500	34b123bf85d724807dba7fc24136b57a7ed4c24802f72af7496f831013e80500	Y	ok	OK
A	252	b9d3815686a213aa8fb2818498cbe9f0360367b79f3368aadc735e23c2e9e1ff	28	3600	255	15125917614330642528	1803e32e0914cc2c861b4550a15d30116d74342e6ac981fd60f93e4a87d51100	1803e32e0914cc2c861b4550a15d30116d74342e6ac981fd60f93e4a87d51100	Y	ok	OK
A	253	71dcc861e6712646648a39d62f7904229123c9c8b585eb9f17ad2eec4c011aee	29	3600	256	12699460129465106670	92bc2b08575bdfab1b3ddd44ae476e55b382d1ff691604f4de9d6c061fab0700	92bc2b08575bdfab1b3ddd44ae476e55b382d1ff691604f4de9d6c061fab0700	Y	ok	OK
A	254	cf89943421c9b77f63c89164c0c8d49278f31a72bd8c35a7d04f044a05cde6b6	29	3600	257	9551378843869152159	a6ce2aba347871704236e24e06e8385385db4eeabedbeda35c3b6728607d0a00	a6ce2aba347871704236e24e06e8385385db4eeabedbeda35c3b6728607d0a00	Y	ok	OK
A	254	2f51edcd16abbfeea49f5386c6b4e0c705715a27af7e35fe785b5f18fe17d5d4	29	3600	257	9551378843869184993	4baab2b5fc5e56ea1412917c9b25326fd7e5b1f779c4d771064d6f19cb1e0400	4baab2b5fc5e56ea1412917c9b25326fd7e5b1f779c4d771064d6f19cb1e0400	Y	ok_off_best_chain	OK_OFF_BEST_CHAIN
A	254	c8b590f627db2d22ae26ab0aa7d2651efbfe38a5a8196213e05708f7f316298f	29	3600	257	9551378843869119530	befbaf6149bb7909987a6d3fec5d425a6aef971a678d3fa9fd85af41edb60e00	befbaf6149bb7909987a6d3fec5d425a6aef971a678d3fa9fd85af41edb60e00	Y	ok_off_best_chain	OK_OFF_BEST_CHAIN
A	255	7abe930e745baf71c6027de43f192a13958e7926358564b1bf7bf923976dc704	30	3600	258	1103123441868899138	fa55f771ca552be0aa86f012668671e02ed05cd46c2f5dcb77b91b9f94ad0200	fa55f771ca552be0aa86f012668671e02ed05cd46c2f5dcb77b91b9f94ad0200	Y	ok	OK
A	255	122268f43192c690e9bb61b53917bc07bfa11be749c2f7071e82b3690e2b6a87	30	3600	258	1103123441868866420	67e910bb0d6656b81c57f6e2dcbc614747ed7741cff94bccc48ea82de5b51000	67e910bb0d6656b81c57f6e2dcbc614747ed7741cff94bccc48ea82de5b51000	Y	ok_off_best_chain	OK_OFF_BEST_CHAIN
A	256	1be9cbf69c98b8ec92f48a342411d808e26afc1a452ef687d0f5599d391cf8f1	31	3600	259	11987807112492220762	093805ddaca20e624119c4d5483698ba41dd3e9552ac54dfefeb51eb55800000	093805ddaca20e624119c4d5483698ba41dd3e9552ac54dfefeb51eb55800000	Y	ok	OK
A	257	640b70c15f45f90a89d2c144031c3c95b93b0be312f9d9352b3b013a3d068540	31	3600	260	768340160009044455	2c9d1f9c8f7bfcabd18a75d8c1deb96fa3c1ea1cd39656ee8dcabc708f930100	2c9d1f9c8f7bfcabd18a75d8c1deb96fa3c1ea1cd39656ee8dcabc708f930100	Y	ok	OK
A	258	9f6e9b217beace38011e348106337cf5d1d4db8070d3c7ecde5d00208e788473	32	3600	261	7910595452968468831	01bf26bb376ec24736b140e6df6a6148c01d5ee04149f79072258936665a0c00	01bf26bb376ec24736b140e6df6a6148c01d5ee04149f79072258936665a0c00	Y	ok	OK
A	259	af3163da4dafee43fd222e8a5ac1ecc6b8d5c77a0f5b1774a82d1f89b92c7f19	33	3600	262	10988500597900148840	780c922302a951fa0f51fcf4a334dac643231085869f050260caceacf49e1000	780c922302a951fa0f51fcf4a334dac643231085869f050260caceacf49e1000	Y	ok	OK
A	259	8f417a669823671cb201a6226d2e78396087fb08aca2611ccaf37a59a99dfc99	33	3600	262	10988500597900149093	a916fc51c473e6725247eb6166be6098d71bac0d6ce17f41aebdb6659cc60400	a916fc51c473e6725247eb6166be6098d71bac0d6ce17f41aebdb6659cc60400	Y	ok_off_best_chain	OK_OFF_BEST_CHAIN
A	260	549a8a0044898834bf620599b4d7cdccd05e08ae0e7fdaddcd958bec7c3096ad	33	3600	263	13332358706248090595	2cecd1931d73a1ea750f271b19f864e12b1adcaad3512eb2944bf722da320a00	2cecd1931d73a1ea750f271b19f864e12b1adcaad3512eb2944bf722da320a00	Y	ok	OK
A	260	037a4ad4dbea0a880d9fe0a0b2e1558978b3dc6871e6aa31edb6b4bd107ecb05	33	3600	263	13332358706248025279	c1ffd22f9a02c975cc3a2ecc048a72349ee9891e11ccdb1339a1546ad19c0900	c1ffd22f9a02c975cc3a2ecc048a72349ee9891e11ccdb1339a1546ad19c0900	Y	ok_off_best_chain	OK_OFF_BEST_CHAIN
A	261	8be1795c0c2e86f2272320816ac9418b847c755e1e0939eac5a8e96f6a0b2a69	34	3600	264	10759147931249475725	ae01b9ac40049ea47c1878364d03f469e31d2dfa51e46dd5626bc2ff435e0500	ae01b9ac40049ea47c1878364d03f469e31d2dfa51e46dd5626bc2ff435e0500	Y	ok	OK
A	261	7024b6384f7069e8b38872cd770e16bb719fe686b377137eb11449e1e61782ca	34	3600	264	10759147931249475853	16b1ae5d21921a7aefe820d28c500482f4bbc6c231ac1358c27419ccb1270b00	16b1ae5d21921a7aefe820d28c500482f4bbc6c231ac1358c27419ccb1270b00	Y	ok_off_best_chain	OK_OFF_BEST_CHAIN
A	262	60334ee1278cd583bc08819beb6a15e81740495ea8f6d67f69aaf97c8c943572	35	3600	265	6066434962486199126	7a803b6df8126191074848daf8c23ddcb0d7c58137ac5a293476f75b8dbe0e00	7a803b6df8126191074848daf8c23ddcb0d7c58137ac5a293476f75b8dbe0e00	Y	ok	OK
A	263	6764c03bd36b484b2383c5325ece921388eaf61dd58b5d1d4bdd0e10decad0d6	36	3600	266	4739846309236768842	247a4019740d2de4a644e39210a9b15bb9d79cdf3092c24325bbc2bf41a60400	247a4019740d2de4a644e39210a9b15bb9d79cdf3092c24325bbc2bf41a60400	Y	ok	OK
A	264	d0671506a781da5ce9603f23d76c584032ab855e02473b7c506f2558b6323a6a	36	3600	267	16866436051424510490	b94c02491b5e62e932d2c012df9478ce95811025812894bed243db0592d20700	b94c02491b5e62e932d2c012df9478ce95811025812894bed243db0592d20700	Y	ok	OK
A	265	4a755a4b7d74853410df08df1db05d66ee5204918ea317d9e13807ec07716701	37	3600	268	16800334709442839178	85d67db7dd087e89ddb8f2690253a1f2efb4fe2b0b13e8214195144aa37e1000	85d67db7dd087e89ddb8f2690253a1f2efb4fe2b0b13e8214195144aa37e1000	Y	ok	OK
A	266	172e6173244510f78902e2d5234c5ae1869f73f1c9058b2e5d169ef519158051	38	3600	269	7445260124681241826	aa5121b9ac5b6bc77d9921d9e478f35d8e7bf85b0007bd9c3f878d9300300800	aa5121b9ac5b6bc77d9921d9e478f35d8e7bf85b0007bd9c3f878d9300300800	Y	ok	OK
A	266	173f4bbe99da7f381a0666be198fb65e16794bc742d3a1d6d750115c7a7ed7ce	38	3600	269	7445260124681241909	d800504a129d71e8bc2d1293ff1e2892677ca7dbfd336dc5f04251afc86e0800	d800504a129d71e8bc2d1293ff1e2892677ca7dbfd336dc5f04251afc86e0800	Y	ok_off_best_chain	OK_OFF_BEST_CHAIN
A	267	abd733984f828502f71698fd0904b576a72d30a8821be0b64a34651fc6b43847	39	3600	270	16638695286000157091	039092e6fce1837313087a573a898720e2b79f775d97330619aaa80cb88c0500	039092e6fce1837313087a573a898720e2b79f775d97330619aaa80cb88c0500	Y	ok	OK
A	268	a2794e35b695bc6362c6ee1447aeffb0ec2a532f424853e4c70e8ce3d648bd37	40	3600	271	3985820334627553893	e49fd44183096471c2c0497650d68b39091707945f47c27678dc669e462b0400	e49fd44183096471c2c0497650d68b39091707945f47c27678dc669e462b0400	Y	ok	OK
A	269	c20ec744e96cc2b9c46424dbd578dcf7f49f5cd06c5424c0d972ee1c01e602eb	40	3600	272	380313220847566989	739cbe8ec377f1a3b2d0a94640649936bfb731c47cff11e5dfa61a2f53a80c00	739cbe8ec377f1a3b2d0a94640649936bfb731c47cff11e5dfa61a2f53a80c00	Y	ok	OK
A	269	d8d61e04459bf1c09bfbb1988546f45ba3f0d41ae5d8f0b52c980d3b644424ac	40	3600	272	380313220847599904	4a3d667cf5b5bf9f160f195e3d77830bbca4897197191d907007f42bfa260200	4a3d667cf5b5bf9f160f195e3d77830bbca4897197191d907007f42bfa260200	Y	ok_off_best_chain	OK_OFF_BEST_CHAIN
A	270	1a37f1212289cde5efad1e46c22ed5f9ccb70c13d15b498079e1bbb24b60794b	41	3600	273	12302806963237979148	2b1a3aab2b53fcdcc5ed6043b8b551eb550dbf657c0cc9333bc2f4e690d10500	2b1a3aab2b53fcdcc5ed6043b8b551eb550dbf657c0cc9333bc2f4e690d10500	Y	ok	OK
A	271	3c6d701677b91c050a3365db883517d89264cfc6e849fea34537f0206c5ba499	42	3600	274	2920389813511160561	4397ebecb48d9eccac650bc6882b2bf25d28060e86b2223d10073f627b271200	4397ebecb48d9eccac650bc6882b2bf25d28060e86b2223d10073f627b271200	Y	ok	OK
A	272	29246c9f9e4c89229654e3f5a0ed4428bf988dc83558ece1bb541381a94499c0	43	3600	275	12717899815636271520	7ca241e4189d40fdb9964b7de5cdb69424277022aecb96292d6a9b0b15a00500	7ca241e4189d40fdb9964b7de5cdb69424277022aecb96292d6a9b0b15a00500	Y	ok	OK
A	273	580fdc4fbbbd97c46a8bc3e76c7a7836395173d9baab923f831afcd873809f46	44	3600	276	13560952619681288242	b26d7d0500712d7c8f8aebce6db2ad4643d7c8407b471f7f3ca599389edd0200	b26d7d0500712d7c8f8aebce6db2ad4643d7c8407b471f7f3ca599389edd0200	Y	ok	OK
A	274	f4042b2f58689b1cd2c861289fe5b732880ac1c276a985f7442af73043c9491d	45	3600	277	14440178613250786475	b60dc454d57028d709020b069927f603ac647f8d585efca31e52d32a83540a00	b60dc454d57028d709020b069927f603ac647f8d585efca31e52d32a83540a00	Y	ok	OK
A	275	760ea893df7215286e72ec10ce503d40d08016c20790e789e0e13efcd895b4c9	46	3600	278	8192182889102739589	699dc6473593b21c645aa68c74f387ca6355c6531ed2b7a3241b1e9f480e0d00	699dc6473593b21c645aa68c74f387ca6355c6531ed2b7a3241b1e9f480e0d00	Y	ok	OK
A	276	9caeac4114b21309633e53d879ed57d4d22371928fc7b7b6fc815ed5f5617a1d	47	3600	279	747667936952518108	2a3421dd3d609746c49a13dd49f9123de5c61c5341471e5a39d624d931700000	2a3421dd3d609746c49a13dd49f9123de5c61c5341471e5a39d624d931700000	Y	ok	OK
A	277	efa28665081fa5749c392d6bb7d55be036148baf4a1ab24b0ab49d0e67de82a8	48	3600	280	4444528421002838074	911ed4e2938903f9e3c05919de1d1abddb165da4be1e7554c5c6a9b9ee370900	911ed4e2938903f9e3c05919de1d1abddb165da4be1e7554c5c6a9b9ee370900	Y	ok	OK
A	277	bf71f8e4af15190e6b88c3be25138becdfdc56b61dca987fc3e0ec9b87dcd76f	48	3600	280	4444528421002838108	aa740470e0e12d1d1cc040fa33209f7d5f17707c391a042581015b59241d1200	aa740470e0e12d1d1cc040fa33209f7d5f17707c391a042581015b59241d1200	Y	ok_off_best_chain	OK_OFF_BEST_CHAIN
A	278	445f96e389e1ac7ed63708907ee7447f8f81005bc9c53c9c25bdaa23725e1f1d	49	3600	281	1009086348398690350	8ac4df493f563a625b3f8c19f90935fc0558f01141cb3070be386361cd5c1100	8ac4df493f563a625b3f8c19f90935fc0558f01141cb3070be386361cd5c1100	Y	ok	OK
A	279	2eeca0b28b43a71c2200052cc0c95c6904b79951c27c09a1386f66056e313a67	50	3600	282	6828370690601680973	27218bacc6a6a8b71c5aa36c6d0fbe683416dd9e2c07d977d182261e0bad1100	27218bacc6a6a8b71c5aa36c6d0fbe683416dd9e2c07d977d182261e0bad1100	Y	ok	OK
A	280	51f9464ca69bd10e27767b5620de0b1e62a3c95bfc90fd710e819afb19766468	51	3600	283	6607999358912794718	15274ef0f2177206ec987ef3d5577ea86cfd3318f1ff16a02527a4c35f210700	15274ef0f2177206ec987ef3d5577ea86cfd3318f1ff16a02527a4c35f210700	Y	ok	OK
A	281	26a3e663a4bc40b853fde24f2d6b3f3ea6a90b1ba373200e8015f0a6d814fd5d	52	3600	284	4632566598937379006	b9b4606422df23b9f629eb1d216c9214bdf2005346f32939ff93c9d31bc80800	b9b4606422df23b9f629eb1d216c9214bdf2005346f32939ff93c9d31bc80800	Y	ok	OK
A	282	330d55845cbf2f607e8ff84f67da94bcc17f42f3318e46bcdd40e30f16a8db4c	53	3600	285	15239908838095192508	6457562294243c4c699df2f5261627892abde80652cc0f63c036632c65320f00	6457562294243c4c699df2f5261627892abde80652cc0f63c036632c65320f00	Y	ok	OK
A	283	c3cc33695c660ac985c62e15b4d5607363ce21b2940535ef4f62e9397243dbaa	54	3600	286	7548748671643289082	339ce297696c5e6798bcb4718de8638282dc45fdab78a3a66d72999b307c0700	339ce297696c5e6798bcb4718de8638282dc45fdab78a3a66d72999b307c0700	Y	ok	OK
A	283	15fecc1411da8548425395bbbd0d47164cfaab3d3814280d959b428d85bc19da	54	3600	286	7548748671643354750	37dbe6fcbd54e44b1274eb7d3cc9b5c5d158fb9b83017fffc2c8f515167b1100	37dbe6fcbd54e44b1274eb7d3cc9b5c5d158fb9b83017fffc2c8f515167b1100	Y	ok_off_best_chain	OK_OFF_BEST_CHAIN
A	284	7d52a85406e406e4f0c78a30f8d97c4fac23132cded4f8c35cd68cab8c120c55	55	3600	287	15296462626691746140	21708277125791cb0f1b825dac5aaba2cae3cf17cb2a50477592ef620cb00b00	21708277125791cb0f1b825dac5aaba2cae3cf17cb2a50477592ef620cb00b00	Y	ok	OK
A	285	ad4c772edac7ebf009f405422ab227cd157d55093644024be0576c96195f6308	56	3600	288	13335345194577461685	9116dabe63118606a4f587d76ba6530806e2ffb865013ddc60f530795f2b0200	9116dabe63118606a4f587d76ba6530806e2ffb865013ddc60f530795f2b0200	Y	ok	OK
A	285	c9b03ac2032e5852476abcd409703fe4ff62ffaaaef298084e253d4925463c69	56	3600	288	13335345194577461973	dd4efb43c4e3bb4b3d7f10b45c322243212213f3dcfea1e64bf4deff4ab20500	dd4efb43c4e3bb4b3d7f10b45c322243212213f3dcfea1e64bf4deff4ab20500	Y	ok_off_best_chain	OK_OFF_BEST_CHAIN
A	286	d2f483789499f0c92ca326b1b918996e6fae3912a8d520b24118952d541b9d42	57	3600	289	13636512738074231758	813b4f6d5d7a49f41618ec806f8431b8f95096e51b23b1c35920703fdf8a0500	813b4f6d5d7a49f41618ec806f8431b8f95096e51b23b1c35920703fdf8a0500	Y	ok	OK
A	287	bb7d2c40274a841f995663693823a615fc2f0efe78926f0130c864a21385f99c	59	3600	290	18056813428948893856	90ab834699b5b7a08ce549b4b45551c210df26adf90ba55327f20758dcd30600	90ab834699b5b7a08ce549b4b45551c210df26adf90ba55327f20758dcd30600	Y	ok	OK
A	288	98a614f880f919bb8ab0c54db4705ca1475a590be3fdc51fca163ac11c4aee12	60	3600	291	4333443618787394076	3969ebe335fc7bbae993de178914526d1f8c2cfc1033ce8022bbe9170bc40d00	3969ebe335fc7bbae993de178914526d1f8c2cfc1033ce8022bbe9170bc40d00	Y	ok	OK
A	289	db6bd2406b450fa7bf9b0f5d04940e71ec23f6bf0c79399d26e2f8383fc06862	61	3600	292	5663263818315203249	6c9c71e5a46dd4fd387ae74c5d88e2823d0f5f75a723c343c3bc4dcfa31b0f00	6c9c71e5a46dd4fd387ae74c5d88e2823d0f5f75a723c343c3bc4dcfa31b0f00	Y	ok	OK
A	289	165362c115f92a4a955c459e639e6965f026c50128bf79d9e7a868f06770fe72	61	3600	292	5663263818315268856	6a9ca7c43194bdda20cdf70a62ca10853bf1ef1d247222700b6fc32f62270500	6a9ca7c43194bdda20cdf70a62ca10853bf1ef1d247222700b6fc32f62270500	Y	ok_off_best_chain	OK_OFF_BEST_CHAIN
A	290	bdca541b408c2ce762d1c688dced2331dbdc6dfd84ee5fd5b24ef885f4d52bce	62	3600	293	14986577858657289490	6523da7f71928db8157b69f0cc4e1ff1147e8e321ed691d48c6be51f7cda0200	6523da7f71928db8157b69f0cc4e1ff1147e8e321ed691d48c6be51f7cda0200	Y	ok	OK
A	291	b5e433f7284c5f1e0cb7093b0bfa40690b252c46764514067212ba4b0e13c7e6	64	3600	294	16549212489951314127	c55fcc4c0aea344d14b89b52bd86d6ca9f7b3a252dfb760f20b1444905111100	c55fcc4c0aea344d14b89b52bd86d6ca9f7b3a252dfb760f20b1444905111100	Y	ok	OK
A	291	3202ba517c58eea15a4e1d11a461a5dd20bd1b01d5e979c673b06e80d5c9b5fd	64	3600	294	16549212489951216074	7fcb7fb25e47da9b805b68ad7da9e0788f246d5cb443a27744c8c544cbe60c00	7fcb7fb25e47da9b805b68ad7da9e0788f246d5cb443a27744c8c544cbe60c00	Y	ok_off_best_chain	OK_OFF_BEST_CHAIN
A	292	989103b3ec758f03b978dd5330b359063dcd78dc8dfe45591b5d5cc7910b445c	65	3600	295	2124527056392913188	cde4780b527f4fae23f7e3477d73f2bb91775d9c8bd6e5311ab93078603b0600	cde4780b527f4fae23f7e3477d73f2bb91775d9c8bd6e5311ab93078603b0600	Y	ok	OK
A	292	112ed2f9614c398a67f16d935cd6de5c84d06c06f57d858067acaab27b2f1073	65	3600	295	2124527056392815076	d85a7efeac1d5ae840231a9d24782116105d8b14e9318bf63df5e0cb345b1100	d85a7efeac1d5ae840231a9d24782116105d8b14e9318bf63df5e0cb345b1100	Y	ok_off_best_chain	OK_OFF_BEST_CHAIN
A	292	004f14fc6dc453f1e1e6efe33b7d6b728872508193caa41aaf073569798742ff	65	3600	295	2124527056392815117	75a600d6d29fdac5e0e927eb56f613c9163e38cdc97dc2c5c54a2d3e0b4e0900	75a600d6d29fdac5e0e927eb56f613c9163e38cdc97dc2c5c54a2d3e0b4e0900	Y	ok_off_best_chain	OK_OFF_BEST_CHAIN
A	293	864fd07c2e382368dac7ae106ac9e1242fad90f4200fe1d3a48537f1f1747233	66	3600	296	13061839714368192858	73735928b5a53328ae49c0312f66f21a347990f85709fc51b3e43874795b1100	73735928b5a53328ae49c0312f66f21a347990f85709fc51b3e43874795b1100	Y	ok	OK
A	294	e7ffd56e28a4e507844c2a271c0d43d4506b5ae805e138a9da14a7c49e8abf6f	68	3600	297	4230328553591308533	84bd469bde6582f86a483e4e7d7f1724d485226fca2a04b0064729b778070c00	84bd469bde6582f86a483e4e7d7f1724d485226fca2a04b0064729b778070c00	Y	ok	OK
A	294	813dda89b7544abbf236270b01d480c37d04c10be0a84528d9748a5f1481cedc	68	3600	297	4230328553591374268	44944e46a7869ce72fb1060b570d5360e2b0c12d828ec5ab51a17891389f0b00	44944e46a7869ce72fb1060b570d5360e2b0c12d828ec5ab51a17891389f0b00	Y	ok_off_best_chain	OK_OFF_BEST_CHAIN
A	295	06add6cd6d218de37d94e481b95ba268f0812a6a47e32055fc2c12053d24f71c	69	3600	298	12412845103398322824	d536c2c57a0e0fb5e6b9a71bd31a1e392226ff672a15e21af9dfd4cf94e70e00	d536c2c57a0e0fb5e6b9a71bd31a1e392226ff672a15e21af9dfd4cf94e70e00	Y	ok	OK
A	295	3dad1638b41f0e0b5ec0ce1024f60584272b2d919e672b11deba47087257c950	69	3600	298	12412845103398257333	3dabbe4dee5ebbe3b84eb57b1f8b191b3283579bd807ea3206602014af0b0a00	3dabbe4dee5ebbe3b84eb57b1f8b191b3283579bd807ea3206602014af0b0a00	Y	ok_off_best_chain	OK_OFF_BEST_CHAIN
A	296	dec018ab031a046c7469d3de05c0154fc10c43082ebb25fe324cdad9325ae247	71	3600	299	12311287500718047501	da6206ac4a36392028b16923d419c625337161f8c101c009f546953763af0600	da6206ac4a36392028b16923d419c625337161f8c101c009f546953763af0600	Y	ok	OK
A	296	f521846d9976daf11b05b234c2eaefe5e908321ff81139daf515959bd08589f9	71	3600	299	12311287500718047807	6f6c4d221b813aea6dff342ac415991cffb71a430f457850aa48ac7d61fc0b00	6f6c4d221b813aea6dff342ac415991cffb71a430f457850aa48ac7d61fc0b00	Y	ok_off_best_chain	OK_OFF_BEST_CHAIN
A	297	2a9a2422f81cae75ed0aab6e394b5076d94a1f302823e0788a22bcf885036259	72	3600	300	14384387078269994042	43fd87b4b3f47d80e04743a4fbafb3eb9f794c3cdbabda7e4667a9e772d60900	43fd87b4b3f47d80e04743a4fbafb3eb9f794c3cdbabda7e4667a9e772d60900	Y	ok	OK
A	298	9724e3c699efb31da61cddf5e4559d7bfba78b8ee6de79444726bd8a9940b762	74	3600	301	8543889136677880318	4e16009424b616a5da387f910545eab7794cc54f184948a125ce9047fb640000	4e16009424b616a5da387f910545eab7794cc54f184948a125ce9047fb640000	Y	ok	OK
A	299	e903cf62839945d3951678881fd6048b534e6fb98f978159852c939211bd4fa6	75	3600	302	7359058589157164298	e2b6605710943b95e5fdfad6a981bbc843b9b241717f2ad3f5ced73fae960e00	e2b6605710943b95e5fdfad6a981bbc843b9b241717f2ad3f5ced73fae960e00	Y	ok	OK
A	300	e280a2c31cf9c51c5f8429113f4483a96f2b78746c6e8906730f24ecf26c8f74	77	3600	303	3104980378247496662	7ffcf2b861546b10aed68e62ea3cc903d895d46e13dfd19a33eeb7252da80c00	7ffcf2b861546b10aed68e62ea3cc903d895d46e13dfd19a33eeb7252da80c00	Y	ok	OK
A	300	aac9facfc4860a13d3daa183528781c4fc6cdeb04adf155d07604fe0dd50664f	77	3600	303	3104980378247562492	be3272d157ad714337ab6a6c76ded4133d3fe137d27caf1b12a511ba81e70000	be3272d157ad714337ab6a6c76ded4133d3fe137d27caf1b12a511ba81e70000	Y	ok_off_best_chain	OK_OFF_BEST_CHAIN
A	301	1d4369401a428927c37d80c91a5595e9c4731060bb898dd08192ae9aef40199e	78	3600	304	6820063506591646204	a7cd570a95b0db207aab5fd3519eb36eefae3ef044963a018716c5b1ba320700	a7cd570a95b0db207aab5fd3519eb36eefae3ef044963a018716c5b1ba320700	Y	ok	OK
A	302	7692631af41350b2bce0fd976b58c4614a196b06f02e61a70a9dde61ae715647	80	3600	305	16766647197881106581	64b12b6b6d98323b4cdd285a3ba06411ae61ba87855f0b0eb80e744b684a0500	64b12b6b6d98323b4cdd285a3ba06411ae61ba87855f0b0eb80e744b684a0500	Y	ok	OK
A	302	1bff7532b3839bebdb2c379fd74d62288c2396b2a68327269b140e93e802d3f0	80	3600	305	16766647197881073918	d01bad754399f9b4893d2e20ccb0075a3d600162003a28e6b4df183448c40600	d01bad754399f9b4893d2e20ccb0075a3d600162003a28e6b4df183448c40600	Y	ok_off_best_chain	OK_OFF_BEST_CHAIN
A	302	6d613101a23e4c4cc1e9585e1e4f3a1c03f3b6fd0d02d6bf0944e0dc4e3a0b6a	80	3600	305	16766647197881073990	01988a77701505d0d91fa458a96657fec56271cf749fdd9a980e4e129c6a0c00	01988a77701505d0d91fa458a96657fec56271cf749fdd9a980e4e129c6a0c00	Y	ok_off_best_chain	OK_OFF_BEST_CHAIN
A	303	e53960c4655a131371d9b9ae2fd4b81f91d39044daa66e6599ca61deec344fdd	82	3600	306	3084607660440421801	0f8a3d3f3c58e5c9ac6bac59b7dfef065fb2f1252aebab9edc4f315f68970100	0f8a3d3f3c58e5c9ac6bac59b7dfef065fb2f1252aebab9edc4f315f68970100	Y	ok	OK
A	304	cd2ad64a45faf78faa5badb2d5c970948d1b1dec947fe7cf176c4fd5bbd75ad4	83	3600	307	8165630602414948595	3f00ba3da925c809eaae2869c8cbd6c1ba2f5bb4fa0395a18376ff41108d0300	3f00ba3da925c809eaae2869c8cbd6c1ba2f5bb4fa0395a18376ff41108d0300	Y	ok	OK
A	305	f3238a8a19686012fa340f619bc87fc21bcb33a866acaed227cb1c81ffe0d472	85	3600	308	5454646661064261844	7ea6f96d132bbeac1d591187e2109143c38779e8d9a9eba5b568bfa6c0970d00	7ea6f96d132bbeac1d591187e2109143c38779e8d9a9eba5b568bfa6c0970d00	Y	ok	OK
A	306	fbc4d9230f605a75f117285a257c27ec5c0cddedaaa7eff4e443c3583842279d	87	3600	309	1957105730796453996	37f1284f0fc39c29dcc4ac2ebe6679e7f31fa6f034f2ddca9745871408320000	37f1284f0fc39c29dcc4ac2ebe6679e7f31fa6f034f2ddca9745871408320000	Y	ok	OK
A	307	5eb16e5dbc62d4c04f1245bed5866f9a21910b24acc5679661df9a755615f47e	89	3600	310	6570011189223361855	d34d9de02862cc6b78c200d988d1c934025cdb6e888544d748f1b35702ce0d00	d34d9de02862cc6b78c200d988d1c934025cdb6e888544d748f1b35702ce0d00	Y	ok	OK
A	308	0fa623facb75633fddff88049cba5ad6ade04a1eebbf1dd8ce1336b2b009b7b5	90	3600	311	3953589598663311569	1b92feef6e0b93ca5d918b14d7cc70020f3032dc28832ea925efdd1bcd0e0600	1b92feef6e0b93ca5d918b14d7cc70020f3032dc28832ea925efdd1bcd0e0600	Y	ok	OK
A	309	a731b9983f513916e60a2350062294d026ef6f0d9cfd368d44db8385d85c39d8	92	3600	312	508793370756351624	5a1af290cbab946d4a9a9dbb6e72e87f1cc64fae0696caaf9ea8793f44650700	5a1af290cbab946d4a9a9dbb6e72e87f1cc64fae0696caaf9ea8793f44650700	Y	ok	OK
A	310	d311eb0bf2912776f45095896505137b8f58163f6965ca4a2812187ec87acba8	94	3600	313	2885754699019977230	e1098d4c1d79453f3eb019ad4f9f1af016f4f1984479960c42677753a87c0700	e1098d4c1d79453f3eb019ad4f9f1af016f4f1984479960c42677753a87c0700	Y	ok	OK
A	311	92a03c15d4c8995efd0d176580972841151260d4f817711d68b49441d883da9c	96	3600	314	3477800345747424969	126579eeeb8a23b0bb4b3120565c437e4674787c9c48720c696eab109d230400	126579eeeb8a23b0bb4b3120565c437e4674787c9c48720c696eab109d230400	Y	ok	OK
A	312	099edd4078eaf610e639130ebe26ecc778234ca7e478a0fa7a31cf72ca4bc672	98	3600	315	4488597680267822168	4343526d19e61c801102dcb8113bca0edd3cb825a048ec9807bc133056ed0300	4343526d19e61c801102dcb8113bca0edd3cb825a048ec9807bc133056ed0300	Y	ok	OK
A	313	9a1dd649bfc24ff09e91e699cdade3fe5bb415a662029c679dbfaa4638b442af	100	3600	316	12458480221839950249	85615f95660721f33fcb7958caba4e29a3c2d962eb9c8d171d806418d0d80a00	85615f95660721f33fcb7958caba4e29a3c2d962eb9c8d171d806418d0d80a00	Y	ok	OK
A	314	2d56b57ab3abaaa728e5c4d0b697b23b13976058a0a0d1a4f7813e213b5139c4	102	3600	317	1703449776952967743	947a00e43fc396f63d893e4b35112023ca50a4a3ae3962204eb448f5b65b0c00	947a00e43fc396f63d893e4b35112023ca50a4a3ae3962204eb448f5b65b0c00	Y	ok	OK
A	315	21b068d7d43dd9055e2b0c51d68b714069f538db7406622826d9a03a9db972bf	104	3600	318	11940738522945749682	0aa731289e5935dc3956f017719a89d0bf7a8066c8937d9131fe8ca4a3091000	0aa731289e5935dc3956f017719a89d0bf7a8066c8937d9131fe8ca4a3091000	Y	ok	OK
A	316	4652d1079572c32e61e375d8a4b8d3ea956d1d6b82266b366d54624781e88f6d	107	3600	319	2766744445192765542	1af73691d534f95dc27c8deb0043b125e003b7fd7c0928d8f181c4e94def0100	1af73691d534f95dc27c8deb0043b125e003b7fd7c0928d8f181c4e94def0100	Y	ok	OK
A	317	3661282a33b1c73bf4df7e3b2da682cf2e1182e0d276502cf5a8559bfab4bb92	109	3600	320	1755272139381932340	123a9168cf060aecd850d1d77553edb3d7238d37471d274bbd27da178a5f0900	123a9168cf060aecd850d1d77553edb3d7238d37471d274bbd27da178a5f0900	Y	ok	OK
A	317	61ca69dd1d2389f1eb872ca224d0508612442f596a61782474502fe351c19bb2	109	3600	320	1755272139381965146	fe7a0a4640afc799c602f1e84d5a3f8a986cebfabaee7deaa4ed4bccd7f20a00	fe7a0a4640afc799c602f1e84d5a3f8a986cebfabaee7deaa4ed4bccd7f20a00	Y	ok_off_best_chain	OK_OFF_BEST_CHAIN
A	318	52b0955ee869056630b72066b0178df92f6d0fb2c464596099cec6ef9ea2039a	111	3600	321	15958752613869125668	ddec619ab5ffa227bb730b386c3c4c57382769d0f9cfef9e0340b1feb9a00c00	ddec619ab5ffa227bb730b386c3c4c57382769d0f9cfef9e0340b1feb9a00c00	Y	ok	OK
A	318	24fbb9993dddca9a69bccbf785bfb7858b587e6f36feef8728ade1769abfbcf6	111	3600	321	15958752613869027908	8491776bd82a5f37421116dda420b504cf596681376d74b7c50c6057f4c20400	8491776bd82a5f37421116dda420b504cf596681376d74b7c50c6057f4c20400	Y	ok_off_best_chain	OK_OFF_BEST_CHAIN
A	319	7f2b01b4960a95c25d4a9f09475034e64cb5de3c97b27c030fc1a729bd19d29d	114	3600	322	5693939316556925389	3d1fde36cea798a52aedc3e8e4a8032ab5fc20246a12d4c7c913cc47ee150c00	3d1fde36cea798a52aedc3e8e4a8032ab5fc20246a12d4c7c913cc47ee150c00	Y	ok	OK
A	319	1c39e22552a1d6a9d3f68afaeff51c4c34556397bb9250e4799f6e433ecdee21	114	3600	322	5693939316556925481	6985aae50935412f142bfb37fb3810116224be1da024ac1246813b87fdfd0400	6985aae50935412f142bfb37fb3810116224be1da024ac1246813b87fdfd0400	Y	ok_off_best_chain	OK_OFF_BEST_CHAIN
A	320	72d832ca259de9242cf1123becbde608058bff4ede54f6ec889087eb22e44fed	116	3600	323	16006293997710475723	f5befaefe7bcaec79ad98ee224bcfbc79ff70002fb042c5b2e73e750b4de0c00	f5befaefe7bcaec79ad98ee224bcfbc79ff70002fb042c5b2e73e750b4de0c00	Y	ok	OK
A	321	ea9b5b46f38349ed01746ae2e68879e65e862793d6a0468e80aa0c1570ab8f1e	118	3600	324	11194835602803590035	64fe3d22a1e7e9906a515a0916750404f43db3b50d2e86bc3099c77bb9040700	64fe3d22a1e7e9906a515a0916750404f43db3b50d2e86bc3099c77bb9040700	Y	ok	OK
A	321	12ac50d6fbc64fe5049966c17b1383540b1986325637e2bae69c68bef081897f	118	3600	324	11194835602803590133	593d75cd06a9d0f53de939c52569b57bf9d630d1e6877dafa2ff774b3ad10d00	593d75cd06a9d0f53de939c52569b57bf9d630d1e6877dafa2ff774b3ad10d00	Y	ok_off_best_chain	OK_OFF_BEST_CHAIN
A	322	86c97c251653ee7396b3abd823ef99952fb2ad8db8b0e353d7674b0435570afd	121	3600	325	17768981922114994718	a22b483db42740288772ac5ce0a85a8f58815a63ff195001bdd70f14273b0400	a22b483db42740288772ac5ce0a85a8f58815a63ff195001bdd70f14273b0400	Y	ok	OK
A	323	59ad3e6f65b9892f3ad8a52b115a71bc83a321ab5b2ff4e47b23aa0830a02812	123	3600	326	12475604204909497266	8d5f28bd6c8c700a52e57228c8cfe567e7ac0bc569989015727c0972a0c80900	8d5f28bd6c8c700a52e57228c8cfe567e7ac0bc569989015727c0972a0c80900	Y	ok	OK
A	323	fbefa345f5d97175062fb4270206c6d9add080b38ae21eb1bee7b93b32be09b8	123	3600	326	12475604204909497329	9bf8d7d8a9d2310b51800ccc35ce9e6e34d0cfa88fa205df207554790f2c0700	9bf8d7d8a9d2310b51800ccc35ce9e6e34d0cfa88fa205df207554790f2c0700	Y	ok_off_best_chain	OK_OFF_BEST_CHAIN
A	324	d70f33777f11219d376e5bbad2511df1625d72aaba06860490fe576897be4503	126	3600	327	3345723323937030169	1d7ab23c3369465bb9fac8af93ff4ca3e699bba080a7febcb6fbb7089f020600	1d7ab23c3369465bb9fac8af93ff4ca3e699bba080a7febcb6fbb7089f020600	Y	ok	OK
A	325	c13b365f41993030301d795e1be8af7e421751867fc6f2cbcb5551caa73dc871	129	3600	328	18289825768513013258	4f83ccfd22fa18631475080620704105bc3ed91aef89531ed42c122de8d60400	4f83ccfd22fa18631475080620704105bc3ed91aef89531ed42c122de8d60400	Y	ok	OK
A	325	4131c4f55a21a46b2f6689b94ee6597bd5004852de8e8a9122c258e23c5daed8	129	3600	328	18289825768512947842	345c6c854d66fbc58a9afcdddd0b838deba154f3012e143da68e37d5642b0f00	345c6c854d66fbc58a9afcdddd0b838deba154f3012e143da68e37d5642b0f00	Y	ok_off_best_chain	OK_OFF_BEST_CHAIN
A	326	db53ab226ea5eb577b6648ea5f60205661e9f478e31a766f6391f86751481332	131	3600	329	7252461061398397909	2e8c94709492ccb422a82a829179aeb63a17e1a8b8f388b4ecb52f3f4ade0500	2e8c94709492ccb422a82a829179aeb63a17e1a8b8f388b4ecb52f3f4ade0500	Y	ok	OK
A	326	6ceed4118cb13b6c7e70bdc3326e5ea7d7211696605c42ddc807f543ecc66964	131	3600	329	7252461061398332679	2ed9dfa0696346e2da00926c5c6748c55751efc810432fb06837ab9ff6f20200	2ed9dfa0696346e2da00926c5c6748c55751efc810432fb06837ab9ff6f20200	Y	ok_off_best_chain	OK_OFF_BEST_CHAIN
A	326	6b7dbe1659f947a098d55250ea897ddb3b70052b88e3136a099b3cb218e37f24	131	3600	329	7252461061398365444	b318491e41c7359b82b855b2d0f55be821c8b22e56b2dadbaaca4836f4f00800	b318491e41c7359b82b855b2d0f55be821c8b22e56b2dadbaaca4836f4f00800	Y	ok_off_best_chain	OK_OFF_BEST_CHAIN
A	327	8db435a98465c128f28867801c0d10924ce4c8bb7f65808becd2697b10ed325e	134	3600	330	14461559007694913945	38d1fdf1d82462c5c8e724091cbe35888b5813c0eea4d782c87456b45afd0100	38d1fdf1d82462c5c8e724091cbe35888b5813c0eea4d782c87456b45afd0100	Y	ok	OK
A	327	ae6d75d5e1d4604ac6948b3154067d5a222d53c06a1591462b362a187e112235	134	3600	330	14461559007694815895	0b87348b434934fab2ec1234c3945b61c3f1766a0845ecf645d0140c1fa50000	0b87348b434934fab2ec1234c3945b61c3f1766a0845ecf645d0140c1fa50000	Y	ok_off_best_chain	OK_OFF_BEST_CHAIN
A	327	76953eeb77c37ee8237a18381542bef3f346af1b948089680324513cd03e8ce1	134	3600	330	14461559007694881565	51294596f6adc83bcba096843e8e0e90481101a0934e94deed70630853b90a00	51294596f6adc83bcba096843e8e0e90481101a0934e94deed70630853b90a00	Y	ok_off_best_chain	OK_OFF_BEST_CHAIN
A	328	fa0102a45998d2dca2644e47fc13efb0c81517591ed5b0314f7a63cbc6dc48b2	137	3600	331	6198961255055690934	2780db4827e20e3c8630dc758d2bda757d692fe0e75161eee2ab68c97e640b00	2780db4827e20e3c8630dc758d2bda757d692fe0e75161eee2ab68c97e640b00	Y	ok	OK
A	329	c651f9c7e320244a8a5083dc6770ad7d573479d3e54a1f2dcdb5bcec06293d44	140	3600	332	16200784878675952083	ec03dd5528d2e6cb472fca61232875fc2bef37ecfc4a21731ffb9abd01f30700	ec03dd5528d2e6cb472fca61232875fc2bef37ecfc4a21731ffb9abd01f30700	Y	ok	OK
A	330	72e76bb1098715df4125e3a92a62fee5de7565b49528068483a6cba74fa8595e	143	3600	333	5762527719480887041	1907e96fa2ec41c79894032f0895417aa3d78133f06db45ae2842da3530b0200	1907e96fa2ec41c79894032f0895417aa3d78133f06db45ae2842da3530b0200	Y	ok	OK
A	331	f7ee89e83f77f37f576e3bef548319ae2c116fd0abb5e6cc3aee587be08c02a0	146	3600	334	12583642651246495405	488c735715aa8709c8aa70d85853b979f299a35158b4ec75722c5744d2c40800	488c735715aa8709c8aa70d85853b979f299a35158b4ec75722c5744d2c40800	Y	ok	OK
A	332	f8b33328e5865bed4a265464f55b5fe402c9f4eadeac40febb696ab9d92b17fc	149	3600	335	16678158953049295519	add8d8e76a9807d250c38d65655b19983287cfc82de87186a2b9e7eed0ac0400	add8d8e76a9807d250c38d65655b19983287cfc82de87186a2b9e7eed0ac0400	Y	ok	OK
A	333	18b70924653acab9db18b14665d1873a1334b4ee54ab8d65c780c1dc77c0c529	152	3600	336	3260791668508559208	8ac9256799db9811497be1f2bff6d56ee5ae509984ea877005ee001fcecf0d00	8ac9256799db9811497be1f2bff6d56ee5ae509984ea877005ee001fcecf0d00	Y	ok	OK
A	334	f6576760016f61ecef9eabf38bfb5cc602ddf09314c853d48e818abfc17c2543	155	3600	337	8377705942778740954	802f0433668d02e7ba490989d333a35bfae206b7506bcd37d70c10c2d15b1100	802f0433668d02e7ba490989d333a35bfae206b7506bcd37d70c10c2d15b1100	Y	ok	OK
A	335	36c2b22460c695534b4262b1ea81ced85baec2a0154c1b3b8e109857fd3acf82	159	3600	338	15843441843007160617	652f7972c5ff943af601b87d1fca6c96e1fe39d9206644b25b3cf824f6830100	652f7972c5ff943af601b87d1fca6c96e1fe39d9206644b25b3cf824f6830100	Y	ok	OK
A	336	7d889ae04156936759943f49d6801f3945b8de2c75602713554aa0b6c0515851	162	3600	339	15800217519773483047	0c10fe3219542b89032a817050dfeeb28582a7cb23d35a3b2fe9f012259f0d00	0c10fe3219542b89032a817050dfeeb28582a7cb23d35a3b2fe9f012259f0d00	Y	ok	OK
A	337	f983dd6a56b70fac521ed2f317424fd63d4fa8f942a6955b3f89c5a336a53bb6	165	3600	340	7420039127531323589	6577d6051168dafe2ff563d05abb8435363736deeed9e780c524d56644e90c00	6577d6051168dafe2ff563d05abb8435363736deeed9e780c524d56644e90c00	Y	ok	OK
A	338	d1d1f95072bcbd80e5884f5ee99ea4426145427cb2f806a3a83dec56988f474d	169	3600	341	3912557572766335826	c783362791ad5ac7f62d26e3834bda837bfab3ab170edfcfddf63bec41cf0500	c783362791ad5ac7f62d26e3834bda837bfab3ab170edfcfddf63bec41cf0500	Y	ok	OK
A	338	59c2ba939117f35efd6f468ed56714baf33b86d483a828951aae37324955101e	169	3600	341	3912557572766368807	08550872827ced547cfddf469917b3434858616e5f405a4b34e6c77142950000	08550872827ced547cfddf469917b3434858616e5f405a4b34e6c77142950000	Y	ok_off_best_chain	OK_OFF_BEST_CHAIN
A	339	53738ba4ff49f7cfeb08862f9f59a7d4b98afe1b56f2bc4d212d5a29d393c09a	172	3600	342	2339528957407265035	aa9e16e5b16f45bd430c34351785847d6ef7fc62229824f5dd68ccf69b070a00	aa9e16e5b16f45bd430c34351785847d6ef7fc62229824f5dd68ccf69b070a00	Y	ok	OK
A	340	3e7f52507ad729b82acc1692c17781b5298a07f0fe5340b29aee7994efcfeed6	176	3600	343	10832406406733234506	5c09c4345cb089273bb8eb06e34a2934944ed6f8403775c9008c190cc9230900	5c09c4345cb089273bb8eb06e34a2934944ed6f8403775c9008c190cc9230900	Y	ok	OK
A	341	425ecef7da9bcdf5a2ff9b00f6771fef56aa2148041bb499b6667f5219ec05dd	180	3600	344	16060416851997393365	a43c0e7e6d139cb5b6137e55eb3cefb1df1e4f12264709a34b217c294af00600	a43c0e7e6d139cb5b6137e55eb3cefb1df1e4f12264709a34b217c294af00600	Y	ok	OK
A	342	a84478eaa90b9c63a59a8ddbafbfc88c585b7752b6508f746e4bf5aa33d9fee5	183	3600	345	4146248839285803099	b1da5e8916d56c4b5e0e7acfe85ba6ee14715039ba189f5b32c6f1e983940a00	b1da5e8916d56c4b5e0e7acfe85ba6ee14715039ba189f5b32c6f1e983940a00	Y	ok	OK
A	342	e2861fcd8e3cfd2d3e81ff3724776b65eb53ff65f95930fc676d8e541298a636	183	3600	345	4146248839285737731	c6bff544a1bd3a6f14bdf2129e0498aa831463590e00b61ea5ca59eb90d00900	c6bff544a1bd3a6f14bdf2129e0498aa831463590e00b61ea5ca59eb90d00900	Y	ok_off_best_chain	OK_OFF_BEST_CHAIN
A	343	5dec18435489f46a8a7936e6102b6645bdaae709a012a421223ed63aaa9d9449	187	3600	346	1156189283229466872	bec821ba2a2a3bb889d362f7ad4d561254327e681858cc201d452950f9971100	bec821ba2a2a3bb889d362f7ad4d561254327e681858cc201d452950f9971100	Y	ok	OK
A	344	48bb2f9706ee9fb57b32eb6cc7e250a407d1a28ca7902f9e157aafe0ac093eb9	191	3600	347	466417376578077122	52705f905fbaaeed4ed33178cf4f990127f4099463f23a4ae9a69cb4ae940e00	52705f905fbaaeed4ed33178cf4f990127f4099463f23a4ae9a69cb4ae940e00	Y	ok	OK
A	345	46b1efdd29919474b24cb7817698e8421be40439a5e7aacc172d934fa7952452	195	3600	348	2386164326487589377	af9d0f846b05978b411d5afab2cccd8d36b6b1e270bee72943392841327b0500	af9d0f846b05978b411d5afab2cccd8d36b6b1e270bee72943392841327b0500	Y	ok	OK
A	346	44526d9fadebf6c551a7e522f1e0bb43fbeaedd62de8e2dc24facecd6474b053	199	3600	349	2817977233166074308	3d3cfb9e0b4a3cc2ee262448ca6c6a2d30881bade97ad265dce612e000530600	3d3cfb9e0b4a3cc2ee262448ca6c6a2d30881bade97ad265dce612e000530600	Y	ok	OK
A	346	3d566ef635cb53ed2baa1f0399ec47db7a4323931957b0b9a6b29b32e39b353c	199	3600	349	2817977233166041676	9640886b4f906ef49e974ebd15fdc5225046231b4b55ce9c9fb6ef98b81a0c00	9640886b4f906ef49e974ebd15fdc5225046231b4b55ce9c9fb6ef98b81a0c00	Y	ok_off_best_chain	OK_OFF_BEST_CHAIN
A	346	8cc6438a2a45279735bda1c7583a905185cb5ffe4b456af54334d1fc3b18b0f1	199	3600	349	2817977233166107316	81ace25a1d1c71df4f9821c8ceb4a1e2474bc60c7e7b5c00b80a7b882cc10f00	81ace25a1d1c71df4f9821c8ceb4a1e2474bc60c7e7b5c00b80a7b882cc10f00	Y	ok_off_best_chain	OK_OFF_BEST_CHAIN
A	347	15d6c6feb3a703b15dd3ac04379c9159339bc7aea089b767d53c1a14758b6474	204	3600	350	2409596177700946869	4360b7b01e25ce09d4646df90c7fafb70750eb37aec7517d34d5910297a20300	4360b7b01e25ce09d4646df90c7fafb70750eb37aec7517d34d5910297a20300	Y	ok	OK
A	348	b2675d138795c7f90481ceb2c449727de7f4f33f290ec4e2b7da8b26741d42d0	208	3600	351	11288701460222673062	71f4ea8da550930065114c5e11da78fd92657b1446ab22274cc7d749eff80800	71f4ea8da550930065114c5e11da78fd92657b1446ab22274cc7d749eff80800	Y	ok	OK
A	348	f76833608cce92107a95be259f7e6f98e34180ca631b0d492aacf2078df162e8	208	3600	351	11288701460222607767	a75bf80a563aa84e0f63ca020e2bc37407f25d41bc3c7cc9fe29d4a82fc70100	a75bf80a563aa84e0f63ca020e2bc37407f25d41bc3c7cc9fe29d4a82fc70100	Y	ok_off_best_chain	OK_OFF_BEST_CHAIN
A	349	e6eb3b489d821b48243e2f169f726bec360a8f6dd007c1e16a1809d1545edf35	212	3600	352	13745876164642079522	5a42bbf467b59842de994dfa45f7531cd39082bdd8a7b22cb8628a01fb2e0800	5a42bbf467b59842de994dfa45f7531cd39082bdd8a7b22cb8628a01fb2e0800	Y	ok	OK
A	349	e760716822167ca4f00e872c2908862ea3602fbdbe06be805de5913c75deebc3	212	3600	352	13745876164642177842	03353d1cf9e476f0dc46b525e01e24c7f222b21c57e2aa3d9bbac269ecde0900	03353d1cf9e476f0dc46b525e01e24c7f222b21c57e2aa3d9bbac269ecde0900	Y	ok_off_best_chain	OK_OFF_BEST_CHAIN
A	350	6cf57089a51dfa3ae2ab8e2eceb9490693f538826706e55db5a1e04415ee42a2	217	3600	353	5237830364000485847	47aeac753635898cb5dfe24f29e568c65c9303f91f87d8051998efa436c10d00	47aeac753635898cb5dfe24f29e568c65c9303f91f87d8051998efa436c10d00	Y	ok	OK
A	351	60eb80e03ae0e570f4f261daae20905ba697796c9fb20ed70b51fed0c0339256	221	3600	354	10206116655042496026	0238aad4332f264fb736340aff8d93bfdfd52f91fc3b6dcfd2ce72671d680000	0238aad4332f264fb736340aff8d93bfdfd52f91fc3b6dcfd2ce72671d680000	Y	ok	OK
A	352	a307fcbc786e5a0fcb01052f5356a4961dcddbccab63e11721b067b6159c2799	226	3600	355	11405269574170478284	d4d3b66311f715b58dbc79cd4385500f92ec57deef111050c2e1801eccbf0600	d4d3b66311f715b58dbc79cd4385500f92ec57deef111050c2e1801eccbf0600	Y	ok	OK
A	353	7ec6199205df500fb074230dbfbb8e15aadd2b94de010f914963b7cc751af18b	231	3600	356	7240386538234773963	c291bab092d83ea69f0f99230c7cd13ae3acf74fb14a67aaa600e0d6599f0600	c291bab092d83ea69f0f99230c7cd13ae3acf74fb14a67aaa600e0d6599f0600	Y	ok	OK
A	354	e9798c5e3184f1d215c7b2919d53eac079200154dd808aca971e93693026cc9e	235	3600	357	8757073089705019247	df992e8cd1dd4107914d8967c321e3caf5f195360b976ee160bd1dda3cde0000	df992e8cd1dd4107914d8967c321e3caf5f195360b976ee160bd1dda3cde0000	Y	ok	OK
A	354	0a6650975044d15232371e6e606f895300119d64692b1fce8044e503ba23a3ab	235	3600	357	8757073089705052094	eba0a9b9544fc38ad6088f16b9305060ec994762f10a5815f94799ff011b0c00	eba0a9b9544fc38ad6088f16b9305060ec994762f10a5815f94799ff011b0c00	Y	ok_off_best_chain	OK_OFF_BEST_CHAIN
A	355	72dd552b2df545e0867d0b99d598631284d9e1144495f827858def8e992a31b2	240	3600	358	7949456600530420158	3a3c7edf4b374c9f5a55e32d90280cc123bb2690dd5c757aec45245af0550700	3a3c7edf4b374c9f5a55e32d90280cc123bb2690dd5c757aec45245af0550700	Y	ok	OK
A	356	47bcfaa125b218c2b3fdd8ad935e2a75e77cfe7421f6b34fe09bee94cb16e682	245	3600	359	13165792822172844397	88b886df44d959e1189838c58df75d4ab02faac799cc052d9a336aba2b3e0500	88b886df44d959e1189838c58df75d4ab02faac799cc052d9a336aba2b3e0500	Y	ok	OK
A	357	4ca5d0b1f21743ef5427567bb2d5ea018baef31a65c18f9c28d7727f1fbd9df4	251	3600	360	3663907970242085753	7a1c9cc9869bc8dd7e2600df69165126d4a6390deec6298747de292e4e5a0200	7a1c9cc9869bc8dd7e2600df69165126d4a6390deec6298747de292e4e5a0200	Y	ok	OK
A	357	3edbdef3dfd06bf0d5b5a9b127c6ea339b7433942d88087861d2b676076e9a99	251	3600	360	3663907970242085962	301853cc4e91b0cac4072cf13718e56a4f392d10f4d963022a431c6ea62e0900	301853cc4e91b0cac4072cf13718e56a4f392d10f4d963022a431c6ea62e0900	Y	ok_off_best_chain	OK_OFF_BEST_CHAIN
A	358	b882cc58764704855e376ad0fbef4cfec8d019e27a6c77492910d47fe4848c29	256	3600	361	1865729176292655448	5a1b249e3a1b662bea7d456a32243285caf58c486445749946c766b554340100	5a1b249e3a1b662bea7d456a32243285caf58c486445749946c766b554340100	Y	ok	OK
A	359	3eeae70d6c02e97b01062c0a517f863b702fe7a5a0b84f0ae6453e69d939f065	261	3600	362	15063539656807219466	72c94b3317d8628c381193a63ae48a9a3e4430fd6013794f9ac2e5f38e870f00	72c94b3317d8628c381193a63ae48a9a3e4430fd6013794f9ac2e5f38e870f00	Y	ok	OK
A	360	f1d1b4035d582826ffa554f5dbf1c5b45583bbc2891d5c1642b31e1150505701	267	3600	363	7990754557917497420	467bc6816202d0128faad97c852b2b467ee97a0c874665a8e86c5e1823f30a00	467bc6816202d0128faad97c852b2b467ee97a0c874665a8e86c5e1823f30a00	Y	ok	OK
A	361	0936d903b5a84c00535d924f8f1184e05ee0ce59e50773d812a278a29ca484c9	272	3600	364	15228021249088259342	17617951b1c922af32d6f4461f8d86e5da59a615aa23119fa180e08c62cc0c00	17617951b1c922af32d6f4461f8d86e5da59a615aa23119fa180e08c62cc0c00	Y	ok	OK
A	361	3d2f0312cf3cc9b476638e39f08d92c54fe87a6d2b25ff1b8536373ebaa43557	272	3600	364	15228021249088259582	0109f2adb8012f6b6422d9e420f1d67b56737428ccc28e752a69cec0275f0e00	0109f2adb8012f6b6422d9e420f1d67b56737428ccc28e752a69cec0275f0e00	Y	ok_off_best_chain	OK_OFF_BEST_CHAIN
A	362	26e269487b47c2f277e2917ea9f7c7c33f4b809b876d82356d21ab52bc7781e9	278	3600	365	12995197511449739306	0764fa67178a2d529a52b6c095cdbc354ae6e1436c146f89271ce27cc2ef1100	0764fa67178a2d529a52b6c095cdbc354ae6e1436c146f89271ce27cc2ef1100	Y	ok	OK
A	363	e6ec752a04e87dc8243f96c8fd714c6219b14903629f2a0f609ca66c17c4503d	284	3600	366	14369718794291609754	1574b8b80ce45a00c8aa9da260f0db465e75ee4b9d0afccff73891dc02700700	1574b8b80ce45a00c8aa9da260f0db465e75ee4b9d0afccff73891dc02700700	Y	ok	OK
A	364	812114e8efea1dffb8942c65be9487fd79b74c144520ead1fc0508b70b9e5491	290	3600	367	13318289724826223628	25659d94920ac9ef4d0ea504824b3e5445beae3e18546395a9edbe40a9390d00	25659d94920ac9ef4d0ea504824b3e5445beae3e18546395a9edbe40a9390d00	Y	ok	OK
A	365	08a9c5061b4f9c89b28aece41af0d17c5f137cd978c5c5ea30a30a1ea0c5c07a	296	3600	368	4663710201369624639	e63e074eb6921c8a5343218e7bb030041b2b99f7198ff514a6263f47d2fd0500	e63e074eb6921c8a5343218e7bb030041b2b99f7198ff514a6263f47d2fd0500	Y	ok	OK
A	366	6bf147fab947192732558f37102a0c7e62cdfe9f08f3abf5e89ad3c7d68947bf	302	3600	369	3123041338497499807	47dcae3ee0c3c3fda648bcdaaa6030d1092d3b0caea9163e4baf1b763a100500	47dcae3ee0c3c3fda648bcdaaa6030d1092d3b0caea9163e4baf1b763a100500	Y	ok	OK
A	367	9bd0a14b98bd3e9e8f2221a1811be3ff135cd7e16e4a45550c0c1b5568266bf2	309	3600	370	8629806083373891878	3fae78a281ccde1b99c9ef247e8e683735e9e07082c873546c8b3bcba1360500	3fae78a281ccde1b99c9ef247e8e683735e9e07082c873546c8b3bcba1360500	Y	ok	OK
A	368	2ae9487ae88ede6618f3de3216d2860778c157ee67cd85965fac282a4ea44bf2	315	3600	371	505148648623964414	997d7855656b6592063b126f8d265b2446d9847b6e7ba25bb3066be70d8b0d00	997d7855656b6592063b126f8d265b2446d9847b6e7ba25bb3066be70d8b0d00	Y	ok	OK
A	369	84135c82f9109d987aca9fa4dbe340929379c5d162c14a8f43d3e50ee7b9ca70	322	3600	372	1996540956572188791	cbd12bf3efe16aec19261058c85c6348fdb057dd05720acea105368ba6db0000	cbd12bf3efe16aec19261058c85c6348fdb057dd05720acea105368ba6db0000	Y	ok	OK
A	370	c5ae6000ae6a108f1ae4ac26b67b036adce369192cf4c9850067cd3d8fcefbb9	329	3600	373	17249697329234051436	6dcabf867097e34c3dce6c3e4c6799597acea3ab65a945fb5faf170f0d720000	6dcabf867097e34c3dce6c3e4c6799597acea3ab65a945fb5faf170f0d720000	Y	ok	OK
A	371	eea9bc85d5bc09cb8b38c5f26ea15c9618d7180d15f87ea9830234588f625ec0	335	3600	374	16842614157051265266	889feb934049161fe30b686812a5f80831427a85d207ac5d02aa658c917b0f00	889feb934049161fe30b686812a5f80831427a85d207ac5d02aa658c917b0f00	Y	ok	OK
A	372	bf22d6e6c0f581c88baf0986c90a764500793333f964518c1dbe5a73e0d937f2	343	3600	375	8640988159578014052	df74a702e8a38c0559af4d1a72f0701f666731300cc40f045a4fdd59ce610100	df74a702e8a38c0559af4d1a72f0701f666731300cc40f045a4fdd59ce610100	Y	ok	OK
A	373	6535e6f9850bc97cffd2475e63af3a9c5b5e331118356eddf0879160f2845392	350	3600	376	17911879942228937804	3902c166746ce6e1bf95f4216fcb1cdf6618f2e83b2dafec46bb47eeeeca0100	3902c166746ce6e1bf95f4216fcb1cdf6618f2e83b2dafec46bb47eeeeca0100	Y	ok	OK
A	374	bd6df9cc66b1e40439fe350f5afc7db220502b04436598663626a80d2aeebb87	357	3600	377	15673410182317179068	22c4c795f3caf4bf377b3553ad97e4934af83550cee6aff562d2c0eea4f30a00	22c4c795f3caf4bf377b3553ad97e4934af83550cee6aff562d2c0eea4f30a00	Y	ok	OK
A	375	c18b591b36b4ada80b04ff7505a6aa619383c4cc470eb47f375e1d0f23c5bf1e	365	3600	378	10474449177856247370	ad891e525c72aaa11272bd91bc73b1f4dbfd2ff357a0753801d49d2827ba0400	ad891e525c72aaa11272bd91bc73b1f4dbfd2ff357a0753801d49d2827ba0400	Y	ok	OK
A	376	c928ddba8b101bb7f6645e1a1d6005baef3e7716947b51e7fff759a16391b703	372	3600	379	16752774084147872390	23cd40b1aefc19d3b980ec9653882a89bc8f3117eaaa6cc704ff9941a74e0600	23cd40b1aefc19d3b980ec9653882a89bc8f3117eaaa6cc704ff9941a74e0600	Y	ok	OK
A	376	b1d3722826c0c3ed204b66275269dc4893aa9e124867c5fd1bfc633534104e87	372	3600	379	16752774084147872447	2a00854c7bbcdd9a04e2d2c5d555fe0238b7a918a13689c8bf4afc18cb0d0000	2a00854c7bbcdd9a04e2d2c5d555fe0238b7a918a13689c8bf4afc18cb0d0000	Y	ok_off_best_chain	OK_OFF_BEST_CHAIN
A	376	9ae7915c60d8549f8f74e6d62e281cf4a962d7528145a9f4c9c43baf080aeb27	372	3600	379	16752774084147807075	d49b3d95c1400fd73cdb175424c17d994324f8fb26c20a1f5f3c1d19c8900900	d49b3d95c1400fd73cdb175424c17d994324f8fb26c20a1f5f3c1d19c8900900	Y	ok_off_best_chain	OK_OFF_BEST_CHAIN
A	377	5a899fe8115e65b5ccddb8caeee1288e3e5a4130a3bbb28fb90b89d4ba4fbfd7	380	3600	380	6807508329343025576	13bd4f1b25e1ccfb98f9ecea83ffe5d482cd5bd2e21b2328ca57bac3962f0f00	13bd4f1b25e1ccfb98f9ecea83ffe5d482cd5bd2e21b2328ca57bac3962f0f00	Y	ok	OK
A	378	ef03332d763e9dbbe6f29d316a9b66d5c9f0546d2d60126ec1536059de20ac55	388	3600	381	14746554075176763637	936424f925c48802515bf3e575503cf42211c4bf7c8b9aba6873b8381dc20100	936424f925c48802515bf3e575503cf42211c4bf7c8b9aba6873b8381dc20100	Y	ok	OK
A	379	681e63e74a505b1cc0b39173ae924909ea5167da8c04514d3ef2f25a531a91bd	396	3600	382	6841359689612067581	3ea40766b42c012e3d15373b95895e184380f134778247674a5099eea8890d00	3ea40766b42c012e3d15373b95895e184380f134778247674a5099eea8890d00	Y	ok	OK
A	379	cc59cfd1321243b9b1c87d07853cbb28175d1cb7f0b0279096d68db81a05235d	396	3600	382	6841359689612100650	1d6dc377c3fe639a004d44f0a44e5d61c03d0e610410303aead0e678d1320700	1d6dc377c3fe639a004d44f0a44e5d61c03d0e610410303aead0e678d1320700	Y	ok_off_best_chain	OK_OFF_BEST_CHAIN
A	380	e34282677e9801a8e89d09839b7395cc52e2e6cec067249affe7eb41c390dec7	405	3600	383	10571495471442886947	70c38625104c0c241b4537a04d2a72bc8408d9f081bed2d071d7bac6ea960e00	70c38625104c0c241b4537a04d2a72bc8408d9f081bed2d071d7bac6ea960e00	Y	ok	OK
A	380	1a76168be12c466f9271f827130e6b0dd17d3b37ebfade76f5bfeea2fc495287	405	3600	383	10571495471442887225	2979a2ca4dbdd14a902bfbbfa7c23fd16a86c7ab0a13673dbaab768f68f60c00	2979a2ca4dbdd14a902bfbbfa7c23fd16a86c7ab0a13673dbaab768f68f60c00	Y	ok_off_best_chain	OK_OFF_BEST_CHAIN
A	381	2e6cd224d38844fe5e0e9b19eba08c38191a396f6ac65cea5815bede8994e897	413	3600	384	13034710669407061555	556e7a029f2a8fb4eeabd0aae0abd9f5bd66932c11ffe6cbf02132dde32b1200	556e7a029f2a8fb4eeabd0aae0abd9f5bd66932c11ffe6cbf02132dde32b1200	Y	ok	OK
A	381	950f70cd89b7dfaa6a47de08ba300fe280bbdbe3c1c579c454b405013938c148	413	3600	384	13034710669407061560	4e73d5a678a8e59379d368a5330d7b504b642008be5a15f7ca53052426d50700	4e73d5a678a8e59379d368a5330d7b504b642008be5a15f7ca53052426d50700	Y	ok_off_best_chain	OK_OFF_BEST_CHAIN
A	382	605eae61471501eec3c9b55fd232d3d2a1ba0b1c892958e6bda07bbecab4aa0d	422	3600	385	15173334766243021096	f8e58a3f04348a6dc83558c95f61fc4a17de873be12dc642f04197502f650200	f8e58a3f04348a6dc83558c95f61fc4a17de873be12dc642f04197502f650200	Y	ok	OK
A	383	4287e47a6e319ec35f3bedf61ac191d7f16876fc69880522ddd87b6fabb22271	431	3600	386	13847339690358735070	b27233cf15720f4221258b5a65ba274ecf1fed4cdccb0c03b617f1fbfcff0800	b27233cf15720f4221258b5a65ba274ecf1fed4cdccb0c03b617f1fbfcff0800	Y	ok	OK
A	383	8b0affb5717e150954e18c1438abbe95cfadffd232d8dd0883ee147d26938c8b	431	3600	386	13847339690358767982	db8025cd23700ca6f3ded34ad041200e31a2fea2a018aaf6aaaa981259150b00	db8025cd23700ca6f3ded34ad041200e31a2fea2a018aaf6aaaa981259150b00	Y	ok_off_best_chain	OK_OFF_BEST_CHAIN
A	384	4d345b0e2c588512151db38496734874d64393cfd3c8835492a3fb2c4a496c87	440	3600	387	16426331916539594690	974c81d2ed84b63510d63f41cb350ea189cafce8bbae1e063db97da4ec4c1100	974c81d2ed84b63510d63f41cb350ea189cafce8bbae1e063db97da4ec4c1100	Y	ok	OK
A	385	4df49480322c5df7a17f09d2a9698362223760f660edaa7864e41f44dca49bf9	449	3600	388	14780639180451053768	9eb3851439c17b08ffc6ae0b410f2c9da8ef772b14577f94e5b3b08fad3f0900	9eb3851439c17b08ffc6ae0b410f2c9da8ef772b14577f94e5b3b08fad3f0900	Y	ok	OK
A	386	3ac5b02fdcf142aee89b344c1a3772eafa37dae8b0653124810a42284798b5f2	459	3600	389	10422373330752438322	5d9d4584987b5ca7b658b78e6ecab845cfce5ce5316aad85f04190cb129e0900	5d9d4584987b5ca7b658b78e6ecab845cfce5ce5316aad85f04190cb129e0900	Y	ok	OK
A	387	ca274a91fa612f87797e20d8ea0fdfe563cafda38ab3cf868ec2656467cd3487	468	3600	390	1144536723422774576	a1713b217d110dbe9b1384687866b8ef04c366803fb1ff9266774cb470bb0500	a1713b217d110dbe9b1384687866b8ef04c366803fb1ff9266774cb470bb0500	Y	ok	OK
A	388	ec38e99837086445df5e07a1ea9244dd1c7c859091e84bcee9e12f279171ef8a	478	3600	391	2499153109180220385	7e563e98746a5de281617f977379807fece7021ef8f43b5eb5a0d1316f310f00	7e563e98746a5de281617f977379807fece7021ef8f43b5eb5a0d1316f310f00	Y	ok	OK
A	388	767897bca4a9a0d98e4ec9f79d332008f4c2ec2b179c76fc9d870cb202d664d5	478	3600	391	2499153109180253328	66b236bfaecc0b8ed28b754d213b1ecb474e9a5f43969c113b4fad4f6aff0f00	66b236bfaecc0b8ed28b754d213b1ecb474e9a5f43969c113b4fad4f6aff0f00	Y	ok_off_best_chain	OK_OFF_BEST_CHAIN
A	389	7d3b1872c4325875314c41a1c590df9ebeda457fe61a73ba7a72369d7dc6f53a	488	3600	392	14695616776658485585	f11fc4de54e39cb0d76fe32ad130ab24826d4646dafc29822c5154d269530700	f11fc4de54e39cb0d76fe32ad130ab24826d4646dafc29822c5154d269530700	Y	ok	OK
A	389	38233ea9ea9e1120853c24e603fda9bf9ca4fc0fcb36b08c38661bec220b2100	488	3600	392	14695616776658583927	eed2b2ba20d4fbe845d9aac3f2858a298c400a3e069d52f31aa30db10d1c0500	eed2b2ba20d4fbe845d9aac3f2858a298c400a3e069d52f31aa30db10d1c0500	Y	ok_off_best_chain	OK_OFF_BEST_CHAIN
A	390	a40b77277c5e36f04efdb31887810eafd2735f3f86cff924813dca01da3e1ecb	499	3600	393	5847417370129301519	87ad2dd673ae9778eae03f73c30fe05a07d9153cf67e072cb8dabecd8ec80b00	87ad2dd673ae9778eae03f73c30fe05a07d9153cf67e072cb8dabecd8ec80b00	Y	ok	OK
A	391	bd1b8c33bb6082f6f3a2359259959fa8e06f596821bc493b796c78392f9a551b	509	3600	394	12878325734724111523	2c5af0f5ef954acc5693e39057cd40ead87f04564b340cc15bf2fbbfe1e40400	2c5af0f5ef954acc5693e39057cd40ead87f04564b340cc15bf2fbbfe1e40400	Y	ok	OK
A	391	7cde50d5023dbeef14facb8b71998ef1d7ec1fbea346990cffb19b055028bc47	509	3600	394	12878325734724144520	9e7fd6d93ba2f1383c7fbb3c984da0627be60faa99c5f7c40131490457360700	9e7fd6d93ba2f1383c7fbb3c984da0627be60faa99c5f7c40131490457360700	Y	ok_off_best_chain	OK_OFF_BEST_CHAIN
A	392	2e68267ea457e98ca1f6927c747dc48a09d445171d271b773182da48ce0fbfd7	519	3600	395	10851575683293905539	797cebf9c5f1b0f2d4281f4e5241cfe41b3da83bde34d2656b948dc5c08e0a00	797cebf9c5f1b0f2d4281f4e5241cfe41b3da83bde34d2656b948dc5c08e0a00	Y	ok	OK
A	393	ec4f8f0d43d4a8face73d6afe91502cebb0f9362df697bd35c7c38db3c3e324a	530	3600	396	18284607950184022467	06bf8e41d0f6d93d9f4ff6e036e3f074adca119dcf15f36d8f2c18e11feb0800	06bf8e41d0f6d93d9f4ff6e036e3f074adca119dcf15f36d8f2c18e11feb0800	Y	ok	OK
A	394	15211f47d06ab8bef4626822bbbdd960b29356ea5ca968e09b99142397642c0d	541	3600	397	18241840254988421112	a6c8f3fdc4ee12a05fd55a5a9ab4ea69ac9d389f93ac57e189669dde531f0a00	a6c8f3fdc4ee12a05fd55a5a9ab4ea69ac9d389f93ac57e189669dde531f0a00	Y	ok	OK
A	394	4ff1c5e2e340416aa2a2e17617f17eb41b70ca284c6504b56bbd7514cfdb650a	541	3600	397	18241840254988388394	6095cdbd11f7033018a25411d6135df5a6cb2be55d9bdc13902061fcdece0800	6095cdbd11f7033018a25411d6135df5a6cb2be55d9bdc13902061fcdece0800	Y	ok_off_best_chain	OK_OFF_BEST_CHAIN
A	395	eb03b0d788885bc227c341eddb7ba78949ab6a6b7977f6d78b108aea6b906326	553	3600	398	10186468137440936550	90c543966b124752dede250f1b6d8ce33865e5920ca5333f40413e41f1f20100	90c543966b124752dede250f1b6d8ce33865e5920ca5333f40413e41f1f20100	Y	ok	OK
A	395	33abb06652f9a12abf7a69286318ca0f2fdf5bc5a05d9c7b30b8830988882dad	553	3600	398	10186468137440969470	0a220d7d1c0e4a93826e82b0b5594567f9fd3e8b4ed02b437f877e441d121100	0a220d7d1c0e4a93826e82b0b5594567f9fd3e8b4ed02b437f877e441d121100	Y	ok_off_best_chain	OK_OFF_BEST_CHAIN
A	396	5ae5fd5ac3de09f79591bb4a33eb68ebcd30e1fbd36901c65cdc8dc535add522	563	3600	399	5442520447969132941	886ce26ed6688375767fc9a33d0e4a764d268a3143b5e96bb4d144fd87690600	886ce26ed6688375767fc9a33d0e4a764d268a3143b5e96bb4d144fd87690600	Y	ok	OK
A	397	e3f7c64edeffc30242b2e2b2d1abfe9d12c263739fd69787fe6aa47c1fa11bb8	575	3600	400	14376408566632351350	c2dc64a5d09b343d34d2e884cacc29ffbb2b9f455d3e3fa7ff309b0327490900	c2dc64a5d09b343d34d2e884cacc29ffbb2b9f455d3e3fa7ff309b0327490900	Y	ok	OK
A	397	bff34fdad66c5605cc48d35e25794d8453966ccfc69747ebeb6af419bb83871b	575	3600	400	14376408566632286057	4ea40444d1bc28d3233d0c2846ae60d9d7a87e0bfafa782d6f7c671d5d620a00	4ea40444d1bc28d3233d0c2846ae60d9d7a87e0bfafa782d6f7c671d5d620a00	Y	ok_off_best_chain	OK_OFF_BEST_CHAIN
A	398	1d6b82367a96a758dde7888a5e1e24d0ff0a867ad4d4da1596fa9ac644092bdd	587	3600	401	7978638927621882786	09920011960722241cad0a457bb36e3983185c448abe0e8db8dfca9aada10b00	09920011960722241cad0a457bb36e3983185c448abe0e8db8dfca9aada10b00	Y	ok	OK
A	398	acf5f658f3aaf9606afcbc2d29ac074c8a62206684f15675813bd99a9a2bac07	587	3600	401	7978638927621784514	0135495ad9f58deb49d223d6bd067c022fec82a2059b00fe6e9fb414e1190900	0135495ad9f58deb49d223d6bd067c022fec82a2059b00fe6e9fb414e1190900	Y	ok_off_best_chain	OK_OFF_BEST_CHAIN
A	399	21057d6b0b11df6f576ffda1e5e1ecb72408e15baa5585d6ccdaf2328058364c	600	3600	402	9997101792409683636	23a13e3cc38cb0541cba4c6596badc2ab712d42fc6609b645b952a77d4ec0200	23a13e3cc38cb0541cba4c6596badc2ab712d42fc6609b645b952a77d4ec0200	Y	ok	OK
A	400	fb9e331c59d5b7ded65a566d4a053a8eb58aaf6f9e0ff95f7f85d91cd2b3415f	613	3600	403	18248260548196042270	69ed2b2aa45d4701afd2b16e30707608cb50f70e0d9b0b3bcb4bc6a426960a00	69ed2b2aa45d4701afd2b16e30707608cb50f70e0d9b0b3bcb4bc6a426960a00	Y	ok	OK
A	401	14c4aedbe79068130aff40989c7e47b38852b6f6cb0b7240f5b77660209b4117	625	3600	404	7328159683896738831	0283a8ff675f9497bd7d6c993afc497dca0d720a89094f98c8853ef47d890a00	0283a8ff675f9497bd7d6c993afc497dca0d720a89094f98c8853ef47d890a00	Y	ok	OK
A	402	666a8e4a6cec0ca4eea2003c02d3954fdc1974b96e7f45eab217da038e38f0bc	638	3600	405	3469172868846224279	b12869350ffbdad8fb2534a84df3d69a71bf807bc91f3189e6ba6db8b37f0a00	b12869350ffbdad8fb2534a84df3d69a71bf807bc91f3189e6ba6db8b37f0a00	Y	ok	OK
A	402	61ff2e3a3fb3431529492612c85e7c603846af1267907609a10d4c5d2968c612	638	3600	405	3469172868846289916	eb31967438b74a9607b426dbf90c221416a0f6ddcb346906f9cb9d9170080e00	eb31967438b74a9607b426dbf90c221416a0f6ddcb346906f9cb9d9170080e00	Y	ok_off_best_chain	OK_OFF_BEST_CHAIN
A	402	0c48c4722d9d9a67359a5dc2f4b39916ca1f6dbbe336d975e5e86c99cd0bebbc	638	3600	405	3469172868846224557	fea21f8204f998185ba0d93c05dde3726409eeafe93d227d926d3be856e90600	fea21f8204f998185ba0d93c05dde3726409eeafe93d227d926d3be856e90600	Y	ok_off_best_chain	OK_OFF_BEST_CHAIN
A	403	25f3c877d152142f77fcb49a36a6e2b6af99f6ec09e10e491c42a621ef6cf8c6	651	3600	406	15014528423487930655	10860bc00b4cec9c3c58f23748a284570a84268b27d80ad60736469b22600000	10860bc00b4cec9c3c58f23748a284570a84268b27d80ad60736469b22600000	Y	ok	OK
A	403	d8ee4eb7dd81bbe1f063d3b9ddb792d4c51fb6b04b9a5de06f0bd863b26ce72c	651	3600	406	15014528423487963585	45aa2733d5664c7786e798455fed0e90bc7e4ffbde6afc1b4dddf6672f1a0000	45aa2733d5664c7786e798455fed0e90bc7e4ffbde6afc1b4dddf6672f1a0000	Y	ok_off_best_chain	OK_OFF_BEST_CHAIN
A	403	f53c76f25af26fea9c851b18213ffee749559c1443bd5b8ab2edce3ffd37128f	651	3600	406	15014528423487865419	d591e6740f31c35ba77ce2205bf3ab54aa9775d8457992e8bd986df010601000	d591e6740f31c35ba77ce2205bf3ab54aa9775d8457992e8bd986df010601000	Y	ok_off_best_chain	OK_OFF_BEST_CHAIN
A	403	509a7a41558990a4cc4d29db22d60988cc24cd789e09ee3d8ff22b8e80dcb51f	651	3600	406	15014528423487963718	6f3924b7264547947f3c06aa966ad328e42f5d11164db0dfbc627e5efa7c0100	6f3924b7264547947f3c06aa966ad328e42f5d11164db0dfbc627e5efa7c0100	Y	ok_off_best_chain	OK_OFF_BEST_CHAIN
A	403	b6a9621998c7f7f4f2aaf83161d3627c3bc21176fdc10887c1e9249c754bfe02	651	3600	406	15014528423487898191	fdd92f703fa0ab6029b5fc35dfa627e625052de74368e427cb86af3fed110300	fdd92f703fa0ab6029b5fc35dfa627e625052de74368e427cb86af3fed110300	Y	ok_off_best_chain	OK_OFF_BEST_CHAIN
A	404	544e847ce7b246082aa9b4dbf69a514618e312ced48c889a061d2efa16faf2a0	665	3600	407	13735633891706798332	14652de7c04838baa167c1a6b180f57330909717a01b16f921825f9378e30600	14652de7c04838baa167c1a6b180f57330909717a01b16f921825f9378e30600	Y	ok	OK
A	404	5f429b9f41f476278f29b1fa161b104d07c413408349fc5d86b5eb3706beaf47	665	3600	407	13735633891706798958	5839be222dade67175ce4ab30c36b359fa7baa4c54743ef4029a92612f9e0700	5839be222dade67175ce4ab30c36b359fa7baa4c54743ef4029a92612f9e0700	Y	ok_off_best_chain	OK_OFF_BEST_CHAIN
A	404	d4adb79c827e7f4d0cf0fac92cff6dd20eb78ef2709ebae75de7c0596685446a	665	3600	407	13735633891706831997	1f46b998131830cf491665845d2667cddbb50583e679161c7a0c1eb15bc60d00	1f46b998131830cf491665845d2667cddbb50583e679161c7a0c1eb15bc60d00	Y	ok_off_best_chain	OK_OFF_BEST_CHAIN
A	404	efaf50ad60af9ceae4eca89042c3187f1cc11544b856e22eeebcb7e32a304350	665	3600	407	13735633891706832160	87767b25dc645d75f61aa1c47d0b01dad2c82bf97064f495d9ffa35e43000600	87767b25dc645d75f61aa1c47d0b01dad2c82bf97064f495d9ffa35e43000600	Y	ok_off_best_chain	OK_OFF_BEST_CHAIN
A	404	227c8ef3896a8d88810dce6e80923ce938576c88a75205c50b69762d3be03258	665	3600	407	13735633891706865122	7f0ffd48ecc79f779ec73189f35a7323a58548821c6b5968b66d09490f710e00	7f0ffd48ecc79f779ec73189f35a7323a58548821c6b5968b66d09490f710e00	Y	ok_off_best_chain	OK_OFF_BEST_CHAIN
A	405	d3585857750d8df7baaf7f191f85c22e4a841e904defeedd2752f056f3bf56fc	679	3600	408	4207019620047061544	3bd87ede1f5705f75ce4f56c259fbdb6f409800fdcc63072eb8904272fa20a00	3bd87ede1f5705f75ce4f56c259fbdb6f409800fdcc63072eb8904272fa20a00	Y	ok	OK
A	405	6ffd54dcfcfbc9f725e7b722c3e36bcf75d9282d40aed66c1b46c923fb4a7937	679	3600	408	4207019620046996330	afd3ee5bd28e1d0ac4883d4d2bff965493a3512170eb03b9051662a7f3380e00	afd3ee5bd28e1d0ac4883d4d2bff965493a3512170eb03b9051662a7f3380e00	Y	ok_off_best_chain	OK_OFF_BEST_CHAIN
A	406	67aa77a9ed3071659d449d1c766e2504ddcec1ae637529e9569e44171c6fc527	694	3600	409	12909703163765850960	af10a0d9db67adb1ac961fb67a741faea188721f0bbe2899aef8fdda6c3a0000	af10a0d9db67adb1ac961fb67a741faea188721f0bbe2899aef8fdda6c3a0000	Y	ok	OK
A	407	bc9bd44a8dec2bebb01baab494fc8dd83c0ff1ef90b12b4a9f288a627ad4ed9a	709	3600	410	14696534868867713309	c2f66774e9c2897de0cbe25f53b03fb73190d6157993f94487f30f0b6f190800	c2f66774e9c2897de0cbe25f53b03fb73190d6157993f94487f30f0b6f190800	Y	ok	OK
A	408	056e091b9dbe996497846ac120c2e3792d3a46efdad6027f977119cdb18aee85	724	3600	411	12228465395786318951	2b2aecd577746b3389b8413c4cc56820ebd7d081c4cb6da305f59bf907460900	2b2aecd577746b3389b8413c4cc56820ebd7d081c4cb6da305f59bf907460900	Y	ok	OK
A	408	abbb25ce86b13e9699bc2c8579e810ee00e15cb7cf0a690b09f6cf1a88fadfe3	724	3600	411	12228465395786351875	9d15320f967b994179174e2119012d86d5cdd9dc9355d555e8f0ca11d75e0600	9d15320f967b994179174e2119012d86d5cdd9dc9355d555e8f0ca11d75e0600	Y	ok_off_best_chain	OK_OFF_BEST_CHAIN
A	409	19db8dd100762263629f01536d9a30d2c3a244c16aca58b89e7e253bbdd48bf1	740	3600	412	1426534767020507402	539f4a7ecfc1ba56cfe563c3545b944870dc3ef559bacfdb03691ebcc0700500	539f4a7ecfc1ba56cfe563c3545b944870dc3ef559bacfdb03691ebcc0700500	Y	ok	OK
A	410	4bdbd89a28824b7ae6a4209af03a1351ea927f4ea67a0e30547b7adc3db5e5c8	756	3600	413	12187081040837248383	6269fb15f2191995be534d3490d5e3814b62a9571d78f1875aff181e3d9b0900	6269fb15f2191995be534d3490d5e3814b62a9571d78f1875aff181e3d9b0900	Y	ok	OK
A	411	24c4889035bf3fa0a4d27bdbe25ee2fdce93a87755c0c145195ccb52576f7fac	772	3600	414	4112103836397702882	75366fea1cfcef69c44ec73b3d736049421a8ec8409b436b13091aa2def20600	75366fea1cfcef69c44ec73b3d736049421a8ec8409b436b13091aa2def20600	Y	ok	OK
A	412	53b2b04e7a37268632c1516d9f92bd7c7ffcd2c4fd1c8f76b6501679d87f8a57	788	3600	415	15288986785141489973	f10c3194de06d0a2b711e6ba44ab351ed50bcd8e7328e61ab7cb2381f9dd1100	f10c3194de06d0a2b711e6ba44ab351ed50bcd8e7328e61ab7cb2381f9dd1100	Y	ok	OK
A	413	844ae690fc817edb28094dd62467829f2d04a631646539de249494b2cacf1139	805	3600	416	3661198472943501443	a3fa3d2c9fc47166f5dd9bb317f7f719824c4335e3dba6fd7fd5da9a40150c00	a3fa3d2c9fc47166f5dd9bb317f7f719824c4335e3dba6fd7fd5da9a40150c00	Y	ok	OK
A	414	4db1fe878f5b6cc60d1019f33ad698a702dc30bb020883cf01a6f4826f366d01	822	3600	417	15943667971466003583	69ece20acde0b71936336c7431b3dafcf0fc6e44266e735bc934437d56590a00	69ece20acde0b71936336c7431b3dafcf0fc6e44266e735bc934437d56590a00	Y	ok	OK
A	415	463439b5e7bc4f5066a83ef541482628a9f251217856b5006b9293c1609d99b1	839	3600	418	7168839594333504154	2bcc8d8dbf94072fc7b3b8cecc0761f3119ae3e34a006229e5345567d8d01000	2bcc8d8dbf94072fc7b3b8cecc0761f3119ae3e34a006229e5345567d8d01000	Y	ok	OK
A	415	8bb8d3395db5a18cec85cfeee65316336f9d2c22f0538002770b3fb528426fd5	839	3600	418	7168839594333438836	5f8cac30d3903245313f4b5aa68a15b715d949ebeaa8e5eee9aa6783aff70300	5f8cac30d3903245313f4b5aa68a15b715d949ebeaa8e5eee9aa6783aff70300	Y	ok_off_best_chain	OK_OFF_BEST_CHAIN
A	416	8ac0cf10162cadda35341a7f1a159a14be1619abebd4491ffc6c94f3da83ddec	857	3600	419	7705553310530438736	e1cd3ad5a37d5d562b1dc200f4053df6c8726e234b85210a482fa9b44f9a0800	e1cd3ad5a37d5d562b1dc200f4053df6c8726e234b85210a482fa9b44f9a0800	Y	ok	OK
A	417	63830456a8c8d1d30140aa5eb85a2458000c510d9f83efacf6fd6983727d5d65	875	3600	420	15475315733596012705	1aa22f27643f8bb09830a4e833a4876b0bd03d33d2b43c5483bbb0d23bdf0900	1aa22f27643f8bb09830a4e833a4876b0bd03d33d2b43c5483bbb0d23bdf0900	Y	ok	OK
A	418	9340f4a0f7b62414553ad91dac4d64e762acecd27cf9e4c8664a48efbdb4b935	893	3600	421	12771055761115676995	0c7c1d02967f850ad77a9c008d2973320abdfbb7d5f57805524c7deeee260000	0c7c1d02967f850ad77a9c008d2973320abdfbb7d5f57805524c7deeee260000	Y	ok	OK
A	419	151280cb28430d60def0e3bf0a0a879f5f9a4e949a2fe54459480b0c7640a825	912	3600	422	16776169694427086916	31912a96d14720741be54b0552a4402a121323d0cd63fdb356079bc9729f0300	31912a96d14720741be54b0552a4402a121323d0cd63fdb356079bc9729f0300	Y	ok	OK
A	419	b9689b7a03caa27608a2e9a33ce614fd583afbe30a5994ccf8587642f79edc3b	912	3600	422	16776169694427119734	427064c35da58f5e3cabe056a4d20ec9eb479bc18147ea88f07b9aaa61f30d00	427064c35da58f5e3cabe056a4d20ec9eb479bc18147ea88f07b9aaa61f30d00	Y	ok_off_best_chain	OK_OFF_BEST_CHAIN
A	420	bb9ab0e751a2a67392f04e52ea890b5c5a9931b817113e7fb376c7a1aa0f2ff4	931	3600	423	2915510692008233212	5b99d79b534325fba98cc9aa8bbabf80e4faff795f413967768599aa3cb70500	5b99d79b534325fba98cc9aa8bbabf80e4faff795f413967768599aa3cb70500	Y	ok	OK
A	421	b4a84ee66fb65ea020187724456febcb218b1d98a07cec06d19a5179ae21d846	951	3600	424	4918936073133982633	5a3c91dc3483ef0662a64b11d02e4be42c1d234a059a19cbe54614e8f3130d00	5a3c91dc3483ef0662a64b11d02e4be42c1d234a059a19cbe54614e8f3130d00	Y	ok	OK
A	421	7844f0c9a8f379cc57f5dcadcd9514be03d1602a6c7ffddc04ca6ef78948277c	951	3600	424	4918936073133950137	7fd1b79f10630bd33b684133af6c2f94c9b03eb6385ddeb7321daf61306a1100	7fd1b79f10630bd33b684133af6c2f94c9b03eb6385ddeb7321daf61306a1100	Y	ok_off_best_chain	OK_OFF_BEST_CHAIN
A	422	58256f2688613e541edd3af69d1ffee2b6f49717706a6689f18f13d882e05649	971	3600	425	174642728989099428	79ac9c90bb393f381beca382dbc09be1358573b15fc86ab68d4c617e4db20400	79ac9c90bb393f381beca382dbc09be1358573b15fc86ab68d4c617e4db20400	Y	ok	OK
A	422	5775bf0bad8d7cc6305078c5120bba3c5fbe79fc0969fe292ad641167ba3cf08	971	3600	425	174642728989197722	794794c72f31d44336b3dc3f01010977d5433d53e0019920b69f2bc3d7ee0400	794794c72f31d44336b3dc3f01010977d5433d53e0019920b69f2bc3d7ee0400	Y	ok_off_best_chain	OK_OFF_BEST_CHAIN
A	422	97fc3a6754f6a38fad456f1059fbfdd3795eb976750f53b0e8ed3e9109c384af	971	3600	425	174642728989165225	e1391a12aea73ac8d7338d7337b4e51faac527b52684499e1a44eec8f00e1000	e1391a12aea73ac8d7338d7337b4e51faac527b52684499e1a44eec8f00e1000	Y	ok_off_best_chain	OK_OFF_BEST_CHAIN
A	423	f5b6a538822924104584f8d2810af74ea8445e9cc339e70d0c2ceac1d357cb4b	991	3600	426	9701913577828418226	dc72c8b93a6335cb9ceffd0f579a9f00e0422a913377c3db21db3d50efc20a00	dc72c8b93a6335cb9ceffd0f579a9f00e0422a913377c3db21db3d50efc20a00	Y	ok	OK
A	424	4d9477bebc15a630c61df2914356ae4eec4e37c345bff4e9c3e6ffb0b1e6c6b6	1012	3600	427	8288223455967543875	22c909b90319ddd4879854d8b63b3071dce369849e8887e1081edd7154930d00	22c909b90319ddd4879854d8b63b3071dce369849e8887e1081edd7154930d00	Y	ok	OK
A	425	4320f802d0ee64a1cb5ae7537b533cdbb03344360fa6edc867814c25c20fdafc	1034	3600	428	15272890510436500004	e0dc28d3e8b6d35b02ce7bc406533395228a143429abecc0862e0aaf921b0500	e0dc28d3e8b6d35b02ce7bc406533395228a143429abecc0862e0aaf921b0500	Y	ok	OK
A	426	4cadb01f66ebf054ceae818da97b105c9f457559a06dd886c38d490d9ed8ab6d	1055	3600	429	17912431154036769614	787e6af6df1eaee1d6f9a801bb9ba814853e334022c308cba579b66de4b50200	787e6af6df1eaee1d6f9a801bb9ba814853e334022c308cba579b66de4b50200	Y	ok	OK
A	427	4ae4f8418922461f1cc57224cd7d551da5ff729ba83e47ee358021b261224e06	1078	3600	430	9624505021475327605	c010bcaf5791c13895222abb44509f5ab428fc06e38b5387c9c5460776b90200	c010bcaf5791c13895222abb44509f5ab428fc06e38b5387c9c5460776b90200	Y	ok	OK
A	428	1c790010f185d1c13bf0764c41fa0752d43bdcd629f73903fdf273b6fbca7ad8	1100	3600	431	13062597076016235266	1b4e5e9e40a0938a9a4307a5c65fc608566ba3ff888d5a63410652ec87040500	1b4e5e9e40a0938a9a4307a5c65fc608566ba3ff888d5a63410652ec87040500	Y	ok	OK
A	428	e6fbca4dd8c62318feef0bb4394af6cf6489d9b7c9177e4bafc5520f57f23763	1100	3600	431	13062597076016169832	684e608ddea47022b0561d46d7c9e2e0706a83430af1c1d60985d08281a80c00	684e608ddea47022b0561d46d7c9e2e0706a83430af1c1d60985d08281a80c00	Y	ok_off_best_chain	OK_OFF_BEST_CHAIN
A	429	a92bd63e289b02ac36d82c4a5a8e5c3552d326da2ae90bbb1e59fc220fc70ed0	1123	3600	432	3858316654123450478	08eb5abd9b32f65b8ac572c705b4604d4ba6decff0e9aff1f9bf95942b480e00	08eb5abd9b32f65b8ac572c705b4604d4ba6decff0e9aff1f9bf95942b480e00	Y	ok	OK
A	430	29e029ad15e1cf4d93ec7a9360a6da8421a57cdc61faccd5865cfbdb61a0311f	1147	3600	433	12669893067793335018	a40d6209b6ef0a90ea2ecea710ef1ef86da62bfa1774cdafde3bfd5e7b3e0500	a40d6209b6ef0a90ea2ecea710ef1ef86da62bfa1774cdafde3bfd5e7b3e0500	Y	ok	OK
A	430	1de5c75ea0b0c8f52cc46fdc14aea45824378ae11dde7fc412c77e00e4f123bf	1147	3600	433	12669893067793335062	159d34ca993c4d4cee65ba366c3b337ecf830717c484042247e65c82aff20d00	159d34ca993c4d4cee65ba366c3b337ecf830717c484042247e65c82aff20d00	Y	ok_off_best_chain	OK_OFF_BEST_CHAIN
A	431	93a7ce4df00328ebaa1d88ca33ba14ee7ff2cd8e98f3ae0296866102af5b71a4	1171	3600	434	17684336762479968432	7cd15d8de4889aa92aa3d4334240c6d0c5288d1ca4ed0c38dc0e1e180a020700	7cd15d8de4889aa92aa3d4334240c6d0c5288d1ca4ed0c38dc0e1e180a020700	Y	ok	OK
A	431	2b0f883531f642e17892d3526dd32898285c783a54cd4103856d5fd9dbde4999	1171	3600	434	17684336762479968586	71a4c0845d3ae8ec96c3c71e0aec2b2f72b51dda491ae0ba38e0a582d94d0500	71a4c0845d3ae8ec96c3c71e0aec2b2f72b51dda491ae0ba38e0a582d94d0500	Y	ok_off_best_chain	OK_OFF_BEST_CHAIN
A	432	db81892f36d97f32e9e2dd0d643525c869bfd4806979207a0d4284984091f437	1196	3600	435	4649256158949900497	254b3dcd3fd441710bb5f2322ee6b4dce5fb1562958b1076af0503130f1b0800	254b3dcd3fd441710bb5f2322ee6b4dce5fb1562958b1076af0503130f1b0800	Y	ok	OK
A	433	a10a96a671dffc39971d62d210bec5d422b0eab8318675c069f17f20b5ad098a	1221	3600	436	6116022601891447456	7dd8b37b843ab937e733954c70aed55f09fa8c5db9aa28810d71e8ddfce20100	7dd8b37b843ab937e733954c70aed55f09fa8c5db9aa28810d71e8ddfce20100	Y	ok	OK
A	434	7918f1a2e14b95cf39bc45a5b95fc235109603792f175015c2516cbea3f7e398	1247	3600	437	845969473386088991	3592b6e8b2b8eca145f309f5b4ade5154ece4fd87f1827fcb269a45e99910400	3592b6e8b2b8eca145f309f5b4ade5154ece4fd87f1827fcb269a45e99910400	Y	ok	OK
A	435	38cb482da2103989db2c718625e2c64506bc49aa09e81d02b2e03b3194466bb6	1273	3600	438	3529839260427355469	7f37eb5de5d46c39fc52a52c8017384a521d2db7b82eee8aaf4f460a85a40300	7f37eb5de5d46c39fc52a52c8017384a521d2db7b82eee8aaf4f460a85a40300	Y	ok	OK
A	435	1b9bde01c84db79ef96d53cb9ca2f76b97e9eda7d5304c5b7ecf7efefb9b586e	1273	3600	438	3529839260427355680	91c7d229fff6f84e7077f7d928939dff938b52b048aee328c5f248cff6c40200	91c7d229fff6f84e7077f7d928939dff938b52b048aee328c5f248cff6c40200	Y	ok_off_best_chain	OK_OFF_BEST_CHAIN
A	436	6780ee6505b940859696a34a92c4e09d1d9af80b7fb813ac4ca3dcfe681c5fc5	1300	3600	439	9576432285754917110	47053d2b3be92651edc22b67b2c43ae0fd6f210e64413e34a48515be14410400	47053d2b3be92651edc22b67b2c43ae0fd6f210e64413e34a48515be14410400	Y	ok	OK
A	437	5fc8802d5c58a10837a58c10ef112c7533168d1ab009154e8233f4bd2a3ca945	1327	3600	440	12907247894171518431	a376d2a4a9a95e6893fa33f168550380b60b65e3d1729723c1f66e2e27d10500	a376d2a4a9a95e6893fa33f168550380b60b65e3d1729723c1f66e2e27d10500	Y	ok	OK
A	438	29eb34fbc4964a9b7cd06602a66c57b53b5e0423586b385de642ac74843ab3e2	1355	3600	441	7558246454947578101	13e0996669720706c7d829bd7640db68d9892562709ed69f2c44c201ee421000	13e0996669720706c7d829bd7640db68d9892562709ed69f2c44c201ee421000	Y	ok	OK
A	438	05d7e6d7dbf546552211acb65e04c7ea3750b77314caa7b653fffba16425f167	1355	3600	441	7558246454947578265	427d49f7f9f92741ab9467847bfaaef66acca7d91e5123074dcb3f0390550000	427d49f7f9f92741ab9467847bfaaef66acca7d91e5123074dcb3f0390550000	Y	ok_off_best_chain	OK_OFF_BEST_CHAIN
A	439	1dc59d604614feea939794b099db302932edb36a18e2051410018181bd4dde01	1384	3600	442	1393180317287811453	3a0ae57759dea132745e591ee4c5b72a1f8b7db0f023360e2bca513d09ed0600	3a0ae57759dea132745e591ee4c5b72a1f8b7db0f023360e2bca513d09ed0600	Y	ok	OK
A	440	dba178c2a24eb53eee30a845cd33f318b25e132869f26944096e4149afaf2091	1413	3600	443	9799028822820061595	fca1f6507c7bd0f60faf11e52886a70b338cd4c91b1271530d0a7ae33bcb0600	fca1f6507c7bd0f60faf11e52886a70b338cd4c91b1271530d0a7ae33bcb0600	Y	ok	OK
A	441	1d77482e76a8a0c39ff1a1847396b1d67222b330bce57119fd0e6ca779247798	1443	3600	444	17910078521275843530	9d55878e0ac85b1901945087034454c104a2afb37bb2690d60006da50dca0100	9d55878e0ac85b1901945087034454c104a2afb37bb2690d60006da50dca0100	Y	ok	OK
A	442	810dbe321d11dd73ac4290f2a263c89483abfa04a5090adf1149c3c09af79cc4	1473	3600	445	10742485184717783523	40d55c93c6d525a4a82825742d5ffcc3bce72ff0d6386dc745343986aad70200	40d55c93c6d525a4a82825742d5ffcc3bce72ff0d6386dc745343986aad70200	Y	ok	OK
A	443	51a569aac5b4cdd01561001faa0be698f66abde055c9474cdd2fdd37cee8541e	1504	3600	446	10580336025966544204	2729c7c937b05c1317d61327280cf21980e00f2145f562f21e354e7fe1830100	2729c7c937b05c1317d61327280cf21980e00f2145f562f21e354e7fe1830100	Y	ok	OK
A	444	3ba81aa37c56d665c3323d2f474d9271036434a32c7c8176e482e3d4693d03fc	1536	3600	447	6512028641101185136	dc87178e1e7d500efc23daec469a8adaa6660758be3aa3710e04b0f569520300	dc87178e1e7d500efc23daec469a8adaa6660758be3aa3710e04b0f569520300	Y	ok	OK
A	445	af1159c43e711553001b89cb7d57f23d33c0e606347efd095e8835a42395884a	1568	3600	448	12317689965516423702	1b1b165f2b60653ef1c25476ead2d8c474b006712b1737a81d6628a0d6b50d00	1b1b165f2b60653ef1c25476ead2d8c474b006712b1737a81d6628a0d6b50d00	Y	ok	OK
A	446	ead60767dab6ca77d4fdb26ae96a14e5dad14b2ce3eefe918356059f0ca4e253	1602	3600	449	6019620939946361937	2b23e252be62c39302f42be0ff93436da4fc739d1527e877f02176ca861f0200	2b23e252be62c39302f42be0ff93436da4fc739d1527e877f02176ca861f0200	Y	ok	OK
A	446	cf0999d25c671e3574769a537d5bbd716b377710bd930ae64a531db8add463ad	1602	3600	449	6019620939946362139	6185d84904048a65c259eadbd71bcb07a131da66bbd5048793693f771e7b0800	6185d84904048a65c259eadbd71bcb07a131da66bbd5048793693f771e7b0800	Y	ok_off_best_chain	OK_OFF_BEST_CHAIN
A	447	7399c1efa259e737c11a84d7622bb88cd17fa01056c714e1f2c0f328b4c0b3ad	1635	3600	450	9905640592690479391	92dc73428e1ea043b578bde1971fa61adf4e87ef112d1c8000b94c723c470d00	92dc73428e1ea043b578bde1971fa61adf4e87ef112d1c8000b94c723c470d00	Y	ok	OK
A	447	130de38a34bb1813daeb8a1a868035c1a092486bb889b6d48eb3c6fc0400092d	1635	3600	450	9905640592690446889	5d811da1f312e56fb63b53ae36e5aba6c8a66b6363c993e8a4f49b02cf871100	5d811da1f312e56fb63b53ae36e5aba6c8a66b6363c993e8a4f49b02cf871100	Y	ok_off_best_chain	OK_OFF_BEST_CHAIN
A	448	b1b91a6070f56793ecf6da65cd57a44cd344c29d0f0fd03010145b3bf3478c23	1670	3600	451	10521728598757344688	288e964fa129ffc6e582ae683b8d52f8de73807433661fa108481fa938e60900	288e964fa129ffc6e582ae683b8d52f8de73807433661fa108481fa938e60900	Y	ok	OK
A	449	ed1b910b7db2a7a41e8cbea9ddb47fc1bbcc494b6232c176d18a480247bc4fd4	1705	3600	452	11067372801798177137	a28eb6e823ba2e0271522c690251d53613809863f2722221741c5bb784cc0300	a28eb6e823ba2e0271522c690251d53613809863f2722221741c5bb784cc0300	Y	ok	OK
A	449	39a36b76d5290cde32cb43c2e049aa1ba611c53aeecb6809555d8a3c58220b50	1705	3600	452	11067372801798209928	e806c0440770fa074f2f5add68000ae16b90d9136f00cddf254d7627c5751100	e806c0440770fa074f2f5add68000ae16b90d9136f00cddf254d7627c5751100	Y	ok_off_best_chain	OK_OFF_BEST_CHAIN
A	450	c0923678929476267f0a97422a164d130e0a1d789feb96b79a70904b1d3a9063	1741	3600	453	10265794121813787329	862ea8ceb3dca9bfd1d2c510a82ec89a707083e433e019a84780604fda180700	862ea8ceb3dca9bfd1d2c510a82ec89a707083e433e019a84780604fda180700	Y	ok	OK
A	451	4043291d754f9ef1c63d761e5e8dd6b1843bb2cc1991c12efb2087eb7da4a0f1	1778	3600	454	9542453605475386717	d3246a494faf0bc249266e2f4c4d9ad73790743385f6600114a68efdb2ef0500	d3246a494faf0bc249266e2f4c4d9ad73790743385f6600114a68efdb2ef0500	Y	ok	OK
A	452	fe4e6f6237de4ed3322d722d794870d59f19553aae3db9de3c1257bfa8a8f7cc	1815	3600	455	1445683406263353643	5605e5f99e6b0d8c7a8569f155e565942bae9b545aedd432c6bde8a76bd70d00	5605e5f99e6b0d8c7a8569f155e565942bae9b545aedd432c6bde8a76bd70d00	Y	ok	OK
A	453	10d15893eaf51f978577d000b4423f709c601740579d2e3e43de3e60446992f1	1853	3600	456	12475965123896377854	8b97bd5083b71c65b47dfd46d0c2b799fb92651271d829866619f4573d080700	8b97bd5083b71c65b47dfd46d0c2b799fb92651271d829866619f4573d080700	Y	ok	OK
A	454	26ab62adb8c1125617a6f97e686c1a4d3232302dcb9dae59f28ff8688d5cdee4	1892	3600	457	10260075364269228113	71bfa3a8f1cf69eadedb7b26abe109fa1a276c5bfe038ede3a6e936291b50200	71bfa3a8f1cf69eadedb7b26abe109fa1a276c5bfe038ede3a6e936291b50200	Y	ok	OK
A	454	a03d0951c2c5ac4a2a99a5e86248762056a2035e06f4bca2bf8204ba529746c5	1892	3600	457	10260075364269228364	9bb40289b5f88d5400bf584f433b0537ff97b487162092b1c94c7956fb400a00	9bb40289b5f88d5400bf584f433b0537ff97b487162092b1c94c7956fb400a00	Y	ok_off_best_chain	OK_OFF_BEST_CHAIN
A	455	25a3c861a53539a8b81fda2330abea30297a0a55ad02d35312bea297d97950b1	1932	3600	458	7799584313736988100	3313d6d1c7038583c999ebcfe96277641c6736ace1192be2f0091ddb4bb70900	3313d6d1c7038583c999ebcfe96277641c6736ace1192be2f0091ddb4bb70900	Y	ok	OK
A	456	1135e06486ca1253ccbb5460c6c7fa5943dc76044a43458b64304a12595e6779	1973	3600	459	2199032760314691883	a7a454c7b15fee32a4c3c149e777c43cc6fdd3f9ea755c46eac7fcd64afd1000	a7a454c7b15fee32a4c3c149e777c43cc6fdd3f9ea755c46eac7fcd64afd1000	Y	ok	OK
A	456	69d475e2689dabf36f9d5f007925ccd9de01eaa76981f8979497ad8ab9c6b951	1973	3600	459	2199032760314626597	d6e732d3d36ed6153b091a6d16ae404b660118929acf7dee66fa1993862b0700	d6e732d3d36ed6153b091a6d16ae404b660118929acf7dee66fa1993862b0700	Y	ok_off_best_chain	OK_OFF_BEST_CHAIN
A	457	f7e9fd01304d4fe80c2c2d5346c9fca961e50d624354e5e4c58e42f8cd34e4d0	2015	3600	460	5485550844839461791	271c4d1ae71dae23eed6985ca4aaa923d7665e06e86838fd66f9a9f89dda0900	271c4d1ae71dae23eed6985ca4aaa923d7665e06e86838fd66f9a9f89dda0900	Y	ok	OK
A	457	6085f7acffd5bbe981fe2d4698cc5a16c62f307b64b4a2dab51fa5c6697397f9	2015	3600	460	5485550844839462011	3ccc395c9d8a2a2b649a80f2ace4fcd05eedc409196c4f28880b26aaf40a0900	3ccc395c9d8a2a2b649a80f2ace4fcd05eedc409196c4f28880b26aaf40a0900	Y	ok_off_best_chain	OK_OFF_BEST_CHAIN
A	458	cb06dece5dcf24ba23ab64cc421be4fb6059c7cc510867096a6a8e85d4539cee	2057	3600	461	15688040215316824073	74adcc9c5264ff7edcca4986e6f958596472dae3181a18af4803463559810600	74adcc9c5264ff7edcca4986e6f958596472dae3181a18af4803463559810600	Y	ok	OK
A	459	b985e8f8f7f297803a7ea3e069102f9439cfc4e365dbe3a9a8f228f368426469	2100	3600	462	12504360973756367529	0783df4ccff0ce1ff03019edcf5eac22ed96d8249016a7126a1a91e5a38e0000	0783df4ccff0ce1ff03019edcf5eac22ed96d8249016a7126a1a91e5a38e0000	Y	ok	OK
A	460	1564ee677cfb165d8fd489264193901fc1e307eedc712c269ddbdbae17332400	2145	3600	463	11106403974230672808	e5ca234232468493c434cf0e9636d14138b6b9bd6e1c90403137f33604b40a00	e5ca234232468493c434cf0e9636d14138b6b9bd6e1c90403137f33604b40a00	Y	ok	OK
A	460	16d52f829646bd6c05ebf3536448090d92999e15d72ac27af527f677b31d6405	2145	3600	463	11106403974230574624	9be9b5d3279e2fb15019a39a9fc1c8a0c895a4fce0bd74dd025f349b84680300	9be9b5d3279e2fb15019a39a9fc1c8a0c895a4fce0bd74dd025f349b84680300	Y	ok_off_best_chain	OK_OFF_BEST_CHAIN
A	461	f0daf57cc69b41a8707e625816269c1d1ab7e000745e70bb882e174ac3908437	2190	3600	464	10971415325370811090	d93bb6cb174edab4f562654bd925540e1911ea5c27e52d81a295a2118bea0100	d93bb6cb174edab4f562654bd925540e1911ea5c27e52d81a295a2118bea0100	Y	ok	OK
A	462	f8f37ad38e26fab1b923ce5950c844adea9ff7597f230ee7867b8c107de1bc79	2236	3600	465	12196027977405858309	6d1501d4631d317521a0b7563949c9be081fe960567df4ec8c0c4b593aac0400	6d1501d4631d317521a0b7563949c9be081fe960567df4ec8c0c4b593aac0400	Y	ok	OK
A	462	142f1f57df4311801e37c8f6641104b5345e596741f841113437afc40ec61957	2236	3600	465	12196027977405858478	94722598b0583a4757d59e2397bb6b5eb21527644c78798e4fc81bbdd8210e00	94722598b0583a4757d59e2397bb6b5eb21527644c78798e4fc81bbdd8210e00	Y	ok_off_best_chain	OK_OFF_BEST_CHAIN
A	462	758931144543f0cfab1275b16d739f1af8aab22d549da3e5c98e8323ef3c9906	2236	3600	465	12196027977405825783	40ed7e079e8d404913062e814b6cb7f1fa9e98ab40fc4bd7a98faaacfe7e0f00	40ed7e079e8d404913062e814b6cb7f1fa9e98ab40fc4bd7a98faaacfe7e0f00	Y	ok_off_best_chain	OK_OFF_BEST_CHAIN
A	463	88b67a5897686d4fb7999c29df21d4a4a1e82c1636cfca4b83ff199b27a0d288	2283	3600	466	14031425708107007535	d0f52734096522c438a2e92bd906a728806425e7287d44ad21b10709536d0200	d0f52734096522c438a2e92bd906a728806425e7287d44ad21b10709536d0200	Y	ok	OK
A	464	f2f7582ac5cdd0b92e85277334710b4e8447ed4f19aecbf27ec0259a29e697ae	2331	3600	467	16683573906082202697	9aeac158f62955260368d61006cd228c9c2b582287f019861e97a9d92ac40100	9aeac158f62955260368d61006cd228c9c2b582287f019861e97a9d92ac40100	Y	ok	OK
A	465	c70e77196f9e5b16d57dcc5b75694794042042a2c80d5bea36f812fe95ed2138	2381	3600	468	15720095939953688944	3712a963a91f641ceada84b990741e4d14f45237f11afc159cd8183f75530800	3712a963a91f641ceada84b990741e4d14f45237f11afc159cd8183f75530800	Y	ok	OK
A	466	3309b164eedbfadc13a46684d66c86ceb124df8f378874f042daa4e62d3c4ee0	2431	3600	469	4409441222549046058	a9bed5459aa698c905be84f1cee311b7b050da3f0617ad61dd9c0518556e0000	a9bed5459aa698c905be84f1cee311b7b050da3f0617ad61dd9c0518556e0000	Y	ok	OK
A	466	11591f93c1a5cce0c206ca84f0314fca6f3ad6cf89619fcfb9dcd7fe9e641e9b	2431	3600	469	4409441222549046081	7e35eb051e68dbf18507f3c55cfaa5f4dc7ee4b26965ec19ee99b40f68480700	7e35eb051e68dbf18507f3c55cfaa5f4dc7ee4b26965ec19ee99b40f68480700	Y	ok_off_best_chain	OK_OFF_BEST_CHAIN
A	467	4cb658f405d1aa7b7242983816a82e34ab350ba3e0143fa219ac39d5118f63f6	2482	3600	470	14196580184324342359	cd28c260f54c5b64f1cd4bb67e4a2e158f57c6eb6ebbfbd0960d5df952b30d00	cd28c260f54c5b64f1cd4bb67e4a2e158f57c6eb6ebbfbd0960d5df952b30d00	Y	ok	OK
A	468	ce0f53930d33c273016af9247679ff78847a80a90c4ccd57d5c4404f09d13c42	2534	3600	471	4552209384326826526	d795a7be7b17d218fb1ca664fd87bf61f95b760403664420e09ad68c727c1000	d795a7be7b17d218fb1ca664fd87bf61f95b760403664420e09ad68c727c1000	Y	ok	OK
A	469	41a334b9f1ba629f3b55970fc1873684adaf02a14d903d8eea3e4c17beee577c	2588	3600	472	7517191068723544722	6fb03d56a97a9eebda8b726d87236cd4540b318cf902045abe9ddf7466ec0c00	6fb03d56a97a9eebda8b726d87236cd4540b318cf902045abe9ddf7466ec0c00	Y	ok	OK
A	470	8f08af77eedbfd6132ac251fe24ad134e8e048ba5d0788c1fe95204e1252023d	2642	3600	473	4378175256498635310	618c75a5c35dbbfe8d67ccb80af7e06bc08ebfaf6732ca0c9c89837724f30900	618c75a5c35dbbfe8d67ccb80af7e06bc08ebfaf6732ca0c9c89837724f30900	Y	ok	OK
A	471	55e7df8692b70e2a7709901c27cb4ea17168381aff4625ad8459d69a89edf298	2698	3600	474	17676662368886688705	cc12bdb71afbea02c08b6c02d70f93437d28ef68e1f1b56f9e63d68464440600	cc12bdb71afbea02c08b6c02d70f93437d28ef68e1f1b56f9e63d68464440600	Y	ok	OK
A	472	7a98735f53fe2e8e4c8d1566a6570a4922c47d3ed1a9f402669950f433f23ad5	2755	3600	475	18060748933252057270	216469f750eacf6a72541b76be9f9f5367ed11c4bb577610370184a9532d0900	216469f750eacf6a72541b76be9f9f5367ed11c4bb577610370184a9532d0900	Y	ok	OK
A	473	8e76cc62d7a467a0087080ea6fffb88cd58dfe5a8f34972292040e3f826cb0ae	2804	3600	476	12180656358172918071	e93d3875b1cab88138b1c4dbf9cb64c0c903d401bc0cefd97161e9f36cb21000	e93d3875b1cab88138b1c4dbf9cb64c0c903d401bc0cefd97161e9f36cb21000	Y	ok	OK
A	474	e632e3c1a0809fc5531e1ddfa33c60fb2cb38d5e94d860d2a05eaadb9cb1e80e	2858	3600	477	13189977817376424122	3a66c00ceb603cc2ed73fa04b4359a33740c76a3c240752c0f1f2dba4dfb0b00	3a66c00ceb603cc2ed73fa04b4359a33740c76a3c240752c0f1f2dba4dfb0b00	Y	ok	OK
A	475	63b7253e0c33e2b59be2a248c72b9e16940e732919f0ae4a4e111a5111014246	2919	3600	478	3696409503894341065	626582ce1bbf73c71c146d07cf7215e9112bf9ee2570a3cbfcc4f9a88d930000	626582ce1bbf73c71c146d07cf7215e9112bf9ee2570a3cbfcc4f9a88d930000	Y	ok	OK
A	476	6780a81b680f4322dd6b44e5c8b0b1d97344142761ca5f9c470dd1723aaef6ac	2981	3600	479	9693213082188350623	0c8ef14599a88fdade81abe974d118dd0e3ebbb1ef33b94bf5dac1663ca80900	0c8ef14599a88fdade81abe974d118dd0e3ebbb1ef33b94bf5dac1663ca80900	Y	ok	OK
A	477	18993a132a77247f430f73d220d1081dfbc7fa73a5c45714ba05ff0f3dda0f28	3045	3600	480	11896373078441132898	0422b0cf26f2cd54e2a705ab5e26a7ce7d318b17074f0689a70eb17e320c0800	0422b0cf26f2cd54e2a705ab5e26a7ce7d318b17074f0689a70eb17e320c0800	Y	ok	OK
A	478	9dc323a304c66ffb478128d3657a1f10274cf4899a3e74edaa72be2f70886c2c	3110	3600	481	12982949145189810925	659dd980367fa969da45a50f960d0fab5ac895cfe46f3583507712330c620700	659dd980367fa969da45a50f960d0fab5ac895cfe46f3583507712330c620700	Y	ok	OK
A	479	9ef491df29ce6ab6f1f6ec8dcfdbf9424614ccaac2fee2e044701e3bdf1f7185	3177	3600	482	11091095916218712653	1a34f7fb167ec945637771a2d848f906626b8edba12f6dc9b31fd07ae10b0800	1a34f7fb167ec945637771a2d848f906626b8edba12f6dc9b31fd07ae10b0800	Y	ok	OK
A	480	d58e13db6590dd32745e51acb52c1ba7bdc8613ea3b0f0cfe6b88f96d09f7380	3241	3600	483	11525481954984100134	c94f7cfae9cb1d23d42d79b08fd49c29493fa027c587727f04f7721427de0f00	c94f7cfae9cb1d23d42d79b08fd49c29493fa027c587727f04f7721427de0f00	Y	ok	OK
A	480	f94525dd05b503273d4071f1e67a3ad2e2317c8c6f060df7ba1939fcfec44d9a	3241	3600	483	11525481954984067440	3ae398f8aac4647a8c3ddc9fe7ac2de3987be25779e0826211e596d160190200	3ae398f8aac4647a8c3ddc9fe7ac2de3987be25779e0826211e596d160190200	Y	ok_off_best_chain	OK_OFF_BEST_CHAIN
A	481	e03fe9ab2144efb18370f7c119568b674faee1c1bc2fdeb372a8de134b8e4121	3310	3600	484	8658078135096542940	ceff7c326ec5ba4c720703e563f6473b9f90ba30fd0c231d74fceab184351100	ceff7c326ec5ba4c720703e563f6473b9f90ba30fd0c231d74fceab184351100	Y	ok	OK
A	482	864cb3d0ecc91db3407f4872a6acb6fec18fa62c8ee29cc39720bbbfdb998e73	3382	3600	485	17667896374995190473	96e30b6445bcf6a35b8df27905fb2963dc7264a6d9d6b39373372cddf90b0200	96e30b6445bcf6a35b8df27905fb2963dc7264a6d9d6b39373372cddf90b0200	Y	ok	OK
A	482	602814b38d1ed97a8e2231c2a9cdfae52d041fa2e94bdec100c704ae5d09f2e1	3382	3600	485	17667896374995288937	e952afa7bd86ff6f13396f1a86e17b99d24bca954425c874cba8eb980a2a0f00	e952afa7bd86ff6f13396f1a86e17b99d24bca954425c874cba8eb980a2a0f00	Y	ok_off_best_chain	OK_OFF_BEST_CHAIN
A	483	b6c974f741618cc3a9ffc8878b70a1e80158e75091103272b34cb6945bce8c0c	3454	3600	486	4703227302106923067	667559081d0939dff87e84023f24a93aad1acf48e3551e2d16e1162751f40a00	667559081d0939dff87e84023f24a93aad1acf48e3551e2d16e1162751f40a00	Y	ok	OK
A	483	961e54b323dfeb2dd5418d02a09436562eec76925804c37ae05549b82b7a614f	3454	3600	486	4703227302106988882	635f0af8118b61ccdd0f198dcabe5333458d32cdb39856c1f7265605050b0b00	635f0af8118b61ccdd0f198dcabe5333458d32cdb39856c1f7265605050b0b00	Y	ok_off_best_chain	OK_OFF_BEST_CHAIN
A	483	088922251c05fddcd5a596a926d0f2da9043428a618ec6715a89e0be5c193dbf	3454	3600	486	4703227302106890790	8695a797eee6cb85a742b4dbcb6951907426cf897c03ff58fcf7c4fe77670d00	8695a797eee6cb85a742b4dbcb6951907426cf897c03ff58fcf7c4fe77670d00	Y	ok_off_best_chain	OK_OFF_BEST_CHAIN
A	484	7606c2d69ddb3f3d94b3f9960991cde1b7e0d3693a4f02b03bee2047ae874c86	3529	3600	487	3586067164085389799	d2f86d70dcad139bf852c5d287815de428c6dee6203c16912bd53df95d910400	d2f86d70dcad139bf852c5d287815de428c6dee6203c16912bd53df95d910400	Y	ok	OK
A	485	7be67012175f3397b6ad79fd29b5780651d598bb336dcd07d4d76d54d0d618de	3605	3605	488	14210917888964952100	ad629ae92ba387a769b5796c004c3f89f25642265a6aff80080e272261b80c00	ad629ae92ba387a769b5796c004c3f89f25642265a6aff80080e272261b80c00	Y	ok	OK
A	486	15f0203a62f9fbbefebfd1e5e4d53419cd7cfd51308964ca8137e864268a1f99	3682	3682	489	12784545050801472253	a5a79115066bfcf6bd790734415994de87619a48f4e6426d6a7211a3fdae0600	a5a79115066bfcf6bd790734415994de87619a48f4e6426d6a7211a3fdae0600	Y	ok	OK
A	486	e4e3c850335c027e3cb6f883c7c53141d03d241580973a6032965bf037dd7003	3682	3682	489	12784545050801537805	ddd16c38f73c3d7eb2ee01dbe68adbb10d238a609dfe13905da662f427090100	ddd16c38f73c3d7eb2ee01dbe68adbb10d238a609dfe13905da662f427090100	Y	ok_off_best_chain	OK_OFF_BEST_CHAIN
A	487	8c4e340588b9ba3a7ccf56484a171559d951994ffc747174c201fd5b37e228fc	3762	3762	490	10991906150483526643	80fd12c291adc77342dc885a7d796a85d322af637267c8d904d3a1f3765f0200	80fd12c291adc77342dc885a7d796a85d322af637267c8d904d3a1f3765f0200	Y	ok	OK
A	488	86f62ba60ca93123826565970736315685329aba1b130ff53830f221350df7d2	3843	3843	491	6537210257695835435	f25680a69f04e00b1c7c3ff69e733550fa11adb3cbc9f3b0e23bb6f2b59e0c00	f25680a69f04e00b1c7c3ff69e733550fa11adb3cbc9f3b0e23bb6f2b59e0c00	Y	ok	OK
A	489	14281e1c6068354490660fe8e02b81475a70a39259240aaa9e9aa60cb96b2aab	3924	3924	492	3212588954192709909	ac8e9f4b6df0207d3e988a7e344141749345a79f354d0e166a1791042e2c0a00	ac8e9f4b6df0207d3e988a7e344141749345a79f354d0e166a1791042e2c0a00	Y	ok	OK
A	490	04c9abeba373ed89f77aad5924033377784acf4810bc04c946c7d0731984f671	4007	4007	493	15103939390503747651	4a0ec99cba265cbce5518a509c0b717e94abb62268579b86c1c858c01d9d0300	4a0ec99cba265cbce5518a509c0b717e94abb62268579b86c1c858c01d9d0300	Y	ok	OK
A	491	a8710156c96895052a38ff4f9b1837a4bd2bc8be1eafb72a3bae36684c0402ea	4091	4091	494	4101327364020077178	4fdf433388a4c8aaaab0efe20847a52b84d28d8edfc5c3d55978cb5249370100	4fdf433388a4c8aaaab0efe20847a52b84d28d8edfc5c3d55978cb5249370100	Y	ok	OK
A	492	e16fcb17deba8be67858bff503aa0ce659e48b19e560c28531cf338ed261ea9b	4177	4177	495	3365503344847126591	d4c36b562717e9fedc72e0e5fa2c7dd2ae9416256539ccb2e722839f22690a00	d4c36b562717e9fedc72e0e5fa2c7dd2ae9416256539ccb2e722839f22690a00	Y	ok	OK
A	493	de05c1df975d8cba76ab7bb06719da751c727004be3912a34b340efa166547c2	4265	4265	496	14895614643216123316	23c20f31b9cdfb593121087ec904a36be7fa83f2476fabbefd52c1eb0cde0d00	23c20f31b9cdfb593121087ec904a36be7fa83f2476fabbefd52c1eb0cde0d00	Y	ok	OK
A	493	a131381efa0e13471785e204633051ab7839f61a0db46961d0e0875cadd0b89b	4265	4265	496	14895614643216090575	4a53313523f6e60e56ea333312b02b066613b3afc480fca34649d1bb5c0e0f00	4a53313523f6e60e56ea333312b02b066613b3afc480fca34649d1bb5c0e0f00	Y	ok_off_best_chain	OK_OFF_BEST_CHAIN
A	494	92b7b5b13730b68b37360f5a691ea9bf884264bd9aff77502af730a93e6e7d64	4355	4355	497	16448156612465557948	7e7a7d265e7e1337e4c0ad900fce5aba7bf5edb466db0fb3f19d552fda6c0c00	7e7a7d265e7e1337e4c0ad900fce5aba7bf5edb466db0fb3f19d552fda6c0c00	Y	ok	OK
A	494	4820fe9a825e8060a6dd1a86d266c8e897ca0e7f61d68b0e75008bb3eb7e5ddd	4355	4355	497	16448156612465623693	fdfd01cfb48241d7d19274f94c15b5e03e9b065fc096e1e9acc0e5bd6c910400	fdfd01cfb48241d7d19274f94c15b5e03e9b065fc096e1e9acc0e5bd6c910400	Y	ok_off_best_chain	OK_OFF_BEST_CHAIN
A	495	37c3bcdf0b6cc64519c8139e08dc55680bc26f976aebb714d14db9ed755c847e	4447	4447	498	2118821544527396886	30fbe3542c73e2b1751fd9ac9fd15c55f22cbaf92cc02903a44285faab340700	30fbe3542c73e2b1751fd9ac9fd15c55f22cbaf92cc02903a44285faab340700	Y	ok	OK
A	496	8b54c5d1ed6978e476ca4b7909bcba8af8cdb9a286bfe8c5c8d6ca5eeac8fe77	4541	4541	499	16619220276487459708	f30783b4623e85db09eb3cfebbae510d3c24214625f37528d6a9699a57a60600	f30783b4623e85db09eb3cfebbae510d3c24214625f37528d6a9699a57a60600	Y	ok	OK
A	496	2d351efb499df14d21a68faddd4338293519e1490278e8563990958a73cfc76a	4541	4541	499	16619220276487427123	3ef12707dd67d88476e5083323b92121a8661a8770f657808051db29a4290600	3ef12707dd67d88476e5083323b92121a8661a8770f657808051db29a4290600	Y	ok_off_best_chain	OK_OFF_BEST_CHAIN
A	497	6a4639a7fbfa14c49aca0e4b379a94181b09671ba075cd0c611e650258f8d476	4637	4637	500	5156236323362701733	010347edb10d1bef839f222275bdccfba8d955057edd9d361c9761e1a51a0600	010347edb10d1bef839f222275bdccfba8d955057edd9d361c9761e1a51a0600	Y	ok	OK
A	498	ba0cc9eca114d3465a016494a6e58b26f8041b4c53f3156c0327652b1dbd62dd	4734	4734	501	5385549287335724192	db28aa7a0f717b117e607c50c41a40c930b0fe9080639a4963b6060d31250200	db28aa7a0f717b117e607c50c41a40c930b0fe9080639a4963b6060d31250200	Y	ok	OK
A	498	99e8ba7ee25168e1f315486bc86330d961786bf716f6649977d755658d34669a	4734	4734	501	5385549287335724361	a539dc7ca56b4dd6ca0b0c7454cfca9794ac21604982bb3cc1180c72ea6c0800	a539dc7ca56b4dd6ca0b0c7454cfca9794ac21604982bb3cc1180c72ea6c0800	Y	ok_off_best_chain	OK_OFF_BEST_CHAIN
A	498	69c82fe9aa1b1e8a846ea73ce2fee5c4c5db7b1004b9495a5497aa34d7206a72	4734	4734	501	5385549287335724386	ffdb4f98a125a5eb7f827e03973a227031092ef7da08f405e13127e547f80700	ffdb4f98a125a5eb7f827e03973a227031092ef7da08f405e13127e547f80700	Y	ok_off_best_chain	OK_OFF_BEST_CHAIN
A	499	c8499c8daa4c06c3dd623da98a848ab5bc6153eefdcb9e28e069786ff9b4af34	4834	4834	502	5424653358247969190	3280e8968116f969215568d5be4f2c07c3a31f786c4ab156885c609d40770600	3280e8968116f969215568d5be4f2c07c3a31f786c4ab156885c609d40770600	Y	ok	OK
A	500	eeba156ddfc063db4ddf9aaf1a88074be3a7a31bc3f2540feb913d8d26cce571	4936	4936	503	6966976831501107974	450e27645a816201edc5fb03afaacf7f0b05175ce0ea6771d6e791f2de0a0d00	450e27645a816201edc5fb03afaacf7f0b05175ce0ea6771d6e791f2de0a0d00	Y	ok	OK
A	501	c61a98d1916201fdf76c8d58ea0547d3dd23a930f720063a5b3c500b481a9f1a	5040	5040	504	1826370602798186817	7ce8d56a0cf01a73cbef91f79a0415a03995ecfe770074f07f843ea458b60c00	7ce8d56a0cf01a73cbef91f79a0415a03995ecfe770074f07f843ea458b60c00	Y	ok	OK
A	502	9a70bdfe84b9d466872e2f376f952ab929d6c490d21216770c99fa68ba4518a9	5147	5147	505	6454962089244066276	065f432c86d275afe2146739191d6956b1d65978b3c6ac4052661888a6f60400	065f432c86d275afe2146739191d6956b1d65978b3c6ac4052661888a6f60400	Y	ok	OK
A	502	d79842f087d889ad02e8c9fde87254591afe410e5b3e753a5fc82e1a6d7c36e2	5147	5147	505	6454962089244000778	d449712bcf46d8c8eefe2bf8a54b960feeb64c0bb8852ca2e43c729a4b1c0400	d449712bcf46d8c8eefe2bf8a54b960feeb64c0bb8852ca2e43c729a4b1c0400	Y	ok_off_best_chain	OK_OFF_BEST_CHAIN
A	502	08509567626b80410e20268e87043de6e71bc8e2873d3c9de061085c0c40658e	5147	5147	505	6454962089243968056	4634118ded84ee9407bf46d153091ff85a16f9d8d2fb9e0e84525da9a06b0100	4634118ded84ee9407bf46d153091ff85a16f9d8d2fb9e0e84525da9a06b0100	Y	ok_off_best_chain	OK_OFF_BEST_CHAIN
A	503	335f34f394a44093f657d6a681e6c27d48d2c087b5deb94de96755eb9e6a6edf	5255	5255	506	3931805511653097736	09c5a14116e9cdbb342b610606b4949e00f5b91b866bb32371f5ded20cfd0400	09c5a14116e9cdbb342b610606b4949e00f5b91b866bb32371f5ded20cfd0400	Y	ok	OK
A	503	e4ad3a51854528979395260a0458f16326bd1d39ddc70aee94eb757f5bdd8d9b	5255	5255	506	3931805511653098039	8a1384e4eac534165a920c064470913cfa566356acc2e08416446f1da7a20300	8a1384e4eac534165a920c064470913cfa566356acc2e08416446f1da7a20300	Y	ok_off_best_chain	OK_OFF_BEST_CHAIN
A	504	8f0c6b35cd64dbd45bfaea1f8a2199e517092b87cd2958b3d3175041b4b20f26	5366	5366	507	11157866731932746837	f5e6cd0c320ea0bc2b9b489515ec867da7a2e0ee667bc78b9275e1df92e40800	f5e6cd0c320ea0bc2b9b489515ec867da7a2e0ee667bc78b9275e1df92e40800	Y	ok	OK
A	505	0121b231871f195f8c401dcb3b011805ffbea08424f9b691fe9a75e71aa9346c	5479	5479	508	11502858395141112733	92e12b2a5ce147fa21c1a9191969a00fb7bcbdd8fcff02d4fc163eed29420700	92e12b2a5ce147fa21c1a9191969a00fb7bcbdd8fcff02d4fc163eed29420700	Y	ok	OK
A	506	54de5d3d8022c8240a52df33562f92e2be9897bdde36e88a8802e51e935e565e	5594	5594	509	12319821931447583266	cc171ff52ef1ffa5584d2eb1ec958224f3a830141f63f1742aac16824ff40200	cc171ff52ef1ffa5584d2eb1ec958224f3a830141f63f1742aac16824ff40200	Y	ok	OK
A	507	bf3da3d08aaa38786f72c920d43cdbdc3deec0caa742330761c486798c040d1c	5712	5712	510	16744278823519978364	0eb33b5483e1a3749ddb62895f58c620502fdf393f01adc1a132a6a5ee330900	0eb33b5483e1a3749ddb62895f58c620502fdf393f01adc1a132a6a5ee330900	Y	ok	OK
A	508	9099a9d4605516ba694ffdf778636e15f44c90a2da87daf492d4f1f3bd744518	5833	5833	511	17543255414747955518	b575c412cfd86a003288d71a479b2db18575575197abad050a251cd810ea0400	b575c412cfd86a003288d71a479b2db18575575197abad050a251cd810ea0400	Y	ok	OK
A	509	1c274ea78afee63e958218ba058798a2aa2da30d8188146d3fe33e972d68f011	5956	5956	512	661091025581769184	c32d1757221697fc32fc14c8f980c1d706cd4d486dcbbff3d640493b1eef0800	c32d1757221697fc32fc14c8f980c1d706cd4d486dcbbff3d640493b1eef0800	Y	ok	OK
A	509	652ce158835647197dee25552265201e010f47fecc7269f4f24fd2ea4f175985	5956	5956	512	661091025581834965	e480ca1a12307d0a49bb76e43b54d45db37e73c5a8098289e0bb5a5786710900	e480ca1a12307d0a49bb76e43b54d45db37e73c5a8098289e0bb5a5786710900	Y	ok_off_best_chain	OK_OFF_BEST_CHAIN
A	510	2adc946608e4bdcf7e400d440cf167dcfbb67abae5897f89bc7e20066d2b8c3e	6081	6081	513	18403318191955740255	ec767384d69a0365564a92bdb8a849b8cae47b03435b74a91c2f7a5d01460a00	ec767384d69a0365564a92bdb8a849b8cae47b03435b74a91c2f7a5d01460a00	Y	ok	OK
A	511	c09bcf37ff6bf07696162afbe79420a6330fecf6b9e5267aea0446a0b7bca19d	6210	6210	514	15747730524040434476	7d11d7eef6714bf45f38aef5e01d8c94721a0057b6e32c69ca0c8b715f4b0400	7d11d7eef6714bf45f38aef5e01d8c94721a0057b6e32c69ca0c8b715f4b0400	Y	ok	OK
A	512	2f69163540bdb6fa1db6831938cd3322a4124d251692dce0327a108242dc8a43	6341	6341	515	13974815260301951328	4157749d91aae51d4cc9da0f2120258deee5438584d9d9e3556e5a32a4520500	4157749d91aae51d4cc9da0f2120258deee5438584d9d9e3556e5a32a4520500	Y	ok	OK
A	513	c594bf719cb0812934892eaac1857a8f72d0fb5a856a684c5bd122b8bedc2e3d	6474	6474	516	16892223537580935488	41e8328bcde60de9185a12017f9411314b5609a26321848b55f81a6160b70100	41e8328bcde60de9185a12017f9411314b5609a26321848b55f81a6160b70100	Y	ok	OK
A	513	b1422052cce5e5e6158bc12792e498d6db1a5aa162e9a38b0cbf804acb7d1b60	6474	6474	516	16892223537580935709	2afba61ba60179327d101f3ced7c7edaf5feecfc5279acabf7c34c8440d90800	2afba61ba60179327d101f3ced7c7edaf5feecfc5279acabf7c34c8440d90800	Y	ok_off_best_chain	OK_OFF_BEST_CHAIN
A	514	f5644db4d1925b83b8513a2dab92a58e6475fbd224602bb017e6be16be586958	6611	6611	517	3461594356102760390	915d13be41fb5a3539b40b98328ca7f7782cf3a4acea30c5f5274147dd170200	915d13be41fb5a3539b40b98328ca7f7782cf3a4acea30c5f5274147dd170200	Y	ok	OK
A	515	8f0b2d55ab94b070d326f05df96eedb37053693c5bc63a037be9df318371b84d	6750	6750	518	16902475044695869054	f11fa001afb8050e29f5570bfc9e0ca8400947cf68f0d6096a69c919dcf20000	f11fa001afb8050e29f5570bfc9e0ca8400947cf68f0d6096a69c919dcf20000	Y	ok	OK
A	516	c44f626da71cd91bc7e5ffe38daa7cc948aa3d6a09e0a0fafc8cf9d6745441af	6892	6892	519	11708845430384099881	b43dfa3edc48ef6af96df6db941f31932c5e93aeba31930689e665b562450200	b43dfa3edc48ef6af96df6db941f31932c5e93aeba31930689e665b562450200	Y	ok	OK
A	517	ff84c27dbdb3337dbc455ab24221f8c690c9b0337a8ca692616a76fb3f04cb86	7038	7038	520	1420715043384754199	31b7b65dec388897ae32cd3b0a0d5c6e686aef092680ca118520b846a6c60500	31b7b65dec388897ae32cd3b0a0d5c6e686aef092680ca118520b846a6c60500	Y	ok	OK
A	517	3c17a5ebde9188d469263af5f90225d38a4e079de5940add5e747eeccef15742	7038	7038	520	1420715043384820015	967d7e921a83c127d6b96071bd6e3f69c36d9abc5b00b59ff4ae0b2b4c9d0600	967d7e921a83c127d6b96071bd6e3f69c36d9abc5b00b59ff4ae0b2b4c9d0600	Y	ok_off_best_chain	OK_OFF_BEST_CHAIN
A	518	28fff9e7645be4a3ecd6d13ab1778fb6b346d1ea90ebfc17fba5ee223d79187f	7186	7186	521	5553036046758937252	9a466c3f50cc76e43ea928229f61364019fb206c14b58e8f34b4c906aaa00000	9a466c3f50cc76e43ea928229f61364019fb206c14b58e8f34b4c906aaa00000	Y	ok	OK
A	519	a578d5510196a31147ce981a1463c96c461c86b226110f2a1df9a78f0f2fe649	7338	7338	522	6877071754267755247	36de592eab8c632425e6eb66de7559ff64237a07ee4547c8eda36d0ccefe0100	36de592eab8c632425e6eb66de7559ff64237a07ee4547c8eda36d0ccefe0100	Y	ok	OK
A	520	2246ada975a7848a21e174574e9f32f667b9d39080713bef81938966972505a5	7492	7492	523	11811571981428492655	05b0431a08cdc5d799a522f0411f22dac02592c969d23b914cbed84d41830400	05b0431a08cdc5d799a522f0411f22dac02592c969d23b914cbed84d41830400	Y	ok	OK
A	521	0ccdfe8388064ba4c2e9d1db146c21910e705abaeec54c9bc00271eee4e59f1e	7650	7650	524	14808068452216013646	e427515b0e950857cacb4936cc4c5111290e1ee41d3a478fb73600c75aff0200	e427515b0e950857cacb4936cc4c5111290e1ee41d3a478fb73600c75aff0200	Y	ok	OK
A	522	49fc1f04e396f401891a0d873d36bb0b088924b685fe61b3b826530f174f7fe1	7812	7812	525	1721396396583590064	7518d27d3ea23edd3875fc65a5ecd2897164ffe4fe4c3c14167c083c7d830100	7518d27d3ea23edd3875fc65a5ecd2897164ffe4fe4c3c14167c083c7d830100	Y	ok	OK
A	523	e3615882f778de8dd4f273c5e2a17da8af667970edd8b2a9cdb59c3a1e2b5caf	7976	7976	526	6899732388268579713	9485358a2c554b72879f6ee3e3f9a24cada96d187186631ef8b434434b800000	9485358a2c554b72879f6ee3e3f9a24cada96d187186631ef8b434434b800000	Y	ok	OK
A	524	eef08233c719f41a2457009b8e7e3e8faab00562b96036d89156813502af125c	8145	8145	527	14368049147230031976	9cc92bb300187003ebbfa41b4aac3504d4d409cfd3e93134e2ff7d1395bb0700	9cc92bb300187003ebbfa41b4aac3504d4d409cfd3e93134e2ff7d1395bb0700	Y	ok	OK
A	525	6fb31625d3f2970dab0a2d3b91b3fce85bf2d7cbd95ac6b118a4cfb8f76fc3e0	8316	8316	528	18077790560323732644	a402f97fb9c70bd55a24bb60705fef99afef7bc4f351261b9cba43409d6e0600	a402f97fb9c70bd55a24bb60705fef99afef7bc4f351261b9cba43409d6e0600	Y	ok	OK
A	526	84e79dd06b235a43ea199978b5f76fd0d3784373049b9c028b527280ab977e08	8492	8492	529	5781062126860867102	7cac3070da5467bd3b489e02886cf23a77e1545e37b568fad7171a612f1b0700	7cac3070da5467bd3b489e02886cf23a77e1545e37b568fad7171a612f1b0700	Y	ok	OK
A	527	9c8fda5f05dafcdf855604947fda6f481af35c27a3d339f82b379eeb0c86a865	8671	8671	530	18074136500932512343	535c84e8e81147fddda312a8bfc7fad8cbd7c28e51767da5677f6a4d7fc00400	535c84e8e81147fddda312a8bfc7fad8cbd7c28e51767da5677f6a4d7fc00400	Y	ok	OK
A	527	af08cc6ee4471d304991f17c297354f790543cd247605c0ceb7fdb310c63860e	8671	8671	530	18074136500932479755	781dbc2fe978677adb9bf7d75529a7237a57a3d031e719fb1cc30c3470030400	781dbc2fe978677adb9bf7d75529a7237a57a3d031e719fb1cc30c3470030400	Y	ok_off_best_chain	OK_OFF_BEST_CHAIN
A	528	8446449d3357c27ea6827e4a5476cd25b3fcc91a8a2d44ffa7e38c265cb02c67	8167	8167	531	5604077223356174316	37944a0d1f0e1fd06296c38c4946062ec354ecec231dee0d2101c4e3430e0000	37944a0d1f0e1fd06296c38c4946062ec354ecec231dee0d2101c4e3430e0000	Y	ok	OK
A	529	eb2a96cc1562290b9d8d5f63a8750a0fd5c8dba7bb107eaf7d6487b77c611f5e	8096	8096	532	14521075000875751598	ffdf12c3d04c0bc77896abbc3ec578638f6090002ccf112a638d7e227a830200	ffdf12c3d04c0bc77896abbc3ec578638f6090002ccf112a638d7e227a830200	Y	ok	OK
A	529	d078f0abea9647ff9c8e28e75cd5924623df8c8f701fee1e42a6a7cf66b681e3	8096	8096	532	14521075000875784610	8a67080142face1f94ed57ce8a30c1ba12a8ee9a8324645113fee05a90330500	8a67080142face1f94ed57ce8a30c1ba12a8ee9a8324645113fee05a90330500	Y	ok_off_best_chain	OK_OFF_BEST_CHAIN
A	530	c4f267c9d8d7425a2f7e230d17b7eaa268b4d9bd3714088923ef6e322f0c30c0	7850	7850	533	3572527077821285169	dd02bf8c58d109e14d3bc4f2182c2e9c6344743e01c32b15bd15de3b41130100	dd02bf8c58d109e14d3bc4f2182c2e9c6344743e01c32b15bd15de3b41130100	Y	ok	OK
A	531	245f03d8a42ec92664b12a94fe46967157fec6a9ce3b7f8489ea522338b7f710	7400	7400	534	17783667162624394663	16e3b515519128b1dce5a8f569e5f4822be1eb671ad839ba0843d832d2b00200	16e3b515519128b1dce5a8f569e5f4822be1eb671ad839ba0843d832d2b00200	Y	ok	OK
A	532	0e56fd9c1c2e176400a2950e98c54379f86e44e1e5f133e628a51de8b8a8518e	7422	7422	535	3485124489052783765	b8f50cb35e8817a5fa222e13b512c057bf631b617fed7517050d611643ea0500	b8f50cb35e8817a5fa222e13b512c057bf631b617fed7517050d611643ea0500	Y	ok	OK
A	533	d9486e70b537d0a43b9d1125bb9bee301314b7fe8ae2a45e3b04abec7eb184e7	7501	7501	536	8924791047217775439	e1589635fd8286f81c3b849a681cd0fc93135da00b11cd7d26f0bbbd9bdd0500	e1589635fd8286f81c3b849a681cd0fc93135da00b11cd7d26f0bbbd9bdd0500	Y	ok	OK
A	534	58ee397aa53985ba282f8cb8f21d02d35a3332d907ad24e6d824313290ad3d06	7638	7638	537	11766102300832138614	0a732d5e90e14914d7060014db53738e5189f9862921c0060cf16cfee0600300	0a732d5e90e14914d7060014db53738e5189f9862921c0060cf16cfee0600300	Y	ok	OK
A	535	5be43f530f354f806225501acf35f96d9688fc2c47d29290ee86832c8fb48245	7722	7722	538	13356526233819644945	3e9bb643b9d8a6271149eadf35eda6b02df5b897c57e15be6ebb1a3987ea0500	3e9bb643b9d8a6271149eadf35eda6b02df5b897c57e15be6ebb1a3987ea0500	Y	ok	OK
A	536	18c9aabbed53373f05bc122e82e5aa56e4fbcdf33a44edafb33e69482be7b4e3	7863	7863	539	9319446040039961151	83d20117a77dd5d79899dab2f61a46a2d68d31c826411ce2441f264036390400	83d20117a77dd5d79899dab2f61a46a2d68d31c826411ce2441f264036390400	Y	ok	OK
A	537	acf2c09ef978995935e13a2a9886d46c186ccb6adb8e98ce1b52a6005796c783	7925	7925	540	15980953128023425602	ee17958e4dfe36f7c4d16c633608f35db92ebdb0f3a7356e133534220ff60700	ee17958e4dfe36f7c4d16c633608f35db92ebdb0f3a7356e133534220ff60700	Y	ok	OK
A	538	41d53f1afc7fb659ed5f10c06b31b2b84444e740ddb548e74f6e2d5255b0c128	6963	6963	541	4410030466292355447	2b7b3828ada1da9aba1aff2b659de543cc1019fef68268d1c76cd7a1097e0100	2b7b3828ada1da9aba1aff2b659de543cc1019fef68268d1c76cd7a1097e0100	Y	ok	OK
A	539	4975e7ee9f347151fef8afb56cc7ed3ce5cc44324e6abee2e2d3c9a659b6d436	7081	7081	542	9781731701028880544	fda0f4067e0b5cbd0a0befc22bb7aee2f069778db549ee4c69789644b60e0100	fda0f4067e0b5cbd0a0befc22bb7aee2f069778db549ee4c69789644b60e0100	Y	ok	OK
A	540	e433064e43d3b5745e17fb7b4f30da2c81732de5ddeba35cfd76ada94f4aecb2	6919	6919	543	11467192445549249390	96598556ba685841d75a2ad55190223b2d7b03d2809777c549ac48e91a370500	96598556ba685841d75a2ad55190223b2d7b03d2809777c549ac48e91a370500	Y	ok	OK
A	541	d3ef277286c864adc7ea014a1e34d793814d8d8a15ea4b852f4c1857fbc74df1	6996	6996	544	13069291753209660515	f8f7f1ab515acbbdef1b3f4551983e06025a25845ff0ed16fb2a641538c50100	f8f7f1ab515acbbdef1b3f4551983e06025a25845ff0ed16fb2a641538c50100	Y	ok	OK
A	542	0297565b8fef85230d648b555ac8d4e4fe319c94cf7084056b3c11a356ad830b	7075	7075	545	4077317770985964051	99842500a6542bf4068339b82a5ed343e3e9c6d5646f445810d76c85dd9a0700	99842500a6542bf4068339b82a5ed343e3e9c6d5646f445810d76c85dd9a0700	Y	ok	OK
A	543	89d3cd7f17cd25e79d301763fe86827dcf7d0299397e93353fcddc218cd8ffa8	7193	7193	546	153615544065459983	4db1bfa23dcdbd046cf9817d69a91cd70895890afc53ce833eea06ff6c450700	4db1bfa23dcdbd046cf9817d69a91cd70895890afc53ce833eea06ff6c450700	Y	ok	OK
L	544	110273fe01befac3bf2b5f5bd8b8bd9385b0e47f2ac70dc8677949885ef205e7	7258	7258	3	11344899672771723425	3bf82544e94511b4214edea8f0d3fa64dbbc6793f1035c7bc5dead7dc6ba0000	3bf82544e94511b4214edea8f0d3fa64dbbc6793f1035c7bc5dead7dc6ba0000	Y	ok	OK
L	545	aed130ee275a845a9ec19d8d2e6db0c67228484cbc306d9460398388ba6e332b	6188	6188	4	14660142283823776157	120f487557ee31f77316c5895f31fd725d610c6c9b55ba5052871a09b8910100	120f487557ee31f77316c5895f31fd725d610c6c9b55ba5052871a09b8910100	Y	ok	OK
L	546	1608c116f1310f3a6139793f9b8a3ba1776f6add2625b9690d1c959e78a75ba5	6268	6268	6	12909453999828172916	119af3855d0e017221478ff9d0fde717820cfd7d02f43fb3840e7a72aca90000	119af3855d0e017221478ff9d0fde717820cfd7d02f43fb3840e7a72aca90000	Y	ok	OK
L	547	0c633de48124a1e37c7a20cec40b81166deedfbe5db0ffc336a0f2a42bdda354	5481	5481	8	11490339613445260762	cf232b1ab176f4700739545cf6b01d24705ff59e3783caa4c1ee973685580200	cf232b1ab176f4700739545cf6b01d24705ff59e3783caa4c1ee973685580200	Y	ok	OK
L	548	d6f6d2f9587dfa00ad2b38689c77b2198fd65d613a6e7eccaab8387bdf259552	4878	4878	9	2293092715895785553	be25e38a15fa0aa699d94d4013f5b7a8eb145fb0789e40076207409fd07f0200	be25e38a15fa0aa699d94d4013f5b7a8eb145fb0789e40076207409fd07f0200	Y	ok	OK
L	549	76a075e23dc30cc362b777401d6bdc81f3aabcd1b79645b33c92d2b52ecd549d	4711	4711	10	11290118378523558435	a590a851404eef925207c9901fa579ff60d728e405158b0ec0e116bb30050000	a590a851404eef925207c9901fa579ff60d728e405158b0ec0e116bb30050000	Y	ok	OK
L	550	efc78c9e67218bbd9bcea46f0642ba926655d4ca2a05068cf7374bbd3488eca4	4446	4446	11	4666396630398861908	a8eb4c74ab73402cf091b3520f57eb9a754dac0f46e812637c7f86e655380600	a8eb4c74ab73402cf091b3520f57eb9a754dac0f46e812637c7f86e655380600	Y	ok	OK
L	551	388110e5e81ca15a7d240a06341fa857f1dac45003ebbc7430cd467548d5b18d	4458	4458	12	4567556204418564239	3a8a5752f20ddf3857846262c62c208b834c0d7eccca2b4b36117265154d0100	3a8a5752f20ddf3857846262c62c208b834c0d7eccca2b4b36117265154d0100	Y	ok	OK
L	552	1caf4946b46a2da0c7bdd835bba59794723c50f08a973a62db8bb6b0dd85dc33	4451	4451	13	2959934548068008440	0f9005669f0feea57224fc80e7ddc838ae843bdc692c5ab7a0cd99ae352d0e00	0f9005669f0feea57224fc80e7ddc838ae843bdc692c5ab7a0cd99ae352d0e00	Y	ok	OK
L	553	8996f3e3c97ddafa26db4afadf6a20ab1a4dd2d1a2c10f25b9d1c76ce890d679	4508	4508	14	3727621074184046685	ebebe5a54be0c40c09413b18b6b26a20b22f9b6165710e2a10664e501b1b0000	ebebe5a54be0c40c09413b18b6b26a20b22f9b6165710e2a10664e501b1b0000	Y	ok	OK
L	554	3492320eded1dab8d6ac70ecdb6c001e9c440433bd21d9dbd651ce4dd17e66d1	4539	4539	15	13600165666798732613	56a159a4a1593a30d78fd5cc675d9f5d46208090cf070373ae6b6b116b880800	56a159a4a1593a30d78fd5cc675d9f5d46208090cf070373ae6b6b116b880800	Y	ok	OK
L	555	dc04f8c0347da40e814dc01454506bf273c57ba5c07303a8f9009d20ebcd39a6	4298	4298	16	16240958087207356005	766854d05d37ed67bd93bb099d013bc7178dff95b9a0733d432724d2ee7f0800	766854d05d37ed67bd93bb099d013bc7178dff95b9a0733d432724d2ee7f0800	Y	ok	OK
L	556	5e0ea890f7196a1ad3f49804862eb9c0f799758734c6e4e3b75146e15de74053	4197	4197	17	18031205399411098438	2778e5ce23b7431c9fba7e86bba3d17171e3244b5b56b0104e45b9afa86e0c00	2778e5ce23b7431c9fba7e86bba3d17171e3244b5b56b0104e45b9afa86e0c00	Y	ok	OK
B	557	fe89cd8d12dd7dc9d01515918e9839311cd531ab9bf63f4b67e0a8fc268e055e	4058	4058	1	15818954778458817210	ce9d35ae70cc8a0818b2ab0cda2a3eff95c6bd04f157efbaffbb67641eb80700	ce9d35ae70cc8a0818b2ab0cda2a3eff95c6bd04f157efbaffbb67641eb80700	Y	ok	OK
B	558	634cb45b72207b8155a47fe047135a081308b04217967c581e0abf56f5e00e24	3733	3733	2	14843933048340218679	5fddb4406e4aeb9207e5b3fb72389f22253644d24f0127755d374af956210b00	5fddb4406e4aeb9207e5b3fb72389f22253644d24f0127755d374af956210b00	Y	ok	OK
B	558	f29136c23792cfb43991c066acd275bf8564d539692d5e93546e75fb4d674849	3733	3733	2	14843933048340251551	904c4dc00f1f504b8a5f25f8f6164037f7e6d824d32ed5b7e60fd73044cc0300	904c4dc00f1f504b8a5f25f8f6164037f7e6d824d32ed5b7e60fd73044cc0300	Y	ok_off_best_chain	OK_OFF_BEST_CHAIN
B	559	7513ffc2e8f66ea9aa4e4d3a9433f9d114488885a1554919de8bf4b35087b61a	3720	3720	3	10586778597169663063	44492d9f81ce0c3b80a6c28f383469c4df83746d0233bff823c6fe618b750a00	44492d9f81ce0c3b80a6c28f383469c4df83746d0233bff823c6fe618b750a00	Y	ok	OK
B	559	57cca84a7d8ea5afdc42dea96f8cbea9ad4238f083adbef146f0b74ee99e4bdb	3720	3720	3	10586778597169630613	f7b567090901006d70aea45923eb1888e7f81d589e3a8ec283893887de660600	f7b567090901006d70aea45923eb1888e7f81d589e3a8ec283893887de660600	Y	ok_off_best_chain	OK_OFF_BEST_CHAIN
B	560	43111b66be64a6fbc1e80c44f9054c3acd79710685774db2863dac7e7d6e8c65	3763	3763	4	2861888476289269911	151902f4a4c14a23190ea4ee552e8aeb8ff55929e216107d77e95168842a0600	151902f4a4c14a23190ea4ee552e8aeb8ff55929e216107d77e95168842a0600	Y	ok	OK
B	561	b9873372e24a21d3509da2fb670d48455912a5da717ecb64c70616e9320c6d89	3759	3759	5	4367594574500103233	8a32b03fa12a678271ae07952cfcaf6d566846325742e54f741e1d9517a80b00	8a32b03fa12a678271ae07952cfcaf6d566846325742e54f741e1d9517a80b00	Y	ok	OK
B	562	73a12dc1fd33b9ecc2cfaa82f8fda78a3ad75bffc9d4a7418a36372c3ba8e47a	3796	3796	6	15137086114143143140	8d13fd3345ee9747144462a75c114977b1ea202aa0f7e7338e2889dd7d030600	8d13fd3345ee9747144462a75c114977b1ea202aa0f7e7338e2889dd7d030600	Y	ok	OK
B	562	aedbc714783aa70feee874ec416e1e00346a796cc26bdd4f1a7db924805a6f34	3796	3796	6	15137086114143208828	b3b260c5fdc8e07c2300200c94bdccf0e34d49cc3429e99482c3fc0557f70a00	b3b260c5fdc8e07c2300200c94bdccf0e34d49cc3429e99482c3fc0557f70a00	Y	ok_off_best_chain	OK_OFF_BEST_CHAIN
B	563	fa9d3f24c828dbc403545de6334356524c3da0337777bcd7cf77ab39567562e0	3840	3840	7	8477450781497295051	dbbc1dc132991604abeb2a6491a3e54579bddba8dd9a9bfe06c2c8bf95a20900	dbbc1dc132991604abeb2a6491a3e54579bddba8dd9a9bfe06c2c8bf95a20900	Y	ok	OK
B	563	44e06754c34f261de694d3a5340d03ea01ffb38887a7b67a7f59b8a61ad79ae8	3840	3840	7	8477450781497229664	b9a2732a2f2af900660e6de7d19c88e7e5cb5753bc30801f042331a7728f0900	b9a2732a2f2af900660e6de7d19c88e7e5cb5753bc30801f042331a7728f0900	Y	ok_off_best_chain	OK_OFF_BEST_CHAIN
B	563	cab3d90c4ee654c22184d5ca7d0191c974e0c1ee71a0b67a95d1d31675402de1	3840	3840	7	8477450781497295319	8473ff20557fa8dddd1ff1a97c1988b810c47c61e0af9dba50d5982d71320100	8473ff20557fa8dddd1ff1a97c1988b810c47c61e0af9dba50d5982d71320100	Y	ok_off_best_chain	OK_OFF_BEST_CHAIN
B	564	6e9fb06b215892a4df150979f13d121064fea77707e1e3e87e801fdd5283570f	3885	3885	8	11814126318738573476	cd948a9862d1f8b4eba1aad9197eb0393df0ec6971886486c570acf46d6b0c00	cd948a9862d1f8b4eba1aad9197eb0393df0ec6971886486c570acf46d6b0c00	Y	ok	OK
B	565	f49f0202aa1f7b2ebe91d93a6e50ee81c6e35e52f9add366a6fd9ccf7e74a736	3928	3928	9	15271562798606353197	0e55961086400d18d6702340ad1edf566eb52ac4c5c4f86e2f246f57ec260f00	0e55961086400d18d6702340ad1edf566eb52ac4c5c4f86e2f246f57ec260f00	Y	ok	OK
B	565	a26e546b26b1aed0170c1d06253be8f98662f06a191b4e222412cdf1d036c249	3928	3928	9	15271562798606386199	6663bf7ed45360097f417739404f8baf55d84a82edddb0b4bf11d44ce4160b00	6663bf7ed45360097f417739404f8baf55d84a82edddb0b4bf11d44ce4160b00	Y	ok_off_best_chain	OK_OFF_BEST_CHAIN
B	566	07e6cf9638ea1a31a01727f4b1c23f1e825605f5e3ce1b0f00284c5ec759ff61	3968	3968	10	3573557406115857061	ccd2f7974cb76c8cc2ca712d94e4711e0f19c01bd9d11b8dc31fbe63cf590d00	ccd2f7974cb76c8cc2ca712d94e4711e0f19c01bd9d11b8dc31fbe63cf590d00	Y	ok	OK
B	567	102e82d5b32e6e2c9be83ce84ec81579cc71fa0f02416e61908c2fb34e409763	4010	4010	11	15562502354229100592	67071335f9e161d28a5ac07977eeb0363c72f13684210afa35e8c5fd823e0500	67071335f9e161d28a5ac07977eeb0363c72f13684210afa35e8c5fd823e0500	Y	ok	OK
B	568	e4ec3c8a5ff3a17ebd196a24ce66efa6a7fbec86ce08a3ba1739b41d5c75b621	4055	4055	12	9840874087889600950	7c3cbdde621b759628ae2cb8e63ec974fa479e27d592a72836bd481c30790800	7c3cbdde621b759628ae2cb8e63ec974fa479e27d592a72836bd481c30790800	Y	ok	OK
B	569	7ccb0a78a3da3bc8c114cbc5f4138b8c38f73a2b6e87bca8f175b4284af338c1	4103	4103	13	7977027988468302749	71bc3c23ff755538873081f28b8866357c3b6f3e78e333af30f7ee85fddd0400	71bc3c23ff755538873081f28b8866357c3b6f3e78e333af30f7ee85fddd0400	Y	ok	OK
B	570	35ac9436d6fa199ddf314a774cf2e2e8cb7f369c496ed8af8ce83089e1b61d5f	4153	4153	14	9920806156572361204	f18b5af4fdbc3671d9db2b288f309d608defc80967bb690e6001a61829380800	f18b5af4fdbc3671d9db2b288f309d608defc80967bb690e6001a61829380800	Y	ok	OK
B	571	125c50228faf7efce4459a436e1ef329d55ead249fcb9b8553abf33088c1b36c	4204	4204	15	7223120288668483841	580122db632bc46886f3d70436825130ec7370266dd0c9d9b095e2ae9c890e00	580122db632bc46886f3d70436825130ec7370266dd0c9d9b095e2ae9c890e00	Y	ok	OK
B	572	1f64b1997bd6cfe22d86d4f2522ac008ed9cd87aface46a1d076723bc1f052e1	4255	4255	16	3082936724888752227	869f95d9cc14d394162659ccd3f4148b91d7f48306c7df7d2496b925c81d0700	869f95d9cc14d394162659ccd3f4148b91d7f48306c7df7d2496b925c81d0700	Y	ok	OK
B	573	5b5bb3166276192a83d6cba5c0e3293f00a484d515190eaa090460f0454a7654	4305	4305	17	11537748948517126978	e84e84553ccb1189ec2c76d1185dfd34d6274f989acc4880e2102494fd160d00	e84e84553ccb1189ec2c76d1185dfd34d6274f989acc4880e2102494fd160d00	Y	ok	OK
B	574	d1e5805c147068732ac0628a51d3a3ee171fa7478bff44e576ab2487b2e4eadc	4358	4358	18	9688015802392939044	4af842bb1053a56e38810b17473b2d0c8f9b9edfc185e98eccdfa94355d40400	4af842bb1053a56e38810b17473b2d0c8f9b9edfc185e98eccdfa94355d40400	Y	ok	OK
B	574	a63e82e2341695aacad552dad92b800e618d4672896ad1d433bbd37d90577624	4358	4358	18	9688015802392972021	90fc894c6ef472e39a15a0f9ebc13ec15177c6610bdd7937dcf5bb7a7ee10900	90fc894c6ef472e39a15a0f9ebc13ec15177c6610bdd7937dcf5bb7a7ee10900	Y	ok_off_best_chain	OK_OFF_BEST_CHAIN
B	574	04bf49646ae29b814b90746f700cb0a98be31bebcd1f2384aee06a210aa0c4eb	4358	4358	18	9688015802392906447	41ff8a2da999308e5ba1af91da333261f39ba59e4932aeb7d4f198fe07910c00	41ff8a2da999308e5ba1af91da333261f39ba59e4932aeb7d4f198fe07910c00	Y	ok_off_best_chain	OK_OFF_BEST_CHAIN
B	574	8c98cb6697d09663db6a8a003d70c8e2f75367fa36ae2f401586d201756318ef	4358	4358	18	9688015802392939331	0aca019fbb980110299d0a5bf3d4a3011b20c6c1880797277527bd8cb5350000	0aca019fbb980110299d0a5bf3d4a3011b20c6c1880797277527bd8cb5350000	Y	ok_off_best_chain	OK_OFF_BEST_CHAIN
B	575	93bf113d14bd107f665cee68b14a9e5b74a25e20fd2c86253dccf0aa974dee11	4413	4413	19	6137564925192601639	88c68ce696f115405c3274827fd9bd20d863f3547a523c20a1e2171474fd0c00	88c68ce696f115405c3274827fd9bd20d863f3547a523c20a1e2171474fd0c00	Y	ok	OK
B	575	d4f4cc1d125e8673fe7966d46dba7c5aad6213f246b8dab69ceafb8d1eb280d8	4413	4413	19	6137564925192634880	99e1847ecc56cac7a5f0c53948988ef9f713a3d6bb3c3b9f2fd7683a81ae0200	99e1847ecc56cac7a5f0c53948988ef9f713a3d6bb3c3b9f2fd7683a81ae0200	Y	ok_off_best_chain	OK_OFF_BEST_CHAIN
B	576	84217669f5cf592373cd6712f0848ca0067ee464e7bb2a23ca60d0414ca7d64f	4468	4468	20	12047326464337608991	7db0131fa14ca49a18359675e8988d900df9c5b4dd3bd27bc87488bffd660e00	7db0131fa14ca49a18359675e8988d900df9c5b4dd3bd27bc87488bffd660e00	Y	ok	OK
B	577	f842e48b9fc3a12d94997ad7b6f1b0fb3a3a10163b321f391f31a04e782599c7	4525	4525	21	12994378787603973631	a4232e0e91a1f4760ee2af8950a0e4f3c44d69e6b46521d33185c1be124f0200	a4232e0e91a1f4760ee2af8950a0e4f3c44d69e6b46521d33185c1be124f0200	Y	ok	OK
B	578	99152e00fcae151c22671c3ad688005ded9c8ac41bab42bc024d8f404235c80f	4582	4582	22	18144950667578475379	32102dcbf11405f0884826f4b6b19504c254bd0b30f0ca7f01ffc921544e0800	32102dcbf11405f0884826f4b6b19504c254bd0b30f0ca7f01ffc921544e0800	Y	ok	OK
B	578	1e3acda536c2c1774c060b11ba6f363dc6d5341f9053c9bab6e221ea9f0696f6	4582	4582	22	18144950667578541000	b6b12bbc05d3bf6a2e70ec6072b96f5d9483c5b0314940b136eda256cccf0a00	b6b12bbc05d3bf6a2e70ec6072b96f5d9483c5b0314940b136eda256cccf0a00	Y	ok_off_best_chain	OK_OFF_BEST_CHAIN
B	579	6e788b5d0e98cca1a797551da0d4d5d8c6a07c20d2a6cb0191f5be09d53356de	4641	4641	23	3117499297382301893	2ca2e4b0c36f6aa837feb78d0d1850715b76bc31d1cd9b40486c7414e3310b00	2ca2e4b0c36f6aa837feb78d0d1850715b76bc31d1cd9b40486c7414e3310b00	Y	ok	OK
B	580	f7cc3d1bce68f5946530f0b57188d64e082956f82280732e59c16c0278ddf13c	4701	4701	24	18186570747512717953	c000c4ea87a6e726fca0b4df96735163f9264150f19fee75534f6d39b0fd0c00	c000c4ea87a6e726fca0b4df96735163f9264150f19fee75534f6d39b0fd0c00	Y	ok	OK
B	581	fd3598c253b9ae351a54cb6e0eb58c1a312bc06521a34e35430cde90852aabbc	4762	4762	25	17312126328148887270	d738e691d7d39d4eeeb806c6385c016f302bd697aabce4f0f43cc556b8dd0200	d738e691d7d39d4eeeb806c6385c016f302bd697aabce4f0f43cc556b8dd0200	Y	ok	OK
B	582	a89e363f7d05c5421a0aaf8b9fdd070f603048157eab2a9fa6c9e9d19a1e1f4b	4824	4824	26	7248835748223256136	dad86cf521c97a487dadf1f41cd4a351ef01e47a40cfb6ad36ab8d120eb90c00	dad86cf521c97a487dadf1f41cd4a351ef01e47a40cfb6ad36ab8d120eb90c00	Y	ok	OK
B	583	664ea4c775250ecef687f4bb941b5d37ffb775420859e13c9f65c95416079726	4888	4888	27	6868735222746186124	fb61c4755d8cf569199aca1f77e362026af098fa33cab0a8a9c4eba24e690b00	fb61c4755d8cf569199aca1f77e362026af098fa33cab0a8a9c4eba24e690b00	Y	ok	OK
B	584	f7b782ec5e989b2a9093d924c7baad7d30b62c4de270d35ff5c8c8a897ff90a5	4953	4953	28	1799729650805604498	0c68928f4139407c3d1b4734e6c49624db6b962b7fb54f0d9a0f6a9178820b00	0c68928f4139407c3d1b4734e6c49624db6b962b7fb54f0d9a0f6a9178820b00	Y	ok	OK
B	585	05fafbc3164d51d9d97cc427baf7fdb9b58996bfd3c171731be62038a0c79888	5014	5014	29	12662631811399025359	ad1e63dd330ca2fd71071db13276a058143ec95de210523dcc3a079b45880600	ad1e63dd330ca2fd71071db13276a058143ec95de210523dcc3a079b45880600	Y	ok	OK
B	585	6bd4d305809e4cede856b886ada5e03da8453c781c4fa7f1abbd3d512967a0d7	5014	5014	29	12662631811399058225	596118d70149aaed8091737adf3cdaa071f962be4e9afdcfec701c4f77af0000	596118d70149aaed8091737adf3cdaa071f962be4e9afdcfec701c4f77af0000	Y	ok_off_best_chain	OK_OFF_BEST_CHAIN
B	586	707f55898a051026767a916bad0502076d35d8764f00a59299a93466246ec7b3	5082	5082	30	12944203712636716110	b6ab381f8f8333924191a526e63aa70d492719e8625e9810fb2eeb7786890b00	b6ab381f8f8333924191a526e63aa70d492719e8625e9810fb2eeb7786890b00	Y	ok	OK
B	587	a96911b3a4974a120300fc4b532d94ced18118bd4eb00e10b48ce517217b9850	5150	5150	31	1787162679576658142	8738ba07058b60221bf75372d365daea73a416967350b13f5ad161c742cc0200	8738ba07058b60221bf75372d365daea73a416967350b13f5ad161c742cc0200	Y	ok	OK
B	588	08ae657bd1866972a5539fc7b9a12047ebc94e2ed27f4c0b13a5229bba54a27c	5221	5221	32	3304651741391225782	8c3dd0575c9930a99dd7f8a3d5dcde1fcb7e5c7c19238c39039f2ba694bd0700	8c3dd0575c9930a99dd7f8a3d5dcde1fcb7e5c7c19238c39039f2ba694bd0700	Y	ok	OK
B	589	040f4a258ecd49ec28378165a819317e4df938276fd5df49715e55b19d52575c	5293	5293	33	18404569199964881438	12eb247fcfdeb20001ed8f2d44b73ca29d75163194c6000ec017aa66cab00300	12eb247fcfdeb20001ed8f2d44b73ca29d75163194c6000ec017aa66cab00300	Y	ok	OK
B	590	fa3dd25b5458a5a470a233671c91346dc9e59a4554943bff294d0a4d257fadbb	5368	5368	34	18181529001368028711	a02be79bbfe7a231156bf5ecb610cf9f22783dff90ce273c1257373ec9f40b00	a02be79bbfe7a231156bf5ecb610cf9f22783dff90ce273c1257373ec9f40b00	Y	ok	OK
B	591	34ed9eb16357cb6c2e969ddd8c913c4302c4b4198c37c50b0f6836ad70791562	5445	5445	35	837175368933802297	eddabe5acea16d243d90ef8268f08644dcb6b35b8cb54d2e646e92fb1c1e0800	eddabe5acea16d243d90ef8268f08644dcb6b35b8cb54d2e646e92fb1c1e0800	Y	ok	OK
B	592	4a36f5e69152c6d20eadad8777975e18b1ffebcbca63025fead15b6f0477bf2f	5523	5523	36	5365003254713320501	f24ade2373ca6ebf0005af32436a5048cdcb26d3bf82b93651307e9ea4410300	f24ade2373ca6ebf0005af32436a5048cdcb26d3bf82b93651307e9ea4410300	Y	ok	OK
B	593	7a1194b39c8db640c27d3fa3343f4ee30faca16fbade74ed8f5c04c1b18d96b0	5602	5602	37	10812219652420141825	9220604f3b0576ba8ff5566342a632278bd8610b7a94a3bd0b549a4e83bb0000	9220604f3b0576ba8ff5566342a632278bd8610b7a94a3bd0b549a4e83bb0000	Y	ok	OK
B	594	800bbbe55d0e8bb27404409827b52df73d18c53e47c15aa13d24985372aa859e	5684	5684	38	11035360851468027372	3e7dd059192f99acb858be387b8d13cd209cec31610437ea7bbc3c8b2c360700	3e7dd059192f99acb858be387b8d13cd209cec31610437ea7bbc3c8b2c360700	Y	ok	OK
B	595	779179a6d2c07568143c64fc34ddf99f9e9eb5f946e3bceed9aa33afcaec4cf3	5768	5768	39	11548417479776700571	aa65f5c834ccce9ccaa4b01d6f132c529ffc0526fd3fee5540cf702c36990800	aa65f5c834ccce9ccaa4b01d6f132c529ffc0526fd3fee5540cf702c36990800	Y	ok	OK
B	596	600b055926577444748751d7f0916d124f860d65d1bcc6e8b485ead7e6839b24	5854	5854	40	7547000422385386168	6dbfcef47bb10649f846d2acfaf0b4c3f2783af31d07670c409f038fdc0b0a00	6dbfcef47bb10649f846d2acfaf0b4c3f2783af31d07670c409f038fdc0b0a00	Y	ok	OK
B	597	bb636ef983c7f09b1a43a03aad2a412519c26f5bf8e857d3780c959fabfe88a9	5942	5942	41	3910749928405697251	a4365754ba48cb037f1e94d959f90c53e7a12b5a5d2d910b9d55e3a51ecd0300	a4365754ba48cb037f1e94d959f90c53e7a12b5a5d2d910b9d55e3a51ecd0300	Y	ok	OK
B	598	0d8095007b46a6f8873b913005c576f7c2cef17de46c7e5f7c81ac392b55b2c8	6032	6032	42	16549127144656112852	0484ca9f30fc73e3d65e3d181852a5fce8b7382380e9d7686883f1aacb370500	0484ca9f30fc73e3d65e3d181852a5fce8b7382380e9d7686883f1aacb370500	Y	ok	OK
B	598	e71768176cdfed74ee112075da0dbbcf5f7fc93024b943381f24ebec366a5634	6032	6032	42	16549127144656080330	d75873a8bf867289724bc0ab5eb62ff9a85d9a9a75bcf65ad080ff8b66010a00	d75873a8bf867289724bc0ab5eb62ff9a85d9a9a75bcf65ad080ff8b66010a00	Y	ok_off_best_chain	OK_OFF_BEST_CHAIN
B	599	2e10159f5c18729dfb3cccaae171c46f45508823cda6748302e5047f295f5a7d	6126	6126	43	4659276399255781991	40482b77138baeb12576ba32425a98a25c48362686cc380ec246a35918400000	40482b77138baeb12576ba32425a98a25c48362686cc380ec246a35918400000	Y	ok	OK
B	600	794beec465384d8bc712e8d788e12d8beb78bbc599123fa8f7e3b53fb4e725bd	6219	6219	44	9981925564124072848	4bbb15328bdc7698c268c0f42d9f7127a653f9e11e760cb255a3516232460500	4bbb15328bdc7698c268c0f42d9f7127a653f9e11e760cb255a3516232460500	Y	ok	OK
B	601	7e36777447cc57246b2e472c0d4531b292db7f5f0b2780a8737b2a9953741deb	6310	6310	45	367163014534762879	5c59cca048341feb492a55dd39b6fe6656cc60bacfd8880d0d87ca2bcff50100	5c59cca048341feb492a55dd39b6fe6656cc60bacfd8880d0d87ca2bcff50100	Y	ok	OK
B	602	1b6d7ba0b2d5163f14a42548041e785725103133dd462826784f5155a18ee6fb	6380	6380	46	18047064192489426630	86119788754761cfb24bd9b7b486498771fe007cbc0e865e05d7b2ed136b0900	86119788754761cfb24bd9b7b486498771fe007cbc0e865e05d7b2ed136b0900	Y	ok	OK
B	603	da4d10b0d78938546fef159aa60767b47596e122d750968bcc64cfa8b233032f	6218	6218	47	607703216292988555	c8a79003be462460a080546e1d480dc6e4a0973ebd906e71732ed86447c90500	c8a79003be462460a080546e1d480dc6e4a0973ebd906e71732ed86447c90500	Y	ok	OK
B	604	bc07c31263d752c227dfae88369718a54263e776290910dfefb6f1a8b5fb5d0f	6121	6121	48	4223860367203237998	3be0ac6a03cf4060f44f93e58644946d2fbf6f9fcbeb7e323a59bd01335b0500	3be0ac6a03cf4060f44f93e58644946d2fbf6f9fcbeb7e323a59bd01335b0500	Y	ok	OK
B	605	aaa3dd3ee8571d774661079a76f9c1e1f72ba796aa700f18b59425de726dbab6	6173	6173	49	2675240587858315235	1037892cb0304579c0ce8fd55225b683b74bb4ff7934d3201a6f3b0f1cee0900	1037892cb0304579c0ce8fd55225b683b74bb4ff7934d3201a6f3b0f1cee0900	Y	ok	OK
B	605	72e28de1378c950ec3b89530bb2281ce3aff90667c6ae7068e2778f993f3471e	6173	6173	49	2675240587858380853	ac1db44aec4c0433cef5fb6adc93b61e2362437b0bbec1b117e6645663230a00	ac1db44aec4c0433cef5fb6adc93b61e2362437b0bbec1b117e6645663230a00	Y	ok_off_best_chain	OK_OFF_BEST_CHAIN
B	606	3f7ab509e89216af24feae58d5ffdb20ca8a362be507a17a690b96e02af9ada1	6268	6268	50	4891733429613234654	2a974bbe055e4123e51907fbe677beb4c6c4804dd3d974de5f9a42082aa40200	2a974bbe055e4123e51907fbe677beb4c6c4804dd3d974de5f9a42082aa40200	Y	ok	OK
B	606	c5b422ddbd419c5ec460338b9bfdf532fa870e01b06f3024fda680cf4354441d	6268	6268	50	4891733429613333176	ea391c577d98848b208eef0d4c14bbb95f7c78c155b5da03bd093d89ba2e0000	ea391c577d98848b208eef0d4c14bbb95f7c78c155b5da03bd093d89ba2e0000	Y	ok_off_best_chain	OK_OFF_BEST_CHAIN
B	607	8a3c6f6322aec0938f5d1027e8692888b99307b2332d207552f293a0c62f9a30	6370	6370	51	5133550997594964091	6b81d53ec9a0bc4a0e0b862f983268d73049f176abd21b323a5d9762d45d0800	6b81d53ec9a0bc4a0e0b862f983268d73049f176abd21b323a5d9762d45d0800	Y	ok	OK
B	608	faf9ef9156e24d36b9b09cb3417a13c995af834c3ba751bed11bf00f8b4f4cd0	6416	6416	52	14678233609492595959	e8ec44ef1bdf72dec2cf76ca7cbcbaaaf87e3812483b0cd1eb5100e571560400	e8ec44ef1bdf72dec2cf76ca7cbcbaaaf87e3812483b0cd1eb5100e571560400	Y	ok	OK
B	609	1e431e61088e01d0140a5fcd64c8cc864dd9b376c0fe6204aadeb6720266cf49	6525	6525	53	6039247067883310825	38a4a460d90d462a7bd438a7f7b9053a9acbe3af1dbd72d6085778e49c720800	38a4a460d90d462a7bd438a7f7b9053a9acbe3af1dbd72d6085778e49c720800	Y	ok	OK
B	610	21889510448f3ab234d0e6fc445200d6dbc6d5a7b03cc3b74bc396ee9d9cffda	6639	6639	54	5098782919506329852	ca5e24c5463622329f6d6360d2dff3d2ea30213080cb4b2431d6500193830600	ca5e24c5463622329f6d6360d2dff3d2ea30213080cb4b2431d6500193830600	Y	ok	OK
B	611	fc4131719692bbf4bc5142dfb95910a071934613be7fe19d9523efafcfc3cad8	6580	6580	55	10356824523428397372	f088172d8477190397ce29a0780b73e00f30c128150ec05190efaf26d24e0800	f088172d8477190397ce29a0780b73e00f30c128150ec05190efaf26d24e0800	Y	ok	OK
B	612	78a9def141cd47e57b329d452a1762630347171d4fe087d29251f8a1fb258e28	6696	6696	56	7818139989794981820	661d07a985f818f930eb6240688773844ca0351aa136d348e744e2c9b4e70800	661d07a985f818f930eb6240688773844ca0351aa136d348e744e2c9b4e70800	Y	ok	OK
B	613	793886c6814b3fd77174d2e22f301645266e3841dd3a369cc03d37229458b48d	6818	6818	57	2530071075505672403	e91b3ca39632660cf5b5b4c997d730fe39e68056021c88ad39f9d084f8d60800	e91b3ca39632660cf5b5b4c997d730fe39e68056021c88ad39f9d084f8d60800	Y	ok	OK
B	614	6042c802f8499ff77188b1b3eb4ee45a3080ba80650b00bdc29822cc09b3bbe8	6952	6952	58	10443761069590645386	59c2f37567d9189b7d1a36286a06db59dbcc8ad1f415fbdcff50a9d1724d0500	59c2f37567d9189b7d1a36286a06db59dbcc8ad1f415fbdcff50a9d1724d0500	Y	ok	OK
B	615	ccc403cc5ea1d0a5d7fb4d3d70325d092e29bacf0c77e6ae30a35b5e1b6b1255	6872	6872	59	3231925562679231143	89d3fd45b272592fbf6afe961266893b108c61a168f3ed9584cb4043e56d0600	89d3fd45b272592fbf6afe961266893b108c61a168f3ed9584cb4043e56d0600	Y	ok	OK
B	615	93b6e712c5c0e3a57fcd27b794d6bd7049fa4d1080d30a734012ae42304dc272	6872	6872	59	3231925562679231423	aa6312b6d5ec205e22a1a10ff3beb9baaa9d5c54448aeec3e313521ea0150300	aa6312b6d5ec205e22a1a10ff3beb9baaa9d5c54448aeec3e313521ea0150300	Y	ok_off_best_chain	OK_OFF_BEST_CHAIN
B	616	60a2d8c0f115ea9d7dddd6dcac9e839869f19cb6579ea3d71e0eded9c9fcfa22	6888	6888	60	6983602877537292050	e696ebfbbae5ae9f05411067d4ed60af5f34728f3bd8959945daabf001af0800	e696ebfbbae5ae9f05411067d4ed60af5f34728f3bd8959945daabf001af0800	Y	ok	OK
B	617	25d39d8543f0f6dc8c6ae9acf3cd0f43beec5de8ee44bb0c7d5d4f9dbd9582d3	7028	7028	61	4537562283127079751	0607b3161da2894d5dbc6537d142b1b513a12046661acba8f0010b56f9730100	0607b3161da2894d5dbc6537d142b1b513a12046661acba8f0010b56f9730100	Y	ok	OK
B	617	da67131bc507583df01290b1b026fd01ee69350ab2d861a610589126261dbb54	7028	7028	61	4537562283127178303	2b0575f93f641a5ef9f6ac4d74669f9780d793ea5a10a5fb00aeb204be8f0600	2b0575f93f641a5ef9f6ac4d74669f9780d793ea5a10a5fb00aeb204be8f0600	Y	ok_off_best_chain	OK_OFF_BEST_CHAIN
B	618	977c12f8dbfe72043e92605872064ac29e38808688a0e1bd06f2d152540f5517	6948	6948	62	2143547568171254419	2b929db75c56cb23cbb29730c149a341f97a3a99d44bb673422814ec255b0000	2b929db75c56cb23cbb29730c149a341f97a3a99d44bb673422814ec255b0000	Y	ok	OK
B	619	f92c2ff6971823eb6316b3e177d072f82d2c9060b58f649762234619ec76ddd3	7091	7091	63	11435770967322854823	b7191c1e1767bf9da445dcbd05e4ae4bbe7146de2cd119cfe51afa63e5990400	b7191c1e1767bf9da445dcbd05e4ae4bbe7146de2cd119cfe51afa63e5990400	Y	ok	OK
B	620	742f760e7c839d9f1aaaee67959998379300a0df7748afe66edbde7571a67e3b	7241	7241	64	9527380903081346819	6c57d957e49947f05d19f587964c1a1d6666b204a00116c3dc3f6c9914200500	6c57d957e49947f05d19f587964c1a1d6666b204a00116c3dc3f6c9914200500	Y	ok	OK
B	621	95892a497d23b4e100ab59b1d7e77f634ad1db8ec495131b626fecc28228b694	7400	7400	65	5598226176523895766	607440c35304d363c9d9df9a630ca5caf3ac27cbea55199d809c2ebecd830800	607440c35304d363c9d9df9a630ca5caf3ac27cbea55199d809c2ebecd830800	Y	ok	OK
B	622	2c2d2e95956e451a2669728410cc611212e16b295a3ad21158f1544484a895d1	7567	7567	66	17535497282177237080	7e0370515a934f56537a1a7af1d59dbfa7ac0aaa835f71e2fc98a685f9010700	7e0370515a934f56537a1a7af1d59dbfa7ac0aaa835f71e2fc98a685f9010700	Y	ok	OK
B	623	616dabf42f1b7e76afdf85095a6b09b8e3ce471bd0d6ad52697c87a6ce61025f	7738	7738	67	9175177547401396610	dbf6af38699d74066a0d95e237ec15a9cbd589dabc6585b6e9d28d2f606b0000	dbf6af38699d74066a0d95e237ec15a9cbd589dabc6585b6e9d28d2f606b0000	Y	ok	OK
B	624	5af1dbe79f0bd6a540072fcee882c241361d76d3e1bd612fad57ea9a85a50e1e	7908	7908	68	14918797081383569701	a4e16953d6615c30cf9e560ff5ed089b8bb749d92c2719ab5b93b75eaf930100	a4e16953d6615c30cf9e560ff5ed089b8bb749d92c2719ab5b93b75eaf930100	Y	ok	OK
B	625	0e90583e5ae6be29dc59b15cb848202367e2641e9276f96e9e6e6f7c5a1280e0	8079	8079	69	17676314004089211376	49eb854d0320370b6d902bd8f0c0d38aed9555eaa0e78514c410da29f42f0600	49eb854d0320370b6d902bd8f0c0d38aed9555eaa0e78514c410da29f42f0600	Y	ok	OK
B	626	14439d3f1ba1078b5cbfb7fc60848bb59d05b92576629b4f1d539429998372fe	8250	8250	70	3005096300984238423	c095c1dd224279cb117decaa068da23182df2f1211faa17c69872e0a92310500	c095c1dd224279cb117decaa068da23182df2f1211faa17c69872e0a92310500	Y	ok	OK
B	627	47f83b6ae0b83a58902df8ca55ee3278ed43077edcacb0db7e59e2fe49a1aea5	8357	8357	71	114706576337633398	c82a96732756b4bc1498c6d6cc06e66fe1ec25185d0c1e7dc290cb3fef6f0500	c82a96732756b4bc1498c6d6cc06e66fe1ec25185d0c1e7dc290cb3fef6f0500	Y	ok	OK
B	628	09902143ad9f86e2cd8404de2fe90f5670753681c86db6d7d59313d515e17ffc	8535	8535	72	9253975057523312204	665d0ddff78861505aca2e887a88a31b2c0860e3fa1d68ecb3f0e59659990400	665d0ddff78861505aca2e887a88a31b2c0860e3fa1d68ecb3f0e59659990400	Y	ok	OK
B	629	3c39521c6ea661607f837f28a407f939d032ce086813df371257da18a6e77c58	8719	8719	73	3800961355909957536	5c10e5bc8f0d8e34d4c4dd3eda4c75e8c18d66d1d03b2b365c9f33165c4f0200	5c10e5bc8f0d8e34d4c4dd3eda4c75e8c18d66d1d03b2b365c9f33165c4f0200	Y	ok	OK
B	630	f00b928689886802f04780f8698f8be2b5378233bde2f81f5d47352f9e32f4ca	8909	8909	74	12073100945332962004	65e9c61cbcc552b9ca66b41422c422f68ce217aeb23bad34b76d888b9c730200	65e9c61cbcc552b9ca66b41422c422f68ce217aeb23bad34b76d888b9c730200	Y	ok	OK
B	631	85a97025a07e7e95f1b6b2f755f849b5c1de9d78d21e7e060104310800c6b72f	9095	9095	75	13986565637988779658	56389e490030b32c513eab0fda2e737883a4725240f6de5ce57ad00a18d60200	56389e490030b32c513eab0fda2e737883a4725240f6de5ce57ad00a18d60200	Y	ok	OK
B	632	725468676ab6292536c1578c6557417653aff44184ec41a561c248cce0863d01	9282	9282	76	14352178731970201845	b38f237bcb35adff8c8d98fd056b8f643b4926f34a065b1187d94f0317c90600	b38f237bcb35adff8c8d98fd056b8f643b4926f34a065b1187d94f0317c90600	Y	ok	OK
B	633	48c23c520859f243214fbd3cf251c1191cc774dac1176f948f4c7dad126913e9	9465	9465	77	1678718955830740138	8d8ca4bca25af4e6315b6ee28f73455df437a8fc75b7ab420347d7904f2b0400	8d8ca4bca25af4e6315b6ee28f73455df437a8fc75b7ab420347d7904f2b0400	Y	ok	OK
B	633	733f6658d9130a548ea26aba310e94e9d4a0244f14964e81fd60f0a94f12d19a	9465	9465	77	1678718955830707620	7a19f464929a767c78020d890567b97f487b55234a6ea30ab30da56f3e380400	7a19f464929a767c78020d890567b97f487b55234a6ea30ab30da56f3e380400	Y	ok_off_best_chain	OK_OFF_BEST_CHAIN
B	634	f1127d7b6956edcf69e762eb2139423eb96a71c32d6bb8d0756fe85a36bd1855	9550	9550	78	15366266599849951511	325b84bb7e7842651627abf8f0d6ea64d2a46a7d665efedc50c4df82b2280200	325b84bb7e7842651627abf8f0d6ea64d2a46a7d665efedc50c4df82b2280200	Y	ok	OK
B	635	aa4d68a4b9e299b927d80bbe60d51f7444194d22ef6ef1b5447459f233c139d9	9714	9714	79	17578246745236801227	ba8479addf6d282a0ae9e6ddefd5c7bf6c834be0a301898ddd479f6610f50000	ba8479addf6d282a0ae9e6ddefd5c7bf6c834be0a301898ddd479f6610f50000	Y	ok	OK
B	635	c4e3df9dda0316aab5249e4174d88230b282831514f335d56d99825b0a64d02c	9714	9714	79	17578246745236768747	fee9a3bbb16eebabf55c0ace997e92162d17c09bb4627e6ff3579787e99a0200	fee9a3bbb16eebabf55c0ace997e92162d17c09bb4627e6ff3579787e99a0200	Y	ok_off_best_chain	OK_OFF_BEST_CHAIN
B	636	496bd3556181027728f14aac201c39ab366dae458d9e853ca9efc02be0732a6e	9883	9883	80	9323444169261189665	d5584e3bf42ec35144eac07bc8a2a709c2dc06b045d85ae737809c851fb80500	d5584e3bf42ec35144eac07bc8a2a709c2dc06b045d85ae737809c851fb80500	Y	ok	OK
B	637	6d566d743dfb94f08d81f952004ea917ce70614c92ac7fa4c1dd5d27e42547b0	10053	10053	81	6365688007130973820	497edfeafb61f0ea716cef1d348ea0dc4cc2d52a2fdb8b61662331dcf2c70300	497edfeafb61f0ea716cef1d348ea0dc4cc2d52a2fdb8b61662331dcf2c70300	Y	ok	OK
B	637	a51290b71c10192a4a4e725057afb8fe0162fcc623e1b5a5686202b42179c55d	10053	10053	81	6365688007130908553	1c61662822737076132bac727d4a8d5628e842f8bc6a3cfd5fbbb25c9e150200	1c61662822737076132bac727d4a8d5628e842f8bc6a3cfd5fbbb25c9e150200	Y	ok_off_best_chain	OK_OFF_BEST_CHAIN
B	638	21db55c96dc0c0b0a1eeff2a2a918de24f52f09aead360d9de64fbc1bdea805c	10053	10053	82	16451051145545223835	d3d75275432a90dcaed0eb0383f6242641514c57aa960117fa040f9b7ae80500	d3d75275432a90dcaed0eb0383f6242641514c57aa960117fa040f9b7ae80500	Y	ok	OK
B	639	4c6b0cbebe23fef05a52425f497908b21436f9f5532e002336b94378305730b3	10140	10140	83	2269513130692353006	754a17be2a43b20a1eff55cd76e99e8aacf5c2a2360d04eecca17c7baf960200	754a17be2a43b20a1eff55cd76e99e8aacf5c2a2360d04eecca17c7baf960200	Y	ok	OK
B	640	bd26f5c0a432cf9f1bfad9f2f8ade0f27aace18501432ac680dd93bc04fe0a12	9935	9935	84	2423464111703591301	93a882f7e8fef4394dedaa4a02dd40bed692ca4e8e23f6e1a44956a03b880300	93a882f7e8fef4394dedaa4a02dd40bed692ca4e8e23f6e1a44956a03b880300	Y	ok	OK
B	640	b6fd4db5c417bf202fe3346b69eafac56f7ae215f39314d2fc1530084e82ca8a	9935	9935	84	2423464111703689823	81e7e7a219dcb062102711e54f552501f0f61e9bdce20a45cb1e6b57aa160200	81e7e7a219dcb062102711e54f552501f0f61e9bdce20a45cb1e6b57aa160200	Y	ok_off_best_chain	OK_OFF_BEST_CHAIN
B	641	5f8ea1e240c4e45a90fa237216d7fe74fdce2d6604e9e345217062aed154b86a	9335	9335	85	11998431757776027824	c23d48bbb7c62fa6c5731ef12bd5e29d21d89753d2e7a1fcdc39e9a50b0e0000	c23d48bbb7c62fa6c5731ef12bd5e29d21d89753d2e7a1fcdc39e9a50b0e0000	Y	ok	OK
B	642	c97493bbce2cec601e07ece09d03d16e1ea34ce1d586ce8b8d5363ea74b4bcff	9343	9343	86	8544149866962485893	a345bb95590ea292c983d68c535e9e516320d1a506f2ff1ea99a05b61a670300	a345bb95590ea292c983d68c535e9e516320d1a506f2ff1ea99a05b61a670300	Y	ok	OK
B	643	0fde6c8e2d94fde887345a4516817a42281cac6b4c8427a1918037918926cd3d	9494	9494	87	4849740580877604282	17905853083cd33113c3a3df96437d86b3490ec7d19d983699cabd8bf3840500	17905853083cd33113c3a3df96437d86b3490ec7d19d983699cabd8bf3840500	Y	ok	OK
B	644	afcd201abd3a6cb917d1bad5c623ed76394a1dee1414e32da21d1b1c08cc09e4	9648	9648	88	13605345560566432300	94387e3b2ec02fd68f901fdcadf4761f40399ad98f688a0a9451d81338ca0300	94387e3b2ec02fd68f901fdcadf4761f40399ad98f688a0a9451d81338ca0300	Y	ok	OK
B	645	e6fd5d554524fcc4080e3b462b05a29c87c81b894e3a17af15da335101713aaf	9411	9411	89	9206183998643015065	081ce0fea00faed255542b2562a658524fa2e05bb88433f082569ed7c56e0500	081ce0fea00faed255542b2562a658524fa2e05bb88433f082569ed7c56e0500	Y	ok	OK
B	646	fe831c8d061e4a63ec3c3615a7fa7121ede3908bd4f82e570b843dad2ba200a2	9562	9562	90	5053455123154470328	f9909b6726bf73230df1429908fea83c46c252c16a46665607d096bd3a7b0200	f9909b6726bf73230df1429908fea83c46c252c16a46665607d096bd3a7b0200	Y	ok	OK
B	647	efe7e33b8b76081d90cca9105ff7255ec79b64bac42892b3439856a34382a123	9539	9539	91	11771140563758219729	eeeeb64864c5e71d4a2a99b516f3587d16a777935308434dd2319d2fd92c0600	eeeeb64864c5e71d4a2a99b516f3587d16a777935308434dd2319d2fd92c0600	Y	ok	OK
B	648	8cd91cd17f1cd0341f1f963c14496f52233bccb9a9f53527f62ab21f2274df1e	9595	9595	92	6014094648476238838	28e2e3258f893308a629fa7d509839f5962ddc99790a999b506b4fd2ea3c0300	28e2e3258f893308a629fa7d509839f5962ddc99790a999b506b4fd2ea3c0300	Y	ok	OK
B	649	bef319e5bbdfae8493380367119cbc4cd4f7a9aef5961aaccf99c3cf9bb70d6f	9751	9751	93	12321046924839878819	d340b8253eb1681bd651a494133f7db9a3cbd1453cd261162f5cfbdd60620200	d340b8253eb1681bd651a494133f7db9a3cbd1453cd261162f5cfbdd60620200	Y	ok	OK
B	650	a0344cb9384abfc7d5cb9430879bb2994b4723b8185396f0183493f286c21e89	9910	9910	94	6246584389304683741	15dc6b0a3f15a65fb2c570f8969bc64399b75c38e5b3d139ac158cceda4c0500	15dc6b0a3f15a65fb2c570f8969bc64399b75c38e5b3d139ac158cceda4c0500	Y	ok	OK
B	651	2fec43d105c692853e71850f388f92ef07496a1ee30b55c2afa79504574f4bee	10072	10072	95	6296403750785420303	bf4c4e36b91474970ef8e82c8cc3dfafc37355cc1065ed64a5136494ac9b0100	bf4c4e36b91474970ef8e82c8cc3dfafc37355cc1065ed64a5136494ac9b0100	Y	ok	OK
B	652	520f2b484ced1fcd49095c460ba6b1ae1893c6133b0a6f61b9a286c28deeae16	10239	10239	96	15595557792633621837	726fb7f278fdd258ff08c1b9658451c4fde1f32d00dda4eed1fb617153b70100	726fb7f278fdd258ff08c1b9658451c4fde1f32d00dda4eed1fb617153b70100	Y	ok	OK
B	653	b69bff9f882db114c021b95256e19365188a8e13bfd9fd66baa7566a4b4c2fc4	10133	10133	97	4767375108278912000	86b695b929cbf61544cfd7bdbc45731fd01ffff03441fc038cfa1ad49da30300	86b695b929cbf61544cfd7bdbc45731fd01ffff03441fc038cfa1ad49da30300	Y	ok	OK
B	654	b9703247085205d477b02bef48da069f1c17e93c8a3067c1611e7e1602aed85e	9972	9972	98	10430576245841429250	8fe23f65568a7ace0ce5eb710b4b16c32f6d96c95ffe73795c5e3f3e4a330500	8fe23f65568a7ace0ce5eb710b4b16c32f6d96c95ffe73795c5e3f3e4a330500	Y	ok	OK
B	655	0cd36723480cf2d593a0fd371b61033291b89ce8cf4e5c60d228aa3ed4a8ad78	10135	10135	99	9848363772119417545	d828fc9467423fe960d133106515ff82b5c9f6096234d72fe567547bb2260200	d828fc9467423fe960d133106515ff82b5c9f6096234d72fe567547bb2260200	Y	ok	OK
B	656	21a84f8fea5c5bde6b0a940948884582fcdfcdf2f7cf121c4a2da01f143a98ec	10302	10302	100	4719700769429882981	90b7ebe06d84079cc203be83ee09faa350bf4b49e75bc96f4c9c9e30f06a0300	90b7ebe06d84079cc203be83ee09faa350bf4b49e75bc96f4c9c9e30f06a0300	Y	ok	OK
B	657	6c141bee4faef989366e35880107c681e0a6a1c58ac6f3e66b1068a2a3803e01	10473	10473	101	14246207191399827333	9480c7c84be74575f25d0cea2132983b306072c21bf1e7c9c24931bf71770000	9480c7c84be74575f25d0cea2132983b306072c21bf1e7c9c24931bf71770000	Y	ok	OK
B	658	af8d9cf23b6ae7fe9dca69f2912bf91a038c297e2398ed27c63ded01facc84b7	10648	10648	102	1219392651862738360	84eba4cb78deb07f49b4bcbac84b9ff926a4cc4eef6ac6cc7be3ce23d3b40300	84eba4cb78deb07f49b4bcbac84b9ff926a4cc4eef6ac6cc7be3ce23d3b40300	Y	ok	OK
B	659	f21d414ee40f6b20ef08b7297f7836b92c10ce9d39417572cf64765bf91e1159	10749	10749	103	10628483622967017495	8d686d3113f7c49e1d686316112f9f1bdbb399c61fbb3964e3347c48b0c40300	8d686d3113f7c49e1d686316112f9f1bdbb399c61fbb3964e3347c48b0c40300	Y	ok	OK
B	660	42a8587a48646d0f01823c0da9fa0fc8a428f38ee78e9d865d0d36ec25557ca1	10892	10892	104	10547438638063456142	4d52ca52b2a78b793b6b19afdb829e1b2b0ae84c2979e3c63298024e169a0200	4d52ca52b2a78b793b6b19afdb829e1b2b0ae84c2979e3c63298024e169a0200	Y	ok	OK
B	661	8cb2a2cba5dd62918519abc300d23cf162ea6d7e820070acbd7b77c5afe6a0d6	11077	11077	105	10510635789153539965	2b6e5bdd3113f215b3f895f1cfff32a3c380702e93c4ec7601a88e9fcec80300	2b6e5bdd3113f215b3f895f1cfff32a3c380702e93c4ec7601a88e9fcec80300	Y	ok	OK
B	661	f624d40df089bd30786dacb062772ed2d038ddc0ce696a8489acf94e10396cc2	11077	11077	105	10510635789153507315	4024044bdb1fcc91e6dc20e936fd90c83dd8ea7309a65ded0c042b37d7300200	4024044bdb1fcc91e6dc20e936fd90c83dd8ea7309a65ded0c042b37d7300200	Y	ok_off_best_chain	OK_OFF_BEST_CHAIN
B	662	4acde25e87a1da7c5efde92ae679121c3a2fc3562221766e278b3c7835a5742a	11023	11023	106	18218041665107530391	794ecdbb2e35f114d87454f4e16a51533ea618acf4057383651103b401220300	794ecdbb2e35f114d87454f4e16a51533ea618acf4057383651103b401220300	Y	ok	OK
B	663	fe2dea528fdbf20cdb5b6ea745c2d268273ea82477d0f3d7a6664fd34e28f4c7	10586	10586	107	221411572768049219	850f983293b126af7c89af414ca4bcb7fccc2b63025216feb97891d1d9e10200	850f983293b126af7c89af414ca4bcb7fccc2b63025216feb97891d1d9e10200	Y	ok	OK
B	663	d550fa657fd49933ff90227fc9206b7f9a915362738e29b31552b28c1c402f59	10586	10586	107	221411572768147822	cc440cac4a5f577632011f58292a22600a228f783c6709379e01fe12355c0000	cc440cac4a5f577632011f58292a22600a228f783c6709379e01fe12355c0000	Y	ok_off_best_chain	OK_OFF_BEST_CHAIN
B	664	f66688366077b832ae5e04ccf30833064a1c3b76066c582e1c2686557a319014	10252	10252	108	2013862920556208	fb64177f8112340da77173b75e9c1e2492cf19a57e131a3cf381251120930200	fb64177f8112340da77173b75e9c1e2492cf19a57e131a3cf381251120930200	Y	ok	OK
B	665	2954c6ab464a199698fed1708f53c6f7afbfcde66c72c1d343f00e31ad4a6ba5	10315	10315	109	16801616628331677109	c08f2d83abbedf493e94c0f1fc057f559f223c51ee7ad99dd66cd5d37eb60200	c08f2d83abbedf493e94c0f1fc057f559f223c51ee7ad99dd66cd5d37eb60200	Y	ok	OK
B	666	980f31b2d9f085288032bea74bbb68ccda7aee5279790108c70cb2365f125ee5	10142	10142	110	16044096221085700981	dba35d67a4216555b701dd8c7d82c419fcd5d99e51bd3c2f3f6c22b852e40000	dba35d67a4216555b701dd8c7d82c419fcd5d99e51bd3c2f3f6c22b852e40000	Y	ok	OK
B	667	f2f2c9c9d74185cf5db0cf6d2e7b93771aef83eb760f5a3418a957f88e6fb3e4	10298	10298	111	6052477577199687376	7c8fed1e6e87e174750484b6e9f9cf1e786972b764b38fd7f48d6eff0f610100	7c8fed1e6e87e174750484b6e9f9cf1e786972b764b38fd7f48d6eff0f610100	Y	ok	OK
B	668	d2b13efd59855460b1a15767ef579bf850379a7d2e56e09def6cde2f10daca6e	10007	10007	112	11502016027500282840	e9524d36b7d4a8565ac480d7315206cdcd7789ad12089b5a2e4ab30c75160300	e9524d36b7d4a8565ac480d7315206cdcd7789ad12089b5a2e4ab30c75160300	Y	ok	OK
B	669	28eeb9bc4521b60705027c3d310a215ce4da31e3ad2aa2cfca1a592ebb058cfc	9707	9707	113	8974692004487303811	b3fafc70b198e8e455284a27f3c345e0c7cd65e031bb0da4e00f1ebec41f0500	b3fafc70b198e8e455284a27f3c345e0c7cd65e031bb0da4e00f1ebec41f0500	Y	ok	OK
B	669	df35736f77e46e77f7279e1e71f7f8a06920c40597a4e8a3c39784785deafeda	9707	9707	113	8974692004487271287	758961ba66383282990440fc8459f1290dafaeb905e3f6d895f1c887e8770000	758961ba66383282990440fc8459f1290dafaeb905e3f6d895f1c887e8770000	Y	ok_off_best_chain	OK_OFF_BEST_CHAIN
B	670	9c8dfadc9f69d1c470561beb92903ff89129df1f9d35e8e199b59c78485e8434	9859	9859	114	10369649592127029542	32abb53ed05ba2b55cc62cd19ccdbdbda9b8cb3d6b551e74038d76ab71c80500	32abb53ed05ba2b55cc62cd19ccdbdbda9b8cb3d6b551e74038d76ab71c80500	Y	ok	OK
B	671	b673f6dd14d9737eebc1000a6b4a07735e9e39a49a3939174c77836680cac55b	9514	9514	115	4880412638850383995	1c7a1b8416fd13e8415e65c4dfaab272d9c24c1a3ea86ddc02c389a16da80500	1c7a1b8416fd13e8415e65c4dfaab272d9c24c1a3ea86ddc02c389a16da80500	Y	ok	OK
B	672	8e121a93bc9ee8cbd0dc7346c38d44a49c173694d0959c627eecfb40a1ef9048	9659	9659	116	1368473960299138241	aed361f29d130e6b8cb8ce7b426fc1463293d8ad9239eab1d5831eb6838e0000	aed361f29d130e6b8cb8ce7b426fc1463293d8ad9239eab1d5831eb6838e0000	Y	ok	OK
B	673	4c4278e378a763a7aef618a868f0ff241ab56aa13c4aa572d35821393f092ae5	9810	9810	117	13034338703764390487	8dd8d03b50b25defd5d45e286dae7a93709712d21a7f5927c0f1d05629330000	8dd8d03b50b25defd5d45e286dae7a93709712d21a7f5927c0f1d05629330000	Y	ok	OK
B	674	3f6cf8ce1f5bd8a4e7b5608c5f9ac06278ab2c8fc038fe95bf9cb383cc4333ca	9876	9876	118	12070467593509573452	cd872d5b9855cf898b7a7af1f2cb560377171a20ddc03e1a3ee7afe6a8ad0500	cd872d5b9855cf898b7a7af1f2cb560377171a20ddc03e1a3ee7afe6a8ad0500	Y	ok	OK
B	675	08d6926c33deea12085deed03aff15d63b3f52d3e2ff1d0e520d0a86bd7c6093	10032	10032	119	4609509883052626999	35dd43f2cb03d32be5a65e7aebbd13155edd11e399848327f6ffce34f5530600	35dd43f2cb03d32be5a65e7aebbd13155edd11e399848327f6ffce34f5530600	Y	ok	OK
B	676	f7d4efe6ebf60a1801b3279a6e7d2640434fd210a6a2b73d549822b811bcbc02	9832	9832	120	6953538192364634277	7b2081fc15d92d8ea9a085f63690f7c8af2666e4c3c1ee305e0534aa23000000	7b2081fc15d92d8ea9a085f63690f7c8af2666e4c3c1ee305e0534aa23000000	Y	ok	OK
B	676	920c70ec0097a2a53a831fe23566c426fbc08f28d73288c04652044d62cbd906	9832	9832	120	6953538192364568963	53309a9768cdb39fb5811d43a0cd3ac2084304405e6f365e4b90d76ada1e0000	53309a9768cdb39fb5811d43a0cd3ac2084304405e6f365e4b90d76ada1e0000	Y	ok_off_best_chain	OK_OFF_BEST_CHAIN
B	677	94de51357c19b4fcaea9416d21ac77c64ae8bf32e580bb70635d9067c8b62a04	9614	9614	121	390532429808435825	9025cdf86484fe967272e9211b08a479a57baf9bafc66f8bac3a69b1fbc10400	9025cdf86484fe967272e9211b08a479a57baf9bafc66f8bac3a69b1fbc10400	Y	ok	OK
B	678	9d063045a44d9092abeb0c4450eb405cdc968b585e888868e9fc9019048fe4f5	9758	9758	122	15639992716824150111	146d8cde3b8e518f51d248ce4d1006777ab51d968a4cad9c2239ed69a80d0100	146d8cde3b8e518f51d248ce4d1006777ab51d968a4cad9c2239ed69a80d0100	Y	ok	OK
B	678	f624a9c4ab77fe23af6d428171557cdffc74d68ca272b27ed4aa9b9f1be0dfc4	9758	9758	122	15639992716824150210	2efcbb3651707b8c4fca76ed0cad302e12ef7b81b126d55522e40b3ad3c00500	2efcbb3651707b8c4fca76ed0cad302e12ef7b81b126d55522e40b3ad3c00500	Y	ok_off_best_chain	OK_OFF_BEST_CHAIN
B	679	a07f7311f9b06b0c9c08e1594466733dc78302ac0c2230875bd8f9c17270fbce	9904	9904	123	10745721970856368759	367b82ab01494d4f80fed34c4288ccfa6887393c746a5f29336ef64cdab70300	367b82ab01494d4f80fed34c4288ccfa6887393c746a5f29336ef64cdab70300	Y	ok	OK
B	680	38d263454ed4be0ae9f7561c802706654c166b1b426ba011037653c1e0624935	10053	10053	124	16138381258723001226	f89867d0c22c85ace03eeadf4e7bb09457b11b74e92e1a0ab045ce9a2a820500	f89867d0c22c85ace03eeadf4e7bb09457b11b74e92e1a0ab045ce9a2a820500	Y	ok	OK
B	680	ebe47c3da4e7477108e60bb7c4b1de7c39e895f34072e364829aadf5eeb91f11	10053	10053	124	16138381258722968731	2bc506a76fc1ec4cb6d51563c405cdff8c4f261726fff13e417f2db874380600	2bc506a76fc1ec4cb6d51563c405cdff8c4f261726fff13e417f2db874380600	Y	ok_off_best_chain	OK_OFF_BEST_CHAIN
B	681	373bec24295d88846cc5e85fa5ed35945251b8a40c96c4516a9315eb1f82dd94	9912	9912	125	15686855955394396458	ec27a7f4b117592368a0502defbb96cfb6443a728dbd886a49236d33f5e90100	ec27a7f4b117592368a0502defbb96cfb6443a728dbd886a49236d33f5e90100	Y	ok	OK
B	682	a95168202d4eea380e71caf15e29adfaaaadba9006428c89c3c772abf9f2534e	10060	10060	126	209172350493526652	03b416060398720e9fe974b46777b20cee48f921979dd414f194c903ce710300	03b416060398720e9fe974b46777b20cee48f921979dd414f194c903ce710300	Y	ok	OK
B	683	45cda78e3a2ab4a6b9d614145d5c3a55599a10f382b712aa91914c9ca39d3830	10212	10212	127	5867837989706632595	57f767e049d67d63f6ce07f6330b8abdb8f0121bc6c1b02172affaf526fd0200	57f767e049d67d63f6ce07f6330b8abdb8f0121bc6c1b02172affaf526fd0200	Y	ok	OK
B	684	46d8c2dc15c6c4f0d89e46c5744287e616e6ff4a9fd99e7a7ecdcde5e97365bd	10336	10336	128	18190108022448162653	4221613193144a8e9f380f151383fcd696550b3e7a0200b805f0f05186400200	4221613193144a8e9f380f151383fcd696550b3e7a0200b805f0f05186400200	Y	ok	OK
B	685	507cbc3fccf7488ec2d6d50375ff00f31fcf98fcaeaabb2d85b3b51246709c94	10280	10280	129	14644833590156729125	6aff8db34d29bfa627d2ec563646da9c453d1459d68181416e2568b2455b0000	6aff8db34d29bfa627d2ec563646da9c453d1459d68181416e2568b2455b0000	Y	ok	OK
B	686	667b21b6a18481b2e7f247422577284a2ade97db30898c4fe7927eac3839bbd5	10345	10345	130	13007079778992358038	b7de288ffd51b119ba6650fe0d07e0a2bc51cbc3c7c7aab6f113da3e618f0300	b7de288ffd51b119ba6650fe0d07e0a2bc51cbc3c7c7aab6f113da3e618f0300	Y	ok	OK
B	687	db174026e6e5855f1fd0d08fcd74b36a475f80a01ecdfa3f34ac941a074c4fa0	9944	9944	131	7537909522807950800	781e8a1d252627541b763f6bdc4d6ff88ca8d22cc69fafbfd1ee1ae504090200	781e8a1d252627541b763f6bdc4d6ff88ca8d22cc69fafbfd1ee1ae504090200	Y	ok	OK
B	688	6e2efef7ff612fb052b3c877b1dd6255c809bd5a5b31d6bac664c8b715310c7a	10090	10090	132	5990948532847150953	7875bbd5379cc6f17226692b3d27d371d329bd24d79f9ab0d00f2068c6f40400	7875bbd5379cc6f17226692b3d27d371d329bd24d79f9ab0d00f2068c6f40400	Y	ok	OK
B	689	0f2c0abffb317b24e5578289c8114cbaaeb3f8fa0dca380cac42342241393148	10067	10067	133	13103381853530817203	1f024065afa58e3523eee5ac01ae0bbd1ee19dab018c27a630c02185f5f00200	1f024065afa58e3523eee5ac01ae0bbd1ee19dab018c27a630c02185f5f00200	Y	ok	OK
B	690	8d1e66ef14d2232684c19879b437e878ceab1ca5aab95aac9a1fc7bef4d12d0f	10129	10129	134	3894260913301106727	2c38f158200c997d766c2a5d4a57463ce2de31649ab53bf30c66f9a5aede0100	2c38f158200c997d766c2a5d4a57463ce2de31649ab53bf30c66f9a5aede0100	Y	ok	OK
B	691	f2a10273b8bd60375b8aadc16b01cddc6c425d53ab545027aa8ade741dd8bc4c	10278	10278	135	15184795757623478239	968b82a895a3f77c3bd8edbeaf3566c8a45854871291777f27a0e70fdc840500	968b82a895a3f77c3bd8edbeaf3566c8a45854871291777f27a0e70fdc840500	Y	ok	OK
B	692	e95e5193cd9d2c698475824b6424bc70999fcb40fb79dd81cfbcdff2181ef82b	9480	9480	136	1322517234706317368	d645916e55125d7ff11486c86d49ac0a5ec054305df56704eaf1c34cafa70200	d645916e55125d7ff11486c86d49ac0a5ec054305df56704eaf1c34cafa70200	Y	ok	OK
B	693	c3b1136c4cb7a59e9fe1992e9de027eb3e81a03a764dfd89a9ea60e1ccd36347	9535	9535	137	3439623330641052363	84f9d4eed8385b0bb4e9e660cf0eb4cb78529c83e19f5dc51570d6f242660300	84f9d4eed8385b0bb4e9e660cf0eb4cb78529c83e19f5dc51570d6f242660300	Y	ok	OK
B	694	995da69a7829e02f43ae1825dea6f52e32206dd6fd36e094ef51f990dcee1af4	9667	9667	138	15313970219060334174	a39de09e6b55485d125d9c74a3e744a6594d647708ddd9035557b08a1bf30500	a39de09e6b55485d125d9c74a3e744a6594d647708ddd9035557b08a1bf30500	Y	ok	OK
B	695	848cf3e297802190167540408a9acf07bfd13a2f1e8f2db2ac7b7ff284437466	9801	9801	139	7003008884105287735	d9a2275741087f0bb7268d57478faba100e30c1103cc40e7f77e4386304b0100	d9a2275741087f0bb7268d57478faba100e30c1103cc40e7f77e4386304b0100	Y	ok	OK
B	696	d3627ee2de27c00c8ed0b761fdbea7accdbd2c0621d5433adfb66aef656c3564	9885	9885	140	17749443639144093372	351799148fe95bea8e24521735e7d3b0536d8a69305b72b675084b9d96940100	351799148fe95bea8e24521735e7d3b0536d8a69305b72b675084b9d96940100	Y	ok	OK
B	697	54f5c207871826a19f9ba0f397aa64496b597352891448b868204b2c7806df5e	9583	9583	141	11403738525703703385	d97225ebdad2de5461a53a615597847fd08100a02511881f8e2557bd466d0500	d97225ebdad2de5461a53a615597847fd08100a02511881f8e2557bd466d0500	Y	ok	OK
B	698	972116d57708d47429472acb4fb3b6c9acbed93970dffcba3259ced97b2c6f73	9346	9346	142	1830675298195151621	3d9a140d4b9b4ff2297c43bc50837a09a18b6eb1da39ba18292e5c2b13a60000	3d9a140d4b9b4ff2297c43bc50837a09a18b6eb1da39ba18292e5c2b13a60000	Y	ok	OK
B	698	3c855c9da5c57f0d45221820734456c845a24ab089c886718c388d5490540709	9346	9346	142	1830675298195184580	2eef048188b2c573cde9ab1b19a22c0c5a627fb02cb8e9589c92730f366d0100	2eef048188b2c573cde9ab1b19a22c0c5a627fb02cb8e9589c92730f366d0100	Y	ok_off_best_chain	OK_OFF_BEST_CHAIN
B	699	bae14b37d2f1bd7f95ecbecbd080cdf1a4016944ac7bc6bc79832bddfd07c0f4	9327	9327	143	6794423921929126638	812585d40662427b4366c98122726e6546d39aedf9de0e61cb64707b9f000700	812585d40662427b4366c98122726e6546d39aedf9de0e61cb64707b9f000700	Y	ok	OK
B	700	5b27b1f73ecf19dd3516c6b90342192b2406edda36b442f84fdc67728c7fd9d2	9038	9038	144	1953410087531840491	996db9c7518f05d4c15a2ebadefa7ffd496ec28a0b5cd6fe67266afefff00600	996db9c7518f05d4c15a2ebadefa7ffd496ec28a0b5cd6fe67266afefff00600	Y	ok	OK
B	700	86928fe1236f2ceb5f045a91bd5f316959b9f86c90925201e85673e02b37fc3b	9038	9038	144	1953410087531873318	0c7ae89f6bfdb8ad923c43bac153f34b7ffb6aafc7b8a1241bf12c611d070400	0c7ae89f6bfdb8ad923c43bac153f34b7ffb6aafc7b8a1241bf12c611d070400	Y	ok_off_best_chain	OK_OFF_BEST_CHAIN
B	701	79a3edf1a7513de598208b8d1c0dfc7d4df7953ae7307ba197e1bfe536e3a7af	9152	9152	145	18392805421980157098	748596d7c026cba99a7526597f2e9fcc06338ca2c0aa5d4125784c139ea30500	748596d7c026cba99a7526597f2e9fcc06338ca2c0aa5d4125784c139ea30500	Y	ok	OK
B	702	5f743033568a26c368f915f99151a7411215c9d254d97fc430140f8053232341	9269	9269	146	14401374090537504665	cb117b80bad8d3ac25f1e4d9bea622d9b8a2fbb0c7c7dbceb303db7d9bad0600	cb117b80bad8d3ac25f1e4d9bea622d9b8a2fbb0c7c7dbceb303db7d9bad0600	Y	ok	OK
B	703	2a4e5b2d4bdd5bd305112cd73349ab609003b42a5e321b7f0550f5bb26cb8e29	9387	9387	147	452165609937995916	af11bc443e3cf7d0865b3161167be3628288479f8d3b62797712de3324090300	af11bc443e3cf7d0865b3161167be3628288479f8d3b62797712de3324090300	Y	ok	OK
B	704	af614850dc242c59c505226446c6d37a61e80b849cc4ece00b547b4a7eaaf0ea	9319	9319	148	7888451409044144182	470cc6fb626344d05e42ad77922c78fda5b7b87e259826472048ecdd0eec0400	470cc6fb626344d05e42ad77922c78fda5b7b87e259826472048ecdd0eec0400	Y	ok	OK
B	705	5f481350fd285d5f5c381887553baf9010d9e9439f9425f62cf12c9530b027bf	9367	9367	149	1496562542334509086	0ea18626ac0547032aa298aadcaf6bc0ae891a96af390778eaad0b2d428b0200	0ea18626ac0547032aa298aadcaf6bc0ae891a96af390778eaad0b2d428b0200	Y	ok	OK
B	706	19cda3c5c9ababdc01a07c89301e1bb4a9597d020d34c02d48aeb4889541c9d2	9485	9485	150	1613563176668956374	756ff4b73edf17fe1e1b67b0ead2da11c1f7b44d193f051fd4f7db2d38370200	756ff4b73edf17fe1e1b67b0ead2da11c1f7b44d193f051fd4f7db2d38370200	Y	ok	OK
B	707	56de5936e2ba9d4fb8acc30bc84092e0c7bd8de0bf2bd5fe4927fc026ebcd14d	9606	9606	151	11962228142703151173	f9a38e9d1528f338af093b617a7458bfe25b061860225ecbd58f0db3f9260200	f9a38e9d1528f338af093b617a7458bfe25b061860225ecbd58f0db3f9260200	Y	ok	OK
B	708	4a2a626ca62f21c58cbf5197f49a4fb1aab921868344e60ad52928f2960f08a9	9728	9728	152	9273469669266754964	66dbac04f76b399eb9bae5b598ee29446bc851c3e3a89101efc6a2c0f9530200	66dbac04f76b399eb9bae5b598ee29446bc851c3e3a89101efc6a2c0f9530200	Y	ok	OK
B	709	d02b4dfcd1f29af65977a9a7522daadeb92953b70a572cea0f86164d01c7daa4	9853	9853	153	2283724473100174071	d6c45bc28fa7891bf463138bf11679d6afaea14748447c8b13bebf27698b0400	d6c45bc28fa7891bf463138bf11679d6afaea14748447c8b13bebf27698b0400	Y	ok	OK
B	710	2c5fb00b1586487b5422d558e585ff2e3bbf3a2fdb6529243edba6a8016a203f	9850	9850	154	9331754239489216822	ecd8110392a9ec92d2e8ce83a073a12bea09f3c3fd89811dc6cc218112cd0500	ecd8110392a9ec92d2e8ce83a073a12bea09f3c3fd89811dc6cc218112cd0500	Y	ok	OK
B	710	ee5d01efc605ca021aa106798dffad591ab490bcb626d573edbe88ff426fc0cc	9850	9850	154	9331754239489282699	580f927d7af313729d68eb730a03e6ea738c9f3a60cd443b8fb5d47564920600	580f927d7af313729d68eb730a03e6ea738c9f3a60cd443b8fb5d47564920600	Y	ok_off_best_chain	OK_OFF_BEST_CHAIN
B	711	2531c3016c1fa07e052018e89a409ff240d76f3edfe996fec5d9fe1ce79abba5	9977	9977	155	17483778784942428067	3e6c6a0df50daf1d4fcd9edb8825777c63ad428ce7cd9eb797955dbce6640000	3e6c6a0df50daf1d4fcd9edb8825777c63ad428ce7cd9eb797955dbce6640000	Y	ok	OK
B	712	121d2af5f62309c699cc55687ab49f64b09680646740f7856c36af72ac39a7c6	9843	9843	156	37217304664146085	13746dbef25ebcb7d44ebcfa112439fb6685015bd498b3474d228460d32c0000	13746dbef25ebcb7d44ebcfa112439fb6685015bd498b3474d228460d32c0000	Y	ok	OK
B	713	89c388c06ab6961c04eb75ffb4155f76ff6b2ea3a6c34bb042c53a5659310194	9736	9736	157	13695303186724717854	24c6273aec2ba6c6914c136a2daec22a614562f615f60f2b373496ffb7570600	24c6273aec2ba6c6914c136a2daec22a614562f615f60f2b373496ffb7570600	Y	ok	OK
B	713	afbe25f4a0cded618f1ad24b1e3c2d3b16155a90b234c535e21b4c77c0ef37bb	9736	9736	157	13695303186724783614	6465efc301baa571b09158221bf1f86fe353fe645f33174d477aa5cf9c140100	6465efc301baa571b09158221bf1f86fe353fe645f33174d477aa5cf9c140100	Y	ok_off_best_chain	OK_OFF_BEST_CHAIN
B	714	43a12655c12ffabebf2384b259cb48ded3c538032ddae60fb090960da1b57a06	9860	9860	158	9990117711730019826	77ba7997708d48565df72513adc60db74092d7e894845a5b15a01a2246bd0100	77ba7997708d48565df72513adc60db74092d7e894845a5b15a01a2246bd0100	Y	ok	OK
B	715	bd043f457cee332cddd574fd686877ac04ea83c90aa334cd4e74dece28dad97b	9986	9986	159	7165889965413368741	c128806dadf4a1ebff9ba8f2baa75cba94f7a5a7712b84ffb77b97886f3c0300	c128806dadf4a1ebff9ba8f2baa75cba94f7a5a7712b84ffb77b97886f3c0300	Y	ok	OK
B	716	10d908f1b7c803b2a196b995b6931bbf7423f08fbd11b77d281d0ee6b9c668db	9983	9983	160	2314672469836861580	a91dbb76dc2c5610d371636cdc923afcc1bc84dd801ea3b1ecd684118aff0000	a91dbb76dc2c5610d371636cdc923afcc1bc84dd801ea3b1ecd684118aff0000	Y	ok	OK
B	717	0a6af00f1f2ba55aef5e5f6f65d791390453141790d85a3547bd935b7ccbba35	10117	10117	161	12245265598451386912	ff5008549d69d5cbf5256527bae5a50a4f2db35ecb72144fd93de8693dbc0000	ff5008549d69d5cbf5256527bae5a50a4f2db35ecb72144fd93de8693dbc0000	Y	ok	OK
B	718	e507c85f3f1a664e63093f88c72742b67a12e857a66cd953f22e6c954f5ea48a	9982	9982	162	8667770497599046700	ffb1f78d9bd32a8c3c05df1600e56df5d0f77950ee5b15d7fc52feab1e070000	ffb1f78d9bd32a8c3c05df1600e56df5d0f77950ee5b15d7fc52feab1e070000	Y	ok	OK
B	719	051b683d9e5e4412d8764aa5310572875396ce3cd7516b2506ab861b702b2faf	10008	10008	163	5410075689489565907	2f0fd70f828c485fe8c4e7bbf3e050fe9fc518b85dc2c01eb426410ce70f0500	2f0fd70f828c485fe8c4e7bbf3e050fe9fc518b85dc2c01eb426410ce70f0500	Y	ok	OK
B	720	2b951e7d23a5b1ce6278501d749a7741a05efc8aedd8c2a10dac31681762bbaf	10142	10142	164	3006813407434347329	cf6a8f460225c18a3f26e2a62ca733ee5081a005cf1c9f426f1923c007c90400	cf6a8f460225c18a3f26e2a62ca733ee5081a005cf1c9f426f1923c007c90400	Y	ok	OK
B	721	e59062abebd80e020d8c8a1742fad509d2a1f96116b4a18b39bfdb1f09209618	10197	10197	165	8794532969827083078	24fe26a9c9c5ff4518afddbcc030e2530e846d72266b0fb4bb33e912db8a0500	24fe26a9c9c5ff4518afddbcc030e2530e846d72266b0fb4bb33e912db8a0500	Y	ok	OK
B	722	2f731ffd1d0f7440b125f2e1281c91bd7e1e6a410aa07ca317fb40e0384931c0	9981	9981	166	18015945165860080814	c94a977b8a8a45d22c629c535be9aa2f0b50059a1de4256729af13d735320400	c94a977b8a8a45d22c629c535be9aa2f0b50059a1de4256729af13d735320400	Y	ok	OK
B	723	72ad329cf5e6c52bf22802bb4a927a9a573859226198b7ed1d6e79b827c07e83	9457	9457	167	14398733647723105265	be458b309559cde94d7c826fc22904641f7126309b81962d1a13d94bcad40300	be458b309559cde94d7c826fc22904641f7126309b81962d1a13d94bcad40300	Y	ok	OK
B	724	e9a7f43a2ecd3cf579b8cbe3903a0b310ce3c0cff20d0b52016a478d67ae4236	9411	9411	168	14092970845702029390	cdec39a899cd9f5d325a7bdcd28cced9bc547a208eaef065f81141b995450400	cdec39a899cd9f5d325a7bdcd28cced9bc547a208eaef065f81141b995450400	Y	ok	OK
B	724	8f5dc7aab1d9d86aece8a45fa3ac9e94634684b9b0fd083ec03e8207272b5657	9411	9411	168	14092970845701963912	63ce54e92df48197338c83a2119fc5bb9bdbd17c29f58d118cc87a9925ff0000	63ce54e92df48197338c83a2119fc5bb9bdbd17c29f58d118cc87a9925ff0000	Y	ok_off_best_chain	OK_OFF_BEST_CHAIN
B	725	53d951cc5c06e55e6b6a97dd9d5ea755fad693c1d5e24128f27b14ba16bb3bbd	9388	9388	169	15615601627615038085	9b50be56065e8cf3165b6d6a7e2866fb55ed824424eb113d7dd3649ae12b0600	9b50be56065e8cf3165b6d6a7e2866fb55ed824424eb113d7dd3649ae12b0600	Y	ok	OK
B	726	1bd20011f6eb33ec1401c8546c745691b95106934b10b0ebe77bcea189b0fca0	9506	9506	170	5493362630141774643	5228132a08c8f98e278945590838a6eb4d58fd8771b53788ddd41fd449830100	5228132a08c8f98e278945590838a6eb4d58fd8771b53788ddd41fd449830100	Y	ok	OK
B	727	309c1fa30c17c59e9ecc4e4ab83e6b5f5c90414d51311ce6d9926c55c110cbf2	9603	9603	171	18382188829760032298	e0b7ae0cf51f334aa959e90bce5cf562f83dcae4608278fad26fa442ad5e0000	e0b7ae0cf51f334aa959e90bce5cf562f83dcae4608278fad26fa442ad5e0000	Y	ok	OK
B	728	0120be858104a186c78b95c6c576ba3fb628b96935eb3efa857cf0c996fb33d7	9577	9577	172	1673737579746330862	df1d9261902c0e58abcb1cbc08ffc279c7393370247e394bada4f4262f460300	df1d9261902c0e58abcb1cbc08ffc279c7393370247e394bada4f4262f460300	Y	ok	OK
B	729	1813879fd9faaa36967becb3fde20f0ff81e7fd810cbb7a17cac3f5884540e2a	9504	9504	173	3258892257876609130	baa5580fd24003181f58bcfc424e3b19802bb6b257a3f2bcd8d56903e7300500	baa5580fd24003181f58bcfc424e3b19802bb6b257a3f2bcd8d56903e7300500	Y	ok	OK
B	730	16fd153d50a5acdfc29dcbfd81a815495bd53f5f6f93daa30026beba725c66d2	9553	9553	174	16017939475116068740	1c0cdd5dfd5c39ddcf7174d693134abc1ebbb41333ea2ab2f6a33d78c68f0500	1c0cdd5dfd5c39ddcf7174d693134abc1ebbb41333ea2ab2f6a33d78c68f0500	Y	ok	OK
B	731	2a647922eae4c41ce3d62ec32cddc3c4aa4416ce3569225b257885b00d52df48	9602	9602	175	12062792439707009836	57e8834fb44fc320e922e5950a785b608bf8a7ec707fc3fc9dc6925155980000	57e8834fb44fc320e922e5950a785b608bf8a7ec707fc3fc9dc6925155980000	Y	ok	OK
B	732	fe2a26f78ad1ed5606bc0636cc5fc8e461c36032dfc61408cb2f7f9ea59a6eda	9480	9480	176	18159430509866811544	d75f1498f184aeae3ef1a9695fa1aa731e06b38c68603b302c3def7954980200	d75f1498f184aeae3ef1a9695fa1aa731e06b38c68603b302c3def7954980200	Y	ok	OK
B	732	f608c87c79b9a88bcfc25153a1ba4d672fb72489986c4c799058185bffe32219	9480	9480	176	18159430509866877124	ec05fc80b19c89d7acf6219350662b97d0731ff5fa8b2052dc3e6577404d0100	ec05fc80b19c89d7acf6219350662b97d0731ff5fa8b2052dc3e6577404d0100	Y	ok_off_best_chain	OK_OFF_BEST_CHAIN
B	733	b057af2cb532380f19ddbb579cf8807ea6e1658fb09d1e73fdc492103547f1ce	9600	9600	177	13230117422083702930	4f3e46eef317adaa76171b612447f51b21c693cc9d2ac7edb0881d7f18670400	4f3e46eef317adaa76171b612447f51b21c693cc9d2ac7edb0881d7f18670400	Y	ok	OK
B	733	e1afe821c6c7975e7198e14733d14924757e873276e6da8cd2c6ea3edff1a431	9600	9600	177	13230117422083670383	b4e1f52b9396015ad6601a9591003578646331d8105bf496fa339f5e67eb0300	b4e1f52b9396015ad6601a9591003578646331d8105bf496fa339f5e67eb0300	Y	ok_off_best_chain	OK_OFF_BEST_CHAIN
B	734	48070b1e92c44123de2b8296b6091bff0d2a37f432258fd77922bc038efc192f	9723	9723	178	710847989777696823	7138ffca98ec51ca38f0fcd7f9a7f1b00d9b9b3321ee9b70a90453337b170100	7138ffca98ec51ca38f0fcd7f9a7f1b00d9b9b3321ee9b70a90453337b170100	Y	ok	OK
B	734	0e35e8236f51ef76bd1617bce8927b491d28f7738185dc2d3dcb96a07dc41fdc	9723	9723	178	710847989777697004	edfb01fe135712d4645c44c47c9029f76be7ecbe6fd4ea95a777e1717eb00200	edfb01fe135712d4645c44c47c9029f76be7ecbe6fd4ea95a777e1717eb00200	Y	ok_off_best_chain	OK_OFF_BEST_CHAIN
B	735	b5615a7d892d91cdb6256fcbce656ff6a8bd32d3288d33193b0154e854793fb8	9849	9849	179	15830542351115224342	2228fbf480289862026dc0469df63c97137baaba7dcf74f05817ac2ddeb40100	2228fbf480289862026dc0469df63c97137baaba7dcf74f05817ac2ddeb40100	Y	ok	OK
B	736	ea97d9ebbda0de0b1a1285a64bdf1726caa293628f36e144420a33b41307a6df	9977	9977	180	10766978511328545832	7f1ef32c3684baebca7908f6393037a4527bb46ee527884106100b49d05d0500	7f1ef32c3684baebca7908f6393037a4527bb46ee527884106100b49d05d0500	Y	ok	OK
B	737	f2ee652aa8680d4515f824839c2d92edb8798b58a1ce50cd128ad02dec500f67	10109	10109	181	16520601917496329874	507cebace88e4f95a7604f520c3cc2186c6047ff82345b31e027a8b45d4d0100	507cebace88e4f95a7604f520c3cc2186c6047ff82345b31e027a8b45d4d0100	Y	ok	OK
B	738	7c7138f693af0f8433a3038fcb32a4755fe26c58f91b4bdf52b85fdb10a2a26c	10190	10190	182	10320711613769877800	5dbcd40cd389e83a4fbd3e99c8f7bf28dcf2bb4584cf497167927ffd8e5f0300	5dbcd40cd389e83a4fbd3e99c8f7bf28dcf2bb4584cf497167927ffd8e5f0300	Y	ok	OK
B	739	b4caf255e0080244319275bbad544c445042d84b16637012c45006ae649658eb	10302	10302	183	502928769007226997	6995d88e34ac985127409b83611dd9933422f5bee59dab32f9675b5379f50100	6995d88e34ac985127409b83611dd9933422f5bee59dab32f9675b5379f50100	Y	ok	OK
B	740	ccd52de4ede767e3847f2b837885863e976b400aceb6fbad105e6919b792207e	10331	10331	184	9937631802623591619	027672e64c149b9e463962a4ad761c340766c70075eb5434bb626aadfc730100	027672e64c149b9e463962a4ad761c340766c70075eb5434bb626aadfc730100	Y	ok	OK
B	741	1e598094f384cd0042f5f7e55a705d0f90881f6e3d6b60eb993ec8aec5b567a4	10190	10190	185	648622284549947496	4fe906205fc5fe2b2a27ca57b9b29c81bd4437d5895bbe0dda316e6dfc620500	4fe906205fc5fe2b2a27ca57b9b29c81bd4437d5895bbe0dda316e6dfc620500	Y	ok	OK
B	742	06191711503d8cd019ae00750172a95b8e5eb77dbf7bd9dbb035c8efdf24781d	10333	10333	186	3313811338970630333	e52c3c22613906bfb6dff40e5dbdc012c22893701e3965f7451a63cc813b0300	e52c3c22613906bfb6dff40e5dbdc012c22893701e3965f7451a63cc813b0300	Y	ok	OK
B	743	1aeb79dbecd44b6d0bd762e607b449b691920cc96c5a1eb1e02d16055e68711d	10479	10479	187	7244951276721545654	99efd7431f7cc100e5a834f12534c5b724033bef2c64433f70a9fb01545a0200	99efd7431f7cc100e5a834f12534c5b724033bef2c64433f70a9fb01545a0200	Y	ok	OK
B	744	e819fd58e0c7183b300113edfd63d5dbaa6f50d10864435104d335283d7b6a58	10630	10630	188	16055900470547382755	ac8bd016c7102801092429880c9633011eac99467f1f1c43f9d1e5ecfa6f0200	ac8bd016c7102801092429880c9633011eac99467f1f1c43f9d1e5ecfa6f0200	Y	ok	OK
B	745	6da6cab20e95f5afa533d63c044fafaf28c425213ba0dd47d9abfcf1e053d3de	10059	10059	189	4940694832721986309	c1ff6eeea9ee6c3ca356e62fe993ac63d457d6fd627f7f5038b4513a31270100	c1ff6eeea9ee6c3ca356e62fe993ac63d457d6fd627f7f5038b4513a31270100	Y	ok	OK
B	746	8293a5f92b71765b8c51a7924ebdd4abc4b905a88e7908fc5a4dea218d38431b	10198	10198	190	17701645008236479145	d9b489dbc1cd14dc7592e28f9999397b5c078d79ee62b862b3a03553042c0300	d9b489dbc1cd14dc7592e28f9999397b5c078d79ee62b862b3a03553042c0300	Y	ok	OK
B	747	5e9a21f435c9e6f163719c305305fbdcaa1073067b9064157cee65573ab0b7fd	10341	10341	191	15220534975062413111	cef3f369708e12327d95ef0f6360d52db4b4daa17ecfa1fd3913f6584f2c0600	cef3f369708e12327d95ef0f6360d52db4b4daa17ecfa1fd3913f6584f2c0600	Y	ok	OK
B	747	29e8ba6d490f30a8a4ce0b5f3c3951b9051f80877f6a30f1e0811a6c8a537a08	10341	10341	191	15220534975062445854	c57bfcc4564524600bdfd39268039468fa164e621ef6a5f6fa216666c94e0100	c57bfcc4564524600bdfd39268039468fa164e621ef6a5f6fa216666c94e0100	Y	ok_off_best_chain	OK_OFF_BEST_CHAIN
B	748	5b208585c52e94d77b0eea34a8ffca6e1d226779401286d58b05c90ea0a6a041	10488	10488	192	3485462043417444931	4e592a77466c7a0d41e62640dbe463c4cc353fff6928e985b3320d2fa4a60500	4e592a77466c7a0d41e62640dbe463c4cc353fff6928e985b3320d2fa4a60500	Y	ok	OK
B	749	959a1d48db7e1dcf57436994a27ead5f505cee5f57ad1e5e8d5f0490824d792d	10519	10519	193	10707666181201923115	52636896b97d9202812622e187daefd1a8e641cdbf42f3680da34edf36b40500	52636896b97d9202812622e187daefd1a8e641cdbf42f3680da34edf36b40500	Y	ok	OK
B	750	dfc6b0793c996feb1aa74420ff52d220caf2e2d8da690b1c7d837562baeddf12	10671	10671	194	11211862017101072408	6cffbc573f4198662aabd7cb89d4c3edddbbe757c5fecd89a896743fc40a0100	6cffbc573f4198662aabd7cb89d4c3edddbbe757c5fecd89a896743fc40a0100	Y	ok	OK
B	751	23e620bbe51eecd62c985cbe8090889ec6af17b2f43f9fdec5855c1c73a04604	10672	10672	195	289307871777161994	cfc9524f087fb56a4a6ad620da9ae4525a17047e2c1a1357f831152d63d00300	cfc9524f087fb56a4a6ad620da9ae4525a17047e2c1a1357f831152d63d00300	Y	ok	OK
B	752	ccabfee2ff432f6ea1781babf8881e10ed84c7d7c913eae42112127a4a2cbcf5	10766	10766	196	8093491859264897104	38569ecfc2b6dcf22fbdef5db85aee1ec080683f1ec2d696d55edf5c64e70400	38569ecfc2b6dcf22fbdef5db85aee1ec080683f1ec2d696d55edf5c64e70400	Y	ok	OK
B	753	84a8d6d53598622a3c838058cdb20bf8ce701660f36fdeeb932dd470b706ec8e	10923	10923	197	4970827099205108135	c9f8b0e4115e3566a38d8eb7afb18d47228e2e81233196949a31988ed8830000	c9f8b0e4115e3566a38d8eb7afb18d47228e2e81233196949a31988ed8830000	Y	ok	OK
B	754	c3e9da5e6f2fe3e25fe6104e2509670ef0281b7cf29532287f4e9a06e782d30f	11086	11086	198	9315462371973599368	b7bd6e9e8e4148b3ea3f97ac3fadbec1f4bdb4c64c97e1770a528723a0920000	b7bd6e9e8e4148b3ea3f97ac3fadbec1f4bdb4c64c97e1770a528723a0920000	Y	ok	OK
B	755	bf4ec0a36452ada7d62154a82d5135c5d0a16c2dbaa3f51a131c26a2aa84fd8b	11253	11253	199	9971427349792624822	8e21de81148e9944edfdddbe78aeb6325748f6cb14196874757e9557bd710000	8e21de81148e9944edfdddbe78aeb6325748f6cb14196874757e9557bd710000	Y	ok	OK
B	756	c5c23df0fd8a6f93ded8fdc218d23ca6f3172b5a13b5b04f727ded1d476ba619	11322	11322	200	12111464078552174230	5258c54ea3b6607f1d06cf65a912162941525a384873efb7ef7c4b2c07d80200	5258c54ea3b6607f1d06cf65a912162941525a384873efb7ef7c4b2c07d80200	Y	ok	OK
B	757	70e105ee221003480b9444eaf7d776aaf2be7b3fe4f5c369ae7cb084cfbec269	11156	11156	201	7545909268763904495	cef9c32a36eda809a861212bfaf3f89e602f1feb2a48a4144f0c15815a8c0400	cef9c32a36eda809a861212bfaf3f89e602f1feb2a48a4144f0c15815a8c0400	Y	ok	OK
B	758	c7efb6fe425b4fce76e4915497de2226bcc6d36f2dffdf5192917447c09bfacd	11028	11028	202	7713198369497253915	3c2056a3bb1dbb4c5aaa576f65aab431916cfadcbc3f911edc7f0583b91c0300	3c2056a3bb1dbb4c5aaa576f65aab431916cfadcbc3f911edc7f0583b91c0300	Y	ok	OK
B	759	c7c4b645147def1c58279ec7cb35771153fc89bc59f6cadac7afb4d5fe0227fa	11061	11061	203	3401645988564241852	795ed446be620b2f0e63c2924d03171fc4711ee9b8781e3fd62dabefa1ae0500	795ed446be620b2f0e63c2924d03171fc4711ee9b8781e3fd62dabefa1ae0500	Y	ok	OK
B	760	8a0f0772fc2e1a7c8d496f487fb2bb303f7cc71bae76e0f4a661d9a4d66d7b7e	11127	11127	204	2391828074091022331	b92979705e99bc6610c93d6d6b5e69fb82a6e95097caf6864b6542ec8f800100	b92979705e99bc6610c93d6d6b5e69fb82a6e95097caf6864b6542ec8f800100	Y	ok	OK
B	761	9c881d5df82c3613cabe84b70203850d61301674e7267ba7a280a048beee2e48	11064	11064	205	4525609603890774165	b402b76fff359c83713d998e9ba229dd9d15161d1020a2fd3b518f4dc0e30300	b402b76fff359c83713d998e9ba229dd9d15161d1020a2fd3b518f4dc0e30300	Y	ok	OK
B	762	39e0ce39e061f6477264821ce3bd73cc17da22d8caf2a7e238fe883655cff428	11130	11130	206	4978223767328194613	ab0c3ea5768eff825edd8fad62dd6eb30325213be63504a080d0fcbf8fe20400	ab0c3ea5768eff825edd8fad62dd6eb30325213be63504a080d0fcbf8fe20400	Y	ok	OK
B	763	1e03ece7b56bab517879e37a1c87daf8cfd9cc8d3f34f3670f4e57ac591373f0	11296	11296	207	82709688457694539	e8c76bf1837eec763051cbf6236c42820a5f55cfd36fcb40250722cbcd080000	e8c76bf1837eec763051cbf6236c42820a5f55cfd36fcb40250722cbcd080000	Y	ok	OK
B	764	4f1d5782ee55abea4f7e23b4baf5bb1f544c0618d74eb3c61919cbf74d5ad4f5	11466	11466	208	6734040280929962226	1d83df2bb565818253957afbad0fa1b6f025ad6d6c3fab647e4c87cfa1890300	1d83df2bb565818253957afbad0fa1b6f025ad6d6c3fab647e4c87cfa1890300	Y	ok	OK
B	765	08e646563b07f534bc09c372347391c1e1a7cfb32a31f1df27544c07a2e696e0	11642	11642	209	18335730512116582255	725eb33f2e66356286e2b6b3dd81c695603bd0e9d78585c4007b56afcf5e0100	725eb33f2e66356286e2b6b3dd81c695603bd0e9d78585c4007b56afcf5e0100	Y	ok	OK
B	766	502349fe9561b68134cd42728111878d0ef64c43bf3105d1e11629788c1ee428	11679	11679	210	13757231650150814763	6a56dd4fb2dd1ea162bd30b7d6a12d7f3a084fe9ae105ff1bfcde0a8e6cd0300	6a56dd4fb2dd1ea162bd30b7d6a12d7f3a084fe9ae105ff1bfcde0a8e6cd0300	Y	ok	OK
B	767	bff1034016ca75749d524f530c24c064779b0668e60b59b2b98c002dbccd4681	11787	11787	211	2284465737210894583	fd804f153ec12b75454c1f81b732368e9368f69360a504fb7e63311df9910100	fd804f153ec12b75454c1f81b732368e9368f69360a504fb7e63311df9910100	Y	ok	OK
B	768	af1e03ec4fba0f59ab3c445632c1d5c3443389fb28f5f4554c3e95ac25fd33e1	11471	11471	212	13468343216289973024	ab928dfb37510fa83dcbfe9472287cdfa626f5aa7902dff35337b2a59c3d0200	ab928dfb37510fa83dcbfe9472287cdfa626f5aa7902dff35337b2a59c3d0200	Y	ok	OK
B	769	75ff973e783ffa516484ab4f51d08cab254d519e762c4b8b608a31ad39a66528	11076	11076	213	6974339393288995220	99ffc0c8f4f79eb992b93dfac4a2055844897981d66445d2f41b9fa4fb6b0200	99ffc0c8f4f79eb992b93dfac4a2055844897981d66445d2f41b9fa4fb6b0200	Y	ok	OK
B	769	d4b5337b4b9b86733270cead82b35f533cc96d6da8aa67299fd300d87166709c	11076	11076	213	6974339393288929750	43d9ccb323dcf2d87bff95cf8e126231d7451e76d82d3e7c7f5fe5bf809c0300	43d9ccb323dcf2d87bff95cf8e126231d7451e76d82d3e7c7f5fe5bf809c0300	Y	ok_off_best_chain	OK_OFF_BEST_CHAIN
B	770	7d701c68fe1b7d675cb1d55e76928c5a29f1a05ab3ab292e961cc6f4ccbb8b48	11237	11237	214	7912390268261832988	3e3ac67f8b3bff799d14c1a7587c7de2af5074bb082dff61e01a9c5555260100	3e3ac67f8b3bff799d14c1a7587c7de2af5074bb082dff61e01a9c5555260100	Y	ok	OK
B	771	493ade8c0c5e841e75259d426e9e83b4fe542113a10acad6202fdc7b5c01d411	11402	11402	215	6389855216874815597	2b4cb26eb75b89d2990934283a9573b1c66a9fd0abf7f05e0908b47395090500	2b4cb26eb75b89d2990934283a9573b1c66a9fd0abf7f05e0908b47395090500	Y	ok	OK
B	771	bbf6e4269ea5cace2a4999ab0c2edc6428959448bf5eb364b7bbb3e5e98dc647	11402	11402	215	6389855216874914191	04a4eaafdcee423eefd8781bad1d3c282bea9aae9e1533f25301f9f57fe30100	04a4eaafdcee423eefd8781bad1d3c282bea9aae9e1533f25301f9f57fe30100	Y	ok_off_best_chain	OK_OFF_BEST_CHAIN
B	772	2dc15f71cd005b6a2781d7907858047cbdfb1181c56fa36ee51115dbc4ea6702	11109	11109	216	15473315885153847933	88a1b8a47d6f4c34e0f63d24b75ddbdef99341f02addf750ffc5213116c90100	88a1b8a47d6f4c34e0f63d24b75ddbdef99341f02addf750ffc5213116c90100	Y	ok	OK
B	773	cb2e928cae7da82b99c34437265368a69a6586291551944c3796cbfcf5aa1fd9	11269	11269	217	5544849804732990893	6d62264758bdec8c8fe6e801afd38b960d241419c1428f005b37606621c30000	6d62264758bdec8c8fe6e801afd38b960d241419c1428f005b37606621c30000	Y	ok	OK
B	774	96f509b0162e9d1f995ee5b4301ebe3880bd6d0f82db6107fe504f6016565413	11400	11400	218	14440977756340727975	cc7449ebcc2adfdb7d340f981262a5f68246e1c60957910f656a09614b9d0200	cc7449ebcc2adfdb7d340f981262a5f68246e1c60957910f656a09614b9d0200	Y	ok	OK
B	775	8ff193172779cb43f4d1de9a84544de1370061a8d732e52028b80d1f09c68308	11532	11532	219	8051449064354547589	ed9ea571bb453614e715f2f7390c4d32cc957aae88ce641bc6a47d1b280e0200	ed9ea571bb453614e715f2f7390c4d32cc957aae88ce641bc6a47d1b280e0200	Y	ok	OK
B	776	00df32899d9e81b87d6326a58f62fe81ba1b20a4bc2c0cb262feef5be5baecd7	10510	10510	220	6832029581831095060	df051c7bd2052ab78718358fb0ab7a5b9528f9642065e14e028e9940116b0500	df051c7bd2052ab78718358fb0ab7a5b9528f9642065e14e028e9940116b0500	Y	ok	OK
B	777	a1108bee3c32f3e7262b00641ce62931716311aa315cc04418450afc6a2488dd	10594	10594	221	3714735824403792437	4638acb8bd7ef014fcd3b0d6f7869f7e68017154d26a44c8284616b030940500	4638acb8bd7ef014fcd3b0d6f7869f7e68017154d26a44c8284616b030940500	Y	ok	OK
B	778	c2e73ba52aa95890800dc0d93397de555deac85ec20b190adbbfd839eb4713b3	9360	9360	222	4346508673078526048	626cf2e5b4ed1008c30d43448f3d39f26dbc90f238918789006f7a34fb880200	626cf2e5b4ed1008c30d43448f3d39f26dbc90f238918789006f7a34fb880200	Y	ok	OK
B	779	3a609dd53d53a6ec7a79306b9c4bf52a8f040a63b010093d673e64ebac03cee1	9473	9473	223	10594900689563976547	826ff0fdd58908687567044fb9772fc8d2c931e2d9350b3f1578848019800000	826ff0fdd58908687567044fb9772fc8d2c931e2d9350b3f1578848019800000	Y	ok	OK
B	779	4eb229c1f478353950f275fc8df187a31632f3390787789461488a39e8fff915	9473	9473	223	10594900689563976612	881110f0eb080a75d9214b0f37aa5b88b661d1055e94f41dc10887b2160d0400	881110f0eb080a75d9214b0f37aa5b88b661d1055e94f41dc10887b2160d0400	Y	ok_off_best_chain	OK_OFF_BEST_CHAIN
B	780	937c4c5eb263891287ce4e78ebf1f04874cddcf0ecced78e12e12a426b5b7330	9589	9589	224	3736426040608687948	b6b0512c3f27b9fcafac6863f6825e9dd7f53faae386bb2c6f51a672a1370100	b6b0512c3f27b9fcafac6863f6825e9dd7f53faae386bb2c6f51a672a1370100	Y	ok	OK
B	781	56091127085ac17793056a3c04ec6419d99d29537542578119d1cf5206807fb9	9708	9708	225	15432807102237708767	3bedb8dbfafee08f7405224d9bba1cc3b63835bddc82b05bc5e1471030f40200	3bedb8dbfafee08f7405224d9bba1cc3b63835bddc82b05bc5e1471030f40200	Y	ok	OK
B	782	3219ad6003ec12161cf5b07e4bba0c96c96601f52ba078181a053800562d03ce	9829	9829	226	15286246187984783763	318e39383ad7cdbf2870cd96d1a33b959e40f48189c1306bbcd5c5da32930300	318e39383ad7cdbf2870cd96d1a33b959e40f48189c1306bbcd5c5da32930300	Y	ok	OK
B	783	9040f7252d6da747f4a2af247a521643ff40bbaaac14c9dd765a9287396b892e	9805	9805	227	10104081975984783927	60c435fde0d3eb4e23cfbee60e29182ad10a04f7cbfd23671bcf859d3c050600	60c435fde0d3eb4e23cfbee60e29182ad10a04f7cbfd23671bcf859d3c050600	Y	ok	OK
B	784	af4014fc498b749d91b949955e963491f4c1fc2f63435bb6325a001880e8a3e1	9830	9830	228	11050224221450932927	59cccf3c80fa14c2e249788d5b4855557b669dbce270719d6267c41e0df40000	59cccf3c80fa14c2e249788d5b4855557b669dbce270719d6267c41e0df40000	Y	ok	OK
B	785	4bfa02bf55238d1c7c7835e18bf966d2ca0c8d1c9f1a1cc0a85f9de3c5413eb0	9955	9955	229	2946837672364114993	6e2cbb91f0e905ef361bd3b1d21305460d29655ad81011a4454dbe84eddf0400	6e2cbb91f0e905ef361bd3b1d21305460d29655ad81011a4454dbe84eddf0400	Y	ok	OK
B	786	5c2771cca40d1dc646dc62ce5b47278de90737cf06d0acf2eac3721e050bb64b	9832	9832	230	7864822573450694561	f80aae3a8cfb6aeebff75cb6c54ea666254d8983a7c733fd34269fb694320000	f80aae3a8cfb6aeebff75cb6c54ea666254d8983a7c733fd34269fb694320000	Y	ok	OK
B	787	8b480831f99ad795c521ba534c7a59fdb950b29ee6220135b117d85e31d05e70	9957	9957	231	16146138158638040254	137c7613268ca5556af56eaf2c8e1de8ae5b4e001a23d64924c149ebd7060600	137c7613268ca5556af56eaf2c8e1de8ae5b4e001a23d64924c149ebd7060600	Y	ok	OK
B	788	d7d28032ceb0a532ff7827a9212db5fa0166e3a92d3cb5942f1f4cb552b4c825	9858	9858	232	6380774938751571258	1a7b3b5cf3a8728a062d466bbfa1809f8eca31aa1add238e11c925a4e36a0000	1a7b3b5cf3a8728a062d466bbfa1809f8eca31aa1add238e11c925a4e36a0000	Y	ok	OK
B	789	744046b199c7111f7f53950ad68afd3ceb82f7b106eb65ead0a02e91ee018835	9984	9984	233	17263382529558217471	5c624ad4e1732a7a6ac05e17d9aa00a61228a48ac0ca2090bbacf8c52f030100	5c624ad4e1732a7a6ac05e17d9aa00a61228a48ac0ca2090bbacf8c52f030100	Y	ok	OK
B	790	6ec0bba04161adb9d56c38f9b8497f90cea570767db6b79f864ec79c6d1a10fc	9762	9762	234	9268660435471664557	4caea4fae42b1f993605eb6add7f7376606db7513a62f678ed871af279b20000	4caea4fae42b1f993605eb6add7f7376606db7513a62f678ed871af279b20000	Y	ok	OK
B	791	18ff9daabca7c08df90f69daa380670f4881b711581e45f37d557d5d166c3e10	9886	9886	235	4273593941007335572	1fa159129eef185002b13e0e1de8a8ec9c2055a2cfbbd8e426b49e0ff7bb0400	1fa159129eef185002b13e0e1de8a8ec9c2055a2cfbbd8e426b49e0ff7bb0400	Y	ok	OK
B	792	da84cf6f27a5153f016195f619b9237c7d1b0822c76e6c08c1c5d96d5743dc0e	10012	10012	236	4586066542801748283	cfe36876c3e328aafdb8e16c50d5341cc08f51d2e79f3db0e637ec90ff710400	cfe36876c3e328aafdb8e16c50d5341cc08f51d2e79f3db0e637ec90ff710400	Y	ok	OK
B	793	5e678756d293b324a3831e1bf73fbf576bafe5c82182459b9636fd36a22f726e	10142	10142	237	15494529183895323956	18a9a7ff4b54593d6c2e5c9a1411f3f3e5f8eb775353bb7dc4f5305ee70c0600	18a9a7ff4b54593d6c2e5c9a1411f3f3e5f8eb775353bb7dc4f5305ee70c0600	Y	ok	OK
B	794	4397c2d275fb390e6d2559a4f4dc7b1ffcd8b3ec4c8a4c93ae4e16773f03dd33	10275	10275	238	9959430685796139624	6919726cbf6d9d25d43a3d288f63981c54099423590f5dc2e86b62f1e9bb0300	6919726cbf6d9d25d43a3d288f63981c54099423590f5dc2e86b62f1e9bb0300	Y	ok	OK
B	794	eb511b807a72a576b15b54cb38b721aaafc7f0c9ec1ac8b413858bfdb44074a7	10275	10275	238	9959430685796106914	61739b90ec10720f3888a34566312691e13b7da018a5c3e9f28b17b8d4cb0500	61739b90ec10720f3888a34566312691e13b7da018a5c3e9f28b17b8d4cb0500	Y	ok_off_best_chain	OK_OFF_BEST_CHAIN
B	795	86d3341bc9d4a8c87b10fde669b0209a847120506b2f8520a323ee512a00313f	10412	10412	239	10084208114334204470	ecb8f50341df8a3b37d86f8ecf928f1009d3e97dd6dab8f68fbb494f049d0100	ecb8f50341df8a3b37d86f8ecf928f1009d3e97dd6dab8f68fbb494f049d0100	Y	ok	OK
B	796	58f790bcb44973d5e8b6002999c5a1972a11ac2c9ed99cb170761f78e877afcf	10552	10552	240	7671449311695143187	edd609e5569eb688f953e5f6973f52acb3696894fdb629b69c43bd435d800300	edd609e5569eb688f953e5f6973f52acb3696894fdb629b69c43bd435d800300	Y	ok	OK
B	797	c536f9444fd23ba3c307a9635931b9a0221188915318dc816f83498a97435282	10696	10696	241	724730341985621895	d95b6f5a3d04fc02a9810157fb2e8178b024421fb6c7ba036ab4974576420400	d95b6f5a3d04fc02a9810157fb2e8178b024421fb6c7ba036ab4974576420400	Y	ok	OK
B	798	b5101289c80465e84297e30a562e242af234d0bdf96e82355bddf6d57cb2552f	10844	10844	242	4933044087218602916	4c7f0181b6f2e33dfe1f16d0cae203ea45228ef5bf428bc561920cca11660300	4c7f0181b6f2e33dfe1f16d0cae203ea45228ef5bf428bc561920cca11660300	Y	ok	OK
B	799	6b0d0080d1b6be0d875d1043309a67f07e7368538ab3fd60a68b8b14663678b9	10903	10903	243	2318715271013045624	332adfc8c8ea6d3bc3709acf266c714cf2e1194c4fd3b193de45bc57ffca0000	332adfc8c8ea6d3bc3709acf266c714cf2e1194c4fd3b193de45bc57ffca0000	Y	ok	OK
B	800	f8f89c687005c52000d9e7a21882d4e7d2365b0d7b57f5aad32f1a59223e034f	11055	11055	244	10706183416757427439	d7aaeb6b9e2583462abaedb95e22b3f506535fef2c5b203190228e301cf20000	d7aaeb6b9e2583462abaedb95e22b3f506535fef2c5b203190228e301cf20000	Y	ok	OK
B	801	59545eed4304346fdbcf1ce7b07b4b439ffabdc9ca212fdd0123641fc1846903	10814	10814	245	16005797658404946804	dbfcc6de975b22ac4827d2e3f121c940358e78f4f977a4d6da5c47684e150200	dbfcc6de975b22ac4827d2e3f121c940358e78f4f977a4d6da5c47684e150200	Y	ok	OK
B	802	4b033e8e3c0fcaf74ff7fc247e5572f4101c1e1638304c48c8391176b79b0120	10363	10363	246	6839610766044173926	d97f5aaa19605f356a9582fbd3a36b1968eae193c6ee03895aba9fa155610200	d97f5aaa19605f356a9582fbd3a36b1968eae193c6ee03895aba9fa155610200	Y	ok	OK
B	803	f3e6e179b7a3ec1dd19ea845e95f54eecdb1a852043817e70507b9bd2af48c7e	10500	10500	247	968065274668449956	e4970bbbc93301d8260d52cfc03f8666a3a44b99d397b39f538f8cd317900100	e4970bbbc93301d8260d52cfc03f8666a3a44b99d397b39f538f8cd317900100	Y	ok	OK
B	804	cd236bd2992d05d66dee3f5b13461c8fec28da079a642e186600e35b26795edb	10258	10258	248	3962566526988452176	cbfb00586518acf87528ce1fd9310d8a95138176b2c9c8104b0f147dcc990100	cbfb00586518acf87528ce1fd9310d8a95138176b2c9c8104b0f147dcc990100	Y	ok	OK
B	805	aa02b232d6ae0fff7b37b950d3fff862c1c99511fc3510e36fa9a61f1a873d89	10392	10392	249	12647373768281359641	2f06dc02b59fedfb5ee43708e798fc2b676c16e565036293e21f889e2e330400	2f06dc02b59fedfb5ee43708e798fc2b676c16e565036293e21f889e2e330400	Y	ok	OK
B	805	2bc67e5090a8bbbd77f80e4f824be9728dadd7410a5e681e9f508b910ef29188	10392	10392	249	12647373768281359905	a3db48f49a030a1978d8c7898e892f301d1e9f5deecae1cafbdee5b874400200	a3db48f49a030a1978d8c7898e892f301d1e9f5deecae1cafbdee5b874400200	Y	ok_off_best_chain	OK_OFF_BEST_CHAIN
B	806	844e58341d9d597fa6f2c77eff89d7d396df87d974bb035cfa2e7c7623ba1df1	10530	10530	250	639400384175084501	1ad05dc3d72016edb61ad5e63f28b74b9b45be6f2bc5bcb84f6bc628f9cc0300	1ad05dc3d72016edb61ad5e63f28b74b9b45be6f2bc5bcb84f6bc628f9cc0300	Y	ok	OK
B	807	2da2d471ef3b1695ba2abbb1b10ca5221c6f9e59139f9706755e98f7e9d5f954	10670	10670	251	2531857459778159438	714b8100b5444650d95e04c69b933610ece86cf41b982ef1508bad0a24710100	714b8100b5444650d95e04c69b933610ece86cf41b982ef1508bad0a24710100	Y	ok	OK
B	808	c1f5053dd7ed802a1e68f4a606765482f2089b2f2be2881b949ef23f52821b58	10614	10614	252	2730851528054178624	7f2756e97d26bcc63cab89fd41fb8f1ebb3457e4c460778b681891f0eb6f0500	7f2756e97d26bcc63cab89fd41fb8f1ebb3457e4c460778b681891f0eb6f0500	Y	ok	OK
B	809	62aedf469aae5c0902bff3737116a9a123add6b12627c220d8511da5547ea0ef	10757	10757	253	12847922404265069557	16c73837b7369a8630c79e2ad1843c6de2dc421ff7ad1ad18bf933913d370300	16c73837b7369a8630c79e2ad1843c6de2dc421ff7ad1ad18bf933913d370300	Y	ok	OK
B	810	180dab1350d69e363fc051d51940e4c389e42dbde051cc6ff421ae1007e12001	10903	10903	254	4847807489112081609	ba895f9abbfadccde4f5964162030a33a3181e1a073b00aca8aebe4660290300	ba895f9abbfadccde4f5964162030a33a3181e1a073b00aca8aebe4660290300	Y	ok	OK
B	811	2f839b6d032a666a44ec84fb8b6f29b2398d14886c43935feb1efe6c131eaddf	10934	10934	255	10685147852352622911	0848fde641b795938900846e88e188830a823140a4062ddd184d4867b4f60200	0848fde641b795938900846e88e188830a823140a4062ddd184d4867b4f60200	Y	ok	OK
B	812	1fba80af4969ff1f66e3627bf7a65890505a869e7da4fc1a35fd9c5e342f176d	11085	11085	256	4735610676913963400	22810348369e2d9df48a960fbbcdc1b8477b09ef757a72220b16dfd32b900300	22810348369e2d9df48a960fbbcdc1b8477b09ef757a72220b16dfd32b900300	Y	ok	OK
B	813	7f82592724d86f8595ab1535f3c350f00f613e4e6b19e5c49d9a0f023db92576	10906	10906	257	8063506107001243042	9f81bbd9a15f65e54fead082468a556c6640c457bb56549e97cc1ee738570500	9f81bbd9a15f65e54fead082468a556c6640c457bb56549e97cc1ee738570500	Y	ok	OK
B	814	6b3f6fc987e48d1ba742c6326250dca2d16881ae24a2e5cf1917f9fe4c884b12	11057	11057	258	12079912763464354394	6de995a7d48f8e46829b1bb9832c32070829d29155a8e9a8d43359231e420400	6de995a7d48f8e46829b1bb9832c32070829d29155a8e9a8d43359231e420400	Y	ok	OK
B	814	6bdf6d89eb18b5f2455bca0230d054f5324259618ec46ba1d1e52b1d2d43b43b	11057	11057	258	12079912763464387444	8021ec600b0c9f995a40c42a3fad4f6228a997b8a592cbbb79f0b6010f3b0100	8021ec600b0c9f995a40c42a3fad4f6228a997b8a592cbbb79f0b6010f3b0100	Y	ok_off_best_chain	OK_OFF_BEST_CHAIN
B	815	37c47672b80f283dac2f5b4932896498504e2080d6f1ac3dd3c98c1d0e912c2b	11211	11211	259	13364182790413812678	12fd2dd749bd4faeca6f5d12286a76cb847ab6b5f50b45e29f2449965dc60100	12fd2dd749bd4faeca6f5d12286a76cb847ab6b5f50b45e29f2449965dc60100	Y	ok	OK
B	816	05ada8ccacf434795d398eb1ecd6bcefffc3c7aa6d33816955b992568d8347b5	11275	11275	260	145940789694860074	633b48d6ccf97be54fc9ac05386dde9aff4ff72eb12c7bf6964a9b7ccc010000	633b48d6ccf97be54fc9ac05386dde9aff4ff72eb12c7bf6964a9b7ccc010000	Y	ok	OK
B	817	0836e03d92d54bac5111108f4079fe254f0f31467fd30292d929041a81a1a5d1	11435	11435	261	12530693469787653835	1932d044d7668d4dda344d43d1c64b0cbde2dd4a5a0c062aac303ddd182a0300	1932d044d7668d4dda344d43d1c64b0cbde2dd4a5a0c062aac303ddd182a0300	Y	ok	OK
B	818	c8b6cd0b5f4b3f8ebf27a4bc4c477a1b9ba649a4b623c8529dea9b488eb29e46	11436	11436	262	2461916859415465638	8c2b87ea8f1d3f967ab6b251a9065cfa2e38cad75f8ecc25b46b8440f5380500	8c2b87ea8f1d3f967ab6b251a9065cfa2e38cad75f8ecc25b46b8440f5380500	Y	ok	OK
B	819	e79780690de03d2f2194f525541eb14e01c77316ae72f64278d1232f9fa5e1e0	11535	11535	263	16293569684236731164	e4c6001746431b4e4c105e53bfb8efb10cc1abc0548a53eff341596fa8670000	e4c6001746431b4e4c105e53bfb8efb10cc1abc0548a53eff341596fa8670000	Y	ok	OK
B	820	47a2d8251093478a0026777b2bbdb5085f2e5361976bb36ed52442d30f35d8fa	11439	11439	264	17161175643786908374	9109c13e8ba202f3fd687e4a3c801af52c1590cb22a3dd6ff1bc3e4652fc0400	9109c13e8ba202f3fd687e4a3c801af52c1590cb22a3dd6ff1bc3e4652fc0400	Y	ok	OK
B	821	2943fe964f0a47700a2cab772be070f65da1177dbd1b53c47ab13f8ddad093ee	11602	11602	265	11603811610023495513	c00267d56e55ab856c01eaac8b0d92f15b28b549af16f0eff63d9064abb90100	c00267d56e55ab856c01eaac8b0d92f15b28b549af16f0eff63d9064abb90100	Y	ok	OK
B	822	68ab2f94e3cd8193f355f873323660b28ae80e84ee3b3afb378b010e806a7708	11409	11409	266	12933597840655057901	30d5400770d05092d813ffa1df1fddd9062ba44697d98e5932fa8399e0e60300	30d5400770d05092d813ffa1df1fddd9062ba44697d98e5932fa8399e0e60300	Y	ok	OK
B	823	8aa577d89003f5275008228572e810c15f1bf6ed9ac183657c52d0c8067cecd3	11474	11474	267	18033334569318488391	426972decb31b862dc80dc3d2e3ed4cf94907fe2f0f2ad7ffa283f8e37550400	426972decb31b862dc80dc3d2e3ed4cf94907fe2f0f2ad7ffa283f8e37550400	Y	ok	OK
B	824	bd79d3ec768dd842ce6299ac828ce9023ed275f2b434f8f2f9ebda1b3a31d27d	11638	11638	268	8554777179420893608	3796827666218c4ac5e1bde5a0e1ce212d766ca610bbae265e91ad4cc6550200	3796827666218c4ac5e1bde5a0e1ce212d766ca610bbae265e91ad4cc6550200	Y	ok	OK
B	825	df620eefbc0fbcd03d1e02933135c699d2a01f0ffd161b33a472a0b9f68d2131	11256	11256	269	7817756453510415670	7c2a0619ca3bb877320bc64cd03291117be31d18b88455948634f0a0aae40000	7c2a0619ca3bb877320bc64cd03291117be31d18b88455948634f0a0aae40000	Y	ok	OK
B	826	6bd894bef2ea035a3678b2395a128c87bf81b7974a15632b8f3b05ed32e0e67e	10671	10671	270	13557293230235650650	ba38198c01f0a9d2490c930977998d49afd3f8c4ac9b0e41ce401068f6050300	ba38198c01f0a9d2490c930977998d49afd3f8c4ac9b0e41ce401068f6050300	Y	ok	OK
B	827	8f7a635a3f9e5e6979fc90bfa7157426e914bf8f21a0b64b9fc9ce4051585a9b	10813	10813	271	374093747425740529	6dced6e375022badfde5ce58e0980e658417df462ced73a120d1d08ed5910400	6dced6e375022badfde5ce58e0980e658417df462ced73a120d1d08ed5910400	Y	ok	OK
B	828	39fc01c1d39792427aa8a32475d77246881b5062420def26bf7045bd63c0412e	10814	10814	272	8786461674010903643	5923f5cb823e36fa5faf544ec6218eb682c34cbd5a46669d9c2075a24f020000	5923f5cb823e36fa5faf544ec6218eb682c34cbd5a46669d9c2075a24f020000	Y	ok	OK
B	829	fe59243820d257c7cf1d02552c9f618da87c92ba896b9740049d20dfec2d3803	10901	10901	273	15571119115186742371	7e710ba8701e88cbe3ee4b24ad39dfb8eef88eff6ba73dd77621a64e4f7b0500	7e710ba8701e88cbe3ee4b24ad39dfb8eef88eff6ba73dd77621a64e4f7b0500	Y	ok	OK
B	830	43e457845cebb7d359ccbcdc616e678d2572c2d41dc98032c36a5f880296d82c	11048	11048	274	17900310116377297007	b76b5eb279697d064f8eb7652443e13a4b96cda371ec7750fbea6a8207fd0400	b76b5eb279697d064f8eb7652443e13a4b96cda371ec7750fbea6a8207fd0400	Y	ok	OK
B	831	1de2e0b4b239613125b599ef87ac96cf29939c06122821b3af576530f9af4d9c	10430	10430	275	4255584434465538133	a2878162294a4f606e335b8489cd551b6bf83f532c77cf68335c696a32f60200	a2878162294a4f606e335b8489cd551b6bf83f532c77cf68335c696a32f60200	Y	ok	OK
B	832	b9e3c2f80c9a272b24e7d89c11db32a704664c0205652edb24fa94eeca9df742	10564	10564	276	2680111450139137550	f0f8a9d0a102645c1209f536690484028fa00284f6952ece161e4974035b0300	f0f8a9d0a102645c1209f536690484028fa00284f6952ece161e4974035b0300	Y	ok	OK
B	833	212bd6af3d773da5a99a7e690033305db6b629a59734098b06335f6c120616d2	10703	10703	277	230792588796463268	98bcaa8a5330814ce01df4ef5503ca16add9ed19e9d4e4329dba2e19cd440400	98bcaa8a5330814ce01df4ef5503ca16add9ed19e9d4e4329dba2e19cd440400	Y	ok	OK
B	834	8c45b33ef0bf3c06fc4e9b7fa9220b47d38d8159fc5e34978e92f88e61247683	10620	10620	278	18331408928908322365	cbae15e1186d12863061621263ca1102acb6146ad2ecd8aa957a03fbde500100	cbae15e1186d12863061621263ca1102acb6146ad2ecd8aa957a03fbde500100	Y	ok	OK
B	835	531c41503fd53c30bfd1473df8479a47cd2b297984dd498cbb598d00c6fa8e03	10676	10676	279	1634132226021036384	3d216209c848f25be281d4733ce8d45f2d0f4d894ba2eaee01222a8e7d7d0200	3d216209c848f25be281d4733ce8d45f2d0f4d894ba2eaee01222a8e7d7d0200	Y	ok	OK
B	836	020b3385ad1896a6319802454a73cd084ab9da6cdc6804364deb8a990b3eeae4	10046	10046	280	653855358602773832	1f9dd60b76a082b1348bd4b75b2ee8125ffec03f334617b0ec0842697d8f0000	1f9dd60b76a082b1348bd4b75b2ee8125ffec03f334617b0ec0842697d8f0000	Y	ok	OK
B	837	4bff9a7385f3cb17465b99f299aabd8beafba2985ebfec876839948c1e2e3de9	9900	9900	281	1066888125642540867	a94568e675b3637a939c743f174db33dc7f682e846b3b33e05b85a43e0bb0400	a94568e675b3637a939c743f174db33dc7f682e846b3b33e05b85a43e0bb0400	Y	ok	OK
B	838	4ed19113b82724e8a65e7028b54a505350327d6c30bbce1af82b69cda050868e	9997	9997	282	16316753093066819172	09e371aa5eca7f34539757f0e1916bfa4b4c19993532e49694f8ed3ea0b70500	09e371aa5eca7f34539757f0e1916bfa4b4c19993532e49694f8ed3ea0b70500	Y	ok	OK
B	839	0bf01730e99081e8154d47a1b9f871413aba43b8b8c9bb44d5ed350a44ba3ce4	10071	10071	283	15579164100033285186	307b5b97a9d86ea41b46709177c54d6e50a77dd51b462c267bd25e21f78b0500	307b5b97a9d86ea41b46709177c54d6e50a77dd51b462c267bd25e21f78b0500	Y	ok	OK
B	840	0a1fb6749e9703fb23d1b5ab970e6684ce8b56f01e19a15ed0c1df0063a52acf	10171	10171	284	3114053462300590376	dafe94542f356c0e0fa6eff42c55cb714cf650f362fe0e4b28185e04f48c0500	dafe94542f356c0e0fa6eff42c55cb714cf650f362fe0e4b28185e04f48c0500	Y	ok	OK
B	841	d1afb65c1079b3fdefe0f42f18094c05ced05cc50b4253558f7fb715f5168f3e	10119	10119	285	17491841392039723127	340d8f82ca595456449dac762d9dd23f355e1c3c271e7499f24b28f3fce90200	340d8f82ca595456449dac762d9dd23f355e1c3c271e7499f24b28f3fce90200	Y	ok	OK
B	842	2c284ce5c32ea1bf0f760c0e1730f75ecdd0281f585c3a92f77d45713597f747	10245	10245	286	14149690029194122228	56b3086c14a8ec2c0f5876b6e1e03af087f10364da7f91de4697eac9773c0600	56b3086c14a8ec2c0f5876b6e1e03af087f10364da7f91de4697eac9773c0600	Y	ok	OK
B	843	dbee50005ac546705f25ec7ef822e16ea5b677e86541c267fe5bbe2fe8ed77b1	10375	10375	287	3772652144130331078	17b62ec8d44c53ecbea49916a60c20f344970724b423d36d47ba12312e480500	17b62ec8d44c53ecbea49916a60c20f344970724b423d36d47ba12312e480500	Y	ok	OK
B	844	ef00cd1d98ef179aad32b8c6ed7e0eb07f05d771283ab1553d0d902f7575dc8d	10348	10348	288	10713620839825246045	3a7fa911cfa65f55e020fa1aafe73eb83d58b3edfa30367ef9bc8397c39f0400	3a7fa911cfa65f55e020fa1aafe73eb83d58b3edfa30367ef9bc8397c39f0400	Y	ok	OK
B	845	b62216eacccc52b7e95e9f17781aaf11d20d940b2052a79e8eab69d3426b1783	10191	10191	289	13389588535581934303	c0218c11095bd25433829e23bcc526593c32b1a89b7fb0a54027e81dc1fc0100	c0218c11095bd25433829e23bcc526593c32b1a89b7fb0a54027e81dc1fc0100	Y	ok	OK
B	846	54551ea2b4171204cbd0cb6db4176980784d1872378bb4bc996713503f4e1007	10242	10242	290	12827965057040221216	dafa381fb8676bbca54fbdcdb20a6223019c4a1d38ea46c1675ff737df460200	dafa381fb8676bbca54fbdcdb20a6223019c4a1d38ea46c1675ff737df460200	Y	ok	OK
B	846	e975dfa7ccdc8b89100303629142d76b1ee1fc0f8dea153146136fd933e23fee	10242	10242	290	12827965057040123145	e3df8e9bce083fe784106e52a1850ab36dcb744843a7433d2a11f85453040000	e3df8e9bce083fe784106e52a1850ab36dcb744843a7433d2a11f85453040000	Y	ok_off_best_chain	OK_OFF_BEST_CHAIN
B	847	e28b77b3822fa82226610181cc48054498ca636ad056a8df5a0358c514b2e8e4	10374	10374	291	3397619353645056301	290e21baa8ad578e483697f9e690a755b0a2d9186f0386a2335daea463ca0500	290e21baa8ad578e483697f9e690a755b0a2d9186f0386a2335daea463ca0500	Y	ok	OK
B	848	2347a4a190ed7c7c1f245787b50fa16c9b1fb5b1d450dde960a00e58a69b1e1f	10510	10510	292	17324116584054227108	3f106713aa00b6428a0b7d46c01de15b627798a3409d31a7ddadb15f3bb10000	3f106713aa00b6428a0b7d46c01de15b627798a3409d31a7ddadb15f3bb10000	Y	ok	OK
B	849	dd9504989cde1e26a2b8198d17c2e4b15886ab7e0b6f9773606179ec0340f24f	10649	10649	293	8946376208522775571	12ddeeb01eaa0b6601d78a34684f479a9ff141ebf8d1fb34a4f3d4e9f6520500	12ddeeb01eaa0b6601d78a34684f479a9ff141ebf8d1fb34a4f3d4e9f6520500	Y	ok	OK
B	850	fbfd8e08b7b5ae88bd85ad76a9c239737776603409f23e6df631d8a04cc98bb7	10792	10792	294	18189996160024904641	059f9de8e7c01e2f4183557fb9d5275fecc8995d88a514397afcdb9a80520500	059f9de8e7c01e2f4183557fb9d5275fecc8995d88a514397afcdb9a80520500	Y	ok	OK
B	851	80a44d38af3d36783c352016e16d60c861dee3dcbc36a615fbb8269baa74b60a	10940	10940	295	15315954343627197745	df943b10d63bc651333028cba9acda0e32a4f42ffb5b308ebdbf8616848e0300	df943b10d63bc651333028cba9acda0e32a4f42ffb5b308ebdbf8616848e0300	Y	ok	OK
B	852	b04711fbb290c9a71fb684a8fad270e2aeebcb3d2e6a0beae1a844041b136c9c	11092	11092	296	17890063024488776821	7ca80a199c7bcf8fb8652c70c361b81e86279102bf019bc5678a18339ff10300	7ca80a199c7bcf8fb8652c70c361b81e86279102bf019bc5678a18339ff10300	Y	ok	OK
B	852	e7c92a430ade77a4b5dd9766c21a1687db8d17ae21691e348d74051c5307a0b1	11092	11092	296	17890063024488744219	c69985ec805def390e506a70c845a9310b9b4733c3c186404bd40ed96c3d0400	c69985ec805def390e506a70c845a9310b9b4733c3c186404bd40ed96c3d0400	Y	ok_off_best_chain	OK_OFF_BEST_CHAIN
B	853	e443bf3951ca811b2aee071102584e07ded064fcda92b397ed93f211b350eff0	11124	11124	297	18436715913483911723	d990cff6cea1ea86fa19f0c99afdb0cf982bab03b6b0f243db52495a1ddb0200	d990cff6cea1ea86fa19f0c99afdb0cf982bab03b6b0f243db52495a1ddb0200	Y	ok	OK
B	854	1529cef37ad9d2dcd7e3c242a079ee1646b64f5f8df0db45f82e8825d8bbf382	11278	11278	298	11447897098813443208	0d864677616985a2b8d897db7173e1a28ad7a92b21b5e069cd2b6601183b0400	0d864677616985a2b8d897db7173e1a28ad7a92b21b5e069cd2b6601183b0400	Y	ok	OK
B	855	13211e14ad3df33a1fc7d1189acfb1e615a7d7d6d7a746c9d954de7e6852333c	11436	11436	299	9147255900585591671	75c1369931ac4c8bc06af4618380224113ff746aa734b6360c47d8693e040400	75c1369931ac4c8bc06af4618380224113ff746aa734b6360c47d8693e040400	Y	ok	OK
B	856	ad099c5b68592d883f4f6b89e0b8929e9fa0644f920fd603457d49e958fcc191	11435	11435	300	1771851679512232588	b78319fdccac1d8fcafb54aaa178c27f6e86626dec1050745e4b5cd7b3e80000	b78319fdccac1d8fcafb54aaa178c27f6e86626dec1050745e4b5cd7b3e80000	Y	ok	OK
B	856	bbd6479ec5ae0340f2e5be66e540425b48c2d09a73e65203fa2be6c308b97914	11435	11435	300	1771851679512134305	5034064645bade8f039869a48e3f373e79891015f489ce78b62a08f039530100	5034064645bade8f039869a48e3f373e79891015f489ce78b62a08f039530100	Y	ok_off_best_chain	OK_OFF_BEST_CHAIN
B	857	2a00351f5e0dec774680ae6f2589c1344d58c4fc6f396d8c75bb3ed1f85fc316	11598	11598	301	18121542327016195917	3c8d8874f3972d2bcc9b98793d97c02976470986d47241f98b63395848880200	3c8d8874f3972d2bcc9b98793d97c02976470986d47241f98b63395848880200	Y	ok	OK
B	858	83ba45d058a4d6ef31317625318a398abbbda78630d98c85be349f6860e8427f	11765	11765	302	16471627852823921942	a69e476b943f7fffafc690928739ae6a0534abb4a2d384fbe612553a39020300	a69e476b943f7fffafc690928739ae6a0534abb4a2d384fbe612553a39020300	Y	ok	OK
B	859	8397e2680028b0a4fba9bab8dbc3229b6e58c3886b0bd1ca3bdb7bfac63c61a9	11937	11937	303	929783921921526093	0ce6d79054407b94e9e7818c7a2ad0acc6c5e0fcd58481e322c45ce9c62c0000	0ce6d79054407b94e9e7818c7a2ad0acc6c5e0fcd58481e322c45ce9c62c0000	Y	ok	OK
B	859	13854097e3a1c655c49f6466848af3ff89dffedfbd7a00c41ea1e9e74cad7f29	11937	11937	303	929783921921591793	b97ea3484dbed238e2c0729271ac7bfe946634e34f9ca464de37fbb4119a0200	b97ea3484dbed238e2c0729271ac7bfe946634e34f9ca464de37fbb4119a0200	Y	ok_off_best_chain	OK_OFF_BEST_CHAIN
B	860	c4667413d3a3981dce9dac488779adba3fb0694611a188356460a1506d0e1150	12113	12113	304	8229916405886168854	50aeccef3988cc1b722628a9806984d0e2e92f37bd1f2fec53798c3e0c3b0000	50aeccef3988cc1b722628a9806984d0e2e92f37bd1f2fec53798c3e0c3b0000	Y	ok	OK
B	861	42e9f3b3c6a3b0878f57204e37eddfceb6c0f128a0f6e5903d9834afd160a00c	12148	12148	305	13732005524810008052	354870a3aead548ff11d009d9fe9f6d439a01bc325f7cb37e2abf2ed1b990100	354870a3aead548ff11d009d9fe9f6d439a01bc325f7cb37e2abf2ed1b990100	Y	ok	OK
B	862	424420d405342129b3356f06f7f71896937555cfbb7cefa634248e766f16d612	11123	11123	306	9786979601308756178	3cefe8e600f00ac8ce6d68ccd39a21d5a705744e8c0fc57ce621820ddd5b0100	3cefe8e600f00ac8ce6d68ccd39a21d5a705744e8c0fc57ce621820ddd5b0100	Y	ok	OK
B	862	0b6671d9cb863d401ff09a0a9ae8a9e9c65e6139c533efb3e3c0f50937f9ed0c	11123	11123	306	9786979601308789132	a800f7b70c67da52006ab427e7b255fc793aca82e3e094def65dbc037f730200	a800f7b70c67da52006ab427e7b255fc793aca82e3e094def65dbc037f730200	Y	ok_off_best_chain	OK_OFF_BEST_CHAIN
B	863	5fba8c3d495e372e91c691a5b60ad0fad39e9b2ce50c12ca2316c0d344decf84	11245	11245	307	11257010468503520465	c942ddd77ce887684c9ab68e5245cfc766d24b62c93488ca6fc1d0e8bab00100	c942ddd77ce887684c9ab68e5245cfc766d24b62c93488ca6fc1d0e8bab00100	Y	ok	OK
B	864	28299058120e3ca3ccac4e8d207cfc766db54543edff6bf28e3f51c615b6d002	10497	10497	308	4608766522997867890	e4e80662f81e17d11ba12f51e7a9c4a10917198aa8db0265bd8415087c7e0400	e4e80662f81e17d11ba12f51e7a9c4a10917198aa8db0265bd8415087c7e0400	Y	ok	OK
B	865	aaddc74d53ce86753a1956f94883ec9bb78bcd994f9f9292c76220d8a0ca4da4	10634	10634	309	9879593346911965595	0a582955e8d3b500dd14c0bd03040373dd08826a8840cd9ac4aa0480bc280300	0a582955e8d3b500dd14c0bd03040373dd08826a8840cd9ac4aa0480bc280300	Y	ok	OK
B	866	7d93651df610918a323d16daab3105f7bce3bb84f3a5d2d559a62cfb22a74965	10745	10745	310	5439959139927233571	f8af4afa2fdbbf4662fc5a09666578769c323031af7af24e3bc5b0d2c58e0200	f8af4afa2fdbbf4662fc5a09666578769c323031af7af24e3bc5b0d2c58e0200	Y	ok	OK
B	867	f70bdeb9211df31d415178242363843a5c16b879ae9dbc321f1d37802536ae2e	10607	10607	312	679613261024363464	60808cd55357abb043ebf7e18ab7ee45a10ee43843db0f31978c108bc3300400	60808cd55357abb043ebf7e18ab7ee45a10ee43843db0f31978c108bc3300400	Y	ok	OK
B	868	f012b8f05128c88eb6d16ed8abfff6cd2a511200181825cb030d30b778bd8166	9398	9398	313	12553440424041185909	1aaea88b41c38acfc4eae9a919299ee5cb9d35d45336301fdfda41082bdf0600	1aaea88b41c38acfc4eae9a919299ee5cb9d35d45336301fdfda41082bdf0600	Y	ok	OK
B	868	9c9aeda9921ce78ae1cae9a044d807903f9518b45053310ae45a86c5782ac076	9398	9398	313	12553440424041153228	62de3a9be27362dd2f1a6fda57e31ea756b414a9594acba5039f7ee9bfa50200	62de3a9be27362dd2f1a6fda57e31ea756b414a9594acba5039f7ee9bfa50200	Y	ok_off_best_chain	OK_OFF_BEST_CHAIN
B	869	2b8f281bf937687fc574ebd388d1209aac36dd684d3dd2e81b6a89225c507a16	9508	9508	314	7413562222359676164	da4eadf803b39b0da229bfd38fb4c61876be471de41f4623f7027d4575090600	da4eadf803b39b0da229bfd38fb4c61876be471de41f4623f7027d4575090600	Y	ok	OK
B	870	6ace9773b33f05dee062785363ee7d7b599a060e624b11d307a1a405c1ec1a76	9620	9620	315	14247522890206420831	b4a6a69d15150eeac64b87f3ca64185811f072f2506bf03f147c8a6a3a2c0500	b4a6a69d15150eeac64b87f3ca64185811f072f2506bf03f147c8a6a3a2c0500	Y	ok	OK
B	871	73d5c813881efe5488882aca68993861c07c2b440afca04da0c1a03ca3b93c92	9735	9735	316	1199479478376530512	b339ea4ce46a97bf5d2c75feb796946787101e009162fd72979bd0de0c7a0200	b339ea4ce46a97bf5d2c75feb796946787101e009162fd72979bd0de0c7a0200	Y	ok	OK
B	872	8e707829eaff50099849fa1f7de0f1cc2179cd8964b5c00b66b8eef56db25e0d	9402	9402	317	8070694542224918120	adec06fe44928657e74d67366443a9cef13a1d78b9d055f2ba9f8794c5990400	adec06fe44928657e74d67366443a9cef13a1d78b9d055f2ba9f8794c5990400	Y	ok	OK
B	873	36d85cbc6d82e254ade8484ec1b7138ac5ccea1c560e683ec8be88a3e999d40b	9511	9511	318	17685266648669456345	15a3f66a1304cb452dae4398ab17f362edebdfb0124b9d99712b47c54fa20300	15a3f66a1304cb452dae4398ab17f362edebdfb0124b9d99712b47c54fa20300	Y	ok	OK
B	874	7a7eb5d63d9f8c014543e71daa13deb8f00015239bb35bf84a72212e4a6fd462	9624	9624	319	410627014123358939	fc166016ffa91bdac78f1ba48c786ee74d9b8c162b94bac86e6c34b2a2840400	fc166016ffa91bdac78f1ba48c786ee74d9b8c162b94bac86e6c34b2a2840400	Y	ok	OK
B	875	bf0cb8eff057a3a77d19b2364009258293e44da061b2831e62b2a62375963a39	9693	9693	320	1330394389410844852	5df4d6a1063fb13bbc8cbcfddb6fa1a2137a02767ce345ef5ac69ce546010000	5df4d6a1063fb13bbc8cbcfddb6fa1a2137a02767ce345ef5ac69ce546010000	Y	ok	OK
B	875	62d876537e81fbbfb3305b8f67f743cdfc52ffb4e46e2d2198f12cda90ecbeec	9693	9693	320	1330394389410845047	f885c2d888e0026d1c965e35f676c905db7672a6ce85d7641840e7d646ac0000	f885c2d888e0026d1c965e35f676c905db7672a6ce85d7641840e7d646ac0000	Y	ok_off_best_chain	OK_OFF_BEST_CHAIN
B	876	7afdec602dbeae830d7b2daa54ce9ec1fe68d40c065508f71c14b12cc535d499	9670	9670	321	10325820146656053530	a27cdd00b4537448de6d7ab2b57c1aac53ae0e0f7320c82844e9d35c28560000	a27cdd00b4537448de6d7ab2b57c1aac53ae0e0f7320c82844e9d35c28560000	Y	ok	OK
B	877	88d9178c7b73b52ea74cd1083a588c6feca8e4b8480cac061e380929048c8034	9557	9557	322	2400165009339484989	fc12cff0c3cafb6cba04f01f57ad4f679dff7419670894ff3517236e57ed0100	fc12cff0c3cafb6cba04f01f57ad4f679dff7419670894ff3517236e57ed0100	Y	ok	OK
B	878	f95d6e31d03f530689266c2bb2f504a2de90de1d18a691fbdd6995a8c17b55ff	9581	9581	323	3764970668135843757	7665991c2616667c3bc7aabcbe69a36a04a2f68add68b4fb27c9286aca2c0000	7665991c2616667c3bc7aabcbe69a36a04a2f68add68b4fb27c9286aca2c0000	Y	ok	OK
B	878	46421f44c588f0fefba1c76fc58d5c889d566f66a2bf7dcb975815e6827adf9b	9581	9581	323	3764970668135843893	901f66d367fd04edf9ca9c4b87f16ae81eda10bc1bedb2b7ae6c56a148350100	901f66d367fd04edf9ca9c4b87f16ae81eda10bc1bedb2b7ae6c56a148350100	Y	ok_off_best_chain	OK_OFF_BEST_CHAIN
B	879	2144a74c9dc8ee94b7dc00f55eb68a70ca26e2083caee45e251484bea58489a4	9582	9582	324	5710594310672550730	c0a4d84df14a5b4d651d2f3b79088420334fade5c04a0b0c94a5b1f41f660100	c0a4d84df14a5b4d651d2f3b79088420334fade5c04a0b0c94a5b1f41f660100	Y	ok	OK
B	880	4dd4afff48826a3bbb7d1100301b68f0fc0ff8b80578935c66196db03e0b05de	9629	9629	325	16898295775228953236	74897ed82a3805306b3d6a46bdabcd1a243bb7af6da70420b660792d1aa20100	74897ed82a3805306b3d6a46bdabcd1a243bb7af6da70420b660792d1aa20100	Y	ok	OK
B	880	a35f2ad8ab510f1de41bbf2690b3ca1ce9706e0862dba0d0b372f37f378e8165	9629	9629	325	16898295775228953486	c607378b6464f1766880aded46e76540f2c528c030a85005991b1b43099e0400	c607378b6464f1766880aded46e76540f2c528c030a85005991b1b43099e0400	Y	ok_off_best_chain	OK_OFF_BEST_CHAIN
B	881	7cc7e409832ea60d8bbd52cfe545bb22a85353d3d342fcf0fea8af6395e4ba10	9630	9630	326	13431025946262081726	3f699caec6dda42e2e10899779fb85f122e6dde9608a1b4e9f1891e39ffa0000	3f699caec6dda42e2e10899779fb85f122e6dde9608a1b4e9f1891e39ffa0000	Y	ok	OK
B	882	e0e13524c399dceb50c6ab57e4340b76e3ee4cf14bb500bb2bb8a9dd0a70f832	9747	9747	327	4176623724176443002	f13224f9234ac81d66f60d83a84f75978ace4368e549168df07119ffa8400300	f13224f9234ac81d66f60d83a84f75978ace4368e549168df07119ffa8400300	Y	ok	OK
B	883	6d7c61bee2c79582f2eda6992bc82cd7acc055b45bfd14f2eb46db20ca9a5766	9655	9655	328	2713179219394891746	6b64f3b767ea4c9c224322674b164f6e92879e584780b7ff8b24190092cd0100	6b64f3b767ea4c9c224322674b164f6e92879e584780b7ff8b24190092cd0100	Y	ok	OK
B	884	93c18c99be52afcb6fbf2ed6b2368532de4388d58dfe16ef6df0bad6a7228bda	9749	9749	329	11248453669584109872	e0263f24404bd8e72fae496050d898e59509230f3c927a18e5889ec9f8300000	e0263f24404bd8e72fae496050d898e59509230f3c927a18e5889ec9f8300000	Y	ok	OK
B	885	756bcd3b1d15dd3752df6a34f000c47ef9575f98d5868cf7616419e7bb571ace	9633	9633	330	9747844756955825007	f569dbd5cd11dc0c44ccbef6e72fbf1fbeb96518b130b393d8b85b0392320500	f569dbd5cd11dc0c44ccbef6e72fbf1fbeb96518b130b393d8b85b0392320500	Y	ok	OK
B	886	70bfca1970e4bcb0b667cc1d75be862dd56d8ddd2a69cb217fa2a7cbbddc8905	9750	9750	331	13645050158101135646	1b041f8969d9756dd5b0e4b82d667355185f738282067780578466bff8450500	1b041f8969d9756dd5b0e4b82d667355185f738282067780578466bff8450500	Y	ok	OK
B	887	a91e27312393a48eec8cd2e04405ce967fc6e85b897873665c9fb1050a218f3c	9871	9871	332	14177887112262681289	1d89205228239b84279f325be22dfb845ab45c64a68859b9b630e5aeccc80200	1d89205228239b84279f325be22dfb845ab45c64a68859b9b630e5aeccc80200	Y	ok	OK
B	888	dcf6bdd9583eadff0d5bb4d822442519461b550fa873c84f31fb9c642f658106	9994	9994	333	9321504209843094620	52796889f38f65a2e29b2fad5458a41802e98f5222df4acfb66f57a65a9d0100	52796889f38f65a2e29b2fad5458a41802e98f5222df4acfb66f57a65a9d0100	Y	ok	OK
B	889	ee22be09cf5527a2dded95f11619317736ee6eb7afc0f50f51b87d072c18b149	10121	10121	334	8002706068922696202	af240615ca8326b77e1c1e7a756a4d471a0d2115707bc3186463de6397d10500	af240615ca8326b77e1c1e7a756a4d471a0d2115707bc3186463de6397d10500	Y	ok	OK
B	890	e53a36d69cb47275bc3fd663cdc4d752cb7b1a9a96016ac9018e48f5a554d176	10251	10251	335	13604405173182006497	37189ae70a2fb3e8ce12675edd3d755e2a7dd95993b2dbdbed3906a2a1e10200	37189ae70a2fb3e8ce12675edd3d755e2a7dd95993b2dbdbed3906a2a1e10200	Y	ok	OK
B	891	236e942d8ad4fb339a469bdc7305f1e71eb0dc29c82c2fd4a17bb546db1c7cd4	10384	10384	336	14069922741226640062	b837ace4c2ffd998cea69da64eaa256d1b813eea345585391a8f32268d7d0200	b837ace4c2ffd998cea69da64eaa256d1b813eea345585391a8f32268d7d0200	Y	ok	OK
B	892	c57775b3cea31103e8ea7c9b67cc14acdea81ac5f8bfe9e17764bf21fe158946	10521	10521	337	15818955495718290278	dce0893bae4accee3f924c87e7f9b9d21afcd5c63d10fe8f1273e1997c4c0100	dce0893bae4accee3f924c87e7f9b9d21afcd5c63d10fe8f1273e1997c4c0100	Y	ok	OK
B	893	a57cb916642801046515f28643d64226d85c18971b92a9c82086696a746ad5f0	10633	10633	338	11913021101824837640	1ae0884a0a37f52ced8291d6ca638b1bf20982671bb0ac470d86470969230400	1ae0884a0a37f52ced8291d6ca638b1bf20982671bb0ac470d86470969230400	Y	ok	OK
B	894	5de7fdc11d2c5e5f85e48d4807380aa1a470cb5173d7b9a0bd03487991b5ebf0	10778	10778	339	11309257006197538850	5495882ec2778fdbc9bf425f849bd6398cc7bc5f4fffd0b76a4f38de433a0300	5495882ec2778fdbc9bf425f849bd6398cc7bc5f4fffd0b76a4f38de433a0300	Y	ok	OK
B	895	c36c4c55bb5188cfde585768a645b3b15cf8336ab5480f7f988f1c18c54bcaf7	10866	10866	340	2562099484150465891	eed23087ade9b58ba17c886b4bc669a4800e0be56b892e241566c51dc7080400	eed23087ade9b58ba17c886b4bc669a4800e0be56b892e241566c51dc7080400	Y	ok	OK
B	896	148ca37d5c4f7753bd2ec528506eb49857e646082fa8df3fcae89ca73147456f	11017	11017	341	9416600575392449374	7b14ddddca68f629a33f855693455891c0b677731e039ae5fbf8669170770300	7b14ddddca68f629a33f855693455891c0b677731e039ae5fbf8669170770300	Y	ok	OK
B	897	70ea27e470e144df01678758c92a4754c43eae4facf716515287683a0bf5c978	11173	11173	342	17129513840665498358	5789d764f1b40075585270af3e1f724eab94a7acef03f6f390baee9fc38e0200	5789d764f1b40075585270af3e1f724eab94a7acef03f6f390baee9fc38e0200	Y	ok	OK
B	898	6db47f653d5d6aa904b7037150e292c3dcd8141ecf4480e1cc680d825cf6e3a3	11333	11333	343	649318399964353588	ea77301225b77c483d3534412d8605c4732bbdcad0a073f516f301559b240200	ea77301225b77c483d3534412d8605c4732bbdcad0a073f516f301559b240200	Y	ok	OK
B	899	5a4e4852d25a55bb7736fed256ccb229994ac42490e53143069b674bcbfbdd36	11238	11238	344	13555630077164654398	ac077e7adeb817fd3bd9cc95f06729bac2ee2fbe6530a1ec66282279d42a0100	ac077e7adeb817fd3bd9cc95f06729bac2ee2fbe6530a1ec66282279d42a0100	Y	ok	OK
B	900	1bf06ee98ac43a24371a32d8ac4389371761bc6d9e97b8d1070d79e257afe09f	10991	10991	345	11466662854606783444	40734bd1f1eceba34dce10b6838ee8f09b0fc62cc78072364c38c3e43be90000	40734bd1f1eceba34dce10b6838ee8f09b0fc62cc78072364c38c3e43be90000	Y	ok	OK
B	901	36312a7865e54daba6a350c68f091afd667b73e52d72c6caf9e08262a287dbf2	10872	10872	346	18244524381915087179	62a3039c29676a828c03b55108ce7b14f5324ed9d521ce77132cab33fa490000	62a3039c29676a828c03b55108ce7b14f5324ed9d521ce77132cab33fa490000	Y	ok	OK
B	902	010cab48ea17f0418b74f498c3f4e60840f5e384d7b5855499ec146729d717ce	11024	11024	347	5569125470991058277	cdafd354ff43f55fb8286524ce2ad92666f80ca6f522854c629dd3a678810000	cdafd354ff43f55fb8286524ce2ad92666f80ca6f522854c629dd3a678810000	Y	ok	OK
B	903	9c0c6da0db5629190b9d35061e5087f2fb569417d84e68a026723e54b96e06b7	11180	11180	348	14952413240653512952	a7343b456cdbc6756bfebdee7d4409008d1ea58419e138e70f1fc137d88f0000	a7343b456cdbc6756bfebdee7d4409008d1ea58419e138e70f1fc137d88f0000	Y	ok	OK
B	904	1807cb4a8c9d0a9ada356f06b4136bbaa2bfe3d04ea3841643007075c1e5f38e	11341	11341	349	3338985765790061239	b8ca9fe3a804b5a99e4f34634797d1b562b0d3a569f3d752d60bf57ddd4b0400	b8ca9fe3a804b5a99e4f34634797d1b562b0d3a569f3d752d60bf57ddd4b0400	Y	ok	OK
B	905	0cd37f72c81058732cbd3add54544bbd240ac9ca75eb823f112736658faa2db2	11506	11506	350	10078207989187152185	97aa965d9fe35282743517f85836b5001fd9b9485140bcbc5b784663368b0000	97aa965d9fe35282743517f85836b5001fd9b9485140bcbc5b784663368b0000	Y	ok	OK
B	906	274ac3f1ae68950b8ce742d9cd27af3ce64cbf64f734f353f4175b45c8ec2af8	11475	11475	351	16367012993638181820	ddbea5685a33eb6e9ff07a3c3e098c62359aa0d70896cd25d5e9bee7b8500000	ddbea5685a33eb6e9ff07a3c3e098c62359aa0d70896cd25d5e9bee7b8500000	Y	ok	OK
B	907	5cad7fe49121d57fad9fea795076d70cc5f4f21660abaef9e9fc5b4b5239bd4c	11509	11509	352	15221901706670441638	8d3ff9fce38c75aa89e23af0dc365237330e80a650900bd9dd08bddac74f0000	8d3ff9fce38c75aa89e23af0dc365237330e80a650900bd9dd08bddac74f0000	Y	ok	OK
B	908	046a0327fcace36c4ec11a9edf94f627546e8b1f46dba76f2fca999874c44d39	10651	10651	353	5834542741802975890	3eee7dd5a8614650dbd5d03aae1e3de8f36daaaef23c8defdff64808cd8f0100	3eee7dd5a8614650dbd5d03aae1e3de8f36daaaef23c8defdff64808cd8f0100	Y	ok	OK
B	909	3c77c253d6638d1dfcc14c3996536e60d3a8b393056ca6eb527006b6496f3651	10796	10796	354	6366257871981740730	e0474a8a0e998a59f2ea036d6d8cc57eec62dc9904e951c8c5c27e76385c0300	e0474a8a0e998a59f2ea036d6d8cc57eec62dc9904e951c8c5c27e76385c0300	Y	ok	OK
B	910	50a0f746e90d5b8eb8b3d13e261b873dd82c0a77a2cb110fafe8ce1e3e8a3c78	10945	10945	355	3042894929471834603	183ca3444d463a44f61be3a6b56f3bd40651209a8db0154f8ac58c1af8ff0200	183ca3444d463a44f61be3a6b56f3bd40651209a8db0154f8ac58c1af8ff0200	Y	ok	OK
B	911	ef8e90846810a1aa906519edd28f76dafdccf8dfb45559b74430d310725351bc	11099	11099	356	17280249128122647912	55d92b9d53ab8f6c0588c8887e28673f510bae0ab0fbca7873a041f8c5c00500	55d92b9d53ab8f6c0588c8887e28673f510bae0ab0fbca7873a041f8c5c00500	Y	ok	OK
B	912	27b0dc1e74c71ec5b899a93d310bc35ba875783459ba81c218440ab220404821	11224	11224	357	2395572525363958508	43335b3a683144ff54d6052ae317a54bc361b71d4ad5b880950e41d4dde30400	43335b3a683144ff54d6052ae317a54bc361b71d4ad5b880950e41d4dde30400	Y	ok	OK
B	913	df230d94d4b794cd9e91622cb23199f0c24734ee4bb72e26e06858b3b90b03c9	11351	11351	358	2379192142867236011	09f2025ad9dcd85f59d6e29d09de6c26db71beeb406b192f505c0b525f020300	09f2025ad9dcd85f59d6e29d09de6c26db71beeb406b192f505c0b525f020300	Y	ok	OK
B	914	aebab300acd550a4a30abf4e9bf0c3b192f0faf0a58a8fb898ed421c51f37f84	11131	11131	359	6421443120789031370	b46a7cf5527234347948e6e2d12bb6abfcd675c36588c5505796508bd6330300	b46a7cf5527234347948e6e2d12bb6abfcd675c36588c5505796508bd6330300	Y	ok	OK
B	915	bd68d08a5a560978f8a2f6d8f3995cf6641ffea2a5910ff8ecf5b120ed853258	11287	11287	360	7710940990521051311	c39dfd9ae741ffe7dfa845b5ce5923e6b8fd46a91aeb17fa7f8b58820b2b0300	c39dfd9ae741ffe7dfa845b5ce5923e6b8fd46a91aeb17fa7f8b58820b2b0300	Y	ok	OK
B	916	3bcaa8344e9116485b5d871f429bd1d6db646451680daac8689d0d03ba569298	11320	11320	361	18110171946560783318	efbba72a1267626b7fd712b291bf6ee43ceff07f41e96c064a4eed2130570500	efbba72a1267626b7fd712b291bf6ee43ceff07f41e96c064a4eed2130570500	Y	ok	OK
B	917	f91eaa0ac15c34685e11b5cb61c04872610ec6490a7cbbe007855ab8bcf66f71	11384	11384	362	4361343661917605185	cfcf130851b681dbd49782290b9a3ddf2b015c2e8dfbc9f837507c5633ed0300	cfcf130851b681dbd49782290b9a3ddf2b015c2e8dfbc9f837507c5633ed0300	Y	ok	OK
B	918	1884934fb8032f1a733ed33ba90dda0879a4f48b2732d7f19033a69035fce919	11548	11548	363	16100354563177021676	06110a8840655d9e39e434b3a9e6e906101b73acd3aafea6a093bd5c7f430000	06110a8840655d9e39e434b3a9e6e906101b73acd3aafea6a093bd5c7f430000	Y	ok	OK
B	919	2721c4cdb49bfab99bd364169e668efb08072fe3a432f3c0268e42a832be738c	11483	11483	364	7475703583019730815	1a78c8cf5e502cbf2027e5db87c10735b2678718ddc5b52ebb667d8daf800500	1a78c8cf5e502cbf2027e5db87c10735b2678718ddc5b52ebb667d8daf800500	Y	ok	OK
B	920	b554b5f6763a160855c702b4694fcb1de6215264ddf0215e782cf8dfeda524bb	11650	11650	365	16263373882302465180	6b611b2492c55dbd979efb8a79a1be9e91cca4f6f7efb0f2ce2f086deaaa0400	6b611b2492c55dbd979efb8a79a1be9e91cca4f6f7efb0f2ce2f086deaaa0400	Y	ok	OK
B	920	861f3aa4d83ed12051907fbdf5bb2462408c1f7b6ad04286c95fd8354b37f298	11650	11650	365	16263373882302399671	a14b4abeefa61c72de614d5cc04702ebc811445fb8c16b63c80e27628c680500	a14b4abeefa61c72de614d5cc04702ebc811445fb8c16b63c80e27628c680500	Y	ok_off_best_chain	OK_OFF_BEST_CHAIN
B	921	b7158727efccdeea325437f8e4262ccf74ebad32a4dab6ee110de65928eeaede	11820	11820	366	15111827767957750213	adc7440d316ecef3fe45883ac86d2ed5d414547aa6d81a3ac014069cdbf10200	adc7440d316ecef3fe45883ac86d2ed5d414547aa6d81a3ac014069cdbf10200	Y	ok	OK
B	922	e2fff19a2da07b44e0d071f5c4763cf62ab65296ce867cbfacb5979050943586	11995	11995	367	3716247399488885605	e257c0a4889dda933eae483a0b7356ea6cb40e1ab05d06ffc89b719b8e700500	e257c0a4889dda933eae483a0b7356ea6cb40e1ab05d06ffc89b719b8e700500	Y	ok	OK
B	923	c7348ba0b6fbbff4b26b4d274e64ae0b53b99c9256cc226712eacbec144577b6	12176	12176	368	7176826451092570382	0e2b10b350a8b70728b2b9887d389f3b65fbbf5961ea36a50747ba26c3070200	0e2b10b350a8b70728b2b9887d389f3b65fbbf5961ea36a50747ba26c3070200	Y	ok	OK
B	924	1d95ba6eaa080113984fe6480a07f1c6184b4fea0b2563ade44ff46083d0fa0b	12033	12033	369	348898554439270820	abc091a5386eed9e01bca4ce76c55416d2138519ae324a950c0290b9dc560400	abc091a5386eed9e01bca4ce76c55416d2138519ae324a950c0290b9dc560400	Y	ok	OK
B	925	965b8322ad6854a5bf820ea9c7702f6652519e7f9da471ef1919fdee0d7ba7e9	12215	12215	370	1686671805038790904	e5137e5d69dada329134381d857248ae71840d3c0d7334d2716f40d606350300	e5137e5d69dada329134381d857248ae71840d3c0d7334d2716f40d606350300	Y	ok	OK
B	926	f4c456db712973925668e850fbf8de8ad360abcc6652cc53f981323d0c7e0e56	12402	12402	371	15583097637241358863	fe51db724595f98327238c209276131b6581ef4178dc9e7ae6493e94a5850400	fe51db724595f98327238c209276131b6581ef4178dc9e7ae6493e94a5850400	Y	ok	OK
B	927	5799beacf21a9270753b45557373fc808e51f2d6a9d4bfca6bf1db1e8765cc21	12595	12595	372	11849821555712430899	a41025dcfbe075109bd3132c6a76f1ef1e65a67027d90a079f6695ae9d5e0400	a41025dcfbe075109bd3132c6a76f1ef1e65a67027d90a079f6695ae9d5e0400	Y	ok	OK
B	928	29428edaa8548ae528a9e42a8fd6caa3b5c610a476af2aeafe214eff03ec75f7	12675	12675	373	9860749117771259839	ade287f7f184b6c86d71dce7b7fcc3789e44954f10c2836514a09145089b0300	ade287f7f184b6c86d71dce7b7fcc3789e44954f10c2836514a09145089b0300	Y	ok	OK
B	929	84bb091e8b781284dc13f8c23e690487c80cab30da37aa2b7b716a71c3168db5	12411	12411	374	2082956639165580826	1902db1670a882c4e1611448cb567006dd8ab48ca313f0e4d884cb1d78d90100	1902db1670a882c4e1611448cb567006dd8ab48ca313f0e4d884cb1d78d90100	Y	ok	OK
B	930	303febeacf5560d0170694b5854211a01b917c9edf9536a159c265a49192f1a9	11742	11742	375	12693492830753030442	01b84d31eb68d12d17fee2fb1907aef556b773ff730fe776173f17b89b830200	01b84d31eb68d12d17fee2fb1907aef556b773ff730fe776173f17b89b830200	Y	ok	OK
B	931	443bbd0f4ceddce1147f0a68e499802f0d020c6b2a5d4448b08ee6e6620bdd1d	11880	11880	376	3425401654541910684	09d71c47276212a0d8e2705d3efe88c732abe6df0aa71a17af14723ab2840000	09d71c47276212a0d8e2705d3efe88c732abe6df0aa71a17af14723ab2840000	Y	ok	OK
B	932	7c779d5a920a545d1260ab3a6573981e0fc2fcbf47995de97e291ad009b6539c	12055	12055	377	13283226148692656706	564156c148e62840a443eec45cfdc3ac77e17555557190c94b4976cfa51e0200	564156c148e62840a443eec45cfdc3ac77e17555557190c94b4976cfa51e0200	Y	ok	OK
B	933	37581d14cffde6eea6d9d5187512f569d81524f87cad826af4c9962693a4db9e	12236	12236	378	7398186763426037846	b4e354746a3a5a9ec94afd81d78f87068d550fc4e6e03aabf013d3bebf940400	b4e354746a3a5a9ec94afd81d78f87068d550fc4e6e03aabf013d3bebf940400	Y	ok	OK
B	934	702bb1643c30128abca86902fc92fb643c53e4ae94dca0adee0928f3cfc622d3	12423	12423	379	837435807160637379	2c48d4e6ea8d02249d683a6acdd059cd8f936b76bb66042e755942047b9b0200	2c48d4e6ea8d02249d683a6acdd059cd8f936b76bb66042e755942047b9b0200	Y	ok	OK
B	935	801a529052e247fe2e29b134d9d1a47a3ab625d680a3b57e652063a537053950	12616	12616	380	4715838099182160036	25b80602da4b282b8d02017179219b770d8ef440a7372112c4435be9e8d70000	25b80602da4b282b8d02017179219b770d8ef440a7372112c4435be9e8d70000	Y	ok	OK
B	936	b34937bfb78289e0c4647ec5f3b7afaabcf61e07c194d1240d24566b703e56f0	12580	12580	381	3776244888568403608	0a4177c4119fb6b3413bc20dbe962a3b033e98129b32d6f8fde46e582c0e0100	0a4177c4119fb6b3413bc20dbe962a3b033e98129b32d6f8fde46e582c0e0100	Y	ok	OK
B	936	8dac2ab05d445d062fb9a4ccf5f97c5a07b5fc0bbd9ca1b11d6ebf5d54103c2f	12580	12580	381	3776244888568436557	227e7d18e4f6199f1910192f1029a68832b04c8d21cc91f5d7f28f933ca50200	227e7d18e4f6199f1910192f1029a68832b04c8d21cc91f5d7f28f933ca50200	Y	ok_off_best_chain	OK_OFF_BEST_CHAIN
B	937	f3e623fd81862f003024905d703fafef945599554df182b56b4d264b5e019405	12660	12660	382	6527450876523683770	c9ce9dc0491d36f7b592d6a18fec4718af53dbc8241682cc8a32ec44f5f40300	c9ce9dc0491d36f7b592d6a18fec4718af53dbc8241682cc8a32ec44f5f40300	Y	ok	OK
B	938	b126d2683a582a7c587c5b5b5aef523005e5c7eeb74c8e6825e84b6b4bbcc556	12288	12288	383	563420694721958821	acc36e831aa07b25ec829e27406bea7f284786ead69338de779d2dd2151d0200	acc36e831aa07b25ec829e27406bea7f284786ead69338de779d2dd2151d0200	Y	ok	OK
B	939	2fc2d36688d25ae97f22dfc34babeade07e2857b09ebae62c7f286fdb40724ca	11670	11670	384	18141841927299924318	959a8ed057e1c43216020d550de01eeab7e3ced8df590465a9f023ee83c40200	959a8ed057e1c43216020d550de01eeab7e3ced8df590465a9f023ee83c40200	Y	ok	OK
B	940	b37acd4e96c2da041987f6df0c07702ea82a855e1a48a597f50744c778f481f6	11447	11447	385	15714831890596826467	53df88c13c3a2734c23b321eb0820aac6b4de6d7f5646f4c8a581c0a58550100	53df88c13c3a2734c23b321eb0820aac6b4de6d7f5646f4c8a581c0a58550100	Y	ok	OK
B	941	d7946ae10372c3b7a9d7b9c5f4b228d981c0d82c9fce2b067825ed9077d99138	11609	11609	386	2571778411995439767	45766a2b96a1da237c1dd8217df61ee6bf6c0c7e5c2ed0a403fcae6f305f0500	45766a2b96a1da237c1dd8217df61ee6bf6c0c7e5c2ed0a403fcae6f305f0500	Y	ok	OK
B	941	b5a872c0869bc07f74125026bee77ef00ee16804587f5ae8fa8f47b1e28daf09	11609	11609	386	2571778411995407130	23a93c253baa0459ab4cba5b10537a7bc09a2e237879df4debe3d17470400000	23a93c253baa0459ab4cba5b10537a7bc09a2e237879df4debe3d17470400000	Y	ok_off_best_chain	OK_OFF_BEST_CHAIN
B	942	ede3776dcd1d9dde2e6e5efc939d08bfb39118f400e2547290718bd733b02b82	11611	11611	387	17929792038912497724	8629252eb316d0c42d5f745b174ec8a64d830bb8cb3f2904c725b19e493f0000	8629252eb316d0c42d5f745b174ec8a64d830bb8cb3f2904c725b19e493f0000	Y	ok	OK
B	943	e099a52e07cfedbfb7cd9504415b82154846e603a326d0992d81ef5cf1663be9	11001	11001	388	3859185903964621140	2055f25a0bbb6a06a0f1d25e308bf929acab487afa8ca491cb6cd7e245e40000	2055f25a0bbb6a06a0f1d25e308bf929acab487afa8ca491cb6cd7e245e40000	Y	ok	OK
B	944	0aaa385bb05a790099175fd14cd1f953843fde70713a9d56ea6728310a5187f8	10663	10663	389	11974589067171038313	3b466f059adfe58595c5fd8f72333e9555cc501a1748400925a51fdfc6ab0500	3b466f059adfe58595c5fd8f72333e9555cc501a1748400925a51fdfc6ab0500	Y	ok	OK
B	945	641dd90e90dfac288180764f7f7dd377e64bc82ca59dc758cc0070ef0d0b45be	10690	10690	390	9710887345057727639	19276f77eda3ce10ec5e162fa0163aa313eb48f48bc1be7393ccb0022ac50300	19276f77eda3ce10ec5e162fa0163aa313eb48f48bc1be7393ccb0022ac50300	Y	ok	OK
B	946	cea78e0ab4a48b0ad90f2ff37b6c14a9776f6bc8adfb3fd1a4c7183ba629aaab	10829	10829	391	1831192291998466474	ea51bf8722617ddfc8ed52c195f7c6b8e87786a29e0f9d892e0b1faa034e0000	ea51bf8722617ddfc8ed52c195f7c6b8e87786a29e0f9d892e0b1faa034e0000	Y	ok	OK
B	947	dd72671d26c9a5a1c595a265443175e6f5d4be1fce8f9a06df5f22d14b319f71	10971	10971	392	11005873100662309169	205c1e2615ed4b40cfe5e7ea060a7fb141ace52f410dd3e8becaa1fe9a550400	205c1e2615ed4b40cfe5e7ea060a7fb141ace52f410dd3e8becaa1fe9a550400	Y	ok	OK
B	948	2c1dcc65a5d140aac4e0afc485a8442288e39d8560d4ed89ba231197e41541df	11115	11115	393	8799296079968404634	c6f865c6836bc945b61cdfdfbad4d3d25e7651fa1e0acc7b1ce6129879310100	c6f865c6836bc945b61cdfdfbad4d3d25e7651fa1e0acc7b1ce6129879310100	Y	ok	OK
B	949	e116d3f696d5ef6d005f3abfb07627219876a65c71142d3e90d386fd8db2249b	11262	11262	394	16074001717590592209	346a3a2649ed795bbc41cf73ebfd0240190ac14abe57e8179edf6438f8370100	346a3a2649ed795bbc41cf73ebfd0240190ac14abe57e8179edf6438f8370100	Y	ok	OK
B	950	d6a6afa01db36d7138d010710ee4d6271198d967fac185ae9bcc26bed33bcc0a	11414	11414	395	5841169184850969028	b3f2b6a5117e0ab9da81e69a6671e886e327fa4380f6195de1ec5f5590db0300	b3f2b6a5117e0ab9da81e69a6671e886e327fa4380f6195de1ec5f5590db0300	Y	ok	OK
B	951	17982fcdbd0f6dae190940fcf1ba309f3af8863f2bbc07365257c4bc092965c6	11569	11569	396	13986578106278775886	a5c7b75175130a802b709e7d34f6430206bfa6bf465b1d901fb8e538360b0100	a5c7b75175130a802b709e7d34f6430206bfa6bf465b1d901fb8e538360b0100	Y	ok	OK
B	952	98b216f195b793f68d13782bb762cdf152c68be8f51f431166745feef24c2abe	11728	11728	397	4409043478512700463	111119023d13db384b1d0714964362627128c57e69f9af7feb7e3a9c4d810400	111119023d13db384b1d0714964362627128c57e69f9af7feb7e3a9c4d810400	Y	ok	OK
B	953	f439d0077e6e1fd66369bb52227bdda6846d6936d0f6d723338da37858f5518a	11759	11759	398	16656329266371299256	88233ecd2a524960b533e1a0fca683157421db78886d0e9ceeb59c21719e0100	88233ecd2a524960b533e1a0fca683157421db78886d0e9ceeb59c21719e0100	Y	ok	OK
B	954	2502468a4841906430f65a6bab2b6b601e68f207b7822f151ad6f39aa69869f6	11724	11724	399	17547152638007575460	a19d1ad0e2d3f50246e35ba4182c871ec06c4da6a70449e4c0cb07594a0d0300	a19d1ad0e2d3f50246e35ba4182c871ec06c4da6a70449e4c0cb07594a0d0300	Y	ok	OK
B	955	f5b1f14a76d738398fcd63b18ad5061865c72aaf5e92fab1d4d261078060b4ef	11787	11787	400	6681062666787620833	110ee0d9a3f3e03d8c7b358187c0d995baa09497dfd26e1057b0e9ac26bc0000	110ee0d9a3f3e03d8c7b358187c0d995baa09497dfd26e1057b0e9ac26bc0000	Y	ok	OK
B	956	3cca627a13c8338bdebca173075227ae4f4654edca2321a7d33bde1afbe72c42	11949	11949	401	17776904281350277070	355fed50cc9b185d5bbd8eb04c9e4bc3dab3d0b09c14fa734a74234adbf50300	355fed50cc9b185d5bbd8eb04c9e4bc3dab3d0b09c14fa734a74234adbf50300	Y	ok	OK
B	957	7b2b283a2cf9a24d150016c56f9a94d1fe9da4488cca78b8ec631fc9010e5c31	12047	12047	402	8875113660175876694	76272cedfa9c6d063621a9aad81eada1bc815c5b33df5df724a855185f730400	76272cedfa9c6d063621a9aad81eada1bc815c5b33df5df724a855185f730400	Y	ok	OK
B	958	6b5f02d3495d7c685b4087d50625a5c70507b9bafb4eaf1db620f658db5e7dd7	12147	12147	403	16764409270811755126	d2cb2ffe8772d3be05bba5d19e6fc86dbd5f0f13c20a3b6f42304c5b7b9f0200	d2cb2ffe8772d3be05bba5d19e6fc86dbd5f0f13c20a3b6f42304c5b7b9f0200	Y	ok	OK
B	959	fa7af3d538c47caeeaa9cf75dba4040202cc6fa5cad215998b0854a75e6ac9a2	12318	12318	404	15167554328673158363	bcb7705351daa552632223cc0f8b5a169069d6acf8b53410b07d299a53a50200	bcb7705351daa552632223cc0f8b5a169069d6acf8b53410b07d299a53a50200	Y	ok	OK
B	960	0f508eaeab0426fcc61c3d8755f2dc6aedbaa89b246dc699d3b654c679240ba9	12493	12493	405	9549000299570627357	750aac4b7531cad9a1083be40e4925c0136cfca0e893d55f614bf5e7c0cc0100	750aac4b7531cad9a1083be40e4925c0136cfca0e893d55f614bf5e7c0cc0100	Y	ok	OK
B	961	2ead5e2f03726be241875f109f1542d5519e7534a89e40c7c414305f640b9242	12671	12671	406	1048556530913248103	0b0017493142a0ad041492b3b7b7a44671c5a07a5f842ccacfbae7023fcb0100	0b0017493142a0ad041492b3b7b7a44671c5a07a5f842ccacfbae7023fcb0100	Y	ok	OK
B	962	5d28d1363caa0dbaaf5aa9b394b9bf3e441ef78b0e1f042e5cc215773effc2ef	12854	12854	407	7596463464789382711	5eac2478fa18803653fc196716de52082abda520fcb88b533eb5d00f45d60200	5eac2478fa18803653fc196716de52082abda520fcb88b533eb5d00f45d60200	Y	ok	OK
B	963	7ba860fea98252418bf215cd478f6c583d0ec1c449d843b417f88ca2c4804f8e	13042	13042	408	13195122677095862600	5768fbb0691a85feff9422c2261797779090323d2a28f5d1d9f7598169a00000	5768fbb0691a85feff9422c2261797779090323d2a28f5d1d9f7598169a00000	Y	ok	OK
B	963	4363c6e044295cd98cb1adc7a2cab5a1067194e8aa007074643137338bc2d9a6	13042	13042	408	13195122677095928340	2786ae240f5c86ac0fbc851365fb5b7e908ebc42a5bda49a40863f6ed3920300	2786ae240f5c86ac0fbc851365fb5b7e908ebc42a5bda49a40863f6ed3920300	Y	ok_off_best_chain	OK_OFF_BEST_CHAIN
B	964	8470f172c78e0d62ebfa611b7c9e7dc709455dd91c4cddaa97e491a165518583	12885	12885	409	1669683744799293703	a6c3c68d72d0b9fa21895d6bad91086659972ba066055e7ff2b4bee5f2af0200	a6c3c68d72d0b9fa21895d6bad91086659972ba066055e7ff2b4bee5f2af0200	Y	ok	OK
B	964	cbad4fcafaacba3b41a9cc68253fd422f47be38ac28409e4b627015e447d5472	12885	12885	409	1669683744799293755	9b7dc97516b14b9efe17a3f56cb6838cf4c9828a6fdbb984dacdd72b927f0100	9b7dc97516b14b9efe17a3f56cb6838cf4c9828a6fdbb984dacdd72b927f0100	Y	ok_off_best_chain	OK_OFF_BEST_CHAIN
B	965	7294a933efcfac01361bf842deaf0e6189b5f3e30187e39bb368d6cd8f2b15d1	12698	12698	410	16276554939365426117	95c8cdbc0e7e2d3de650c4ba15e3612d4fcf28fc7c96af585c4301851c5d0100	95c8cdbc0e7e2d3de650c4ba15e3612d4fcf28fc7c96af585c4301851c5d0100	Y	ok	OK
B	966	5690525ed8dc99de387de584d1ec1d0b2bfcfc3134f5d019dc0f472ff4bac35e	12881	12881	411	6812045025988351001	3c11509659b24007453cb50011a289b07e999048ebd92f53bb78a1d8fe1f0000	3c11509659b24007453cb50011a289b07e999048ebd92f53bb78a1d8fe1f0000	Y	ok	OK
B	967	05d75c3d28ac4c0a01e71bd23d41663832de7f0abdcb5e687f15f6431079b0ca	13070	13070	412	17532987277519655523	38119a3ae0da4026c128dd6cebe5a1dca58333e65b8a200dd8f165a998780300	38119a3ae0da4026c128dd6cebe5a1dca58333e65b8a200dd8f165a998780300	Y	ok	OK
B	968	488f0943af65a4f5e63b6858bab9315bf4f41d7646ce8e23633ad913845fea9c	12880	12880	413	14659401951721130409	270564cfb994d74ee6bbf41981cc3a812721f0cd11b92ec68c84eec7e6700100	270564cfb994d74ee6bbf41981cc3a812721f0cd11b92ec68c84eec7e6700100	Y	ok	OK
B	969	dd57a8b9e051d28ee64fa5a0806418bede10530a9ac9d4771f4764a9bc37e709	12624	12624	414	3603785725247565451	8fd7df25b0f171615d3b57f9045ac8bbe9a11b2fd0f8d7b741b298674c950200	8fd7df25b0f171615d3b57f9045ac8bbe9a11b2fd0f8d7b741b298674c950200	Y	ok	OK
B	970	d03ce0ea264dcd4d75e3e1a0e36ee28ff19838e691e7809f3618d8b1e86accbf	12660	12660	415	6921515453076571411	b75a3754331a31ebbafd87f8640baf1d572a39c4ba4cadca272a4827b86f0100	b75a3754331a31ebbafd87f8640baf1d572a39c4ba4cadca272a4827b86f0100	Y	ok	OK
B	971	735aeea8a010417d6fca8aa5467147369aa0ea2074dfd756acbd4404b973bf8d	11670	11670	416	13943597436539800105	f381c3e2a4b2b4d0a82a1ef32744965bae5bfab5844e109af16ead4de0690100	f381c3e2a4b2b4d0a82a1ef32744965bae5bfab5844e109af16ead4de0690100	Y	ok	OK
B	972	0a652d84c10e7637cc9d3683c4c58c8680bd940292105a99c94831eeb084e791	11794	11794	417	9852027980518265011	e5c39a8138d28adc033aa31ba906cb8851118c28e35e8f2fd04cd88f685b0500	e5c39a8138d28adc033aa31ba906cb8851118c28e35e8f2fd04cd88f685b0500	Y	ok	OK
B	973	5b90b8e26e90ded93f98601ac7d96a5cc4479284d122bf465b0a885259e10a1b	11827	11827	418	2498548858821281472	a998eb92b1e71dd8fed13d84cfdc033d28f33397b4e8a5a4c4a0a632bdef0000	a998eb92b1e71dd8fed13d84cfdc033d28f33397b4e8a5a4c4a0a632bdef0000	Y	ok	OK
B	974	c6f19852452fb2291d6061f09462e4230ffe3e06037ba6eb7cd03a2c1fe2a223	11674	11674	419	12120773733698765059	511b9e359c71bd9291df9775e1a90595282ab4faa7ebf99241a643c080270400	511b9e359c71bd9291df9775e1a90595282ab4faa7ebf99241a643c080270400	Y	ok	OK
B	975	371730d49409334564c8b2452eb5c0db03a8b710938b12ef47bc5a6f84953d89	11767	11767	420	11834943986567522925	4ae257119a38b8683e64c8c17595962c14dd8a61f994e2bcb0a5931eb4c40300	4ae257119a38b8683e64c8c17595962c14dd8a61f994e2bcb0a5931eb4c40300	Y	ok	OK
B	976	e10f07b85d03ad99d4c7d73ddfbacfd6b3fb4d6b93ad01ca7659d639851952e5	11925	11925	421	16126029246312253692	439dc84578e447e10225260641ce7ae484af395b83324d6e3e9523645df40100	439dc84578e447e10225260641ce7ae484af395b83324d6e3e9523645df40100	Y	ok	OK
B	977	ada414a261614717ab947c8ce2e43ff630b92992ed4ee9f04ca1fa2130d9dce4	11212	11212	422	7502422334049976795	909dfd58ba5ecfef5140bb6b33695d4cc6ff18dbf623f4a05d12fa9c01840000	909dfd58ba5ecfef5140bb6b33695d4cc6ff18dbf623f4a05d12fa9c01840000	Y	ok	OK
B	978	98c5966ac75996629acdb4c30caf10cd6b10970daad2f8c53ff9b4a726705631	11242	11242	423	1701369634097303218	4868d46a210c6a6cc44fe499caa98933b04e3fa3f6a5e2c58e0a8e5f15f90400	4868d46a210c6a6cc44fe499caa98933b04e3fa3f6a5e2c58e0a8e5f15f90400	Y	ok	OK
B	979	fe2661c28fe5f7861b3c866c10158c04ef2dd54328271fbb2e2fcefbc8a35416	11385	11385	424	3355526702754169466	d27daccb1afb15b009613a354b8d85ce73e9b286c9367c8b2abc4f516d300500	d27daccb1afb15b009613a354b8d85ce73e9b286c9367c8b2abc4f516d300500	Y	ok	OK
B	980	17c716f4f4675840e2ed539c2d66f467285517ad16544d05afcfc627b1986587	11358	11358	425	6257142179127366669	c03ea9b9faea7aa7f4f446a5c61dcc34d3c76c01d3d94e710b7c95ad0b840500	c03ea9b9faea7aa7f4f446a5c61dcc34d3c76c01d3d94e710b7c95ad0b840500	Y	ok	OK
B	981	c118b9e06ca18b1c6c17f8a8cab249a19a3ae2eddd21d6c90c5df5488c797c0d	11504	11504	426	1998743961262394543	616b581892bf336b9a2538e8bd4225c46af1dadb88deb59208f82e97f3060300	616b581892bf336b9a2538e8bd4225c46af1dadb88deb59208f82e97f3060300	Y	ok	OK
B	982	4b5f519ab0fc8a06aed9feac405875c3ec7b7b11f54fc9f0be00c56efc29436d	11332	11332	427	6784058172979087157	0fecb37b070584d214b609e27c7465f5546e4404ac8dea14b302f6c401540300	0fecb37b070584d214b609e27c7465f5546e4404ac8dea14b302f6c401540300	Y	ok	OK
B	983	47523a5c4341cf415a84d9b65fb8ec31fd35e2a33e6d4534e521163add97cd80	11276	11276	428	824923081368735705	d89cb3392e5625eb5147f908e095f337ce1c019a3d61bd906126ff36e6af0300	d89cb3392e5625eb5147f908e095f337ce1c019a3d61bd906126ff36e6af0300	Y	ok	OK
B	984	e07af8c943dc446fd42480551ab3770cbf435e1785bbc256c693f3a5800b7fcd	11363	11363	429	15710456371189190948	f017bf19959c9d068308cc558cb7d20dbecf1fd9aaa182e685b71e1cef460500	f017bf19959c9d068308cc558cb7d20dbecf1fd9aaa182e685b71e1cef460500	Y	ok	OK
B	985	f174ef6f8d16fa938cbad12384587304e9ec02eabd7e2a46ddd9698f583a25df	11223	11223	430	4371022894705214961	e5aad293e0c9be35fafd016608c7fa13e52872991c66cf0cabcf767bd04e0400	e5aad293e0c9be35fafd016608c7fa13e52872991c66cf0cabcf767bd04e0400	Y	ok	OK
B	986	f163042e64b3fe4f718e817d2da41648db7ed65d214b605880dc07f3bbbbb549	11086	11086	431	5218491371807115726	b6ed47072f5b176b4cf635668c7d3b6f9acbb17f8364fa88fd8756da182a0400	b6ed47072f5b176b4cf635668c7d3b6f9acbb17f8364fa88fd8756da182a0400	Y	ok	OK
B	987	38cbc21cfd9feb405f2b1baf9cd622a35bf8fd79c3f9cf51bda94cc7ceca69e6	11198	11198	432	9659283252866780160	4f96e6c72e045161cd6ca6a900151d49d951ceb09708c94b8bb6c163a1130100	4f96e6c72e045161cd6ca6a900151d49d951ceb09708c94b8bb6c163a1130100	Y	ok	OK
B	987	d6f42d3fa955a8233822b75de3cc00748460f549dc48738ee4b13aef7de3b8c6	11198	11198	432	9659283252866714668	e0471ad86aec035e22bb41c1e9392a05862835b42209abda71046fac69ee0100	e0471ad86aec035e22bb41c1e9392a05862835b42209abda71046fac69ee0100	Y	ok_off_best_chain	OK_OFF_BEST_CHAIN
B	988	3197f0adc4b59dad902fdaa3906a804f36e1f344e21f4b85e467df13da0812fa	11200	11200	433	9777293414969213003	e019873cf38a9b54f395cc7ba54f8d583f74ba9316d5920378eec5f8a5510400	e019873cf38a9b54f395cc7ba54f8d583f74ba9316d5920378eec5f8a5510400	Y	ok	OK
B	989	fbf24b50fc59ff2cc803691a86cb770b664021702d6fde05890a4032824df9e5	11173	11173	434	10563993297448174334	1284060a6e32e521f8652e3b16c4c0a54238d739a94d6bf2d0897e8fb84e0300	1284060a6e32e521f8652e3b16c4c0a54238d739a94d6bf2d0897e8fb84e0300	Y	ok	OK
B	990	b7272e6e75923937c644b2bd32221a16c2399fd191fa80dd8ab7118229721b87	11315	11315	435	7179890476466605403	d459551fa6ee99344868510fa79589f8f678aaebdf90c946d6408329f89a0200	d459551fa6ee99344868510fa79589f8f678aaebdf90c946d6408329f89a0200	Y	ok	OK
B	991	cf6ec3fc133fe4a2b5378e06811657716284424a695fc0ca05480cd7855dd801	11461	11461	436	17524075684236954268	cac132193d5c898daf46f9bbe979abef74249b624819610eeb1cce2787990400	cac132193d5c898daf46f9bbe979abef74249b624819610eeb1cce2787990400	Y	ok	OK
B	992	199c058fa8a9735e2089e482711fb0eae1f8b2475884da99831261b12d8102e9	11521	11521	437	6977887440002387095	f4269ef16cbd03b80f8f09521a2e5c3eb6f0cc226181ec59b2acaccb307b0300	f4269ef16cbd03b80f8f09521a2e5c3eb6f0cc226181ec59b2acaccb307b0300	Y	ok	OK
B	993	d38e9ddbef8e39a203066e1d016e7d07e1b094fd4d7029fe17520393aa1460ce	11522	11522	438	13657896087455838057	539c9410bf4d568ea8611b89086c84e49b543d464926251bb4af6e4253100200	539c9410bf4d568ea8611b89086c84e49b543d464926251bb4af6e4253100200	Y	ok	OK
B	994	8fbb3ce9367815aa4b048fc20c0d4709b91b187a63eaae7467b94b3ef9c07ec1	11465	11465	439	13931450117975479872	a30bcb57f482f04530fc4e861030dfc63da0dc01bb749b9d881996463e870100	a30bcb57f482f04530fc4e861030dfc63da0dc01bb749b9d881996463e870100	Y	ok	OK
B	995	9ea3685f33af0ddc5aac69df408fdff664147aaa460515ece0d59c4228099a65	10628	10628	440	5069203990839926404	a6f5f883a0e51240fab7f5acc5f0b70dd1dd3ca3acfa5808f376ba926e460500	a6f5f883a0e51240fab7f5acc5f0b70dd1dd3ca3acfa5808f376ba926e460500	Y	ok	OK
B	995	99dfdaddeedef4c39d7a8184d289d2e3eb3d8da96c010b58d12f2bf402d2b535	10628	10628	440	5069203990839893878	05398cecff54fa7de9cd4f97b5887272ecee8e27b86295a0da6d9da61f7e0000	05398cecff54fa7de9cd4f97b5887272ecee8e27b86295a0da6d9da61f7e0000	Y	ok_off_best_chain	OK_OFF_BEST_CHAIN
B	996	7ff0de278abf92f44e73f4991fb239486cf65db69a98d6281e469c895b5fa0b0	10383	10383	441	10028518073725716828	7caef91d5c401800e9d62b9d67b2c851e14651ac45135542661a2ec330210000	7caef91d5c401800e9d62b9d67b2c851e14651ac45135542661a2ec330210000	Y	ok	OK
B	997	feb75c7f565d29bd4c93a4ece8493dea3edccb873e6af13f4f230bbbfcedbb0f	9992	9992	442	11703211438314194594	4c63a8b265002a580211fbca468f0a1a951962502e71890e47695438c4830000	4c63a8b265002a580211fbca468f0a1a951962502e71890e47695438c4830000	Y	ok	OK
B	998	67079fcf6a385e1a27b331e0fb6292bd8123844e100b97dc602783e96b8da30a	10014	10014	443	2730960620223563061	60dcdb0b039f510796993068f7e365f133c6ea7cb40fd706df5a7a1bcbe50300	60dcdb0b039f510796993068f7e365f133c6ea7cb40fd706df5a7a1bcbe50300	Y	ok	OK
B	999	bad0fb63ca732df6d53907c0575adddbb9bc0ceb9e30dd6a249330c599505d1e	10082	10082	444	16479229262038046123	d1ad15bfe368647334c277602e2f7f537c458cc5b6400e7f1d3a2becac830400	d1ad15bfe368647334c277602e2f7f537c458cc5b6400e7f1d3a2becac830400	Y	ok	OK
B	1000	3b7f9e353b21610f1ea1b56d8890825c1eec074b4791e9a4edff0971364697c2	10197	10197	445	6496730178046132530	b23c218fb618d400fdd9abe17d567105701661c741a3b478d904d332b1390500	b23c218fb618d400fdd9abe17d567105701661c741a3b478d904d332b1390500	Y	ok	OK
B	1001	af9efb63f74184b5647994352d8c511b4b62fe83c8f009646310a8143042c156	9991	9991	446	1393863779728503032	1421e0d8c0a61e05ff09eefa718aa2fc6b977b396e94ad65afb674d4669c0500	1421e0d8c0a61e05ff09eefa718aa2fc6b977b396e94ad65afb674d4669c0500	Y	ok	OK
B	1002	88a6e8076b8de26390008338050b625767eee5278817bb4d8e5b2ffdaa8610c3	10103	10103	447	7802454653265875027	9612928652bf47797e08611c50cd36dadbba11109004b9e0a066e10336f30400	9612928652bf47797e08611c50cd36dadbba11109004b9e0a066e10336f30400	Y	ok	OK
B	1003	1bc853438024283c1cd99b4ee0363061d7d2af401f4682af18c0e455eb61e70e	9454	9454	448	2794138502520899612	694894bb1bd5213e5b64eb165f68f5bf7f476430c52668a42aafacd93bb00100	694894bb1bd5213e5b64eb165f68f5bf7f476430c52668a42aafacd93bb00100	Y	ok	OK
B	1004	01ee963f354bf9a870e161af9d53f7edbef7dfc684d4acb216e71039bb733223	9351	9351	449	6870127603899009177	265fd552eed79c5b1729a648a083e6d3a87921c429c7d6617f2bdd8ac6f60100	265fd552eed79c5b1729a648a083e6d3a87921c429c7d6617f2bdd8ac6f60100	Y	ok	OK
B	1005	e7a0a0e75f8fae6a41bf904f22ffaed99595281fe270045b52fdf3bdec4df89f	9410	9410	450	5118983404829805099	1c2df4b48bfd9b1afc1ad4b8077614e5c9042ab7007780f52aa1745192d60200	1c2df4b48bfd9b1afc1ad4b8077614e5c9042ab7007780f52aa1745192d60200	Y	ok	OK
B	1006	57832da13cb8d4835b22330fda6b0b9b650f18a9b64810a176afa455067c6307	9430	9430	451	4913237944317248368	267a64562f613c735487a5eb90cb11d851a3ade5267a4664ab8c4b6734ea0400	267a64562f613c735487a5eb90cb11d851a3ade5267a4664ab8c4b6734ea0400	Y	ok	OK
B	1007	7079ce6073031a061e2cab72ee56dcda948c74c40d4da8c0f105675f83c23257	9451	9451	452	4418972661217004347	b8ccb75deb932e44b5bfbb2610c472dc261070947fe2ac925538645cbd8d0200	b8ccb75deb932e44b5bfbb2610c472dc261070947fe2ac925538645cbd8d0200	Y	ok	OK
B	1008	a8345eff05f475ce14d67e70f0fb11485d4840e1a2af33c6b1adab28e4c1b5f0	9554	9554	453	11690806155424137876	0536f704d964392a187822a3b803aa5222214945739ce365f0d238fb95890200	0536f704d964392a187822a3b803aa5222214945739ce365f0d238fb95890200	Y	ok	OK
B	1009	05a4c41eb5a2fdff010b760b5c3a6074f7c075a302a0f7fc2f930004f17ddbd0	9553	9553	454	5684207719528104991	6c4147e2647031dc2ad47dda8a31940428d7ed37dce86820802b4c5956260600	6c4147e2647031dc2ad47dda8a31940428d7ed37dce86820802b4c5956260600	Y	ok	OK
B	1009	54c5414f74d5f066679a18b6b0d1698ad0b6892509551880a9f08cbc6514fcbd	9553	9553	454	5684207719528039607	4853388fde5e5fc6ed4559c8f20d7a83cf7f8a4e5871f162c310050b2e280400	4853388fde5e5fc6ed4559c8f20d7a83cf7f8a4e5871f162c310050b2e280400	Y	ok_off_best_chain	OK_OFF_BEST_CHAIN
B	1010	efb04b0ad5199d0d3ec3cb457b486574565f76986e19cc5947201b61e691cfb5	9658	9658	455	4929554125642799252	84cbbf8801ac89017627ec817f49c45af2b1c126dfa999cdf21e3ae540410100	84cbbf8801ac89017627ec817f49c45af2b1c126dfa999cdf21e3ae540410100	Y	ok	OK
B	1011	00b702718ad545a1644e1f1eef7d5c7f4b6d615dcb3aa39f63c830679fb0e8ad	9765	9765	456	5849793101224219148	c89c8a2977b80a14e94244b776e6f06d7fb29d608ab973d67ed37f3a62630100	c89c8a2977b80a14e94244b776e6f06d7fb29d608ab973d67ed37f3a62630100	Y	ok	OK
B	1012	d53622b84e858a4f62f55c7911e42eab5e6bae70f994cd8b62a319f4e9731dad	9546	9546	457	18367331687479714983	0d4000b608e044638a9146cfec9bcd9ff1db33344d4a1c5488441ca5fcec0000	0d4000b608e044638a9146cfec9bcd9ff1db33344d4a1c5488441ca5fcec0000	Y	ok	OK
B	1013	ba6b26627aeea6d53afcd729e4bfba6ede8e324584ca85ca05cf5ca6b010a4a1	9417	9417	458	1216872274859231646	130a2b61b500d01cb153b1fdb0eff0402c3c620366543ba2334d4bc27ed60500	130a2b61b500d01cb153b1fdb0eff0402c3c620366543ba2334d4bc27ed60500	Y	ok	OK
B	1014	69952f25323c841e56d7ecc76b9f184668a88293757b46bf788dc97d9a4aaa6c	8980	8980	459	8962095221890386855	3743b6411d9711c797e17c4c99eeebf6e6b70f78dd483e983610a9fd3b080100	3743b6411d9711c797e17c4c99eeebf6e6b70f78dd483e983610a9fd3b080100	Y	ok	OK
B	1015	37579876bc732bb08ca3bd34011272b7e0960cf311e444110a93967ff5e64470	8999	8999	460	4500316846427213167	d3141ed2ac02aab77fd34e481f36ae05334643abbed90a6af33daaac3dca0200	d3141ed2ac02aab77fd34e481f36ae05334643abbed90a6af33daaac3dca0200	Y	ok	OK
B	1016	8d21e1d839e090634bd60018e1086b71e1db74878a47d019a8fe9ee55add84c2	8980	8980	461	14064718791347077198	ace879e50f5848d682507c03ee94cfa7bb701bc66a6df51dcd6a561297b10300	ace879e50f5848d682507c03ee94cfa7bb701bc66a6df51dcd6a561297b10300	Y	ok	OK
B	1017	52a526a45b9178a835ebd26aa13cb292a00cc297609d15145a3a8fd21ccd1245	8924	8924	462	11163005870755874163	0d544686c2d4f87013f1a203e281662830fc48ac5d03e3c4660f842168c50400	0d544686c2d4f87013f1a203e281662830fc48ac5d03e3c4660f842168c50400	Y	ok	OK
B	1018	f9a40167bc47d6f2c98f65ba0c8901c7ea08d9d4855c3de49ca0fac227e68f1e	9019	9019	463	2586860567612426026	bc053c09f775c4e0d965db6a39f466f035d1308e8d9afe337e2c308237c50000	bc053c09f775c4e0d965db6a39f466f035d1308e8d9afe337e2c308237c50000	Y	ok	OK
B	1019	37630ed3e0b173bb502bf8f52599af4509d9d509d0f92d2d4008802922c5084a	9119	9119	464	5458025267022824480	63a11a019e5d563e04560dee4cd8cffef45a87636e2fd35cca9bde32e4b90100	63a11a019e5d563e04560dee4cd8cffef45a87636e2fd35cca9bde32e4b90100	Y	ok	OK
B	1020	d2b945d6cb36f0e14cebeb42d2b2791838e665445c0325825b33a4e3414c8704	9221	9221	465	18063554066587421650	7d7c199068afa4346c051b782c5000c76dda2f2fd5ce8c900b479d660cd20300	7d7c199068afa4346c051b782c5000c76dda2f2fd5ce8c900b479d660cd20300	Y	ok	OK
B	1021	676222ee67e146dc43e62bca0d87177e38242189d21a11b7ebe9f1293c096f28	9326	9326	466	4414792266468557022	3e812798c8959e3335640937374c667ac5bca75dbd8b59af756667f9f1920100	3e812798c8959e3335640937374c667ac5bca75dbd8b59af756667f9f1920100	Y	ok	OK
B	1022	d8e038a89be9017e731f540bd148555c2a8021e99739572118de6a560e06462b	9349	9349	467	9146965139889586899	541ba7de6b57deeaa9ddb98faa8e721d598f2cd42b790f10e1443af08fec0500	541ba7de6b57deeaa9ddb98faa8e721d598f2cd42b790f10e1443af08fec0500	Y	ok	OK
B	1023	ca8892d412a0ba3bbacfb3b510e1db25333edf03403993d947d3a51738cd463d	9457	9457	468	17402077468906588084	d23b06b29e318f1e6bf818f6704f76cc792d4f25deb289a06964719b444d0000	d23b06b29e318f1e6bf818f6704f76cc792d4f25deb289a06964719b444d0000	Y	ok	OK
B	1024	b79d40acd4ba838d930a39a36d4a60cb11e96991ddd38506df08b00d6d04155f	9567	9567	469	9757383492773184326	3f0b34d3807bf724fe76f08317b9a1eef0ebc72c62850858ae87ae0e683f0100	3f0b34d3807bf724fe76f08317b9a1eef0ebc72c62850858ae87ae0e683f0100	Y	ok	OK
B	1025	3d569bb20d886c66566f44232113df54a7f3f3c3fba86dfa5b7506ce3178ec12	9680	9680	470	10930637733336450771	11fbedadfd2ec86a5a6476b0435bb097fa80007d5a4c0290030c760bd8630300	11fbedadfd2ec86a5a6476b0435bb097fa80007d5a4c0290030c760bd8630300	Y	ok	OK
B	1026	f4c3361091b2e481a4b1b7eff71783a237b60c24eaba7fef8e1f303981a3c2a7	9796	9796	471	16675850902048904955	fef0674c258f762beaf3671bdce8d44519cf1b61b646bd13a0828b543a740000	fef0674c258f762beaf3671bdce8d44519cf1b61b646bd13a0828b543a740000	Y	ok	OK
B	1027	a87a2ea36a0050b0f63b185a0fca6895f2e348537ab195c0830ecdd786d92088	9915	9915	472	16701614143114937848	126a085d26449e43e6ea4c7504a6eb6afd62248677221beb76627c2310580600	126a085d26449e43e6ea4c7504a6eb6afd62248677221beb76627c2310580600	Y	ok	OK
B	1027	f61fa0c2ab3779ba71f9d3756a4437cc4168983e0be103427ac7c3b0814d2d04	9915	9915	472	16701614143114839619	3604759441f51ffdb91d05e3535f94b97bbbf2bf0916f3351b961c70e6090600	3604759441f51ffdb91d05e3535f94b97bbbf2bf0916f3351b961c70e6090600	Y	ok_off_best_chain	OK_OFF_BEST_CHAIN
B	1028	698142b57dcf60069008e969b6b59a9d0559315e1390122c91f6fb0a63941732	9706	9706	473	1088096811589110056	617137436fa3db50ae4a62cb86c958c55326ce471597cda89653d73e55390100	617137436fa3db50ae4a62cb86c958c55326ce471597cda89653d73e55390100	Y	ok	OK
B	1029	618a2ccc370bcfff5b43dcdddb274a5143869cf89ad63289d005e66ef17ee821	9776	9776	474	5269992217279207252	313c3d4094ed5c936794cd6a929d3b735050d64e34a3bf1420216ed119c80000	313c3d4094ed5c936794cd6a929d3b735050d64e34a3bf1420216ed119c80000	Y	ok	OK
B	1030	8ff315b92b113d6a7a4ce08e4bf0a0c184f8e392e1bb4e339ddd32e053e81529	9824	9824	475	15883553354333323776	cbc9d20df048775e8120161526f9ad90ba3aee91ff464b85cfadd75ff8e60400	cbc9d20df048775e8120161526f9ad90ba3aee91ff464b85cfadd75ff8e60400	Y	ok	OK
B	1031	c348aecf84600112d67061559a13d5f874f9bbbf9239c90f8b8177f6be4f79bc	9573	9573	476	12135490705426579789	8c41c2ffbe3542020146577c3eeea8f1b1aa93b611e1daf022fff52267650200	8c41c2ffbe3542020146577c3eeea8f1b1aa93b611e1daf022fff52267650200	Y	ok	OK
B	1032	a40d6954c2d55cb4184772f47701db8663a5b9cfc75d165a247ec580b0b07e2a	9686	9686	477	17491405659017578960	9ed6380b72b3c813d8bdcdd62ab094d1d555a6dbcee0e802f226063d64170200	9ed6380b72b3c813d8bdcdd62ab094d1d555a6dbcee0e802f226063d64170200	Y	ok	OK
B	1033	180d4aa0d4d3e4212b8dca8667ac2be00d113ca1effd0ef28b6b3188f5b08efd	9803	9803	478	14972914979278201123	95a42d915fb91558de77117d704c7b8f403f22d7acfdbf0b2eb412f6be980500	95a42d915fb91558de77117d704c7b8f403f22d7acfdbf0b2eb412f6be980500	Y	ok	OK
B	1034	045d45fc394d9fb605c3f58abf635b5ba7c01e31ada1b8365bb9088363a4f593	9922	9922	479	5496938418048926232	8be818227c7eb458421aacff223e5fa743a860cf5ec5e68cfa06b0988a420500	8be818227c7eb458421aacff223e5fa743a860cf5ec5e68cfa06b0988a420500	Y	ok	OK
B	1034	cb6b0a204820a8c35c51b82376434cc5a7a4affeb1ec4583ee5766a118900618	9922	9922	479	5496938418048893497	5958d493575750bca7bc48f3bc71cd0fd5deca077de1857bde6cfa9a7cae0100	5958d493575750bca7bc48f3bc71cd0fd5deca077de1857bde6cfa9a7cae0100	Y	ok_off_best_chain	OK_OFF_BEST_CHAIN
B	1034	a65095bcac2c7ba1e6200b65f1f5c1c0f65f82246fc7a737a17d45c4cc1f1f92	9922	9922	479	5496938418048959211	00f216c92dc57daca5c1af4c1d7f11604fe05e0b9c81edb324a4fbd6250e0000	00f216c92dc57daca5c1af4c1d7f11604fe05e0b9c81edb324a4fbd6250e0000	Y	ok_off_best_chain	OK_OFF_BEST_CHAIN
B	1035	aa4f3497dae89b58cdcfd1247b83cc8ab6fdc358d296bca50d1d9502995705ac	9481	9481	480	15316193839593588024	0cb9dc706d090793a31d5a467e173399b4ace40612e4ce126379d26c86a00600	0cb9dc706d090793a31d5a467e173399b4ace40612e4ce126379d26c86a00600	Y	ok	OK
B	1036	6681143cbfbf5c53e02f240755d8211fd9cdf4593b60d712740f00aaa5510d53	9592	9592	481	11024769522245665728	dc7de3d2c35a4075f2f97224987e491b243bc09fcab056a2ed8717de833d0000	dc7de3d2c35a4075f2f97224987e491b243bc09fcab056a2ed8717de833d0000	Y	ok	OK
B	1037	6b8ca9107bd9154a7eec2f1d936c542929fbe904dc07c120f84c5c2f3141b95d	9706	9706	482	3806974434678513592	5aa7a1d6b474cf4b375959fb96fd6ec02d85664830c9ea7c0cbd3f8de11f0000	5aa7a1d6b474cf4b375959fb96fd6ec02d85664830c9ea7c0cbd3f8de11f0000	Y	ok	OK
B	1038	cd10723d541b09e37c1674df1fa1f95f2c6217ad2ca30109bb708d6c466f5ae2	9822	9822	483	16544029211749352436	32dc973e3eb0315684570612ee469129f85ddefdac649820483e36df80710200	32dc973e3eb0315684570612ee469129f85ddefdac649820483e36df80710200	Y	ok	OK
B	1039	bbabcdaf877b68df51084b04e022d6b1f4725e3a51af12d7262f6ed0c40fb77d	9447	9447	484	4083920621778609919	9206be7fa8e18fbbaaff0cfe7c6eb047b9978a77953b1d7e6a28b234795b0300	9206be7fa8e18fbbaaff0cfe7c6eb047b9978a77953b1d7e6a28b234795b0300	Y	ok	OK
B	1040	2a95f633dcedda6722f063634738739df7173a6b19b7770caba02313b49100b9	9557	9557	485	7602830212639821810	b7eddf5c35b60d15b4c7314cca2fd8b2e543cbaa6b25b96a4b05aebd5d990300	b7eddf5c35b60d15b4c7314cca2fd8b2e543cbaa6b25b96a4b05aebd5d990300	Y	ok	OK
B	1041	7f9e900acd9e8c224b7e0e76f6f16ac863c3d7d9edfd28a9ebcff8fa1570d779	9052	9052	486	15063904428379703318	e8955dda72bbf8ca87da25cc3a81dbf99b5599de8c400f59f485941d580b0500	e8955dda72bbf8ca87da25cc3a81dbf99b5599de8c400f59f485941d580b0500	Y	ok	OK
B	1041	090f514df917d190e24df2a3fb610d034d144951e57244e10f26b07c41e6fc14	9052	9052	486	15063904428379637938	58015c902884da60fe37e50022d7abba9f09cafb90f7bf590d358d8fc38e0500	58015c902884da60fe37e50022d7abba9f09cafb90f7bf590d358d8fc38e0500	Y	ok_off_best_chain	OK_OFF_BEST_CHAIN
B	1042	e6ce83a4524d1163e78f88a564ab35356d9e154397fcbe1f916c5998abcc214b	8945	8945	487	3231799110252105067	34803970080d639330a4e713b8b6dba8bc484f29690a8e9c8accd42664970600	34803970080d639330a4e713b8b6dba8bc484f29690a8e9c8accd42664970600	Y	ok	OK
B	1043	0a1a0a240dcbcbe509e5467ce7b9799da8ab5b46cac262ed94baf706f8405a42	8980	8980	488	12962164162061964144	a6694a21a54fcb1b9d42936c03c2e6c1139053bbaf0d2f039e6638238ef10100	a6694a21a54fcb1b9d42936c03c2e6c1139053bbaf0d2f039e6638238ef10100	Y	ok	OK
B	1044	33966c00d63cdbcd8f7d47a5e228d954a37c1bdbfa9eea996afee008374dabdd	8914	8914	489	11626559135507547041	dce8a5196f6871225436aabe02d9f2f326476656da0635f056ba1f0230b40200	dce8a5196f6871225436aabe02d9f2f326476656da0635f056ba1f0230b40200	Y	ok	OK
B	1045	fb2ba18ebd5c0a9b0b65195c1486a6e9876297d8cf9e1a4ebeef840cebc1a071	8769	8769	490	9710022055176440241	326faa654b718b128c6bb6b4273492107e22f072161de7ff69f2d78c61e60600	326faa654b718b128c6bb6b4273492107e22f072161de7ff69f2d78c61e60600	Y	ok	OK
B	1046	e6b2502d07db30de350dd756e3f61a7f72b1de03634af536e64aa266bce0e901	8865	8865	491	4446710131245254897	e0c7d2db402f49788dba844f758dbd57b3d7d0195960837c2e3a07c967310000	e0c7d2db402f49788dba844f758dbd57b3d7d0195960837c2e3a07c967310000	Y	ok	OK
B	1047	ffc69b8981a2352ea6cf1dfd6ce23f8efe04a75fa4e7618e02621fa8892cc440	8905	8905	492	7063633352510671802	66ae3d066627b995425ee694c37dcb8ebbbc168b4b06e21b6d54580af5a10100	66ae3d066627b995425ee694c37dcb8ebbbc168b4b06e21b6d54580af5a10100	Y	ok	OK
B	1048	a677b221f05cd0fb54cefb32f39ceba4c0afc547201d7cdc84fb72b8f97dd7ba	8925	8925	493	7387100048380691857	68a8a67a2c636410bb7fa3e8b28f15ad1e98beea44336f747b9f3fcb74dc0600	68a8a67a2c636410bb7fa3e8b28f15ad1e98beea44336f747b9f3fcb74dc0600	Y	ok	OK
B	1048	0cead48e7fd459c51305d834b795578f9155efb7f257e7a928ea6eb2c72990be	8925	8925	493	7387100048380757425	a2f9a5d0dc6ad0b34b4292be0fd2ec9b3cd875a16adbd33779878e7d6a690200	a2f9a5d0dc6ad0b34b4292be0fd2ec9b3cd875a16adbd33779878e7d6a690200	Y	ok_off_best_chain	OK_OFF_BEST_CHAIN
B	1049	fa702da30a5326a3365ed8b14053e1e891ad3bbf0adb2210bdbe9c10ea3c7a01	8903	8903	494	480977706553508792	0a8fb3e6dac56ea5716dfc71ef19bf824b9038ceab4c60ae7a89554902590200	0a8fb3e6dac56ea5716dfc71ef19bf824b9038ceab4c60ae7a89554902590200	Y	ok	OK
B	1050	474c25f2a405cd44d5961ac4036bdad30cb05a30491446509e2367e4f0a7f1ce	8986	8986	495	11043502778021415577	671b72eff9c38ad8a8d48fb78ee53955344e84b99eb6beced0c176d718f00400	671b72eff9c38ad8a8d48fb78ee53955344e84b99eb6beced0c176d718f00400	Y	ok	OK
B	1051	98059530d6d644f3c9ef1b59a319e082b4a8857404c2ed4eacfe3c86e2a3f4e2	9093	9093	496	13349995697391341762	f74edf15b21fcd134df5e0c76c1477f83f7d27b4b2a0bc3049bbcec5274f0500	f74edf15b21fcd134df5e0c76c1477f83f7d27b4b2a0bc3049bbcec5274f0500	Y	ok	OK
B	1052	5584879563a58623473409a25441efe8176de6332346aadce6793fdaba305a62	9114	9114	497	2332393513490090089	7d044b33ef82661fe2a236ab546988d128fc0e4bf2643bfc402363331cce0600	7d044b33ef82661fe2a236ab546988d128fc0e4bf2643bfc402363331cce0600	Y	ok	OK
B	1053	b75491778df4c7bb583378af08c9f397518ba6dc1bb18ff43069e985d90fd601	9005	9005	498	4009027382957607107	4e284544dd4fc57190bf3df79a6f4f92bec410e04d43f3d16788132cdc8c0200	4e284544dd4fc57190bf3df79a6f4f92bec410e04d43f3d16788132cdc8c0200	Y	ok	OK
B	1054	ee9c13ec371b6e8546df36e40bb51feb5a5cb5e953b63522dd849e66b9bcd6d3	9049	9049	499	15493089330469012351	080c6f821a24176161cd09393afa6caa1a178a9e1f80eec44cdcf2a52c270600	080c6f821a24176161cd09393afa6caa1a178a9e1f80eec44cdcf2a52c270600	Y	ok	OK
B	1055	5c021fa4bbd883d85600cc677830e20f87fad12839ca49105e14a502d7e1e3c3	9071	9071	500	14146385103399455327	d70bbd3bdff05b74bf141ed2ef4f4dbba76536c705627cd315d93efdb7110100	d70bbd3bdff05b74bf141ed2ef4f4dbba76536c705627cd315d93efdb7110100	Y	ok	OK
B	1056	00fb386095eacd98b29c546f140d5f475a3351cdcd10d5de39b4274ddddcd266	9183	9183	501	9371988853168013939	1bc5ff91080ce31d3ba730760b69bd301613744b14200ff451f4a615fdc90100	1bc5ff91080ce31d3ba730760b69bd301613744b14200ff451f4a615fdc90100	Y	ok	OK
B	1057	e915c49662d66adca3b841a1c4b25aaa281bb51393335fdb23abc8dc05c278b1	9205	9205	502	2607929916230009055	a686ad4381afd16e8e23f17f6a5e29f3746ef1d85f503cfd5de9d0ad11b40000	a686ad4381afd16e8e23f17f6a5e29f3746ef1d85f503cfd5de9d0ad11b40000	Y	ok	OK
B	1058	472cb6673f5150ff55eeb673901eb860a84b090beab46ca1268eed0c39629de0	9322	9322	503	7261482438340149767	823518e88fae8443fe8d0f1de8817fee1f2b901139aa689242893bfc237a0400	823518e88fae8443fe8d0f1de8817fee1f2b901139aa689242893bfc237a0400	Y	ok	OK
B	1059	d2d798cd692ad739a6f76cdf4ce83ff4aa1619cfee57da19aefdbbbc5da3f738	9441	9441	504	3422710956315125234	e9dc11993123fa86bb7756f98d8bea45567629194cefbe3711528fadf8520400	e9dc11993123fa86bb7756f98d8bea45567629194cefbe3711528fadf8520400	Y	ok	OK
B	1059	2f13e048a6c307324b42010d632046411bf17fa7b000b33303dea44fda3dac1c	9441	9441	504	3422710956315125440	38a4325824fe472cca5f94c1da57c04e86864d0e97a0cad5b374cc5921300500	38a4325824fe472cca5f94c1da57c04e86864d0e97a0cad5b374cc5921300500	Y	ok_off_best_chain	OK_OFF_BEST_CHAIN
B	1060	20194e41c2b0fc59bb4fc4dc623c40d15fded21dd7b19629d21ae36778e8f4da	9565	9565	505	16476191942770721117	cdb81fe31ee54fcdcdc69230747ef4b4f41e48ed1b88cc1859daed04fe3d0000	cdb81fe31ee54fcdcdc69230747ef4b4f41e48ed1b88cc1859daed04fe3d0000	Y	ok	OK
B	1060	06eb77f0f09ab2fca8c20400b2c54fb2d105df4782cf05b7ea5cf4e18a8e9c3a	9565	9565	505	16476191942770721187	6aa70b5f8fe291b1ec1a3d3e0353a875124a5654d25c2723f3449d36c7f80200	6aa70b5f8fe291b1ec1a3d3e0353a875124a5654d25c2723f3449d36c7f80200	Y	ok_off_best_chain	OK_OFF_BEST_CHAIN
B	1060	8013ad001239a0534876e4bdc1a7887003a245ce920266e45e9b730e9fc97883	9565	9565	505	16476191942770786771	a9ec3a285e4aaa2abc9e5d4abb025b618ed2f9904014f5efed18dcb1df1d0600	a9ec3a285e4aaa2abc9e5d4abb025b618ed2f9904014f5efed18dcb1df1d0600	Y	ok_off_best_chain	OK_OFF_BEST_CHAIN
B	1060	d6b3833848b2573c9c8a941eb9e7998d69b247a07da4cb2deacfa3430058a4fc	9565	9565	505	16476191942770754053	afec6b35e6472fde341267c822c798a2b48464b4b5af0a862e603daea6430400	afec6b35e6472fde341267c822c798a2b48464b4b5af0a862e603daea6430400	Y	ok_off_best_chain	OK_OFF_BEST_CHAIN
B	1061	61a14f787381d202a4905f9fb698e418f7e721ad0b1a1924afa364548649b65c	9207	9207	506	3217453528641509488	0c8553f204fee60a33942b40bcd83f4d8deba000cd8b155fafccdc99b9230600	0c8553f204fee60a33942b40bcd83f4d8deba000cd8b155fafccdc99b9230600	Y	ok	OK
B	1062	877e6764354487c57027c6a6a7a23e5527d6d7c93bf387f4e7a55779e862c007	9325	9325	507	4939592293142333882	389fc82dfb3e4606cdaaa40469b229f42cb9dd44abd53d3f28289e749b630000	389fc82dfb3e4606cdaaa40469b229f42cb9dd44abd53d3f28289e749b630000	Y	ok	OK
B	1063	5ed3d38d7d876be13d305f02fc585ea680f5ce6af463af6637acc89030ef923b	9094	9094	508	15879979258643252145	9f22a2f532916bdfee4ff249b864be817f65ec12fdd9d9cadc30c62269930200	9f22a2f532916bdfee4ff249b864be817f65ec12fdd9d9cadc30c62269930200	Y	ok	OK
B	1064	447fa3c589e48426bfabdc854c77b6a92bb12a70733fc8bfa5a946b3483bfe29	9117	9117	509	13671063104270636744	9051316a2822e83b91847f449050f053235d8268fad615431dd203ca9e370000	9051316a2822e83b91847f449050f053235d8268fad615431dd203ca9e370000	Y	ok	OK
B	1065	a89597167944f9d5d9349adc65739046863f943f96d93e7c9230945d0b339d42	9233	9233	510	3704568283899433143	c0f001469bd9213dea4d155afb8406346b017f333350b3b28295d4b2c3080700	c0f001469bd9213dea4d155afb8406346b017f333350b3b28295d4b2c3080700	Y	ok	OK
B	1066	300c1a7dbd993d0d632b4c42ff983b545117ccb27c51773fa8e616701763c058	9004	9004	511	8573257307004109113	3ed40dd69281aea65768122b7374a2b060eb7a1fa650ff6fc3a1e31de0770400	3ed40dd69281aea65768122b7374a2b060eb7a1fa650ff6fc3a1e31de0770400	Y	ok	OK
B	1066	14d8201ac91ac9531ac9e8f518b7418c9cd4068d9b70f4f4dea53ac620e26cc8	9004	9004	511	8573257307004076395	8fa6a19f0e948af9c076d6ca52d71df880608fc15687af0b892c4325ffe80100	8fa6a19f0e948af9c076d6ca52d71df880608fc15687af0b892c4325ffe80100	Y	ok_off_best_chain	OK_OFF_BEST_CHAIN
B	1067	d5215866b4bdc3f2cbcbe77f5c976f96305e1977c6d17ab42a7cd833ea149dfd	8893	8893	512	10508695709476258554	96b0706edb18224acbcc92104e8dae1223ceeb5f9fc1c3f2fa1ecfc092e90500	96b0706edb18224acbcc92104e8dae1223ceeb5f9fc1c3f2fa1ecfc092e90500	Y	ok	OK
B	1068	b9ffd1546142c795cc10680fd315350254336a7a7b761eaa2c58618b9edc8176	9003	9003	513	7445621297071031595	98f5c1b2e2faa1db42f0991f69a75c5746d54edcce86e80c9ed3f6057af50200	98f5c1b2e2faa1db42f0991f69a75c5746d54edcce86e80c9ed3f6057af50200	Y	ok	OK
B	1069	c0242bcdcef9eafc64c5c8969a32bb3cdba2298efd0d58d21ffc5d4c0885caa9	9116	9116	514	6696353463326049555	b4b73676018760f923ffc19cf11c05955cd7cc8e6359e044882380a521d70000	b4b73676018760f923ffc19cf11c05955cd7cc8e6359e044882380a521d70000	Y	ok	OK
B	1069	18b69f969e488f7b61a65ba5b0cef532573cfb0c2043b39fb56cecf29e0d813f	9116	9116	514	6696353463325951455	7afb2eb5f36acf18fbb83341348d03d689fa246c08c9b60099a7b9a23efe0000	7afb2eb5f36acf18fbb83341348d03d689fa246c08c9b60099a7b9a23efe0000	Y	ok_off_best_chain	OK_OFF_BEST_CHAIN
B	1070	360869d8152a6ca23a08fb05bdd92afa8173558792812c9c42d09363c1857530	9234	9234	515	18108181087485233203	fee697e3bb77d839a719999310ce1c7b5ff430ea940aa6b81b5dda62fb840600	fee697e3bb77d839a719999310ce1c7b5ff430ea940aa6b81b5dda62fb840600	Y	ok	OK
B	1071	d71f188dac6c549546d2442d9407a49d6703532d102d761914d1e83be2955fc8	9356	9356	516	12204601135855637910	de9e4a67eb82696b2330eab137320cb72cd454cff74f855850a039ab38300100	de9e4a67eb82696b2330eab137320cb72cd454cff74f855850a039ab38300100	Y	ok	OK
B	1072	6a86f25debc96fe7290f2da62cc5d6ffd683cfe25442f3bdd95a9081d6434690	9482	9482	517	7614810916537860120	53fb02cb691909d9ea67543aed9c93ad2d2cb3097b205f5a4152c43fdd570000	53fb02cb691909d9ea67543aed9c93ad2d2cb3097b205f5a4152c43fdd570000	Y	ok	OK
B	1073	b604391381d521ea5e3cbf680b01acd86fcf2a405cadf33f41848bfc98aaf231	9237	9237	518	6316990108855698454	284d7a1b79c745f5394746781ed93560a13f9442079ea59f0e0ad92e92460300	284d7a1b79c745f5394746781ed93560a13f9442079ea59f0e0ad92e92460300	Y	ok	OK
B	1074	56086a41178031e401ac24bc971fe46a5b044151170546398f9c1d893868f502	9360	9360	519	9624471804198326169	d87541aab395c95c7a4ed463734c00617cacc375e7ce705e6275b78a60d10200	d87541aab395c95c7a4ed463734c00617cacc375e7ce705e6275b78a60d10200	Y	ok	OK
B	1075	17d2b1382933b5dd9b46404ca40a2cead186a839e48a45692d9a68aba7f84fee	9486	9486	520	9671530029988775041	a5c1287fd47a25a8fe503a9c1d3004efb8fb088ad365523de282673d564e0200	a5c1287fd47a25a8fe503a9c1d3004efb8fb088ad365523de282673d564e0200	Y	ok	OK
B	1076	2c3b0fa45bc0bb0fdba7221e4073c876d549262320f47b9483bf12b85c2a1e69	9437	9437	521	8427221211984988405	90cbca3b3d54fa9121fb8ef5eb4835c752ccbfe7cf44db83599ce16362d30400	90cbca3b3d54fa9121fb8ef5eb4835c752ccbfe7cf44db83599ce16362d30400	Y	ok	OK
B	1077	c966fc68d60785a58800374ad5bd7fa489076f9d3d633d219ce469646f3d06fa	9566	9566	522	5740922749786818852	3ea471e7f7a69f9bff9c4a1241c9258f5675ca24bd0a71f05b446c3670170200	3ea471e7f7a69f9bff9c4a1241c9258f5675ca24bd0a71f05b446c3670170200	Y	ok	OK
B	1078	f47fe8a0dc11a0ea53f5460ff217c31b7f0a6c2286392165771e5b66605223ca	9593	9593	523	12352962908420866792	ef8d185ce57e4caaedea8dcc26b4bc57e634169e9f8e32a5f909ff78ef8c0400	ef8d185ce57e4caaedea8dcc26b4bc57e634169e9f8e32a5f909ff78ef8c0400	Y	ok	OK
B	1079	c94c7f61b6aa3b9f03a6c892abeb96f153e96e4f9b231c66350196b432718673	9619	9619	524	13730248780106730076	39d85401cbedcbe48e5cdfa771fdbaf4d5e7d19d02b0a320f7c483e56d390500	39d85401cbedcbe48e5cdfa771fdbaf4d5e7d19d02b0a320f7c483e56d390500	Y	ok	OK
B	1079	a9e89b4ec3e4ab38f9a98fe53470b216d90b711a8139d22f9bd1a3ab605fd4d3	9619	9619	524	13730248780106697533	d5585958916f4d81cda402636a3a9a3a48cf5c5bc0a253d4dac4b4a6fac20100	d5585958916f4d81cda402636a3a9a3a48cf5c5bc0a253d4dac4b4a6fac20100	Y	ok_off_best_chain	OK_OFF_BEST_CHAIN
B	1080	be15359c41ee2359b27e411370fb527d49689ad3318d80be767e79d1c1df46d9	9752	9752	525	5857852774858883641	6d4d806ca2909aad1f14a0648203628533f1c71e6d5178676654f9f6c4bc0200	6d4d806ca2909aad1f14a0648203628533f1c71e6d5178676654f9f6c4bc0200	Y	ok	OK
B	1080	88ddc943ffc8348597281acb9f4f7e6f02b53493d00fcdad319554db6a2348ec	9752	9752	525	5857852774858883882	bfc1585b486be62b049d7e2d71098cca3bb6363e24a3379777847f2ebad00500	bfc1585b486be62b049d7e2d71098cca3bb6363e24a3379777847f2ebad00500	Y	ok_off_best_chain	OK_OFF_BEST_CHAIN
B	1081	cd71475ae3cb7ef2c89563f63a804a8fb882750d7f6b36e2effecdc7df2860dc	9806	9806	526	4902123247560033540	8c5e7425285aaf9560958d681a711c3ebd183ecdf15094df78455d97f27c0600	8c5e7425285aaf9560958d681a711c3ebd183ecdf15094df78455d97f27c0600	Y	ok	OK
B	1082	08bdcc5d45b5ff404f1991d5620d6ee12425a2218069454bb54efac61b976bc6	9943	9943	527	12833233719191998511	70ae5a6e1fdc475720e7cf468677884cd67e85c3246a1f8b651082f363480300	70ae5a6e1fdc475720e7cf468677884cd67e85c3246a1f8b651082f363480300	Y	ok	OK
B	1083	7b01c8519522f8a830931f0a838022a892ee6ab64a10a946390064e68d4f5ee7	10085	10085	528	17219484536409263991	205f10ae4f3c946fad5a1bbcc761d1edaae5b1b4f78edaa7cf6071481d150400	205f10ae4f3c946fad5a1bbcc761d1edaae5b1b4f78edaa7cf6071481d150400	Y	ok	OK
B	1084	7695dbe04b946a433b6b1dde5ea9c3f75391c7c9bb4e3bb7b8497f6a2d970c42	9972	9972	529	17361932276446789930	95e52b4c566544b410c4fdd33f0619c38c79029df8e0720d3e30a56eeef80200	95e52b4c566544b410c4fdd33f0619c38c79029df8e0720d3e30a56eeef80200	Y	ok	OK
B	1085	3c10408261de126da0a04d3e14778f992b6692cd61377e2db490b6f605f6fbdb	9862	9862	530	784763243070496005	bde28c964ad3ec111e14c4ef99ab250c032d9e9c39908ded82dffcf287dd0000	bde28c964ad3ec111e14c4ef99ab250c032d9e9c39908ded82dffcf287dd0000	Y	ok	OK
B	1086	872b74bb99f96578f55087ea445ee06b7d5fef85e674dddc6604da69092e495c	10002	10002	531	16275171835341998177	4f8c9dbe3e69c53daa87ecf254fa411774a5986cfdfab943bfbe93fdf0710300	4f8c9dbe3e69c53daa87ecf254fa411774a5986cfdfab943bfbe93fdf0710300	Y	ok	OK
B	1087	c2a8592c324e95f38d21959e0b875a6a4d99cad9af48a1a8dc652b707979109e	9651	9651	532	15960153327258337452	bc74e2c600b8a95de670a2f6f512208c61440bbca0d3637b9b00f71bffba0100	bc74e2c600b8a95de670a2f6f512208c61440bbca0d3637b9b00f71bffba0100	Y	ok	OK
B	1088	4d8974077a38a412b0f1cf8c3043073a482ef6577ef1c2f496efe5caabdc665c	9704	9704	533	13725215885889667711	9422819bd7dea020e71bdde3e1d8389428dc91ebec2804b9f13e0f650c880200	9422819bd7dea020e71bdde3e1d8389428dc91ebec2804b9f13e0f650c880200	Y	ok	OK
B	1089	c8dc843e63a076d9e7eba21c1e5871de1c40190524774e0843518ed8bdf3daab	9839	9839	534	5532532100521034090	ea6b4f334f7a200b6c4e4f2b461ba6381940785ced8e3111cdf2ce0a3b910500	ea6b4f334f7a200b6c4e4f2b461ba6381940785ced8e3111cdf2ce0a3b910500	Y	ok	OK
B	1090	cec29164cd551e660334bf33d510a17bb664ded45798f3588dbe866666f6f087	9975	9975	535	15292803142756894763	26cad4d010f8f036782628f7d843b95452476a62a48417bf86b382228d890600	26cad4d010f8f036782628f7d843b95452476a62a48417bf86b382228d890600	Y	ok	OK
B	1091	8b52f4a1f8a1cd38c48119b4dec218a0944b0819e72ba2eb671cc0ce54cb33fa	10115	10115	536	1229407811222374930	12ec792d765ab5364b643a0c4b86ba6d224b95c5526aecdb92a1094549230500	12ec792d765ab5364b643a0c4b86ba6d224b95c5526aecdb92a1094549230500	Y	ok	OK
B	1092	0ad3c83cba8274fbd5eb4c6e7a8171a3dfbcba837d2cc2a804af27e5124edb09	10258	10258	537	11657332696442503279	8f5fffaf92482a201ac9927929895ca4411f52e78571cc231ddb2ec18b870500	8f5fffaf92482a201ac9927929895ca4411f52e78571cc231ddb2ec18b870500	Y	ok	OK
B	1092	afe1cbe0c4d6920bae261c630ef3ace606045f6462e95b700b8ba32c54bf2f0c	10258	10258	537	11657332696442470524	83c8e210b9efdc2ed5bdfe6c4662f2f91adce1000c4c8aa87501e1082d6d0100	83c8e210b9efdc2ed5bdfe6c4662f2f91adce1000c4c8aa87501e1082d6d0100	Y	ok_off_best_chain	OK_OFF_BEST_CHAIN
B	1093	5e6e6ce09d7adb2cc375105096746f237594c4c65a670fb2ec3f75808ba49884	10405	10405	538	16076342749644784879	1c39097cb5264ffc82e428d469a938c2b6a5d8d1d75b2824248199665e520400	1c39097cb5264ffc82e428d469a938c2b6a5d8d1d75b2824248199665e520400	Y	ok	OK
B	1094	a206b34117d02a9dfb9fdd01dbb069af8540cdb5eee3f88a8eed69795008f14a	10557	10557	539	11166808274022467516	2a957ec4d0c8a6b3dc06ddadbab3ebc95d4c7d16e4f10572de0d9fbf3fa40400	2a957ec4d0c8a6b3dc06ddadbab3ebc95d4c7d16e4f10572de0d9fbf3fa40400	Y	ok	OK
B	1094	7e9404b0cc6e1e195d5a48ebf48c01ff3aa6989a62e29e486e5d8d39871cee15	10557	10557	539	11166808274022500433	9fe1f9d8e97e71484bb80015c0049fa18c6c17df8d778a76faf78da4e55e0200	9fe1f9d8e97e71484bb80015c0049fa18c6c17df8d778a76faf78da4e55e0200	Y	ok_off_best_chain	OK_OFF_BEST_CHAIN
B	1095	5b184215e883dd69d4af7b20feb6762ee4304c1c104f54113cd7ba71ef5ed30f	10712	10712	540	13969155996644315289	943c8d0bac3f750a1fe5d62b8fcb87ecb53195a3e6c744724e13eb0b933a0500	943c8d0bac3f750a1fe5d62b8fcb87ecb53195a3e6c744724e13eb0b933a0500	Y	ok	OK
B	1096	1153c9206c7807b75c57ae63a119155211d037e9b4a10d75d58f0c2ba7a4d353	10873	10873	541	3800828048715067267	8c84ffe7b859e45a36e570c684bfdb962cb554ca3d0a6f83ccfd81f5d3f30000	8c84ffe7b859e45a36e570c684bfdb962cb554ca3d0a6f83ccfd81f5d3f30000	Y	ok	OK
B	1097	59dc4dc0e52415c499ceab029e25f64e56f5a32775e15a955d6f16bf05af728a	10743	10743	542	5719845738947611485	66f6cd9883b0d20c6c4a1c9c2b9788ead54fc146d9cbc47674cb1da3c6cc0100	66f6cd9883b0d20c6c4a1c9c2b9788ead54fc146d9cbc47674cb1da3c6cc0100	Y	ok	OK
B	1097	ac243d35a77f1e7b80e3953610b14260f387772298485197c11ad2f2cb92a1b1	10743	10743	542	5719845738947611530	c7f6f999f53a2b9d69d17aebd76867f85f36f084a42726d2f4c74e582a880000	c7f6f999f53a2b9d69d17aebd76867f85f36f084a42726d2f4c74e582a880000	Y	ok_off_best_chain	OK_OFF_BEST_CHAIN
B	1098	33699152f39cf976a2973e4a55cd6112778947bbfedfdf12e869ff4fd161f8aa	9838	9838	543	17360169789372236145	5d9b034bb59f10e02f75d1b903cef758a54388c6cfd8f9a576b89726073c0500	5d9b034bb59f10e02f75d1b903cef758a54388c6cfd8f9a576b89726073c0500	Y	ok	OK
B	1099	b439894c96dda2aa921c29b5feb6715eb7322027695b3052c1383703f9b839c7	9811	9811	544	16858966656620203323	1bd4eb204d622d135a371e0f92b88e48cb569005e1bc082d29cd66d559050400	1bd4eb204d622d135a371e0f92b88e48cb569005e1bc082d29cd66d559050400	Y	ok	OK
B	1100	a77314ae8f33d4650523f00d53b7ecba9c0c766b4d0963bed3e77e4acdb9d9e1	9946	9946	545	17368052372915454211	c99276d2d71bc1480a33eedb4e6088721271c7bd995c739dd24cfa40a7420200	c99276d2d71bc1480a33eedb4e6088721271c7bd995c739dd24cfa40a7420200	Y	ok	OK
B	1101	51f5d5ffc19d7102fc36a16457cda5b5582b5d69e0805127b862e5e8fa528ae4	9975	9975	546	18144737297898213201	353e367fb58e33badfa0d59319afad6d1d1c0f1c0ac45ccd0b158f9be3a00000	353e367fb58e33badfa0d59319afad6d1d1c0f1c0ac45ccd0b158f9be3a00000	Y	ok	OK
B	1102	0768ee3fc8db51590136b21018880c337502f8394c7ec661ffd533f2577b72a7	10115	10115	547	14167977785192121873	fb79eadab775d94abbd10d914443abcae5bca88bd85b6ef80e8687b79d1b0000	fb79eadab775d94abbd10d914443abcae5bca88bd85b6ef80e8687b79d1b0000	Y	ok	OK
B	1103	91537e4c998ebc3bccd6e582ddffb76fc553bf0a85548680b0873f810ad08332	10060	10060	548	7337950298071206645	9d32674c15f062d252d656f4ac28d1d1acfecd9eb302c3411f3dbf3732730600	9d32674c15f062d252d656f4ac28d1d1acfecd9eb302c3411f3dbf3732730600	Y	ok	OK
B	1104	b626cf8036144d405b1c98f9d9800c132e43371e3177ffd76c0f9d18d67b4d71	10174	10174	549	15489846187779000984	73d52ea3362e927bcf54c55f0e542297e9d68ca9f23e0e960aa6d9e004080300	73d52ea3362e927bcf54c55f0e542297e9d68ca9f23e0e960aa6d9e004080300	Y	ok	OK
B	1105	f2024f34aa11b399b8ff7b2f781ee028f6200a900f65634e2b0dfa0a8d4baebb	10175	10175	550	15737292254567503106	3a6a8c5adb893c0e5fba25e203f16746531999aa3c0efeac2b358968bd5a0500	3a6a8c5adb893c0e5fba25e203f16746531999aa3c0efeac2b358968bd5a0500	Y	ok	OK
B	1106	008d09f62a55468d8a48cf2b2ed4a58b4ba516c332f9cb3e2b706febbd343b78	10176	10176	551	12017234841130010085	1ec5c4cedb7a4def49310ae67f36604bd9ba026b064e8482d61fb3ce8eb60100	1ec5c4cedb7a4def49310ae67f36604bd9ba026b064e8482d61fb3ce8eb60100	Y	ok	OK
B	1107	e8842ba3a8880d22570515c09d05ec2421c00e2ed9c9495835a3eae7f6715633	9926	9926	552	14499535056986540324	999a2436937adf47ab9a5f001b4cb4089e923be735c92571b9e01152235c0200	999a2436937adf47ab9a5f001b4cb4089e923be735c92571b9e01152235c0200	Y	ok	OK
B	1108	c8944fff2e11d207f457ef6ced111a9e379e29f1a7104551486e3d0802ba04e5	10037	10037	553	8798761395194692688	543007994bfd381a72add325d0ca8ace3852f03a76242738a6d5152f42a00400	543007994bfd381a72add325d0ca8ace3852f03a76242738a6d5152f42a00400	Y	ok	OK
B	1109	9e9f33dbcd8f2a3657e819e85edb5426fafbd8a775e18e9c3e01e08707697d2d	10066	10066	554	2792980158431135836	bba3d3b2c9ac48fbfa678449d2c50a019bc30fa5a026a0acb8c430c7d5f00400	bba3d3b2c9ac48fbfa678449d2c50a019bc30fa5a026a0acb8c430c7d5f00400	Y	ok	OK
B	1110	e410a2643bbbd6249ff0148225a2ca12607adedf0817515ff67d20e2c3af9f58	10208	10208	555	9169310884068171590	339ccb9d10f4419ea3f9f81ba82473090f4b94274e97754b5fb511b814600400	339ccb9d10f4419ea3f9f81ba82473090f4b94274e97754b5fb511b814600400	Y	ok	OK
B	1111	ab7f83aa9292270aa284be04785528bc450d6478232877c7eeb4c1a9f8a14256	10266	10266	556	18021099659191222429	cedcc709e0981f65f206bb7198a3157d944759473571899886816b568f350300	cedcc709e0981f65f206bb7198a3157d944759473571899886816b568f350300	Y	ok	OK
B	1112	cea8bc29dea24b522e3bd2548877f9f2885b00d2572b32f692ec9c711c3372e3	9798	9798	557	8659449548218892621	1fe51d73c5e81a2b2058b8f6c406985ffd7d629ccee5d1852fc19c6116500500	1fe51d73c5e81a2b2058b8f6c406985ffd7d629ccee5d1852fc19c6116500500	Y	ok	OK
B	1113	6c83854f69ccdf1f15b2a3fb801c85e855570f24bb5c551fe453cc71a617224d	9932	9932	558	8940343677847373216	bc80a547105fb792cf69a56d991d780bda7e753923d8870a2406daf213320300	bc80a547105fb792cf69a56d991d780bda7e753923d8870a2406daf213320300	Y	ok	OK
B	1114	38122a4bf22574e4ee4b83fba3da3b8cadf917d6669bbccc92b0e1709224ec73	10071	10071	559	8816340580373201726	a381701b84844849551f2d1ad21be35a1bca2e2d4de692a66b48b96c71380400	a381701b84844849551f2d1ad21be35a1bca2e2d4de692a66b48b96c71380400	Y	ok	OK
B	1115	5e533a17fd9dca56b5694e585a0c29c441001f4228861dd3231d27332cc31624	10212	10212	560	11770961493686780947	e4b5ba8785b1d5acc12373cba66a8f535ac1cb9d10c1c58ceb9755de12790100	e4b5ba8785b1d5acc12373cba66a8f535ac1cb9d10c1c58ceb9755de12790100	Y	ok	OK
B	1116	5804375dc92140c46abab24eaf7090e2bea239819c7e46fe6a9a0d2ae67fa9b4	10358	10358	561	2975153296530046983	0228d3fd76bf9bdf44a296738a6d4e1de91c796ddae0ae4ddf2fa4c34e7e0400	0228d3fd76bf9bdf44a296738a6d4e1de91c796ddae0ae4ddf2fa4c34e7e0400	Y	ok	OK
B	1117	37be498cf0b16b5cec56d1cc6ce9a36bdba7c0ceef724d26707a66ba75921bc7	10506	10506	562	5897192454792151158	dee2eeb9c5d07ea0990c4de99dc5f9e2e1399020357fe24c0f444c0710a70500	dee2eeb9c5d07ea0990c4de99dc5f9e2e1399020357fe24c0f444c0710a70500	Y	ok	OK
B	1118	595816d82f3d3b1b530d1ace11a3eb80ed93d5cf6926f14650d53e91a2e309a2	10657	10657	563	2240979330777779104	b80ea8a061b67e2b055640bcab1901948018168e778840a8380c347fabdb0000	b80ea8a061b67e2b055640bcab1901948018168e778840a8380c347fabdb0000	Y	ok	OK
B	1119	253fa1f5d85b3126361fffcb1bd8995e8f1abf8ed8ac23b1f3c8a48866506a03	10812	10812	564	13963750342215632865	3bd2ca7f8acd59ef2e1e1d9a13c298ddf1e796edda808806e7331058d6390200	3bd2ca7f8acd59ef2e1e1d9a13c298ddf1e796edda808806e7331058d6390200	Y	ok	OK
B	1120	d00a6bd3ba18a41ad18c7d50809d0f45a91429bd39791a7fe0a6b69c467b2d85	10972	10972	565	6657536536747184627	813368d292604f7a33466a8c446c8579a839d98c905b73d9ac5064e06e230200	813368d292604f7a33466a8c446c8579a839d98c905b73d9ac5064e06e230200	Y	ok	OK
B	1120	2683b37b421334adc969bee72745b1a73de8a492986574f13181f562fe245abc	10972	10972	565	6657536536747283070	0d0b584c3b86958fa2ddf8284752a18a60d85c23a2240e923ddd52a9ee7b0100	0d0b584c3b86958fa2ddf8284752a18a60d85c23a2240e923ddd52a9ee7b0100	Y	ok_off_best_chain	OK_OFF_BEST_CHAIN
B	1121	6404583a5b713c798939f0c653c63f4d801515dd8feb2c09ce9e6f3beee4c2bc	11134	11134	566	16155386799479361326	db9a7db5eff3b0631f3eaa0f7edb9070fff7bb509db70affcc26ee41c53c0200	db9a7db5eff3b0631f3eaa0f7edb9070fff7bb509db70affcc26ee41c53c0200	Y	ok	OK
B	1121	5d9c5cd1ac5d7ff699dc725a078184491f1cc18442a1b71706775f5db05973bc	11134	11134	566	16155386799479394275	5f01c2a5975f7655b607be81105b4ca045caa02bd560cae45cb65a18fa350100	5f01c2a5975f7655b607be81105b4ca045caa02bd560cae45cb65a18fa350100	Y	ok_off_best_chain	OK_OFF_BEST_CHAIN
B	1122	27f43530a59616c8f51d052ac63a7eeb78e89123ce63aebe86730f040f44f3d9	11132	11132	567	16822138222590034434	497385dd24985cafba45a0f0de526e96e47edaa29b4cb0655caf612d1fc00400	497385dd24985cafba45a0f0de526e96e47edaa29b4cb0655caf612d1fc00400	Y	ok	OK
B	1123	3157168a1a5bce2aa8458642c15e6bee9a89dd8cdce1de16823e3460b35cd687	10998	10998	568	5401325784545658148	785d7b887d545ecfcc378de249b9d071df8b78ff8c9ac6465b0a9f0529310400	785d7b887d545ecfcc378de249b9d071df8b78ff8c9ac6465b0a9f0529310400	Y	ok	OK
B	1123	9280444bfaf9a9157ced45403134efc2626b3d5fc9d749eb8ee4de6bb6c8c1d6	10998	10998	568	5401325784545625463	307639b5c355d2a4db99c9146bd36655192454186bb6e04dd808dc198deb0400	307639b5c355d2a4db99c9146bd36655192454186bb6e04dd808dc198deb0400	Y	ok_off_best_chain	OK_OFF_BEST_CHAIN
B	1124	1d8f85491d758837a15a48f9b0c0de6633dd2af06f484a289b17ac0629d71f9a	11160	11160	569	1505064713564816678	170ee5776ad5655189c3ea5b1e2e9326c50c3d256575861fdd48851007840400	170ee5776ad5655189c3ea5b1e2e9326c50c3d256575861fdd48851007840400	Y	ok	OK
B	1125	3f1660bac0318b5b04ce16c819ebf3792d8b70e2d6a2498cb7c42a4647f2c2c2	11327	11327	570	261897609537423461	a80ca5d3a728f2dc01af4c4e67251ace7b3b9f2476f9055f40b044d769e30100	a80ca5d3a728f2dc01af4c4e67251ace7b3b9f2476f9055f40b044d769e30100	Y	ok	OK
B	1126	8911278409be75b672c79fd51a7c61f9612de5b1bfcc21b5362e8e85fd18ab45	11499	11499	571	16361422930493571127	57e497d6fb76b9dd25319a74b02aabd0c11e1a1a61e9bee9008e6355e0b40400	57e497d6fb76b9dd25319a74b02aabd0c11e1a1a61e9bee9008e6355e0b40400	Y	ok	OK
B	1127	c3f82a591c2d41b35fb1490f73293f722de8c582a27693946bb9234cc606e76f	11603	11603	572	5908557969049523581	35be24a674278dc91b50d519a2af11fd86ecb1cb18bf76259437f15fd6520100	35be24a674278dc91b50d519a2af11fd86ecb1cb18bf76259437f15fd6520100	Y	ok	OK
B	1128	1de0f0892e1db16ca4cb44ad1ade17b66c7f80e2b2c463c47d1ed0e755224f14	11783	11783	573	14996676224418350168	b4772c455a150581c4c1096bda19abfd19f7c0e70e7f1ddb7601734c85a50100	b4772c455a150581c4c1096bda19abfd19f7c0e70e7f1ddb7601734c85a50100	Y	ok	OK
B	1129	2906d130f3cce77931824cac9cd62dbeeb38e0a1592e0426dd358c0d68b4543b	11564	11564	574	13561356003009626474	4427a926ff926d4479033980a91ac9f4b08882e70de81b1ad519a2a8d2130300	4427a926ff926d4479033980a91ac9f4b08882e70de81b1ad519a2a8d2130300	Y	ok	OK
B	1130	32ac6e7d1baf1d266104df8dec9c46ba756b5266a8cdbe59f7ed343bfcf2831f	11741	11741	575	1050898026823945000	b414d20577c8a4f019647efb897e9621c8f05c86b8eb9ed29b4d55651f2b0000	b414d20577c8a4f019647efb897e9621c8f05c86b8eb9ed29b4d55651f2b0000	Y	ok	OK
B	1131	d196e865b33cb34cfbfb326fc682d17946d70b912c15c438b3b42ce951bb3254	11922	11922	576	16273037189351244587	7d2a660f8dd251abd799940f20f6a7027a561c36711ac2620b709ec84db70400	7d2a660f8dd251abd799940f20f6a7027a561c36711ac2620b709ec84db70400	Y	ok	OK
B	1132	b3d414ecf4b497d65ec11e7e35a8b0074abd567938a2f5772382173d03d0694b	11995	11995	577	124263832053948316	b072aa26aac19aa7cc1df543af5b76083c7d7db49160b1b2c5aaa3a445790100	b072aa26aac19aa7cc1df543af5b76083c7d7db49160b1b2c5aaa3a445790100	Y	ok	OK
B	1133	5098462d6675eea0c06ec7fd367d4268aff9a32690b7f658a3880e2465b3e38b	12183	12183	578	14807188546561023058	abdd9c6f74cc12f111e2c0a32f5e0fdaa2a4b6d642390a459bfff1b734d60000	abdd9c6f74cc12f111e2c0a32f5e0fdaa2a4b6d642390a459bfff1b734d60000	Y	ok	OK
B	1133	97ff3a6997646c5ef67f42eb1b047d6026df7b8b6555385b89ed90499712f5b1	12183	12183	578	14807188546561055992	eb04296d18f622de6cc472e0807aae59f4a908e586d3b62e57ab4ccc03520400	eb04296d18f622de6cc472e0807aae59f4a908e586d3b62e57ab4ccc03520400	Y	ok_off_best_chain	OK_OFF_BEST_CHAIN
B	1134	ec77236346fb86c966bf8056424e862c8929c30523e07a7bb3c80c489b7478ed	11527	11527	579	17700364450852311190	2dcb5ff296135c1573048d571e97ead4ba9b7c412849a658d9be46c048e70200	2dcb5ff296135c1573048d571e97ead4ba9b7c412849a658d9be46c048e70200	Y	ok	OK
B	1135	4a34c6dfa6843677e6e3a111a981b42d25b2126053361a3810936b7f30d33c3e	11033	11033	580	13927381280707642581	1072c863dfed3f6767066c19c0d207bc621e8d071dd585cb3cf9447971f20100	1072c863dfed3f6767066c19c0d207bc621e8d071dd585cb3cf9447971f20100	Y	ok	OK
B	1136	43f1b9690194586e1eafa0e6991fd3bca8a4452e40c29cbece927ad67e0a730a	10879	10879	581	15583121328281059382	5d8750f58da016be08fe31f4d476cc81b6ff9d055fe9349934ead48744f30500	5d8750f58da016be08fe31f4d476cc81b6ff9d055fe9349934ead48744f30500	Y	ok	OK
B	1137	3a85ece065c871cb068b1fd8b379e86796189fd75015b0ff845587fee84221bb	11034	11034	582	14516448290305739536	b189040631dee8145410adb488fe77011531949015b2ee650de0cf93dace0300	b189040631dee8145410adb488fe77011531949015b2ee650de0cf93dace0300	Y	ok	OK
B	1138	6e465a750e2e9998b62810433934d074977bd8928bd7a996bc0e5add6dae8b09	11192	11192	583	2775251555635432359	9a26a0525a4b671f78fa39326e801f1e01fc8d31570b6c2aa57bfc4ddff60300	9a26a0525a4b671f78fa39326e801f1e01fc8d31570b6c2aa57bfc4ddff60300	Y	ok	OK
B	1138	c291c02f0fed6619ea92a6bb08e23b9648b6ffa53ca567bc0e7566ac43aa7882	11192	11192	583	2775251555635432445	956476bc07a547b07ecadbb8b786af3dfeb6612db6b9b3c0f9354fc5cbeb0300	956476bc07a547b07ecadbb8b786af3dfeb6612db6b9b3c0f9354fc5cbeb0300	Y	ok_off_best_chain	OK_OFF_BEST_CHAIN
B	1139	9bd5f594943058545c555290cbe8867a87cc84f721b9c7958bdd8fbda90709f0	11288	11288	584	7834536834901286742	b51dd137f7f1203e6dca83ba2ab8a11dde8c3768e1d102f8df14c2441ffa0400	b51dd137f7f1203e6dca83ba2ab8a11dde8c3768e1d102f8df14c2441ffa0400	Y	ok	OK
B	1140	1acb5c9e48827102a9787a357f2afc0f5decdb1dd101de34a0b5a04075b75b10	11254	11254	585	10577806998898738368	15385123e376a912e990bf81a481b3a79bf5e62b4360ff2a84bbf45e760c0000	15385123e376a912e990bf81a481b3a79bf5e62b4360ff2a84bbf45e760c0000	Y	ok	OK
B	1141	06de088e8b57b68aa30d122717b8b624ee670af9af03f56194b0bb7b714c9563	10701	10701	586	3359732712687600718	f6f9a8688a2fb6445d6679c3ec76d5aa66c6b237edfaf3ce1bca7059e1710400	f6f9a8688a2fb6445d6679c3ec76d5aa66c6b237edfaf3ce1bca7059e1710400	Y	ok	OK
B	1141	fbfd27f4d80efdb5fb517faf44cdb3fd43b77f3a0e61dbeb697bdbe26c05b281	10701	10701	586	3359732712687535266	9cec4c503b15464a597069ce64e58b4c112361e556591b12ca4dc965aa640300	9cec4c503b15464a597069ce64e58b4c112361e556591b12ca4dc965aa640300	Y	ok_off_best_chain	OK_OFF_BEST_CHAIN
B	1142	564d5bc2b97ae3a21cb12c7b958e73f99eccc22ed6b9ca218bb5b4349b0bbcba	10848	10848	587	9522072074395387487	392eeaa522da680c24c4572a2255272571d17ebb0c352608e1746be791500300	392eeaa522da680c24c4572a2255272571d17ebb0c352608e1746be791500300	Y	ok	OK
B	1143	468ddea35b94663bd39c164d064db1db4fff2d01e9586264d31c0ad0726e2105	10998	10998	588	6688615242223682283	3a4464759dcaef383a75d047ed0340625f337604c6c41fa3add83bea161c0400	3a4464759dcaef383a75d047ed0340625f337604c6c41fa3add83bea161c0400	Y	ok	OK
B	1144	61e3c3ae229173242d0753d697b1e971957886146a4fd926b52a746ff447feec	11120	11120	589	9046786393510085709	3c910591947f67c8cc13574d195cd2be4321a7f044d2ed0102f52b0b4d2c0200	3c910591947f67c8cc13574d195cd2be4321a7f044d2ed0102f52b0b4d2c0200	Y	ok	OK
B	1145	bca7a3b1d95d9ea37b0fd2dcf93640f8723cef9f3389ee6a6a0906f73efee001	11277	11277	590	5162955846942006153	cbeb854073e30c16703e0eb52d8cdcbc1ebd0b6c075aac86bad683cdd3230200	cbeb854073e30c16703e0eb52d8cdcbc1ebd0b6c075aac86bad683cdd3230200	Y	ok	OK
B	1146	2d1652fbc995ce2249a1d7d545262a0b79464b2638b43a4851d320ba95df07d3	11439	11439	591	11542978483516869946	4ec55b7e9c37b6133d077d22f88d0550b8d1de3ab1ecc4871b14c91d37ea0300	4ec55b7e9c37b6133d077d22f88d0550b8d1de3ab1ecc4871b14c91d37ea0300	Y	ok	OK
B	1147	cac264bdc63bc5cf458642836ba5cdca525f14c22ac2717a200aae71e242366a	11027	11027	592	7783724897888374553	edbd107dd0b35346247739f16f4435e239e4b079112326f1c151ea4c2f740200	edbd107dd0b35346247739f16f4435e239e4b079112326f1c151ea4c2f740200	Y	ok	OK
B	1147	8ecfdf598b94a14d729356e405a75389deb58681fb1d753ebb856d3e1e3756fe	11027	11027	592	7783724897888473006	506ad380d3d66734dfe90c5ff4dd029aefd4b6860509e2a879dee91320110000	506ad380d3d66734dfe90c5ff4dd029aefd4b6860509e2a879dee91320110000	Y	ok_off_best_chain	OK_OFF_BEST_CHAIN
B	1148	a563477efb90cede8ac828b054466b58efb352881dc1f04030fb8da3f9cdc667	10966	10966	593	220259709783901057	51222b4fb510ae1ca02459597d6aebbe136d9313696126883f0e2d80a3910000	51222b4fb510ae1ca02459597d6aebbe136d9313696126883f0e2d80a3910000	Y	ok	OK
B	1149	771714867e2c487b339448d4d1ee1a0b157d74d49d505ad0ef8280abf9e98fc9	10847	10847	594	12441998941971580434	c419c3e6a273c0d8f653879052f1a03146ef58d8fa46065f530ad0d8e98c0300	c419c3e6a273c0d8f653879052f1a03146ef58d8fa46065f530ad0d8e98c0300	Y	ok	OK
B	1150	b0986afb47603c1835095686879d35a121ccca0a1a13d71186028f9cf8ac7933	10996	10996	595	7800597217349239519	47d46110f1dd933c40ec4e8ac7d58c8ed8c636a9e3a399e7fd4235a5818a0400	47d46110f1dd933c40ec4e8ac7d58c8ed8c636a9e3a399e7fd4235a5818a0400	Y	ok	OK
B	1151	e3fb96046459261eb20094784225fb533c120a868c7f6c1a24d93f313181d359	11148	11148	596	843407576933632488	2005afe43db9648bbe2f57abc4b7a890e898e37a199fe0dcb45f283e0e090400	2005afe43db9648bbe2f57abc4b7a890e898e37a199fe0dcb45f283e0e090400	Y	ok	OK
B	1152	3a9534ab72ad9f89641c9a3361024474e4226e6d44850f6b54e33b9b7a519c00	11304	11304	597	4721257531865862004	200e2a9f4b06f3d8bf379e2b6cb16a2a6526d23989c46e5e2ed468b6b9a00400	200e2a9f4b06f3d8bf379e2b6cb16a2a6526d23989c46e5e2ed468b6b9a00400	Y	ok	OK
B	1153	a75a9a9e0f6408b0fae7f470ee578d7856a8b5cb360b7e9fc4127572456ab432	11368	11368	598	356313222770363917	f44e330f481c50a91b0f5b3607ac7c1af1a72ffb659485d96e1296b7fecc0100	f44e330f481c50a91b0f5b3607ac7c1af1a72ffb659485d96e1296b7fecc0100	Y	ok	OK
B	1154	217f70540e9ac5d841d55fc58c8148b7b90c210891fabe70659961666c2306ef	11241	11241	599	4274704907312924867	a8b9ec91ec64ff082466f5c09cd3c8012f736658e05f5125ea228cd269420000	a8b9ec91ec64ff082466f5c09cd3c8012f736658e05f5125ea228cd269420000	Y	ok	OK
B	1155	88517a57ce9b9f489992324a847fdbd6188a793029194811701d102772698690	11148	11148	600	12694834204874114046	90b4c3a1d60aa0b5cb57cb22431b2b3342d395dcaf93976b1702b48b46810100	90b4c3a1d60aa0b5cb57cb22431b2b3342d395dcaf93976b1702b48b46810100	Y	ok	OK
B	1156	080a41b688d22fafd13cf4ce11a5aed01d84f0da1d9597c78ce450c497a23ce1	11210	11210	601	4628492882586665657	17919b5ced1d586cfc29d098a2aaf4440c504a38cf9ce8c90c8515be1a340100	17919b5ced1d586cfc29d098a2aaf4440c504a38cf9ce8c90c8515be1a340100	Y	ok	OK
B	1157	fd8901574186666a87a7de29258978568aa21f0bb6875ab783582f556f6e5e70	11367	11367	602	5332941383978288679	3e05b63009118b5e63fa82377d62ce9e21711fe636635897b502da4ac6500400	3e05b63009118b5e63fa82377d62ce9e21711fe636635897b502da4ac6500400	Y	ok	OK
B	1157	ce8e4a56b41f50353e0b0efe0e2c528140854fe99354cdb0d020964d3abf4850	11367	11367	602	5332941383978288766	bb99bd165613d7d51ddae26a98d0ceba72770b0760d817a0fac40fb3b43e0300	bb99bd165613d7d51ddae26a98d0ceba72770b0760d817a0fac40fb3b43e0300	Y	ok_off_best_chain	OK_OFF_BEST_CHAIN
B	1158	9356134d95446457117e606e85b255b20c2e856a9d5543cb75cc73c793ce7b62	11528	11528	603	778427260070822381	fe96b23bf3b591527a551d95988322b949998c07f36ae6ef6e098ea784020300	fe96b23bf3b591527a551d95988322b949998c07f36ae6ef6e098ea784020300	Y	ok	OK
B	1159	251931f041299758dace89085dc12cf9f42128ff8a242dc8f1d2962383ef9d4e	11694	11694	604	10109512034417738773	55a04b43948db1023cab389e5896da93f51f16fdd5a57913d459c9ce27160200	55a04b43948db1023cab389e5896da93f51f16fdd5a57913d459c9ce27160200	Y	ok	OK
B	1160	d7df3b8595ffc907bc603992cfe117ebaca5dc327636f8d578462d9b26f769e3	11863	11863	605	7170884952249117381	23ad6f5144102cee5e00635632d2e094ec119189e7ce4ee8efb5cf3557500400	23ad6f5144102cee5e00635632d2e094ec119189e7ce4ee8efb5cf3557500400	Y	ok	OK
B	1161	2e8f1733d8cc1ede452cecb8d4584f3c7703a5a1117d16345203f1f55b19938d	12037	12037	606	18364326730790863041	3157a7f6948d82a21195828f41af67fd23233bf01be636259bb34a4151cb0300	3157a7f6948d82a21195828f41af67fd23233bf01be636259bb34a4151cb0300	Y	ok	OK
B	1162	fab291358c5a73602cce88b09b2a46d950c83edcf97b307bb32865baf8ee02bb	11215	11215	607	7753190137135169783	eba67fa971272a795d13e999487d919c9426b12b8da495ac6fb78b4f8a780500	eba67fa971272a795d13e999487d919c9426b12b8da495ac6fb78b4f8a780500	Y	ok	OK
B	1163	093c90ece3516b82127fe792c7384b6807186c91216541f8908a809738dd76c1	11370	11370	608	4309199400279777299	b77abaa405b4b1fb0884a8f5001ea98faefdd38a61bcd81710fc8fe8a15f0000	b77abaa405b4b1fb0884a8f5001ea98faefdd38a61bcd81710fc8fe8a15f0000	Y	ok	OK
B	1164	18b538645171e895c6dcd7498f44b453a7a85c117f883484baff76030df9f7b2	11529	11529	609	11387141273128271967	fb4ea2e57a41cabb6219ab0ccad1860cc81b7305b2e3d6548ff1774e161d0000	fb4ea2e57a41cabb6219ab0ccad1860cc81b7305b2e3d6548ff1774e161d0000	Y	ok	OK
B	1165	0da3e7d81d5063610ba40fcf6265eb715af0e46643dcef71cc7be80972690ffd	11156	11156	610	8875942283921391888	5b0a590e9a1cb790690ae4b8b53a365d4b7d11a747d5e36cda0d7f3ab4dc0200	5b0a590e9a1cb790690ae4b8b53a365d4b7d11a747d5e36cda0d7f3ab4dc0200	Y	ok	OK
B	1166	f827459eb695837853d1c6b766a63bb7a2bad2c50f42f58b9ee6f2ebd21d40d2	11308	11308	611	5395331530618929819	983ea23aabf59983eefa0bfdecb0cfee9448e2e26719bf5875af1fd543db0000	983ea23aabf59983eefa0bfdecb0cfee9448e2e26719bf5875af1fd543db0000	Y	ok	OK
B	1167	9d034c93166e4aab3fbe917b77fd1aab0a123fc4543934fdf8c31629331d7507	11465	11465	612	13076086185313501269	67a679b98caa4bb36214e703ba3d1fc10a410f10d96a17e46a080df9234a0300	67a679b98caa4bb36214e703ba3d1fc10a410f10d96a17e46a080df9234a0300	Y	ok	OK
B	1168	877b0a1b96a352544ffa89be4229867f4156652d933b732430a7c7d30e90a7de	11626	11626	613	13816290852084941386	f7d0483021c8e4a6bc2ad15e0994b23029819ff1947bab9bc5e4e8a818cf0100	f7d0483021c8e4a6bc2ad15e0994b23029819ff1947bab9bc5e4e8a818cf0100	Y	ok	OK
B	1169	31ff17ac49b2c41634b37c9a748172faeb1b8824293065494c4bcf52b39672fb	11791	11791	614	14409600378838552843	64b50fdb40b30c2779c7a2084caba88dce6d4311db230c4cddc5312ee6000500	64b50fdb40b30c2779c7a2084caba88dce6d4311db230c4cddc5312ee6000500	Y	ok	OK
B	1170	700508b27453c93d5cac57ec9102203680cbcfda09f35c98dcd70877662ea6f1	11961	11961	615	16830787582349547157	e33686a3ccd392a6725a06586c36ac0b4780a88bf45613734024a69e7aca0300	e33686a3ccd392a6725a06586c36ac0b4780a88bf45613734024a69e7aca0300	Y	ok	OK
B	1171	39c1ac08850d9f02ea73ee0ba8661a5db7db6164d56ef51b41497f6450f4e4d3	12135	12135	616	12550757847597583560	4b84b57cfc3b1ccb87efe70b2ec03a8bdc5994adcb430c2fb42ddcdc1eac0400	4b84b57cfc3b1ccb87efe70b2ec03a8bdc5994adcb430c2fb42ddcdc1eac0400	Y	ok	OK
B	1172	8f5e84c0f8804e97a64278ef8d654eb2b9822827201969e02c019e071d8549d4	11894	11894	617	11034944179510738961	470806c8fcff1876d4c859c8c0c2c2e87df1ca17d8b5aa07f81105da812e0200	470806c8fcff1876d4c859c8c0c2c2e87df1ca17d8b5aa07f81105da812e0200	Y	ok	OK
B	1173	a923688a68c8970fa47cc37e3a2bd8c5e74645eb7bb00cc9361af501f718a7e8	11860	11860	618	12525034635626910915	3683234286120e6a0ade9fdc4e42784596de0b6884135db2715f9b4f654f0200	3683234286120e6a0ade9fdc4e42784596de0b6884135db2715f9b4f654f0200	Y	ok	OK
B	1174	458810f75069aea10284b6329b3325656dcd93310953f7379bdd3aec13160dc2	12030	12030	619	836537007944602263	115951705ce6afb32c43c70854b59942dac3aa9b40122354dd89136e1a750400	115951705ce6afb32c43c70854b59942dac3aa9b40122354dd89136e1a750400	Y	ok	OK
B	1175	2440959e21d934dac11a09782b035e78aaabcdac0ceebd255c29dcb05712b180	11859	11859	620	15025800449192168438	128fe3081b8eecc6c8e9fc5ffe39ad932eb067bd56d1b31f992b0f50c0d40400	128fe3081b8eecc6c8e9fc5ffe39ad932eb067bd56d1b31f992b0f50c0d40400	Y	ok	OK
B	1176	ee488a789aff6a4c2399d95e4e5438c37acefb241e328d75a1ca49a07347fff5	11630	11630	621	17267993769656032927	70e492dc9b8a09270cd46b6ce245cf3b683aa01a5209fe9c67de413c6c990100	70e492dc9b8a09270cd46b6ce245cf3b683aa01a5209fe9c67de413c6c990100	Y	ok	OK
B	1177	ce372704de9b8cf79ad987a2e8fd9314a8547d10c74f170a50adf88e959fdc22	11598	11598	622	3886521605572034619	88c495c955fd685e6696a0f4918a779118bb826ebd05ff8b0800b37962020100	88c495c955fd685e6696a0f4918a779118bb826ebd05ff8b0800b37962020100	Y	ok	OK
B	1178	ffb1db276cc3ed9dd8070afaf510a8fd941a28d9d5b188f0418eb6e333a64e4b	11082	11082	623	10092398307730100266	2b11c5279d5928a6f6ebb8e0dd2f8dd539ba3a12aa49a16fd1472ecb517a0000	2b11c5279d5928a6f6ebb8e0dd2f8dd539ba3a12aa49a16fd1472ecb517a0000	Y	ok	OK
B	1179	e519526d4c145b0bd11907e25996150f8a48aa41ade8f6fa6e6f36f83f58021a	11230	11230	624	5145305940832127898	001038fe54a09d49f93e8bdd16a2d21b73bb35a05f50cca67656d69e5e160200	001038fe54a09d49f93e8bdd16a2d21b73bb35a05f50cca67656d69e5e160200	Y	ok	OK
B	1179	02702a3627a032b8731132c64f0af48c58be67e40d9ba7a591e27aa3efbc9f96	11230	11230	624	5145305940832062584	44b06fd137226d5b286274d5b9859e2b60c834d2a5418baf7bd7e04e256b0300	44b06fd137226d5b286274d5b9859e2b60c834d2a5418baf7bd7e04e256b0300	Y	ok_off_best_chain	OK_OFF_BEST_CHAIN
B	1180	7030603ffd0060179f4005a4f92f6a191b62a96d51ac185f8202d18ed130b8d3	11171	11171	625	3403599726237450751	afeba8da159a981e15f0f855afa0f9afb19817cc395332351b644af3c71e0000	afeba8da159a981e15f0f855afa0f9afb19817cc395332351b644af3c71e0000	Y	ok	OK
B	1180	da494a4e080201024374f330a8117d6525466cb45f2bad423f3a529aa601d40a	11171	11171	625	3403599726237483739	d2e5d8c4da39058dd84ee8768fec4b0d354607c49bbb114e85550884c3a20500	d2e5d8c4da39058dd84ee8768fec4b0d354607c49bbb114e85550884c3a20500	Y	ok_off_best_chain	OK_OFF_BEST_CHAIN
B	1181	9e84d9dce7fbaaa2efd750843047c00b13fb765d5191a9784e40497e6b2e5fc7	11172	11172	626	8218262935546429606	fd45a3eafc921879d5a3e06b8abbc9235915257d34790e939e1fb37dd9520000	fd45a3eafc921879d5a3e06b8abbc9235915257d34790e939e1fb37dd9520000	Y	ok	OK
B	1182	744ac9a9bc5977a0d04764254a9e4667d09cba1e13621b4eaf74d562af26c264	11321	11321	627	7218243877289892427	44f8cce91ecfc22650d4b1325b69f69f61d05c7136c3c923d6990c83e5020200	44f8cce91ecfc22650d4b1325b69f69f61d05c7136c3c923d6990c83e5020200	Y	ok	OK
B	1183	99004f1c863eec4102d36d43ec5dc22b64bcd4748bc1eb619e2c564b036c2e88	11474	11474	628	17744974695607897190	1ef2155ee83f745202a2b062530d73c8a7f97baa490c5d779b96a818568f0200	1ef2155ee83f745202a2b062530d73c8a7f97baa490c5d779b96a818568f0200	Y	ok	OK
B	1184	c1d56d12196a08328324b55211210dfe6c16f248bbe712d086bbae85d18ec7ec	11203	11203	629	16001192693254357051	0dc51732b5c707876ce889bcc562f89a2c40e7000d0a2538eeab317c69a20200	0dc51732b5c707876ce889bcc562f89a2c40e7000d0a2538eeab317c69a20200	Y	ok	OK
B	1185	e967af2e97971f38f8735d576eb158f23a7afcaa96ad5342ca83ef21d1234d32	11175	11175	630	7940710599711786461	0b34226f31df843231c73bf860673373b1fcaf78cd34cefcd751e304f8440500	0b34226f31df843231c73bf860673373b1fcaf78cd34cefcd751e304f8440500	Y	ok	OK
B	1186	42457de78934447bd0ebec36f8d9b3c04b575ad2ebd70c6d9eb40447222016a7	11323	11323	631	5973682953295824053	038736330f64e4e61eeaf9f32f5cace1784fac6ed0cfaba2d10ffae3e0700000	038736330f64e4e61eeaf9f32f5cace1784fac6ed0cfaba2d10ffae3e0700000	Y	ok	OK
B	1187	3ab37cca019f18ca76a339cea6adc4a90b2777d5ad2ca71227eeed97b02d4136	11476	11476	632	16591120268269781840	44eacbb9ed68a015f33d40fbeb1d261b316fca34e7e5ffdb213406a3a2a30200	44eacbb9ed68a015f33d40fbeb1d261b316fca34e7e5ffdb213406a3a2a30200	Y	ok	OK
B	1188	aa6fd7ea43bf36d13ae9f7bada7c8780355de0f43a087037bb04f42b65069094	11631	11631	633	14355447696003731271	6992fb27ead93f6d1243b5d6d55f5b697d76e2637a6c25da29f29749194d0200	6992fb27ead93f6d1243b5d6d55f5b697d76e2637a6c25da29f29749194d0200	Y	ok	OK
B	1189	51d031ce796344665b54f15942d5bf0bdaaa115786815e644d7839082a518e6e	11790	11790	634	902118525739467351	dce71b3965af730a5b93ad6a4ec076f7fe73dae9fbcb0d6c23281baeb6e40400	dce71b3965af730a5b93ad6a4ec076f7fe73dae9fbcb0d6c23281baeb6e40400	Y	ok	OK
B	1189	6031fc726eba17f98d44fae3b77edcbb804cab046dd1a7681398a7bcd790e532	11790	11790	634	902118525739565764	bb89288f428d860430d581a10aa685a96eac5e9b7870c5cf8f753a46d8420500	bb89288f428d860430d581a10aa685a96eac5e9b7870c5cf8f753a46d8420500	Y	ok_off_best_chain	OK_OFF_BEST_CHAIN
B	1190	fc2c052178cf8a2fb546569d190d33609a60ffb528b9308043e0b24d0dcbe0ed	11790	11790	635	3854542129489511761	23663876c8d9e547655a6b352e13e76e9a97a4119c3a0757fbf3cd67c6d60100	23663876c8d9e547655a6b352e13e76e9a97a4119c3a0757fbf3cd67c6d60100	Y	ok	OK
B	1190	b25b66066d8ff8037003277980b048c5482994d4264b5389d80d06b48873d9b6	11790	11790	635	3854542129489577493	3a5f9587b3507f95b542a8d1aa91297881fef850f51ae7640956459698090100	3a5f9587b3507f95b542a8d1aa91297881fef850f51ae7640956459698090100	Y	ok_off_best_chain	OK_OFF_BEST_CHAIN
B	1191	517f614d42fec6c46d2b6722187bdea281e513008bbb2195f5d484de9f5aae91	11953	11953	636	17235164396855034795	63ff40e6715aff8001867ed682407d66922b794d2890ecb7c5a6748f687a0200	63ff40e6715aff8001867ed682407d66922b794d2890ecb7c5a6748f687a0200	Y	ok	OK
B	1192	11de29dd904d04f297898071cf3871aab76b37006bdd0da48ef46c96effb7408	12120	12120	637	10478455029428716076	e0a0b5fbad19d11e53b1609187ca878b657d574aef710f38d36aaa8afedd0300	e0a0b5fbad19d11e53b1609187ca878b657d574aef710f38d36aaa8afedd0300	Y	ok	OK
B	1193	71cc3ad5d49b70fe44fc932af6659a8287d6f4ebfd712832ef50ee8da2197ed5	12292	12292	638	3025011377140990279	050b950d556f874eca042d231dd7a634c9c6384420f49132c724b8a8de760300	050b950d556f874eca042d231dd7a634c9c6384420f49132c724b8a8de760300	Y	ok	OK
B	1194	3a9bf043db897f81e965885c356c80c7b81f1c78a5cd8ea937f9c7699f5855f0	12469	12469	639	11069459369925085055	2568abe49ddfa1f2fafcdc1f605a91cf8dade9d7f15d07686e30bc2fee750000	2568abe49ddfa1f2fafcdc1f605a91cf8dade9d7f15d07686e30bc2fee750000	Y	ok	OK
B	1194	765832fecbfed6b1620ccdd65521a463c911fbad6310eaf28280e19b78399a2d	12469	12469	639	11069459369925052292	79a09d9f2c70bd3f2a2201c1c3f21e2a2e1eb4f16af5aafe32772bca8fd50000	79a09d9f2c70bd3f2a2201c1c3f21e2a2e1eb4f16af5aafe32772bca8fd50000	Y	ok_off_best_chain	OK_OFF_BEST_CHAIN
B	1195	1b35f999b4c5bf2e604263f491691cc9ec08d9d944633951ddcc4e2ca28d78ff	12650	12650	640	7996660876683845890	19db4233388dcdc2da7487647b0d2ec7b06251ed310c6f5b63412a33b7660000	19db4233388dcdc2da7487647b0d2ec7b06251ed310c6f5b63412a33b7660000	Y	ok	OK
B	1196	0da3292f5f3510e7d66a8fed2101c778cacb8b8a78b9c98c17771da7554e9c7b	12836	12836	641	8200535823104409624	2f34b157406dbcf6d545c785fce5b371b0269437f6f19f310954056bbe550000	2f34b157406dbcf6d545c785fce5b371b0269437f6f19f310954056bbe550000	Y	ok	OK
B	1197	3353fc4107bd5cf807ff96a9c1df228fcb182af17b3b8c27b99185f20262ca59	12293	12293	642	12829713675665311150	dc6df67823e4a681c8819ed7e460edbc45f11673853a96500c345aabaf430300	dc6df67823e4a681c8819ed7e460edbc45f11673853a96500c345aabaf430300	Y	ok	OK
B	1198	07a97ef9a1bb4b6847e1d167574e0f9a9df6d528fd6121629437c208cc8a9fd1	12469	12469	643	3106426253217891820	6cda2ee8e3414275fd131f70771e41916a2da8dccb6d60f398b290b342690100	6cda2ee8e3414275fd131f70771e41916a2da8dccb6d60f398b290b342690100	Y	ok	OK
B	1199	26ff7c6f3b3010cae9a4119956f44d241495a2c22d75025f9d09402051dbc513	12648	12648	644	14817607875228110725	dc2d9dc997d799fc86203f9b26d119f87d1297c5bdf6a04b827abc895d390400	dc2d9dc997d799fc86203f9b26d119f87d1297c5bdf6a04b827abc895d390400	Y	ok	OK
B	1200	bd6f710765ca7debc4eb8e62c6e400a8bdfb8d3f08aa92580ba86ded0750fc66	12833	12833	645	7707079656008089958	eab242ba258273434fc2b0e2cf23b7c03a69636e8ab6815ca87da5f3b4230000	eab242ba258273434fc2b0e2cf23b7c03a69636e8ab6815ca87da5f3b4230000	Y	ok	OK
B	1201	d35f3e190214014522f63d2c31fe2f170bd4e015d4c6ea0177778dc7d6af6aa4	12722	12722	646	15754599366452643036	8051e445319322a18afe0b4c5d94c1ebf9f81f38002e273f5a4dacf50e050100	8051e445319322a18afe0b4c5d94c1ebf9f81f38002e273f5a4dacf50e050100	Y	ok	OK
B	1202	601d24af71ae130f7da7c7a2422795da40fbbb12858c854307ed8bd15b2b048a	12908	12908	647	6250076936450609075	35da1876cb573fc4b55254a06fe175176a79e3e6ea700c9e52877c060cc30200	35da1876cb573fc4b55254a06fe175176a79e3e6ea700c9e52877c060cc30200	Y	ok	OK
B	1203	e50ebe70c901ed34a1f410fb065b2e048c92a5ae12b61a102bd023f2ef1a9f98	13100	13100	648	2820127959514350899	d77b0f3538b4e58c4b1f5d16e291676071e30fd01703ddf6124f9479e71c0300	d77b0f3538b4e58c4b1f5d16e291676071e30fd01703ddf6124f9479e71c0300	Y	ok	OK
B	1204	4172b353798457dd9ab4d3d143d03e893ba3e54d9c6e8a7315c039a55503b279	13060	13060	649	3692271869840399171	ffde1495267c0611d713d3c2a02585ac08c6dcc14d17671ac0e7545b11ce0100	ffde1495267c0611d713d3c2a02585ac08c6dcc14d17671ac0e7545b11ce0100	Y	ok	OK
B	1205	4aa3e64ab459fd4cc1cbf39fc1d7628b193ebd6e4602f667126872e5e2a3f84a	13216	13216	651	7267634613919449321	c081785c37f75ce200eb2afbc8db91afc809491a7ad67e4e91f93375900c0000	c081785c37f75ce200eb2afbc8db91afc809491a7ad67e4e91f93375900c0000	Y	ok	OK
B	1206	596f94c960e55ed868071da48fd3b9807f231ebd3b8d9bf21e2641166aba1d34	11500	11500	652	3427163969817707672	b2ca25ce038bb9db4eeff12dfbffc067daee2d29119ec165129343a76a6e0100	b2ca25ce038bb9db4eeff12dfbffc067daee2d29119ec165129343a76a6e0100	Y	ok	OK
B	1207	fbac282cb088c16bd5a3076bd07228860d7cc1425dce27d77a8fa30ec0be0203	11651	11651	653	14629389965797135296	bcecd2d0f6c0b29f86e914b71dd58441396134180eda81c47708c20f4c020200	bcecd2d0f6c0b29f86e914b71dd58441396134180eda81c47708c20f4c020200	Y	ok	OK
B	1208	e7ea672df818595e9eed74b25efefbe2f829a171e12e06e95a038a19f125a9c7	11805	11805	654	6062015879225347966	ae5d06667c676ab57acaa869063f2f22fc4a975d76f44efc9b0146b6a9590400	ae5d06667c676ab57acaa869063f2f22fc4a975d76f44efc9b0146b6a9590400	Y	ok	OK
B	1209	89e9de682b0bc8c31f86c3b5be1123d1d03023bcebdf5abef92d29b494f8b768	11679	11679	655	5921012253221454999	a692142a57ebfe02ea4619875e24b98c5c64e3d01ac788010dd0b068c2500000	a692142a57ebfe02ea4619875e24b98c5c64e3d01ac788010dd0b068c2500000	Y	ok	OK
B	1210	df8e72e59d8dc14dba9367538dc1142de2fa8a1f14e72752eff9d96edc802000	11557	11557	656	1007399538647894765	4d2593100bb93492d4417c12390d8927a27ca0a01358a322c48b7a8d88700400	4d2593100bb93492d4417c12390d8927a27ca0a01358a322c48b7a8d88700400	Y	ok	OK
B	1211	fbbab2f3bf36d21e28a623e63295e5062fb1ac23cb353d26cdd43da6fa3733d0	11711	11711	657	16164384236273471772	b867abd5833af9616b4fdde7795c3b36c18446ebb392d2f7c15682b0910e0100	b867abd5833af9616b4fdde7795c3b36c18446ebb392d2f7c15682b0910e0100	Y	ok	OK
B	1212	7623cd6b41894e11d54a769d66c3dbea542c5760808ed235722560ce7dd0a265	11680	11680	658	5343334925661737331	7f2efb459168e4d1c3f903660773602e570303b19fd42721f02caeab0ab10000	7f2efb459168e4d1c3f903660773602e570303b19fd42721f02caeab0ab10000	Y	ok	OK
B	1213	47dfc674fdbc6012760ea29dd094b52f8fd297542d8b50e687a1f83a89b88bca	11529	11529	659	3896503212647156177	48080a2aeb7f038fef47792edf7e2cf2eed80604de4e3135f6d4a2c32eac0100	48080a2aeb7f038fef47792edf7e2cf2eed80604de4e3135f6d4a2c32eac0100	Y	ok	OK
B	1213	1e91f8e6d4b2e2ccec2f391a77cc99adf2b087117c751d126b2fbe3e54e1a1f0	11529	11529	659	3896503212647156329	669a607be12f271c0d9997d2cf0c00ece242ec8730b0fbca060e384441de0400	669a607be12f271c0d9997d2cf0c00ece242ec8730b0fbca060e384441de0400	Y	ok_off_best_chain	OK_OFF_BEST_CHAIN
B	1214	04c2a8377b56975e50550036cd35d8c8cb096f99c0c08657ad06b00b863ac087	11352	11352	660	846534764096717967	e472bb271e75b59de022e1cb2f7a532404ab62c61d4bf3cc52d5293ce65b0000	e472bb271e75b59de022e1cb2f7a532404ab62c61d4bf3cc52d5293ce65b0000	Y	ok	OK
B	1215	1e01bc0abe64cf2560b9489524596a56d68026d4f78d5c424d9d4f0cca590666	11382	11382	661	18367022896510939311	65af6f6aee4ef9365cb0c56b334e8df76e81edabf2322b9ff03086ef97a00000	65af6f6aee4ef9365cb0c56b334e8df76e81edabf2322b9ff03086ef97a00000	Y	ok	OK
B	1216	a0fb7c7099d2c06302b922cdf6062351e79b186103a3c9a3c45c90ab14eb63c5	11530	11530	662	5152086860968824913	232dfabcc138c72e6893535992df8bfb2e68fd0ea19f02db68f88a203e280500	232dfabcc138c72e6893535992df8bfb2e68fd0ea19f02db68f88a203e280500	Y	ok	OK
B	1217	6f1512620344b886065ddd09fc0e22567f203885b9e0e59b06c94c5d14dd6d22	10621	10621	663	14996977615158382617	8167177f8d337e7d87458f1170d5cd75b4eaa3943ce9641cca2d2c8c1e710500	8167177f8d337e7d87458f1170d5cd75b4eaa3943ce9641cca2d2c8c1e710500	Y	ok	OK
B	1218	4fec3aa3b6436570e82bd4128f3f24534e94285e4333cb2788c0952a2a9f81c7	10521	10521	664	1521321950759131502	9838fc7f65e3cbd3061b0e10f91eedb4838362c2c8fbc00fb06a63100da70400	9838fc7f65e3cbd3061b0e10f91eedb4838362c2c8fbc00fb06a63100da70400	Y	ok	OK
B	1219	a6937bd7b913d3c88553b3ed4d8b63d33bb302a4ecaa93441c7d12c6dfd7c95d	10399	10399	665	16384358974977246099	d99d120ca72883af00625824629d933660cecb2e89f565e36f0521814a270300	d99d120ca72883af00625824629d933660cecb2e89f565e36f0521814a270300	Y	ok	OK
B	1220	4c39247a61da38d99123b4a8d56127bb001a33359e85f6a8cd93b0bd91413f08	10116	10116	666	3446673390608418164	f497d32c1561ea581b0eb8a5ef949d64e3d124239a658378ad0c22304b2b0000	f497d32c1561ea581b0eb8a5ef949d64e3d124239a658378ad0c22304b2b0000	Y	ok	OK
B	1221	d6b8a576ff1e0455074881d43ce3703f3e7fdedc1b4cc85589e4916f33570286	10234	10234	667	16997306999173580665	d6d5afbc7c70950a4c0aef85968194a9241cad45db55a04c65268f5a35260000	d6d5afbc7c70950a4c0aef85968194a9241cad45db55a04c65268f5a35260000	Y	ok	OK
B	1222	eb022af1ded1cf0cd94d2dc5ae798d0840b373c39724545e57c1964525a7d23f	10354	10354	668	14487706257491790383	ca6ebf519e68b37ef59ceec2f63342e0a3404f77430bb125a784b29398120100	ca6ebf519e68b37ef59ceec2f63342e0a3404f77430bb125a784b29398120100	Y	ok	OK
B	1223	5a7abad14463aae864ea93d214ecf75910b430d7d3a7314feaf7901f6966ba5f	10429	10429	669	12183314612216696129	842091a3cabd03b555cca306589f2c530302a532165b9fcb5689b63e61840500	842091a3cabd03b555cca306589f2c530302a532165b9fcb5689b63e61840500	Y	ok	OK
B	1224	aeff7c03d387880e07cddf207b36db96e348c35988d9a7d589d478577a8c7517	10430	10430	670	10550972425485485112	3344ca5fc3cb2ef05873f328368e4abc721abdb9ca3ecd53ad902002740f0400	3344ca5fc3cb2ef05873f328368e4abc721abdb9ca3ecd53ad902002740f0400	Y	ok	OK
B	1225	326cfbfcad2aca52dc19adb2ad06b58dca900b126e05e62c6df6e66ebbbc3362	10383	10383	671	608704106881681171	07d4dde829e1924f721fff974bc0455d5b26e8010440d1bc53c2fbb5718b0400	07d4dde829e1924f721fff974bc0455d5b26e8010440d1bc53c2fbb5718b0400	Y	ok	OK
B	1226	43fba0f41bad7e8c41a79c8597d7fdd88fa514a941ca72b74590389e0ea8b9b0	10508	10508	672	1082169949994093452	d5b3a9f46b60ddf4c4463bb97e8cebd491b29c6b8cc1a026d671791ee35a0500	d5b3a9f46b60ddf4c4463bb97e8cebd491b29c6b8cc1a026d671791ee35a0500	Y	ok	OK
B	1227	7c242b78e8106390d0e9116cc0e00296599d06f96fee2265e47a57e5596b7fe1	10585	10585	673	4422803759160098995	b0c3f3a643b455c98a865488935832796b96ca778802c59933c1203d5ab00200	b0c3f3a643b455c98a865488935832796b96ca778802c59933c1203d5ab00200	Y	ok	OK
B	1228	5a6b0e5d1dea78e57715157ab332bdb7e7bedd2c096b7bc775a8f92b1605b58a	10561	10561	674	2256505414214584001	3340e5515e2b31ba17a8114752f841b51abf1c176ab54c0a67c991d0d64d0200	3340e5515e2b31ba17a8114752f841b51abf1c176ab54c0a67c991d0d64d0200	Y	ok	OK
B	1229	4fd845abec7262d6ccbb8a8fccae23b7e69e19e612464b4007373928448a273c	10690	10690	675	663699878911672914	2544a74eba3d1a6d667bca7526777fc1e85d37b165ac4c5922e54475ad990300	2544a74eba3d1a6d667bca7526777fc1e85d37b165ac4c5922e54475ad990300	Y	ok	OK
B	1230	d93b3821e1d2833619a62385eda2cc6a8106002a032976330a6b767fee55ccef	10823	10823	676	4251074426747065092	806a4c94015ff03ed82a1155bd47d4e142bc69b20254a6f9167f9d492fa20200	806a4c94015ff03ed82a1155bd47d4e142bc69b20254a6f9167f9d492fa20200	Y	ok	OK
B	1231	3b722b01c737e5d05f87cd463724d1c0d4bab155a54216a70b0a303603998a67	10959	10959	677	10169819070380212329	fabbbd8b60981441cb904082a15f0be69f11932e496e32ca3a15de3603540000	fabbbd8b60981441cb904082a15f0be69f11932e496e32ca3a15de3603540000	Y	ok	OK
B	1232	09172e40faaa6544a2dd737f46f235ffee4879f7762afffb25082195902cfdca	10852	10852	678	18005035678345304502	1f884182fe484e0431add9907bdc9a919337164a7dc8b97bf09f0ac95f450200	1f884182fe484e0431add9907bdc9a919337164a7dc8b97bf09f0ac95f450200	Y	ok	OK
B	1233	73c40bd6214e5ed0d5d813f273dd9a6a4a129be78e63ae98f3dc77e822811cee	10989	10989	679	1793689848750642791	738098e45eaffa31bcd7726b16c7a4e4fbe92df2ee829f44f45c392cb5930000	738098e45eaffa31bcd7726b16c7a4e4fbe92df2ee829f44f45c392cb5930000	Y	ok	OK
B	1234	addf58bad9f09354018b17f9cb6e8a54fd746bf39f8a06ae7bb3efafd00935b3	10747	10747	680	18113192871937966229	a370d546b57b44a0e7e0d2aed18573da6372bd4ff5ecdb7ad36580388c1e0000	a370d546b57b44a0e7e0d2aed18573da6372bd4ff5ecdb7ad36580388c1e0000	Y	ok	OK
B	1235	8862e1b5a651817ea2e94145097cb76b8aca37eeeeff4914498748513fbf729a	10491	10491	681	11517902029196460171	7268d1ebd273edf746d93ae963da055c15c63f1d23938957c2a501f7510c0200	7268d1ebd273edf746d93ae963da055c15c63f1d23938957c2a501f7510c0200	Y	ok	OK
B	1236	b61e3ed04466cc401a995daf8364f30c5f1d8fd91d646997850548798b591fc0	10618	10618	682	3374930128047016425	0e6dbe1d35fe9c4b8a2000328ed23a75ac04c0b6218d465fdd2ae511f8f30000	0e6dbe1d35fe9c4b8a2000328ed23a75ac04c0b6218d465fdd2ae511f8f30000	Y	ok	OK
B	1237	9db855cb3a78fac4fc20459f980e5942eb2ff0b2852942d3a0511d3d8e7fff32	10748	10748	683	7012403214532248762	7037ad0ab66dd197b1ec7c9bccd628b3d414d9f12e9fe081cd9efe7bcae50000	7037ad0ab66dd197b1ec7c9bccd628b3d414d9f12e9fe081cd9efe7bcae50000	Y	ok	OK
B	1238	4bd243f94d71c18a9f76a8596220f2b15299b4a0624162403bd75f04fd880e8d	10884	10884	684	43551269029184484	79a50bcf333473eb1f1a6abbf037fef878f494ffe8ad2f098da5192bc9ac0000	79a50bcf333473eb1f1a6abbf037fef878f494ffe8ad2f098da5192bc9ac0000	Y	ok	OK
B	1239	c3fb46b0d701952b51445d7f75385857ce0eefcb66ed13ab1c867760c1939464	11022	11022	685	11063372671122182470	e3531f3ffb46f1d625c3188cf08cabe381ce7a6dad66608c1f29284fd7fc0200	e3531f3ffb46f1d625c3188cf08cabe381ce7a6dad66608c1f29284fd7fc0200	Y	ok	OK
B	1240	6959981f645adcc5dfc74d64c17f7356381dab42f1ad1f972f60c38ae1d9690b	11164	11164	686	17448821358925481257	514eba1d3f38a44f551e20f7c3a58ecad2ab74a3dff21b32722d8de9ca2d0200	514eba1d3f38a44f551e20f7c3a58ecad2ab74a3dff21b32722d8de9ca2d0200	Y	ok	OK
B	1241	0dbf2d47b772cdf4121d62a2d563366c45c00f721d813da4f19f491690735da5	11109	11109	687	16347249753165234191	15a5bb06b4171d7eccb2b1289d62e4f0d7e35b6a85d731175d34cdd23b4a0100	15a5bb06b4171d7eccb2b1289d62e4f0d7e35b6a85d731175d34cdd23b4a0100	Y	ok	OK
B	1242	eba64f85f37f247beedb4ec2fb398f6da79983ef83f2eaea3ed22fadeeccede0	11224	11224	688	14147964611982362702	d5bf50ee0196fbccceb29fe2074cfc1d94bb73f8cda514d813f04bde65ef0300	d5bf50ee0196fbccceb29fe2074cfc1d94bb73f8cda514d813f04bde65ef0300	Y	ok	OK
B	1243	a45dc7713dfa33823ca316cc061fd29420b16c633f5c5d82e58dfc9f92628818	11372	11372	689	12038853610554007052	3b0a01f391460d326a11880ce33df4dae1fafe94e7c231f3e10c5ae0bcbf0400	3b0a01f391460d326a11880ce33df4dae1fafe94e7c231f3e10c5ae0bcbf0400	Y	ok	OK
B	1244	978f57019c44e58380fafa9fdeccdabe491550f896a0b1b9a9099b7fa70db4e2	11523	11523	690	1615886333069299036	e583197c74706f5c8147e568b4d15f311b86e1885185032634fd474647c80400	e583197c74706f5c8147e568b4d15f311b86e1885185032634fd474647c80400	Y	ok	OK
B	1245	3363d4126b63306c7f50abd087d19b6a2d8203387d9215e178d45dc0be93b0b0	11084	11084	691	265564120038802276	d14cc709d66fc643cd639b3d4edba290854089d85ddb8dbc61de81188be20200	d14cc709d66fc643cd639b3d4edba290854089d85ddb8dbc61de81188be20200	Y	ok	OK
B	1246	6d36448ee227263c34f067ddedeacb8ab7ee57b46492676af7a090aec97d00e7	11028	11028	692	1335983769655443985	4dcb80c10c415040058145e627d8814102f83541c1a77e7f9daec7f0ab320400	4dcb80c10c415040058145e627d8814102f83541c1a77e7f9daec7f0ab320400	Y	ok	OK
B	1247	3ee0f129c09e4cd27e12faf6a6b2bf3d0037ab23b69f31eb6ae17fae4278227a	11170	11170	693	18380398786175304170	8f67fc5ae5f377402c58442c80045329e1e7589f0b46c2a7199a4416532c0200	8f67fc5ae5f377402c58442c80045329e1e7589f0b46c2a7199a4416532c0200	Y	ok	OK
B	1248	5f886f48812fd2fdf7d9fc8b22364c3553141c10d0360702b3a49a5c86bc22f4	11316	11316	694	17372427441351429876	0f77a7f591c398bfe659451724996b0baa8d4ed6c18be2ec715cc70006380000	0f77a7f591c398bfe659451724996b0baa8d4ed6c18be2ec715cc70006380000	Y	ok	OK
B	1249	ae20e30f48200c145e573bd77afed8b021f9233173883530bcaf51f6ca59f1c9	11466	11466	695	5876996930155872785	c4f53551c79425657312be508d69c09bb7eac184d2e93ae028a174e506c60000	c4f53551c79425657312be508d69c09bb7eac184d2e93ae028a174e506c60000	Y	ok	OK
B	1249	0c8ba348fdbed2402c72625940165c8f4f32a24b572c2207c4ce2e7ac39d1843	11466	11466	695	5876996930155872880	aeafca84c7cb812c1754d4736836141708bee30b092e43b0f82b330ecbb30200	aeafca84c7cb812c1754d4736836141708bee30b092e43b0f82b330ecbb30200	Y	ok_off_best_chain	OK_OFF_BEST_CHAIN
B	1250	302434f1394bb58e3ac1d70ad357e37e5f3df83506c0c7cf54a0ba63a7fd42ef	11497	11497	696	12717386352296042968	67f3f7f3c73b69ea3c4fba01ceb10bbdbd070dcd2e3d65f141eae62071890300	67f3f7f3c73b69ea3c4fba01ceb10bbdbd070dcd2e3d65f141eae62071890300	Y	ok	OK
B	1251	dc8d96687ba3ef3433eaf11d999fb35232abb77e62ea86c59786f96c0163483a	11652	11652	697	8160497171603495567	2cb5eab1101951e08b46766f8b53fbac417571676e078257d0be3b0d198b0200	2cb5eab1101951e08b46766f8b53fbac417571676e078257d0be3b0d198b0200	Y	ok	OK
B	1252	3b6df9049e045c2497974ac7d92b917a1b88bba23972dc62ae9d1fb495d5bbc2	11116	11116	698	783825050414448716	d59ac7e74c8bb251b2aa98cd52805a728b3aad56de5901a472c07a7b85730300	d59ac7e74c8bb251b2aa98cd52805a728b3aad56de5901a472c07a7b85730300	Y	ok	OK
B	1253	7ea412187449b38b6fbe4be3fc172fdc2d59129487e3778275828e400ecb7236	10758	10758	699	10756409378497134761	fe6d93eaf66902ca976280a989814e28767e94b9c743d8c0c33f6b6378b30100	fe6d93eaf66902ca976280a989814e28767e94b9c743d8c0c33f6b6378b30100	Y	ok	OK
B	1254	6de9c07c411b7c28102b31a3d87516eda57dbffd8ba27b03325a353bf95b86e4	10895	10895	700	11984906828451415589	8ce2bbdfe7d8ee2b53b3835d9b7e183c474187a0e4455b4e232032f3d0950200	8ce2bbdfe7d8ee2b53b3835d9b7e183c474187a0e4455b4e232032f3d0950200	Y	ok	OK
B	1255	0e6da7f08ff1dad24f706ef0cee9b0b70d4ed0ca9bc3f4255fbf6f70cd3bdb03	11035	11035	701	13276234405791237638	9c039c6df3efca51b3b1f3b6ad10c81ecaaa6cbce2cf5f28cd651a0983770200	9c039c6df3efca51b3b1f3b6ad10c81ecaaa6cbce2cf5f28cd651a0983770200	Y	ok	OK
B	1256	1286dbb8b93117cd524c11d54deedc50b6a5f32b1d72c988b24e3c3ad0ab1f91	11178	11178	702	11361482056170243131	95e348295703563444c0dae51576c9705f4448e038fb35b1721f863b07e90400	95e348295703563444c0dae51576c9705f4448e038fb35b1721f863b07e90400	Y	ok	OK
B	1257	eaca44fdf38e673eb2ff76f5b77aa41534076d0cc3265cfbaa16eca47d287c66	11326	11326	703	5517069256182831847	ffa5fd8d4f1a856610078cfb37ce9bded104ea114816e8d15527a3c3f0150000	ffa5fd8d4f1a856610078cfb37ce9bded104ea114816e8d15527a3c3f0150000	Y	ok	OK
B	1258	ffe61ee05a7087f50590f100ce0114b09854f79e3b68bd3cc127d02f1af92771	11477	11477	704	8170592599606887802	ed8c409e029b166548151cbbdc90a1cef16596ce9c88bcf3abe638f297690500	ed8c409e029b166548151cbbdc90a1cef16596ce9c88bcf3abe638f297690500	Y	ok	OK
B	1259	599a05fccde702618055b79a4d9ea0f31a147d714d68ddd24c393994009bf36f	11211	11211	705	11955970061820298782	c344e1600f31588d4c119abbaa7f49bf97a19e4e085d2215885ecbc323350200	c344e1600f31588d4c119abbaa7f49bf97a19e4e085d2215885ecbc323350200	Y	ok	OK
B	1260	f611d746ccc85e21788e0c1ec394cb71226883d0cd1c62959639089b2dc2e148	11359	11359	706	14928626560717128895	01baf3de08135336f7ac2dcdd359d94dd5f89112929e42fae6cda499a2460500	01baf3de08135336f7ac2dcdd359d94dd5f89112929e42fae6cda499a2460500	Y	ok	OK
B	1261	1decfdd5825a4cbd8e64e3acad728547da13f2353b4bd322002788b908931b0c	11481	11481	707	452008938120940297	1dcaf541ab797a5941d615116262976be9fe74d171982e8fc867868300b20300	1dcaf541ab797a5941d615116262976be9fe74d171982e8fc867868300b20300	Y	ok	OK
B	1262	efa1ffd834974695d6b892edc8a79601caee92232b952a593d39f345e3b75ac1	11605	11605	708	15955082641624076176	a647d464b115d7851f8030df42d93e7b5a4a5a8b82791c1551b459cdcdea0300	a647d464b115d7851f8030df42d93e7b5a4a5a8b82791c1551b459cdcdea0300	Y	ok	OK
B	1263	cf9a1fc73c798b0db20d3562caa9cdce957512d9dc0ce523175719f638cdcaa4	11607	11607	709	9701733837742112794	4c99a7d7e02640180ad5d6d22ba5aa5fd4299f80dbf57265d5491bab56440500	4c99a7d7e02640180ad5d6d22ba5aa5fd4299f80dbf57265d5491bab56440500	Y	ok	OK
B	1263	f59572aa070b7bbc5c0474173c5eeb552d65d454e1f3089efbab5fedb4ad4f1c	11607	11607	709	9701733837742113033	61818e840c79ed99336a36d3998858d16e09a7842d806bf722df5733273f0200	61818e840c79ed99336a36d3998858d16e09a7842d806bf722df5733273f0200	Y	ok_off_best_chain	OK_OFF_BEST_CHAIN
B	1264	73e34ce53de44f4bfc8456104a085308ba458edf89a5100aecbf061f9f8059a4	11485	11485	710	13118991053174637401	fcc5c6d528499c197807723d721317953b0a50671118cd218fc4e21934520400	fcc5c6d528499c197807723d721317953b0a50671118cd218fc4e21934520400	Y	ok	OK
B	1265	7d8762a16e759e54d0a554a00b3d95ca4e77a24002fcfc331a712011b2af1150	11640	11640	711	3841086967613817079	091a518050c2bae68d899aefa2e396f77afdeee0b98ccd3ad552df8d9e530200	091a518050c2bae68d899aefa2e396f77afdeee0b98ccd3ad552df8d9e530200	Y	ok	OK
B	1266	266b35aef9fad1a40e1df8c17782ab15ca5bb15b711f65aa2cadd6b5d3924f4f	11800	11800	712	5496703049546077414	fa7d2c4f4dcf97dc90a7aeb9094c10b6a9ad3a5c18f65d065853b226bbed0200	fa7d2c4f4dcf97dc90a7aeb9094c10b6a9ad3a5c18f65d065853b226bbed0200	Y	ok	OK
B	1267	084a06bd03d30ac1b977d86f8e875ce724d38fa3622ea598f970c8e4bade9549	11965	11965	713	1168713210296041569	f41c8f731caa76e03c8525aaff1017ba8c60060d11088c09d2ada2c4b75b0300	f41c8f731caa76e03c8525aaff1017ba8c60060d11088c09d2ada2c4b75b0300	Y	ok	OK
B	1268	0dce4e0ebc3d3ffc5546b8b507ee08baa317ffae78c99b12e86a001c55289a84	11933	11933	714	15610560246542500331	bb430e07b7ae6053321b1fc383fe19ba9b0cdaa575cf87e214aa839b08960100	bb430e07b7ae6053321b1fc383fe19ba9b0cdaa575cf87e214aa839b08960100	Y	ok	OK
B	1269	7a3d59b6838aafbe46e1c9cb1246a6d710624a2e9dc82a4638300ae8c6404101	12101	12101	715	18016511418643251893	89ae3bbfff136619b65f6deffbba517bd46e495866d4b258a1cc04ec25470000	89ae3bbfff136619b65f6deffbba517bd46e495866d4b258a1cc04ec25470000	Y	ok	OK
B	1270	2149c47d71837c376de998f9fcf528ff1afb212ebbe0ccd2001af64642d2108a	12274	12274	716	15781481304765276270	2ea0bc6e9f91f97c6558a730e8f555fead1566dfc3c5dab998acd213d2570300	2ea0bc6e9f91f97c6558a730e8f555fead1566dfc3c5dab998acd213d2570300	Y	ok	OK
B	1271	6ef0dad86d0cc096a63929deaf215fe85d29ac80d4689a7f6d14f09c38fb7ce2	12452	12452	717	15147711661369983252	efda90abe4981d7057e5aa9a61e426837dd20dd88988174c9a3dd77e09950000	efda90abe4981d7057e5aa9a61e426837dd20dd88988174c9a3dd77e09950000	Y	ok	OK
B	1272	047c238cfca2142411a5afe02478661835b683ed552193127f4eb2e69d1ec9f2	12070	12070	718	3534733152322945708	3e6886f9345a6850847c1ddbd7931936d029658fbb9506575189a606b1760100	3e6886f9345a6850847c1ddbd7931936d029658fbb9506575189a606b1760100	Y	ok	OK
B	1273	f9323d25e10d6ff47f2490862646038481d0575920cbeb93e61d7471221ff504	12243	12243	719	1244138191838059524	17dfd1059fdeb4853299923892f1b034a198423ce01dbe159c26b3858ff50200	17dfd1059fdeb4853299923892f1b034a198423ce01dbe159c26b3858ff50200	Y	ok	OK
B	1274	2d9bc16edaa4da0613c8dd2c1e02eb536eea34199d6a8985746d990a6488feda	12420	12420	720	9548604118902276877	185b9389aa29f9e5a65ab4d2289578ebf56543bf9934c67f41165f10d17f0300	185b9389aa29f9e5a65ab4d2289578ebf56543bf9934c67f41165f10d17f0300	Y	ok	OK
B	1275	3002b32f20a83a3dd0978943ec1c2e49237f780ffd85e4d6749f2f2fdff46c32	12074	12074	721	9082144668824666359	8678f08778cfe65794271b51815eb33edbcb9740c8b210b444a5705a2b9d0200	8678f08778cfe65794271b51815eb33edbcb9740c8b210b444a5705a2b9d0200	Y	ok	OK
B	1276	372c25af8f9d2379a6988d76d64f9ae0f95de6e9c14a34ed15cb983b2e9e0355	12246	12246	722	7839985129765209734	353a3369e91dfd040683a3c4b7abb4fe3fdfe4524e1ee70b6c31861c180c0300	353a3369e91dfd040683a3c4b7abb4fe3fdfe4524e1ee70b6c31861c180c0300	Y	ok	OK
B	1277	2860ef707618d96f1424ce432d877666845df46ac472d51075888e806b72298d	12424	12424	723	6451127216024585533	25547d17a2c77309dac74e860921a8125d71d0b9decfe4449f72f2b4f0230200	25547d17a2c77309dac74e860921a8125d71d0b9decfe4449f72f2b4f0230200	Y	ok	OK
B	1278	9744c6f93f2e72251f6633680bd80b94e89bf064f3d220395daae7ad8083648d	12606	12606	724	16143827272959363779	4a724c734dfc9aed714d6706f3ff663f27e1e1168abe459cbc73c8cba8a20000	4a724c734dfc9aed714d6706f3ff663f27e1e1168abe459cbc73c8cba8a20000	Y	ok	OK
B	1279	874445fdd46c03919dfaac0e6e805dca526dabfc9e9dd2f5b2ffd376dd77e86a	12795	12795	725	9022020967836222762	234e26240a21f0d97745751578fdb6a8b101f1615c43726053825ddb4de40400	234e26240a21f0d97745751578fdb6a8b101f1615c43726053825ddb4de40400	Y	ok	OK
B	1280	14356661e2a3ccc82c705603326b662f31d748763cfd63999a806973982b8da9	12873	12873	726	11514124193142770002	55d2a5658d6be705633bd49ebbf4c976e868e62a7fc8bbd8f484243272f40200	55d2a5658d6be705633bd49ebbf4c976e868e62a7fc8bbd8f484243272f40200	Y	ok	OK
B	1280	c26dbab755ce9e82302810b21fd55404036b9e33f587b9b8f7e1b0dffb863765	12873	12873	726	11514124193142737484	fef353dff4f4d4fcfaed22885b5026df31263328ba4e0ab0035c7c4ed13b0000	fef353dff4f4d4fcfaed22885b5026df31263328ba4e0ab0035c7c4ed13b0000	Y	ok_off_best_chain	OK_OFF_BEST_CHAIN
B	1281	8483d774e63f442ba14928d7bec54e46290ed7eaca4e5ea0d5350839275947a2	13070	13070	727	1096644591077035152	6ab2dff9477fad490b6d66722240a8d7bff516188aae3bb8d58c4ebd45510200	6ab2dff9477fad490b6d66722240a8d7bff516188aae3bb8d58c4ebd45510200	Y	ok	OK
B	1282	92f2fd8f77d91074ad5ee4d446927173728d05ae910bcf420a1b3b123cf2e9b9	13111	13111	728	9702634174556509466	db947b3225ba43f62b67ef4dc6fca6d92cf279568f7131baae98ecc83c3b0100	db947b3225ba43f62b67ef4dc6fca6d92cf279568f7131baae98ecc83c3b0100	Y	ok	OK
B	1283	4ee0c7eb57acfd715867e6fb2d4adffd6fb3f947acc14c4c73955661b9510fb9	13035	13035	729	6158696074094611105	4bd2062badff6b4353b897356be6fabff85596f1e864d6065ac7ee174d5b0300	4bd2062badff6b4353b897356be6fabff85596f1e864d6065ac7ee174d5b0300	Y	ok	OK
B	1284	89eeb09819801ffaf22b1611b917ba081e9b30c11eb8a6402cae74e0f0f655e9	12693	12693	730	13442579867849789487	14d9e669dc2d3fdd92cd39d5a8bd6fcc86ca85ca369d47488a5b1bcf59220300	14d9e669dc2d3fdd92cd39d5a8bd6fcc86ca85ca369d47488a5b1bcf59220300	Y	ok	OK
B	1285	8694f799a48bcba99a8b40385b0081230633a60a71748cb98ac5f10bea70b892	12695	12695	731	949533040542026061	5443677f22cd6ec86076a4eabf0f4d71167c3f7cbdfeb22859e9df07ab600000	5443677f22cd6ec86076a4eabf0f4d71167c3f7cbdfeb22859e9df07ab600000	Y	ok	OK
B	1286	d888df8ef988a938a5fdfe61c00fba90d35ef30a84ba7466f85c7fcd8d894131	12550	12550	732	17099249336434296932	d467a75ae5b8b173046b0d2eacfb0801691322a59b95e037fb66e79766ed0200	d467a75ae5b8b173046b0d2eacfb0801691322a59b95e037fb66e79766ed0200	Y	ok	OK
B	1286	384721ef64b4037af4ea2c42dc82f35650aad12d3ac506b72de0b743c78477e8	12550	12550	732	17099249336434362551	931ed67e0322bb24478f39bd4a376f341927f8bf847ecea97d168ae5b6090400	931ed67e0322bb24478f39bd4a376f341927f8bf847ecea97d168ae5b6090400	Y	ok_off_best_chain	OK_OFF_BEST_CHAIN
B	1287	1100f92dfc9cfad29de258646ae23dc43b6910e3e8201c80839cc73c133e89d5	12588	12588	733	5716115353692638809	f1d476c2e52ee867e6b204a36451a837ab8f73c94b3ebfd26ca93afde0930100	f1d476c2e52ee867e6b204a36451a837ab8f73c94b3ebfd26ca93afde0930100	Y	ok	OK
B	1288	e4c78aba9bd2016f68601a23c3e96037f2c82354f62dca74e59b195cb236de31	12627	12627	734	8953984760267507642	666d53b5987e1b12c8a64b64386a0862df8cd7ebbce270c1b98e591ff5b00200	666d53b5987e1b12c8a64b64386a0862df8cd7ebbce270c1b98e591ff5b00200	Y	ok	OK
B	1289	1d9022549042ff2f47875adfd61807d4454a5cc90024eff5b299789063f90d9e	12520	12520	735	15105244927417654192	5e81c48f16ac31c93b55127a333974b55f49f33c8fc526febae7c6b26f7d0400	5e81c48f16ac31c93b55127a333974b55f49f33c8fc526febae7c6b26f7d0400	Y	ok	OK
B	1290	974b9e8f1de5f4ab1af625902b636b8796371cafc368c338d96a2b45dd760b48	12594	12594	736	9436795644762198288	f97708c9c1d0f93716efbd942f08fe8c4ad0a99f9046c848b813743ab3c80100	f97708c9c1d0f93716efbd942f08fe8c4ad0a99f9046c848b813743ab3c80100	Y	ok	OK
B	1291	3370694a2c431e4b1704062e6a528438861bf1fc71e1c6c832c8c12e0bf9e96e	12107	12107	737	2454324087380579600	1ea221736964f93934e03165e01be93227a19d8fbe423bd8b9db6a0c6d390200	1ea221736964f93934e03165e01be93227a19d8fbe423bd8b9db6a0c6d390200	Y	ok	OK
B	1292	5acfc07acafc35ce5e359443923c62fe2864ad2c396a422a718672b3578a3c5f	11943	11943	738	6686467423568135326	d9bb088c8bc420b179e009d65dd9b0c30196a3c4b91afc4d4c2da633406e0000	d9bb088c8bc420b179e009d65dd9b0c30196a3c4b91afc4d4c2da633406e0000	Y	ok	OK
B	1293	da314cf4c7cfd8cedcf9cd421f8defb5301969d2247610b171e27c5f93f33f63	11656	11656	739	18425271951648981438	963531a7c78a216b1ce10dac7be8ccad04386f5e84367862d3a0d8792d240300	963531a7c78a216b1ce10dac7be8ccad04386f5e84367862d3a0d8792d240300	Y	ok	OK
B	1294	72d1293b4ca84dead7f8df348f61def0d03ddd710039a9847b820437b6d331be	11813	11813	740	1609952573756866619	da1a4cf73436f686e086171ec7dadd36ff0b6abfa4af70aaf562552a9f7b0400	da1a4cf73436f686e086171ec7dadd36ff0b6abfa4af70aaf562552a9f7b0400	Y	ok	OK
B	1295	b6413181fea22f288022ccf081f649dcd67b6b28afc27dc9018c6562868354f4	11974	11974	741	6791213343681087294	20d422e883979fa03e82bca5ea31683a3ed7e0378834ca1c1ef54983e34f0000	20d422e883979fa03e82bca5ea31683a3ed7e0378834ca1c1ef54983e34f0000	Y	ok	OK
B	1296	8bcb92dcec60459fe67c6d14de24b27130ab9522d1d6f04f14d6032d76f85f11	12137	12137	742	14790883210027894687	66bc17d2b4ad0c43c17f177c6de929cd688150d2e395dca1b6a9bde99e3f0200	66bc17d2b4ad0c43c17f177c6de929cd688150d2e395dca1b6a9bde99e3f0200	Y	ok	OK
B	1297	11a7a85c7cc90ef6e92b4a0c2e07389ea1468284edbd363f9f1076d93653e656	12305	12305	743	3717781763670475409	0f96d16b9c952ed1584c7d5f57a784acbeeef88a818f63f8576f768a93510200	0f96d16b9c952ed1584c7d5f57a784acbeeef88a818f63f8576f768a93510200	Y	ok	OK
B	1298	b380255119dab1f592d16d8fb999f635eb9eb65d92eb4af289727f201218a74a	12477	12477	744	5845278931682365968	52fbd8cb11dd76c4673d2868609baa6fa40f65b39855231d2c2870b823840300	52fbd8cb11dd76c4673d2868609baa6fa40f65b39855231d2c2870b823840300	Y	ok	OK
B	1299	6c43e6db3d86542baec6f26639ccc0302feb3b48b8019d29e549d4e5eae76473	12654	12654	745	13628796653233278468	6deff165dde705f6c3e4f74d33afc0d15b335c5db95ee18e9a83c74647f70400	6deff165dde705f6c3e4f74d33afc0d15b335c5db95ee18e9a83c74647f70400	Y	ok	OK
B	1300	e5370af5bc654ce1b580e552e8920ae899355fec7bc35cd75a07e02336904bfe	12544	12544	746	5721014219160224642	89181694b86db11e9b426541f52f6f1383249ac68108217969d6b307169b0000	89181694b86db11e9b426541f52f6f1383249ac68108217969d6b307169b0000	Y	ok	OK
B	1301	bcff0c60ff1194e7c227fa67e8fbd3cbd81681a053e50c90dfc9007bfdb5dbd4	12437	12437	747	13432254710635660547	3e9da86471a00d38792556b01a93c1085d2ffe7a60daaf8c645ee04edaba0300	3e9da86471a00d38792556b01a93c1085d2ffe7a60daaf8c645ee04edaba0300	Y	ok	OK
B	1302	536734c4cdbd04d796e2b4b78fcb523751d79d96f71a92041dd79092710f0c97	12611	12611	748	11164687401991905500	1ee0dc053a81bdb751e7cff1ef014db6b515a61c1ba8f681cd32c03a16300500	1ee0dc053a81bdb751e7cff1ef014db6b515a61c1ba8f681cd32c03a16300500	Y	ok	OK
B	1303	1c7a5a9e1e67eb2f54b2a4aae53ee296ec00d5258452db56547e1a49fec6143e	12791	12791	749	8926865834249355451	46cbee837eb691dcbfb12dead44a14131566ff44f815397b1e0da12ca22b0200	46cbee837eb691dcbfb12dead44a14131566ff44f815397b1e0da12ca22b0200	Y	ok	OK
B	1304	3d8ddbcb12475694403951c579cce8603ce3bc86d39581f6f7c41a34debf322d	12163	12163	750	15037863053821580341	0b6fd168c6e9a97532fc771c5e0196882e914eae4c3000acf18d22262bb80400	0b6fd168c6e9a97532fc771c5e0196882e914eae4c3000acf18d22262bb80400	Y	ok	OK
B	1304	2c4fc5cb6b38e5552025255cc6555767bacc285fb4f3e91711e5abf3638dd3c7	12163	12163	750	15037863053821514894	ebfc0781eebce4347cec9b557c6eb345f11f910f1338859206801f166d250100	ebfc0781eebce4347cec9b557c6eb345f11f910f1338859206801f166d250100	Y	ok_off_best_chain	OK_OFF_BEST_CHAIN
B	1305	f9cf0d96972bd36438aacf5b375a4762dd2337a4ca5b8a0c9972d5aaedde6bbc	12330	12330	751	3339967410630296075	ec490df4bbd72db4b3a66f092122d9f0128f1399bf0d01054336fda8ad470200	ec490df4bbd72db4b3a66f092122d9f0128f1399bf0d01054336fda8ad470200	Y	ok	OK
B	1306	ece2918e4aaf12ebcb267ad767163484804d1685ed1f8eb086c7c454d351fb6a	12163	12163	752	6377555096259068715	b05cb297f86dfcea530353efca185043471229d82765db53efca70786dbc0300	b05cb297f86dfcea530353efca185043471229d82765db53efca70786dbc0300	Y	ok	OK
B	1307	0ec08e2621670037062dd22cd8cf804bd7d435a4fb53134481585b1539f16ed0	12330	12330	753	3637064497656564138	f8f2bc4140eb207f0e71b02d61a61318552fcbbdb46a71aeeb522e7bd32d0400	f8f2bc4140eb207f0e71b02d61a61318552fcbbdb46a71aeeb522e7bd32d0400	Y	ok	OK
B	1308	6ebd25a17dd34f7845764132ea0d24f4217bdb27368e7c6471b28a3e9d5166f6	12501	12501	754	480458762834971010	ecbd23a14c0a4a34a2fbaa72a4861712a09e0f93b3fc8be56b0c6a61e9e90100	ecbd23a14c0a4a34a2fbaa72a4861712a09e0f93b3fc8be56b0c6a61e9e90100	Y	ok	OK
B	1309	e117e7d25ea1c1edbcf5a3bcaca23ee5b17823c082d0a10915a90cd62614172e	12641	12641	755	5130222260501708953	1752835932697357dd0bec41973379b309acc6c5cb8c8976839dc4db93090200	1752835932697357dd0bec41973379b309acc6c5cb8c8976839dc4db93090200	Y	ok	OK
B	1310	73b4853c6aacc4fee4128226e8ad0be6679d7a9c35480157341f811c8b71943b	12675	12675	756	8154076045172080849	2a44bbebdb772f3a739bee989b76410f9854784f665aa0751292d5b3cc290100	2a44bbebdb772f3a739bee989b76410f9854784f665aa0751292d5b3cc290100	Y	ok	OK
B	1311	3ce2ba565f6193485be53a18f46815ed7b653feecf702944690375f3b93320f6	12853	12853	757	14618260112100297105	5cde457623621e5a2cc05766de4e5993b76555c1fca949cc3b9f53d676120300	5cde457623621e5a2cc05766de4e5993b76555c1fca949cc3b9f53d676120300	Y	ok	OK
B	1312	a53d9480e06039d45ba4c89dc4d808af39952eb170de3dfc9f8100382c264902	13035	13035	758	7138118500719072201	774a435eec59ae7a5453c62a4b5183ecad666adb9e111237121001c767ba0300	774a435eec59ae7a5453c62a4b5183ecad666adb9e111237121001c767ba0300	Y	ok	OK
B	1313	c281e598d4958eefa3e486184762f1dc1e51a0e7c34c6791dbba4408adbd070f	13223	13223	759	17304561928667959633	92b569401fc9a1d7c2f2d28ca0d2239424bdd8ec1bb03d38a3fe4a35c1910300	92b569401fc9a1d7c2f2d28ca0d2239424bdd8ec1bb03d38a3fe4a35c1910300	Y	ok	OK
B	1314	e2a161c8d61ab76b4534ff2f751cf4df360adc988fd6a3f14a4915027a4d3fba	13033	13033	760	3994711668549584007	cbfdd0b17c9789515398e3f3b84ad618d94bf51bb655c2e302a2c57ab9720200	cbfdd0b17c9789515398e3f3b84ad618d94bf51bb655c2e302a2c57ab9720200	Y	ok	OK
B	1315	f874ec2827f8bb64c4595c2e737108df03592583c3a1e47e1c2c642de423364b	12813	12813	761	2212968812498650124	efd2691d43571d16b7f43016c23b1d6f1b218b6460e4c6fa37c08a5430440400	efd2691d43571d16b7f43016c23b1d6f1b218b6460e4c6fa37c08a5430440400	Y	ok	OK
B	1316	d20ffa5c1989619b970ea37523efd27e0d8daac5b2cec5865eb11ebf8ba55137	12995	12995	762	15421136142791182666	b49e54afb6ab0df5057cb7455e4bb3b49ac1ad84f1e28506e91ff0ee3b0b0400	b49e54afb6ab0df5057cb7455e4bb3b49ac1ad84f1e28506e91ff0ee3b0b0400	Y	ok	OK
B	1317	99f177bc3a4dd26f40370e4348110f16b390bed4f178fce89208f6c045d1b51a	13180	13180	763	130206194185899077	220a538e534542d64edd88707b6c7a1a485304acac83b89d247a9fcfb4200200	220a538e534542d64edd88707b6c7a1a485304acac83b89d247a9fcfb4200200	Y	ok	OK
B	1318	b67ff2b9bf2259c5288632e2037d43705d9e0544fc545e343ffddd5f39a5f2e5	13256	13256	764	8525935520545603803	c532ef61fa0fe41d53dab360dff9c38ac478068242310e71f6175ffde0b90000	c532ef61fa0fe41d53dab360dff9c38ac478068242310e71f6175ffde0b90000	Y	ok	OK
B	1319	22473540c550e2631650779c4484fedb9ee2133ba18789bc2486d0fe7d706eb8	13180	13180	765	780691425095322678	999fd4076c9a68797eaae364ce9bebd27abe3953e5717d72eb71c06b52cf0400	999fd4076c9a68797eaae364ce9bebd27abe3953e5717d72eb71c06b52cf0400	Y	ok	OK
B	1320	cfe622c13b4c6a581e3871b188c4392928f5c7a49d8f541e4a320e2b16c3dbf6	13371	13371	766	9913628437292092063	a05c6fa605283ba1567d00be4d55633a80d84de5a49ca656dc16f97922070200	a05c6fa605283ba1567d00be4d55633a80d84de5a49ca656dc16f97922070200	Y	ok	OK
B	1321	6c2dea5b3ed728b3bb6b1820d4f17f535ddafd2cb47915c08bd3686d56615006	13448	13448	767	10228803222055716881	98b6c46ff65a3f91350640ffa8673b6d1ffe151d24e45516fc2f998160d90100	98b6c46ff65a3f91350640ffa8673b6d1ffe151d24e45516fc2f998160d90100	Y	ok	OK
B	1322	820d99fdecedd36600d974a44b586d8c411d2e6d9ddaa6c5d8b2e1490078333a	13446	13446	768	2285407138207498909	0f0c86ad7e338e0b63e7835e5ce523204a1be92f03b1cf88cbaef45228f20200	0f0c86ad7e338e0b63e7835e5ce523204a1be92f03b1cf88cbaef45228f20200	Y	ok	OK
B	1323	b7ef7ae76a07a8c0a496bc884b89adc9c1e17ca1524c7e2d8b70e7022601091d	13523	13523	769	4396691212698948396	7f1013df1067eb04ea17043e0d01c88fa079490ff5cbde9d7c5b45c6a51c0400	7f1013df1067eb04ea17043e0d01c88fa079490ff5cbde9d7c5b45c6a51c0400	Y	ok	OK
B	1324	1bd1327db88741d1dde70d39b48ec1e0d21323cb9fe705d30a7742fefb18d09f	13722	13722	770	17895621837451264855	31a598e29a19e4b21d406132b1b48f72d1fad84023619e9e45404053fbc30200	31a598e29a19e4b21d406132b1b48f72d1fad84023619e9e45404053fbc30200	Y	ok	OK
B	1325	fc3d6fa3de5f6a1fe63d25b431e53559a0aa22242bf1acd4e43a1eae503e193a	13523	13523	771	12750851930012582846	c64bac541d4ba8fe8fac4344f872e77b586070eff736bff975f2cfdc68b90200	c64bac541d4ba8fe8fac4344f872e77b586070eff736bff975f2cfdc68b90200	Y	ok	OK
B	1326	f64cdf11edf82e61a783106829f6ec645695e8799d59e20f18c6225570ffc2e2	13721	13721	772	9509956847826636431	4c538535f8e1ed89b2baf99b4c8f72aedf730d835ba904ad0308a46e96d20200	4c538535f8e1ed89b2baf99b4c8f72aedf730d835ba904ad0308a46e96d20200	Y	ok	OK
B	1327	4ceac01e85d2547b8ee587d1590e7e137202caa7af85e5d2abe71e1e3d803590	13924	13924	773	17741322972678915505	10bcda47c2f3fc2887759333ad1e4f0a5ade981eed976231acfe0fdf4d4a0300	10bcda47c2f3fc2887759333ad1e4f0a5ade981eed976231acfe0fdf4d4a0300	Y	ok	OK
B	1328	cfa65b9bdcd3dba4a77f6615994f2663619bf17a99afc17b5ba8f1e7550253a3	13840	13840	774	14653056876275566993	f795e9978095ebeae49b1d5c89a20e3b21d69e117b1a439162c7f04efc640100	f795e9978095ebeae49b1d5c89a20e3b21d69e117b1a439162c7f04efc640100	Y	ok	OK
B	1329	8aae93e4143a675b78f16b6eae58ae9be9e06327d36441862dae93345eebff6d	14001	14001	775	1118261170067835286	d8e6b43123fecf68d31dec227f7cbaea93fa8bd7d9b271b11a0741cf97d80000	d8e6b43123fecf68d31dec227f7cbaea93fa8bd7d9b271b11a0741cf97d80000	Y	ok	OK
B	1329	924fc344af0a1fa275ef305f9fa8b150d90f5be97e13494a352df607507f711e	14001	14001	775	1118261170067769953	c415e028288f838fc063efa45ab8447acae92703c66e932ffc7c411bb46d0100	c415e028288f838fc063efa45ab8447acae92703c66e932ffc7c411bb46d0100	Y	ok_off_best_chain	OK_OFF_BEST_CHAIN
B	1330	0d583c7c14c269cd983f205f45a50192256fe6407bdc79f8b2edc7ab4d262f4c	14039	14039	776	2594502744656153581	4a27c4b6d9d272c5d441d92eee9efd1f4628f89141f9bbf65cdf28f4cd3c0200	4a27c4b6d9d272c5d441d92eee9efd1f4628f89141f9bbf65cdf28f4cd3c0200	Y	ok	OK
B	1331	1a02d25ff0c67bc58b19bf362d659732da0be71fe7ba265ebc464e4f4fa37aee	14078	14078	777	17586974861811583392	84f136b7aac357cc69b0d36bf97e00a752ed73999b7ec9bc0efda4a2ac160300	84f136b7aac357cc69b0d36bf97e00a752ed73999b7ec9bc0efda4a2ac160300	Y	ok	OK
B	1332	514333282cd134ab2a7eebed20c0a63f7148670c17fb4f46465f2343ce4a31d9	14034	14034	778	17237062136744707175	66b3c355297fbadedd96cde44f7198f8995c93ff6cabc40774173a46ec4f0400	66b3c355297fbadedd96cde44f7198f8995c93ff6cabc40774173a46ec4f0400	Y	ok	OK
B	1333	c3845cd7b53b9af901207e624a9ee087861e08847c0f11eb6d7d7989a52fa333	14074	14074	779	18297465995641522351	65cb03eaa38fef4d2aeb93f20153787f16680ddfdc09d89ce4759d16e5e80300	65cb03eaa38fef4d2aeb93f20153787f16680ddfdc09d89ce4759d16e5e80300	Y	ok	OK
B	1334	a5e18db45faf308e2e5cbf451fec0a4e017c8af426fd7883a9004ab8f21f016b	14282	14282	780	3939355952490252195	eb732f2dc294bd513c4d16691d6246ff9a88d044ba8503b261253f2e25710200	eb732f2dc294bd513c4d16691d6246ff9a88d044ba8503b261253f2e25710200	Y	ok	OK
B	1335	a0118e95d8c7517d33c9cfa9c1348c6af5b75060475fdd2f8531d7f8553b8dfe	14322	14322	781	17383820580838476289	a536574d5cf653aae3110a5a30e89db6e18e75c6e64166c58eca523ffda40200	a536574d5cf653aae3110a5a30e89db6e18e75c6e64166c58eca523ffda40200	Y	ok	OK
B	1336	69e637ba2f050530858d562d392ba8ed1a26f8a04ce3bdb65f77be708ecf090d	14449	14449	782	2760173647741093275	d985c04889b97644316ee0cc89f2767386ccd1df540eb6767cb53c95346b0400	d985c04889b97644316ee0cc89f2767386ccd1df540eb6767cb53c95346b0400	Y	ok	OK
B	1337	6fa3f17bbb7df9b95722af215e51964a1aae264bf77d0e097cc6a68b2046533c	14447	14447	783	16638039556163147156	f0e9a38c15a7e7dcfd175cf59091223675d30dd48fb5d2dfa5de26901a5f0400	f0e9a38c15a7e7dcfd175cf59091223675d30dd48fb5d2dfa5de26901a5f0400	Y	ok	OK
B	1338	9302b3a950a91e8f2ad162e50557df17672f91a8ef33ab94b25d293aea39d601	14663	14663	784	5547363408573176479	a60e8f282d71386d26703e937bb2badd5accf27fbdf67f6ebd3db553e70e0000	a60e8f282d71386d26703e937bb2badd5accf27fbdf67f6ebd3db553e70e0000	Y	ok	OK
B	1339	6fb2843b920c0da04b2b026bf04d3479c22966f6c6f31b4ac1bda67db9883d0b	14234	14234	785	11518728797515942185	7e2de380dcf69ae4dd72a5b60fc3e7d39fb3538aad4b15516861b74fa17a0100	7e2de380dcf69ae4dd72a5b60fc3e7d39fb3538aad4b15516861b74fa17a0100	Y	ok	OK
B	1340	f20bd4b81107185f7b26d1d83cf2b1a791acfee54939791e52bd5aa4eb992dda	13714	13714	786	13700361412658856918	09822d840de0dfcb1bc2f3ec11800e32206c6aac94f8337426c1f59b4b820300	09822d840de0dfcb1bc2f3ec11800e32206c6aac94f8337426c1f59b4b820300	Y	ok	OK
B	1340	fce673cccea13281546fee72fd6d7c913e145179f15e8c40b3e7842ff405aad2	13714	13714	786	13700361412658922557	2abc931d585a59211afd8e49ef587065fe254b05a58c077724e053e0d2d60100	2abc931d585a59211afd8e49ef587065fe254b05a58c077724e053e0d2d60100	Y	ok_off_best_chain	OK_OFF_BEST_CHAIN
B	1341	70c51baf751a4a35ff2d435bedb16d69fbace8ab6d800d80a4ac896f898f5ee1	13753	13753	787	15668495094758052154	3685b046fefdadacec75bd749febfe31b69a6dc7f3f1d0413b8d0c69f48e0100	3685b046fefdadacec75bd749febfe31b69a6dc7f3f1d0413b8d0c69f48e0100	Y	ok	OK
B	1342	275270a58aec2cc3e2d19d8cb70edf9f135dfb4a5d44687017e7c2a9a0c08041	13948	13948	788	10277989200414445023	c952b0ade9a2ba3feccf3d3a3f51a69b78ee7dc8d2d874797ad9138657740300	c952b0ade9a2ba3feccf3d3a3f51a69b78ee7dc8d2d874797ad9138657740300	Y	ok	OK
B	1343	6106d3a8e80015285ef418e92630b486205e509eaedda44ee6da9505f6a0b638	13753	13753	789	7998860020198409210	e8bcbfe8cf7bc002753f4f62e80bb9680436ead8bb795d47fcbc313194ec0000	e8bcbfe8cf7bc002753f4f62e80bb9680436ead8bb795d47fcbc313194ec0000	Y	ok	OK
B	1344	09a80b5c8b3051efb7b62947bbad8b454dc402bec7aff26c53c603b7d5f6878b	13639	13639	790	15214638573375458109	c9d4cafa835191e5a5a4720763640896428dfc7db49a9451bba54d084c4c0400	c9d4cafa835191e5a5a4720763640896428dfc7db49a9451bba54d084c4c0400	Y	ok	OK
B	1345	d407ec8d4a9f62e87949cb06701d49797dfad97ccb64efee130fe6fa064b8677	13830	13830	791	1803195367290865892	e8f46c13c80dbb893faaa25c018c850329318883c55943862519965100890100	e8f46c13c80dbb893faaa25c018c850329318883c55943862519965100890100	Y	ok	OK
B	1345	81526fa1ed706adbafaadb73ba0dead4ab329149977789fcd6632f35c0fa4257	13830	13830	791	1803195367290898810	3da58f59fc3c3cbe225e6f8638bb3ccf7d7cc2de831aab44784a5237e92a0100	3da58f59fc3c3cbe225e6f8638bb3ccf7d7cc2de831aab44784a5237e92a0100	Y	ok_off_best_chain	OK_OFF_BEST_CHAIN
B	1345	90bfa70648d47f4fa664c93d3511718724f077ad0d02e88f927167d4c8d4c4b7	13830	13830	791	1803195367290833295	42c1a93a6d3024ddc4cf3749476cb1a8e7f6240dea7e5155522756f258ab0200	42c1a93a6d3024ddc4cf3749476cb1a8e7f6240dea7e5155522756f258ab0200	Y	ok_off_best_chain	OK_OFF_BEST_CHAIN
B	1346	36ad1401a76ad19d705406ee67d4078a05a8b3f95332bcd76469242164074def	13831	13831	792	3451453865302493506	cfb27995e4e12b2d55589f1e61fbbe5226c1f7b640660ef3f7bf4161e24e0400	cfb27995e4e12b2d55589f1e61fbbe5226c1f7b640660ef3f7bf4161e24e0400	Y	ok	OK
B	1347	1b15fc5b901d85d4c31809640c0d3cc972dbaa891bbd043687a20791d9dc05cb	13870	13870	793	10096330019577010103	5ce662b0a192fae10291cab991adb1adb4a444392b3f489784a11538fa470400	5ce662b0a192fae10291cab991adb1adb4a444392b3f489784a11538fa470400	Y	ok	OK
B	1348	8f8492b87fb0a22212ccfd0822d0f3990499713e6a9d7e224ac3d1b789f0d7d8	13909	13909	794	8744956609005913386	85bd2024b1ebc8cfdaedf77d757f19eb00a7b318129659be944c084f6a240000	85bd2024b1ebc8cfdaedf77d757f19eb00a7b318129659be944c084f6a240000	Y	ok	OK
B	1349	69a62ce60ed29cf30792043faa409989466b436420c688e50b9a6b9b8eedaf3d	13494	13494	795	12465560887744299417	3e924c86a9d455ff2d8ea0a9bc606d841276d9e1134ccd89235fe8d0ae800200	3e924c86a9d455ff2d8ea0a9bc606d841276d9e1134ccd89235fe8d0ae800200	Y	ok	OK
B	1350	17ca9d2eb14b39a4eb69b2cbd87a2a39e4d3fd9142c9ff151b9ea397fa716e1c	13680	13680	796	2693451867668676685	60a6b75ec688ecd736d8224285a24bdcb821efc4ef51618b8463535263bd0200	60a6b75ec688ecd736d8224285a24bdcb821efc4ef51618b8463535263bd0200	Y	ok	OK
B	1351	d1bf8db551a5a438d1781a37ce308ace69d2617a3a9ccc7e4d61548668f42f55	13871	13871	797	8997687349584332713	9bf21fdec295e1b3c43ff3f261a497f3348df1538cce2c9e519e0d2a2dc10000	9bf21fdec295e1b3c43ff3f261a497f3348df1538cce2c9e519e0d2a2dc10000	Y	ok	OK
B	1352	a1b7735b37537ccc44ddfa71e5f440c0278fa07beeef5a5de77088f098313c07	14066	14066	798	4579333086348575753	5cb8fa0299517e7c656a54a8e761477094eb8aab487fb9846c1580dc652c0100	5cb8fa0299517e7c656a54a8e761477094eb8aab487fb9846c1580dc652c0100	Y	ok	OK
B	1353	2a8e0cbc79c97bb04ac20eac1fe27e78a96188100b967448dadb514e7df9f16e	14267	14267	799	6562001655036903729	22feedfb89da7c5eac70d65fb4e55cca5533db356163a881775bfb0ab16e0400	22feedfb89da7c5eac70d65fb4e55cca5533db356163a881775bfb0ab16e0400	Y	ok	OK
B	1354	eeffbe979f1a0b5df1dbe5806d626c2e8396b3291875087df4d73edb903c8de6	14473	14473	801	2953891391643593793	62ea66e89ac76bbce43daa996f5d19ee70e1f539ee25e25536e321ba55620000	62ea66e89ac76bbce43daa996f5d19ee70e1f539ee25e25536e321ba55620000	Y	ok	OK
B	1354	bd1dbe11540384aa229b2f475f27ab6c76d234d7f75352e8e7321c7aad726d99	14473	14473	801	2953891391643626637	d406ae22895f0b2ff2beabe87bbc872e477685d808f8fcf042510af55bd90300	d406ae22895f0b2ff2beabe87bbc872e477685d808f8fcf042510af55bd90300	Y	ok_off_best_chain	OK_OFF_BEST_CHAIN
B	1355	4d7837bba3fecce50e0e4a4072855b2ad6178e7e4760b87a2cd0223716f808b9	12714	12714	802	5506513227296639594	8791e4bfe07ec9e954872810ac036ca1f717509ba0f8d699c8e8e4476c150400	8791e4bfe07ec9e954872810ac036ca1f717509ba0f8d699c8e8e4476c150400	Y	ok	OK
B	1356	0c8c4cb28bfb00f09044e311d3b6325faabd46c5f105608b807b1e94c160268d	11873	11873	803	1624335878065325603	f2c160fd1470a36d7d0518bee203f63815661a6fd0c22094ab73f252bbfd0000	f2c160fd1470a36d7d0518bee203f63815661a6fd0c22094ab73f252bbfd0000	Y	ok	OK
B	1357	34fbe90d764abdb373ae87437095c959e562dcb620a3ace7bda7d054b3ff9e40	11873	11873	804	7660485664642728136	f1236d72635147912af807b6ae63ef8952b51f9d378935099b66130fb9280400	f1236d72635147912af807b6ae63ef8952b51f9d378935099b66130fb9280400	Y	ok	OK
B	1358	5488e85b7f191cc3eced5aab3e09df6d9a486a50f40ee72dacd00a12aa7ea982	11987	11987	805	4709399316140197529	1f947a5a6d31f238d3bc6294e7883787ff2e88b47f84453060c03482d5490400	1f947a5a6d31f238d3bc6294e7883787ff2e88b47f84453060c03482d5490400	Y	ok	OK
B	1359	c59af694a31b9af4bb75e5520ba550e9254965c28352768c40b23a92232be8dd	12133	12133	806	1869608128761399048	3c7122b8d83588b312696f3cb9fb26747b147b45e907a3f2ab68d2b84b1b0000	3c7122b8d83588b312696f3cb9fb26747b147b45e907a3f2ab68d2b84b1b0000	Y	ok	OK
B	1360	bcc99d9bed7fb9aea5860d093bff312646b6f24c043f01532fca2fa19198398a	12283	12283	807	12789324550538068204	9a775c48e3dab2083c3f7bb0576dee0fede20a87dd492621873ffee98dd30300	9a775c48e3dab2083c3f7bb0576dee0fede20a87dd492621873ffee98dd30300	Y	ok	OK
B	1361	9ed906ea39d1447cccd320e6f101c6788c1a936d22c4cd1f31cd6370d15e8e50	12406	12406	808	13866368255200954522	d9f509f418ac934bfecdbd21103c9f9211f4e3dc8ffbd774ad75fd27a4ba0100	d9f509f418ac934bfecdbd21103c9f9211f4e3dc8ffbd774ad75fd27a4ba0100	Y	ok	OK
B	1362	580ddf2c22dd471631b66c2ecb7c822c89f4e23cf346403fede187fb8aac789d	12562	12562	809	12103943187089916579	f01d7a84fc7fe2a95773146dfe5c6fa0756a3e3813db1cc73bdcfcc862be0000	f01d7a84fc7fe2a95773146dfe5c6fa0756a3e3813db1cc73bdcfcc862be0000	Y	ok	OK
B	1363	7db5e8bf1b934016a43411a9af020440d4a48e5056930c9c6b7a7c9fd7e3edac	12723	12723	810	3250872664876652079	32b630e74da142af514a0ef2b9b6f0ab689fb259dbf365ca6ba32acd98320400	32b630e74da142af514a0ef2b9b6f0ab689fb259dbf365ca6ba32acd98320400	Y	ok	OK
B	1364	0b053a584b49984f3e9f2d909337874e80f577da914d641234868b9e9f9f2aea	12888	12888	811	118484751693645826	f5ef7a75f2b0f55de291f010087e231d6c6825292ea2ab2359e9dd54088c0400	f5ef7a75f2b0f55de291f010087e231d6c6825292ea2ab2359e9dd54088c0400	Y	ok	OK
B	1365	1ce324fc5a929b480879ab4679f6d3eed85f6d81e633ec61cef898480098df98	12629	12629	812	12105905768100796269	2ff33babff6f332a2e076e8117910465f2c07318e8bf97ea336ae15d4c340000	2ff33babff6f332a2e076e8117910465f2c07318e8bf97ea336ae15d4c340000	Y	ok	OK
B	1366	fdda6cb382e1a8c995c10bc3146535de3256bb9f71424d375456ae4f918ddea7	12694	12694	813	11078125437107306658	d8d64446615b97fe9b1939a92bcef384cf2f449ebb70cb436f37da8562350300	d8d64446615b97fe9b1939a92bcef384cf2f449ebb70cb436f37da8562350300	Y	ok	OK
B	1367	e05f943c81f2dfad82bc10c5935d927a9e5ff537a6091b232ee257c17f73db79	12350	12350	814	15612717307967607268	04d72c6a15acc3fa713f046f27b6d551708bc624d0a09b4e457d0e590a590100	04d72c6a15acc3fa713f046f27b6d551708bc624d0a09b4e457d0e590a590100	Y	ok	OK
B	1368	f9f3605f7c51aa8e615f4b06646254d63da28ed4f584bbab8c3f2f3b9ac65391	12506	12506	815	8800365020018999687	4ab9eac6637238139f61f5e1918eed8a7031ce1dcf46ea4903a150a9ae030100	4ab9eac6637238139f61f5e1918eed8a7031ce1dcf46ea4903a150a9ae030100	Y	ok	OK
B	1369	29ff56cb81ae749b781493449c41f974d7f11ae60249834c3d0d23b233eb02a7	12414	12414	816	14394227234892185931	474614448a9dab879db5b0c0ce19bffd014b69b73b643bb57f1c567566b50400	474614448a9dab879db5b0c0ce19bffd014b69b73b643bb57f1c567566b50400	Y	ok	OK
B	1370	32fc00608d5f79d3a0b7eca0127fcfc16bc0d9ae00483db3e1bd577489c57de8	12571	12571	817	12061705044181944919	de4662242d6f092a4ebf9b52d62b3a420e2da33a3fee4647975158704f4d0300	de4662242d6f092a4ebf9b52d62b3a420e2da33a3fee4647975158704f4d0300	Y	ok	OK
B	1371	d5a1d9fbf2b1bcf49e34e62fcd73159569fcfc13d90584965a1453a097cea477	12732	12732	818	11065487916745720393	41775c361e5db0d0658b47c1ac103ee0dd5cab61968e3b60177de8eafeb90400	41775c361e5db0d0658b47c1ac103ee0dd5cab61968e3b60177de8eafeb90400	Y	ok	OK
B	1372	65f8dfcfbb88f3a0e0ecfd167c9fb888e28d835f233f973b8055e1f8fc460c6a	12897	12897	819	15482057904537798778	2bf6c912f00496b762bc64496ddd75a81df0c5a598369779aa7f839d02070000	2bf6c912f00496b762bc64496ddd75a81df0c5a598369779aa7f839d02070000	Y	ok	OK
B	1373	1debc540d8a9ee69e53024a07e5ebdf791999b4ce31d1619f0e366a58e493dcd	13065	13065	820	717105623984047839	b14cef930dd20ccd78efac07935fdc2fa5cb01473ed07e67dc903a9f45dc0300	b14cef930dd20ccd78efac07935fdc2fa5cb01473ed07e67dc903a9f45dc0300	Y	ok	OK
B	1373	baade6b0a14c31f2fb41289cef4291709602748b3328aca4c94b691c3e1033a7	13065	13065	820	717105623984015110	063168825da85cb84ce9d6af64dbc25c1768973c64a87779a17a54a501b20200	063168825da85cb84ce9d6af64dbc25c1768973c64a87779a17a54a501b20200	Y	ok_off_best_chain	OK_OFF_BEST_CHAIN
B	1374	f2d244f4e853379bc86ef51781d5061a37aadde6ce946cde4c3952c877128cc0	13238	13238	821	13694513406663459165	a28696393001510dbf2f495350ba1808187430cd16599112887528dbb7370000	a28696393001510dbf2f495350ba1808187430cd16599112887528dbb7370000	Y	ok	OK
B	1375	5110e9f8682485abf157e6539e65e10ec677d7add375740aaf9507489b2845da	13345	13345	822	17001222214051170733	b2b231f69af750ac805d07a13428b8dd387be06d4707e6d09be667d750ff0200	b2b231f69af750ac805d07a13428b8dd387be06d4707e6d09be667d750ff0200	Y	ok	OK
B	1376	04f15276b666b43cfd67d4a2f29c9823e51ef3a2f8bd5cf57b8593709d0e422b	13525	13525	823	2962712206497579601	5ce7860a5dcc11b939d5cde04a8c3518f18c0120f748817c314d8e4da2b60100	5ce7860a5dcc11b939d5cde04a8c3518f18c0120f748817c314d8e4da2b60100	Y	ok	OK
B	1377	6717e1f62f88145f2d4e70cb73b3419ebb7daa623c9a755eaf7e8fa024a5f1e9	13672	13672	824	18370459497412960200	ee33913a4c988c4544ca630d341aac0708193443d2ee154918c993c32e400400	ee33913a4c988c4544ca630d341aac0708193443d2ee154918c993c32e400400	Y	ok	OK
B	1378	9094b4bc9cc17c86037d0e238fdc44bea9c46ed33f4c29a803e56c137b86bf10	13861	13861	825	8590337240889101807	7ca4382010f97bfd81ee28b8316e350e5eb6b34b98c28eebfe05e981b0910000	7ca4382010f97bfd81ee28b8316e350e5eb6b34b98c28eebfe05e981b0910000	Y	ok	OK
B	1379	d7c1dc337e6f17e69fee975dbe29f44acd211717f6277a7c15172da6ffb0be11	13278	13278	826	6765636474130925207	46e6f6fb91ddbcb79296081441cd48be085afa69bb9daf95644113721a520300	46e6f6fb91ddbcb79296081441cd48be085afa69bb9daf95644113721a520300	Y	ok	OK
B	1380	1c2336592e34d5af02b6c2ba6b9482c9348220677791b43bdc9e0056ffab7c81	13176	13176	827	16088743058962652195	4e589527d460dd79b7e29c34a2598c02fc65b7ad897a94a4f9c659c535ea0000	4e589527d460dd79b7e29c34a2598c02fc65b7ad897a94a4f9c659c535ea0000	Y	ok	OK
B	1381	eb3e1687d8d3a04a50dffcc5ab68c18f7ffeb2ffd074a7c69d5a1737c044d085	13280	13280	828	2273267606418948448	528f44719645417239f57afed33acbfd4e4e5d64ee8279cb3a3791e98b480300	528f44719645417239f57afed33acbfd4e4e5d64ee8279cb3a3791e98b480300	Y	ok	OK
B	1382	5d4ea6723c9f364ab9c6ad2c42b37eadf242c32a5465d7ae8d3737deada66836	12779	12779	829	9879746922057564634	beea31993a35391a4c6c910b8a4f1aef962762da73428ecc78c18e423d140000	beea31993a35391a4c6c910b8a4f1aef962762da73428ecc78c18e423d140000	Y	ok	OK
B	1383	3d5a3e9283059be5b9d8b47f5a7d0d9e3f315caecbd2c0c9ed585a33e4cbdeae	12943	12943	830	2341193356018747999	b44a25cde07e4253b3f985b042878dc981723644b5e211b9ca43a3cd14230100	b44a25cde07e4253b3f985b042878dc981723644b5e211b9ca43a3cd14230100	Y	ok	OK
B	1384	188ad5edf8bd7dccc9988addb8ac3ec20c7881b4c15060a6a5684cb318cf79ea	13112	13112	831	6928242248035370088	a63d8582b263ec685cab69bd2dd250ee96aa649b49d49453be7ccda100b90000	a63d8582b263ec685cab69bd2dd250ee96aa649b49d49453be7ccda100b90000	Y	ok	OK
B	1385	c9f8fcb7fb959335ecc484dbcc9f4290bd82d0cc478c9af79be3098f0cfdb38b	13285	13285	832	15557744264904448765	08bbcaba57911c9f91c79ea70cfa3ff88e315b78fef7bebcd7a1d4fcbbe70100	08bbcaba57911c9f91c79ea70cfa3ff88e315b78fef7bebcd7a1d4fcbbe70100	Y	ok	OK
B	1386	21d6e2339b5769b5813c853b8c20561e3dc891f888c648e263a8d23f856ddaa6	13462	13462	833	13335150001198727323	166becc086686f213b2df80ed47c72bd121e710856250c3b4d2f7e52fb6e0300	166becc086686f213b2df80ed47c72bd121e710856250c3b4d2f7e52fb6e0300	Y	ok	OK
B	1387	92fa50c7f415c3014ece625176e069c1d21fdb5a269e9eb68f8eb98e9dba5b37	13015	13015	834	12823632607564531248	28f9efd0e2a24c83714f3dac85d211ee92b76c40e19365e9d62d4857a5e00300	28f9efd0e2a24c83714f3dac85d211ee92b76c40e19365e9d62d4857a5e00300	Y	ok	OK
B	1388	98c11f3ab6ebaf384dc152c0aea0eee1715fcc6b70662b24b26cbd1b23bbba32	13185	13185	835	6398493478438896220	91055e1659610145c09fa6a8f20b1c2196233fea667dbaedfe574368329f0300	91055e1659610145c09fa6a8f20b1c2196233fea667dbaedfe574368329f0300	Y	ok	OK
B	1389	799a2251b8118569c96d19ff6a6aa34c546464ceb00b5b7a2ca859884b6a2abe	13359	13359	836	14611832727901644400	b025917ef57a5693ca0186aef213c1d4f050aa9c5bdcef72f4718b712d0c0200	b025917ef57a5693ca0186aef213c1d4f050aa9c5bdcef72f4718b712d0c0200	Y	ok	OK
B	1390	58ce0bce9fa94089dd232dfda1a58c9112f1ac9763e5e59639033963df06dd58	13538	13538	837	18122196811312597172	2ecaf41e78a4de43f7abb625c3bbbe24fcba915db77256f958f05b5010680400	2ecaf41e78a4de43f7abb625c3bbbe24fcba915db77256f958f05b5010680400	Y	ok	OK
B	1391	0d42911d2fe0060e2c0ed21185b92e1e69556ffead7740189fad373e26bafc8f	12855	12855	838	7378695295598659308	1a8f7227160e7d105e1de07ff1f31c92a81ecb7adc90940c870694028d6c0300	1a8f7227160e7d105e1de07ff1f31c92a81ecb7adc90940c870694028d6c0300	Y	ok	OK
B	1392	4c47ac0d63ac266cb31d4cf35b4f1c8fa8eedaba84eecfc425c99f7c2985894d	12921	12921	839	5051535869773613715	62eae5d3cc85f088c9136d45181840678e593b952f95daf057c7184e50050000	62eae5d3cc85f088c9136d45181840678e593b952f95daf057c7184e50050000	Y	ok	OK
B	1393	2f06fd2a4b1b4149096e17ddf3c277ed54e752564a1572058ec9bf20e2fffea3	13022	13022	840	7813815619152807308	db7f52fb0935e37eea67fc20febf4fd54574c0b69a1360f4f33aadcb85b50200	db7f52fb0935e37eea67fc20febf4fd54574c0b69a1360f4f33aadcb85b50200	Y	ok	OK
B	1394	094c6ee643f88c84af025f8acc8703fb9250e4b17cafccc77a7432ced687f3fa	13023	13023	841	6778306606179320771	6e8eb8eb83447c1c63e2067513ff801ea4c58436617d61b2b8ec627b960c0300	6e8eb8eb83447c1c63e2067513ff801ea4c58436617d61b2b8ec627b960c0300	Y	ok	OK
B	1395	3f0402f06343cdf3b41f5b6dff17783fbce21daa521d333d0be7df68baa8bb7b	13159	13159	842	6376761227388977885	0893cc9c09ca414ebd58744ea00db354d66605438bfb459a8bffa36f2d520200	0893cc9c09ca414ebd58744ea00db354d66605438bfb459a8bffa36f2d520200	Y	ok	OK
B	1396	c458ee55e2f1b528ca6bd4ec0ba57480e129447d58ade2dbafd726901fab82c7	13332	13332	843	14763053277943693789	c1ae7f49669e77ccdebda6ecd9cfea0b833c6f2cb65ad38fa4f90eab9e0b0100	c1ae7f49669e77ccdebda6ecd9cfea0b833c6f2cb65ad38fa4f90eab9e0b0100	Y	ok	OK
B	1397	12e2d1bce95131245cc7e76cd16340eab10722da09eca3b3423ee5a0f8e6c9b8	13510	13510	844	13045721372121204654	93d9b8b0caa4455e49e1892387e73985f133239dddccbdb19c580b5fcb7b0400	93d9b8b0caa4455e49e1892387e73985f133239dddccbdb19c580b5fcb7b0400	Y	ok	OK
B	1398	4329fa869f5b2d18305743ddf87a7fe52de37c5b5cbbc2362e415cab84a3d000	13694	13694	845	6260216877495100244	2478fedf7cf0a3a14d4984a642a6d23dfee4f19f2156f8a0a9e14161b3870300	2478fedf7cf0a3a14d4984a642a6d23dfee4f19f2156f8a0a9e14161b3870300	Y	ok	OK
B	1399	be58b26943a3354995f0ca8317fde234ea1330cc00a986df41391c94369bc8c6	13882	13882	846	1722027554912666484	bbf44e02a2bcb83b0f8052eb6309abc4d9cd2b82361a8be4e4bf894c60500100	bbf44e02a2bcb83b0f8052eb6309abc4d9cd2b82361a8be4e4bf894c60500100	Y	ok	OK
B	1400	65b15eee382620af4168883544464243de8d923f8e14066fc8a30c1b8c4b3abe	13197	13197	847	14827309072478471579	3151322c916a9a847c8aa51200228c6739977c25fb77ae6cadff0bad90f00000	3151322c916a9a847c8aa51200228c6739977c25fb77ae6cadff0bad90f00000	Y	ok	OK
B	1401	06866d7dcf030fb0873b83ede17a8036ebbbcb595cb82a1120dbf433d2f28d36	13371	13371	848	10250054037336492286	968f706fb12e85b8d3d931c753e7a601199c524f093834d3b27199c058c90300	968f706fb12e85b8d3d931c753e7a601199c524f093834d3b27199c058c90300	Y	ok	OK
B	1402	23c8b5caf2582b83ac09d51c3302f17154b71d0a13c6a8cf5ee7cbf36c025d92	13550	13550	849	12005573382151178159	de1e7a53ad51171a30730aa61c23b8f2309c04816efd8c4d45116a5590220400	de1e7a53ad51171a30730aa61c23b8f2309c04816efd8c4d45116a5590220400	Y	ok	OK
B	1403	52e1e3ded2da788482349287cfe712a759692dbb668c9ce4c64f2966d5963c65	13623	13623	850	11731664905160361643	1b631534cb12e136020a7b2134f38fafc140ea9c87a129eca0c41e7cf0750400	1b631534cb12e136020a7b2134f38fafc140ea9c87a129eca0c41e7cf0750400	Y	ok	OK
B	1404	de0f6f375520e0f696c4749138b7b28cfe460feed88834564ab807598a8cf460	13697	13697	851	9964784006048261564	e46b88a78da732d5cf5d14efc17844a906deb7f192c40435ae5fdaa7630f0000	e46b88a78da732d5cf5d14efc17844a906deb7f192c40435ae5fdaa7630f0000	Y	ok	OK
B	1405	fe2ef739ae89df55f32db8436d6a1f1be41f7e4cb7168da2e6352109f2946597	13810	13810	852	11153786268188420272	573308e1d96ffa2abd217451125c33fb2383e293d894d18709a079c77f2a0400	573308e1d96ffa2abd217451125c33fb2383e293d894d18709a079c77f2a0400	Y	ok	OK
B	1406	9e3a108740433c58249e6ebca961f798529688d2d9d901b9925e95061cb090cc	12996	12996	853	6546609445730816583	8bd4622a9960e14d71028828b8e3248598f55f0d1b54bcb827ee6aac34420300	8bd4622a9960e14d71028828b8e3248598f55f0d1b54bcb827ee6aac34420300	Y	ok	OK
B	1406	e8d9c7decbdb36c8b476ba00c5437070f4e3e3b12ea9f769878b4108134c3cb7	12996	12996	853	6546609445730882232	be8df8959318b3528c155d745da82c0f843d1b9486c682bebb9b33bd58750300	be8df8959318b3528c155d745da82c0f843d1b9486c682bebb9b33bd58750300	Y	ok_off_best_chain	OK_OFF_BEST_CHAIN
B	1407	13666c7595f94b833f732a3f345534d58761729f3ce1ddf2433135bee8f01ea8	12212	12212	854	12015838431298028371	0ddea612914bf7093f41532345148ac01f44384e7174fa866b4042f816e70400	0ddea612914bf7093f41532345148ac01f44384e7174fa866b4042f816e70400	Y	ok	OK
B	1408	e2f93aacbb5344b36930bf2c5307cda1414406476e1c2b35a3ade2c68a81dfb1	12037	12037	855	11387068486317617957	69466b199bbbb854ac4d67d9f3496e959a1d29be6c914500dcaf8f1841590500	69466b199bbbb854ac4d67d9f3496e959a1d29be6c914500dcaf8f1841590500	Y	ok	OK
B	1409	488d52a065bf29ee186d56196b0a64f8bafc8df046987063d512103ad4572540	12181	12181	856	4495325407234490573	cfb2c88b6802c520f76fff79687d7c599361beff5101c4bd738666e3725a0100	cfb2c88b6802c520f76fff79687d7c599361beff5101c4bd738666e3725a0100	Y	ok	OK
B	1410	36a43bc9ed0def8f29e91b19bc352362ca35ff5fca668e797ba1cbb301186fce	11254	11254	857	9111100483635814863	126e477a74558bb6067e0532acc5c296382adc6bf6355e9ccebf56bd075b0200	126e477a74558bb6067e0532acc5c296382adc6bf6355e9ccebf56bd075b0200	Y	ok	OK
B	1411	ae1097dfb48944bf72aacf3bf94b291dcc5fddb9f65c73f40cd74578f3622fd9	11380	11380	858	2257962039488086932	4188590a8d1d57f51191a8e86c9d44b391e3a579a6aa6795315ae97fff240400	4188590a8d1d57f51191a8e86c9d44b391e3a579a6aa6795315ae97fff240400	Y	ok	OK
B	1412	8a14e45b9665bbd366e95ce5201d83480411d2d1c6840e8f587be7f973729244	10978	10978	859	13629043807126294309	0848ac46c4a527a78dd7cbf6b2e01a13222141d6d3632f2ea21dea26f93c0100	0848ac46c4a527a78dd7cbf6b2e01a13222141d6d3632f2ea21dea26f93c0100	Y	ok	OK
B	1413	aeefb9942170f50047ddfd1fcb50643675532fd8a5c671b3e93fc923a58a2e77	11097	11097	860	10850798925573524466	254d637b72e534896d9ed22d75e95ca7361eeea1324b78d156edc87532b60300	254d637b72e534896d9ed22d75e95ca7361eeea1324b78d156edc87532b60300	Y	ok	OK
B	1414	11ff1f84f39143768a04d224ff5223039e8d03e1d174546304ad3f756c87e930	11019	11019	861	5881202171290158026	fd5efe53b8e087173f7aba30d829f34f0a94fc058ac3d7cafe5cbb332df00400	fd5efe53b8e087173f7aba30d829f34f0a94fc058ac3d7cafe5cbb332df00400	Y	ok	OK
B	1415	5460c1017cd78bdba4b5825e31f4b16688a48b25521d4a162f8ca6449afd277e	10993	10993	862	4814107195727690981	902bbad283115b87a70cecd2d7de26d989d92eb6d6e7aab4cc7108db6baf0200	902bbad283115b87a70cecd2d7de26d989d92eb6d6e7aab4cc7108db6baf0200	Y	ok	OK
B	1416	474bf5ef144f01ce43af4acc92d74570a79333d303227d7fabf4d94ffd3ecfd5	11116	11116	863	4673884162850062403	0a36e335f30a92015902cd4e480d4b8e55e78050e210caa6a9cae55111340400	0a36e335f30a92015902cd4e480d4b8e55e78050e210caa6a9cae55111340400	Y	ok	OK
B	1417	a60c15a8e0d541a688a222ea73f364b4e5fbc761120548868ca1c4d0f1fa5ce4	10152	10152	864	5396955496408192168	52c1d6d59f8a30164458fb05660c9a74cfeb12496017583d1395470887fa0000	52c1d6d59f8a30164458fb05660c9a74cfeb12496017583d1395470887fa0000	Y	ok	OK
B	1418	33257deee6ffa5d4285c37e918863655501465f2f1469d222d7b785e39a3f93d	10256	10256	865	11136544620194922696	8e3551d808fced98bec7d027b197b811dc246726cd9060ae166b511fee430500	8e3551d808fced98bec7d027b197b811dc246726cd9060ae166b511fee430500	Y	ok	OK
B	1419	2299f51c2b783c7a523e0ec44d0ec1dbf5fef8cdf1310137b3ef57be7d40ae87	10149	10149	866	15141346287909180917	43aa498048678331bb126ae7ab9534dab5373761563a465e92690301a1f30500	43aa498048678331bb126ae7ab9534dab5373761563a465e92690301a1f30500	Y	ok	OK
B	1419	41e9c96919e33d49e9a8b004a6f25210fbde9db9e4d691aba520045b3b5b1b0e	10149	10149	866	15141346287909115390	d2fac4d002407f9621c916b493f24f30519708d144ab45036e5a4373e27d0000	d2fac4d002407f9621c916b493f24f30519708d144ab45036e5a4373e27d0000	Y	ok_off_best_chain	OK_OFF_BEST_CHAIN
B	1420	7e22ae02019f6b8e16e73e5173b1dfea670b52d4b3545c560c8a2a5ed2ff0c4d	10255	10255	867	14294745664784009426	6dd29e7097a09e8a5c0427bd7280b8faad245e447f46954e33207b814c1a0000	6dd29e7097a09e8a5c0427bd7280b8faad245e447f46954e33207b814c1a0000	Y	ok	OK
B	1421	a09b17f4cff8e2bde4bf8c5ac8c230d4f184b81fe96d10abccdfbe1fe6ce6c52	10125	10125	868	253890514892423185	550553ad5182eaadac024dfffa399fc0f4c55ff65b6f58b4783773f9093a0300	550553ad5182eaadac024dfffa399fc0f4c55ff65b6f58b4783773f9093a0300	Y	ok	OK
B	1422	fa282bedd73954320fd94939ce25bb8729a68267da611ddeec33442f2e7ed449	10165	10165	869	15609485405206938039	7b3c1e376b049d5bac3e9f28fde9912ea681f6f498baf96dc2ecd219d8090100	7b3c1e376b049d5bac3e9f28fde9912ea681f6f498baf96dc2ecd219d8090100	Y	ok	OK
B	1423	3d47aebd96eb033a21d856f4738a113e557aff680b0c475b7c5f6a10d70eb0a8	10272	10272	870	5997345422778141991	2c3c753452551931e242cc1721857e84d223c04fdb7de93aad3f4437cb200400	2c3c753452551931e242cc1721857e84d223c04fdb7de93aad3f4437cb200400	Y	ok	OK
B	1424	15a5f0ac6a71526804063baabbece5dad1a6de64a670563ec981b35ce3c21317	10381	10381	871	8609692541073330817	9b7214b294d6a5d41fbb5fa25c302e496abc8143c3fc433e95278001b51f0300	9b7214b294d6a5d41fbb5fa25c302e496abc8143c3fc433e95278001b51f0300	Y	ok	OK
B	1425	83c8a0df85eac49899d49946e14faf8fb214f5c452809c2a103ba61298fa2853	10449	10449	872	18145299779700132047	446f785ac3a6966e8ef648bda679536945d3cb1e138ffa4ab0958c435b0b0100	446f785ac3a6966e8ef648bda679536945d3cb1e138ffa4ab0958c435b0b0100	Y	ok	OK
B	1426	9f5d666fa6bfb7c7a828a26466c003382d2085a2af30ed3b08e4eb9d3de406c6	10312	10312	873	482835756650367914	7747bb986a7db9639fd3cc66763a642f92f1d901ee68f80c46e3755dfc690200	7747bb986a7db9639fd3cc66763a642f92f1d901ee68f80c46e3755dfc690200	Y	ok	OK
B	1427	eb1c628460df7707c907be4c49669523623b49af53d882bf3c6d1934a2b28269	10333	10333	874	2876312131815345733	b6c397b4a0b3af23392b09f79e55a2681a951e5be923c85d467f07d5450e0400	b6c397b4a0b3af23392b09f79e55a2681a951e5be923c85d467f07d5450e0400	Y	ok	OK
B	1427	85d42d2f676ca862227356fde169f127dc564d1839a8c4f6864ad9b401d542eb	10333	10333	874	2876312131815345901	7cb44a8f816e7ceb7d5408f57e736755aa219a3b2a452431e11fe85522bf0500	7cb44a8f816e7ceb7d5408f57e736755aa219a3b2a452431e11fe85522bf0500	Y	ok_off_best_chain	OK_OFF_BEST_CHAIN
B	1428	57b5b58b65d72519c6e0ee9efbca9bae4704271102ec53709c521792c2a3cd6b	10308	10308	875	803188704310006791	5e92b9054f3a905a024dca445fca3eaf8b162a5073bfe8e525211bf270440500	5e92b9054f3a905a024dca445fca3eaf8b162a5073bfe8e525211bf270440500	Y	ok	OK
B	1429	c4c1e5bc54dd7115accc86772593fbdef8c9f7f15fdf22c5cc5fff1f5049183d	10237	10237	876	3355402535249677130	0309345b9e1ad928464ad0bd694a379a167b27d3a692da74aecff0803a780400	0309345b9e1ad928464ad0bd694a379a167b27d3a692da74aecff0803a780400	Y	ok	OK
B	1430	4d0bfa891813319933366f0b3fec32581c74944cc7523460de47d3dbea9c6d17	10057	10057	877	2083390748690023130	ab53693c5e7158c6834b593ec76ac8d5ad5705df4246a8cc06c572047cd80300	ab53693c5e7158c6834b593ec76ac8d5ad5705df4246a8cc06c572047cd80300	Y	ok	OK
B	1431	1cc870bc52b7639153628d1a9a84736277219b1712b37564cd742893ede12ba2	10058	10058	878	12974502512181745457	0f9b3ee4ebce6bc4d533692451e57f76b397115e6a2e7151f681aac3719b0400	0f9b3ee4ebce6bc4d533692451e57f76b397115e6a2e7151f681aac3719b0400	Y	ok	OK
B	1432	d9f80cf86bea60cdc07ba76e848d8f8e1aff135908ed2679d7c411aaa8f0bf58	10169	10169	879	5534910533150540076	a3c0b307e7251203fc6ce84af3cccc5f68dfca236eeb3dc1dd28081f119b0200	a3c0b307e7251203fc6ce84af3cccc5f68dfca236eeb3dc1dd28081f119b0200	Y	ok	OK
B	1433	8fe73550608debf965d5505c7ee33852a84f2d11746c8bf266d3463d192ef9ce	9975	9975	880	11679858395455685309	467ea69efe1e3ca090502606adb1d2a98242fef9b1cdbf906c93cee422660200	467ea69efe1e3ca090502606adb1d2a98242fef9b1cdbf906c93cee422660200	Y	ok	OK
B	1434	17d310403c886917cbd83aab320d697ebb4e9fbf3092d1b7003cbda72520e19c	10085	10085	881	11634136587394155299	8887bc5d3183068c6716241d1c2f096fc0c9d1e5870b22a35de92cefaa780600	8887bc5d3183068c6716241d1c2f096fc0c9d1e5870b22a35de92cefaa780600	Y	ok	OK
B	1435	18e0354e724f1c2c91427e39576bb4f40a45a69d35a2763a6e1621285c9d408c	10198	10198	882	8235639737570920898	6354af11aa7acc6ce40a51990e838c6c4fbfdd202ff502db01f253a902490200	6354af11aa7acc6ce40a51990e838c6c4fbfdd202ff502db01f253a902490200	Y	ok	OK
B	1436	e3e8cc3f00cc3d99aedffd6e812967f8b3f1fc3487bab3b4f393895f0e74a0e1	10313	10313	883	7664476784477439136	2cc3a9c41fbb6130e1d6f2801f73b513f9061ab3a00dbae8d961459add0a0400	2cc3a9c41fbb6130e1d6f2801f73b513f9061ab3a00dbae8d961459add0a0400	Y	ok	OK
B	1437	0abd54ba942fc4bf6d05d6f056617cef369a5b7d23b80e9cba121aec60f681e8	10431	10431	884	1724541455105559017	a351f50d7b2e30b21d4200a738df505144741de21eb08a6153491020b16c0100	a351f50d7b2e30b21d4200a738df505144741de21eb08a6153491020b16c0100	Y	ok	OK
B	1437	ee3a2f85a30f8aa21018d01009a97294553dc4e7c61aaead7b7f89fb45ad6354	10431	10431	884	1724541455105526280	a7fd00c39536306eb3f479e7575b698182eefda3248be9acdf864b37804f0300	a7fd00c39536306eb3f479e7575b698182eefda3248be9acdf864b37804f0300	Y	ok_off_best_chain	OK_OFF_BEST_CHAIN
B	1438	4d992ddddf85d0a2498d417fd3c19fb3b836d113c95d23cccb6550fcbfe46ec1	10552	10552	885	15036695342408045438	2de1fe7728e5407be581cac9d9fa315d50a3aa587c01afc2d4729b81c7570500	2de1fe7728e5407be581cac9d9fa315d50a3aa587c01afc2d4729b81c7570500	Y	ok	OK
B	1439	dc742291c8f4a07ddb09ecb4a760d1e1d499a4afa22b6bca7ded102819c5c0c3	10602	10602	886	745140206964871119	7f9b02b01cbd42c85474a49e749534db357fdd4e2a6607d68db691661e950500	7f9b02b01cbd42c85474a49e749534db357fdd4e2a6607d68db691661e950500	Y	ok	OK
B	1440	5a6109a46a73346ad6c7580474096d611bb15f9ca6e58b1a3867555bc073e250	10411	10411	887	3299136814404608262	75917d3f49addaa7398bc5a2fb8047b38670443312f330328091e005028a0200	75917d3f49addaa7398bc5a2fb8047b38670443312f330328091e005028a0200	Y	ok	OK
B	1441	b446321ea83b118c8522023f136b445153cfd9c97f5eed0f8d868e1229c90cc6	10318	10318	888	5767577544459059293	cd8ec1692baea850f0bcc2746da9b15f458b311c431c28d7f46f0444eb4c0500	cd8ec1692baea850f0bcc2746da9b15f458b311c431c28d7f46f0444eb4c0500	Y	ok	OK
B	1442	98faf6cd7336a4571bb8e66c27435d48c08fa0538524c6721f94cbb13a7e12ae	9893	9893	889	11510654525287466137	d13cd2621c778dbfb3e848d39f9198ce5590f9d6cf241819fb4f2cfa88a70100	d13cd2621c778dbfb3e848d39f9198ce5590f9d6cf241819fb4f2cfa88a70100	Y	ok	OK
B	1443	c16a7c723d12a0fb11be130eec725729a3a60d3b78792c1ad34a175cdae5618d	10003	10003	890	5297174932151640034	8dd46f96542a49f904b513e4fbf4b1ddb19be0f7d79606cab719c1e7d95f0200	8dd46f96542a49f904b513e4fbf4b1ddb19be0f7d79606cab719c1e7d95f0200	Y	ok	OK
B	1444	5905dfe30e29f839610bd212956c76fbc5b21d6944006404b0d4eaec46c9a0b8	10116	10116	891	10387258760472103604	75f830666d9eadba12baea40a2f3b11be7b1bf7a62d3dcff3b4821d663050100	75f830666d9eadba12baea40a2f3b11be7b1bf7a62d3dcff3b4821d663050100	Y	ok	OK
B	1445	0dbc94b7514801ce55c9672bd7f76dc17ee6c627c3b3b8a0ef805440a882a24c	9789	9789	892	2600067935645045077	c04dd0c81ea2bbf8bce73989fc5f393c56cdc67fdadd6746412fb07c2c620100	c04dd0c81ea2bbf8bce73989fc5f393c56cdc67fdadd6746412fb07c2c620100	Y	ok	OK
B	1446	d2fe3a1af91c362d0563a8affa603ab5331cf79c4523915d3a36568a52012748	9790	9790	893	2385991874960752709	777146cf4edc5f3938637d0a8662234ffe22007cb026a42f36b76f2b7fbe0100	777146cf4edc5f3938637d0a8662234ffe22007cb026a42f36b76f2b7fbe0100	Y	ok	OK
B	1446	cb37701264841a645de445bf12a2379a704ddd61b87065f12822c14a4b0d571f	9790	9790	893	2385991874960720038	3c5fcd6ff240160cd762d1be626247a49d50ff22d2f0446f6ff92b60a0030100	3c5fcd6ff240160cd762d1be626247a49d50ff22d2f0446f6ff92b60a0030100	Y	ok_off_best_chain	OK_OFF_BEST_CHAIN
B	1447	de1f0ba06a1e0e4f50ba6da730cae7c0e0cdcf699f61031ac1d92f3223cb1893	9685	9685	894	2627231439128625203	b6507c4312b0a33dd86e7105ad1f32fc17a972efd0c3101ee24c2f9c55eb0200	b6507c4312b0a33dd86e7105ad1f32fc17a972efd0c3101ee24c2f9c55eb0200	Y	ok	OK
B	1448	ad440b20e8335f83720cd4620320a37b2bc2aad3da219f028b64fcacfdc36d0d	9791	9791	895	11527997135077245498	0a669e81c5aa6d6281549f4d0344e5aea3c74130aee126cd2eeb9d3cf4800200	0a669e81c5aa6d6281549f4d0344e5aea3c74130aee126cd2eeb9d3cf4800200	Y	ok	OK
B	1449	3293fcc9d3324a89f2cf08d9449b0c749a7174ee7e1af3c22fa51c3e7d5b63b3	9899	9899	896	5061204957848439981	2fc5a09065e43f4047c24deee5254fae8630d0b49b080ab4261b837c0dcd0400	2fc5a09065e43f4047c24deee5254fae8630d0b49b080ab4261b837c0dcd0400	Y	ok	OK
B	1450	0811760d6c8366521b10cab3b1ef8d7a6f1f7f73654802c528f35eb32f77bce9	10010	10010	897	15507190004454523411	105912ad584d17dec6ee27e5d2ff3831289d3a849d94f479b1119a0c470b0100	105912ad584d17dec6ee27e5d2ff3831289d3a849d94f479b1119a0c470b0100	Y	ok	OK
B	1451	5cf425827beb484c28e72f3ad027c9a3e40de6a49f22aec673b9beb9c3b0e989	10124	10124	898	4041497863996351565	4acfcb09f514ab12a17298f80521a08e8292d677905007493a7f28a7f8330500	4acfcb09f514ab12a17298f80521a08e8292d677905007493a7f28a7f8330500	Y	ok	OK
B	1452	5dbe994035cb27eea1b229d8682c3b9628ad5711d72aaed9eac3d3b651a4c1f9	10240	10240	899	13671598764001955664	73a89cc651bff6c7772bffd1d08f5e2afd491d1e5de45e44d69a9defe3230200	73a89cc651bff6c7772bffd1d08f5e2afd491d1e5de45e44d69a9defe3230200	Y	ok	OK
B	1453	d73340e3a3ae9c39d48c7dfa60bbd2dd3869773e8fe5e0e23da18e154d751bf0	9826	9826	900	4861537949801550582	8a50ff28b71eb943c4f4d40bdeb6d52c738242198dc556b4993139cd42250000	8a50ff28b71eb943c4f4d40bdeb6d52c738242198dc556b4993139cd42250000	Y	ok	OK
B	1454	9f2bc813d0d2cdda4e388981648e5a9e7fa1ae8a8eebc5d18342f7253fe2f229	9736	9736	901	17350230904336878482	c19649ebd4f321e7b8970c0c84f1d2915c938bcf887ec67507826abf8f770300	c19649ebd4f321e7b8970c0c84f1d2915c938bcf887ec67507826abf8f770300	Y	ok	OK
B	1455	d45f265fd99d7ccbf33210352215f8ab9240eafadc4ea67dba2ed58b4c6f8db7	9584	9584	902	16861054620611379577	d45237eaaf8852f450c373015158ee89dfe006e985d4b4379e6c7e6f8a0a0600	d45237eaaf8852f450c373015158ee89dfe006e985d4b4379e6c7e6f8a0a0600	Y	ok	OK
B	1456	cf1b0700f4cfd846ce62c4bb1c9f2cf8508d34294ae89039e69694f3f6b8a3dd	9562	9562	903	2759292122883528183	3a99cc09ecbed77a6350b00eca14ee733652da8bcdaf4e6ad3d6403817b50200	3a99cc09ecbed77a6350b00eca14ee733652da8bcdaf4e6ad3d6403817b50200	Y	ok	OK
B	1457	004170a421e6f8b29e43d565349a3aafe55f7f56a2d7bea367d03e74dc60bc8e	9667	9667	904	12587029963103797699	a498d5fa062723a1b297beac3c6d745b59d513e9775157d0bb7b4c1b0c910500	a498d5fa062723a1b297beac3c6d745b59d513e9775157d0bb7b4c1b0c910500	Y	ok	OK
B	1458	185de2d75fc71bf2cf5a93a5406d5c2dc18d7f64901374fbef8d4ba948e34024	9517	9517	905	3859783209361375886	820556a867b2061e8f02a74d197513444839163292093c28eac69082a0430500	820556a867b2061e8f02a74d197513444839163292093c28eac69082a0430500	Y	ok	OK
B	1458	921f0bd186710282fc821e15ac407cd4ac8afda60e869b5c4b9026d086ae60af	9517	9517	905	3859783209361408874	b45d66fb05fe718a9a86f2cb95d72c076f1ff53b05b718a2bd83ef333c1f0300	b45d66fb05fe718a9a86f2cb95d72c076f1ff53b05b718a2bd83ef333c1f0300	Y	ok_off_best_chain	OK_OFF_BEST_CHAIN
B	1459	155201c7f19762225ea3f514f741251e165013a94440bf9354907105107a869e	9624	9624	906	7138612778440327583	8bff47211dfb3481d17099cb1036ac1e5a9a410342abde8383c18dfc98550300	8bff47211dfb3481d17099cb1036ac1e5a9a410342abde8383c18dfc98550300	Y	ok	OK
B	1460	58501c993d45dbaae27a426e06e4e65896e78d5a2c96f35161a2710676517ecf	9732	9732	907	13644089550010646677	8c946f8044361ce2a39f5cb5fb3f2fbfebe1f0f09894cc51b3cd67cb48400300	8c946f8044361ce2a39f5cb5fb3f2fbfebe1f0f09894cc51b3cd67cb48400300	Y	ok	OK
B	1461	a3e2c5e5d24a56560678710f63a165d8c4cb25ace20e0a00f5dcc7cecbad2a87	9844	9844	908	3543892822916694162	0c0348e46d68419365b5316d6c4d38ccadf43469c6983b66db87ba1987cf0400	0c0348e46d68419365b5316d6c4d38ccadf43469c6983b66db87ba1987cf0400	Y	ok	OK
B	1462	57b57134bbb4c4ebc6f9c3344b59a7dc28e91a01f4774bec7f9e7f115cda6ce9	9958	9958	909	12374632753595941142	5d5ba48f916259803311795b90833080caf36244c6b8e852aee31e9450f20000	5d5ba48f916259803311795b90833080caf36244c6b8e852aee31e9450f20000	Y	ok	OK
B	1463	8ef21d12aa5c6e0b51cb4ed8ab096bac70442b35c6ec1b1af8d66359afa2f71c	10077	10077	910	7645151609193858954	f1d155b3850b89ed7ce30e34e65e544d2715af4ba54906a88999fd65ba370500	f1d155b3850b89ed7ce30e34e65e544d2715af4ba54906a88999fd65ba370500	Y	ok	OK
B	1464	8e9fe662f0b514ce073da55929c8a055eb0e457b8db9149bfbe7abd96a9cc535	10199	10199	911	9160797631822174683	3e7871757f79afcaf0cb30b59f391ce4c566fd7b39f009bdd76e6f544f7e0000	3e7871757f79afcaf0cb30b59f391ce4c566fd7b39f009bdd76e6f544f7e0000	Y	ok	OK
B	1465	76425ee1d0aa608db4d28b44b66da47479111c2aaf69d41fd4870b2183bdde03	10325	10325	912	5579375096910381256	c98ac31d19a221d0d0d3f9b793ddd4bc646f3cff5dbff9529a410fc2d9e30200	c98ac31d19a221d0d0d3f9b793ddd4bc646f3cff5dbff9529a410fc2d9e30200	Y	ok	OK
B	1466	9c8b440202418c42fded3293cbdd7f578223afef43bc86f2c390bbe01f86a68b	10349	10349	913	16360161266670602974	c9d2f64e3385d8d79bd3d527085b1bd908085dd52fb0a97c3442a8c318400500	c9d2f64e3385d8d79bd3d527085b1bd908085dd52fb0a97c3442a8c318400500	Y	ok	OK
B	1467	3f5166bf9496a1f6a8165cfa19ebc9e8f126c3c609fa4892809901ac1150bb1c	10481	10481	914	17315181467235549893	520878c613455afa5fb675f59d58b334480ba141bd1f477f1d8387173f160000	520878c613455afa5fb675f59d58b334480ba141bd1f477f1d8387173f160000	Y	ok	OK
B	1468	d4d84020d60033e3dd924be0bebbaf4d5f387fee87a0fceae0b156b2bae34240	10563	10563	915	6655865931908056798	713a6a3d5a8c31db47d874f0dbcbd7da4b773dd4d524a43aed1fb9c61a680500	713a6a3d5a8c31db47d874f0dbcbd7da4b773dd4d524a43aed1fb9c61a680500	Y	ok	OK
B	1469	f8824aa8255834f892724469029e2d4c20e93bf454ded8efe4f7c420308f7719	10701	10701	916	17408133523117807088	097d2399257ba25b5636592511be9169bbc1477960de495b51a1907b14be0000	097d2399257ba25b5636592511be9169bbc1477960de495b51a1907b14be0000	Y	ok	OK
B	1470	6d374b3df1bac278a48801481aaf2b34c88216f3a89b1efee69955348aed4643	10844	10844	917	9951166764991651055	cd56934a821c8a623224f36dbccac19fc7b5851c9c6cb7172a35e1364f910300	cd56934a821c8a623224f36dbccac19fc7b5851c9c6cb7172a35e1364f910300	Y	ok	OK
B	1471	0bca34488da171f60362c52100d64c8aa0de7e0913b8f0a9820aebd8586b1857	10594	10594	918	7037195715679882577	84bd8f5022909b40d46a34c50f49d78de9b0a06fb35942e8fb9dd6cd2c130100	84bd8f5022909b40d46a34c50f49d78de9b0a06fb35942e8fb9dd6cd2c130100	Y	ok	OK
B	1472	af93e61f594f9716f948fb333bc192cca1d6deb5a52b4aa0b79d19894d76018f	10172	10172	919	3173397888717884156	6602c25721adf7a132374395b521e24be2af2fe9bf9910842cd8af5858450100	6602c25721adf7a132374395b521e24be2af2fe9bf9910842cd8af5858450100	Y	ok	OK
B	1473	94af384b477ea9551de3838df9968f19802116ef95a4e46db1e263d3c6716448	10121	10121	920	17306486189980648092	0dd2a887d1e9a79149a5fafd390b11016d687e4f7b9b73d7cca19365214e0100	0dd2a887d1e9a79149a5fafd390b11016d687e4f7b9b73d7cca19365214e0100	Y	ok	OK
B	1474	c96e2391a786f793087cc8da8aaffb946d769c6ef0f55c3cc4d652741fa4c962	10093	10093	921	14008761002477237370	582a9bf86f03bc727f2a5488a24fbdcfbc475a95564fa69e155a11cf46c80200	582a9bf86f03bc727f2a5488a24fbdcfbc475a95564fa69e155a11cf46c80200	Y	ok	OK
B	1475	ea2cce5e9406fef04ba88be72fdbac32f7c5e1b70747cdac27533c9a0b064113	10218	10218	922	3000925587092112536	8bda6577c7161a2ed7caaee26d247ac87291f78b0f4b24cb040fbe46c2110400	8bda6577c7161a2ed7caaee26d247ac87291f78b0f4b24cb040fbe46c2110400	Y	ok	OK
B	1476	39a46caf5c61c43fda1c62aebc83cbd1fed19e2a5e17e97e3b52a93ba7fe393a	9427	9427	923	5402898580094586556	2020d779bfc8a5f7c3dbaa069229dbd65f9f6e6050f4fb8a85d82a091b670300	2020d779bfc8a5f7c3dbaa069229dbd65f9f6e6050f4fb8a85d82a091b670300	Y	ok	OK
B	1477	d032efcb59a3bf340ae5a1ee9da19a68bb9b2b27cb27e2b0bfa812ff3fefb9aa	9536	9536	924	4252447656640544832	0147182b2eb4f745ffcc3b51e84fcca1dddceb94f21627be4578e3eaa6120600	0147182b2eb4f745ffcc3b51e84fcca1dddceb94f21627be4578e3eaa6120600	Y	ok	OK
B	1478	dbb01d6a097faca46eb0f36f52c17599ce0b77167b8457edd1d9cd10a95747da	9442	9442	925	9050998356268058128	94c5365b0efc719a4f19e1d7dc1f330781a2729cf1b2ead43d9938e542fc0400	94c5365b0efc719a4f19e1d7dc1f330781a2729cf1b2ead43d9938e542fc0400	Y	ok	OK
B	1479	c3e21a26657fe7a65a9717f5b34f2ef14ecda8cc5f703238df4185e07cdc8715	9551	9551	926	3023450182298633619	0d38c848a104f72cc10c66965a8a96a9a7dd4fe2a197a916061a5aea9b7b0100	0d38c848a104f72cc10c66965a8a96a9a7dd4fe2a197a916061a5aea9b7b0100	Y	ok	OK
B	1480	47587c8d13c89a826ff5d021b2d179e988c4e6d8fb7e14d24382b999f1ee96db	9664	9664	927	15242124289600686475	d7da41b7891475111244255f5d5f9e275bfae6b3edec196610fc3223b66e0500	d7da41b7891475111244255f5d5f9e275bfae6b3edec196610fc3223b66e0500	Y	ok	OK
B	1481	5d8fc7c1317746b0c86bccfa90ab386d96a2dd02018384efcf2cb359f05e3249	9781	9781	928	8769909003196039924	2489e1da13a8dbea936059c977f630979c8bbbd47a01d09f4ce098a49b010300	2489e1da13a8dbea936059c977f630979c8bbbd47a01d09f4ce098a49b010300	Y	ok	OK
B	1482	4613c1e61e3b202137b1abb0ace345c4cab0b0fa6fd2238e21cbf6cc0d968701	9804	9804	929	4703018145789611958	0b2682b9b8ed1efe1b49bcfa630ebe9aef631195cc49e28355805be9910c0500	0b2682b9b8ed1efe1b49bcfa630ebe9aef631195cc49e28355805be9910c0500	Y	ok	OK
B	1483	460a5ea727aa3a2ca79721fe8c14a1aa68739f1413f428c05e591878daf60d47	9930	9930	930	18094441719033495879	21cb060802dd6358e37af56868a228087eac9005f1b6795cd66380d667330400	21cb060802dd6358e37af56868a228087eac9005f1b6795cd66380d667330400	Y	ok	OK
B	1484	d7de262b4d1608a5b32e86b3e3f76ff25cf7eeb1042ef2baaceeffc9964e83af	9855	9855	931	11964617334225669766	89bffafc0d2e9c00fcc39f9277d44c60b672fb9c9f18f51c0754c6b54acc0400	89bffafc0d2e9c00fcc39f9277d44c60b672fb9c9f18f51c0754c6b54acc0400	Y	ok	OK
B	1484	0efa2f0f9ba7962c71e15cd7da52b38c521a40ef91038b927436190dfc4390e8	9855	9855	931	11964617334225735526	7197b0f72b2f3cb75483bba629b111fd7eb428e086fb434de075ed5100240600	7197b0f72b2f3cb75483bba629b111fd7eb428e086fb434de075ed5100240600	Y	ok_off_best_chain	OK_OFF_BEST_CHAIN
B	1485	0c6fbf1e12a3348bb3ad4020904c8e3969c8506573e45297b3d3209855201d3d	9983	9983	932	11482067222965354545	5ba33de108c5550aae93a081a41e8e125d5d7050598c7d28e6bfeef0bb040400	5ba33de108c5550aae93a081a41e8e125d5d7050598c7d28e6bfeef0bb040400	Y	ok	OK
B	1486	0140da4edd29267cdc64a078ccc09420d53b0bf33e1e2bbc88f0d5b832229630	9985	9985	933	13286753008332376481	840441e6513377388416feee241ae1e3f2ba7c582747af218ea3150dd3080400	840441e6513377388416feee241ae1e3f2ba7c582747af218ea3150dd3080400	Y	ok	OK
B	1487	b831d156f344604facf06b5268f4fdef00e31312d04344f985d5ac9fdcf3a6cf	10118	10118	934	8773610552040625127	c28f4989a979bbc549e72a97cec3d14ce80fa584140a3b2fe10d6abe4afd0500	c28f4989a979bbc549e72a97cec3d14ce80fa584140a3b2fe10d6abe4afd0500	Y	ok	OK
B	1488	5e3bda5a25f57246bf89b31776a3e8e304c9c3a37df25a525864018995739cd0	10227	10227	935	5004024031012225145	9cd2f3e09745c8d778effe7f1748186ab5524601b7394ccec4c80104e2b20100	9cd2f3e09745c8d778effe7f1748186ab5524601b7394ccec4c80104e2b20100	Y	ok	OK
B	1489	3b9e8dc13f1f91635aaf75b9d92d603f5efc7e595d8786cccb9a45403922f7cf	10016	10016	936	7756927132344882283	5021c8b9c9327afb9c76ad7a9d5dd828a3be881366135a0ad469b167ae130500	5021c8b9c9327afb9c76ad7a9d5dd828a3be881366135a0ad469b167ae130500	Y	ok	OK
B	1490	ca23823733ec779de85da56ba2c18f2a4de75dbdc3513a1cc82fd13b5d458568	10150	10150	937	17468265904235122249	4bd87e20cc3f0314307152e146a9ef834040a42274e108fb00e81bae57560100	4bd87e20cc3f0314307152e146a9ef834040a42274e108fb00e81bae57560100	Y	ok	OK
B	1491	ab6d7a6668ca053c14d10240fd4da1109cb50eb354dd9a631910eba49dbc48cd	10019	10019	938	15747220342055108974	45d10622bed5b0620c3e0cb1333a3823d4fce5b3ea365a4ee4ef91a67d370600	45d10622bed5b0620c3e0cb1333a3823d4fce5b3ea365a4ee4ef91a67d370600	Y	ok	OK
B	1492	f8db5d8ee8dd3e8237d783f03cbed092541abaf462ef32666e625a0bfd0a599c	9943	9943	939	3416654214909234773	2a0c403e8a186fee0fb981c40bc525d135c849cb9cccb0bb8730493d930d0200	2a0c403e8a186fee0fb981c40bc525d135c849cb9cccb0bb8730493d930d0200	Y	ok	OK
B	1493	066c162661c0e41b4162a23f7889797384236b46f527b79296a3e5be1a8591b4	10074	10074	940	11688890307952352634	cde2213c99902ba8528a148d7e659f723c0bf283dbe6a68e9abd86516f150200	cde2213c99902ba8528a148d7e659f723c0bf283dbe6a68e9abd86516f150200	Y	ok	OK
B	1494	b045c59a7f623b0735d29572dee8521d4bbd82895ff57bb653327064e386eacf	10074	10074	941	10330484751722416669	ea9cb6f483606fb9943862b533fed89bf3d6583483906cdd970deaf4ce410100	ea9cb6f483606fb9943862b533fed89bf3d6583483906cdd970deaf4ce410100	Y	ok	OK
B	1495	cb2acbf57871490741411a204e6f9b3f0f7c06c8fc436f7de5db18c9d2324ca6	9642	9642	942	14459676609428363846	640ebe1b101ec660c44827a175325a835df43099f986648f4ed5f5a5d7210500	640ebe1b101ec660c44827a175325a835df43099f986648f4ed5f5a5d7210500	Y	ok	OK
B	1496	7fafdee0d275c4e5a9cfebc255ef56d6d85667d62484c9de772ce6ef1343fd3c	9667	9667	943	13538030851668903620	1ae0b63dfdc4d8de6f3518c037418fb6cdb295dd61eb4db0286800ff56b40500	1ae0b63dfdc4d8de6f3518c037418fb6cdb295dd61eb4db0286800ff56b40500	Y	ok	OK
B	1497	6224e4cf133013d7613e830742aea2123a0cfb978d0ab263d31618c4d9471de0	9336	9336	944	4228495749312251515	4fc8524895f4ec0fe9f946e0842d1bac310d25b6474674d274ebf079d0b80300	4fc8524895f4ec0fe9f946e0842d1bac310d25b6474674d274ebf079d0b80300	Y	ok	OK
B	1498	011f77a4cb0303b78af2849de3a750928802a2bd287e83de92c220d16bdfa363	9429	9429	945	3934737037286015945	1e2ec8b51b5d11a088bc33997d4492663416ad716b5779090307379d54e90300	1e2ec8b51b5d11a088bc33997d4492663416ad716b5779090307379d54e90300	Y	ok	OK
B	1499	6c1c0cad5920cd4e8e7ca5b6a9aacca6d251cf84e259e8fc55aa169e22a27cf1	9499	9499	946	16682830730711011335	ee121aaf1e045f73a883c158e111887d00cdf710461333930821dd59d0780400	ee121aaf1e045f73a883c158e111887d00cdf710461333930821dd59d0780400	Y	ok	OK
B	1500	1a1d7cc2962c0a64764813468c0654900ab0f735f310789c4aac4780dd37d236	9620	9620	947	5176352648802175398	a7948ffb27e870db040294001e8f16ccdcbb63b375f6e3071b5060032d630300	a7948ffb27e870db040294001e8f16ccdcbb63b375f6e3071b5060032d630300	Y	ok	OK
B	1500	1b8169b2acc76211ef74cbfccc127977fbb6e0afc39931ba0a11b9b13127fe45	9620	9620	947	5176352648802175650	b85f3e5f267cd00c998ca9dccdb925fc4b2d1e0c10d11c6e870d8182d9390000	b85f3e5f267cd00c998ca9dccdb925fc4b2d1e0c10d11c6e870d8182d9390000	Y	ok_off_best_chain	OK_OFF_BEST_CHAIN
B	1501	e3a350d16d274022caddeee256cfeb9393d86cf74d21bb13fdc799e389bb0b50	9524	9524	948	11138154081879687688	bed364e00754fac975b45c0dfe1addaa71813e0b7ec4bb66f98759dce9590000	bed364e00754fac975b45c0dfe1addaa71813e0b7ec4bb66f98759dce9590000	Y	ok	OK
B	1502	6593df3002ed833964fcf984bac06a0c98ebb5cb13b9841d3b308379a92d1bd7	9549	9549	949	15457394411322777654	42be46bdd69a00d963c61e72c9ac8154a33c5336b6fafc0f3709f7af58420600	42be46bdd69a00d963c61e72c9ac8154a33c5336b6fafc0f3709f7af58420600	Y	ok	OK
B	1502	1c5ce650abf6aca1bc9d04e7a0bb0d3f40409961631fa76033442c1d1003c9ab	9549	9549	949	15457394411322744929	bc67f43e95c7b9212e9fea666c8bb9a1090caf493847a0b1a997d56e159b0200	bc67f43e95c7b9212e9fea666c8bb9a1090caf493847a0b1a997d56e159b0200	Y	ok_off_best_chain	OK_OFF_BEST_CHAIN
B	1503	0e6b4607974259e0eb4ce9f0d6fde13fa9c15e64ba93c55c9a1044879fcf7921	9671	9671	950	13727583645525377988	defae3b5208fb3f095b1a2f7f7ccf06d34b5b08fd31068bc90de4b456c810200	defae3b5208fb3f095b1a2f7f7ccf06d34b5b08fd31068bc90de4b456c810200	Y	ok	OK
B	1504	e42f7d84f1449414263cd8ee7ab603e1232ad29aacc1bc0da08cabb6a9c84971	9292	9292	951	12427177005538186049	6bfaaeaf86b87683af3ca9cc1ebdb3bf207f4b1830ab166341a482c737090200	6bfaaeaf86b87683af3ca9cc1ebdb3bf207f4b1830ab166341a482c737090200	Y	ok	OK
B	1505	4a40750c30feeb4cbf83cec9b7763f49d8a1c83f1a2e5a825425e88e52c3e216	9408	9408	952	16332849681304389422	d598f2832a0de5662172a8a26bd24f37a232534e0c406e18885121a75abd0400	d598f2832a0de5662172a8a26bd24f37a232534e0c406e18885121a75abd0400	Y	ok	OK
B	1506	5af69970a89d9af29e5490352ee9f43a993753c596237415e613d03e886a62da	9247	9247	953	17499452825707547335	38001aa8438589270bc2edd682f2e83b7d7546ac6426787eff12a38527ea0100	38001aa8438589270bc2edd682f2e83b7d7546ac6426787eff12a38527ea0100	Y	ok	OK
B	1507	d112ffca58f650ca3f423ff232888df5084367cc1bf54b984f7205f65caf9d3f	9316	9316	954	12881358587225445775	2d20d2b1dafd7d61f91ec288f540ef97bb305f910c5f768a3710c7f63cd50400	2d20d2b1dafd7d61f91ec288f540ef97bb305f910c5f768a3710c7f63cd50400	Y	ok	OK
B	1507	6be708eb4ae130ab41a2cdb10d7a34333d430c99f8e654757bb7358b3e5478dd	9316	9316	954	12881358587225544248	a6a2edaab94d1735b267f44a594615a530973265bf75c9e5f7137dfe06740100	a6a2edaab94d1735b267f44a594615a530973265bf75c9e5f7137dfe06740100	Y	ok_off_best_chain	OK_OFF_BEST_CHAIN
B	1508	ffccd43e4413d3089c758f5a878d1fe9d28d5c92c031b59e37aaa92e20068fdf	9316	9316	955	772519390821290993	cb5b5e3f91afdcc317a20dae6c89c2250927e82aad92cf6ffc733b7fe9780400	cb5b5e3f91afdcc317a20dae6c89c2250927e82aad92cf6ffc733b7fe9780400	Y	ok	OK
B	1509	59fdc1f41e6b8ed7371f0107f979416b61b6c895e9661bc594d4abc27f0d8260	9092	9092	956	10795481327349048586	47993de901a81f748cfafa3b4ab6c2e29871a27e90bdaeae30b65a54bbc00100	47993de901a81f748cfafa3b4ab6c2e29871a27e90bdaeae30b65a54bbc00100	Y	ok	OK
B	1510	f80acb3fafbe858de0931824f308cc2eed97f2d86ced45d3219b8e2c69dfc1e0	8920	8920	957	3509692243151685897	e4c398bf7be1fa6d04e5929ed651aaf2c1c7314e39fefe3c39a9da137e690200	e4c398bf7be1fa6d04e5929ed651aaf2c1c7314e39fefe3c39a9da137e690200	Y	ok	OK
B	1511	ebaee8a2ce54ce5f69994956997e03ff73a26917645ff6e1071de9fc8965050f	8458	8458	958	7727791126475736985	f2ac9951e05e5be6f0eeb6bcbf32eb85dfaef345c2a682d23f47f0e786610700	f2ac9951e05e5be6f0eeb6bcbf32eb85dfaef345c2a682d23f47f0e786610700	Y	ok	OK
B	1512	e0dfa6b90b877d637e3e3d68e6958fd8ab26563e7b8127cee265c8e2e18fc8e1	8496	8496	959	13314850001482974033	6847558fc38c75e84910adbf998469ba115c796da5dcb28cd4bfb389d5200100	6847558fc38c75e84910adbf998469ba115c796da5dcb28cd4bfb389d5200100	Y	ok	OK
B	1513	32e5aff581e00b64c20c04ac293e0c11384b2cca00ee9e2f0fca305ced30cdb0	8535	8535	960	3353187380096961242	76e49261d600f6240da0416f8a84eb1d9c7783328d2571072ea531f438790700	76e49261d600f6240da0416f8a84eb1d9c7783328d2571072ea531f438790700	Y	ok	OK
B	1514	4c8c630fe2ae619c2051d26a3f372add53f6f8030a0542d0024af9762ff10889	8634	8634	961	14945268339218317976	6b87e72746cabcc53ce7bec28fd4d1a45cafe91ffd3e71f69047ff8e2bb50500	6b87e72746cabcc53ce7bec28fd4d1a45cafe91ffd3e71f69047ff8e2bb50500	Y	ok	OK
B	1515	eadeaf1278156e20a2787979f1eab286d41008105024a943c28e122c0e9af808	8653	8653	962	15046075130075712980	f76d93e90941f2b738ae93f2420ed267e39b8cd77de0e63ec27ea62590220000	f76d93e90941f2b738ae93f2420ed267e39b8cd77de0e63ec27ea62590220000	Y	ok	OK
B	1516	6d3c3c08ada0e56ba2f7bda825e32483644b229db3e5a9b441d7a39750e56ac9	8756	8756	963	9942599808474775590	36c7c41b9cb580189f6a42adaff1500608c9df169a63ec30dba9bd77d32f0600	36c7c41b9cb580189f6a42adaff1500608c9df169a63ec30dba9bd77d32f0600	Y	ok	OK
B	1517	00f3c79cbddda8a46984d1d74f09874045c08c6abbd8ae997bc97de3c0d1320b	8735	8735	964	858110594312638055	2365a57b954c6a1c3bac40342478a37cc5fbcff22cec5e2f28e3dec75eac0500	2365a57b954c6a1c3bac40342478a37cc5fbcff22cec5e2f28e3dec75eac0500	Y	ok	OK
B	1518	2750e9b346759b5e1fce40883f4bc4e4cbd4cec80e425d21d97f33f43529e5a2	8839	8839	965	16920548563430247243	8a2a0f138cb0df4983068335faae9eecbcb45201d8894bfba97d5f8485050000	8a2a0f138cb0df4983068335faae9eecbcb45201d8894bfba97d5f8485050000	Y	ok	OK
B	1518	510a510b7ceae60f552ba1ca526c9796020d98e19c9771608e39fa97ce4ef5d3	8839	8839	965	16920548563430214694	c6eff12d31d5bdd4454ec7772d2730cea14ecfaf90b631ab58fcdc9b277d0500	c6eff12d31d5bdd4454ec7772d2730cea14ecfaf90b631ab58fcdc9b277d0500	Y	ok_off_best_chain	OK_OFF_BEST_CHAIN
B	1519	e1b045ed713ff4c9b381f38c0c6e8d2d6dfabc052c632c2a1d7f779bfca87066	8860	8860	966	10021530127575285864	441b1765d61394eb9201485047e2e2e4861a9712f18dbb5c732ebf14f7c90400	441b1765d61394eb9201485047e2e2e4861a9712f18dbb5c732ebf14f7c90400	Y	ok	OK
B	1520	02275800b7b5153f047a636968c4e2b95aed5ad30ccb96862c372e039372975a	8839	8839	967	13090016791478996253	66995db6293ef730ff8867d5aedc2cdd3c9d7c3baffdf81e02259ff326a60400	66995db6293ef730ff8867d5aedc2cdd3c9d7c3baffdf81e02259ff326a60400	Y	ok	OK
B	1521	74aa32c39638d40d3242f2cd2200503a62956e9e8f01cb4f4a51b7228eaf8e6f	8947	8947	968	13886174561310934063	911ebb655a4db37f544a2c79157647c6ce54541cf6fd15cc12e3abbce4b20400	911ebb655a4db37f544a2c79157647c6ce54541cf6fd15cc12e3abbce4b20400	Y	ok	OK
B	1522	3fb32ff48dab34c4fe7aa21cb9fd927928805252671f51bc2461ac9af77d5278	8968	8968	969	8446989078137673356	7caaa1487a0ee455f185a4c6ef91430e2233855e8b52c64879fdb5ea2bda0000	7caaa1487a0ee455f185a4c6ef91430e2233855e8b52c64879fdb5ea2bda0000	Y	ok	OK
B	1523	6ac9f9863bfe3e391532c3e523d74cd505d5e495708cbf15fafb44ebbbc45d40	9079	9079	970	16917591718965118225	ea9db07763a9c435d37ece5184be8428256ca1a96b0dda826e659d02a4660400	ea9db07763a9c435d37ece5184be8428256ca1a96b0dda826e659d02a4660400	Y	ok	OK
B	1524	5e333488eaebca4246eb6eac97ce2adff322087df24519f0972477ecbd525fd2	8859	8859	971	7712966363953793468	418bfff4ceb0c2e085e325f5be1c6e4ec733494340bafe1668da5414a5030300	418bfff4ceb0c2e085e325f5be1c6e4ec733494340bafe1668da5414a5030300	Y	ok	OK
B	1525	eb508bfcf00e925fcbff5011bd489ff6f7d0f864472d0024e8e9190117dceea0	8967	8967	972	17839108155259323693	9fa863b34087bf201b118df2eb097ecb8cf92256039d5e85739f176ff2f60400	9fa863b34087bf201b118df2eb097ecb8cf92256039d5e85739f176ff2f60400	Y	ok	OK
B	1526	a0fdbc858a8011d51b113060c97c706aaf5fe9d05639c328262205a011102940	8989	8989	973	1538508683300935078	84f793a3cd3479f8ea63abf32fbdab60e02f0b405f21f18e824488309f7c0400	84f793a3cd3479f8ea63abf32fbdab60e02f0b405f21f18e824488309f7c0400	Y	ok	OK
B	1527	fcfa98481136ac7bad4179506eb2ec5f7d72e5a6d55e8233341e681a1bd1ab26	9079	9079	974	1657140232681721090	fecdef5f92a78a5a00024fa8e1b4ae7fa114d6a636a0c6f5b995b84379960300	fecdef5f92a78a5a00024fa8e1b4ae7fa114d6a636a0c6f5b995b84379960300	Y	ok	OK
B	1528	a929d17c19f4feca6cb5fc643a633084c5331db82753d75b64a5793611e402df	8858	8858	975	13696712434214046529	e087e06a748170fbbb5c92a9d71a746cc0a4733b8eb98e54a9e1e73ade0b0500	e087e06a748170fbbb5c92a9d71a746cc0a4733b8eb98e54a9e1e73ade0b0500	Y	ok	OK
B	1529	f3d71f5a545f0df59f359e56f4eb4d4a794167bbd9670eb33f00f9ddc9990d60	8815	8815	976	9747891919991636593	ef08562976365d34603480e448a1f01e15954b4deb568e3db05eed74ec5b0100	ef08562976365d34603480e448a1f01e15954b4deb568e3db05eed74ec5b0100	Y	ok	OK
B	1530	26513b5237f1bf216ebaaf33a5afcf49e496cf58298662daacbd0c0fb06e44e6	8815	8815	977	4001535860481721253	746751a47a3b6c83aad91e26051be63a05da7e7649b919d7f728d412df210000	746751a47a3b6c83aad91e26051be63a05da7e7649b919d7f728d412df210000	Y	ok	OK
B	1531	d748bffcb963ac73bbd7a1798001cc125371ca1dfa491d20eb4e0203f46167fd	8923	8923	978	315812376953822849	5c1c7cf5fd2419cd5562b6e32ea0ab2d3590de2a001edef0e7163cb39e8c0200	5c1c7cf5fd2419cd5562b6e32ea0ab2d3590de2a001edef0e7163cb39e8c0200	Y	ok	OK
B	1531	b21c141295dc26f1cd13b52aa682fd0a415c7c55f502b159ec681895ce92db2a	8923	8923	978	315812376953822931	90c2a31d499098e267dbc610ea1e71e20f73154cb1cc91ba13c8859c9ea80400	90c2a31d499098e267dbc610ea1e71e20f73154cb1cc91ba13c8859c9ea80400	Y	ok_off_best_chain	OK_OFF_BEST_CHAIN
B	1531	6f2f3065025f0923c6186ce807bb263bfd80bb7abf1c9362fc71a7f8c34347e3	8923	8923	978	315812376953757545	47af94e697e0c8450de27e35b5a8bc819f71757c964f6eee7a81956309df0000	47af94e697e0c8450de27e35b5a8bc819f71757c964f6eee7a81956309df0000	Y	ok_off_best_chain	OK_OFF_BEST_CHAIN
B	1532	b5fdaede1ad5e9bef5143ab688d511f81fae1b8e28469961521ffbbc6c5545bf	9034	9034	979	11064019450247351703	cd5c5e139221ccec38da552065af708c701fce2b6b20dee977d9d3a8b2170700	cd5c5e139221ccec38da552065af708c701fce2b6b20dee977d9d3a8b2170700	Y	ok	OK
B	1533	66e66979bad707364995156d710656e1cee45758cb947a0a782548d7d851badd	8729	8729	980	2556751103110775016	37b00c63c010e7d40080f6819c0594059aac4fe66d9fa974d7757b12e0ce0400	37b00c63c010e7d40080f6819c0594059aac4fe66d9fa974d7757b12e0ce0400	Y	ok	OK
B	1534	926a1bc9d000c01bef25b2c6007e37e92f7f3742da28c5d6890274e66161ea35	8666	8666	981	12373322977549291894	aa7e6dff6e4fbdf5ed7b09105c63b5a061bfab30c86d7252dc66114d888a0300	aa7e6dff6e4fbdf5ed7b09105c63b5a061bfab30c86d7252dc66114d888a0300	Y	ok	OK
B	1534	400e026e257663b8ec9500bb9d65d2a6fd103b370bf7f9e55f7f741122f82e78	8666	8666	981	12373322977549226381	a21345e1cf65196c3061458e29d57ee8e105e9e806cecd26faad10d053120000	a21345e1cf65196c3061458e29d57ee8e105e9e806cecd26faad10d053120000	Y	ok_off_best_chain	OK_OFF_BEST_CHAIN
B	1535	bc8f760fc2dea8ceb7090342f550579d96d6ae87b3f15a197b1a392379ddd460	8771	8771	982	38202535802078600	94ac3089bbdac514418c8d988602dd06e9a5803d571ba079027c8527076c0200	94ac3089bbdac514418c8d988602dd06e9a5803d571ba079027c8527076c0200	Y	ok	OK
B	1536	a078fbd0d02eee538bf42b17aaf019bc717fa69228a88925a97d61efe05e3827	8707	8707	983	12106481306603455080	37c476811b7e44ed26bb50eaf639c2df037a2854fee95fb275843a64dd180500	37c476811b7e44ed26bb50eaf639c2df037a2854fee95fb275843a64dd180500	Y	ok	OK
B	1537	d08d20eceacedad264ec6ed529c5b7d4f919181e6c1e76b81eb4b17d38d17ce7	8813	8813	984	11366715877547376920	f3d688ca1f2650a2f4c23b33975ba0af6ebc184923fbb6b73f2df0a489930000	f3d688ca1f2650a2f4c23b33975ba0af6ebc184923fbb6b73f2df0a489930000	Y	ok	OK
B	1538	2d646e7f14a441b0979bd300c1d477a818b20114f22790fb3fa7be8fd5a4f223	8922	8922	985	1509508995398863825	bd23d3e467f5ef2dc204e2e40ec3ccde6a65e09d49b2af3fbcc4da80ae2d0600	bd23d3e467f5ef2dc204e2e40ec3ccde6a65e09d49b2af3fbcc4da80ae2d0600	Y	ok	OK
B	1539	93d5f75778cb48feb115e91fb4579c858042759efbbc4deacf8d05ebe74b43f6	9035	9035	986	13602518428408710578	ee248989df8031e36ddb2a0835a9752622603d8a99a9c6eb5879abd5ee4b0600	ee248989df8031e36ddb2a0835a9752622603d8a99a9c6eb5879abd5ee4b0600	Y	ok	OK
B	1540	e6fcff00dab98346aece5bed0c06618a73467ebb71e3aac4785bc6c3b3cbf897	9103	9103	987	11092990847199750254	728e725e726523fe002503227e40a72ad0688094c1b6c635974d1d4c01b10500	728e725e726523fe002503227e40a72ad0688094c1b6c635974d1d4c01b10500	Y	ok	OK
B	1541	dbb1bee39060d4b6290458088e4efad56497f99285920a0444847923015fa55b	9220	9220	988	10913470551485843902	acbf8bd09df1d6b35272dc00e30a33ff83af3fdb7a1920053b3398ee91d60500	acbf8bd09df1d6b35272dc00e30a33ff83af3fdb7a1920053b3398ee91d60500	Y	ok	OK
B	1542	fb141a381dc148504e720e73c0a75bba821d3f4e25610277a33dd71df4c135c9	8641	8641	989	5937490032691545695	70d9350b5d01ee2b839455146aa97a5166c1a6f2bd5f496f6527cccded850400	70d9350b5d01ee2b839455146aa97a5166c1a6f2bd5f496f6527cccded850400	Y	ok	OK
B	1542	2f36f093262ce00397b214b513a0df5f0d06a24bff5208365f150d2368f6f2c5	8641	8641	989	5937490032691611238	c0ddcb75a1036984be5bc49f4276450e6e9428dce060d7af975c4e03ecbb0300	c0ddcb75a1036984be5bc49f4276450e6e9428dce060d7af975c4e03ecbb0300	Y	ok_off_best_chain	OK_OFF_BEST_CHAIN
B	1543	787ebd4c41c6f17e23cd8043ce8e698aa10ebe141840286c810199b558967c9d	8641	8641	990	4947570328038539580	f6177979fb2f05de04829d3224e6525404ee80e08395ff4377115f3b3cd80500	f6177979fb2f05de04829d3224e6525404ee80e08395ff4377115f3b3cd80500	Y	ok	OK
B	1543	7f500dcf7d5f44301c4edc18699921eedde54910821bbc3d419b0568b62ebf74	8641	8641	990	4947570328038572410	31c7594de3d7bb10537c537ab6ab41fb1dca723b192dd08ecd1c80f3073d0500	31c7594de3d7bb10537c537ab6ab41fb1dca723b192dd08ecd1c80f3073d0500	Y	ok_off_best_chain	OK_OFF_BEST_CHAIN
B	1544	a2ff4633866f38dba25e9159af713af7a47200df07db1a183462b1bb63e5c618	8724	8724	991	2197707934702501987	467e9aa0df87fe8d8ce4909f2f41f8e3022ef29a4603853922060e5c67530400	467e9aa0df87fe8d8ce4909f2f41f8e3022ef29a4603853922060e5c67530400	Y	ok	OK
B	1545	e6c2deb868ea3bd1d6d4ddb8ad7b2dbc06f538c8a414c3973618f874fc7afaa6	8832	8832	992	4004994778033817568	b38724752bafd8a1b76385fbdcf768dc5973e15c88ad9a4a7fbe5f09e6bf0400	b38724752bafd8a1b76385fbdcf768dc5973e15c88ad9a4a7fbe5f09e6bf0400	Y	ok	OK
B	1546	211d60bf939a019d71965961ed2b5b314f9a2bb521ccd28c39fc6494ff1f6a3d	8942	8942	993	12088688734564843925	b8c5e5acd654602453c6e3d82c568f6b8d0f24bf0b50c82820b192adca090300	b8c5e5acd654602453c6e3d82c568f6b8d0f24bf0b50c82820b192adca090300	Y	ok	OK
B	1547	da3c74ca854f7f5e27c22f70e2842f6aaf1f62f4ded338e5ef52e625b6d8c0ac	9056	9056	994	17119993942574695236	9e3edd5c124aa320038604f5438611ec75f1a20b9611fb904bddb296a8290200	9e3edd5c124aa320038604f5438611ec75f1a20b9611fb904bddb296a8290200	Y	ok	OK
B	1547	4284b3070624f91ced666a1320726c24766f14aaef65e5f7e2e9e750ecc5a586	9056	9056	994	17119993942574662708	39a142db643e9b695edb1d8cbb738cfd8d80743a192ebaedc06cf53241d50500	39a142db643e9b695edb1d8cbb738cfd8d80743a192ebaedc06cf53241d50500	Y	ok_off_best_chain	OK_OFF_BEST_CHAIN
B	1548	502cadcf93e9b1af6e6fb955a61dc07b02d75955344f1fa88b292ace2bb68b69	9174	9174	995	14452794340948410639	1267017f7485bbd8be1241e98e77925388285b1e00fcb5f4c426f5017b110400	1267017f7485bbd8be1241e98e77925388285b1e00fcb5f4c426f5017b110400	Y	ok	OK
B	1549	f5259bc535047f38a55dc046fceed0e80d37d316687b885965fa3e78008c7925	9295	9295	996	14936848476741371176	329536edf74af593e507fa87ea3c8ec28a26368cd8b4eb094a1eafc0a1f50600	329536edf74af593e507fa87ea3c8ec28a26368cd8b4eb094a1eafc0a1f50600	Y	ok	OK
B	1550	ebdfe8715fc9d31b449d8fc872f5c6df5c8dcc52fa41b8e3ad4ddf454e275719	9421	9421	997	18296942104120769474	4775ae32b8a4c009a67eff7e6b87eab3b4bbfc9bd1427c20c9ddaff2f3230100	4775ae32b8a4c009a67eff7e6b87eab3b4bbfc9bd1427c20c9ddaff2f3230100	Y	ok	OK
B	1551	838f5f7949ff42c3c4bb69328213a6c7ddbd5dd4185e7d09310ed4ee79359238	9549	9549	998	7122997175000236260	0877975829ea7d122cc30e71e61135c87e83e70020bc8e5ec0f3b9bb19920200	0877975829ea7d122cc30e71e61135c87e83e70020bc8e5ec0f3b9bb19920200	Y	ok	OK
B	1552	16193f99cceae5d7f53ddfb896d6365c4c9b1af0cea2d295f94a43ce534c82b9	8763	8763	999	2789659452926624154	3b5f1b7f2e8911940d127138f54ca1874b4de93426d6b7ec7891da1edfed0000	3b5f1b7f2e8911940d127138f54ca1874b4de93426d6b7ec7891da1edfed0000	Y	ok	OK
B	1552	921858dfa2dbb5cefed14f451cce4264c9b2ec6dba7b8862fb4c539a5a3c7317	8763	8763	999	2789659452926624423	1e7c905432affa03028875ebf3b71a04f43897670347df687b719e6a5e2b0700	1e7c905432affa03028875ebf3b71a04f43897670347df687b719e6a5e2b0700	Y	ok_off_best_chain	OK_OFF_BEST_CHAIN
B	1553	d949d7995c96800babcdebf6c2e138072bcc848be115de0383b5bdf6d4997609	8874	8874	1000	16493849571231828837	7ed140ecc3bbdbc1077ffead17ba4412dd71fc33ac94432e1607834ade310700	7ed140ecc3bbdbc1077ffead17ba4412dd71fc33ac94432e1607834ade310700	Y	ok	OK
B	1554	8c57d121eef12f50ec7d716b6c380dd5f63195bb26be8cdafabdb1ae483b9619	8988	8988	1001	9247347613747939280	944927324ed4e8b585b2eedbec90b1099d886136b191365fb205ed91060e0300	944927324ed4e8b585b2eedbec90b1099d886136b191365fb205ed91060e0300	Y	ok	OK
B	1555	86cf52c6ecee0a4584529cc6ede11b28bf00f0ad8de2b217f168001d26be58eb	9105	9105	1002	13140108355102114000	521c80afcf60aca91e8d468272aabf626345c740c5734ab65b94de1f2de60600	521c80afcf60aca91e8d468272aabf626345c740c5734ab65b94de1f2de60600	Y	ok	OK
B	1556	70b63dc5f879ae877f5845742168e8e0e634d8693283e9bd4aa20afd5e8023d4	9177	9177	1003	14063896691656886371	4d0b84d1062ff594745a25c278f1254a23b43b4e10f4a4e090153867bac30500	4d0b84d1062ff594745a25c278f1254a23b43b4e10f4a4e090153867bac30500	Y	ok	OK
B	1557	06edd395291cdc3b52b7ad9d97cda5c0f38e88c56d0c27f66bd5dc114fce375d	9300	9300	1004	10969238464146541244	f67ee94d9e40ec73edcdc7ec5abc133eef0a3224085f91169f69859bd6430100	f67ee94d9e40ec73edcdc7ec5abc133eef0a3224085f91169f69859bd6430100	Y	ok	OK
B	1557	9bb07c6019950aed6a72d1142503f0e21f4a5bd552a230c941ad85bbd3e40365	9300	9300	1004	10969238464146475832	5088b802ab9779e2e0ce64e06a9d2072755d3e1ebb35807f8a52b508781a0500	5088b802ab9779e2e0ce64e06a9d2072755d3e1ebb35807f8a52b508781a0500	Y	ok_off_best_chain	OK_OFF_BEST_CHAIN
B	1558	99d46dc2cbe9fcb7964478d745b3000ccd8f1b73f8c7b29bb3a2250b8744b04e	9427	9427	1005	13398863629126828032	b3383190eaf9833c309915ecba8b62416ac84c4ee141b98c455bac26a9c10600	b3383190eaf9833c309915ecba8b62416ac84c4ee141b98c455bac26a9c10600	Y	ok	OK
B	1559	cf53ff4da71f3cdc71a35fbe225bbb656e2d4c29ef2ffefaa07a7adcc5adc98b	9427	9427	1006	16872746676937396759	71c5f8ae045f7d46c7e502753ed9818a4bf77975e03a005a57a3b87c66990400	71c5f8ae045f7d46c7e502753ed9818a4bf77975e03a005a57a3b87c66990400	Y	ok	OK
B	1560	d41b637f841bfc0fd38df1a0a2c2c977ffd4713de4456f331968458d348739fa	9558	9558	1007	37954097713840284	34bfee5ffca284ce0a8e418ab846687d07caa69b3fe8ba794cd0a23cddd30000	34bfee5ffca284ce0a8e418ab846687d07caa69b3fe8ba794cd0a23cddd30000	Y	ok	OK
B	1560	bac90e6a2227d604834e82fa56f92070e7bf19561beedb6ece4b919fe4839d4f	9558	9558	1007	37954097713774935	9b6ae63e832c2d803a43eaf20cbd44ada26e91256934e331ca347bd59bab0100	9b6ae63e832c2d803a43eaf20cbd44ada26e91256934e331ca347bd59bab0100	Y	ok_off_best_chain	OK_OFF_BEST_CHAIN
B	1561	7f8b087d58ee2f73c46c34ed87fe58f7b7008ceaf8a857c770bca191cadb78cc	9455	9455	1008	4395303470110900414	dc964169c159aaae736c5900a0cba82eff9fb244c3f3460788cbf734f62d0300	dc964169c159aaae736c5900a0cba82eff9fb244c3f3460788cbf734f62d0300	Y	ok	OK
B	1562	82237aad9badcf1e2eb5a349e2278e95a29e575d9b9b50de865c4840f4e1b6bd	9586	9586	1009	10754485778609440325	c91907c8ac00f0016cec93824fa08e7a774f847e5a6e9ef202c0bfe154700000	c91907c8ac00f0016cec93824fa08e7a774f847e5a6e9ef202c0bfe154700000	Y	ok	OK
B	1563	dc5a5d697dc028cb39a826814e2f265a7bd964facdd58ca6e4d7348677711b65	9721	9721	1010	18011806642747769513	ad04e4cfe0bee5af655716c5cb1c0cc8c6d18c837ce6b7786abe4c716b330600	ad04e4cfe0bee5af655716c5cb1c0cc8c6d18c837ce6b7786abe4c716b330600	Y	ok	OK
B	1564	4d47f43d48d52d27380d09dd34b7205f78b9879a95425f6c6ba635784b62e7a3	9860	9860	1011	5964462487440035621	cc8543efb13a7273a75e072137aa5b5f979faa01b28e9d97b6e555b0e5d30400	cc8543efb13a7273a75e072137aa5b5f979faa01b28e9d97b6e555b0e5d30400	Y	ok	OK
B	1565	01603b52e382ef823112a395aef179097c5342e3ee1c791e99be32793552182b	10003	10003	1012	14701595465623863628	042cb2a95de40ce6458bf4922bf0b86322569e42236bf8ca4ae64d53da550000	042cb2a95de40ce6458bf4922bf0b86322569e42236bf8ca4ae64d53da550000	Y	ok	OK
B	1565	18b8a5ac98d19c46849ab6099905c4a5eff82ff16f8958d6d727febb08ece72a	10003	10003	1012	14701595465623863634	9c1a67e6818e81630aeda172a8eb35c0c95ce71cd4ff288dc2a78c6817ef0000	9c1a67e6818e81630aeda172a8eb35c0c95ce71cd4ff288dc2a78c6817ef0000	Y	ok_off_best_chain	OK_OFF_BEST_CHAIN
B	1566	b6e3ae2b90f6ecb7ce45316c10334e6a8b34a85cbaf533ed0f534d2ea1f76288	10092	10092	1013	7996227346979882764	5ad24b92c600c0a7e38b44db22640b23b4d4d32a30ce669b9b642238075d0000	5ad24b92c600c0a7e38b44db22640b23b4d4d32a30ce669b9b642238075d0000	Y	ok	OK
B	1567	b262dad34cf8fab9096e03baf2f82560eef5a35fab2e00eb4b1d19a6bb928fd0	10242	10242	1014	13407834033396646392	204e313f43306f8e0960978c1df4d35cddc7506dc4fe781fde0269e102df0100	204e313f43306f8e0960978c1df4d35cddc7506dc4fe781fde0269e102df0100	Y	ok	OK
B	1568	f662ad150d67823250a5767813c2dc668c862bbbc4b8b7bfe40aa9f3489d050e	10398	10398	1015	18134675662697498290	2a5f1870c2c5b6d862fdc94892395436960c6a68f6ad057782ba4a5ceaea0200	2a5f1870c2c5b6d862fdc94892395436960c6a68f6ad057782ba4a5ceaea0200	Y	ok	OK
B	1569	ed3e9f7e9a6779db13f8b5e75e5e833e8ee4b4cd56bc58e202b2b63382ac55b0	10558	10558	1016	15365778313607905610	8f75d11583201fc34ded452c9d486585ea3f0c2eb7df9c44f388a0a5b8cf0300	8f75d11583201fc34ded452c9d486585ea3f0c2eb7df9c44f388a0a5b8cf0300	Y	ok	OK
B	1570	2b9a744d0912cee62dc3aa3269853ca48dbecb834f8bca3211af5a9b9ed8073d	10723	10723	1017	16747252246558835290	5891d43d6c4c9266bffad527f2f78909c0a4fc2aaa6d72cf96e99828cf0b0000	5891d43d6c4c9266bffad527f2f78909c0a4fc2aaa6d72cf96e99828cf0b0000	Y	ok	OK
B	1571	135fa52e18b50aebf77e1ec695a4b9d24f42c1b4eae752eb538c829b3c02ec2b	10893	10893	1018	7163814104640094591	944ee09a6ee1e85057e8e082d357f9543052bdb56b8843a5323a8ac99da70000	944ee09a6ee1e85057e8e082d357f9543052bdb56b8843a5323a8ac99da70000	Y	ok	OK
B	1572	3ef52d07bcaf66819bc915b5d4787c2e111df30cd7e3d4e0702276d5bed285cf	11068	11068	1019	6229508767566860598	37572d6d2aea692c3be5ef5270d6263faea9ebdc1b6c2a452b6b00ce07960200	37572d6d2aea692c3be5ef5270d6263faea9ebdc1b6c2a452b6b00ce07960200	Y	ok	OK
B	1573	f3396a140432a1335a82432df810c28d0f21f25bc0ed19b53292d9d8ce85b7bc	11247	11247	1020	2997486284655628343	d85e1d6891700a50dcbb9748ac7212de2be11412cd15ec52fab997b7f57e0300	d85e1d6891700a50dcbb9748ac7212de2be11412cd15ec52fab997b7f57e0300	Y	ok	OK
B	1574	ad77178ae0b5b6319ccc05142c765ddec078c195f131006481cec156ee4d7155	11359	11359	1021	13691658340038443784	ff2d42a4a315839962a618814dab65f6da18a5917adad5fac6bfcd5a219f0300	ff2d42a4a315839962a618814dab65f6da18a5917adad5fac6bfcd5a219f0300	Y	ok	OK
B	1575	51afee30d6f5b02193aa5823003b91460180e137ac2b06fc4e5625654cbfbc4c	11181	11181	1022	9635729948568294470	d357986dcbffa984b4f165a7b4f4e52d08fec72165064ba89f0672fbd1f60200	d357986dcbffa984b4f165a7b4f4e52d08fec72165064ba89f0672fbd1f60200	Y	ok	OK
B	1576	5fb319daa8c49d8d92ebcb01aaa4ee6c161b5e0736b4eb24964ecfe21ea29e7f	11364	11364	1023	10489521815825717206	f6b886bcf8d5b4ecfeb98f9e579264e79d850860ef8732d13ef04f7f96250000	f6b886bcf8d5b4ecfeb98f9e579264e79d850860ef8732d13ef04f7f96250000	Y	ok	OK
B	1577	31cd48fac52b71b39c2715a5218719f6a67710290d9cfc7af5baebd2a2bd029f	11117	11117	1024	5632099209197949264	508af1e612edabcc2d52253c87951a93c8bc81ea44fed1916a6bf3723b280000	508af1e612edabcc2d52253c87951a93c8bc81ea44fed1916a6bf3723b280000	Y	ok	OK
B	1578	2aff710f8317876c6f90df2f751195483b2a72918e571658ed0447288daf32a4	10748	10748	1025	12846066871019082374	90ec8f4b30c503c84a8b459abae47b9ab60a192bffcf13c9d5ca22291e940200	90ec8f4b30c503c84a8b459abae47b9ab60a192bffcf13c9d5ca22291e940200	Y	ok	OK
B	1579	840e0e23a025e1439ecb5a6453f8f45a19f8f465867406fa5769dd4f9f05911b	10559	10559	1026	3470565331603360662	3d8a48eed10fb6d70237a8f77c9225d5846a1361cc98f2ee4d63990fe1200300	3d8a48eed10fb6d70237a8f77c9225d5846a1361cc98f2ee4d63990fe1200300	Y	ok	OK
B	1580	3bc621d5b5e6cdeaf33d7e9a8d5f675237f531160e6528f7a78e8fc95a4b1d96	10376	10376	1027	3008223402247881889	1d009fe2937b7d9b9ddfdc7c48b57a94630c290766ba5502ca498bc8e7c10000	1d009fe2937b7d9b9ddfdc7c48b57a94630c290766ba5502ca498bc8e7c10000	Y	ok	OK
B	1581	ed82b518ad8d4bb6201f5d8b261445f66378afa369f6fee0ca28bcad5ce16d34	10348	10348	1028	15617533632753796505	f41e23ca11c87c01fad309081a1e8f7d4f99f90f7c102cca22c2783d37a50200	f41e23ca11c87c01fad309081a1e8f7d4f99f90f7c102cca22c2783d37a50200	Y	ok	OK
B	1582	5c60d07d76af9ddea615c709b25ff1da5a3caa5ebf55fee8b4038b47565abf44	10501	10501	1029	1116864219069809269	6c4971c2aa006cb19fc6972c5aa10b2f33169af5893f3d42ed45d9c753f50300	6c4971c2aa006cb19fc6972c5aa10b2f33169af5893f3d42ed45d9c753f50300	Y	ok	OK
B	1583	832b2426b3ebdd155195aabee0f4a4d6ec2669c7a01c3999bf9258505ff95ff8	10628	10628	1030	600586051756528851	5dc655e9fb99a9644bc094ee7c3d3a698ca311312bfa81b56377234aaf950400	5dc655e9fb99a9644bc094ee7c3d3a698ca311312bfa81b56377234aaf950400	Y	ok	OK
B	1584	a67b0b40a84e05c577ecd047488698b8194e065f641fbcd62fa1d7ce527da771	10790	10790	1031	13637067566244432084	abff848f888ebe71a60a3f1e1ccf72f126b52b3a9fb8f77c6cf35ca558c90400	abff848f888ebe71a60a3f1e1ccf72f126b52b3a9fb8f77c6cf35ca558c90400	Y	ok	OK
B	1585	6d5cc88646a0f962f452ea04d8cb2f29ba0ae17a9be64d3b0e5c4f829c00090e	10599	10599	1032	9278429987126450457	3445bcfb57d378d186b853d9771bf18be4e430bd0df4f8b176391caedcb80000	3445bcfb57d378d186b853d9771bf18be4e430bd0df4f8b176391caedcb80000	Y	ok	OK
B	1586	c613ef280208b291069e9ec4f7352bcc4ced79916e42e51a1534c3e04b66888d	10631	10631	1033	4059038862620560519	6174e07efd61f3e7b89d3311ca053e8d60896d03910816ae6f1c43cb86af0500	6174e07efd61f3e7b89d3311ca053e8d60896d03910816ae6f1c43cb86af0500	Y	ok	OK
B	1587	15354eeea85466131abce486e4cc9196dbf91535649b32e630b9b2d8f1a19207	10236	10236	1034	14019975080482738526	dac2ea3581047b2973aff29a5835e16f49a6593ed4836b3cd3c6622c6fa90300	dac2ea3581047b2973aff29a5835e16f49a6593ed4836b3cd3c6622c6fa90300	Y	ok	OK
B	1588	b00c0ba57eb03bee9348697c5c632479671b48f35f41bb9e7ddf59a156911c52	10206	10206	1035	13033904693024162664	deeffa3b0e41163f4227eb2f85130b5d722228cacb5d51b302b1965909430300	deeffa3b0e41163f4227eb2f85130b5d722228cacb5d51b302b1965909430300	Y	ok	OK
B	1589	cf6c531c34106df706015601336f08ec14314a80146928edf02ae124254152ad	10035	10035	1036	12909403963459174941	4b68d194782df4064fb75977e600f1e9b5b4c129dddf289aeb24c22a861a0200	4b68d194782df4064fb75977e600f1e9b5b4c129dddf289aeb24c22a861a0200	Y	ok	OK
B	1590	864f8aae0257a85cbed6f2c4db60f68aa99586c42ba32c32e3e89f379ae28249	10175	10175	1037	15399248998040635007	0811283c4348c834390a7a7317151f26b07bfc1f648d94e449922d40d7cc0500	0811283c4348c834390a7a7317151f26b07bfc1f648d94e449922d40d7cc0500	Y	ok	OK
B	1590	08479519abc2cbada24601976440a25bb4ca959409ad68b3b3b3a6b9bb92444f	10175	10175	1037	15399248998040602378	0cc897179e17f3c573d0521280e441469bbec8ac33cf14564a448d1483670400	0cc897179e17f3c573d0521280e441469bbec8ac33cf14564a448d1483670400	Y	ok_off_best_chain	OK_OFF_BEST_CHAIN
B	1591	e9bbff212e1bf6f4ef4858bf6f6e7ff1cd94f9415f3c56f0bf6c5a2f126ae7ae	10318	10318	1038	2073475030708162822	9cdd0768d91d10835e726bba598fc696e9215c0604be2e2a65efb2fdd4c40100	9cdd0768d91d10835e726bba598fc696e9215c0604be2e2a65efb2fdd4c40100	Y	ok	OK
B	1592	b2bb400043fe06eda3615db56b121f47b1f57daa51b47b25fa87520273014258	10465	10465	1039	15067946130044193482	9d1ea75fc40cd8b1c6cd00265ef83b235b8b5c9143cbf11e753c5f011c360100	9d1ea75fc40cd8b1c6cd00265ef83b235b8b5c9143cbf11e753c5f011c360100	Y	ok	OK
B	1593	f6306a0cf5f9f33b9b20d0f5e662c3939448c2e3e8fcdf2452e900d513a80616	10346	10346	1040	16067406430235300372	285c13ab07a734d00e33debd815fea0dbe888fc674e4bbb1b2400cbbdb6b0300	285c13ab07a734d00e33debd815fea0dbe888fc674e4bbb1b2400cbbdb6b0300	Y	ok	OK
B	1593	b18c28b9b3bfd8d2a1724605234400cefa271af3b8d27142ca59571dd14cdfb4	10346	10346	1040	16067406430235366146	5b688d782a2ea93106a08fd13a3d0e6c50df5c76fc2b30fd6cb1c53bccdb0000	5b688d782a2ea93106a08fd13a3d0e6c50df5c76fc2b30fd6cb1c53bccdb0000	Y	ok_off_best_chain	OK_OFF_BEST_CHAIN
B	1594	eb62c27e39d2c45be743c03a3b519212d731417d70e8c5828cb4234ad60a48be	10346	10346	1041	11398677636889709031	36fab31fb6a3ea2aada82e0ea6db2789ff5c92d2894ad9e7bf8ab832417b0300	36fab31fb6a3ea2aada82e0ea6db2789ff5c92d2894ad9e7bf8ab832417b0300	Y	ok	OK
B	1595	4eda43e4f098a6406f6196fe1956ba51a1af60a0b0fbbeea0b0375815a53656e	10174	10174	1042	1144274232201446385	1de483643148b9bfd4ce404387d1cc4f01227d5f38fbf575ba5b714b81b00500	1de483643148b9bfd4ce404387d1cc4f01227d5f38fbf575ba5b714b81b00500	Y	ok	OK
B	1596	6a9839b4aced8af28d8ec2ad192dd6937d3dc296e4fc1cf74565328cdfedcf56	10174	10174	1043	4113790590313828685	0305c1f0e193dec420644a42698ece03500976ecbaaf63367b836338cbcd0300	0305c1f0e193dec420644a42698ece03500976ecbaaf63367b836338cbcd0300	Y	ok	OK
B	1597	886c3e48cf354ba27ae309c600b7886df757e10c97acb9cafb38af7719381e05	10316	10316	1044	11412586785398588167	5b041a62c6b2cb2b22cdd16a4766124db67e8e5806ffcbe0277a740c0ecc0400	5b041a62c6b2cb2b22cdd16a4766124db67e8e5806ffcbe0277a740c0ecc0400	Y	ok	OK
B	1598	690dc75cd38e946a23da59c5106f60998ba2236c5d860bdb3c0847eee10e129e	10174	10174	1045	15741204682011313852	4f8f17df306cc56017d7a5fae066b7363dd662ad46080e6295db77fc008a0300	4f8f17df306cc56017d7a5fae066b7363dd662ad46080e6295db77fc008a0300	Y	ok	OK
B	1599	131f5d847832ee6273533203da169783bcdd3d474fd66de7d879a8ed9d398128	10317	10317	1046	18437487010437464908	fb29b29b5b359bf475809771da38271daaae183fc94659b2f9e3a325c9960500	fb29b29b5b359bf475809771da38271daaae183fc94659b2f9e3a325c9960500	Y	ok	OK
B	1600	307076739f6baf01ad979f528811861700ac0bd574cbdf04b2867593d5bb21fd	10463	10463	1047	8630964573492576638	4816c1af599c0d71a9be25ab1d153073b0288476c143ee1e2290dc20d0d30400	4816c1af599c0d71a9be25ab1d153073b0288476c143ee1e2290dc20d0d30400	Y	ok	OK
B	1600	31744b6af700134951f97e7c65d850882824d3fe21d918c443eb30c389b70dbd	10463	10463	1047	8630964573492511172	38955e703523e9b2c27c9d2dc109adfeb08063adc0365c36acc24063c1550500	38955e703523e9b2c27c9d2dc109adfeb08063adc0365c36acc24063c1550500	Y	ok_off_best_chain	OK_OFF_BEST_CHAIN
B	1601	12ea4c6d0637b5bdae18c9222539577ed274850cdb73ba1c67c37a24142d69da	10612	10612	1048	3103566389114410653	aa1a165ade3609bb6c49125ce2bb06feb573fca36ee8d70526883ed905260600	aa1a165ade3609bb6c49125ce2bb06feb573fca36ee8d70526883ed905260600	Y	ok	OK
B	1602	c952e2a7b1d59dfa546f9052e2bc91a629332d2114fdf9796c188c67e0aa7f01	10766	10766	1049	15411294732038471826	45b1116df8a05608cac754863fad0f39cf99566ed5b16dfce1a3944da5b50500	45b1116df8a05608cac754863fad0f39cf99566ed5b16dfce1a3944da5b50500	Y	ok	OK
B	1603	e2ba9c0c4f3d5e5ae84e3f6a8ce88ab5d9217dc6753a6d1b4f01a0e96598d378	10583	10583	1050	13281299357644129124	9b65f710587bb97a00e86b594cbc2f84b1b81dac7227c31049c97b87f2380000	9b65f710587bb97a00e86b594cbc2f84b1b81dac7227c31049c97b87f2380000	Y	ok	OK
B	1604	67c963611d75a0895a43ea614fee6021ed609b8e91129bb20e527e3333123f8e	10734	10734	1051	7212673635419490416	34a7ddcd9e36bbb163e1c681330513978c46822e1e6bbcbf4d48dfb0c9d70300	34a7ddcd9e36bbb163e1c681330513978c46822e1e6bbcbf4d48dfb0c9d70300	Y	ok	OK
B	1605	b590c3364db0b55b3822c9edf1a1de1ee70e25409cc88ce8a47beb12c991a884	10889	10889	1052	14789417552438167007	223ab21a49ef81e1058a04a91f2ffd5068605b6e11f414936f555af07f9c0000	223ab21a49ef81e1058a04a91f2ffd5068605b6e11f414936f555af07f9c0000	Y	ok	OK
B	1606	8b16a4198bff980cf2797ff09ef1e9ba4841f3fef08a8bf89e94a00ead30ccd4	11048	11048	1053	13229034205561756474	4b1e7203cb1d4405886785dfc0b075ca62bca1b0ed49bd6f4a9c7a0e570a0500	4b1e7203cb1d4405886785dfc0b075ca62bca1b0ed49bd6f4a9c7a0e570a0500	Y	ok	OK
B	1607	c9a752dd6e4b59c2f4ba7d06c8dee0f13b308dbff068345aed2d6dfc332a88fe	11211	11211	1054	5730889835032350599	97d7e2c38674745806fe32e9f075a39b387e247f1ecf1461e47aaa3af4fe0300	97d7e2c38674745806fe32e9f075a39b387e247f1ecf1461e47aaa3af4fe0300	Y	ok	OK
B	1608	70b273b1f6a490038933ba0119b8ccd48ea857422ea8d1e841f55e9e206626f6	10764	10764	1055	431154372227897207	0cbcc8c7ff0a062b419432626b94a0307b1153e587de26773e910492e54c0200	0cbcc8c7ff0a062b419432626b94a0307b1153e587de26773e910492e54c0200	Y	ok	OK
B	1609	119aaef923df4ef57ae9a7a1cb6e4a4844ceebe506786ad2202663da2f718e89	10642	10642	1056	3335363102609868448	c951794ce2555781ff4970a6c6068299334095f3e254245b036c6a9ef5260600	c951794ce2555781ff4970a6c6068299334095f3e254245b036c6a9ef5260600	Y	ok	OK
B	1610	41d83b49a379692f4ac4b8dbf49bfb646e94037174e0b8a1c4932c34a0bdb296	10323	10323	1057	5353331848590165373	c9c4c548fdc8f3294e7f427caf1cdf53f35b5c510e09981149a068660f7f0200	c9c4c548fdc8f3294e7f427caf1cdf53f35b5c510e09981149a068660f7f0200	Y	ok	OK
B	1610	bb0e83f6f1883de35d55c9d2760a3e83601b358a28415db02eca37f3b110439b	10323	10323	1057	5353331848590165410	c85e9082a623d2cf54978f10201308a033e8dc62ceb00ea47109706d222c0400	c85e9082a623d2cf54978f10201308a033e8dc62ceb00ea47109706d222c0400	Y	ok_off_best_chain	OK_OFF_BEST_CHAIN
B	1611	3386e28e9e83a3402b51167571eedbd2af91dd579cdcb6475adfdc0e71f9016e	10407	10407	1058	3375544510233712561	c5b3dd2b15ecf9948ebd4164661cfb30ebb120ed650585080a25c38e403e0100	c5b3dd2b15ecf9948ebd4164661cfb30ebb120ed650585080a25c38e403e0100	Y	ok	OK
B	1612	6aa1056212c22927ca3be0d30f58ac9be44a22c04fef8df0b0743a19002f97ce	10521	10521	1059	7377856552910263271	dadd630e25b80702627d4df897cf65ded37f12969829ce40c25f9997d8750300	dadd630e25b80702627d4df897cf65ded37f12969829ce40c25f9997d8750300	Y	ok	OK
B	1613	0f5f84f7bbca9d8555e83d665256a9edf0914b5d27e0656c94cc8b1d35a8aac8	10212	10212	1060	15492900832944326321	7a5dd894c24e1039b125e81936af49d78cd6576bb95eb5359b0b24e054260400	7a5dd894c24e1039b125e81936af49d78cd6576bb95eb5359b0b24e054260400	Y	ok	OK
B	1614	14cab7dda933a68849fb73540517544fbebc30a753f90fa59494658f575db5a0	10025	10025	1061	10349792407834331001	9bad6f2fded35de6684392fd57ac02295ebf96232fe2e1b2b6a914a5c6d30300	9bad6f2fded35de6684392fd57ac02295ebf96232fe2e1b2b6a914a5c6d30300	Y	ok	OK
B	1615	f8a1060c77902fc053918cb38f75338b745b4ff72a18f6686e54626b3aae693a	10105	10105	1062	622418177975912157	16a91c0b38e90137b213c79ce913f76da6f2d12164189b981a42908d7e540300	16a91c0b38e90137b213c79ce913f76da6f2d12164189b981a42908d7e540300	Y	ok	OK
B	1616	dbcdc9bb85d4df25129189d4fe3de2981c52c0daf4f644859f8bbcfdb43068c3	10187	10187	1063	5502760508211660258	bfb40468b53e53c6359f8c0d8eec364be041eefbbadf77838b6d5673eee60500	bfb40468b53e53c6359f8c0d8eec364be041eefbbadf77838b6d5673eee60500	Y	ok	OK
B	1617	9a9c72336307a1455dd7f48a3db9d734444ba7877757b404558c6cd3fb4a73e7	10269	10269	1064	14523378056829076354	ff870f3a733d4b9955ac846fca3e44a37c1306219d21c64430efe1147dea0300	ff870f3a733d4b9955ac846fca3e44a37c1306219d21c64430efe1147dea0300	Y	ok	OK
B	1618	468722193dacf7b914a21da539452b13d20d358c4a3c61d72b709f6c7bd620ea	10379	10379	1065	9337705586692786151	65a57b323ab66d1c60fa870847edd3ac442c40784d22005d1d32b05b99270600	65a57b323ab66d1c60fa870847edd3ac442c40784d22005d1d32b05b99270600	Y	ok	OK
B	1619	fb894e8b179061386ce7b40d018365537c3901e7347fd3e70a9b5ee9034529c9	10519	10519	1066	16184565192380746827	305303aa3e1ca42dfe1929f9c6865a6a37640f745fc58c9c4fca09253de90200	305303aa3e1ca42dfe1929f9c6865a6a37640f745fc58c9c4fca09253de90200	Y	ok	OK
B	1620	e9448529044bc2b848eafa9d265e079097d4eb6b484fa2f3d1a16e0e953a7aad	10605	10605	1067	6075429152285033058	f31cc1fdb867fe3a94698e09fc0d8c60736c884fdcbee84b305a667950ff0000	f31cc1fdb867fe3a94698e09fc0d8c60736c884fdcbee84b305a667950ff0000	Y	ok	OK
B	1621	7b019347c68c419f4186f1df3836c8ff803873e377c6a9b734d7270da581e6a1	10547	10547	1068	15489008518832423893	3de2be52df006f9481bb45923171f13ad6e2908c2013d3aa2f2e4b74445e0300	3de2be52df006f9481bb45923171f13ad6e2908c2013d3aa2f2e4b74445e0300	Y	ok	OK
B	1622	1253209acfcd6fcea2c630ce9003d4deb3faf0f2afc1b622f59418247492e02a	10692	10692	1069	2584096571473890594	f5a0eef99853bcb65fdcb940d286f4aa00c591cbd038b6bfa8bb44479b100500	f5a0eef99853bcb65fdcb940d286f4aa00c591cbd038b6bfa8bb44479b100500	Y	ok	OK
B	1623	4657d5b53bd711ace2b90d932671d49bf8b4b59296e27172f0f73e5eea4d67e4	10840	10840	1070	14509228278482568008	b9aa35c4a5360c1441704cb8a67c9b0172b5011c03375c4c95cc8f905e9c0500	b9aa35c4a5360c1441704cb8a67c9b0172b5011c03375c4c95cc8f905e9c0500	Y	ok	OK
B	1624	c9bfbccc5e2d9ad1fdf1f9b475a895251d999bcc1fd85e94b72c0733d1e981ea	10871	10871	1071	15391275266701559971	ecebf077a4f3b974e572458c2ba49160053ae4cbf170625fbea683ca922c0300	ecebf077a4f3b974e572458c2ba49160053ae4cbf170625fbea683ca922c0300	Y	ok	OK
B	1625	0b5046690774438226b7de554216437e499baa18acc07788368bd8065dc13d8d	11024	11024	1072	3343148284884615277	73537bc67568986bb46cf35a38282e8200eee590d7e0edbb26eb883249fb0200	73537bc67568986bb46cf35a38282e8200eee590d7e0edbb26eb883249fb0200	Y	ok	OK
B	1626	e6ad2e691cbe221e7cba0663893303b8c67f76ae0ad7cd8dd4e2387392cb0fc9	11087	11087	1073	18439486360663458869	6a1ff2e44f7e9ee640dc79ba31c8dd60b5d3c4d8e53e9628e4dc606ddbb80100	6a1ff2e44f7e9ee640dc79ba31c8dd60b5d3c4d8e53e9628e4dc606ddbb80100	Y	ok	OK
B	1627	933ab88d21d6b155213e5d5d5cf12586ea1d5214b875ecb703a49206d51d08ef	11246	11246	1074	7840963398761288041	924da4899f12415bad49d3734d30c1af4b901ce8aca7aaabdafbc6fa88ee0000	924da4899f12415bad49d3734d30c1af4b901ce8aca7aaabdafbc6fa88ee0000	Y	ok	OK
B	1628	827dbac0d717df2dd338b8c19960727cbd80bc27f411dfd2baa60fc0c8e3a0b5	11406	11406	1075	4076740686295078901	f789a961cb3e042ebcfe1b41876823c62da59828f9b5c8827fd181af61150200	f789a961cb3e042ebcfe1b41876823c62da59828f9b5c8827fd181af61150200	Y	ok	OK
B	1629	061b3cabd372afee5164033d8af1586501f1450e7a8de1dce9abe819c658e93c	11372	11372	1076	3981030810437354526	0e38abea6dd11ddcbfb6dca73b9f5f8125bf39ff609636dd703a02b8a7c10300	0e38abea6dd11ddcbfb6dca73b9f5f8125bf39ff609636dd703a02b8a7c10300	Y	ok	OK
B	1630	e135ab4ab504e95a37e072dd8808b434b373b62e5a861f5a11d3666eefb245f2	10992	10992	1077	2513177616215708829	2a12529748fa45ff9b4eda93015e37a154f7b41ddc078d1ad3826f587a6b0500	2a12529748fa45ff9b4eda93015e37a154f7b41ddc078d1ad3826f587a6b0500	Y	ok	OK
B	1631	4bb940006dcbe4f1dd2e7bf49b5b8146eaab9575cd39143a8e8e4f0ddefe83f2	11146	11146	1078	858302733969555552	0dc84975beacaca3291414a6ad9e46c7ce71fdd414adc90d7db50df06a910000	0dc84975beacaca3291414a6ad9e46c7ce71fdd414adc90d7db50df06a910000	Y	ok	OK
B	1632	5ab12527331ea0bbb6995d837d12639a80127b301ee921ea3d9c523079c1cdf7	10902	10902	1079	2030057283622275583	a203618735920d15fbcde036c8337c9ffbcbd191c97268401bc03b2d08720000	a203618735920d15fbcde036c8337c9ffbcbd191c97268401bc03b2d08720000	Y	ok	OK
B	1633	c1361de8ea216f1c43c61ced7ebf1e430d4b7e7d7747a2f9e7e49b13b21cb41f	11053	11053	1080	10000166934475181657	4a11422bd0288bfb978138450151e8281857af22d91d4eab5565b8e03d890200	4a11422bd0288bfb978138450151e8281857af22d91d4eab5565b8e03d890200	Y	ok	OK
B	1634	76c43e3e2a519bd3177878ed75716fbb75935d024c8d98736bedbbbbe8258c51	11177	11177	1081	17891966781627631699	554932c9caae63475d6bce93832a138343083d63866ae856c525c584cf890200	554932c9caae63475d6bce93832a138343083d63866ae856c525c584cf890200	Y	ok	OK
B	1635	d23592ae7c24e8c187c981638284a7e4515371ff952fe7a1e0f6b42597fdd37c	11084	11084	1082	8323558980840425931	f10fe3d4c3d53feb5696c2c10556aaba87f595570354d64fbdf71054c8220300	f10fe3d4c3d53feb5696c2c10556aaba87f595570354d64fbdf71054c8220300	Y	ok	OK
B	1636	2255723eb5fa3f1bc842a4dd42cfad047091e396a554f2416f1059d6e5d69468	11146	11146	1083	111963664193461418	73fdc717a5a620229c346a38390de552e1face2b1dbb6996ad0856f539aa0400	73fdc717a5a620229c346a38390de552e1face2b1dbb6996ad0856f539aa0400	Y	ok	OK
B	1637	74f845e9f3daefb8931a9c063b7e3e57a69c47e3d25cd6e3ab3a89c1a4618b08	11177	11177	1084	5114261844202101415	7608c6558249fb50fee7f6dcca3accd599067f3cc2fe1cc2da8e03e6996c0000	7608c6558249fb50fee7f6dcca3accd599067f3cc2fe1cc2da8e03e6996c0000	Y	ok	OK
B	1638	3ebfd73b4a25b75c1cba0b59085c0c85c21f5b9a221bad84c34344143dcf7ecb	10704	10704	1085	1028544268236522400	f2233324f719e7264e0bef475a3d98e5dda27fd6db8c364689c8687853f30300	f2233324f719e7264e0bef475a3d98e5dda27fd6db8c364689c8687853f30300	Y	ok	OK
B	1638	720a2d2168ddd7a28b8b8f21ec0d1a08995ff262baf87471761594d6c36420b0	10704	10704	1085	1028544268236587988	8dd247a4eb76802528546d324617b6ce9462cf01fb9e7f7f86f386ac13a20300	8dd247a4eb76802528546d324617b6ce9462cf01fb9e7f7f86f386ac13a20300	Y	ok_off_best_chain	OK_OFF_BEST_CHAIN
B	1639	4564a00d239f0b01c37463cb0cb3b3dd565944ea770993c3bbd30a4889667b8c	10349	10349	1086	13244443100815854563	dc345d302bf06fff0cc59340fa860145122cb241fa2833fbd0606cf2cfbd0500	dc345d302bf06fff0cc59340fa860145122cb241fa2833fbd0606cf2cfbd0500	Y	ok	OK
B	1640	2be1b534b6a0cce7ef4caec38303217699bd7f8d485c360f42fd91061057b6bc	10484	10484	1087	7682147070207102991	f8ff8081408ecda0759916aa5560a8b9af27468446490c136b1427ab86f80000	f8ff8081408ecda0759916aa5560a8b9af27468446490c136b1427ab86f80000	Y	ok	OK
B	1641	83e4cc382db0ec9778d24ae01e9dbd83c3463fded5b7d5058301ee12e4b33cd6	10459	10459	1088	11767926309018174737	e6033c822f7b085c4369fcc51089430bd4bd523dd1b5b85d46c363b65ad30500	e6033c822f7b085c4369fcc51089430bd4bd523dd1b5b85d46c363b65ad30500	Y	ok	OK
B	1641	d3d8193998e9d111ce6d661fe0665a2b6b424eb5f6936749ecee79c1de3f43df	10459	10459	1088	11767926309018207780	1d5163af3694244c4971bc917e729565351d9e93a2eb5cf72d33c28baf800200	1d5163af3694244c4971bc917e729565351d9e93a2eb5cf72d33c28baf800200	Y	ok_off_best_chain	OK_OFF_BEST_CHAIN
B	1642	fddf1ff9147ec817878697cb3a80464c0a0dac41f4f6d031a700052771f28009	10353	10353	1089	17663343859985350902	6f07c1c54bd58e3437df61fbe5c0efcedcb8784c216c97739fb83fb731510500	6f07c1c54bd58e3437df61fbe5c0efcedcb8784c216c97739fb83fb731510500	Y	ok	OK
B	1643	c5be2ed970cd0fcb91706d8985b1c2249e04140fbdb0cc554a5c4371629ce712	10461	10461	1090	4863182694642619459	2d433c83d7791261efa97f1c9f79c09ea218e33bffca29e76830997d023c0100	2d433c83d7791261efa97f1c9f79c09ea218e33bffca29e76830997d023c0100	Y	ok	OK
B	1644	58a77648b01581d8bec37c788c60c1596e1de4dd97594808c13a6c0f9ab4452b	10599	10599	1091	18212707058027857476	c3fe17ab1e4f42bed16dbf9f6243af57586487e1645b062a9ee3cfe220080500	c3fe17ab1e4f42bed16dbf9f6243af57586487e1645b062a9ee3cfe220080500	Y	ok	OK
B	1645	ab9a13bfa0f43e0ffe552340f5a66c63febe11397cce8536e7b218a944531729	10462	10462	1092	6175310656862978761	5c999f480b40472bc280ec42c5cbab8590daf223daf4e1019d9e0d4d4fd50400	5c999f480b40472bc280ec42c5cbab8590daf223daf4e1019d9e0d4d4fd50400	Y	ok	OK
B	1646	fb8b0a4bea6295c61d9238bb2b4e7cfbcc57f49d27c5372ef1915845ae06f060	10572	10572	1093	13096172145334059852	6e0312333e659157b9b44be5c4ae0499c910394f30591f8c0f47611fd8db0500	6e0312333e659157b9b44be5c4ae0499c910394f30591f8c0f47611fd8db0500	Y	ok	OK
B	1647	d6324e8d7f990fff7f70795e2a69a3675a5d77512990bb58408a780a72032af8	10711	10711	1094	16781094733425476993	726ede30c2f69c49a54bcfa2422d5a06228070a4e617ea4b2628a4a760be0100	726ede30c2f69c49a54bcfa2422d5a06228070a4e617ea4b2628a4a760be0100	Y	ok	OK
B	1648	acdbd052101fc0e3373981a4dd219b11bb738c2f78d444ea95be09affb8f64b0	10854	10854	1095	17789009423335687184	7af17ca384d2147888210c7929e4602ce3efedda0e4540698aaa5c18b2670100	7af17ca384d2147888210c7929e4602ce3efedda0e4540698aaa5c18b2670100	Y	ok	OK
B	1649	d42112d42ddbee5465932cfb0f4d6b6539a7b5ee88fd0d45e517c1ac47016fec	11001	11001	1096	6006255865009603796	9152dbf7f3a8ea7cd8bbf600dccaeb17bb9190cfc124fc9c454cc5b744040000	9152dbf7f3a8ea7cd8bbf600dccaeb17bb9190cfc124fc9c454cc5b744040000	Y	ok	OK
B	1650	be763ebf9451b0f3107a884c092b77694271631c65acae4b8a2af0e90b5b02c2	11151	11151	1097	10327597438482809625	6540a450fda8ab6d899c0277e2e7d28f7f405b3efd23cf575081433ae16d0200	6540a450fda8ab6d899c0277e2e7d28f7f405b3efd23cf575081433ae16d0200	Y	ok	OK
B	1651	92699a314d06c0a69a712b737fdfe53806772dadf95135ea18df21d320b763df	11306	11306	1098	6971419979463789109	078f7954a6693e303d52f23710b427b45078dcd99c8ae3dc3926a259ad680400	078f7954a6693e303d52f23710b427b45078dcd99c8ae3dc3926a259ad680400	Y	ok	OK
B	1652	b87f9bc6ecece440a169a902ec0277eed732782ae334d8d81b57b487b23660dc	11465	11465	1099	12459911721554807599	45d0123c950e6d3cc497c40805da5f7a3cd20fd3ac0c28392d1d6672c70d0400	45d0123c950e6d3cc497c40805da5f7a3cd20fd3ac0c28392d1d6672c70d0400	Y	ok	OK
B	1653	f83b2a585aa36a0e9a6e731c3f0561df0966b784f19656c12ad599f9e5eeb584	11596	11596	1100	10316795947920692777	2c3f9916fae2af890b843b117072c698f42d09269ad7d9f38012de7d5b430200	2c3f9916fae2af890b843b117072c698f42d09269ad7d9f38012de7d5b430200	Y	ok	OK
B	1654	6833afe73b7143893b7e2ff4e801c99efdc97810e20dc95b257ae63e5fc15bfa	11563	11563	1101	7328977278166107667	4101ebedb272fd24ef2896bf913b03dde4e394a764a17f379025769c448e0400	4101ebedb272fd24ef2896bf913b03dde4e394a764a17f379025769c448e0400	Y	ok	OK
B	1655	0d9c889a9c9774e9a9bfd61217e06b95985cffe9ff18d013b5d8e5671de1a4aa	11242	11242	1102	3207180632589339982	2a5d0c6f737fe36b541b1d0dfefc76abdd48892beb70f680d193bb0b3b2d0500	2a5d0c6f737fe36b541b1d0dfefc76abdd48892beb70f680d193bb0b3b2d0500	Y	ok	OK
B	1656	3296e30c23a5d77ce4c2f50a424b75aa9948e736b410ee7ee7c706762ab1ff19	11368	11368	1103	2236806782934614222	b35aa7eb1c9713a24d7d19a615985b249436ef08733b3e01c01a7e8776f10200	b35aa7eb1c9713a24d7d19a615985b249436ef08733b3e01c01a7e8776f10200	Y	ok	OK
B	1657	4901d16f103d83e7817a655ad571a28910f34c35c4a6f84b3d0b5043ac2ed1b7	11305	11305	1104	11543602074113575507	b424af7472e5daddedf73dbc72c2e2039d05b44d4e57b5a65b82ab956cb20400	b424af7472e5daddedf73dbc72c2e2039d05b44d4e57b5a65b82ab956cb20400	Y	ok	OK
B	1658	b87dd3a37829669bf935a227657d5c61d9e005c00c0567b897e02c76a4cc2296	11464	11464	1105	5399314726238815158	f4d3e16c91e10037ac23bbfad52107dfc138f6d19cab74aaad7b4958a77c0100	f4d3e16c91e10037ac23bbfad52107dfc138f6d19cab74aaad7b4958a77c0100	Y	ok	OK
B	1658	50fb68c0f1d4a33087fe12dcc9df2799efa34357450c8f4f81c0f82684a52159	11464	11464	1105	5399314726238880727	11833c683570edc42f928f93cfb9f964df4b4907608d2bb354ee2e2a84a00500	11833c683570edc42f928f93cfb9f964df4b4907608d2bb354ee2e2a84a00500	Y	ok_off_best_chain	OK_OFF_BEST_CHAIN
B	1659	15b9126fe90ad92f1c4beb66911e1ef127033b81b365e6809d4a455a679b806d	11562	11562	1106	14123101011945980714	8ec58dd20cf137251e1defdec10f352ee35d560215e867628e977a9d9b9c0200	8ec58dd20cf137251e1defdec10f352ee35d560215e867628e977a9d9b9c0200	Y	ok	OK
B	1660	dcd9ef1fe820284e06b4ddc4604647eafe8848673e1362b66bc659027ff31815	11728	11728	1107	2726670914262402219	b9d589253b46e66ca6434933e2bfeffc1dd4fb45fbf847154eeb8d6065ca0000	b9d589253b46e66ca6434933e2bfeffc1dd4fb45fbf847154eeb8d6065ca0000	Y	ok	OK
B	1661	af1d317bb2895b9d4b032de3fa683ed2aa61c7ddedc92480727020ab62e41772	11899	11899	1108	13847102676883574916	68831e956be31b29a1943d0c25afa513af9dee29d59648a946c222ef14f30100	68831e956be31b29a1943d0c25afa513af9dee29d59648a946c222ef14f30100	Y	ok	OK
B	1662	e95ec622d2d408d6a5c21dac54895e3cb30443579f5f3ffb8facdbdce8f8ffa5	12074	12074	1109	5303179098863011017	50c7567915829a4c6c578031a1c19fad2760de8ac89ddf26b9b7299e186b0500	50c7567915829a4c6c578031a1c19fad2760de8ac89ddf26b9b7299e186b0500	Y	ok	OK
B	1662	a5d2587c1fbcea9aee9ad153f529a16f5e7f193b9d2f5f2802092e52de812a76	12074	12074	1109	5303179098862978411	bdcff2412f7fa5798be55b19449b6afc61bf8b2f124d970c20d0be6f700b0200	bdcff2412f7fa5798be55b19449b6afc61bf8b2f124d970c20d0be6f700b0200	Y	ok_off_best_chain	OK_OFF_BEST_CHAIN
B	1663	1b376f625f0c29215ddeafde8392c367f4e7d60f69bb8cc4f82e17da9958f112	11968	11968	1110	2675998031110767092	69db0ac95f9f9ef1b156af7fde27754cf12f0e5a34b24ecd14d1df1351900200	69db0ac95f9f9ef1b156af7fde27754cf12f0e5a34b24ecd14d1df1351900200	Y	ok	OK
B	1664	f4082071d61a011d7a670af06b3e754beb800cffe541279f830010c31adad4e2	12144	12144	1111	9369491488599180213	9c54b64b9a89464614e843123e42eedf6894a2035481f84b65d9c0c6b5db0100	9c54b64b9a89464614e843123e42eedf6894a2035481f84b65d9c0c6b5db0100	Y	ok	OK
B	1665	484427a5788825e1c7d9524dc8880da315efb1f6371335e378ed80c53e0c8843	12325	12325	1112	14856818053307531719	54d11c5a4e3d150a6da3bfc95f2384a0f64d4c1c25c61d843824b94e48b60000	54d11c5a4e3d150a6da3bfc95f2384a0f64d4c1c25c61d843824b94e48b60000	Y	ok	OK
B	1666	cddce4bef266bcfc27a98bae027ea7076fde20e286838d4adb522a8c89474b25	12511	12511	1113	2527276220026985861	24667989254b220cb99dd54e6d24917941b42c9dcd78e0dc8a98e69dc0040400	24667989254b220cb99dd54e6d24917941b42c9dcd78e0dc8a98e69dc0040400	Y	ok	OK
B	1667	1faa4010899606267ebc38d4d459b306854322e3d1601bcdcc63ebde87b82d0a	12702	12702	1114	17761155065772575665	72632af850b5e2c96b088b3f74aa99fc2bfa212bbad9020b57d618aa34790400	72632af850b5e2c96b088b3f74aa99fc2bfa212bbad9020b57d618aa34790400	Y	ok	OK
B	1667	e64423619cf62e13506bc5c46083f0e15db093d726ccf31033cd7844d8ff004f	12702	12702	1114	17761155065772543102	e1ec706c940d6a065267b3163613695209ac4df23cef39ee77456bb42f960000	e1ec706c940d6a065267b3163613695209ac4df23cef39ee77456bb42f960000	Y	ok_off_best_chain	OK_OFF_BEST_CHAIN
B	1668	261ef364d63c42f39383cd44021d0bb48781178736e3ffdf5fecbc25fed79a03	12288	12288	1115	14977673296236059577	e6894fb58180c3818b83265fb97fd0ace55d990804077138a2701c81e35e0000	e6894fb58180c3818b83265fb97fd0ace55d990804077138a2701c81e35e0000	Y	ok	OK
B	1669	cbee10b563a1cbecf886b65a9df2fb2b55890fe4d301f4bd781915a026537853	12251	12251	1116	317564285523887022	cbc79c26fa1c60b882bbb9d16a0cc1c1573e4b704f3f9fd7f3c273b538330300	cbc79c26fa1c60b882bbb9d16a0cc1c1573e4b704f3f9fd7f3c273b538330300	Y	ok	OK
B	1670	55c0dffa2d09f98076cb6d5d9861e8d00d362be702854820e4d63642bbd24a08	11767	11767	1117	11697179491754413284	90e6aa2c8ebd1e3be9a6890965e7c8acc916ae971780b7657120a543fe7b0200	90e6aa2c8ebd1e3be9a6890965e7c8acc916ae971780b7657120a543fe7b0200	Y	ok	OK
B	1671	2ea6d313e3b8c093a323d509ae132aff0b549b45fb2adcd3876f6ddc234292e7	11935	11935	1118	17781781057801127661	3b4cf67aeff60f90355147e1a1965b2af056047fc22cd578140930f088da0200	3b4cf67aeff60f90355147e1a1965b2af056047fc22cd578140930f088da0200	Y	ok	OK
B	1672	12b30633ef5c13138d439e546a72b5b20607abf9f7e16d3d80309ab95bcad5d8	11900	11900	1119	10431915124586549760	64e876c01e49bc5715fe2709b8c72c4036fe7f9bebb0a50749f4a960bf140000	64e876c01e49bc5715fe2709b8c72c4036fe7f9bebb0a50749f4a960bf140000	Y	ok	OK
B	1673	28239a6f3ea3f35c39a8fc15a950f6c07d9ae76f0d07901eb89f5d59a1dfa522	12002	12002	1120	7163490775206987637	c5ad745484d7da6fe515314247270f69557c73d514d743585b171f01a92e0300	c5ad745484d7da6fe515314247270f69557c73d514d743585b171f01a92e0300	Y	ok	OK
B	1674	9771c22223ec2bf8a52cd70acea1b1b2719e756c35cd9e08e134ebdb2f9d2839	11767	11767	1121	2549691525495849312	c833563cb310d697d5ace502c9cbfd7db4b48b58c6e400ef798d56e4c5020400	c833563cb310d697d5ace502c9cbfd7db4b48b58c6e400ef798d56e4c5020400	Y	ok	OK
B	1675	9772cf843aea77d59d57fcdf1d81a2cb081b9dd5a23bf521cca3c09c341cfe59	11866	11866	1122	4052962235515930510	ec2c20b9da57071e4df2b5f057ab9950e78d2925a9bb7f6fdcf2d7a9ac9d0400	ec2c20b9da57071e4df2b5f057ab9950e78d2925a9bb7f6fdcf2d7a9ac9d0400	Y	ok	OK
B	1676	6fe11bfd64d8d7018c2b60fddd50023c4bc36caa5e1a91539dac6e33644759f2	12035	12035	1123	6753614061805572281	2844d083c461d2ee8781690d6c190c63a35d6d4e6e7fe8d0f5538cd606a90100	2844d083c461d2ee8781690d6c190c63a35d6d4e6e7fe8d0f5538cd606a90100	Y	ok	OK
B	1677	adbcf2228f6cfbcaed9e39232acc3cd43e3b278a06c79eebde07e01caa54c8db	12209	12209	1124	2357019468690918233	252c1fe4d5d0a74834309f946d9d828834b14f3b84cfc8c963c8bb7d44f60300	252c1fe4d5d0a74834309f946d9d828834b14f3b84cfc8c963c8bb7d44f60300	Y	ok	OK
B	1678	c66f789ce35201c3caae657b729f168cd01453203885165fa521b8db5e707d5e	12036	12036	1125	5925410050624553369	439f04eeec63b0feed11bf2ba19c0e34adab14f18a08c321532b590aa19f0000	439f04eeec63b0feed11bf2ba19c0e34adab14f18a08c321532b590aa19f0000	Y	ok	OK
B	1679	12052c9881e2ae860d345947b3f04b6a339ac3c5f1070796dc403bebaa32006d	12001	12001	1126	4430661161310065305	4480c6d7b910bc1ba7aefc3ee2d4229c6cc3ae09010b3a5dfbce02d9b86e0300	4480c6d7b910bc1ba7aefc3ee2d4229c6cc3ae09010b3a5dfbce02d9b86e0300	Y	ok	OK
B	1680	44bc0b0fa2332bec8d466a05bf89a085ccf895d3e95a031010d68773307c92cf	12173	12173	1127	17988763138182414585	f795caced8cf48eada4d97284cde1c4e2ff4f1a9cdd49b7f333bdc469e260100	f795caced8cf48eada4d97284cde1c4e2ff4f1a9cdd49b7f333bdc469e260100	Y	ok	OK
B	1681	1abdfc1cea0467337185e36ec2e94fbda0145edf59770522f74e77804157bcdc	12036	12036	1128	18015250480669759442	d5a6651dd2bbc48611fc901b737325f0f19fdd42638cf4e8cc3de3546f040300	d5a6651dd2bbc48611fc901b737325f0f19fdd42638cf4e8cc3de3546f040300	Y	ok	OK
B	1682	6f7d2251f5feaeb6299d8de0450e1ea9d9505d34c0a75decfbca6b2898f71c6f	12208	12208	1129	5428751555912338801	23476afa10275376a3190120124a2a5f472bc662fcde5ad23774ce41eafe0100	23476afa10275376a3190120124a2a5f472bc662fcde5ad23774ce41eafe0100	Y	ok	OK
B	1683	2c5caa187f3616db43a4b49ea686d2065f2ab521a10847120a0c51837ad44fb1	11935	11935	1130	15111385858772671236	541db2bcbf2cc091310e2422be06744cecb5f6d690bd5a18e1df1e23ffc70300	541db2bcbf2cc091310e2422be06744cecb5f6d690bd5a18e1df1e23ffc70300	Y	ok	OK
B	1684	f7491cf4f8e0a74f385f4f91b225fc19d5c8a48487597f15fe6360824f404099	11836	11836	1131	6907752337750721771	b83126b47584da68fe215b8aa0d70c37424025713f8ff734f7ed5bcf694a0400	b83126b47584da68fe215b8aa0d70c37424025713f8ff734f7ed5bcf694a0400	Y	ok	OK
B	1685	1326f757e84d9b73428694cb591f7dfeaaa6332351a1c0ab771fdbed93313f42	11425	11425	1132	7994143347243519105	97d8c0d237658d1772aec2fdd9c8b8ee54df6888ba2346fab12c866ea5e90000	97d8c0d237658d1772aec2fdd9c8b8ee54df6888ba2346fab12c866ea5e90000	Y	ok	OK
B	1686	37c13a13d2c989bce63090cbda9387943a6a69049cce2f3775feb7bd5618daac	11548	11548	1133	5957873775679743578	cbeab323b21708d1252d30d166cf96701ed3fa80b480edce0532e49e7b350200	cbeab323b21708d1252d30d166cf96701ed3fa80b480edce0532e49e7b350200	Y	ok	OK
B	1686	91dc9cdf288d74308c0c3df612dc7da767a7bfb738a3fb9afc0b16e05de13707	11548	11548	1133	5957873775679678165	aace7c36cb35adda89626731afebfee725c5bff6bd6ecaf461ff66560ec20000	aace7c36cb35adda89626731afebfee725c5bff6bd6ecaf461ff66560ec20000	Y	ok_off_best_chain	OK_OFF_BEST_CHAIN
B	1687	e7e9e1fb3500663edb914ba23a2744b91e911404cd343b953553700c902ccfba	11518	11518	1134	11347203677912939795	478ef4405c171f14f7cda39a17bafaaa0cb72fdecd9636d9ec3ada610d780400	478ef4405c171f14f7cda39a17bafaaa0cb72fdecd9636d9ec3ada610d780400	Y	ok	OK
B	1688	9219b298aa20f92649c9fb22002fef6de36336a2e49115867341477932e70be8	10821	10821	1135	12693359252975124933	b3a5fd284a8046a3d36e18ba1ecddc554b9e088c69942db0f535333dab590400	b3a5fd284a8046a3d36e18ba1ecddc554b9e088c69942db0f535333dab590400	Y	ok	OK
B	1689	d3308fb89c1358ad05baa306703d452f3f3a054eca0be12286fd023615b73003	9786	9786	1136	897996847488962860	e7f84647b98b4834398dceae172700012110245cab20f9245ba1310ba9790100	e7f84647b98b4834398dceae172700012110245cab20f9245ba1310ba9790100	Y	ok	OK
B	1690	91c539ed1f0bfab2f95a3888512fc8d001eeb4065a10a836df9d11aafc06c633	9901	9901	1137	11017045629154102581	5df69332f7a301083bc7769f9a33a566147ea070b28a388a952c475538230500	5df69332f7a301083bc7769f9a33a566147ea070b28a388a952c475538230500	Y	ok	OK
B	1691	65266d8e672997e668ca290bc445a8427c1edbb1c7745af34ef852063d9f785d	9835	9835	1138	14017103087391477796	d82643c8dbfc5975f24bd270061c41b40026a3b8142842405b5f0667ecad0400	d82643c8dbfc5975f24bd270061c41b40026a3b8142842405b5f0667ecad0400	Y	ok	OK
B	1691	42fa8513e22c227f69dbe840da2fd2f2f69d7ca7dbdbd18efc1c49e208dfc2d9	9835	9835	1138	14017103087391576268	0fb29f451f7fc99df17e717d9832a04df69caf1281b3b1ed6ce1558869b10000	0fb29f451f7fc99df17e717d9832a04df69caf1281b3b1ed6ce1558869b10000	Y	ok_off_best_chain	OK_OFF_BEST_CHAIN
B	1692	24c61758dda9292433b684400b02b5dcf078f08011e78be8303b257193843140	9770	9770	1139	12313088603843559563	f7732ff9d770d04380352ad8c64eae9fc13c143e11e3e29ad1f5a2a5a23e0300	f7732ff9d770d04380352ad8c64eae9fc13c143e11e3e29ad1f5a2a5a23e0300	Y	ok	OK
B	1693	53c53288a1289743f12f84f2a539673d704eef3a118537d1c2e2ab700078db5d	9662	9662	1140	16607387774730998628	3078b1c71e4ffbda589a2f09381fef290831b57da859f47ce196ab04cba00000	3078b1c71e4ffbda589a2f09381fef290831b57da859f47ce196ab04cba00000	Y	ok	OK
B	1694	e3766ed49641cbe71cf419e209dab02de772a4c235614d16c59221a6d0b4cf5e	9774	9774	1141	7413852197076638383	c837d027a76e5cce0da543e3cf72763420fde9d04023edff3d2c44e7e14d0000	c837d027a76e5cce0da543e3cf72763420fde9d04023edff3d2c44e7e14d0000	Y	ok	OK
B	1695	8ef70a68a5ff3f1e23634c9b730dd1906af50b31dda659c8ca8446ba9787acae	9665	9665	1142	969227698977210495	c49ad39e3af558c191b1b31c57f9194772e53423e33a4fcf3d9ac9c960020000	c49ad39e3af558c191b1b31c57f9194772e53423e33a4fcf3d9ac9c960020000	Y	ok	OK
B	1696	b55810305529b12f41093647419422f697f4caa6cb46dcd56abf5c7c7fdd614e	9391	9391	1143	9363287159232005739	c45462ac3c0b44e3ec6bd779e3b979e14238f6f02825650738391feca0d00400	c45462ac3c0b44e3ec6bd779e3b979e14238f6f02825650738391feca0d00400	Y	ok	OK
B	1697	a5f8f7fef2b74780a8f233ef9711d68cf3390769cd0e3cc499c336ed0d9e8c64	9497	9497	1144	14439982479274183535	cad75b74f22741db26eaf8fb8279a64980faee284654c73ad352f6246f560600	cad75b74f22741db26eaf8fb8279a64980faee284654c73ad352f6246f560600	Y	ok	OK
B	1698	97bbb0cfc26a2de90a037f5467e43d1ac31709f481398555a7e5c447223a4d42	9606	9606	1145	7395568976564094710	712a40b7c1c7dbc9ce10fae905e9df15a97ae7605122e608d1009427ff0c0400	712a40b7c1c7dbc9ce10fae905e9df15a97ae7605122e608d1009427ff0c0400	Y	ok	OK
B	1698	01c38809e5362e5b5d3db2e222ced5ba416449b89a0af572b917f8ce23681978	9606	9606	1145	7395568976564160357	752186e90670784476a483bebcbe8789e9f8d801da2c2cc381cbd6dc119a0100	752186e90670784476a483bebcbe8789e9f8d801da2c2cc381cbd6dc119a0100	Y	ok_off_best_chain	OK_OFF_BEST_CHAIN
B	1699	ab5cbb45693044a09ec47b37015398f19dc3cb128a5886d634ac54dbc809c0b8	9629	9629	1146	14672917234549071342	32e23d4d02c8e98b49a5773a3486dc8e498955acfd9095e0008c236294630500	32e23d4d02c8e98b49a5773a3486dc8e498955acfd9095e0008c236294630500	Y	ok	OK
B	1700	adb6087761f80b1fe4f92fc543db2a2e6d730c8985b9f80debd6acffd8c6919a	9719	9719	1147	11878671791637398950	0ae56e1cb9d0f230a02b289f2acc60009418e92ff87e0a228f04b4f5026c0400	0ae56e1cb9d0f230a02b289f2acc60009418e92ff87e0a228f04b4f5026c0400	Y	ok	OK
B	1700	eacac21217ac9293c4a72ac45a679851f5b545ece082dcfa13fe94e7d6cc686e	9719	9719	1147	11878671791637431903	269b0a939ec2f6b4f584cd87c54278ae55e7ffc8c63144220af4803896a90200	269b0a939ec2f6b4f584cd87c54278ae55e7ffc8c63144220af4803896a90200	Y	ok_off_best_chain	OK_OFF_BEST_CHAIN
B	1701	1dbf6f3d4fd93ea33d6d965138e6c6b62dfc49ac35efaf09971f41e10cfd6ace	9356	9356	1148	2655821022078468741	1dc97af1be66bd4ca6b1e7a987cecdbe66d1bc43fb6d0247bc9ad3ba6c3f0300	1dc97af1be66bd4ca6b1e7a987cecdbe66d1bc43fb6d0247bc9ad3ba6c3f0300	Y	ok	OK
B	1701	34c6f348e192c7b1894528d3595da6920ce7de241941cc06bab5bd755d6fb098	9356	9356	1148	2655821022078468835	7aed1864cbb2db4e00fbf0e050060a756f5745baece3a4acd98ece4fbe4a0000	7aed1864cbb2db4e00fbf0e050060a756f5745baece3a4acd98ece4fbe4a0000	Y	ok_off_best_chain	OK_OFF_BEST_CHAIN
B	1702	88c501f15b59f704a31c75cb0c9ec1d44071d209496c3d24c4c15bfae874677e	9440	9440	1149	44970717065807798	62be7870099f0ef4d78384957efda2705747e0320a8fcf47a698d2a824080600	62be7870099f0ef4d78384957efda2705747e0320a8fcf47a698d2a824080600	Y	ok	OK
B	1703	05206f6be2b2323ef4a6936c1d8afcaf1f2445955178e5fd214a70777c90743a	9548	9548	1150	9183580406102984100	2c44725302b1f7a5c28ed18f95e1cc15235c7290e57397d37c5ccc3ebf2a0400	2c44725302b1f7a5c28ed18f95e1cc15235c7290e57397d37c5ccc3ebf2a0400	Y	ok	OK
B	1703	24ebe503552371cd668802d58c0acd3ea37efbfb91e8834cf81bb0c2c3e95176	9548	9548	1150	9183580406102885847	426b041a9116da10b412a21a5af4a2db1cfde93de550ad4155d7593675ec0100	426b041a9116da10b412a21a5af4a2db1cfde93de550ad4155d7593675ec0100	Y	ok_off_best_chain	OK_OFF_BEST_CHAIN
B	1704	6d554f0e5d0b0e0cc4ac015df62b29e1e5a0d1280228e195c2fa6c82e105888a	9635	9635	1151	15965382995402097032	3e394d40d1306113c46f7751a11d85e31a32be3bc2834f1b01cb1858aed70400	3e394d40d1306113c46f7751a11d85e31a32be3bc2834f1b01cb1858aed70400	Y	ok	OK
B	1705	cd666d588d3fa60d57f2c751019ae39b259c4bbfbcf6a7fde050c9f06b768194	9747	9747	1152	11415786901106396116	5d63b1bbf579523fb768e30cb441f730db1a34d258edbcfd512c5736686c0600	5d63b1bbf579523fb768e30cb441f730db1a34d258edbcfd512c5736686c0600	Y	ok	OK
B	1706	28f9002d0a2f8731456ac89a072802fd3670d4fa973c4e27e38b979681880a43	9863	9863	1153	4426095280361933530	51114f11f4e8b49c87bdde8c43beaddb753b75a617f7786f7524695172d00500	51114f11f4e8b49c87bdde8c43beaddb753b75a617f7786f7524695172d00500	Y	ok	OK
B	1707	721d8f4a81485ae52ee8dcca7cc4d62f4f7fbb0e380fb95ae8c7cab27b767771	9887	9887	1154	1849089150138032240	8d44309c8d85cf526694b8a055cb0501de87da86d033498a8f2a41e75f040400	8d44309c8d85cf526694b8a055cb0501de87da86d033498a8f2a41e75f040400	Y	ok	OK
B	1708	3b27fcb2d3c13170dde3f4a55e67db21308374a1180acfc35108f35534280266	9889	9889	1155	15328917839121811212	15e8264ce601dc09bdb46f50bc8b2a7fd820076bc6175b25d7505864a5090100	15e8264ce601dc09bdb46f50bc8b2a7fd820076bc6175b25d7505864a5090100	Y	ok	OK
B	1709	982b10f5ec415bb4ebf56c833cc9462b63fd0556088b6dd81dd4dcbbb7afc350	9465	9465	1156	9315226037103133507	221f36717ddd0e9b652a607fe8172475255fbc1f98e77dd63d84e7c6df4a0500	221f36717ddd0e9b652a607fe8172475255fbc1f98e77dd63d84e7c6df4a0500	Y	ok	OK
B	1710	077f5f80d0df7c4f97b34b3c6b2c6008c4a075d00d84341c2f2e21054d69fa0f	9531	9531	1157	12507063650646753474	bf61f01b398f1dcf608ede47a85042bacb75a32e60065501032fc4e5e29a0600	bf61f01b398f1dcf608ede47a85042bacb75a32e60065501032fc4e5e29a0600	Y	ok	OK
B	1711	e83be67157a3f661fb9ef8ec7f7253c723eb598248be1652e85f613a745f6d82	9642	9642	1158	15232218106446221528	67d1e9b414c9a4332d6011384745ab6dde9964f7f24b6aaa2352e547cb990100	67d1e9b414c9a4332d6011384745ab6dde9964f7f24b6aaa2352e547cb990100	Y	ok	OK
B	1711	e1985cbaf2d741d362711708bdd3ee62c4c7c4ea8212bc5da2ce2b15863b53a7	9642	9642	1158	15232218106446254269	ed25ca10aa95a486c29b872c4d0f827f9795a74404e2c67f3faa7fd7adda0400	ed25ca10aa95a486c29b872c4d0f827f9795a74404e2c67f3faa7fd7adda0400	Y	ok_off_best_chain	OK_OFF_BEST_CHAIN
B	1712	9484e6f0a7a91d7bab7ad611e14afbb5d1935bf1cbb0d83f96b9f673f224c95f	9756	9756	1159	2745635978013153409	e3d5dc8c06b80f17e67a9b7a336accac93a65ce93ff58deb143e950db6f50400	e3d5dc8c06b80f17e67a9b7a336accac93a65ce93ff58deb143e950db6f50400	Y	ok	OK
B	1713	19c88d6208a57d15fbef22d69178b2239aa671ddca48ceafe089ad273b2802a8	9758	9758	1160	12233394321730077034	a30dfed775c5865ad2ad270927f3da05729ca968fcef2fb378ffd75ad1520100	a30dfed775c5865ad2ad270927f3da05729ca968fcef2fb378ffd75ad1520100	Y	ok	OK
B	1714	c25a0de054a35cfa8f359e60a10c9e6a014ae4e4b3139d6087bde5b92cdbe5ad	9492	9492	1161	8068856128718510713	09e4c9acfe5a527ad03c4b124b346c9a7b43209acebd92202bb356a2dbac0500	09e4c9acfe5a527ad03c4b124b346c9a7b43209acebd92202bb356a2dbac0500	Y	ok	OK
B	1715	b7ad67468b2054774f535c5d87c843c1c3c7d86476b5be0c135a0235c896f192	9604	9604	1162	15073327290274318377	e7cc1c36451de46bfd540796a7a962250f361cfa81e187ac417c6c8274840200	e7cc1c36451de46bfd540796a7a962250f361cfa81e187ac417c6c8274840200	Y	ok	OK
B	1716	93697da302e1fd9fe6161557697d22aeb0a2b673289ef6f0c2f021829d5f156d	9367	9367	1163	5479330903266231664	0baf86c8a31987006efce562e4fe4ab1939557135ae9030871d45e2750100200	0baf86c8a31987006efce562e4fe4ab1939557135ae9030871d45e2750100200	Y	ok	OK
B	1717	8ebe4ae93cec51403ac9faf03196752cbf0fb26e96c910e0f7c0226c0deb6ccf	9412	9412	1164	7723886047720964371	c536d353447ddb98d7eab5587acbbd794514b39af34d626d6bb0e771f5e60500	c536d353447ddb98d7eab5587acbbd794514b39af34d626d6bb0e771f5e60500	Y	ok	OK
B	1718	ab524c2e68cc0565d7f85b199b2949e5e051661704ceb9bf76c9490b87b77aab	9522	9522	1165	96707966127871859	5b6013b4e97fd19474ab4a1e8356051fd2f7f94774d1751392ec0ae572a80500	5b6013b4e97fd19474ab4a1e8356051fd2f7f94774d1751392ec0ae572a80500	Y	ok	OK
B	1718	ebd4fc042285ab5a1932d4694e3bb5a738786b7f44e2387143380a2b4ab700fa	9522	9522	1165	96707966127937459	eacc1eaa9395804ae08b8d05e0af339589ee8b5c319c3b5ae18a7b016caf0100	eacc1eaa9395804ae08b8d05e0af339589ee8b5c319c3b5ae18a7b016caf0100	Y	ok_off_best_chain	OK_OFF_BEST_CHAIN
B	1719	2a5433f14a5719fbd5cdad691a3cdd9f1d1d08cc8cee187444997366f3f278ad	9636	9636	1166	5890369250702400394	9789e910cebdbc806d58781c5f479b1a99de586f5e31c389ca270b2ee8190600	9789e910cebdbc806d58781c5f479b1a99de586f5e31c389ca270b2ee8190600	Y	ok	OK
B	1720	aa9a8f0437ad317e4ed38e43c58a27b0e909d8068379a1af59c003f6d8754e79	9461	9461	1167	2903586587189284473	6cfc04bb0b841c0c24b2f7095906b4080b73b46398e461aa753eca1b1df40100	6cfc04bb0b841c0c24b2f7095906b4080b73b46398e461aa753eca1b1df40100	Y	ok	OK
B	1720	f9797342092be878307f986d4482ac81dc03c2d01f24bb9de3c5c7c349eea22a	9461	9461	1167	2903586587189284601	b7b3735e01b80f7dd34d065d244532bec6a44d7ab0f87ddefb2dc159a8c40600	b7b3735e01b80f7dd34d065d244532bec6a44d7ab0f87ddefb2dc159a8c40600	Y	ok_off_best_chain	OK_OFF_BEST_CHAIN
B	1721	5833ba19daf9d6e077801ec44d658fe6c10333223a6ec5780edcaa5b165d1b03	9168	9168	1168	8239251139346829092	aa530d35f2a42e17e53f445a92575d2256e78b31d30cd92f3c12b7945efb0200	aa530d35f2a42e17e53f445a92575d2256e78b31d30cd92f3c12b7945efb0200	Y	ok	OK
B	1722	4d5dcdabada180e310c223927f359189c0ec613b8988abc409aa4f722a7665d8	9089	9089	1169	10629827273420703169	bd8113e327302ee82006f7241161fb1ce07e0366b031389edc6fbdeccc660100	bd8113e327302ee82006f7241161fb1ce07e0366b031389edc6fbdeccc660100	Y	ok	OK
B	1722	e6011a8ddc6a3960ec0946a7c6a52e9b34a5cd2c367d1870cff44b645d7bf948	9089	9089	1169	10629827273420768910	6a8eea22836f91c9c502e9bd0c2d635ca205f3bac066ca441923b18620790600	6a8eea22836f91c9c502e9bd0c2d635ca205f3bac066ca441923b18620790600	Y	ok_off_best_chain	OK_OFF_BEST_CHAIN
B	1723	8130c5b0d5a23d15130b4bb41fa759d5153e65b86ae031bc2bcc46f9f2e0148b	9011	9011	1170	3993321761297927121	6c219b1043ff5cac2f3be702cd6a7116aaecb24e822f913d922ad3ef060b0600	6c219b1043ff5cac2f3be702cd6a7116aaecb24e822f913d922ad3ef060b0600	Y	ok	OK
B	1723	f0cca2931dcafa2b967f9da6666579655115655213323f9027c2a9c80b463647	9011	9011	1170	3993321761297960033	bbc7415327af5377b48a932c8c9fac2fe20181b8dc3c0e66e86b274552400200	bbc7415327af5377b48a932c8c9fac2fe20181b8dc3c0e66e86b274552400200	Y	ok_off_best_chain	OK_OFF_BEST_CHAIN
B	1724	fde5e945585bed86e9a1fc5cca2025772147199c1f5c1f3c8f004d8aefea9543	9093	9093	1171	4723533327661797355	e1c150520fc0463fe156ebaa44a5f94525d4f94d1737df1a044beea83d5e0300	e1c150520fc0463fe156ebaa44a5f94525d4f94d1737df1a044beea83d5e0300	Y	ok	OK
B	1725	27d6d04c25056524902a015c31057c70a3a04e290c3846ba3ce081326678d8c0	9074	9074	1172	5031242256674293278	74495a0a166c0944bd8880313421e2c29bbc8638962ba9610250dc53e0ce0500	74495a0a166c0944bd8880313421e2c29bbc8638962ba9610250dc53e0ce0500	Y	ok	OK
B	1726	9e55d4adb97cef3c45fcfe6bd3d2b573ef15d5e3847ecb5e116dae76215679fe	8975	8975	1173	7147534043989475607	f5de90546ac3dcb09caa442722b6a6d41a2e515192fd289fc3172698c3490600	f5de90546ac3dcb09caa442722b6a6d41a2e515192fd289fc3172698c3490600	Y	ok	OK
B	1727	173b480234e3797f77b83ac34d66b92a3fe381c52eb4271ab7eaf2338f8b710c	9056	9056	1174	12922140667500593353	260ae75734eb815aa6775e3d852b266c04f7b4df7232d31cb1cc26187e0a0500	260ae75734eb815aa6775e3d852b266c04f7b4df7232d31cb1cc26187e0a0500	Y	ok	OK
B	1728	ef4fcdc9712c7fa10c11a0d6500bf8c009fdf7caa20e9c115e2f2fbacfc6c677	9159	9159	1175	887536351560435904	7e369515341eba173fd402d1a345a3cf75d30eaf75e14ee477d43294f8700200	7e369515341eba173fd402d1a345a3cf75d30eaf75e14ee477d43294f8700200	Y	ok	OK
B	1729	f60d420d078c5d243c05a0ddc62210c58d536e2a1ac8664b775651710ec60817	9264	9264	1176	452382703354907564	38b877dc0ac900a7713af3418d24b61aa2147af2f821fb358959c390fdd10000	38b877dc0ac900a7713af3418d24b61aa2147af2f821fb358959c390fdd10000	Y	ok	OK
B	1730	abe640d452e50462891fee55ed7d85d77569dfaed491384938a338f610446298	9372	9372	1177	7080697815923427023	091fec757ae7eca7f19752c1cd979ab3cd7cdef9c7f8346e20b56b2034c60600	091fec757ae7eca7f19752c1cd979ab3cd7cdef9c7f8346e20b56b2034c60600	Y	ok	OK
B	1731	79dd76907e94c88df6f421ca489787a70e76b56092f1ba38cb4131a2a49a9eff	9417	9417	1178	10231383024226799259	ddec12fd2345130809d69fdbeb3ff30384c1d15f86cc6e7d15648416ad540400	ddec12fd2345130809d69fdbeb3ff30384c1d15f86cc6e7d15648416ad540400	Y	ok	OK
B	1732	cbbe0a2491d1c1df45017f3bc8785d0aadc03d109afa4ef7b3fb2828a109eac5	9485	9485	1179	6007440378335167672	7fb9bf6be2b39b41d0ea75312889b895cb1a6a34cd0371810552569987920300	7fb9bf6be2b39b41d0ea75312889b895cb1a6a34cd0371810552569987920300	Y	ok	OK
B	1732	dbe4dfcaafc8041cba78486e80500444a7742baadbe20db8afd7b62cc56717da	9485	9485	1179	6007440378335069536	c55208c5ed9e06c8483416a625c7d882b72f5bc4308808bec41fb28e8a900200	c55208c5ed9e06c8483416a625c7d882b72f5bc4308808bec41fb28e8a900200	Y	ok_off_best_chain	OK_OFF_BEST_CHAIN
B	1733	6c474ec15461a3605f0bf9bd3b39a00c0645cffc5cb799df48a1a21e2d061699	9419	9419	1180	18289228879727951964	1dda25c6e94749fd2c8f9b26cf960d6b73d53e9d8b9bf6aedf0eea040c8a0200	1dda25c6e94749fd2c8f9b26cf960d6b73d53e9d8b9bf6aedf0eea040c8a0200	Y	ok	OK
B	1734	af945f1964ff240123b448a65785250f1d78379bb7731471698bb3d51883aefe	9533	9533	1181	4248938363417071967	b13fa9d30c5f1033513f608e933e42f53fb3e7c6699097fdcdb541c944c30600	b13fa9d30c5f1033513f608e933e42f53fb3e7c6699097fdcdb541c944c30600	Y	ok	OK
B	1735	17e14b0608d682cc4c654b7d5d2c89d0a57f546fdb40f6a4c44a739578e44278	9649	9649	1182	6484681935787463374	0b5165c685718074fe05bb4753d6fef3daab641c3ed94965ff85a5b403780500	0b5165c685718074fe05bb4753d6fef3daab641c3ed94965ff85a5b403780500	Y	ok	OK
B	1736	2487203bdfb4f269c459676952b8dc3cf1149faa490cd0b6f9e1b451168e308a	9579	9579	1183	10536008737951321298	7655f2c7deb833c8a5a63d4d158f41dd5f473aa808d7381b502bc1d7d8d20200	7655f2c7deb833c8a5a63d4d158f41dd5f473aa808d7381b502bc1d7d8d20200	Y	ok	OK
B	1737	846c45308fec09911138199c7cfba8385dd37fb4e7a946062f3202a0a7ed1ba9	9419	9419	1184	11419522466091962974	b9674572cb16441ebf13bdeeca2e3add10ecc84505b2edb2f6c74f233b020300	b9674572cb16441ebf13bdeeca2e3add10ecc84505b2edb2f6c74f233b020300	Y	ok	OK
B	1738	2738f40894e7b21e4b12e155a15fa28d0d2a5e755470f1bcdba9c6635b8b32f4	9395	9395	1185	14220165718057420045	f3de473f3183fc60300cf5b6f73288b38f057650f3f8881ce996f541b0b80400	f3de473f3183fc60300cf5b6f73288b38f057650f3f8881ce996f541b0b80400	Y	ok	OK
B	1739	7c24b19c85b7e64fd17770dc6b0d9cfc1b29fcd395ba06f30e6215f720934ad8	9240	9240	1186	7853390448545533715	5e824c0ccc1937683941edd7f4ec45a724d2d221a9b4c5f37a599ab0efe00500	5e824c0ccc1937683941edd7f4ec45a724d2d221a9b4c5f37a599ab0efe00500	Y	ok	OK
B	1740	71a969207a1ffb94fe7fec9d9de71032a64bbee99940d45ae7039ec31d1198df	9348	9348	1187	14130910211677880936	f65e8a5d7d7192abe0c0508b595774c2eaf8adf8f7a5d6c3662fbd27c0b00600	f65e8a5d7d7192abe0c0508b595774c2eaf8adf8f7a5d6c3662fbd27c0b00600	Y	ok	OK
B	1740	10655585527fd26f463cc635a4f31f0f793ee2620bb4b3665a280847a1ada217	9348	9348	1187	14130910211677979415	92125b0079efe86a2f255c0a17c09875366170cc1bfbfd9c699a184e59670600	92125b0079efe86a2f255c0a17c09875366170cc1bfbfd9c699a184e59670600	Y	ok_off_best_chain	OK_OFF_BEST_CHAIN
B	1741	79e86b21cc868ffe7f80113a4a6453a7276736746a4bcaeb467e99a0c8a22178	9257	9257	1188	9157964757293108559	bda61a346046da12d8f259981386c45ebb9b94421272adac0ce395819cb70500	bda61a346046da12d8f259981386c45ebb9b94421272adac0ce395819cb70500	Y	ok	OK
B	1741	9cb601936c538bb301142a5a1696d60497afe7e6438ba1d6a26e14b4c1c31a2a	9257	9257	1188	9157964757293108601	cce5942a48480e592191251e110a596daf1333c2218279f31b9f0ecb51470100	cce5942a48480e592191251e110a596daf1333c2218279f31b9f0ecb51470100	Y	ok_off_best_chain	OK_OFF_BEST_CHAIN
B	1742	9e4219b7d1e288a72ff1435ec7cab54411d3b3f3efc812bb9d953250d99b0524	9365	9365	1189	7106415556105930727	b4e55651bfdab16d542fb17b58d9d0a8c38eb43afbe52ae1a83014246fb50100	b4e55651bfdab16d542fb17b58d9d0a8c38eb43afbe52ae1a83014246fb50100	Y	ok	OK
B	1743	ade9a732f040029ee2a5b422a07013a196e97bcbe579756c17cdf66e1e0d662f	9339	9339	1190	16647777166146241996	0e8fde197387f5a2527aea104756eef90e81dd3b1d41e4674d6f48011d520400	0e8fde197387f5a2527aea104756eef90e81dd3b1d41e4674d6f48011d520400	Y	ok	OK
B	1744	ea69dac0b64e86a165263df6fca7ef775a0c9c6accadce13eb23974bdb383063	9382	9382	1191	17748775093124728426	2564602fd806cf22d852015d55e8568f01f7302d64418250982b986ae0fd0200	2564602fd806cf22d852015d55e8568f01f7302d64418250982b986ae0fd0200	Y	ok	OK
B	1745	2390badfb205610012ce4dea84aacc2b46fd0520ced494a8422369f7de879818	9472	9472	1192	3240958785140823377	6adffb7663a337bed2550b8084c0edf7f6c3046c374e56b483b90f71ec330000	6adffb7663a337bed2550b8084c0edf7f6c3046c374e56b483b90f71ec330000	Y	ok	OK
B	1746	6b47a5a4d6d739e7a378238397441f64fcef32f3ee3ee5f9e0d1e27532d9efae	9567	9567	1193	8055162123711517134	9b9fd7e69060bd101f3c8ff99f0e308085eb82927c77f14c2f6c5000466b0000	9b9fd7e69060bd101f3c8ff99f0e308085eb82927c77f14c2f6c5000466b0000	Y	ok	OK
B	1747	4afc64d697a92ed1e0cf2181073d2970721ff834ef882839e2d916b83d6f4619	9332	9332	1194	8947288223353241856	0b0cd65b06bfae547cde6fb2720cedb528c867a36e62b5bdc77f3120bf480600	0b0cd65b06bfae547cde6fb2720cedb528c867a36e62b5bdc77f3120bf480600	Y	ok	OK
B	1748	241cd31f6d86a3f30cf40bb1a220629f18a3477e33f895f0f840f3737da9c329	9195	9195	1195	15500786367129976847	ac94859ba380f9d4f1cbd058ba4dcf2406701295dabc817680c766cf2d4a0000	ac94859ba380f9d4f1cbd058ba4dcf2406701295dabc817680c766cf2d4a0000	Y	ok	OK
B	1749	4463932d6f303d95fe7cf68769a322849333086adf2f6531801434c264d43ae0	9306	9306	1196	3459379510187655260	7f25d4f03ec406177764ab0c5249d3d79e6340d9d24ff3897cac8fdf6e0e0200	7f25d4f03ec406177764ab0c5249d3d79e6340d9d24ff3897cac8fdf6e0e0200	Y	ok	OK
B	1750	71de1a34984d83bc7551429752d2ca3f0c2e5ed77870c9795c5a5e262bb0994c	9422	9422	1197	1501191993093624022	f7dd95390ccf080a6dc5c0b9dc968907f6b05e45042a66a5638789e2d0c10600	f7dd95390ccf080a6dc5c0b9dc968907f6b05e45042a66a5638789e2d0c10600	Y	ok	OK
B	1751	7ccc04e34cce153b51d69e51569cfc54c175ef802b78af8bd840ed39f7d57bbf	9541	9541	1198	16988718396021506904	f55350481016192a561a22efcf61a46862e72195ab545b360bd4ab8188df0500	f55350481016192a561a22efcf61a46862e72195ab545b360bd4ab8188df0500	Y	ok	OK
B	1751	4bc71fe0c1d82fd8e82acb4079496486d36893d8f313b8848bb5253f3e8503ee	9541	9541	1198	16988718396021506960	61442d1f745fca09ed0c0f9ae6ec36d0d0c26784871824dc98e5046f78090000	61442d1f745fca09ed0c0f9ae6ec36d0d0c26784871824dc98e5046f78090000	Y	ok_off_best_chain	OK_OFF_BEST_CHAIN
B	1752	4140ce42bc4236cee7af020e76940f55eea0d41f62c54edd3123c06a7a9ffcd4	9663	9663	1199	12937053829039391470	49b58e77f3fceb5c95dd6baa053cf895e5276506e2870334001c4ec19fd10300	49b58e77f3fceb5c95dd6baa053cf895e5276506e2870334001c4ec19fd10300	Y	ok	OK
B	1753	f4f55d25c4bfd7cf6458e3e5eb68e2f2a7284aacba119758022106e0b854a904	9788	9788	1200	5287431313509321281	8e1d6f5d5e3fbd20f198ee1811bd57fcb300048365a7879360ff77af953a0600	8e1d6f5d5e3fbd20f198ee1811bd57fcb300048365a7879360ff77af953a0600	Y	ok	OK
B	1754	53ca63b9a8550cf249acb75e9730720faedc459e7135fbe369079f1db56e20fe	9918	9918	1201	6968466227375145697	9e4c4938fb2736c6431f7d41932dd7fc997a40cabbe11bb4940a0f94d9700300	9e4c4938fb2736c6431f7d41932dd7fc997a40cabbe11bb4940a0f94d9700300	Y	ok	OK
B	1754	8babb58f6c15e5d1a60a98ff80fcc73476d5360b031aa3fb5f814f741b1f64a3	9918	9918	1201	6968466227375211388	e41924e6845c4c178d7d304c2847312e9084a1641ccf447261a25547e0790600	e41924e6845c4c178d7d304c2847312e9084a1641ccf447261a25547e0790600	Y	ok_off_best_chain	OK_OFF_BEST_CHAIN
B	1755	245aa317964111f4216c33363a34057268c481e51a95372fbfd0d09d0b81e73e	10026	10026	1202	8449712448180619297	452596bc99f21cee62732ef45e2c2aa63a06544ae5a6685c81427a8494380200	452596bc99f21cee62732ef45e2c2aa63a06544ae5a6685c81427a8494380200	Y	ok	OK
B	1756	e24c7a67c8c4dacd08e790f4264f1cb13d103eeb04ac314e7cc7bafd16ee06a7	10163	10163	1203	8573530591478252424	be03411d7f8fd3808cccd471b47a73f3eb058fc59f01c4cafe352c09b0b80200	be03411d7f8fd3808cccd471b47a73f3eb058fc59f01c4cafe352c09b0b80200	Y	ok	OK
B	1757	657e4c2bfe198293ae1693bbfb1e3b56ec2ed8e7da19bc71c0e381588c0fae78	10249	10249	1204	12074269326761330885	93a9b2c935266bb70523641146044882d7f8d6a80a296f1ef5c97f257a1f0300	93a9b2c935266bb70523641146044882d7f8d6a80a296f1ef5c97f257a1f0300	Y	ok	OK
B	1758	893bb803beaa33ce4b1cc61d6b492b59f27de19fee2d04f7f9dba18b1a785d42	10394	10394	1205	820386943069162242	13b492419d8ad1760c757bc5a65ef6c0aa48616dc019f4a8be8da3efdbdc0100	13b492419d8ad1760c757bc5a65ef6c0aa48616dc019f4a8be8da3efdbdc0100	Y	ok	OK
B	1759	e25e3e05e91b4125b275744867bbefcf7469ff6f0752e46b55d858d4a304f697	10455	10455	1206	14742178229351680561	8d3da9f86d72149df1b39792d354e63035b197b192c17898698a887920dc0300	8d3da9f86d72149df1b39792d354e63035b197b192c17898698a887920dc0300	Y	ok	OK
B	1760	987a3bf8efc13d612c94a788f6d3ab64a61f088de1cb02ffce1af158410fb8d3	10457	10457	1207	17925433622064598191	e24c64c70f619ccaecaa5bfad46335836474ed23b179cf2fbb00d24de92c0100	e24c64c70f619ccaecaa5bfad46335836474ed23b179cf2fbb00d24de92c0100	Y	ok	OK
B	1761	3188a22f9217591984dd1ec670d414d47fe649b4f1fcfcc205e4acafce7a0bcf	10461	10461	1208	3013990873311478102	4c03e3adb73c1cb683eede0c7c860b6f82294fb91e1bc4660446a6502c280300	4c03e3adb73c1cb683eede0c7c860b6f82294fb91e1bc4660446a6502c280300	Y	ok	OK
B	1762	54863d902af2be5b56aa5ee5039d39386b9f2d5103af98f7f22284b429d3e574	10404	10404	1209	7935695014213029614	0cca6e5a0e8122c37650b928522ccfc0a5449337024db03e6ee753f6d7f10200	0cca6e5a0e8122c37650b928522ccfc0a5449337024db03e6ee753f6d7f10200	Y	ok	OK
B	1763	2640b04e257140b25bdc192d66b2a5c44cbbfc185c94209d6a9d277d6d7fae7c	10557	10557	1210	6313440365630199020	d514124bd28426f19667ac817d0608b70de1c7760b64b0cbe2ca5e1ad0850100	d514124bd28426f19667ac817d0608b70de1c7760b64b0cbe2ca5e1ad0850100	Y	ok	OK
B	1764	67f7ef301d1ac14824bcd53455d535e6f1606dc4fb2add6ddfa054967da1f272	10561	10561	1211	6393334492571992933	d5d92b4ef851536c36cfdfc799b2f1f1a4f8cab43baa4541fcb4476d20ee0400	d5d92b4ef851536c36cfdfc799b2f1f1a4f8cab43baa4541fcb4476d20ee0400	Y	ok	OK
B	1765	1b4d191d614792e1f431818c8bdb65f52a6dd9c19d146a770b183b6893513787	10295	10295	1212	4556589795702277639	353f5a6353db9fadf44a5492e0303a7751e211a656a71921dd412706e7fb0500	353f5a6353db9fadf44a5492e0303a7751e211a656a71921dd412706e7fb0500	Y	ok	OK
B	1766	60259845a00bf215abe578d894e56dbc75e0304fc38165636d137ac4a49f509c	10445	10445	1213	17642612044257657933	29a3685390dbd8265715ec8cd9c3ba906a7262dbed0ae98729787fcfdc800200	29a3685390dbd8265715ec8cd9c3ba906a7262dbed0ae98729787fcfdc800200	Y	ok	OK
B	1767	fb5bc72441374da0bf07b925a70586c5dc38f10e9fdb64d880a78eae33f27fe9	10567	10567	1214	9258183008781895175	82fe2646df17778776d0e75c5327436ce31eaf70d410d60057f30054e7d20500	82fe2646df17778776d0e75c5327436ce31eaf70d410d60057f30054e7d20500	Y	ok	OK
B	1768	a0d91f1bc50de19ed38a1c1b0f861c391fa357ad23c4792ba5fb701d2f80ac01	10724	10724	1215	12181524950884024458	c624a3ec1f292f5235270c266787f9ac41c4963c9314617f3a36d2d2b9230500	c624a3ec1f292f5235270c266787f9ac41c4963c9314617f3a36d2d2b9230500	Y	ok	OK
B	1769	e788fa9facc46e762f46877de107e85ddc165fcc6f2cfa1ae7bc80d230e4e686	10853	10853	1216	3738055804603931505	f2979ca9a96379f3217b25c276706c9c502753e60c71f25f7ec7c9cbf1e80400	f2979ca9a96379f3217b25c276706c9c502753e60c71f25f7ec7c9cbf1e80400	Y	ok	OK
B	1769	892e64e97f542cefc55c7d9d88e94f90b135ab4fac65ce13e754afea56a50a4c	10853	10853	1216	3738055804603898885	fc7da1b135dd1baaf77b636538a4f6fe724286ff089996a9e8a07dcd93440100	fc7da1b135dd1baaf77b636538a4f6fe724286ff089996a9e8a07dcd93440100	Y	ok_off_best_chain	OK_OFF_BEST_CHAIN
B	1770	329d006ce5cb33a59ed4055ded9f5596f341b9cd1a860475daa10874228a87f9	11018	11018	1217	3215205001592900362	04de7c7ba52a48e4753fb4d345b5ab829404de7f2b77b80fa7dcc78caef70100	04de7c7ba52a48e4753fb4d345b5ab829404de7f2b77b80fa7dcc78caef70100	Y	ok	OK
B	1771	831897aad7498b6deca2be462c8f356ce61a94cf2adc14268ed053386828405d	10699	10699	1218	5653154783855381483	34fd2bad1b62112015dd7f655101eb37936d8be5519847cbba4c2770d1a50500	34fd2bad1b62112015dd7f655101eb37936d8be5519847cbba4c2770d1a50500	Y	ok	OK
B	1772	31099eb91da69b7e6a33474db9c1eda2641051c22dcff8085f352ebac29f9cde	10668	10668	1219	16457151296185599575	2c2a032fc5206cde45d176bbc0f474d26b20dd285b649a5af5201ce88c470300	2c2a032fc5206cde45d176bbc0f474d26b20dd285b649a5af5201ce88c470300	Y	ok	OK
B	1773	fddc49f35a42ad438e133b482dc5f1f246077831eb7b01998901ffe469338c24	10638	10638	1220	9874783400152272726	8cb0c203fa6ac4321643a542d48d31320dc1abbafaab496951f4a7b200cc0400	8cb0c203fa6ac4321643a542d48d31320dc1abbafaab496951f4a7b200cc0400	Y	ok	OK
B	1774	e0e174b46c65c2cc4e20d006a29c98d34741dc03ea25f8e5c0dd6d239abdd958	10763	10763	1221	7145532322941599775	41cf1c94d75c786e53cde66a6120fd5e50a1be00dfa6c129a66d6b2aaded0400	41cf1c94d75c786e53cde66a6120fd5e50a1be00dfa6c129a66d6b2aaded0400	Y	ok	OK
B	1774	56c248d253ba2b36a3615bca0b93a15f96046e6d45800b4f21bba73bf5a81dd9	10763	10763	1221	7145532322941599965	3c2e4369afb4eaffc28633a404caa21dab023f6a4c213dbf9d0aa8ded2c50200	3c2e4369afb4eaffc28633a404caa21dab023f6a4c213dbf9d0aa8ded2c50200	Y	ok_off_best_chain	OK_OFF_BEST_CHAIN
B	1775	e668a5dfeb27cb98ef8786b83b01427581117c9dc31140f5679030be178645b6	10640	10640	1222	5973920881599121073	1691c281648dfb159e53e55f6df5369a59e3aed5f9186bd1627ff85255eb0200	1691c281648dfb159e53e55f6df5369a59e3aed5f9186bd1627ff85255eb0200	Y	ok	OK
B	1776	7998786c2add4c120db12f1910af11ddf621389b7e318a9f60c700fb4342c709	10797	10797	1223	8804084770934983582	7755268c4a284fb7b2499389c5a5c8c60e7d06b35b6622dab2c401287cbc0500	7755268c4a284fb7b2499389c5a5c8c60e7d06b35b6622dab2c401287cbc0500	Y	ok	OK
B	1777	e13c9d1bc7b153c38d594a1739aef5e5870f5048607116fec93cb837e1f75934	10956	10956	1224	14986347644115257614	0ed2da02e0ce188e1e9c450c2524e1004fd5332ee7d940dae9de4a1352960100	0ed2da02e0ce188e1e9c450c2524e1004fd5332ee7d940dae9de4a1352960100	Y	ok	OK
B	1778	422251e3d488634dd0ccd5e7c8fe84c7b984c6d09a7e72c9e8ae29869cef64fe	10989	10989	1225	8965212139786672400	8d1c5b44900ffec504b6a0b1588948aaf633edbd3d968338b707ffbbcc480500	8d1c5b44900ffec504b6a0b1588948aaf633edbd3d968338b707ffbbcc480500	Y	ok	OK
B	1779	302729b1716bc4dbcd4e6ac6bd6392631435008606261f37c2e1a588847aca2e	11022	11022	1226	18384768155189840081	807c5ba73428aa32e086ed1c1855a6a81ec0ecb363f9c33d6604ec8e06cf0400	807c5ba73428aa32e086ed1c1855a6a81ec0ecb363f9c33d6604ec8e06cf0400	Y	ok	OK
B	1780	a30a5ecb05621873c8fbda9e465477dc5f606402f8b9f4af01e08fbb7cc64e57	10646	10646	1227	14101301531773043048	646b9b23891258f9a4d6f521fa99cb776eb43642453533077afc3e5179040500	646b9b23891258f9a4d6f521fa99cb776eb43642453533077afc3e5179040500	Y	ok	OK
B	1781	d52d5d04092561e970f0a3a6a3b8b5c6d2d11eb40b46798ad5b731fa26e3ba90	10709	10709	1228	3537795906386561511	0ac2f5f90ca68a6cf8ce1ff56468092028b620ff3fe561fa0ce5f2218a400300	0ac2f5f90ca68a6cf8ce1ff56468092028b620ff3fe561fa0ce5f2218a400300	Y	ok	OK
B	1782	55bbecfe09762230f947b607cfd81fc8767f23ffd8997fa6937c1daf4d532683	10866	10866	1229	13582163646384968110	296191cfdf7b4839d95acafab5cec0e48fc64173e45eefc2b9dc635389f10000	296191cfdf7b4839d95acafab5cec0e48fc64173e45eefc2b9dc635389f10000	Y	ok	OK
B	1783	2ac041bb39430c8afbcffea734231711a98c665dbfebf34c4e70b1f5be75e522	10964	10964	1230	1216745092287562675	f9aee6a2d1cc7bc491e6e293195fcb6e7f167641e5432f29b16c1e0b04260200	f9aee6a2d1cc7bc491e6e293195fcb6e7f167641e5432f29b16c1e0b04260200	Y	ok	OK
B	1784	6da47bec08b100ecd22b865345b6b961086ddd3a1982e492df7e3b710ec8f679	10777	10777	1231	8108560846512293306	8fdc522ad1d0dcbca1c670dafc998df052bf1cca1dfb514069f3f603b5730000	8fdc522ad1d0dcbca1c670dafc998df052bf1cca1dfb514069f3f603b5730000	Y	ok	OK
B	1785	52329a696d620314faf50ec2c142766fb55c443be60bbfc62dea30ecd97d5e0b	10935	10935	1232	18211803585887404414	a19df9d4f6e999961fb2b35d0072c118ff066e51ee52969815887e8f8c480100	a19df9d4f6e999961fb2b35d0072c118ff066e51ee52969815887e8f8c480100	Y	ok	OK
B	1786	a46649cacb46c1a2f102185545e7262297fd1697cc3ffe1c15013bde5b974d99	11096	11096	1233	9729783371504060520	c93de06c641f8ef83d8df3ba05923ab48fae13516494b2ac581374b8dc7d0300	c93de06c641f8ef83d8df3ba05923ab48fae13516494b2ac581374b8dc7d0300	Y	ok	OK
B	1787	c0bdc802c88988e67e8a7d962de5e5f836bd2422cda2c5dab08d4342dce16e72	11263	11263	1234	3431437805874611286	767e9b9de03c661bab261f4565f6172063f57b167db518f8879fe66accc10100	767e9b9de03c661bab261f4565f6172063f57b167db518f8879fe66accc10100	Y	ok	OK
B	1788	773d875676a169e5e07b8be6feee1be1d7cd49ab065fe39dcb977cac3de62828	11435	11435	1235	3898990582827122738	76eef0141dc1268c81703a63296abb64af2d2376a8ed97aab40a77274d180300	76eef0141dc1268c81703a63296abb64af2d2376a8ed97aab40a77274d180300	Y	ok	OK
B	1788	aef48abcc3504c9f2cd31272bee88666319ba73c1de8d5e22c7533c05d327c36	11435	11435	1235	3898990582827122919	1a5dedbd5d2d26716fbea0c36ee44ce44d23ac6b1898f1a7df05b6d459580500	1a5dedbd5d2d26716fbea0c36ee44ce44d23ac6b1898f1a7df05b6d459580500	Y	ok_off_best_chain	OK_OFF_BEST_CHAIN
B	1789	a87c3aca08545198ada99cf771035189430394d38ab221634e9094688245f547	11612	11612	1236	16393418285070254301	0e2357dde529e79d862b4e48688b8995cda0c965b7d3e77bea6c489bddfe0000	0e2357dde529e79d862b4e48688b8995cda0c965b7d3e77bea6c489bddfe0000	Y	ok	OK
B	1790	21e7f283da93d786c4eda694a895378d8fddc2dd6edd9d52f411cae8a013634f	11792	11792	1237	13054595457454476742	f7ac784f7fb28dff1d909b975e810caba6d1dcf19c1dd0c9d7feedf4d5700300	f7ac784f7fb28dff1d909b975e810caba6d1dcf19c1dd0c9d7feedf4d5700300	Y	ok	OK
B	1791	9f36a1fcde24d0135dcdc482826b511b6b47b1d96acda135332f7ec3a6487fd6	11978	11978	1238	14332962391157966025	4bc96e76e91ea922c8717c509a15effb87f85658875339f608fe371ad04e0100	4bc96e76e91ea922c8717c509a15effb87f85658875339f608fe371ad04e0100	Y	ok	OK
B	1792	ec8ee45df8e349498820860ca9971c58bd09ea0644d78578c47fe5a46295c978	12129	12129	1239	14066520293904520378	26e266aa61ee45371a646726d9683393cc9cdd5fa761cd985a8edd9d5e770000	26e266aa61ee45371a646726d9683393cc9cdd5fa761cd985a8edd9d5e770000	Y	ok	OK
B	1793	f4b8832f57f718883769034d39cae5e67e63eeccc02550c1ed95f68c6370c9a1	12323	12323	1240	14073008559264663601	56733165c67d664741557a5751afd60bbfc29df23d68bcb500c01e78c09a0100	56733165c67d664741557a5751afd60bbfc29df23d68bcb500c01e78c09a0100	Y	ok	OK
B	1794	ce64aaaa1653afa5e0866f6c1b0ce42fa62334f3edb29413a81edb42822c7df8	11978	11978	1241	2744950028786271421	84b04d806f09b42f8d8ad435e693c3147ce332852fec161c5d21b0da30040400	84b04d806f09b42f8d8ad435e693c3147ce332852fec161c5d21b0da30040400	Y	ok	OK
B	1794	1e9b380ece6591949a13950ad1d50821b851f6a6ebb7eb2b8f59822913d42200	11978	11978	1241	2744950028786304499	adf18d786c0ae07de5eb6de9a678caccf44562b1434fa426a01742cdb28c0400	adf18d786c0ae07de5eb6de9a678caccf44562b1434fa426a01742cdb28c0400	Y	ok_off_best_chain	OK_OFF_BEST_CHAIN
B	1795	56c6b91c80d88864471ffa5d54aca09059d6aa928de420f635329605ce6df560	12053	12053	1242	16316494737899095375	2188a850de4dba7b5ce44885951c87f9b0331826074ea94b6aaa3f56bb1f0200	2188a850de4dba7b5ce44885951c87f9b0331826074ea94b6aaa3f56bb1f0200	Y	ok	OK
B	1796	95e7099a24a2a20445e0ef92d9d7ff772848a9493b0ef778c894853c996aa6b1	12243	12243	1243	2979607538393191582	2826d85f1ea5bc65b00f0be15162f243bcfc085afa2c21fb05311a1953580100	2826d85f1ea5bc65b00f0be15162f243bcfc085afa2c21fb05311a1953580100	Y	ok	OK
B	1797	789384930a030cd64b30e9ac510d9f2500a6c8188a46481d70ff8c3464505d6a	12395	12395	1244	15586955097693816577	c32cdf2d59dca0202a965d3191f75be99234b385fba904ad25ddf312c02c0500	c32cdf2d59dca0202a965d3191f75be99234b385fba904ad25ddf312c02c0500	Y	ok	OK
B	1798	cdd98d9c877e9e074012e4bf4f2c31ebd71218e89a595228b32a07bd36ed4ce3	12084	12084	1245	12676921060218702220	4b285c5e083f5f0a25c90c4b531cd9be6f7ea06325d158a04e078cd52f230500	4b285c5e083f5f0a25c90c4b531cd9be6f7ea06325d158a04e078cd52f230500	Y	ok	OK
B	1799	d313d1706d244db2b06c38e1d6839bf2fb4db16a6fe5e5908fb745b837608cc9	12192	12192	1246	14348430303557683742	27f383e52a1ffdc28cda59b5ee502fc9399f8e57167c0b389875c2e0f1750100	27f383e52a1ffdc28cda59b5ee502fc9399f8e57167c0b389875c2e0f1750100	Y	ok	OK
B	1800	e051d1ad47b748ce388bbddd048e62e21ecc1739455ee8222f9401a1fc701c2d	12226	12226	1247	14814140741403608215	df83c6affeaf3bc9e74f7650013a930edb9ae7db55c315603644ccb1f8220300	df83c6affeaf3bc9e74f7650013a930edb9ae7db55c315603644ccb1f8220300	Y	ok	OK
B	1801	8a4987a8d3b09ae3fe2597b55e8fea0b914ea3cecdbfbd95476af0478ddeab0f	12221	12221	1248	14498511471790523446	d9ae7c2c4b1033d10fe2e69c336f3452de73afdd572a47faf43421cc11fc0000	d9ae7c2c4b1033d10fe2e69c336f3452de73afdd572a47faf43421cc11fc0000	Y	ok	OK
B	1802	1b64fc8f3a219df054aa75f0b6edbbf9bd19557cb796b39ed74fe3b9166a9514	12406	12406	1249	16809428671331863631	e721887e8bacd76c801362ef4fa7268c532d003d1004ce4e93a89a71ee230300	e721887e8bacd76c801362ef4fa7268c532d003d1004ce4e93a89a71ee230300	Y	ok	OK
B	1803	4e5972ec68dedef5b59ce4da0f9782a2e0de6a4ee668e08cae3c314aded8eec0	12597	12597	1250	1352682602502324404	2420d9c77abcada3cd21a244dd395bc459e071d9ca599842ede226c2f1b80200	2420d9c77abcada3cd21a244dd395bc459e071d9ca599842ede226c2f1b80200	Y	ok	OK
B	1804	cb3f8be632470ce519dd365dee84e53c4dc18d77006c84f1dcd4fdbe9a3de7da	12552	12552	1251	5134886826913333650	4833dc69d3d43dea8c7203458d3c114ef20d7fc94cee2520f4f631e9e6e30100	4833dc69d3d43dea8c7203458d3c114ef20d7fc94cee2520f4f631e9e6e30100	Y	ok	OK
B	1805	d06c347ba6d15d8d1b8c35d70fa6d04738abd305c844631bce95fb4e8d25bd85	12747	12747	1252	15029753665940456511	38060e80a706d7d73a1eb75424bd1577300bf6adc1a5f244b738588ce4b40300	38060e80a706d7d73a1eb75424bd1577300bf6adc1a5f244b738588ce4b40300	Y	ok	OK
B	1806	1277f9503aaabd362a956cbbf86055242d7346face3f70e0ef51ba440769d964	12948	12948	1253	5802201169912759315	e3a48b2b46f554ae1ffcfeb9f94255b8223bce33641876d8cc8e97b9e8af0200	e3a48b2b46f554ae1ffcfeb9f94255b8223bce33641876d8cc8e97b9e8af0200	Y	ok	OK
B	1806	17ad07ebc97716699cd0c01821e8a86480d1471d7affc9d0e567b17369bbc566	12948	12948	1253	5802201169912759476	a41812dd3ed440b69e61567a35b9422cb1b61d0c802cded35cc22d7573360000	a41812dd3ed440b69e61567a35b9422cb1b61d0c802cded35cc22d7573360000	Y	ok_off_best_chain	OK_OFF_BEST_CHAIN
B	1807	a08e05822323f91c318a69c9f4d0f6fb0f841413dd382643646d0724a070aeb6	13154	13154	1254	8162975320488546689	a030ec35c6689d7fa2a3d607d311b148bdfb983e7bba1a22ca5799d1ec190300	a030ec35c6689d7fa2a3d607d311b148bdfb983e7bba1a22ca5799d1ec190300	Y	ok	OK
B	1808	4d4b09b6bb722441e64fefe829b3966d916bcaa8abd93a6dde2071192e997d87	13366	13366	1255	10711694800396032751	b6a5f0be06101ce8bd85bb3760da68b6e015fd204d774ce0b15374fd92520300	b6a5f0be06101ce8bd85bb3760da68b6e015fd204d774ce0b15374fd92520300	Y	ok	OK
B	1809	9ffc8f3873b49fddfd43b475b60ce30e25ba71f086671fa8169fbd62196f7405	13405	13405	1256	2931169683207882650	3d7ded39ef8a9c2744ca6bb79bdc9d60f16b8f1fcafc1cafd6609eeb73e80000	3d7ded39ef8a9c2744ca6bb79bdc9d60f16b8f1fcafc1cafd6609eeb73e80000	Y	ok	OK
B	1810	c422dacdfdcd52bdabc273ed7285f28372a2d743bbf27cf6e953fd71becdbf09	12818	12818	1257	6761790077514285989	bb243ba6e9615709acfca5b377996d6ffb0f48665e4edba77c94bf5d1a350400	bb243ba6e9615709acfca5b377996d6ffb0f48665e4edba77c94bf5d1a350400	Y	ok	OK
B	1811	63daa712e2d70b3d34f2f9d0b49ed62e4bf1950f1f48470d3092de0c1545c265	12896	12896	1258	9476351958550877416	50290edf3b51ed205127504e4a3a3ae9acbf576c9df43b0124854c31e0ce0000	50290edf3b51ed205127504e4a3a3ae9acbf576c9df43b0124854c31e0ce0000	Y	ok	OK
B	1812	d091c57c54f04f2624915a10125f3a8e6a4e92253ab8c2e2243a60bc0cc7cb52	13097	13097	1259	15386873101316883335	f534268fa50892cd3f90f32155e24c286d3adb55da82ff616c8689fec17c0300	f534268fa50892cd3f90f32155e24c286d3adb55da82ff616c8689fec17c0300	Y	ok	OK
B	1813	c12ef61078bbdb151cb4aa2f8be1e111488ef104bbdf393b3c2187714a729048	12811	12811	1260	15307907249951738742	a46885fa5f9adca03a5c45cb8d70732bf16f70c24525c27f5fbcc0d0de160500	a46885fa5f9adca03a5c45cb8d70732bf16f70c24525c27f5fbcc0d0de160500	Y	ok	OK
B	1813	6d47882e4803635614f6cef9f1d05d84cecc33ad7e5bc2a6bbe7c34f99401197	12811	12811	1260	15307907249951804554	2e10e0f374604537532cd7c3d66b6e7b3159743d6035aa37335ded8551ca0100	2e10e0f374604537532cd7c3d66b6e7b3159743d6035aa37335ded8551ca0100	Y	ok_off_best_chain	OK_OFF_BEST_CHAIN
B	1814	fe7a2d996ab8e7a6b869f4168fd3cb50c033a747e55c481098ec39a392376645	13007	13007	1261	8534271506606230709	de73572794bfa705fa6fa54d7ee500116842a6321e77df4fa7d82593e40d0400	de73572794bfa705fa6fa54d7ee500116842a6321e77df4fa7d82593e40d0400	Y	ok	OK
B	1815	08f6e9c20f0fc34049fca23e24d65aa6a97aff5dea2440fe2f8cbf67e3ca07c2	13001	13001	1262	8039183239052625647	9729ec3ad2daeadb7a08306176953e420954da818172de81473f312673160200	9729ec3ad2daeadb7a08306176953e420954da818172de81473f312673160200	Y	ok	OK
B	1816	9aaddd98640fc6700fdcf2251ff15a071081722fb079ce73599d6d5b09b0615f	12918	12918	1263	8902469659798802574	39569ede6aad8afa51e90c4b2bfb657d86233f501f8bf6b8e4a1ef4a5c7f0300	39569ede6aad8afa51e90c4b2bfb657d86233f501f8bf6b8e4a1ef4a5c7f0300	Y	ok	OK
B	1817	ff4581ad98c1f0ee476d4df0ea6975256cc82ff2f4d466294d867c9a205770ad	13032	13032	1264	15958551733953626859	cf43233849216bcdcad143497fff024af931eac92999e08975f30db7cf210100	cf43233849216bcdcad143497fff024af931eac92999e08975f30db7cf210100	Y	ok	OK
B	1818	04db76c2e853405ffb71186a3962db08387687f94f4f650ae2eb38a210683e58	12831	12831	1265	3206555611768586572	1fefe72531032e9bb360b306c7f93fb8ba86d9cfaa1a0dbe4ad57514bd180300	1fefe72531032e9bb360b306c7f93fb8ba86d9cfaa1a0dbe4ad57514bd180300	Y	ok	OK
B	1819	a0fd0fead2058938e4b07b0c6dee9ce23f710cab6898043b8900f1bd62f15aeb	13023	13023	1266	15857748434904755480	b5e54a4c634258a03905cac2da03efa4c2f3746759d54e912ef6da4eeb730000	b5e54a4c634258a03905cac2da03efa4c2f3746759d54e912ef6da4eeb730000	Y	ok	OK
B	1820	d54481539da864d39ec6bc818abc1d09137903f9c6d9219a71b68d3f6c090361	13219	13219	1267	12087701325878398002	e5cddda538f0a1ac25e30363f4d4171c3c3302d7aa54bf92c8299b0e54030300	e5cddda538f0a1ac25e30363f4d4171c3c3302d7aa54bf92c8299b0e54030300	Y	ok	OK
B	1821	6adf0c2221772ba6d78c1baffaf9ef104f84c1c7c15f961763fa1ab401dca371	12276	12276	1268	12835592210288215843	94eb1700ab9076b2c3bee2092e43d585019e8f7fb533e0d452d89bd775a80300	94eb1700ab9076b2c3bee2092e43d585019e8f7fb533e0d452d89bd775a80300	Y	ok	OK
B	1822	02b0550f03bde5a2189f1783e5a93befd6eaf56f890f81474e3fa93da6ae336d	12205	12205	1269	6663358751463998639	89870897c2cd0271d5fdf7fa2b46e5f024b08ebffddcb08f50866c478a8a0400	89870897c2cd0271d5fdf7fa2b46e5f024b08ebffddcb08f50866c478a8a0400	Y	ok	OK
B	1823	0961035c331ed9c31afde72346f6c8c209aa9ca6a7a446839ff66fb98e98a2f8	12307	12307	1270	11670902443750793775	d4d57a667c6fe726c4810c0fbdd7b6988199ca34e243e8e52798461aefbd0300	d4d57a667c6fe726c4810c0fbdd7b6988199ca34e243e8e52798461aefbd0300	Y	ok	OK
B	1823	2aca2eb8117ee3e385c1e27a25daac8efd3425330dd62483039831de79f26783	12307	12307	1270	11670902443750793982	cce09dceb6e5ba34c697a42fb4a9fe3b5c99e2a81e8f886d8775fb6818ee0100	cce09dceb6e5ba34c697a42fb4a9fe3b5c99e2a81e8f886d8775fb6818ee0100	Y	ok_off_best_chain	OK_OFF_BEST_CHAIN
B	1824	5df6c22e9dd1675e4704189f5aac696a50dba48fddb974351fa1e54f338aada9	12480	12480	1271	2022849722909262802	e3a0d3c0a420e68c71619b28c0f3c99709a87779312d81dd448ca1ba00220100	e3a0d3c0a420e68c71619b28c0f3c99709a87779312d81dd448ca1ba00220100	Y	ok	OK
B	1825	a809212be08b016f4f771433ad6c65c95cbeedfb8a1e99f6ef5ea4109add633a	11772	11772	1272	14866676605274621017	0f86e0166b3b76489096a360ec172fdc6d1d1b9d39a1184f2876a71bc52e0200	0f86e0166b3b76489096a360ec172fdc6d1d1b9d39a1184f2876a71bc52e0200	Y	ok	OK
B	1826	6e02334f32f2931c09f5a4d87cb076c0fb47541b034cc473aeacfd1b5d210ae5	11932	11932	1273	9816638412071900977	e2f1d8c6e1affa198a4565a800cdfb49f38fefc954248adcb5598f97b8180100	e2f1d8c6e1affa198a4565a800cdfb49f38fefc954248adcb5598f97b8180100	Y	ok	OK
B	1827	93d9da094b2927a774a55a031b985913f815d7cd3c9fa98e8c0e9bada4ac02cc	12095	12095	1274	2272158495539272356	21221d1a2ff3e037e1245ce5f41f0eb63298275506d8f6d5fd6d371826160400	21221d1a2ff3e037e1245ce5f41f0eb63298275506d8f6d5fd6d371826160400	Y	ok	OK
B	1828	63cebbbe809db18384d23fe812f121df75fd4eae90228a729f2d071eceea4295	11741	11741	1275	12521437329933469405	a54b7ff6bea658c1e3adbea88d434077275d9ee3adc19b93d6e26eaf07730100	a54b7ff6bea658c1e3adbea88d434077275d9ee3adc19b93d6e26eaf07730100	Y	ok	OK
B	1829	1175542ae0d37ddf32147aef13ae5de3df706c70194d46a1f12ad114a61e6fd1	11292	11292	1276	12903108069684217061	bd87acb490998c67c7dbefc7eecafac856b39eed694f1ed1734301553a6f0100	bd87acb490998c67c7dbefc7eecafac856b39eed694f1ed1734301553a6f0100	Y	ok	OK
B	1830	e212899d482db6ad712c188d0f3ba219c4a4685be005d96ae289911aca458a09	11381	11381	1277	7263312068638442981	8face5f880a4d703379f8024b7ebff5c713b0480e76c7646cf507a93762a0500	8face5f880a4d703379f8024b7ebff5c713b0480e76c7646cf507a93762a0500	Y	ok	OK
B	1831	09bd3e3929b056d65ef6d3d82ba5eb0d1faae7f6462a315591c032cd1f39e0bd	11531	11531	1278	3146008130651981837	841ed294eabc3ee95f68d29c2610858796e90c6a1e7764194d1ba2a43bce0200	841ed294eabc3ee95f68d29c2610858796e90c6a1e7764194d1ba2a43bce0200	Y	ok	OK
B	1832	0405d388abd52811f15bd6a6dc7abbd61b58a6d2677ecebf3466396cbfb321b6	11624	11624	1279	13411879995668798788	ecac1f8688ed5c624b8ceadaa2966f748e6217c555974c45d2b8318de0110100	ecac1f8688ed5c624b8ceadaa2966f748e6217c555974c45d2b8318de0110100	Y	ok	OK
B	1833	97c7b0c5c54c75ab1ac2f567a59514009f27f1afa527af1d698977b9c6087a60	11687	11687	1280	4521206845800519531	653151c3f0df179e3b36452ab7bc1de319735e201352671de732f3d42c7a0200	653151c3f0df179e3b36452ab7bc1de319735e201352671de732f3d42c7a0200	Y	ok	OK
B	1834	f1b5b8d3a984fc77a7cecac171bd48b54aa35c760ebdae911d14135beb99a2ab	11190	11190	1281	1723869687860696710	7eec3e7f163003c2d509fe3641d0c14d961e5d4bad110ea1ef95db413e660400	7eec3e7f163003c2d509fe3641d0c14d961e5d4bad110ea1ef95db413e660400	Y	ok	OK
B	1835	ed8964dbe62f773e8bee40f049c686b2d11e30a821d227ab31b52e8b57296e37	10866	10866	1282	3767130611483968882	0a70dc1c1145dfd3192095843de6fb8c44ef6abc623b9f68d1c61222e2140200	0a70dc1c1145dfd3192095843de6fb8c44ef6abc623b9f68d1c61222e2140200	Y	ok	OK
B	1836	c6744bfe1230dce24334ae2abc5b92497959573d685911915f52a8654372e3ed	10585	10585	1283	12811003904770806081	996c02f4f831006401e48b3d46e33767dac1aff7b3b688367ff797587f130600	996c02f4f831006401e48b3d46e33767dac1aff7b3b688367ff797587f130600	Y	ok	OK
B	1837	5b216086965b4441b809f1d0c72c5af62e027b8462af8146d908ca2e78153cf7	10715	10715	1284	2589723609991746195	1686f9400e220914e9a5439ea87815f1a821a2f1aed3f07a36057e91dc970000	1686f9400e220914e9a5439ea87815f1a821a2f1aed3f07a36057e91dc970000	Y	ok	OK
B	1838	79d0e53c86a48d44b32e9491cac66a4afb8f0f67b94ea047456a65e9bddca507	10566	10566	1285	15973773256964505844	77e4caf3c097f2c88d59ec4a5c070560d60bb2c11907b6179a48b3189ca40000	77e4caf3c097f2c88d59ec4a5c070560d60bb2c11907b6179a48b3189ca40000	Y	ok	OK
B	1839	a6bba8fd094293b79676b97e79513e42a4886df63f294d9068698413de704889	10397	10397	1286	13392002582080225545	4ad506e2cc194581b577d43c1b23d23e39e1cbf0707bcfdf86a3b7e382f00200	4ad506e2cc194581b577d43c1b23d23e39e1cbf0707bcfdf86a3b7e382f00200	Y	ok	OK
B	1840	1b3b9be6f58770f61e1a6d08d2ad63e58f6d5ab69dcdd51b8f8227abb10c7046	10523	10523	1287	9691250977918791185	41f1b207ae0c954576cfdad453f90ae1e260642d39cf03e9c1cefbd8ad880300	41f1b207ae0c954576cfdad453f90ae1e260642d39cf03e9c1cefbd8ad880300	Y	ok	OK
B	1841	42b587a69d6631ca94830575d218279f071e96c7adf55fc40fa9a921e9c2c1a6	10652	10652	1288	16965663307929328539	10b5b6bde21650634f93bd7f877381d271cf9ca623622ea26d5d32f0dd830000	10b5b6bde21650634f93bd7f877381d271cf9ca623622ea26d5d32f0dd830000	Y	ok	OK
B	1842	a8e7ceffb81ff728cb1ec7d95696e063a3ad00210edff43e6edc2f5d9f7f615d	10056	10056	1289	3044228387968156070	b2ecfb4867f42c14885429311e2d5e2dcfcec43290c17f2531b03eb036860200	b2ecfb4867f42c14885429311e2d5e2dcfcec43290c17f2531b03eb036860200	Y	ok	OK
B	1843	e44bc4b990064adb78e1ac9300989bbebd866c5d142ddcaa8bd25d1bb4d8f98f	9730	9730	1290	15727059456330075411	3fb92e04d81cc20882d2501b264c615d85b0cf128c9650dbffa2610adb2e0600	3fb92e04d81cc20882d2501b264c615d85b0cf128c9650dbffa2610adb2e0600	Y	ok	OK
B	1844	7c6d686b3056238788f35527791d8fece760fa999b7a3166e09196d6c984414a	9841	9841	1291	3681555084623251097	fec3faf270d7c955b917320f1cfa56cf0463178dbbc0dd5497a07aa897670400	fec3faf270d7c955b917320f1cfa56cf0463178dbbc0dd5497a07aa897670400	Y	ok	OK
B	1845	881d1232c38e997027dc64fa1602403480de7e1cb060ce860bccd0bb58d5508d	9866	9866	1292	6594119738304070650	f584cdb48a054e59d4237a05d0299cd6bad8115284308fdbed221a83c7050300	f584cdb48a054e59d4237a05d0299cd6bad8115284308fdbed221a83c7050300	Y	ok	OK
B	1846	f0e43520c90df89a2e9626a44ad6f9df0bd7788ee7d3ecb7089ad6dbc60f541a	9935	9935	1293	2871360223501648737	31db4d962183385bb6f16570170da437a8838c31553ac85ff69cd7c173520200	31db4d962183385bb6f16570170da437a8838c31553ac85ff69cd7c173520200	Y	ok	OK
B	1847	a2e97c1baca5a896d9f52205353e28acf96f6dffe1fa2534bdad086aa4902399	10051	10051	1294	9016382745223373592	44700e655c0a83347a85dcac0436c77a553f893f9a83b0eec6c0ee50cd180000	44700e655c0a83347a85dcac0436c77a553f893f9a83b0eec6c0ee50cd180000	Y	ok	OK
B	1848	208aa4d4fd40b0415d850520a9c9fd0e468be8388a08b97b107ab9d2d3a53eba	10170	10170	1295	17316290225927918195	548265e1e85c638e33748849102c9010a601040e916b1ca49d1ece65a2d20000	548265e1e85c638e33748849102c9010a601040e916b1ca49d1ece65a2d20000	Y	ok	OK
B	1848	11fd5ae4d5bd607d372dbcece51a54d5ca3b37080baa95c7b6392757247effb2	10170	10170	1295	17316290225927885724	77a65c8e7d10a641e0133b65ad36dfe44149c51991abbbc25cd15ed563900500	77a65c8e7d10a641e0133b65ad36dfe44149c51991abbbc25cd15ed563900500	Y	ok_off_best_chain	OK_OFF_BEST_CHAIN
B	1849	51df4a2a780262e573d241a915e6b17cdd2cc9c5ae77fd3a9195ae0d94f9582a	9749	9749	1296	15890104094287790385	fe26b8ba8f3339d246257fb89d4e75a2ba0583fae9427bb487aea92868ae0300	fe26b8ba8f3339d246257fb89d4e75a2ba0583fae9427bb487aea92868ae0300	Y	ok	OK
B	1850	00cacc4d8c5db1189c3334a18c44087539b8bd54034433455fab544425a4436f	9625	9625	1297	3597813375653937343	03f17a6cf96da79ffa25d82b682685815d71c0c3b9452fd80b73479cb3ca0200	03f17a6cf96da79ffa25d82b682685815d71c0c3b9452fd80b73479cb3ca0200	Y	ok	OK
B	1851	5385d9d60d8aab41035b173503fd5920b80d7b4fe3b4277049c0d6fa4390e7be	9735	9735	1298	6374277658255065134	2f944e094f6c95087b7d44e05db402f9cb84db86c880fa6a9f5004acf0c60500	2f944e094f6c95087b7d44e05db402f9cb84db86c880fa6a9f5004acf0c60500	Y	ok	OK
B	1852	56039df7224da9322e6d76a52ea38c6b686e1747d412addf94522d521f9b3d62	9847	9847	1299	1371044970672194779	3220f0de57a9c114ad7ac896bedbe0a7b0a20f9e74a638043257de58a7b10000	3220f0de57a9c114ad7ac896bedbe0a7b0a20f9e74a638043257de58a7b10000	Y	ok	OK
B	1853	44295d44f1c664e142888eaa4c0647a007c6bafecc14793ff0539a0eeac85c1e	9961	9961	1300	8774533987189164297	0febcacd4617f8ef4b574acfc99ca8d52810ea7ce9dc85926552c6e13d6e0200	0febcacd4617f8ef4b574acfc99ca8d52810ea7ce9dc85926552c6e13d6e0200	Y	ok	OK
B	1854	fb83b520b14073baa51c94d310aec8f7497970210a4cc20bd6a70bee92b1e829	10078	10078	1301	7847581934774419511	27602faa14fd67ed739f0b84cb5a952094317faae5fce4705c28e474ff690100	27602faa14fd67ed739f0b84cb5a952094317faae5fce4705c28e474ff690100	Y	ok	OK
B	1855	cfc551cfc8d4aaf942ad1f13c17b9ffff2c0aa678f414d265bfbbaeedc592241	10198	10198	1302	14910903751832241010	01e9a1f587486bcd5bb3bd794f5e2568f8e7f028d3a8c4737152709cf5070200	01e9a1f587486bcd5bb3bd794f5e2568f8e7f028d3a8c4737152709cf5070200	Y	ok	OK
B	1856	3100089378c3bbf6d0e82dfcee447607230aac7efa536520cfa1bd042a303604	10321	10321	1303	16848752562965357759	0ec8968ac82880ad120f478a648a6477482a30e15221221b0a329b52a73a0200	0ec8968ac82880ad120f478a648a6477482a30e15221221b0a329b52a73a0200	Y	ok	OK
B	1857	23a134d48d8eeb8542be3d846b1549c9836dfed5380a3a17e97b2503a59d7487	10448	10448	1304	7152023341375784287	7bfe577920534da6971df07ceaf467c5bb724a8706fb5d5cda4a912fa9850000	7bfe577920534da6971df07ceaf467c5bb724a8706fb5d5cda4a912fa9850000	Y	ok	OK
B	1858	45e88d2eb32c811dbb77d3752c1635ac1ac34e4e534d082525c85565eea1387e	10185	10185	1305	17280932693642609281	d6e3cab16320062020f17ac87fad0f1bddb8d247e271e48a7b7914ab3dcf0300	d6e3cab16320062020f17ac87fad0f1bddb8d247e271e48a7b7914ab3dcf0300	Y	ok	OK
B	1859	30b435b545f90e00cc2d90a6a80ff5db1875feb01ba1107b5af8ded173b7b86f	10284	10284	1306	6259489331510051347	aab1d050ce8b7e1e89614cdf4450068bb0bfafd0b5d33f41fe3a831d415c0100	aab1d050ce8b7e1e89614cdf4450068bb0bfafd0b5d33f41fe3a831d415c0100	Y	ok	OK
B	1860	a8484b0d42a7c8cd05961b47aad7c0c07f1dd2c70370b56fe32d76d61c4a379a	10410	10410	1307	7645868778537945777	7765ae4442a43428dbd5a301fef76fa3c37e43ab1a5f8ca388ebccee9c900400	7765ae4442a43428dbd5a301fef76fa3c37e43ab1a5f8ca388ebccee9c900400	Y	ok	OK
B	1861	4e5430d4f2259de3fe5433cff55ff4f140245d78009afad280705f623f0d025b	10538	10538	1308	17340480409451990796	b3c7d8a7ded18900c2383d77ce4baac7177040a4c96583aefffc3c9159380100	b3c7d8a7ded18900c2383d77ce4baac7177040a4c96583aefffc3c9159380100	Y	ok	OK
B	1862	ac69a347b3b935f715d65e85c571df48389422c3ba47065ff7f9616bf99d4175	10644	10644	1309	13993970204556755449	5b440e38b6346079be577bd1aa37e96d5a06c9a2600b07d28b465680818d0300	5b440e38b6346079be577bd1aa37e96d5a06c9a2600b07d28b465680818d0300	Y	ok	OK
B	1863	dbe49c34e93abdd51a22ef78c4522e61d50b4741e5a448466ba28e7590f84d24	10570	10570	1310	11806371626436562224	f18bed38546ae1d9277adfc85932c8cd4c53c7b337073706c2c3683bb5100400	f18bed38546ae1d9277adfc85932c8cd4c53c7b337073706c2c3683bb5100400	Y	ok	OK
B	1864	94c06b6cd69628e4fbfa9b3ceb9e714ec5d1224b8521057cb56a5c49ce9a366a	10701	10701	1311	16774005632205391515	621b300c815f5e30e802c51bbd5d5cefff9501c479e7bb7346bf5102bf5b0000	621b300c815f5e30e802c51bbd5d5cefff9501c479e7bb7346bf5102bf5b0000	Y	ok	OK
B	1865	dfd4f58f2cf5b33ab46cd77104e3dddfe509ca191327dbc98b159caefd2dd1e1	10704	10704	1312	14365258157222074366	6e762354bba7430b617497de5d8ec485300675b2535163b2686231a250a60000	6e762354bba7430b617497de5d8ec485300675b2535163b2686231a250a60000	Y	ok	OK
B	1866	191f2486838efafac0059cc5549a5c4431ef2aa7aa399696724eb856120ad6e5	10785	10785	1313	7939355099443303317	95d721a967eee7d575fa92828a293829c4fb615e043c458096b966d384660100	95d721a967eee7d575fa92828a293829c4fb615e043c458096b966d384660100	Y	ok	OK
B	1867	5904f0b9118f308655516cc0565d15b410472bcb7d5576e46f1e738ad30d5292	10501	10501	1314	2240143959638737639	1914fa3569b089a69af2f986b9483cccd031f67eab46e6a67ab17bf829010500	1914fa3569b089a69af2f986b9483cccd031f67eab46e6a67ab17bf829010500	Y	ok	OK
B	1868	b290b9d4ed461a9c433b45ab16d2973831c79a0809301774aa78c0129919731b	10303	10303	1315	9658518173162411618	645ff4047818d0092806a85e1b0e0a43c4962b3b1cbb159a0ede49127cb20100	645ff4047818d0092806a85e1b0e0a43c4962b3b1cbb159a0ede49127cb20100	Y	ok	OK
B	1869	a8afd44e825c14560fc6335fd9c6c049664e210480d988b54046120eec1293ad	10426	10426	1316	3371920025987352537	166aecb925ca59314a65a35b14fbc252697d99539551cad346a70aefbe4f0200	166aecb925ca59314a65a35b14fbc252697d99539551cad346a70aefbe4f0200	Y	ok	OK
B	1870	6754a44c1a860f9d5f7e533d8d2e30abee9f53bd52e436c89d566e9e13babc93	10207	10207	1317	695726414950926530	e3180c57720af3bbfb2829a0fa1c03fce855a640685de575f222db1368180300	e3180c57720af3bbfb2829a0fa1c03fce855a640685de575f222db1368180300	Y	ok	OK
B	1871	fa97a0ed860ee8a20a2c90564090120a8808fef7b170f776fdd2bf4c9d94f766	10256	10256	1318	5173229039346844611	7ccc2da3676a164b1f827b19490c9656d00f7cba4ebd8bcc8151d7ba94f80100	7ccc2da3676a164b1f827b19490c9656d00f7cba4ebd8bcc8151d7ba94f80100	Y	ok	OK
B	1872	d4182f69750ed276f1b3c50503c7353c8a4c87ddfd1f63b4a680d8b3ee7aca6c	10280	10280	1319	1538604667229963780	f1b2b7d03502b096899735cf1aade8c17f802d3fb41017dfd4df575d97400500	f1b2b7d03502b096899735cf1aade8c17f802d3fb41017dfd4df575d97400500	Y	ok	OK
B	1873	a9fe4c85d8f0fab1280b74dbec4991913aacdfe22a2d4ba01d878acc7746694a	10404	10404	1320	3575873338381271727	17c31b2f2edf72ef85b13231fa0abc98587de3bdf8482bf28a59a67fd1b00300	17c31b2f2edf72ef85b13231fa0abc98587de3bdf8482bf28a59a67fd1b00300	Y	ok	OK
B	1874	f60a4f595e950fab475604fe1bc29e5b081d3b69a2d7e1c4d0cfdc2cd83cfe80	10481	10481	1321	11632765809926870675	1604e4621f13dfa6015761f68f1ed79a2a888318812663e5f2a421020c9c0100	1604e4621f13dfa6015761f68f1ed79a2a888318812663e5f2a421020c9c0100	Y	ok	OK
B	1875	8ffa73b15c754344aaa9a57b8b38301e609bb62fbedd5f123684c8d4946bdea2	10611	10611	1322	14957770662599529431	3cca69a9aba7acced9e53d71e113ee865f13349b7ffe895d9b38b6bb1bd60200	3cca69a9aba7acced9e53d71e113ee865f13349b7ffe895d9b38b6bb1bd60200	Y	ok	OK
B	1876	9d0c1957d64f1e2d97c5d2dd8a7bb578c1bb04b48491030b1dc1a322bbbd3e6f	10381	10381	1323	61109103925168447	e11e694ed2a2e223e32a0c1eb5e1a424f30445efa2fd05cab4dd0a6ab3c80200	e11e694ed2a2e223e32a0c1eb5e1a424f30445efa2fd05cab4dd0a6ab3c80200	Y	ok	OK
B	1877	37e0da5fad76910d89e9478f53363d211475494287964ec652551ecfc6780a9c	10183	10183	1324	17344499704271998443	aede2b4b9188f3d87b511193ec8f7373d19933927b7451b15830aff1a1ec0300	aede2b4b9188f3d87b511193ec8f7373d19933927b7451b15830aff1a1ec0300	Y	ok	OK
B	1878	9c4e3c271fa7ae06b4ebdd374e5da857fe5f9c44997ee6b960285b61b6367653	10208	10208	1325	16781954126316568714	ef4628a51540f103e93af7e52422c41482d66351ef34df8cc37f11badc740500	ef4628a51540f103e93af7e52422c41482d66351ef34df8cc37f11badc740500	Y	ok	OK
B	1879	743b31da27c9ca238832b6a6d1419c874c6b999bf8069c56045675bb036ba1ef	10134	10134	1326	4296160601123652217	288675b31c75d3673a97e84d7a193e64923bb2a5cbfcecd278bcce1067ca0400	288675b31c75d3673a97e84d7a193e64923bb2a5cbfcecd278bcce1067ca0400	Y	ok	OK
B	1880	f0cbe33fd44a94465c332a81d5e7759a9e73eca747bdeef8617024eaabe21eaa	10255	10255	1327	2473293446098489123	cab5483533150cb005a7a06b8ec4ab84d1741155590c647391bea7a1a93f0100	cab5483533150cb005a7a06b8ec4ab84d1741155590c647391bea7a1a93f0100	Y	ok	OK
B	1881	795aa622881957f01f54013581a66a8c0604323d5713eeab293da31f00182d6f	10380	10380	1328	7837781699873276096	a6663942ff77f928b1f01fc8d42b273e17217926ecd1e9a0a657c632f9f30300	a6663942ff77f928b1f01fc8d42b273e17217926ecd1e9a0a657c632f9f30300	Y	ok	OK
B	1882	3eb782f8d48ff98a3efeadc39c10e36a5f15dd5670d4007ad266b266f0e02be6	10429	10429	1329	15288889100405309647	fdcce9d9654838917427d949ce0be53bc3f6b5a0612c6d39f8814f6606030300	fdcce9d9654838917427d949ce0be53bc3f6b5a0612c6d39f8814f6606030300	Y	ok	OK
B	1883	4932267e08c9956d1b6af9c9b1e3524d0f467f02951fab4aedc5300e3d83b0ff	10557	10557	1330	14100883163303744184	fbc88cbc1e8e8edfedaaaac69874ca2f709cc40d91ffb20c0f57233ef8a20300	fbc88cbc1e8e8edfedaaaac69874ca2f709cc40d91ffb20c0f57233ef8a20300	Y	ok	OK
B	1884	42badb6596e6e1a3f6dc32b47576771c45b4014ba8ab8f88085388c092beae37	10688	10688	1331	16389950730338929253	78774ee7cc339381c9a1b5960edb3fda181f353a3f056178dbca51e157850500	78774ee7cc339381c9a1b5960edb3fda181f353a3f056178dbca51e157850500	Y	ok	OK
B	1885	7f742d079f78082859b7f5ece6aed5bd50e0c7d64968d19b2a41b3fed2ebe627	10658	10658	1332	1799551740375240854	7e77c6e1389bb2c60e3624c6cc9f1a0cb89295b4700b5b40b1b67574c1c30100	7e77c6e1389bb2c60e3624c6cc9f1a0cb89295b4700b5b40b1b67574c1c30100	Y	ok	OK
B	1886	7f98f4fa04cac8aa445f6b5e6192fe95aca20988e530da9ad6cc5340cb347b34	10656	10656	1333	2028940742449234796	28a80afc2f8e504f8780ab5e83a65292d9dff1c8b685f565cd1a7024de690500	28a80afc2f8e504f8780ab5e83a65292d9dff1c8b685f565cd1a7024de690500	Y	ok	OK
B	1887	94727dc1afe2b6b5d95cfe38ba01ea389690d08c9f82c177a04eb04f2af2f733	10493	10493	1334	12977085969369960356	ecccc7245070ee49593ca2f5be2c780f7e645e08e07bb460c400d929260d0400	ecccc7245070ee49593ca2f5be2c780f7e645e08e07bb460c400d929260d0400	Y	ok	OK
B	1888	bdbdbbb09439cfe5066c1e171eb6c7912354670e80fc6cbd7009ad98db1f671b	10626	10626	1335	5854758804973000211	8aa43ab7fe1ddb6a284bce8e24f1556506b71b9d61ea53d06d2222ce29340000	8aa43ab7fe1ddb6a284bce8e24f1556506b71b9d61ea53d06d2222ce29340000	Y	ok	OK
B	1889	8114e335522d3d8e67b7b77b182330c7a5df8b34cda1f69631ab618f9ed0e01c	10543	10543	1336	13527974421968522515	bc075cec37e0173f895f3b0b205d0a1e7db5463b80c6046dccdb8bdff1fd0500	bc075cec37e0173f895f3b0b205d0a1e7db5463b80c6046dccdb8bdff1fd0500	Y	ok	OK
B	1890	f749a5a940a818d891f10726a8330bd176f371bf03ff4c34a036f3267aec5805	10277	10277	1337	14098061554473870239	d8e4660e62dc5cab2f3e4a40456a0cfa5785532ecd18889c4e6eaac639870300	d8e4660e62dc5cab2f3e4a40456a0cfa5785532ecd18889c4e6eaac639870300	Y	ok	OK
B	1891	1a17875ef07091ce5aa593de509045e477533b9a3a598e0ab416d24cb0465689	10224	10224	1338	5297745415477728295	31363705ea1d738f7b4da38b135100da47529b8258de4c6aa8995cc568040100	31363705ea1d738f7b4da38b135100da47529b8258de4c6aa8995cc568040100	Y	ok	OK
B	1892	9fac3ef1d11eb67a1c840cac01659efcd6c26a17aa1837eb640bdbe9445d14f0	9688	9688	1339	4094355760220275593	ae07d9ce4949644bd48a04f6c3b96cc72467972d6c45e4461185cc53a8dd0100	ae07d9ce4949644bd48a04f6c3b96cc72467972d6c45e4461185cc53a8dd0100	Y	ok	OK
B	1893	581498d80a2687acf9c9d0e73bd879a2c7d85f39704e5c5f3ba0cf3becb113bd	9503	9503	1340	10759232481975665593	486bce85b5c4de7def2293c82330112c934d97225aecdb680135ffb2fd8d0100	486bce85b5c4de7def2293c82330112c934d97225aecdb680135ffb2fd8d0100	Y	ok	OK
B	1894	987db7848bacce35a3624a2630dd6ba86d07d04ca98f42ff1dd133d0efbb258b	9612	9612	1341	13261150914439351671	9ad7a316b5fd7c3f539f469569719a8fb493466c4d1ce12596477f19b58f0000	9ad7a316b5fd7c3f539f469569719a8fb493466c4d1ce12596477f19b58f0000	Y	ok	OK
B	1895	fb6672f98bd2d72f0d6f8cde06acc7546afee83c98511b2af1f1179ed4b8a4a4	9724	9724	1342	14462133201872618773	1279ee7f2d54b93386bfe6215a4b1cf1243792b03e2ae53806346e33b0db0000	1279ee7f2d54b93386bfe6215a4b1cf1243792b03e2ae53806346e33b0db0000	Y	ok	OK
B	1895	03faa961e1db936651e397b1ad312cd581f1d7264feea09167080543ac2aa189	9724	9724	1342	14462133201872684312	9d0a418d96ed4c763c156105200ab1656198daa44bf86d2b0d2ec84c603c0400	9d0a418d96ed4c763c156105200ab1656198daa44bf86d2b0d2ec84c603c0400	Y	ok_off_best_chain	OK_OFF_BEST_CHAIN
B	1896	9ae661c9f6b9624435d59ef0da86bc0f1192f07a7b2e3c9a21176a77f4d73b2b	9695	9695	1343	8610090701721469463	acca886cb3cdfac88022afe19a75cba9965332a08a878e267ae07f92bb930300	acca886cb3cdfac88022afe19a75cba9965332a08a878e267ae07f92bb930300	Y	ok	OK
B	1896	fe0436052437a1f6cda85955d66759bd6c4ae1c933516537e2fcbf9109650b2d	9695	9695	1343	8610090701721502399	893a4e65056dd8ef41557db57bfc5f6a7077e220258cfd6807789667bba80100	893a4e65056dd8ef41557db57bfc5f6a7077e220258cfd6807789667bba80100	Y	ok_off_best_chain	OK_OFF_BEST_CHAIN
B	1897	66a5f9ce0f6a6c16f329e72350d564914f557ddcfaa5b334d1cce396bb103fbd	9813	9813	1344	1093843293147505696	5e530bbc185d968949040defb973f0240e89538fb31de5b210938eb450280200	5e530bbc185d968949040defb973f0240e89538fb31de5b210938eb450280200	Y	ok	OK
B	1898	08bbff2ff3a72f489deef84b02f1737e4675a8af5e882e9b30e406ae04169c74	9934	9934	1345	4874182277686402316	fda53b83c8ca329f3082f3a71c0bd581eb1b4a69d38d372138eda418b9900100	fda53b83c8ca329f3082f3a71c0bd581eb1b4a69d38d372138eda418b9900100	Y	ok	OK
B	1899	71480e72948770ffd661305885dbe0fc6b7e7038ecfff440fe2bc17b2e3ae220	9461	9461	1346	15612242602412245271	f4e43210789b64bfc86b0d51c4289afd3ecf6a2f479f14fac012aae2abbe0200	f4e43210789b64bfc86b0d51c4289afd3ecf6a2f479f14fac012aae2abbe0200	Y	ok	OK
B	1900	5ff4882598e282f7954be52e175b65339a71f22e020eb7c52c771692b6550a23	9132	9132	1347	11313107878170174312	d47626d5ad317c625c74dbf2fac6160e3d2927d2865764a3e9464b4ffa200100	d47626d5ad317c625c74dbf2fac6160e3d2927d2865764a3e9464b4ffa200100	Y	ok	OK
B	1900	0272208aba690171a14282b93de3734b31ab26c450ca190a8fd6f4554d2faf04	9132	9132	1347	11313107878170141617	aa99523d7ed9257373767849f1dd2b5a219182d3a632006b82522ba711f70400	aa99523d7ed9257373767849f1dd2b5a219182d3a632006b82522ba711f70400	Y	ok_off_best_chain	OK_OFF_BEST_CHAIN
B	1901	e36f1c25028a547276c642cbbae87b9d41c48683222372a2e28cd69e0f80b27f	9238	9238	1348	12652364855286760325	21760d0e4ad765b5204fcdd5aa0be80c23df8bba6fc9ff79f7c7c332310f0300	21760d0e4ad765b5204fcdd5aa0be80c23df8bba6fc9ff79f7c7c332310f0300	Y	ok	OK
B	1902	4e79c3106023e849aeabc2dff6ade17cf0ba5d680f0078aec86a4a64bd19d369	8862	8862	1349	3541844724811892525	d2c6ce95b5f9811afe3b4889551cbb7a04a48c3094ef95ad869a04bccd3a0200	d2c6ce95b5f9811afe3b4889551cbb7a04a48c3094ef95ad869a04bccd3a0200	Y	ok	OK
B	1903	0988a52f9b02d28c15717bf3740ea204274861dd0a048bf629bb9074b81b5e65	8961	8961	1350	14425070060764696325	42b8e12a7fe1c50e189c6d3817c9b7a45f6f2fbd0b1aaccbb66f13eaee0f0000	42b8e12a7fe1c50e189c6d3817c9b7a45f6f2fbd0b1aaccbb66f13eaee0f0000	Y	ok	OK
B	1904	fdd58103b76a28e079106d6353009104e84e708e2774b928e5ff488f78192fc7	9022	9022	1351	12466137242290618490	1937b72949236a0ce17c477c596d68b40ed4cfdd7f913849bc6d7eb050200600	1937b72949236a0ce17c477c596d68b40ed4cfdd7f913849bc6d7eb050200600	Y	ok	OK
B	1904	47639d82a1ef8e5195a98475d61a360f7bdda811127293494df6a9d2d09a0842	9022	9022	1351	12466137242290716858	e033b87d754c0da8ff4561fd8ca51a1551b3503a415431952e969b3db9630200	e033b87d754c0da8ff4561fd8ca51a1551b3503a415431952e969b3db9630200	Y	ok_off_best_chain	OK_OFF_BEST_CHAIN
B	1905	74dda9ff0118a11443cc459d14165c12d4cf8085231c4c4401195b3834b0122a	8939	8939	1352	5579843544698393851	a6d691846b3af9bfa28bb7dc1bf51b2e1e0f955abcedfa31de5019564bf30500	a6d691846b3af9bfa28bb7dc1bf51b2e1e0f955abcedfa31de5019564bf30500	Y	ok	OK
B	1906	ec258657b2484cdae2bcbde43a568cb410b9ab3e4545910d32d4543c556aa30d	9043	9043	1353	15859622582538994429	17fdd5e8762f439b8740fc025c7d25c3d9211a33082cbaad328966811be80300	17fdd5e8762f439b8740fc025c7d25c3d9211a33082cbaad328966811be80300	Y	ok	OK
B	1907	ca10132bed9d6337bd9dd20a0478a74136214a3ec66962c6dd7ab3a444d06b9b	8938	8938	1354	13197373489067101455	f68272196dfb7147f9ac94afa9528772197700c3828216b7ce670d0e6b720600	f68272196dfb7147f9ac94afa9528772197700c3828216b7ce670d0e6b720600	Y	ok	OK
B	1908	e87b5e6b5cc957929d910ecaa97245976ac84912546f871d1373070df44f024c	9042	9042	1355	12465987992177147917	dd304467494659b8bffd181495453db435e7d95b68dec8039002fb2618d80200	dd304467494659b8bffd181495453db435e7d95b68dec8039002fb2618d80200	Y	ok	OK
B	1908	43b39a305d342e0d93df39d5ab16723208f87b1a26955a86681984d68c0c6a99	9042	9042	1355	12465987992177180968	8b75a12d3c36192423627e01948d25b4c6c64a1b201ce90800596d38a8460300	8b75a12d3c36192423627e01948d25b4c6c64a1b201ce90800596d38a8460300	Y	ok_off_best_chain	OK_OFF_BEST_CHAIN
B	1909	1834e050032dd44fbcd26c3688cabf8c6765651d272acb4d97aa6b9441bf3976	9020	9020	1356	10567363343536980413	d4eb7367e6f6c3ed66d0999817635dec9190735fc0e6b04f29131a0a3d410600	d4eb7367e6f6c3ed66d0999817635dec9190735fc0e6b04f29131a0a3d410600	Y	ok	OK
B	1910	7b048cb25cbbfcf9480f7068c3f1b8396baad754f2a82e40cae95a0a6836b137	9128	9128	1357	12249885454253463143	810d3c87fb1366a888b4b6fc08dd0f8025efdddb8d745279021bfc33894e0100	810d3c87fb1366a888b4b6fc08dd0f8025efdddb8d745279021bfc33894e0100	Y	ok	OK
B	1911	61189f59e2c6fd6084ca0efac4de5e9e1e4006714efd333eb10b5ba7731c76f7	9239	9239	1358	17678856482994526090	0f2f66e5d54f5820627e4655b229c1d6600561fb3c2b10e2701452e9760b0400	0f2f66e5d54f5820627e4655b229c1d6600561fb3c2b10e2701452e9760b0400	Y	ok	OK
B	1911	a9f3a8cfa1b677c032904b51a4697c0846b66b1d02a5d44b5678bf24bc34021c	9239	9239	1358	17678856482994526293	30fb71b22044d79188547f102eb3630fd84f81d9f1b28cdc6414b21397dc0500	30fb71b22044d79188547f102eb3630fd84f81d9f1b28cdc6414b21397dc0500	Y	ok_off_best_chain	OK_OFF_BEST_CHAIN
B	1912	ddf25b66068fb409e49fa86d65fff0678aeaffdf94777fb52f536c6439913812	9151	9151	1359	17891214565350346376	ba42d83355ada63b514eccbe97ee04c199f030c9ca8cc78d3d5f713251250300	ba42d83355ada63b514eccbe97ee04c199f030c9ca8cc78d3d5f713251250300	Y	ok	OK
B	1913	797e7f8d0bef9f8c8449731965b8be37fa2866879f308a57625f494915fb02a7	8917	8917	1360	13366720467545629270	2f96660e8189e9a6800f7ec7f1d26d16cfa2d36da0e72e6c9473879e7eed0000	2f96660e8189e9a6800f7ec7f1d26d16cfa2d36da0e72e6c9473879e7eed0000	Y	ok	OK
B	1914	aed1bc4ba5d18156ef5b3d5e13b0c2eed30f0ccd4748ecac26ed5df1f420a2a7	8855	8855	1361	13807290692281663518	d10329e516b3b7d2865b90575fcf3687624ec61b71955d2750552461b9140400	d10329e516b3b7d2865b90575fcf3687624ec61b71955d2750552461b9140400	Y	ok	OK
B	1915	2c19da1b9f86857f10b34fb543066419e0b432597a3320647f3885addde88afc	8461	8461	1362	13570979955273142064	d66f6e813902b7f9dd719ae8852c2b733b61e42431550c4124a85a95858b0600	d66f6e813902b7f9dd719ae8852c2b733b61e42431550c4124a85a95858b0600	Y	ok	OK
B	1916	eb3d1435b83428e279fd415e4ad9a857ec5170159196a8cddacf4f650011481b	8557	8557	1363	15793295887918237915	13c44d2aa1452bdd63733450ae6f43df2acd2955638249a0a63618a8b4630400	13c44d2aa1452bdd63733450ae6f43df2acd2955638249a0a63618a8b4630400	Y	ok	OK
B	1917	aaa46ed1631eac33fd3f754bd37e9d38b551d0324d839b8c19b9df6c4ef5c12a	8557	8557	1364	3089626355495634203	b2aeab8a44e0f7ebcbbc77d0a97508121e4f50894f64049deb36872265110400	b2aeab8a44e0f7ebcbbc77d0a97508121e4f50894f64049deb36872265110400	Y	ok	OK
B	1918	37fe5d06984cb8cf4c76244386a865d5c21b80e951a0f419604d8cde353e1d92	8577	8577	1365	12899608822389180522	05bdad46477950d669cdeec72c433757b1a0a8ff4525f8be7daf4d64f4060500	05bdad46477950d669cdeec72c433757b1a0a8ff4525f8be7daf4d64f4060500	Y	ok	OK
B	1919	92c5c9440b5d96144c6b61ddc4ee4a67c447d30b535558e10c5fab6efa3e6a41	8677	8677	1366	7983549385206171173	01fc0d4f244fa4e684dbbe6f0f5a5a2a4891771b52f4fa1907e40b1902900300	01fc0d4f244fa4e684dbbe6f0f5a5a2a4891771b52f4fa1907e40b1902900300	Y	ok	OK
B	1920	4d84296791e42c38baa69d0678df3eea9a052ee719d3ec072c2b9ad54bb4358c	8718	8718	1367	6846769647597944851	30df3283f1c90731cc7c3aadf1690f67194d908e79496f6b7ee2fa8e5ba70500	30df3283f1c90731cc7c3aadf1690f67194d908e79496f6b7ee2fa8e5ba70500	Y	ok	OK
B	1921	05501be54030e1f80d00181cf3cee86e8f2ba82b2e0f13438047dca5b39eded7	8779	8779	1368	13156371472106717507	10ef4d8d8938d387c318335148aacda3f5b7d4777196af1e423343eef5e60300	10ef4d8d8938d387c318335148aacda3f5b7d4777196af1e423343eef5e60300	Y	ok	OK
B	1922	50606604577a86fc39e3a4909a94c7ac8875baf1d542712949cb6c89aa732d98	8884	8884	1369	3546539381764458805	f85c31a9c37c17292c9a8d0e5038ab56667729d11fc73c0569b101b597b40500	f85c31a9c37c17292c9a8d0e5038ab56667729d11fc73c0569b101b597b40500	Y	ok	OK
B	1923	fe9573acd9db553a337b81f1d25e90aaa37b8920d62e3373df26b0b05d626332	8992	8992	1370	18360121433822069068	108e8a52cd24f73934e36d58c47d279e2de2938be0087c2d668cd91ec9050300	108e8a52cd24f73934e36d58c47d279e2de2938be0087c2d668cd91ec9050300	Y	ok	OK
B	1924	90694ee57c8fff0e953941a3b272b70949520fa5f34497e52a8cef81af6de8f3	9102	9102	1371	13772943001296865083	0b6610e1077ed78afb252a6f89736a3d0804686dee6ac4deabef44ce5dde0400	0b6610e1077ed78afb252a6f89736a3d0804686dee6ac4deabef44ce5dde0400	Y	ok	OK
B	1925	9ef0f4a66fb9eea730100dcedec3d5b8b9491e45c9a2c5706f011c8e55860b78	9215	9215	1372	9747789923108291584	cf0d28dc421d25618a66cfff9bc690b314948cb5f619a2a6dd3b78ecffda0300	cf0d28dc421d25618a66cfff9bc690b314948cb5f619a2a6dd3b78ecffda0300	Y	ok	OK
B	1925	e9e389f5261bd326d648cb8c13d9b25397bb01e7b9681f0f9edf244d342e8fbb	9215	9215	1372	9747789923108324499	01f7a8c9061bc164c895a0891db7ac3a683468011e0700bc2488494741620000	01f7a8c9061bc164c895a0891db7ac3a683468011e0700bc2488494741620000	Y	ok_off_best_chain	OK_OFF_BEST_CHAIN
B	1925	38d038dd6c610c1dadfc89c02d85eaac1c5543457c328f2a3baa9ae22e98168c	9215	9215	1372	9747789923108324596	f23a36b5d54fb20504e3915ea6caa5a7528f175a41b294c8f889638bc7e90300	f23a36b5d54fb20504e3915ea6caa5a7528f175a41b294c8f889638bc7e90300	Y	ok_off_best_chain	OK_OFF_BEST_CHAIN
B	1926	6dd3166c0cf609b81b416f0aa042c5e175074dd1a8548f1eabb6f7aa0ced9f62	9330	9330	1373	5413630771359386530	ddd99e3b473cdc83f2c539c4859876b5f6b58a5ec9101bf145dc3df3b2d90100	ddd99e3b473cdc83f2c539c4859876b5f6b58a5ec9101bf145dc3df3b2d90100	Y	ok	OK
B	1927	03aeacfe1938205c5b33e0b52d0df4fd78cc72f4189142e5313367e121486c0e	9449	9449	1374	148486425401103378	662c967d6c9422abf37caa9a8f408315ab9314bd22c91736084caaed77b90100	662c967d6c9422abf37caa9a8f408315ab9314bd22c91736084caaed77b90100	Y	ok	OK
B	1928	3812e0a2130958cdfa5d3bdcdcfc0d3aaefcaa4b00f638678c1957d8ae3c11e7	9522	9522	1375	13849757245845308875	4a4c1d1f0e1dc90c9ceebb61ed8ea3fc7993e36c46fbd0184613a484d8aa0500	4a4c1d1f0e1dc90c9ceebb61ed8ea3fc7993e36c46fbd0184613a484d8aa0500	Y	ok	OK
B	1929	e0eeed3e9dec3645524b44567f6e5658895425f55650a854cba29f93cf9271fb	9331	9331	1376	12977660678943867254	57e86bc91ec178b1acfb0251acea42ad1017e2086551dac334d191c69ae40000	57e86bc91ec178b1acfb0251acea42ad1017e2086551dac334d191c69ae40000	Y	ok	OK
B	1930	2f3065d2206a97f2ce95b63b5f07ac7f6e417e5e3fb476ef42b9381e2308bed0	9426	9426	1377	15971419859699433531	3f845e963f064574ceb70c55d5e02d105d0b208fba20e77a71a34e0cc8a20200	3f845e963f064574ceb70c55d5e02d105d0b208fba20e77a71a34e0cc8a20200	Y	ok	OK
B	1931	e8eb0f42ce07705f59b6391828d76791ffdbdf30905ec4498726eccac1bcc126	9548	9548	1378	9061516662456487097	d4b6fb665f90e5dd4d346d9d08859321f869ad3c2362dbfee4b47466998d0100	d4b6fb665f90e5dd4d346d9d08859321f869ad3c2362dbfee4b47466998d0100	Y	ok	OK
B	1932	7f33f4caebdf290b118ad07a992c0b206173411c1316fae44766827e9986ec6e	9674	9674	1379	10085469567703878661	25d8b3e849f391a4eddaf3f9d34f5545271b86ecb05de20b3e5a50a6f9030100	25d8b3e849f391a4eddaf3f9d34f5545271b86ecb05de20b3e5a50a6f9030100	Y	ok	OK
B	1933	677ca222fb4a4fa0db3d9baa8bebf1e204edb793ca4ed80922c0fd3ea6f90c2b	9777	9777	1380	14231752977181311672	b54bb594f132f26bc21388551a7de337baabb108b23e5881a7a217c941900200	b54bb594f132f26bc21388551a7de337baabb108b23e5881a7a217c941900200	Y	ok	OK
B	1934	4b1996b63864556fde1054e652a847591a42df0282bc5ddde51dd7869bef3105	9752	9752	1381	9830274168732617786	a507b05c0770c9ae29ec2c6e609ab2921c9cfdec476f45e872c4635eda1f0100	a507b05c0770c9ae29ec2c6e609ab2921c9cfdec476f45e872c4635eda1f0100	Y	ok	OK
B	1935	dbb9f237d923666836d8c3b3fe8c77bb2e57a3d3b0a7c4f5309bbf06f8c58bfd	9883	9883	1382	11580860305521083297	3c4bea51dd35dff34beb4efab84fda39fb954e468eb0ae3c31d44ed7a6720400	3c4bea51dd35dff34beb4efab84fda39fb954e468eb0ae3c31d44ed7a6720400	Y	ok	OK
B	1936	c67c76403329d1bf514d8c7999508b4952593ed259c78d650a59347c17635c05	9884	9884	1383	1394271256160764086	580894de20a814d2630be275909d8718d2e95b83353a78b08ee043a7797e0000	580894de20a814d2630be275909d8718d2e95b83353a78b08ee043a7797e0000	Y	ok	OK
B	1937	e52f0638c401cb5a5d2ab49f84c9f5cb9433a0a1d8e5ebb94c7b2036170e3931	10019	10019	1384	6778770651625819740	b387ed1ca35788fa38e4ee776b2e1065f3e98142ddc2f4b4e95c398e08540400	b387ed1ca35788fa38e4ee776b2e1065f3e98142ddc2f4b4e95c398e08540400	Y	ok	OK
B	1938	7717c93cb15a2000b987ab5633537f10027c2302ac764ee42de50c9ac0165cc1	10158	10158	1385	9865468118598486083	6d1926f14953591b51d1eeb912930eb55c4147fce9b865359c3d16c1d9a50200	6d1926f14953591b51d1eeb912930eb55c4147fce9b865359c3d16c1d9a50200	Y	ok	OK
B	1939	ad9b237a45521c99197442ec69214408cac2a3804427dcfd8b49ebe9f1c6678c	10188	10188	1386	421986017210368600	9d260870c6be9fc3912c12428bec771584d57a2c8022bdfd653c90e7734c0600	9d260870c6be9fc3912c12428bec771584d57a2c8022bdfd653c90e7734c0600	Y	ok	OK
B	1940	5976811a9cb49b5fadd40510902c7c291b193b5234f62a253b2967d84c20ac80	10246	10246	1387	11607794328902074958	b127d2263b190d841700134cbf4e0e4995d719a5eff1dc1a7bb7d5fb1f4b0300	b127d2263b190d841700134cbf4e0e4995d719a5eff1dc1a7bb7d5fb1f4b0300	Y	ok	OK
B	1941	febdffb9b7d50ce7b9d59f8614af2cbd8f1989b3b25c6069d10782323fe3e9f8	10392	10392	1388	8621509434918673105	5677b74797cebf2bb400388ca21bea1f4b08f224391a95d6c743971dfed80200	5677b74797cebf2bb400388ca21bea1f4b08f224391a95d6c743971dfed80200	Y	ok	OK
B	1942	e6dbdf9b59b7c0d307c10cdd9912d70ee1d4396b259f529787ce2dade1a9028d	10543	10543	1389	7139033302983345585	4969277f83dda474e921049807dd44a19a287c4e43474f16df19fb0fe6e00500	4969277f83dda474e921049807dd44a19a287c4e43474f16df19fb0fe6e00500	Y	ok	OK
B	1942	36d8a6d32764f992ac7dda148279631f9c6218e13c0bfe66763f9a98720f3333	10543	10543	1389	7139033302983280331	1af503c227e501e16458a9ae02ad200da9745e010bdc5bef188c67b678490400	1af503c227e501e16458a9ae02ad200da9745e010bdc5bef188c67b678490400	Y	ok_off_best_chain	OK_OFF_BEST_CHAIN
B	1943	2da03dcfad873833edcf46e4e500594ae83e2b57c885ef58e76d12ff7dfec117	10279	10279	1390	8627847230394467900	83d12546adf3c35cf6eeeb4b2c00f754df749dc5faf306ece75596fdac2b0400	83d12546adf3c35cf6eeeb4b2c00f754df749dc5faf306ece75596fdac2b0400	Y	ok	OK
B	1944	4d2d6c63c521320d285f2ae3b3d6160601577f6983a1b24a1496090ecd874a41	10397	10397	1391	18233201718546472227	107c0aa062f6bb924eee31a33b862ae40dca98a6e1da9758532033c4a0260400	107c0aa062f6bb924eee31a33b862ae40dca98a6e1da9758532033c4a0260400	Y	ok	OK
B	1945	76c7bc032a6e21a82b255ed71b2a6543488e5ffca62cf7e94f369b9df7f0ee57	10517	10517	1392	6521941584534111785	97277b849e991313df7c7e7353cc2c5ada429694e0d048eba82d2fd5e91e0600	97277b849e991313df7c7e7353cc2c5ada429694e0d048eba82d2fd5e91e0600	Y	ok	OK
B	1946	20b20a2f0a7678242068c14b48da008dfd69a62f2df85f12025ec8c5589ff0b5	10059	10059	1393	4044253742646757642	d7b4917de3723ef7f5f11fc4b6bedaa508937397f97213599a858e0190270000	d7b4917de3723ef7f5f11fc4b6bedaa508937397f97213599a858e0190270000	Y	ok	OK
B	1947	3c44ddf125bd9aab90d188033f010adc673cf388cf3040272233eb4367d3c413	10143	10143	1394	17817057909125777980	866fbccf4b2ad9e9de739b0afb500c93b25d2feb1d7c4c9767e12231e2250100	866fbccf4b2ad9e9de739b0afb500c93b25d2feb1d7c4c9767e12231e2250100	Y	ok	OK
B	1948	89a180f4adbb197b1b3e203d584459269896906a0fd951f0ef77464b3ef52d1d	10200	10200	1395	124657882418481134	c39efcd37bf92aabcf079176686e1c200936cc63129f910a2ac3a9532cc80200	c39efcd37bf92aabcf079176686e1c200936cc63129f910a2ac3a9532cc80200	Y	ok	OK
B	1949	39311d38d75a895284a4717354fb576c957285392d5a717479d2e6ce915025d3	10201	10201	1396	17253406853832935322	75b95d4218a5a87e632d6f6201c11717fc48a79f99bd71e10e8ddefc2f200000	75b95d4218a5a87e632d6f6201c11717fc48a79f99bd71e10e8ddefc2f200000	Y	ok	OK
B	1950	4645632cee9180051006214621dfc51a6193adf246fae0ad9bb934de1f69f0a5	10260	10260	1397	10039973254015323323	3a77012f2232f0ac6d674fef995260a9178330d6e8a716b64b6d81bff4d80200	3a77012f2232f0ac6d674fef995260a9178330d6e8a716b64b6d81bff4d80200	Y	ok	OK
B	1951	5fa4f0b6698293e64a654a30ccfd48fb4aff5b75119d1b5a574d4e983969c574	10348	10348	1398	3785329809551327831	32681453d014839c6607bc92f883c28abd291c609e5229c7f61642f377740500	32681453d014839c6607bc92f883c28abd291c609e5229c7f61642f377740500	Y	ok	OK
B	1952	096fc760e4a9e86da76797a47a2c275334fb9b0e96175bd2f1e928d6ad8a219d	10291	10291	1399	4733645252634675798	e7f5881a4877c38fa2c085c8e97c40932474a357594c658523b97b2c938e0100	e7f5881a4877c38fa2c085c8e97c40932474a357594c658523b97b2c938e0100	Y	ok	OK
B	1953	6bc390c9d1cb18f50a930ad122fecb5ed601697de5ca7d3b16ca50a7e230b5b0	10439	10439	1400	2615246779565770242	3452d05b61d824329a416fb27831329a5a46ef48d16ae343c3c46e18feb00000	3452d05b61d824329a416fb27831329a5a46ef48d16ae343c3c46e18feb00000	Y	ok	OK
B	1954	6d9ce296cb7aa87c3faca918fd74e0071fcf7f7fc58b66e8f1317127d22c56a4	10500	10500	1401	2858090788896672256	ba6fd4796058df6c69b01123b88d8a373f63b1a6b2fe11265f9a4235a2480000	ba6fd4796058df6c69b01123b88d8a373f63b1a6b2fe11265f9a4235a2480000	Y	ok	OK
B	1955	1cb327f394648db8a6145ea008fa03b8ab56e5b95e10c9795309d6743f2ed5f0	10622	10622	1402	1033350216381696904	a45ae3161a9a1e321b40a2e335733225cdf0953fb93c2c6bdcdf0b08c5e70300	a45ae3161a9a1e321b40a2e335733225cdf0953fb93c2c6bdcdf0b08c5e70300	Y	ok	OK
B	1956	37d651b02bd1e4932b6b386239eb9bdebf8a9ea9fc32f44510824a9a871cff8d	10655	10655	1403	8345629645248496841	189e7738d2ee55641279ca24206a4510668b98b7a19010d12bcd7842b8920300	189e7738d2ee55641279ca24206a4510668b98b7a19010d12bcd7842b8920300	Y	ok	OK
B	1957	c280cd57d984220a4c7b5fb83f67e6492dd1755a1bbebda3087f633082e0f471	10626	10626	1404	5586209180152235393	951056fdd3adb03e608b68ad8bca246ca4ededa37c467db57ff0d061b74a0400	951056fdd3adb03e608b68ad8bca246ca4ededa37c467db57ff0d061b74a0400	Y	ok	OK
B	1957	7b95b01368595c15fdfc255ad7dcca30cefa000f850dc27f06d54d331a1bd8e3	10626	10626	1404	5586209180152235503	8cfa399feb80782f2161c17a8ba6e21aa6eac450131b5fc421bfec024eb50200	8cfa399feb80782f2161c17a8ba6e21aa6eac450131b5fc421bfec024eb50200	Y	ok_off_best_chain	OK_OFF_BEST_CHAIN
B	1958	b922f94cd3a9e223b3d3bf03585d95dd02fdbe808be2b1d4ae9093ea816787ee	10784	10784	1405	4932784662603962003	d73cdee7c58b2f0d718038671f0037b03059edfb21e32ee4bbd671db23370300	d73cdee7c58b2f0d718038671f0037b03059edfb21e32ee4bbd671db23370300	Y	ok	OK
B	1959	119d7f78d1e94e40e148ac897ce34711b164f23aeaf65ad5933a4692d3277f93	10914	10914	1406	12462953632142230193	19714ceee422bbf0f7f94402996fe7d055129b0f1969982f72800eba4b6e0000	19714ceee422bbf0f7f94402996fe7d055129b0f1969982f72800eba4b6e0000	Y	ok	OK
B	1960	5b13c711a1d1ba40822c9557603665a12d74c0d80c2349bc7d5f0580f17d00da	10603	10603	1407	15927972314130516529	784f81c26e13792488063a82753ac841f36b40032236208fdf457b4ea51b0200	784f81c26e13792488063a82753ac841f36b40032236208fdf457b4ea51b0200	Y	ok	OK
B	1961	f0295a2a0067b60fe5f2ebe9c772be805815474f120c91b7eb4d3b93fdd5fd0c	10760	10760	1408	1479759685379756756	dd9ba9e6759d14656956bc33303cfeb4ad04d7f525b2614279b58e5b47450300	dd9ba9e6759d14656956bc33303cfeb4ad04d7f525b2614279b58e5b47450300	Y	ok	OK
B	1962	20f74fec932964bf937bf1adc0c5808c92ba2a0cbb7817d395ded8918c1f6465	10826	10826	1409	8215558686697954056	3146b2f990d2568b39e6ee162134ffe5d721eed7f56e5bcc594c7f62be150200	3146b2f990d2568b39e6ee162134ffe5d721eed7f56e5bcc594c7f62be150200	Y	ok	OK
B	1963	639733ab99af70099d223a3f13e00fc050d2a8dba7e7ec62cadd7b8b51d51319	10611	10611	1410	17590116239546589603	d3dfdf79342ad16f2e54a0d85fbe8d0faa4d3f196f04572cf577764ac16a0400	d3dfdf79342ad16f2e54a0d85fbe8d0faa4d3f196f04572cf577764ac16a0400	Y	ok	OK
B	1963	c7c803d45071aa79812b53cf84bb106339257a23c1b35ed653818f10e2336dcc	10611	10611	1410	17590116239546524094	fa0a27f8754be0f49d7293e43d9f9f0ad27d9a0690f01769ac5202045c190000	fa0a27f8754be0f49d7293e43d9f9f0ad27d9a0690f01769ac5202045c190000	Y	ok_off_best_chain	OK_OFF_BEST_CHAIN
B	1963	1338c47b69cee293a60636a9eb5321dc1055718f3ed567ae1d0a402c7ffc2c49	10611	10611	1410	17590116239546556901	b3c85b9d0e81253ba8d074011f4ea3078a1b5a4f4db5d0b12bd9cd724b9a0000	b3c85b9d0e81253ba8d074011f4ea3078a1b5a4f4db5d0b12bd9cd724b9a0000	Y	ok_off_best_chain	OK_OFF_BEST_CHAIN
B	1964	a7b7501e974af091b34b28cec423487135bfffdc3f30b9808affc2bc41da621c	10202	10202	1411	3032108552899625267	c29e83cde22b6b913ba50dd3e29d7dfc26e14ee951832c13ec8697559cb70400	c29e83cde22b6b913ba50dd3e29d7dfc26e14ee951832c13ec8697559cb70400	Y	ok	OK
B	1965	64f22b36157a861a8bf1334748fd69a1938130ccb2c8127c51b4eea6cbb2c48e	9669	9669	1412	10333443142375702904	a85f4108375b6466409164839042b82322596855ced176bbc800d6d3e4510500	a85f4108375b6466409164839042b82322596855ced176bbc800d6d3e4510500	Y	ok	OK
B	1966	a54b92c192feec47ece9889b93511c6a59edf322dbb4246dce1cd2c7ad76c0f5	9799	9799	1413	10288553746220754090	1b6b8bcea2f5994f3b85ff799646eb33545d9250b084d3ae1dc5c66af2840600	1b6b8bcea2f5994f3b85ff799646eb33545d9250b084d3ae1dc5c66af2840600	Y	ok	OK
B	1966	ebc101029335b62a98cd694540d57191c4c75aca4156f0b581b99af6fb9faa58	9799	9799	1413	10288553746220754268	2133d04d78d3d83600225ce29b1f26765b126c75bf6d86495c1413b786a80300	2133d04d78d3d83600225ce29b1f26765b126c75bf6d86495c1413b786a80300	Y	ok_off_best_chain	OK_OFF_BEST_CHAIN
B	1967	aeb1e6f9b33b5aea6c0e7bd9253622d8ec186ed4c6b072d0f2814bc6c2dad50c	9933	9933	1414	17733850622937041647	95b59fd47f9b2dff602d95c5b862bf7233e40a2c3f834c3a36c1995f93080600	95b59fd47f9b2dff602d95c5b862bf7233e40a2c3f834c3a36c1995f93080600	Y	ok	OK
B	1968	80adf741aec8490acbcb94933355fe0edf8415d1570269fbcfe3399e8d50a03b	9474	9474	1415	6479360986703790406	bc4f6dc6dc90dc181d12015c69f96d42ec15dbdb2d787501fea1e6d249e60400	bc4f6dc6dc90dc181d12015c69f96d42ec15dbdb2d787501fea1e6d249e60400	Y	ok	OK
B	1969	88cfabf7bfaa951d3bef9b7080c5d068d589cee3ab5f25d6d05d14ab302735a8	9474	9474	1416	3274712915940313196	c56073be03a9753b15dc0ab60dbf6c90cbf116041b23853891e324eae13a0400	c56073be03a9753b15dc0ab60dbf6c90cbf116041b23853891e324eae13a0400	Y	ok	OK
B	1970	09bd5a635d87215d2731887d21db685477c985f1dce0a2836e48f447c39bc675	9599	9599	1417	1287693803079077034	6ce3f2d671aed3056039c11155e1272b5f525eaf9cd88fc71a97e12db5550100	6ce3f2d671aed3056039c11155e1272b5f525eaf9cd88fc71a97e12db5550100	Y	ok	OK
B	1970	ada7be29a8a0aa7470bde5a7f808ae1a3db4a2031cd7fbfa99d51a325170ca02	9599	9599	1417	1287693803079110102	e70995913f015dce8ff6ce04f4b60e11486e21d88d992444ee1cc187db120000	e70995913f015dce8ff6ce04f4b60e11486e21d88d992444ee1cc187db120000	Y	ok_off_best_chain	OK_OFF_BEST_CHAIN
B	1971	7f932794da68e954a0dd131351ee4e91faba90da3863e47b71b96fe85d8dee4c	9702	9702	1418	14023001666626815051	e37505aca45f09ad8473740300fcd5d9f95cdb4319b6e168b15be67102800400	e37505aca45f09ad8473740300fcd5d9f95cdb4319b6e168b15be67102800400	Y	ok	OK
B	1972	dfdbf4625fd2cbac7d05eea9864c5e7e2d0c4c090902472f69cd55c4c26d396d	9652	9652	1419	7386480804290889332	9addcd9401b3b18453111fd8399e81344b094512b4b15c095bf0cc2e92700600	9addcd9401b3b18453111fd8399e81344b094512b4b15c095bf0cc2e92700600	Y	ok	OK
B	1973	1d594cbdd535be3adca42627122a46d00ba2d4413f5ccdbe44274ff918c21c21	9782	9782	1420	1252729908841516091	f7fc5052def6d57912ff92ec8a8c46fced5a05c3c27a24b38743694bb8ff0000	f7fc5052def6d57912ff92ec8a8c46fced5a05c3c27a24b38743694bb8ff0000	Y	ok	OK
B	1973	df5784fcfb859483e1ff4eea290bea0bbc72656b6f2be13d7692e1b65572b081	9782	9782	1420	1252729908841516266	26b79a015f750d9a259e267c1dbdae5f899a334bc8ae8187936a40ff0ea60100	26b79a015f750d9a259e267c1dbdae5f899a334bc8ae8187936a40ff0ea60100	Y	ok_off_best_chain	OK_OFF_BEST_CHAIN
B	1974	e50cbabbcfabcc570228e8f36686a147b4559d4b62c63ca39aa9bbc338e640bd	9863	9863	1421	9607871261677979111	f1e423a243735baa4fba3de444488700e2df26ad57ce83357551607387180500	f1e423a243735baa4fba3de444488700e2df26ad57ce83357551607387180500	Y	ok	OK
B	1975	e29dae3d88ff347b5560e233bc43e9becc1f36b6d98eb80e59969c43bb63e7fa	9734	9734	1422	3030346418012389450	15e75ed7b8298e07af79d08fda1edd415349c0ee2a61cdeef88aea899cd40000	15e75ed7b8298e07af79d08fda1edd415349c0ee2a61cdeef88aea899cd40000	Y	ok	OK
B	1976	8203dc7e76759d5d4f2f51e8c08b2134aad640248b3dd60a1ab9ecf1efe78b9f	9812	9812	1423	8128034915427025137	d8b7e34888d6df592804bff601f9f9f7d7736baeadec5b76c0724c582b430100	d8b7e34888d6df592804bff601f9f9f7d7736baeadec5b76c0724c582b430100	Y	ok	OK
B	1977	65b3d2f657a8e21f77263235913dc86b8adf700b8af1bb934078831fd37a8ba0	9945	9945	1424	11526518940478047155	00bbf95db97f3352ba4b243d8db5fd69c2c1469a3eb3b0295aed0c564bb00400	00bbf95db97f3352ba4b243d8db5fd69c2c1469a3eb3b0295aed0c564bb00400	Y	ok	OK
B	1978	3fafc878dc466049c30f86bf800e1f96e7dc544e503140eae37a0e7e8dbc9c48	10080	10080	1425	8873710902382201102	c3607a974a845af4f660aca3f2fa68b8452de57aa81dceffba5f4f2b612b0400	c3607a974a845af4f660aca3f2fa68b8452de57aa81dceffba5f4f2b612b0400	Y	ok	OK
B	1979	c06d850c9c81c8306c5f3a849d29f725937c2519aee877d6da10612c3899f3d7	10219	10219	1426	5097037534991517462	32dce53a1ff2941676fff0665b624c9f1ebac746df0f839a6b686702d96e0000	32dce53a1ff2941676fff0665b624c9f1ebac746df0f839a6b686702d96e0000	Y	ok	OK
B	1980	0ed627eb8b97c0aced9097df95bddad1439cc7933bdf46bad72a45f4f1f577bf	10362	10362	1427	16539663802694698559	1d31cbea234bf1bc415f772a33a384eea9167e223e0432a121ddfb4da0470100	1d31cbea234bf1bc415f772a33a384eea9167e223e0432a121ddfb4da0470100	Y	ok	OK
B	1980	7549ea3a6fc6562340eb603ecc770cc49df153b40b304e69b23cfbf008551164	10362	10362	1427	16539663802694698842	516a6c8dc49338b37d625bbc72bf32028ddd56fad19aa4125d629da6ffd60400	516a6c8dc49338b37d625bbc72bf32028ddd56fad19aa4125d629da6ffd60400	Y	ok_off_best_chain	OK_OFF_BEST_CHAIN
B	1981	8d27e95e8b4a1fa5d668bc0ea269c27f9a3e10b8cdf1c758a62251b2c640b121	10508	10508	1428	12574200681042281437	3aba15c79e93e12361b42be1da794cd9a30ce7ba34b26517e83cd1472b2b0500	3aba15c79e93e12361b42be1da794cd9a30ce7ba34b26517e83cd1472b2b0500	Y	ok	OK
B	1982	9d6c4deb46d6d678793487bb556ebd0889eab0177a86169e6d496efb0a851ee6	10658	10658	1429	16393753649001529677	794e0c0458ab098c0ccd4a3077282cdfb58dc25d55ab1e07ea2bf229098f0100	794e0c0458ab098c0ccd4a3077282cdfb58dc25d55ab1e07ea2bf229098f0100	Y	ok	OK
B	1983	74143297877bec8dead07ae6c6f510ab2fe11be6dea3b6e9d5610eb2d9c31ad2	10812	10812	1430	8545996324942709430	f520ddee9ed9d3af6f2052c4779ab590e9df83da7b25350b0efdc79afd1d0500	f520ddee9ed9d3af6f2052c4779ab590e9df83da7b25350b0efdc79afd1d0500	Y	ok	OK
B	1983	3d3c4d38f5834a71168ef2c8bc4bbd0da24838c41dbeb6763efc70caa0f47740	10812	10812	1430	8545996324942742428	42e7ca502539f597b3605bd4cb8e3bd12483ab6199f80fd162c661a6f6430300	42e7ca502539f597b3605bd4cb8e3bd12483ab6199f80fd162c661a6f6430300	Y	ok_off_best_chain	OK_OFF_BEST_CHAIN
B	1984	f5a19c45808018bcdae355e0cdfa8071413434e0362b0158f212c68b7f004545	10970	10970	1431	15488886928308275417	e8e495a5eb4a2b18aa1fc1fb31e2f97c4434aca0c9215e531b38ecf90c040300	e8e495a5eb4a2b18aa1fc1fb31e2f97c4434aca0c9215e531b38ecf90c040300	Y	ok	OK
B	1985	ded136771ce8926319dab9f42f0c4ee942fba7e3802f8751337e6f74cf4484cc	11132	11132	1432	622083299375942292	dabec37697da615911f8c0ed562db9f37d3e6c3b654fae6cfb990a0245500000	dabec37697da615911f8c0ed562db9f37d3e6c3b654fae6cfb990a0245500000	Y	ok	OK
B	1986	a13df6cdfb30784964c62536a0cc340b24acc2a6b9f64e0ae1e3c2d8c5576bd5	11265	11265	1433	13047031865427394595	55cf0328351e80175c6d1058f87f95a4a92c3cf9d62810973e497035e8de0000	55cf0328351e80175c6d1058f87f95a4a92c3cf9d62810973e497035e8de0000	Y	ok	OK
B	1987	0bf2cdf08ca59996529cc321cc671010e14a85d2d52c9d92ffe1a7a10899e02f	11264	11264	1434	137935919842853065	05a3098370d43f85ed92f37d58129070594ebfc02a22a4d9aed1952504a00400	05a3098370d43f85ed92f37d58129070594ebfc02a22a4d9aed1952504a00400	Y	ok	OK
B	1988	a87a746debdab6400b4a0e6217af7b34d9b0841e00f26751bf9dd52f05a236c7	11434	11434	1435	16794656066892824608	3941ab7756a7d1936270764b92b1124ece0df14dbb09c02699de972f3ffc0200	3941ab7756a7d1936270764b92b1124ece0df14dbb09c02699de972f3ffc0200	Y	ok	OK
B	1989	0c91b6e8f31433b70ff1a58ce19ff4b91717ba9665176efafbfd00e3f3b57950	11607	11607	1436	13158815248368602103	69a058ecf3fe698040005321fc1307d231871b40f6556cb3d1617d6c3a060500	69a058ecf3fe698040005321fc1307d231871b40f6556cb3d1617d6c3a060500	Y	ok	OK
B	1990	3e7e1bf5b8e9a90aa9fcf9d27cd7132bad8dc0e0ae386c56af6dc3870fe3c823	11783	11783	1437	17907362731850203607	d77a485c3d2be8527343c494636c5a443a78cf67ef56accd6cee34beecbf0100	d77a485c3d2be8527343c494636c5a443a78cf67ef56accd6cee34beecbf0100	Y	ok	OK
B	1991	03483a39fc7e383d6aca82a8b03d4362700b7f3f1e1cd841168c2613e1d2f52e	11960	11960	1438	11336509965260062903	5bdebe8e18ea7bceefc31a5ece84102d0b5f5abb855fecda79da0df79c750300	5bdebe8e18ea7bceefc31a5ece84102d0b5f5abb855fecda79da0df79c750300	Y	ok	OK
B	1992	49950539b6f1ea39b55beb81a34acbcccee9e298f4a4e3170f37bef45476a07a	12143	12143	1439	11772719415211136316	a6f1b4c73af67add45ee1ce34977fc34961a664b70986c20377cf8f0ed710300	a6f1b4c73af67add45ee1ce34977fc34961a664b70986c20377cf8f0ed710300	Y	ok	OK
B	1993	95a44aad94ea593f26a1fd6d822b9807e2589f2b74a3e36c274827e3f233c2b0	12329	12329	1440	15155194572436473317	dbd6288d138e9c8aab1a6bf382ff84a48b36ab1aa4e12fe6efe795ab51650300	dbd6288d138e9c8aab1a6bf382ff84a48b36ab1aa4e12fe6efe795ab51650300	Y	ok	OK
B	1993	6fa204fca2c0466e72b968c0bd486462b341e378553f282ec1d603ea577445ad	12329	12329	1440	15155194572436440773	2476f9d12cead5c706d8b2d2039df68d895c9161dd602c455f9a14d0a8b70400	2476f9d12cead5c706d8b2d2039df68d895c9161dd602c455f9a14d0a8b70400	Y	ok_off_best_chain	OK_OFF_BEST_CHAIN
B	1994	54d067b3915a83ad00efef4c9968b7038997d7772d930324a057b48d838bff5c	12282	12282	1441	11475243421875144006	af0d0819cc51755e491fc4d4b29d5a58f5770d1923f9af5809724081691c0400	af0d0819cc51755e491fc4d4b29d5a58f5770d1923f9af5809724081691c0400	Y	ok	OK
B	1995	5ba7c9f33bbb2114812e6b43f17250d1c0ac5f75b2e45fc8a29166d878a01027	12392	12392	1442	11715974689548403001	6f0d6a4358341fb34b4e8de185f990d7455f37f65fc815aea33d0a40334a0100	6f0d6a4358341fb34b4e8de185f990d7455f37f65fc815aea33d0a40334a0100	Y	ok	OK
B	1996	2bd0322c4c6a6bf1fbe7de517532f2b893db1bc283ffe06c2d410a0162b13c84	12504	12504	1443	4330403602280484514	c3d7665900866ddc28564e15b95dcde8ef6f1551cebc9a2ba4dff69d225f0100	c3d7665900866ddc28564e15b95dcde8ef6f1551cebc9a2ba4dff69d225f0100	Y	ok	OK
B	1997	b73563031d0f19c3ac7159f926ac48dbf7b06a037df420ad5ae6d37934da605d	12699	12699	1444	12886543145327691267	318cf1a715877446e482c46d597e238c4dd48137bceb1a667c04e9a08db70000	318cf1a715877446e482c46d597e238c4dd48137bceb1a667c04e9a08db70000	Y	ok	OK
B	1998	97bfde9ec159302fb65b952f2131b07400809e2863c9ad9f447aa6631609ebf7	12612	12612	1445	4272562221143393621	ff5023b534fd088ccf3a621b7a79372a7db366a1007a136272ecb0d989450300	ff5023b534fd088ccf3a621b7a79372a7db366a1007a136272ecb0d989450300	Y	ok	OK
B	1999	14a165cddb1ddf80b409b68ffa561418182414ebf74b38bf82f682cbe62cd574	12728	12728	1446	7650683260783070664	4ed8e263b1d1e29efd488216e1558460657b080d5483c51b1801a60fbe910300	4ed8e263b1d1e29efd488216e1558460657b080d5483c51b1801a60fbe910300	Y	ok	OK
B	2000	13e4c3496c965661e63b212abb93676680ac387f3b051ba39da5c416b4193c87	12888	12888	1447	6450015128732598542	e1fbcd524640c5cef75b85758c051713906e19468cc5730ffca36b4ca4a00400	e1fbcd524640c5cef75b85758c051713906e19468cc5730ffca36b4ca4a00400	Y	ok	OK
B	2000	fc5c02dafba7a5605c8efa9da73f8fe2f75ebb554f55c339816bc4f07529eec9	12888	12888	1447	6450015128732598630	629e2322f9a6199b926abfaa529a758e67c753d3e2c7f34ba3ae485bb6d40200	629e2322f9a6199b926abfaa529a758e67c753d3e2c7f34ba3ae485bb6d40200	Y	ok_off_best_chain	OK_OFF_BEST_CHAIN
B	2001	120c173437478e1ae6cbc945eacc41d13730b9ce7845a5de88cd208a5e018002	12720	12720	1448	2556049193785397017	dfe728e8eb982196e44568cb151ab0347b8405bc09c27990a238386d40ea0400	dfe728e8eb982196e44568cb151ab0347b8405bc09c27990a238386d40ea0400	Y	ok	OK
B	2002	9781bbc7c5a2b6588983f0a3e6bffd1b5135b576a4c97b464655265d1071581b	12921	12921	1449	1087965394179757339	e1b78cbfdec22480e1ff418a857ee1e6e6c9409586bbe8521fb0dcb5dfa90200	e1b78cbfdec22480e1ff418a857ee1e6e6c9409586bbe8521fb0dcb5dfa90200	Y	ok	OK
B	2003	eae8d5ad41d83e5599b53d5592ba8c2c8a46a320d4c39ed05faf13a2409f4fe5	12795	12795	1450	2186860372026232382	54ccead100bb5c2f32eccb073a30a53e1dca1b4643af3b854ea2edf17d430300	54ccead100bb5c2f32eccb073a30a53e1dca1b4643af3b854ea2edf17d430300	Y	ok	OK
B	2004	594a128e6eadb8f8754da421bce54b3a435b75c3b6b8a96e6f8635b946d661bc	12364	12364	1451	1308877835913429084	177e3de562193dc5bf7d3c537fa1d6f5c06d1b76a7ecc7cc0ad514cc11380100	177e3de562193dc5bf7d3c537fa1d6f5c06d1b76a7ecc7cc0ad514cc11380100	Y	ok	OK
B	2005	aa5b2332728c47a6856a1ba9fe6a00406b9a711713953aff7cb3cbcbb5a68895	12214	12214	1452	14355246639994733356	471c0648533ff55554f0fee50ab3214c07d4a67c3569aeae37dcab2b69830100	471c0648533ff55554f0fee50ab3214c07d4a67c3569aeae37dcab2b69830100	Y	ok	OK
B	2006	8f432bc287647c49b3868426a0d78226aab582ae5ffbe613de6f2065797955b7	12397	12397	1453	8992109084715031290	a59ee6cf3f23de63c9e979e3202184ae5da8ca3f56d445961078af6f5d930300	a59ee6cf3f23de63c9e979e3202184ae5da8ca3f56d445961078af6f5d930300	Y	ok	OK
B	2007	92205ff603319cdef290a4e6b9aa3e7cf1d1e2198221f93a6b15e5ae6aa8eb68	12586	12586	1454	7449483928664116464	5f2400d5b0f808733a9e9680876f41b46446ddbcfb14ca9d627253ebd9130100	5f2400d5b0f808733a9e9680876f41b46446ddbcfb14ca9d627253ebd9130100	Y	ok	OK
B	2008	b8cfe881b0818e5a0c9f04e6b26c6df8fdeed7ceecb587f9b240e9f1c5418ddd	12176	12176	1455	15503173359629304624	2f55741847591e4aabcd83994bbbc206e7e098d1b49c7e72e10c84ae4a2f0200	2f55741847591e4aabcd83994bbbc206e7e098d1b49c7e72e10c84ae4a2f0200	Y	ok	OK
B	2009	e17b6ec20a547c0fb6feebc0173135b2dc9ca83fd117933c46276c2f26b03fb9	12104	12104	1456	2228847886412653067	552ab427ce42c35f36605bedf7712a42b1fae7b0915106963c1a3bfedd000000	552ab427ce42c35f36605bedf7712a42b1fae7b0915106963c1a3bfedd000000	Y	ok	OK
B	2010	e2c891f32b6404e2d77c3e17b0a0c7a054eee99e42e0590c1353cb7273a2e693	12284	12284	1457	10857784183074427448	b9c61fc5e785dfe7442b308e392218aa88134c0c23a3eb4a758a81af02a10400	b9c61fc5e785dfe7442b308e392218aa88134c0c23a3eb4a758a81af02a10400	Y	ok	OK
B	2011	aa36d651c7970e4138acae16f3d9a74655aa8b58c032833fdfe2344629faf3c4	11630	11630	1458	7169777980263171992	21eeadc6b1f07a6d0b896ea0699ed7ed263f60cd8b6a60d43103d82d60940000	21eeadc6b1f07a6d0b896ea0699ed7ed263f60cd8b6a60d43103d82d60940000	Y	ok	OK
B	2011	9c4a931c45cd34cf13fdcd0b7110f328e773ca07130a0e71fcbef9a1259ed8c1	11630	11630	1458	7169777980263139536	7adb1e44dd2fa510456d063ece3a2d228ddc0e96bf99b2eb6de6a48825970500	7adb1e44dd2fa510456d063ece3a2d228ddc0e96bf99b2eb6de6a48825970500	Y	ok_off_best_chain	OK_OFF_BEST_CHAIN
B	2012	21d5ad4a9e3a72a12134890b9cb3a80cd594204ce302f64237c385f32213dfa8	11407	11407	1459	5615958408567002401	389b01d35c0dc864f4561e6811862c8fc2f67e50d4db7f35c822820739000100	389b01d35c0dc864f4561e6811862c8fc2f67e50d4db7f35c822820739000100	Y	ok	OK
B	2013	b0150bd9331714f0624751dbdd7d75048ab4c7724bd88035ee802405adc1380b	11472	11472	1460	17797199621026583447	5757fc3b1e743148dbac35f1e79a4f3ea0d617bed81bc2e948a653c1ccb60300	5757fc3b1e743148dbac35f1e79a4f3ea0d617bed81bc2e948a653c1ccb60300	Y	ok	OK
B	2014	6a44d9f0a85a446255dee7898c9c44817db3012529832e43360a8884df10d565	11196	11196	1461	10687154577037428142	b51a97a035ecaf7f57abe48a62e37be12b28c70b181a954288f2e43de2140000	b51a97a035ecaf7f57abe48a62e37be12b28c70b181a954288f2e43de2140000	Y	ok	OK
B	2015	c855cfe0488e37dc7e811dc4bb5b824a1fbb66add86b46f17ebda510101ed506	10934	10934	1462	14838836949384528516	f7808c3f00ce671b60087010e96e41e87702a52670a3ba2fac328867b7d10300	f7808c3f00ce671b60087010e96e41e87702a52670a3ba2fac328867b7d10300	Y	ok	OK
B	2016	3d7ab6c267b47aaaf3cccbf9f7e78ec30dfa703c7cd685654246d20919f23e5e	11022	11022	1463	10549298582240959085	3985ffa324fd6e02fe4337a0242db265025fdd3c01818bb9656e47ebd35b0500	3985ffa324fd6e02fe4337a0242db265025fdd3c01818bb9656e47ebd35b0500	Y	ok	OK
B	2017	0985c56ebdbebceeefaaf87ab6b934e1e2f17bb1d668599a0669f3bff2c9c989	11171	11171	1464	13243603009507723008	6d63626af941570473f3a0d5aa3ad60a33850d5d6e37c8bb0152543dbdf40300	6d63626af941570473f3a0d5aa3ad60a33850d5d6e37c8bb0152543dbdf40300	Y	ok	OK
B	2018	55b149cd9f5c58eaf45420dcf9dab308999f02128231e8bb51d785adefcad7b1	10743	10743	1465	14866695662044545765	d9e0a935ce109fe67756a7890d0628006c9d0aafa54e0f27df850c22b3f30400	d9e0a935ce109fe67756a7890d0628006c9d0aafa54e0f27df850c22b3f30400	Y	ok	OK
B	2019	cdede1cf5be093bd44ef36bbdc674fe801f1ed4099267c8610acef85f2ef5448	10828	10828	1466	16920399339086513951	efac45571f240824377d78f67f709ef3363bda8ef9c71356ca186b0df6750000	efac45571f240824377d78f67f709ef3363bda8ef9c71356ca186b0df6750000	Y	ok	OK
B	2020	8153e91bbc2bc50d705fc691baa8622324e1db20b135e6db63d64676f639f765	10972	10972	1467	18093672649304673208	b333adffad782a71c67c5bf76a31f46b8d86363058781b9244345fd2a2450100	b333adffad782a71c67c5bf76a31f46b8d86363058781b9244345fd2a2450100	Y	ok	OK
B	2020	0e21a690454d6bd198cadde04cfdac54bc2f04edc30548a8ea4b8844f869bb0a	10972	10972	1467	18093672649304574945	7bae5b8560f3261c08131eb7fc3dd453e797d5ef0b317626aeeb145457bc0500	7bae5b8560f3261c08131eb7fc3dd453e797d5ef0b317626aeeb145457bc0500	Y	ok_off_best_chain	OK_OFF_BEST_CHAIN
B	2021	0d0081cba1b700a7d291b4e500eb6fbd47e023bef908a37f0c4e93def39e6715	11090	11090	1468	900531720007287529	fe823bb97136b58cf3ccb87646791c70acd9da230370278ba3452a5550ce0300	fe823bb97136b58cf3ccb87646791c70acd9da230370278ba3452a5550ce0300	Y	ok	OK
B	2022	e415b3ecd16ace9f9c3ed0266c9e923bfc78eccb5b886cc68685a68960f8c0a8	11062	11062	1469	12913016804049259947	787d4d974ded2ffad96b07327e033c3d080c1d890c62c2bb6d86217b80810100	787d4d974ded2ffad96b07327e033c3d080c1d890c62c2bb6d86217b80810100	Y	ok	OK
B	2023	1fe0d404acb0f98b47ebb4ea758cc86246f1d2a8a509156820ad4eeded1651b9	11212	11212	1470	15856435789819806024	afc7230ac51c02d1f913209bb91c2d38848af91fd8de1e1c3c3c32d661550200	afc7230ac51c02d1f913209bb91c2d38848af91fd8de1e1c3c3c32d661550200	Y	ok	OK
B	2024	fd4a5c1b86315924277b298bb45a6939fa480978d2d59a0697eaaa146d7602fe	11184	11184	1471	1197112225546962730	11014dff1caa6ea8b00c9d593580a7cc72d96ed663836cf9d78ecc218fbd0400	11014dff1caa6ea8b00c9d593580a7cc72d96ed663836cf9d78ecc218fbd0400	Y	ok	OK
B	2025	4e49e973ecf15c4a22a2265de39335264175cd78d355fc45b9400751ca6be1c6	11336	11336	1472	10566833335982656958	2145a521ecfdd6fccaef7802bece798f7443602617fec98825ac735e543b0100	2145a521ecfdd6fccaef7802bece798f7443602617fec98825ac735e543b0100	Y	ok	OK
B	2026	cd255e9b73414b345fcde655837da77e5a8af6985b3130151a8498513b4da671	11492	11492	1473	731006590580196787	bca822bce61840a92f945a308a48476e8b50b67b2584a902cdfb0fdc5c110400	bca822bce61840a92f945a308a48476e8b50b67b2584a902cdfb0fdc5c110400	Y	ok	OK
B	2027	0978e11ed5e14e1b87ad412afd5c36557912b5a67eed31154513e20b4a853cb2	11431	11431	1474	14991088519210861533	cc0cd76f83d28f0b4be653136998ad242b256000427bf39a1b7d2ab5f3320400	cc0cd76f83d28f0b4be653136998ad242b256000427bf39a1b7d2ab5f3320400	Y	ok	OK
B	2028	fcb3463e41adbf1cbadb6a94eefa46f0d9931c5fd8c08045ff206f720515cd47	11558	11558	1475	7829205878543815351	b78c2a9124cd85ddd9cd0294d79b0ec3b0648ff6b11dc96a415e1f77a5a70000	b78c2a9124cd85ddd9cd0294d79b0ec3b0648ff6b11dc96a415e1f77a5a70000	Y	ok	OK
B	2029	bcf7e874464b55718d37e3053f8cb629a0ce802e7d07edfb53d153dfb5470c2b	11719	11719	1476	623933833279963422	b963d40393d3a33b245d7ebb1f5f5bc58b4782a7c3a0ade0a9bf831cfbac0300	b963d40393d3a33b245d7ebb1f5f5bc58b4782a7c3a0ade0a9bf831cfbac0300	Y	ok	OK
B	2030	620937e0e39b6e0de37d0c92746eadec4426efdbcad816e38f71b8b411e64faa	11467	11467	1477	160448149838664449	7dfdf007ff2b728c442a3dcad558d9e76fc1c756a3df207fc27dae82cdc80000	7dfdf007ff2b728c442a3dcad558d9e76fc1c756a3df207fc27dae82cdc80000	Y	ok	OK
B	2031	57ddbfeb229c9f6662bf52a754b4a36e41c44367100460893e8e9c0fb23a4153	11626	11626	1478	2304770663254099116	fa5899b3b9318e35f8626e4a98d0b93195fe2cfb8292a48b7e0980263f8a0400	fa5899b3b9318e35f8626e4a98d0b93195fe2cfb8292a48b7e0980263f8a0400	Y	ok	OK
B	2031	0d697d9ff87b94922a2a2dcf2743b6418817640c18b16512ae09e2d1e180ef30	11626	11626	1478	2304770663254099325	048779efba9a6705b400f18efe7209f92559347d710c33c4c0c54c3662b90100	048779efba9a6705b400f18efe7209f92559347d710c33c4c0c54c3662b90100	Y	ok_off_best_chain	OK_OFF_BEST_CHAIN
B	2032	df6e5ab73571896ee346b3725ebed9a220f3a7c56e22043a12dad11e318fd3b9	11471	11471	1479	2674178846172973737	905a0f1c879f0e982a42d699864765cfbb9e78f61072220e21d6a94b05bc0400	905a0f1c879f0e982a42d699864765cfbb9e78f61072220e21d6a94b05bc0400	Y	ok	OK
B	2033	45157fce8472642395fe7a9330b1c65a65c8cf71c3125d146bb13692c78f9dba	11629	11629	1480	7814443062335111448	f332e1c9a6fd2b60a156cf1e02db3dd926f35f4ec0db72971a24e8dc2aa70200	f332e1c9a6fd2b60a156cf1e02db3dd926f35f4ec0db72971a24e8dc2aa70200	Y	ok	OK
B	2034	0847908b5619de95581548b7b051f209228731c4c091d183c597c8495b8a99ca	11599	11599	1481	15354735780891238622	aac1138efe107a8e12a9e8d36739bb07cc13589b9615e859a76e9de53eb10400	aac1138efe107a8e12a9e8d36739bb07cc13589b9615e859a76e9de53eb10400	Y	ok	OK
B	2035	d50b5b2e7011bf8040d5b2b88b9fa21d262cd314b6ed286839062dbc3ffbffc6	11760	11760	1482	12662383622418858292	281b4e79b1bdd13822d9a84e6ec1d461f6ef00ae6cdd957bc86205a010f40100	281b4e79b1bdd13822d9a84e6ec1d461f6ef00ae6cdd957bc86205a010f40100	Y	ok	OK
B	2036	b7c4de6c7497b41226080df549341f4aa10bec49d82d8a45869ce7576d28c0a1	11265	11265	1483	16010317510188566313	97cf82204ad64ab74f49418250c1562f1b5a418c5ae45bbdb4e5ea50de2b0300	97cf82204ad64ab74f49418250c1562f1b5a418c5ae45bbdb4e5ea50de2b0300	Y	ok	OK
B	2036	e80127fd783618ded5d2b77f73df8c743759961f206c9876309bc4a6404253fe	11265	11265	1483	16010317510188468221	45765143da0fd77dfe4992fd9e956562a2e31d79adc7e31ca6d76f2c47c50500	45765143da0fd77dfe4992fd9e956562a2e31d79adc7e31ca6d76f2c47c50500	Y	ok_off_best_chain	OK_OFF_BEST_CHAIN
B	2037	309f8947e93680e216dfcedb09ad22cdca9e8d0f50e51ff0772aebe931e4b0f3	11417	11417	1484	10032515829284831289	4a9f1e8ac647ebf9151311acdd637a82e8983e18018fd1dcb3e905c0e60d0500	4a9f1e8ac647ebf9151311acdd637a82e8983e18018fd1dcb3e905c0e60d0500	Y	ok	OK
B	2038	739c720d9c3f46189407c2820d127f756b788859920f6202511b91a11f2e0b82	11573	11573	1485	9705794527457018953	5b49bd235a60af778a6530dbb7a53e1067565238e3c68a1dc5c97de48ef80100	5b49bd235a60af778a6530dbb7a53e1067565238e3c68a1dc5c97de48ef80100	Y	ok	OK
B	2039	cae74932cf1ef8a57a703527bf9175f372440d88e506ed498e8e9a2089dff76f	11734	11734	1486	5874046957638486454	ccc9859142f28eb538ebb31c6d7fb2c59cebf12dbb665df6fe42c8a3326b0200	ccc9859142f28eb538ebb31c6d7fb2c59cebf12dbb665df6fe42c8a3326b0200	Y	ok	OK
B	2040	228e3639a9f6f4d6fa08718c31e02e74e857516ab222dfa304dc20e40ff16ab0	11897	11897	1487	17217353137413754829	d2b06c13ef74c0f46bd88d77b027e4ba024ee0b3bbad1af7502f1ac831bc0400	d2b06c13ef74c0f46bd88d77b027e4ba024ee0b3bbad1af7502f1ac831bc0400	Y	ok	OK
B	2041	b6bcb2e21fdf32696be0de59389100d03eddd33f679a15ae03c4e556d585d7cf	12064	12064	1488	10317029701515780177	a581995f2d5444cb65d30270ab88672065b85e0b50b2256c2746d85e1a150200	a581995f2d5444cb65d30270ab88672065b85e0b50b2256c2746d85e1a150200	Y	ok	OK
B	2042	7cdab36c524c41765f813e1719d0b3bc57cc185c36a56533970c7b7afba09c99	11897	11897	1489	4193401524291897031	7ec5e012f21871512f37524cd71c8325d2204a92ed9e73433317ffc778300500	7ec5e012f21871512f37524cd71c8325d2204a92ed9e73433317ffc778300500	Y	ok	OK
B	2043	ee2026ee54c3bc96d70edcaa92aecafe9206b3813b30a68b21224ef29a952bf3	11336	11336	1490	10054812194224312453	092d278eec6eab75e7e64dacb8512072efc656b637864f9ac486812cd4310100	092d278eec6eab75e7e64dacb8512072efc656b637864f9ac486812cd4310100	Y	ok	OK
B	2044	93ea670f7434da7adc33a65bf106afce7aee8f8b1782a031a80a12acdc152368	11426	11426	1491	3605351404035706962	7ee4ff67398e2998657e4fa311c40d20624dfbbf72ec605e0a1e970e0bc30200	7ee4ff67398e2998657e4fa311c40d20624dfbbf72ec605e0a1e970e0bc30200	Y	ok	OK
B	2045	c942c99338e2908ae01edde3bf7876afc31aa9917e71045e951a2592f2b474a8	11277	11277	1492	16991287112881931022	630bba9998e15294324142a56154d13e2ae81bbaac8aba67bc0efd3100eb0200	630bba9998e15294324142a56154d13e2ae81bbaac8aba67bc0efd3100eb0200	Y	ok	OK
B	2045	436824c4b47e26968eb08c9ae2af4d12a79133dbb1072482c10498f84671f5d0	11277	11277	1492	16991287112882029366	dca6029cd0e1552cf8c23c3ef7863d39f7685e9dc85e6398c8ada12b5b910100	dca6029cd0e1552cf8c23c3ef7863d39f7685e9dc85e6398c8ada12b5b910100	Y	ok_off_best_chain	OK_OFF_BEST_CHAIN
B	2046	d9ffb5b1b25d1fa6f08ec8ccb6ecb150ad4494f1dbb0d6d41ef9dbb4dec9dc26	11134	11134	1493	5711441527331422394	d68a729b1d4493b5ecae93b9a7c1c1db8b4c00c32a21e5df2b759bdabae80100	d68a729b1d4493b5ecae93b9a7c1c1db8b4c00c32a21e5df2b759bdabae80100	Y	ok	OK
B	2047	f3ba68a8018ef7aa70c346f8638db4332f1bbb9fac1cdc0a8856ec46bc03b1ba	11279	11279	1494	5052531812560085238	6d1102e08b8e26fe0287440c0311e9ac45086984680be39369ad99a582ad0400	6d1102e08b8e26fe0287440c0311e9ac45086984680be39369ad99a582ad0400	Y	ok	OK
B	2048	b2835265be38b15734b6d350d9aebda52337d5fe33805321efe32732206d3a7a	11427	11427	1495	10801981605732680519	6ef47ded186296bc147d55bdbf08ac3fd8e8b9e32b22d86ece4b0083683c0000	6ef47ded186296bc147d55bdbf08ac3fd8e8b9e32b22d86ece4b0083683c0000	Y	ok	OK
B	2049	67b295dfba1cabe977cd7f728f9f763d37170bf50b6e27a6e7922844464d7280	10969	10969	1496	16972016414963630147	e938b083c59ec08d36c8a15b794eac50fac1a62199f62e9f0dd90de5f7880500	e938b083c59ec08d36c8a15b794eac50fac1a62199f62e9f0dd90de5f7880500	Y	ok	OK
B	2050	6729093bc8bfafecf68c84ef79152768f70f5e2b57700e8e225bdcc1d5ac2a1c	11110	11110	1497	9514243139288727603	6018179f2cd4eb1d4f91ff540211d4bb779ac8b1161a409cb0ecaae662c70000	6018179f2cd4eb1d4f91ff540211d4bb779ac8b1161a409cb0ecaae662c70000	Y	ok	OK
B	2051	c595c52cf58cf2eaf9f7753c66ad40a20f272ee0f2c9a936df5567f42fe779b9	11254	11254	1498	2286553022597271182	cd7ada696a35ccc65692891e0ee5547f21bf860fedcbb9acb833217e09a90000	cd7ada696a35ccc65692891e0ee5547f21bf860fedcbb9acb833217e09a90000	Y	ok	OK
B	2052	9e1d440957fce0bdf39ae88dfbb75a84741daaab4cb45917153997a858a2461a	11401	11401	1499	6502625742214401223	6c52b92875838dc82d84609d2a5944ff4637437cf52d4c553c7b8892df700300	6c52b92875838dc82d84609d2a5944ff4637437cf52d4c553c7b8892df700300	Y	ok	OK
B	2053	01f73547a0acf29b785180904d2e2f737398756b4ab972385bc1257398c7cfc7	11551	11551	1500	11727091469364792544	c6f9595870f78f2130179e40457ef5372c8352bc670b5e5c8e7dbcc81d1a0400	c6f9595870f78f2130179e40457ef5372c8352bc670b5e5c8e7dbcc81d1a0400	Y	ok	OK
B	2054	8213dd0d6a8395cd61ef9861bd9ea38b8bfcdb3bf9ee25219f9182088b587d51	11522	11522	1501	14336173802629663397	030a7d32014998fe941d08671d6f0945576ad920b18827e3f82433388bbd0400	030a7d32014998fe941d08671d6f0945576ad920b18827e3f82433388bbd0400	Y	ok	OK
B	2055	717c09c4ede1caac76eb181268f2c81b98a1e31eb931258693b94cdfbcc67965	11463	11463	1502	16699480695419965245	b9f9f4473a44c2cc20713bbca27ec4f539ff3b871f02146ac7fa47edbace0200	b9f9f4473a44c2cc20713bbca27ec4f539ff3b871f02146ac7fa47edbace0200	Y	ok	OK
B	2056	6c0a34fbe62fa60d47297e9466726bec4d30bb694eef6b0560b7fc5ea15c3eac	11465	11465	1503	18129431279995817961	94784f33c8db6d8796b6baf61539c5afa3f10904c3fe00447d8609ee6ad70300	94784f33c8db6d8796b6baf61539c5afa3f10904c3fe00447d8609ee6ad70300	Y	ok	OK
B	2057	996df4592592b0038e87f40ee28ef36aa97826a13fbb7ce6987af752eddccb68	11349	11349	1504	16514319110486721177	ba4def48f426d5465feaa7a3079d027a27cc28ea76ef51541ef75fd42a5f0400	ba4def48f426d5465feaa7a3079d027a27cc28ea76ef51541ef75fd42a5f0400	Y	ok	OK
B	2058	20b62b58f987db8c0d379626396c47f51a160610e4cec365328372eb8747bb5d	11207	11207	1505	6984074739824202144	10ff5f8af797572d4ee1177daa1b233576109e1bdf72c12426e4d194e47a0500	10ff5f8af797572d4ee1177daa1b233576109e1bdf72c12426e4d194e47a0500	Y	ok	OK
B	2058	60038aafa377d65565606f018f83dc804f9f00aa49ac0f215a25a5b5b6187ac4	11207	11207	1505	6984074739824267695	e2a288746edb692931dd56999783e02a779c0701da1a91646a4c0efb071d0400	e2a288746edb692931dd56999783e02a779c0701da1a91646a4c0efb071d0400	Y	ok_off_best_chain	OK_OFF_BEST_CHAIN
B	2058	ed4d00b98107a9c35e03e7cae827804a45666d4af28019bd0e9377149200f82a	11207	11207	1505	6984074739824202320	a57f7a8395dab17f14aecca6a9fa6a07434eb277eb7980ae8059cbbb07a50100	a57f7a8395dab17f14aecca6a9fa6a07434eb277eb7980ae8059cbbb07a50100	Y	ok_off_best_chain	OK_OFF_BEST_CHAIN
B	2059	3d1f2ebfec65b954700a77120537c6721c295693da1d5a1cdaff75bab67b337a	11352	11352	1506	13650020315730840204	27e1d2818ebd73afe25632d6c6f6dae3e49bef9ceda9fe5c20260919c19a0000	27e1d2818ebd73afe25632d6c6f6dae3e49bef9ceda9fe5c20260919c19a0000	Y	ok	OK
B	2060	d0d72e866a05edd04dc350a3278c891e35fde4033c27373a01eed43adbc5840a	11238	11238	1507	14415184175625670935	67c60ac117b346a25b1351d436661f5e0d3d6297ba9bfb5bed1b7d52000d0200	67c60ac117b346a25b1351d436661f5e0d3d6297ba9bfb5bed1b7d52000d0200	Y	ok	OK
B	2060	e79ef38d19cfe9c6b19f30ce587068af47bc9e225528c0cbcdf7ae0aab00cf10	11238	11238	1507	14415184175625671067	5a79d665e3b4452b16f7fea180a6f3400fd22fb18c61f917d6f36192da010500	5a79d665e3b4452b16f7fea180a6f3400fd22fb18c61f917d6f36192da010500	Y	ok_off_best_chain	OK_OFF_BEST_CHAIN
B	2061	9618e0279abc9d6c1e8746bbec9edd66ff4ab6a817a56e0bec1ac5532a4e2df4	11240	11240	1508	8284869936912893339	58907b59281af9dc14d71f3fb4d34e37f3b5cb5ac2292a1d9e6696c69a9f0000	58907b59281af9dc14d71f3fb4d34e37f3b5cb5ac2292a1d9e6696c69a9f0000	Y	ok	OK
B	2062	83ed7bbb70bdbeba40495a9b09546ec1f7d4bbe7e62206870b2a137b4773aa5c	11072	11072	1509	9793724327756137125	082b304b40cacd2632f62cc8a58ce2aa42d57ca8a909d913a92becc6c46d0300	082b304b40cacd2632f62cc8a58ce2aa42d57ca8a909d913a92becc6c46d0300	Y	ok	OK
B	2063	e3d96de76b4c0c8785efabd3d970fef660782ce2a1386bfe417748d5bfe736c0	11185	11185	1510	10561078367568856068	d464872c5a4c5581a5b256d6b29900a76f2634d53215e7b30a4f434d5a030500	d464872c5a4c5581a5b256d6b29900a76f2634d53215e7b30a4f434d5a030500	Y	ok	OK
B	2064	60f3d5fa288d7049ee51cf612cf0af9a5a56581a7cc475f9eb7bba48176bfe5f	11329	11329	1511	2960242020481761838	906359b2c23edab1d2d25491b2651faf1f95566b455bc17043819e942df60100	906359b2c23edab1d2d25491b2651faf1f95566b455bc17043819e942df60100	Y	ok	OK
B	2065	4f80096a3b3f7a7dfc556745c1af7d2728f8539ca31ba916eb77bc20454e9107	11477	11477	1512	9651415766133744012	063dd121078f19cfc98bc3f9435be2f1e081df3371a98b0c13ae9eebf3ac0400	063dd121078f19cfc98bc3f9435be2f1e081df3371a98b0c13ae9eebf3ac0400	Y	ok	OK
B	2066	e1569efa3edafa4b7eee84fc7937d1e486351a099a58365656985876c6a5b7f3	11628	11628	1513	2013327509831090659	410245fecf7734d29250eec6f0784572f0b7cd734940ce5dff340f395bca0400	410245fecf7734d29250eec6f0784572f0b7cd734940ce5dff340f395bca0400	Y	ok	OK
B	2067	b4812ab7513d0e28508db15ff986c4dd458e9c0bb3b2f48254473978f48b99b1	11187	11187	1514	6174430514984879025	10600b0a462ad4a7f2ca7cd72cdb0f8c53c8edec2632cc2297507896ff5b0500	10600b0a462ad4a7f2ca7cd72cdb0f8c53c8edec2632cc2297507896ff5b0500	Y	ok	OK
B	2068	946b3502b3d6defffb4b439b13ea9ce0b509be2454107ac0deb68394acb9288b	11330	11330	1515	3300132228910089074	37b95484994a614a0b183487402318c89b4c1e04ec923bee9c900b3e70250000	37b95484994a614a0b183487402318c89b4c1e04ec923bee9c900b3e70250000	Y	ok	OK
B	2069	593706f2216d7c25cc4a7d4111fd251404f2c3bc6005fe77417b9455f7361fb6	11476	11476	1516	13969071205400021368	5b637e82a8641a9ca69e92b968452050fe31b103e1c67cb980d57b4555ef0400	5b637e82a8641a9ca69e92b968452050fe31b103e1c67cb980d57b4555ef0400	Y	ok	OK
B	2070	97fc595f87bd7b2ef366aa1c685c78ca6422ce14672a96e6fd2f0c5c243cf92e	11627	11627	1517	11756545801029982994	3e7e3f77d5b7fa891d2a172d31ccbcc6d58961304f51392168b3a6d637c70100	3e7e3f77d5b7fa891d2a172d31ccbcc6d58961304f51392168b3a6d637c70100	Y	ok	OK
B	2071	ad32c4e5c867712e97a9115abefb166620a34cbb5dad067e9f79e9be6af9a7a8	11781	11781	1518	6679470359202335310	0bb29d96e2a0bd9dfdde4dcc9f3d9549e99be06fe27ea4759b1cd9dda70d0100	0bb29d96e2a0bd9dfdde4dcc9f3d9549e99be06fe27ea4759b1cd9dda70d0100	Y	ok	OK
B	2072	14d90e5ac8af07a6dc1d9b56987bb5d2a1ad7d59bb109aebe3ed79a259618eca	11326	11326	1519	12719509191421627119	2f5260993d628a72b4d00ab4b691c7cd15f18bd602928c4acda2e2af21830300	2f5260993d628a72b4d00ab4b691c7cd15f18bd602928c4acda2e2af21830300	Y	ok	OK
B	2073	ee33536b0a4b3281dd7f480a48150b0aa2a61cb4d6c6463c18e08f708478c423	11353	11353	1520	12523656578190050519	7849a6c6c93473a57c0a8f91692ef24b9e73f1fec416e991c947e1730e610100	7849a6c6c93473a57c0a8f91692ef24b9e73f1fec416e991c947e1730e610100	Y	ok	OK
B	2074	817431e00dd9ce099e5919c6048254079aa67433cbde862324a3c82c81c08f46	11322	11322	1521	4943977317312529603	09bb33dc6395b12046c219335f0c9a7ded2b9e5c81dc1f7aeb0438416a080200	09bb33dc6395b12046c219335f0c9a7ded2b9e5c81dc1f7aeb0438416a080200	Y	ok	OK
B	2075	d850e40005dbba6db9b6785a5dfcd6f40d8ed47131ba6218cf9bb3cf1800c564	11468	11468	1522	111961770112878059	bd1e5f8390017ea8f46ec9359797989feb8c36a5fe7000e77f04c3db47f40000	bd1e5f8390017ea8f46ec9359797989feb8c36a5fe7000e77f04c3db47f40000	Y	ok	OK
B	2075	8f0308c0733490e0d039e6affa03b80fbf6cafeb57e5ebf8fcb593eca7b14e02	11468	11468	1522	111961770112910948	3bb7b525cd776663d429e48191c6e96aac7ed33744343ec9420642e0270e0000	3bb7b525cd776663d429e48191c6e96aac7ed33744343ec9420642e0270e0000	Y	ok_off_best_chain	OK_OFF_BEST_CHAIN
B	2075	3e69fc484e00cfa02010f644e7b419fc64d6ed7a16a665e9464ac6c314e87b15	11468	11468	1522	111961770112911040	fbf1bf8034cfc3d002baede1c71ab8c9c45d971027ae7892f87752369fdf0300	fbf1bf8034cfc3d002baede1c71ab8c9c45d971027ae7892f87752369fdf0300	Y	ok_off_best_chain	OK_OFF_BEST_CHAIN
B	2076	12c4c0de8c990f492ed628dc371098fc37eb37cc2e85694755e73c58c82bb0d8	11618	11618	1523	3314051625210970376	74c1aea94a8e941e415f26b87cc0f1ed569bed22c91a1cbf177c30bb84a00100	74c1aea94a8e941e415f26b87cc0f1ed569bed22c91a1cbf177c30bb84a00100	Y	ok	OK
B	2077	9df36386d9a4221ed9d05d20c442c4fa8d4bb7ac94a978cbc0002d0e513ed4f8	11741	11741	1524	2524026506036907329	c4b8c1627fc8a62b173a2a7d9398d8474e6b590be4e37b61b6af637740e50400	c4b8c1627fc8a62b173a2a7d9398d8474e6b590be4e37b61b6af637740e50400	Y	ok	OK
B	2078	106a0fcd1f44e64ddc9ef47be84a9ab6ed9dbec2a07996b6c48c6c5c9da73c2a	11899	11899	1525	682256942244042433	dc60590c7a16b95ab3e7f1801e47e5ea08ad9da8e7e8e7393c943c0950ff0100	dc60590c7a16b95ab3e7f1801e47e5ea08ad9da8e7e8e7393c943c0950ff0100	Y	ok	OK
B	2079	b555a9aa2e068dc98e2a7cd888b9e515c07a20bd7e972957033f80612d3f372a	11897	11897	1526	4440333595164279277	436cffeddf729dc9ddab90975ad406fed23c43a2a8c3a79d904fad4f0cd40000	436cffeddf729dc9ddab90975ad406fed23c43a2a8c3a79d904fad4f0cd40000	Y	ok	OK
B	2080	2248a5ff2be03ff47cbf49292cfb7b3e87b33cfdeeb2c7b0688e2cff69685261	11581	11581	1527	379259931657769745	742963750cd86d667b4337ad772024e0c59946319a7afe9fcf83524a62180400	742963750cd86d667b4337ad772024e0c59946319a7afe9fcf83524a62180400	Y	ok	OK
B	2081	51e89748c677a2260fa552e0715f6241479ecd6851b49a1867967e97ee6517ec	11736	11736	1528	13426168063372335053	55a072ec35691f40685ee37b78ad3268c1486be8632937cbd43bc87cd54e0100	55a072ec35691f40685ee37b78ad3268c1486be8632937cbd43bc87cd54e0100	Y	ok	OK
B	2082	ea4e80cbdf8e5b45b67165212ebbe26738730b3683a9dbb82891c07c7969e226	11580	11580	1529	1354543379903512798	e278eeee4581164a34182f59d9f82cb295a72c43c31068d45966c481aa6f0400	e278eeee4581164a34182f59d9f82cb295a72c43c31068d45966c481aa6f0400	Y	ok	OK
B	2082	3cca34b51cad1ed02abc867d1379ba53b45eb32d5e4ead6e228391ef5149ad51	11580	11580	1529	1354543379903414751	54a8ec19215279d2685a3f22d7a11b66b88b35f9e3f1820df93210514cd50200	54a8ec19215279d2685a3f22d7a11b66b88b35f9e3f1820df93210514cd50200	Y	ok_off_best_chain	OK_OFF_BEST_CHAIN
B	2083	ec3977d7f80463bfd405cc75a7c7dc66bf613551b17ffcb76e6b5e5bb8bac41b	11220	11220	1530	7535511780005544988	391c6083c66a4abd18738a56100d2c8ce9dbc41255a8b40932f5b703f2b90200	391c6083c66a4abd18738a56100d2c8ce9dbc41255a8b40932f5b703f2b90200	Y	ok	OK
B	2084	e50421aefdc0504f1d2911d57f20c8ac9a415e78544bdd92635c765406d58e22	11366	11366	1531	859786512026309639	cca87d933df7473e334e0c12072ddbe4e45fc43e4235e1b9bdaa27e2dbfc0100	cca87d933df7473e334e0c12072ddbe4e45fc43e4235e1b9bdaa27e2dbfc0100	Y	ok	OK
B	2085	7c376e51a84bf7afae655b2139199ded5b182dd19f610b2d283a8793ab725e24	11517	11517	1532	3645156233222129254	9589361bd4a191ac0882d326c95c02ba96602176d610ae1047b4c99b55880100	9589361bd4a191ac0882d326c95c02ba96602176d610ae1047b4c99b55880100	Y	ok	OK
B	2086	67a7779e046681b07a773bb97470520e481032df785f6087cf4eaa71b9505103	11395	11395	1533	1112467418099290861	8d72eb3e71509fd44b73490ae48cff5b1d69e835ccc7ebf89372902231200000	8d72eb3e71509fd44b73490ae48cff5b1d69e835ccc7ebf89372902231200000	Y	ok	OK
B	2087	e6d28ae12aa51ec71cb2060fc95f012628cfa15bcb3d7c1f18121e19c11e3bd0	11486	11486	1534	3597541504224100839	f3312cecef2afb544527d82b1949082c6ca400e7f2e95c40deac3c51047b0200	f3312cecef2afb544527d82b1949082c6ca400e7f2e95c40deac3c51047b0200	Y	ok	OK
B	2088	63f6eef3abdd11e37c9bd037158efe3281630702f659d8a8749805e7bb94028a	11278	11278	1535	788871890390254878	5a700e2f25d530f22bc5546d1670b6910a6723b17ea9240534d5257611330300	5a700e2f25d530f22bc5546d1670b6910a6723b17ea9240534d5257611330300	Y	ok	OK
B	2089	028d0f4cf63ff96d6c7d0944946133aaf0e69e3e95923081da0e7ce089accace	11427	11427	1536	14240901785802835555	9845badce8dba3286c4b2c9ebbee09aca626336e3ea5a763b549cf12d56a0500	9845badce8dba3286c4b2c9ebbee09aca626336e3ea5a763b549cf12d56a0500	Y	ok	OK
B	2090	7bd3af1f48da4410d986096f6525e21b98c9e464558f66624bc7347f2e71239b	11580	11580	1537	2027576961483674201	5ad1e272ebbc96d4bf0cf38de95e869b51d04a9d2f8554de4ad4458e656a0100	5ad1e272ebbc96d4bf0cf38de95e869b51d04a9d2f8554de4ad4458e656a0100	Y	ok	OK
B	2091	93b73444972b1e82554f8b7bfc62da80225928f536944b765bfaaf66e16ef2cf	11737	11737	1538	11415618778906592705	04c30f8b2cf75fb3e774dad8ae4872c3725fbfa9926638689c2189f0a3bf0000	04c30f8b2cf75fb3e774dad8ae4872c3725fbfa9926638689c2189f0a3bf0000	Y	ok	OK
B	2092	a9d34356a191123888b6d5d318dbf66723071863db668b5f4511e6bcc789ce8b	11581	11581	1539	16894220478330209528	a0b602ec783fb8996771981bef30bca66ec514fe3cdb34783b08847fe72e0100	a0b602ec783fb8996771981bef30bca66ec514fe3cdb34783b08847fe72e0100	Y	ok	OK
B	2093	aa44f5305fedd8f170ffb1570d25af065080e5cfa8216c9d1620e933dea8a425	11707	11707	1540	4638659645701953361	2efc21ce62369d44912d6b85855a6dad7c36ab349e2424ee76018fbe1b5c0100	2efc21ce62369d44912d6b85855a6dad7c36ab349e2424ee76018fbe1b5c0100	Y	ok	OK
B	2094	283654045e897851d15863b907ef0d623d00cee40a37e085e7c6dacedba767be	11834	11834	1541	13419182037072418939	19b4e7233ab4b39c4f1022fb329b80fab735238eb491c56ca87d9876ed6b0400	19b4e7233ab4b39c4f1022fb329b80fab735238eb491c56ca87d9876ed6b0400	Y	ok	OK
B	2095	7698dd6daa8d33e14e95ebfdb1f4852dd6f0bb1aff28944b0a2874d3fe71ccdc	11491	11491	1542	13176475397975444409	d532934615df06fcd1bc28341bf7c57bc8a2a630e8e1c626727cbaa2fbe60100	d532934615df06fcd1bc28341bf7c57bc8a2a630e8e1c626727cbaa2fbe60100	Y	ok	OK
B	2096	40cae7200ef1b8282ef3223474389acfaeb546d767825c4df5d6cc6631ca16cd	11139	11139	1543	1458124917202487697	6629eb49c6deac0ab39c1450931c64c05cd7df74c48c991db2b631c2bd4d0400	6629eb49c6deac0ab39c1450931c64c05cd7df74c48c991db2b631c2bd4d0400	Y	ok	OK
B	2097	c2017a78533ad311f42c6d7e64839fd3dcd2d55018e99fa6ab76ee96eb050909	11111	11111	1544	9256542198130869376	983d3137aa47a8ff69c569deda00031217b3e57ae78520cccb0cc9beec090500	983d3137aa47a8ff69c569deda00031217b3e57ae78520cccb0cc9beec090500	Y	ok	OK
B	2098	1330db69590f649031829d0913a6d1eb1b095aaeedb29073038c8403d35c3fc8	11169	11169	1545	10838450572475041566	d86825bc87829d9dbf0cd4aa0e5e049a5c97165b6c00f6dc16f79f997bd70400	d86825bc87829d9dbf0cd4aa0e5e049a5c97165b6c00f6dc16f79f997bd70400	Y	ok	OK
B	2098	1a4d85fbf6f82c5127bf15d791cfb123ab35ab56bf958c55462c3dcc19b884d8	11169	11169	1545	10838450572475008762	a013abe071a6ee9996f0c394c6bf859c93aeef68bdf25a8fa63520ef38860000	a013abe071a6ee9996f0c394c6bf859c93aeef68bdf25a8fa63520ef38860000	Y	ok_off_best_chain	OK_OFF_BEST_CHAIN
B	2099	6b68f7769ae74679433dbbecabaf4762d052c7eba8aeb35e1e2187758e4db3a2	11314	11314	1546	5293649223563151235	bafe52066acf296a851872347af762ede18e8724df1764a404c2300d920a0500	bafe52066acf296a851872347af762ede18e8724df1764a404c2300d920a0500	Y	ok	OK
B	2100	db492f6db3541466808eba2542943793506f518fa2ee0283e28715965d23f033	11404	11404	1547	2052584099327017158	984a08ff70eaa9b3b40219528e5c830cbaf115c7c49562d0cc1904a48ba00000	984a08ff70eaa9b3b40219528e5c830cbaf115c7c49562d0cc1904a48ba00000	Y	ok	OK
B	2101	a67956efa724c3ce579dec4b7cb77389964230b0180177bcd5ffbe7fc021a62c	11464	11464	1548	7514104619325194730	e02eb84c430b1a72393fb92bf0f761d60e4928c20086cc09e7be7c6ba15b0400	e02eb84c430b1a72393fb92bf0f761d60e4928c20086cc09e7be7c6ba15b0400	Y	ok	OK
B	2102	7a5ff50d7ae614fad17c338b1823c1c5a14beba08b649c524f24bfbdb02ac9d1	11617	11617	1549	6205700325031117355	fdfdd8bc967604b54671a79192e30d41e1fbbb696299ed50069d407278b70100	fdfdd8bc967604b54671a79192e30d41e1fbbb696299ed50069d407278b70100	Y	ok	OK
B	2103	f30031d9284ad8ad6c689622ff86cde9cdfc820e11747c06e538e2e300ec49a3	11775	11775	1550	13448975675448955374	b831cff24a34ecdf83e1ceb7b7dbfd0ceca68820e2829d712d0e589141300300	b831cff24a34ecdf83e1ceb7b7dbfd0ceca68820e2829d712d0e589141300300	Y	ok	OK
B	2104	9188290a7a94711d44de30e8f5d183c1c841cadc3de38012758d9c5f380fbfbd	11936	11936	1551	15800669431937470018	4b75ba03cd1f4e6140cb533a2685aa77063e0d919c6c4e9c1caa4187a84e0100	4b75ba03cd1f4e6140cb533a2685aa77063e0d919c6c4e9c1caa4187a84e0100	Y	ok	OK
B	2104	f2c8e86f67b53e64b5d6bae7cfeef9215387fbb667be654e15ae60d56504f370	11936	11936	1551	15800669431937371822	11e28b5ade07cae10ff9c928de859cb5bf4ff2963371d2f3b89cb93d2f490200	11e28b5ade07cae10ff9c928de859cb5bf4ff2963371d2f3b89cb93d2f490200	Y	ok_off_best_chain	OK_OFF_BEST_CHAIN
B	2105	d15cff16ee242b879967da1467e07474f338fe8a8fb0519a4eda8f982ee110af	11970	11970	1552	13938145422234158033	e628899f17382920a944bafe846511e96170ed74236ec5ce908af4b2d6b90400	e628899f17382920a944bafe846511e96170ed74236ec5ce908af4b2d6b90400	Y	ok	OK
B	2106	0fff1e58a8fd34f78f6caf93e24ec0ed3781d38d9308614d88e36538a2b4ea80	11872	11872	1553	15788396751867675906	6a52fd93ab6179903beca681075f1172f1aadde998428d29e453624f1aa10200	6a52fd93ab6179903beca681075f1172f1aadde998428d29e453624f1aa10200	Y	ok	OK
B	2107	912df508b05f445bcde0b48668fceff76d27e02266bd57794656e4a885459831	12036	12036	1554	6297768287665192997	8b9661eacb18bafda9b29b69e2558aa2f2b1be72139f47abd2faa01d7aa00300	8b9661eacb18bafda9b29b69e2558aa2f2b1be72139f47abd2faa01d7aa00300	Y	ok	OK
B	2108	7d3186fcfcf96db5b9943f06b76b2148980665ecb7c23b87c3836531a68e1ecd	12205	12205	1555	15429706681310878521	aeae67208809889dfa8c0145e88a2d585c9b734c1b9774ba6ca85c6029530000	aeae67208809889dfa8c0145e88a2d585c9b734c1b9774ba6ca85c6029530000	Y	ok	OK
B	2109	41ae0b7f0cacb1c365338fae436ab908872738f4f157649d0d89c78b8d3eaf10	12378	12378	1556	15015590508770629283	fc14d0cb4ad5477f10427bb4095a22ea36f36fdea125c41b738ff72633160200	fc14d0cb4ad5477f10427bb4095a22ea36f36fdea125c41b738ff72633160200	Y	ok	OK
B	2110	2b909ac3c0520b8247de0b0db34063261a748b5232c35634427262293e0bd5e4	12038	12038	1557	3720275675085538477	c283800f127fc059b79f097863cc42636ac34f2d7a6109351d26d269c3690500	c283800f127fc059b79f097863cc42636ac34f2d7a6109351d26d269c3690500	Y	ok	OK
B	2111	43daea2f03e912746fbc114ad6d03eb9debcc8a761c0df33095771066a860a38	11716	11716	1558	16029820230830129288	1d644f11b5b4e30799538bde1570167faff874bd2f5123666710141dba380200	1d644f11b5b4e30799538bde1570167faff874bd2f5123666710141dba380200	Y	ok	OK
B	2112	7fbb775f67d2958e8b8d7224d68f3cd9e8b99fa59997ab3609aeb8b16dca0cc4	11875	11875	1559	11265501790646371483	8c585888097af87110779f6f6937f95da0068688809edb5f8ae5b89e06dc0000	8c585888097af87110779f6f6937f95da0068688809edb5f8ae5b89e06dc0000	Y	ok	OK
B	2113	ef919348d540045a00b44aef83e4fa31a1216b5efdd50ca26844d9923f45aa92	12039	12039	1560	4052704893960520831	4964af99ac04e27e205c0e19c147744fe3a9d2bd64d4942614e53040dc710100	4964af99ac04e27e205c0e19c147744fe3a9d2bd64d4942614e53040dc710100	Y	ok	OK
B	2114	894f8120633ce7edd37e220adb4e1193d345d48152c7f23b9a19d4fee1bb6c3e	12207	12207	1561	13445944592474079769	25bb5adf19c51f45d6b2e09fb048dac466f5c14a4a8e8ab3ff1dfad16cc00200	25bb5adf19c51f45d6b2e09fb048dac466f5c14a4a8e8ab3ff1dfad16cc00200	Y	ok	OK
B	2115	65069eff16776a6e19e0ae7e81eff35f856eb7c7b2f193642aca8192e21632dd	12207	12207	1562	5268710925455597627	3c34ddfe15c2d743af86f8b3abe3e4efbe797ff0ee4ff5ff1a5455bbc65f0100	3c34ddfe15c2d743af86f8b3abe3e4efbe797ff0ee4ff5ff1a5455bbc65f0100	Y	ok	OK
B	2116	ff71226308e0a3c4e83f2bd31cc1ea8d5a81e7e9be55079b80a671ee2578b68d	12380	12380	1563	10538352153712492618	3dc1340aaee258330af2ff84834556291d8393f6d4e53fa50012837953d30200	3dc1340aaee258330af2ff84834556291d8393f6d4e53fa50012837953d30200	Y	ok	OK
B	2117	bf6b83e35d549690c4330ef96ac8791e78fc678ec5199b98e70a0828c586e0e1	11845	11845	1564	10192576152166564632	6c51a3f5d07935c748d2bdd6f93513c8f5ad5dcb71249460b59f494201610500	6c51a3f5d07935c748d2bdd6f93513c8f5ad5dcb71249460b59f494201610500	Y	ok	OK
B	2118	5e8a0849dbc9eb9eb1058eecd819a29d3dfbdc3ffb543409b4b82e580775d2b6	12007	12007	1565	3759747317889009948	9f5871e3ecb18b85a627f0d5e31eb48fc9394c6d34dc2474b4da5e118c780300	9f5871e3ecb18b85a627f0d5e31eb48fc9394c6d34dc2474b4da5e118c780300	Y	ok	OK
B	2119	a5b54e953ad116dc645945410bbbcc63604e19fd99e672862486030828d2a427	12174	12174	1566	11070500229479466145	4c01e75bc3939a7cfd9456b9a7f3476309a7c676675d1ef8942dcc3d155a0100	4c01e75bc3939a7cfd9456b9a7f3476309a7c676675d1ef8942dcc3d155a0100	Y	ok	OK
B	2119	ab10680a842d701a472d61db3d97fc5e074bb0990b6a5fcfa8e2dc1cc586ccbf	12174	12174	1566	11070500229479466384	41be9d72e0c6df5ac0bda5235a3e8ae5cf3b15fa9edd23f8b4f9b40997270500	41be9d72e0c6df5ac0bda5235a3e8ae5cf3b15fa9edd23f8b4f9b40997270500	Y	ok_off_best_chain	OK_OFF_BEST_CHAIN
B	2120	7361949476f45736396fa5a009665904a36cc2a5aeb8917fffc04a736726e0dd	12345	12345	1567	592668056208048436	51be0ad6aa4ddd61453a57cde7c8b76237e2df9e0ce6cfbf5be2e92423ec0100	51be0ad6aa4ddd61453a57cde7c8b76237e2df9e0ce6cfbf5be2e92423ec0100	Y	ok	OK
B	2121	578937be09564f4a1b78cf1c5fb888af29fc9e9b057f05d60f4e57da7ad68987	12521	12521	1568	17733897489620243332	6abf0c349022de77ba04a166ad5ae3f54d4624b89afd8866effaec38ba570400	6abf0c349022de77ba04a166ad5ae3f54d4624b89afd8866effaec38ba570400	Y	ok	OK
B	2122	27bab80702753872395f314a37e00c67b069d2df030c1d5137392fc38582bcfb	12701	12701	1569	15128750995665912138	409733aa8bca53e0eb54d3a57a6717fce342375ac6006a95e3057b5d8bbc0100	409733aa8bca53e0eb54d3a57a6717fce342375ac6006a95e3057b5d8bbc0100	Y	ok	OK
B	2123	39c229baf4b66144c211db2ea97d57acd0dbf1c246eedcf8a7cc2fa69e02a377	12592	12592	1570	8069386544294691738	e1b54518fd6f0e261948ee0b5c9b53e19bb503e41c62aa021aaa3b2498940000	e1b54518fd6f0e261948ee0b5c9b53e19bb503e41c62aa021aaa3b2498940000	Y	ok	OK
B	2124	de4a447329e96d9fa5f157a7963ddb122db424b1abc50a2fcd18ccfcd72fe3d4	12774	12774	1571	8925927748967341007	f9cafd576016ba9bf9c16c2423b255af28b4c91f887ab6bd71790e651a310000	f9cafd576016ba9bf9c16c2423b255af28b4c91f887ab6bd71790e651a310000	Y	ok	OK
B	2125	046409b6137c5462cbb59e092e2a920bbb50b6c99ef1d506f6fa692637b1dcbb	12960	12960	1572	7114894938239665216	e100bc26256ae184a59a9e2bb394d5c7bcf6eeca082535f5456f23d73cfd0000	e100bc26256ae184a59a9e2bb394d5c7bcf6eeca082535f5456f23d73cfd0000	Y	ok	OK
B	2126	4f8b653f5394483e83e16882d138f868e4b4a94d3e6d5c093b07475e694c6d61	12520	12520	1573	3567643438012699684	72198296469c34323f7f5fa0f891c0304e066ad0b3ecd588bf3229c15b960000	72198296469c34323f7f5fa0f891c0304e066ad0b3ecd588bf3229c15b960000	Y	ok	OK
B	2127	1e41392aa1243bd9a0df7074b5a141989f3e4ec56d2fb65b5057980b6aed57b4	12699	12699	1574	7567554563906012330	d752ea39d50af67de90a1c87b52003523839b6b6a3b898068b243151212a0200	d752ea39d50af67de90a1c87b52003523839b6b6a3b898068b243151212a0200	Y	ok	OK
B	2127	3173276d4b4dabe6d05c681bd26c9ba1e0c68b0c701a44c512c8059257eee05c	12699	12699	1574	7567554563906012523	477f2a5feff1a8f546528ace86459ffa44874c5d4322d17dd524682284a50200	477f2a5feff1a8f546528ace86459ffa44874c5d4322d17dd524682284a50200	Y	ok_off_best_chain	OK_OFF_BEST_CHAIN
B	2128	1e1c13e06f565ae919efbfadab7982c9d8ebe76e79dbe570fe5536cd24f1edd0	12450	12450	1575	9347181701886936815	144fa6d58292a7a60bcbb6d76eefa8945a9f9b95641f0d268e0ee73f042e0200	144fa6d58292a7a60bcbb6d76eefa8945a9f9b95641f0d268e0ee73f042e0200	Y	ok	OK
B	2129	41b865772d8244e4780948c5be98aa0412b64faecc3f6553243dbb4b90d3e33a	12627	12627	1576	7532650734785921564	0c6b26e1f83be6486ac37057d0c3a66024f36200d8f59d07613810efc8ee0400	0c6b26e1f83be6486ac37057d0c3a66024f36200d8f59d07613810efc8ee0400	Y	ok	OK
B	2130	c40cf7f4468a6f18a2a100a19e3b5902f12da4456cf6da7f5bb97b10f5483b49	12735	12735	1577	17382425399367077847	a70e19eb7df6169ead4828e04c05465a4b5c0ecbd73df0b720b3676c07330000	a70e19eb7df6169ead4828e04c05465a4b5c0ecbd73df0b720b3676c07330000	Y	ok	OK
B	2131	8d90908937107e0a524f295f117425148c602c76bfa923ff749653fc2f30d586	12919	12919	1578	3091028859886274538	2779533b23615015c336b6ae120412fbd6c09c86ed2ed13d44556e2f96990000	2779533b23615015c336b6ae120412fbd6c09c86ed2ed13d44556e2f96990000	Y	ok	OK
B	2132	77aa7e281365fdc08fad0a9746190acb5544858d04be823db515dd94b1754725	12845	12845	1579	16684524021567555645	d67d7db31f5354ba2b1664c0cc1172139e8831f0ea7ad6dc26a7261ee4060300	d67d7db31f5354ba2b1664c0cc1172139e8831f0ea7ad6dc26a7261ee4060300	Y	ok	OK
B	2133	d3863e6d4af78bb72387c5172eceee35bd38f4ae1d1dd6470c2ac6a0ffea6d7a	12918	12918	1580	11614734716879606824	decaead43384d682cb0ba048d308101a52e06cd2032979b827986993af7a0400	decaead43384d682cb0ba048d308101a52e06cd2032979b827986993af7a0400	Y	ok	OK
B	2134	a1f9517742fa4d5be42d06e194205cc9d7d5e54aaf50a1144142b97ba3d322af	12992	12992	1581	17219405577730461064	8cf41e5de290f1a2839bc671e0535454b7503164e82b829cff076968ef110300	8cf41e5de290f1a2839bc671e0535454b7503164e82b829cff076968ef110300	Y	ok	OK
