[2026-09-29T22:11:50.647Z INFO  blacksilk_node] blacksilk-node 0.1.0 commit 9b048275425b2993763045b9f1575aba1669dcca
[2026-09-29T22:11:50.647Z INFO  blacksilk_node] regtest: genesis 087d6fd4efbc45eb0a895dd0680a7fd305208cae239b1b4275d7148b29a569b7, consensus fingerprint 5fb8ef8f74efa7631e2d9aa5f809fc0d9ab9273fdc54d45e5aad73f889c5e72b
[2026-09-29T22:11:50.647Z INFO  blacksilk_node] regtest: loading C:/bszkeval/w4-lab-scratch/run3\node1
[2026-09-29T22:11:50.655Z INFO  blacksilk_node] chain loaded in 8.4ms: height 0, tip 087d6fd4efbc45eb
[2026-09-29T22:11:50.659Z INFO  blacksilk_node] P2P listening on 127.0.0.1:53021
[2026-09-29T22:11:50.659Z INFO  blacksilk_node] RPC listening on http://127.0.0.1:53020
[2026-09-29T22:11:50.665Z WARN  blacksilk_node::cookie] the data directory C:/bszkeval/w4-lab-scratch/run3\node1 is outside your user profile: on Windows the RPC cookie is protected only by that directory's permissions; make sure other users cannot read it
[2026-09-29T22:11:50.700Z INFO  blacksilk_node::serve] RPC credential written to C:/bszkeval/w4-lab-scratch/run3\node1\rpc.cookie (clients read it: --rpc-cookie)
[2026-09-29T22:11:51.096Z INFO  blacksilk_p2p::net::conn] connected outbound peer 127.0.0.1:55042 (height 0)
[2026-09-29T22:11:51.096Z INFO  blacksilk_p2p::net::conn] connected outbound peer 127.0.0.1:55043 (height 0)
[2026-09-29T22:11:51.096Z INFO  blacksilk_p2p::net::conn] connected inbound peer 127.0.0.1:11884 (height 0)
[2026-09-29T22:11:51.096Z INFO  blacksilk_p2p::net::conn] connected inbound peer 127.0.0.1:11881 (height 0)
[2026-09-29T22:11:51.096Z DEBUG blacksilk_p2p::net::addr_relay] peer 1: addr with 1 entries
[2026-09-29T22:11:51.162Z DEBUG blacksilk_p2p::net::addr_relay] peer 4: getaddr answered with 3 addresses
[2026-09-29T22:11:51.162Z DEBUG blacksilk_p2p::net::addr_relay] peer 4: addr with 1 entries
[2026-09-29T22:11:51.162Z DEBUG blacksilk_p2p::net::addr_relay] peer 3: getaddr answered with 3 addresses
[2026-09-29T22:11:51.162Z DEBUG blacksilk_p2p::net::addr_relay] peer 3: addr with 1 entries
[2026-09-29T22:11:51.162Z DEBUG blacksilk_p2p::net::addr_relay] peer 2: addr with 1 entries
[2026-09-29T22:11:51.162Z DEBUG blacksilk_p2p::net::addr_relay] peer 1: addr with 2 entries
[2026-09-29T22:11:51.162Z DEBUG blacksilk_p2p::net::addr_relay] peer 2: addr with 1 entries
[2026-09-29T22:11:51.193Z DEBUG blacksilk_p2p::net::addr_relay] peer 1: addr with 1 entries
[2026-09-29T22:11:51.208Z DEBUG blacksilk_p2p::net::addr_relay] peer 4: addr with 1 entries
[2026-09-29T22:11:51.208Z DEBUG blacksilk_p2p::net::addr_relay] peer 127.0.0.1:11881: 1 addresses over the rate limit dropped
[2026-09-29T22:11:51.281Z DEBUG blacksilk_p2p::net::addr_relay] peer 2: addr with 1 entries
[2026-09-29T22:11:58.923Z INFO  blacksilk_chain::manager::template] caught up at height 0: block templates are served from now on
[2026-09-29T22:11:58.923Z DEBUG blacksilk_p2p::net::headers] peer 4: 1 headers up to height 1 accepted (new: true)
[2026-09-29T22:11:58.987Z DEBUG blacksilk_p2p::net::blocks] peer 4: block e93b84b62371 at height 1 received
[2026-09-29T22:11:59.024Z DEBUG blacksilk_p2p::net::headers] peer 2: 1 headers up to height 1 accepted (new: false)
[2026-09-29T22:11:59.065Z DEBUG blacksilk_p2p::net::headers] peer 1: 1 headers up to height 1 accepted (new: false)
[2026-09-29T22:12:01.694Z DEBUG blacksilk_p2p::net::headers] peer 4: 1 headers up to height 2 accepted (new: true)
[2026-09-29T22:12:01.760Z DEBUG blacksilk_p2p::net::blocks] peer 4: block e13f25698690 at height 2 received
[2026-09-29T22:12:01.893Z DEBUG blacksilk_p2p::net::headers] peer 1: 1 headers up to height 2 accepted (new: false)
[2026-09-29T22:12:01.963Z DEBUG blacksilk_p2p::net::headers] peer 3: 1 headers up to height 2 accepted (new: false)
[2026-09-29T22:12:04.646Z DEBUG blacksilk_p2p::net::headers] peer 4: 1 headers up to height 3 accepted (new: true)
[2026-09-29T22:12:04.718Z DEBUG blacksilk_p2p::net::blocks] peer 4: block 4f577e9a3420 at height 3 received
[2026-09-29T22:12:04.837Z DEBUG blacksilk_p2p::net::headers] peer 2: 1 headers up to height 3 accepted (new: false)
[2026-09-29T22:12:04.935Z DEBUG blacksilk_p2p::net::headers] peer 1: 1 headers up to height 3 accepted (new: false)
[2026-09-29T22:12:07.884Z DEBUG blacksilk_p2p::net::headers] peer 4: 1 headers up to height 4 accepted (new: true)
[2026-09-29T22:12:07.989Z DEBUG blacksilk_p2p::net::blocks] peer 4: block 739a24148bed at height 4 received
[2026-09-29T22:12:08.225Z DEBUG blacksilk_p2p::net::headers] peer 2: 1 headers up to height 4 accepted (new: false)
[2026-09-29T22:12:11.263Z DEBUG blacksilk_p2p::net::headers] peer 4: 1 headers up to height 5 accepted (new: true)
[2026-09-29T22:12:11.363Z DEBUG blacksilk_p2p::net::blocks] peer 4: block 15947f0ed3ad at height 5 received
[2026-09-29T22:12:11.447Z DEBUG blacksilk_p2p::net::headers] peer 1: 1 headers up to height 5 accepted (new: false)
[2026-09-29T22:12:14.593Z DEBUG blacksilk_p2p::net::headers] peer 4: 1 headers up to height 6 accepted (new: true)
[2026-09-29T22:12:14.773Z DEBUG blacksilk_p2p::net::blocks] peer 4: block 942c5640a3be at height 6 received
[2026-09-29T22:12:15.018Z DEBUG blacksilk_p2p::net::headers] peer 2: 1 headers up to height 6 accepted (new: false)
[2026-09-29T22:12:15.070Z DEBUG blacksilk_p2p::net::headers] peer 1: 1 headers up to height 6 accepted (new: false)
[2026-09-29T22:12:17.664Z DEBUG blacksilk_p2p::net::headers] peer 4: 1 headers up to height 7 accepted (new: true)
[2026-09-29T22:12:17.722Z DEBUG blacksilk_p2p::net::blocks] peer 4: block e10634d8f022 at height 7 received
[2026-09-29T22:12:17.756Z DEBUG blacksilk_p2p::net::headers] peer 2: 1 headers up to height 7 accepted (new: false)
[2026-09-29T22:12:17.806Z DEBUG blacksilk_p2p::net::headers] peer 3: 1 headers up to height 7 accepted (new: false)
[2026-09-29T22:12:17.955Z DEBUG blacksilk_p2p::net::headers] peer 1: 1 headers up to height 7 accepted (new: false)
[2026-09-29T22:12:20.860Z DEBUG blacksilk_p2p::net::headers] peer 4: 1 headers up to height 8 accepted (new: true)
[2026-09-29T22:12:20.976Z DEBUG blacksilk_p2p::net::blocks] peer 4: block 4cc14b26dac5 at height 8 received
[2026-09-29T22:12:21.292Z DEBUG blacksilk_p2p::net::headers] peer 3: 1 headers up to height 8 accepted (new: false)
[2026-09-29T22:12:24.313Z DEBUG blacksilk_p2p::net::headers] peer 4: 1 headers up to height 9 accepted (new: true)
[2026-09-29T22:12:24.407Z DEBUG blacksilk_p2p::net::blocks] peer 4: block a5c95297000f at height 9 received
[2026-09-29T22:12:24.551Z DEBUG blacksilk_p2p::net::headers] peer 1: 1 headers up to height 9 accepted (new: false)
[2026-09-29T22:12:24.601Z DEBUG blacksilk_p2p::net::headers] peer 3: 1 headers up to height 9 accepted (new: false)
[2026-09-29T22:12:24.667Z DEBUG blacksilk_p2p::net::headers] peer 2: 1 headers up to height 9 accepted (new: false)
[2026-09-29T22:12:27.966Z DEBUG blacksilk_p2p::net::headers] peer 4: 1 headers up to height 10 accepted (new: true)
[2026-09-29T22:12:28.053Z DEBUG blacksilk_p2p::net::blocks] peer 4: block 9f48544ad9bc at height 10 received
[2026-09-29T22:12:28.190Z DEBUG blacksilk_p2p::net::headers] peer 2: 1 headers up to height 10 accepted (new: false)
[2026-09-29T22:12:30.051Z DEBUG blacksilk_p2p::net::headers] peer 4: 1 headers up to height 11 accepted (new: true)
[2026-09-29T22:12:30.203Z DEBUG blacksilk_p2p::net::headers] peer 2: 1 headers up to height 11 accepted (new: false)
[2026-09-29T22:12:30.219Z DEBUG blacksilk_p2p::net::blocks] peer 4: block 1dadd828276d at height 11 received
[2026-09-29T22:12:30.286Z DEBUG blacksilk_p2p::net::headers] peer 3: 1 headers up to height 11 accepted (new: false)
[2026-09-29T22:12:30.421Z DEBUG blacksilk_p2p::net::headers] peer 1: 1 headers up to height 11 accepted (new: false)
[2026-09-29T22:12:33.652Z DEBUG blacksilk_p2p::net::headers] peer 4: 1 headers up to height 12 accepted (new: true)
[2026-09-29T22:12:33.764Z DEBUG blacksilk_p2p::net::blocks] peer 4: block 0b4ca395ceb5 at height 12 received
[2026-09-29T22:12:33.881Z DEBUG blacksilk_p2p::net::headers] peer 3: 1 headers up to height 12 accepted (new: false)
[2026-09-29T22:12:37.234Z DEBUG blacksilk_p2p::net::headers] peer 4: 1 headers up to height 13 accepted (new: true)
[2026-09-29T22:12:37.305Z DEBUG blacksilk_p2p::net::blocks] peer 4: block b80d224e835b at height 13 received
[2026-09-29T22:12:37.494Z DEBUG blacksilk_p2p::net::headers] peer 1: 1 headers up to height 13 accepted (new: false)
[2026-09-29T22:12:37.538Z DEBUG blacksilk_p2p::net::headers] peer 2: 1 headers up to height 13 accepted (new: false)
[2026-09-29T22:12:41.224Z DEBUG blacksilk_p2p::net::headers] peer 4: 1 headers up to height 14 accepted (new: true)
[2026-09-29T22:12:41.296Z DEBUG blacksilk_p2p::net::blocks] peer 4: block b12f2e80dba7 at height 14 received
[2026-09-29T22:12:42.959Z DEBUG blacksilk_p2p::net::headers] peer 4: 1 headers up to height 15 accepted (new: true)
[2026-09-29T22:12:42.959Z DEBUG blacksilk_p2p::net::headers] peer 1: 1 headers up to height 14 accepted (new: false)
[2026-09-29T22:12:42.979Z DEBUG blacksilk_p2p::net::headers] peer 3: 1 headers up to height 14 accepted (new: false)
[2026-09-29T22:12:42.979Z DEBUG blacksilk_p2p::net::headers] peer 2: 1 headers up to height 14 accepted (new: false)
[2026-09-29T22:12:43.028Z DEBUG blacksilk_p2p::net::blocks] peer 4: block 9678f2274f1c at height 15 received
[2026-09-29T22:12:43.116Z DEBUG blacksilk_p2p::net::headers] peer 1: 1 headers up to height 15 accepted (new: false)
[2026-09-29T22:12:45.402Z DEBUG blacksilk_p2p::net::headers] peer 4: 1 headers up to height 16 accepted (new: true)
[2026-09-29T22:12:45.469Z DEBUG blacksilk_p2p::net::blocks] peer 4: block 6feceef83f0b at height 16 received
[2026-09-29T22:12:45.566Z DEBUG blacksilk_p2p::net::headers] peer 3: 1 headers up to height 16 accepted (new: false)
[2026-09-29T22:12:45.728Z DEBUG blacksilk_p2p::net::headers] peer 1: 1 headers up to height 16 accepted (new: false)
[2026-09-29T22:12:48.248Z DEBUG blacksilk_p2p::net::headers] peer 4: 1 headers up to height 17 accepted (new: true)
[2026-09-29T22:12:48.319Z DEBUG blacksilk_p2p::net::blocks] peer 4: block 5e305fa9f64d at height 17 received
[2026-09-29T22:12:48.636Z DEBUG blacksilk_p2p::net::headers] peer 3: 1 headers up to height 17 accepted (new: false)
[2026-09-29T22:12:48.687Z DEBUG blacksilk_p2p::net::headers] peer 1: 1 headers up to height 17 accepted (new: false)
[2026-09-29T22:12:51.286Z DEBUG blacksilk_p2p::net::headers] peer 4: 1 headers up to height 18 accepted (new: true)
[2026-09-29T22:12:51.374Z DEBUG blacksilk_p2p::net::blocks] peer 4: block aae1fd608a5c at height 18 received
[2026-09-29T22:12:51.627Z DEBUG blacksilk_p2p::net::headers] peer 3: 1 headers up to height 18 accepted (new: false)
[2026-09-29T22:12:54.580Z DEBUG blacksilk_p2p::net::headers] peer 4: 1 headers up to height 19 accepted (new: true)
[2026-09-29T22:12:54.668Z DEBUG blacksilk_p2p::net::blocks] peer 4: block fb5e3cb08c95 at height 19 received
[2026-09-29T22:12:54.814Z DEBUG blacksilk_p2p::net::headers] peer 1: 1 headers up to height 19 accepted (new: false)
[2026-09-29T22:12:57.246Z DEBUG blacksilk_p2p::net::headers] peer 4: 1 headers up to height 20 accepted (new: true)
[2026-09-29T22:12:57.339Z DEBUG blacksilk_p2p::net::blocks] peer 4: block a86ad3960864 at height 20 received
[2026-09-29T22:12:57.573Z DEBUG blacksilk_p2p::net::headers] peer 3: 1 headers up to height 20 accepted (new: false)
[2026-09-29T22:12:57.573Z DEBUG blacksilk_p2p::net::headers] peer 2: 1 headers up to height 20 accepted (new: false)
[2026-09-29T22:12:57.602Z DEBUG blacksilk_p2p::net::headers] peer 1: 1 headers up to height 20 accepted (new: false)
[2026-09-29T22:13:00.786Z DEBUG blacksilk_p2p::net::headers] peer 4: 1 headers up to height 21 accepted (new: true)
[2026-09-29T22:13:00.847Z DEBUG blacksilk_p2p::net::headers] peer 2: 1 headers up to height 21 accepted (new: false)
[2026-09-29T22:13:00.847Z DEBUG blacksilk_p2p::net::headers] peer 3: 1 headers up to height 21 accepted (new: false)
[2026-09-29T22:13:00.862Z DEBUG blacksilk_p2p::net::blocks] peer 4: block b6c39f3cd6c2 at height 21 received
[2026-09-29T22:13:04.084Z DEBUG blacksilk_p2p::net::headers] peer 4: 1 headers up to height 22 accepted (new: true)
[2026-09-29T22:13:04.179Z DEBUG blacksilk_p2p::net::blocks] peer 4: block ccd1d049594c at height 22 received
[2026-09-29T22:13:05.695Z DEBUG blacksilk_p2p::net::headers] peer 4: 1 headers up to height 23 accepted (new: true)
[2026-09-29T22:13:05.696Z DEBUG blacksilk_p2p::net::headers] peer 1: 1 headers up to height 22 accepted (new: false)
[2026-09-29T22:13:05.765Z DEBUG blacksilk_p2p::net::blocks] peer 4: block a2d79d81d8ea at height 23 received
[2026-09-29T22:13:05.997Z DEBUG blacksilk_p2p::net::headers] peer 1: 1 headers up to height 23 accepted (new: false)
[2026-09-29T22:13:08.251Z DEBUG blacksilk_p2p::net::headers] peer 4: 1 headers up to height 24 accepted (new: true)
[2026-09-29T22:13:08.353Z DEBUG blacksilk_p2p::net::blocks] peer 4: block 72ebb589ac0b at height 24 received
[2026-09-29T22:13:08.430Z DEBUG blacksilk_p2p::net::headers] peer 1: 1 headers up to height 24 accepted (new: false)
[2026-09-29T22:13:08.430Z DEBUG blacksilk_p2p::net::headers] peer 2: 1 headers up to height 24 accepted (new: false)
[2026-09-29T22:13:08.542Z DEBUG blacksilk_p2p::net::headers] peer 3: 1 headers up to height 24 accepted (new: false)
[2026-09-29T22:13:11.549Z DEBUG blacksilk_p2p::net::headers] peer 4: 1 headers up to height 25 accepted (new: true)
[2026-09-29T22:13:11.623Z DEBUG blacksilk_p2p::net::blocks] peer 4: block 115ef0ba6a4b at height 25 received
[2026-09-29T22:13:11.740Z DEBUG blacksilk_p2p::net::headers] peer 2: 1 headers up to height 25 accepted (new: false)
[2026-09-29T22:13:11.854Z DEBUG blacksilk_p2p::net::headers] peer 3: 1 headers up to height 25 accepted (new: false)
[2026-09-29T22:13:11.892Z DEBUG blacksilk_p2p::net::headers] peer 1: 1 headers up to height 25 accepted (new: false)
[2026-09-29T22:13:15.007Z DEBUG blacksilk_p2p::net::headers] peer 4: 1 headers up to height 26 accepted (new: true)
[2026-09-29T22:13:15.097Z DEBUG blacksilk_p2p::net::blocks] peer 4: block ac246aa25f13 at height 26 received
[2026-09-29T22:13:15.263Z DEBUG blacksilk_p2p::net::headers] peer 1: 1 headers up to height 26 accepted (new: false)
[2026-09-29T22:13:17.177Z DEBUG blacksilk_p2p::net::headers] peer 4: 1 headers up to height 27 accepted (new: true)
[2026-09-29T22:13:17.247Z DEBUG blacksilk_p2p::net::blocks] peer 4: block e53db3f07cd1 at height 27 received
[2026-09-29T22:13:17.347Z DEBUG blacksilk_p2p::net::headers] peer 2: 1 headers up to height 27 accepted (new: false)
[2026-09-29T22:13:17.433Z DEBUG blacksilk_p2p::net::headers] peer 3: 1 headers up to height 27 accepted (new: false)
[2026-09-29T22:13:17.466Z DEBUG blacksilk_p2p::net::headers] peer 1: 1 headers up to height 27 accepted (new: false)
[2026-09-29T22:13:20.344Z DEBUG blacksilk_p2p::net::headers] peer 4: 1 headers up to height 28 accepted (new: true)
[2026-09-29T22:13:20.404Z DEBUG blacksilk_p2p::net::blocks] peer 4: block 37a182a1a4e6 at height 28 received
[2026-09-29T22:13:20.626Z DEBUG blacksilk_p2p::net::headers] peer 1: 1 headers up to height 28 accepted (new: false)
[2026-09-29T22:13:23.793Z DEBUG blacksilk_p2p::net::headers] peer 4: 1 headers up to height 29 accepted (new: true)
[2026-09-29T22:13:23.910Z DEBUG blacksilk_p2p::net::blocks] peer 4: block e3de2e461cbf at height 29 received
[2026-09-29T22:13:24.108Z DEBUG blacksilk_p2p::net::headers] peer 2: 1 headers up to height 29 accepted (new: false)
[2026-09-29T22:13:24.244Z DEBUG blacksilk_p2p::net::headers] peer 1: 1 headers up to height 29 accepted (new: false)
[2026-09-29T22:13:24.244Z DEBUG blacksilk_p2p::net::headers] peer 3: 1 headers up to height 29 accepted (new: false)
[2026-09-29T22:13:26.713Z DEBUG blacksilk_p2p::net::headers] peer 4: 1 headers up to height 30 accepted (new: true)
[2026-09-29T22:13:26.780Z DEBUG blacksilk_p2p::net::blocks] peer 4: block 42c4f39a7837 at height 30 received
[2026-09-29T22:13:26.905Z DEBUG blacksilk_p2p::net::headers] peer 2: 1 headers up to height 30 accepted (new: false)
[2026-09-29T22:13:27.008Z DEBUG blacksilk_p2p::net::headers] peer 3: 1 headers up to height 30 accepted (new: false)
[2026-09-29T22:13:27.044Z DEBUG blacksilk_p2p::net::headers] peer 1: 1 headers up to height 30 accepted (new: false)
[2026-09-29T22:13:28.814Z DEBUG blacksilk_p2p::net::headers] peer 4: 1 headers up to height 31 accepted (new: true)
[2026-09-29T22:13:28.883Z DEBUG blacksilk_p2p::net::blocks] peer 4: block e4ce6b8c159c at height 31 received
[2026-09-29T22:13:28.988Z DEBUG blacksilk_p2p::net::headers] peer 3: 1 headers up to height 31 accepted (new: false)
[2026-09-29T22:13:29.021Z DEBUG blacksilk_p2p::net::headers] peer 1: 1 headers up to height 31 accepted (new: false)
[2026-09-29T22:13:29.160Z DEBUG blacksilk_p2p::net::headers] peer 2: 1 headers up to height 31 accepted (new: false)
[2026-09-29T22:13:31.629Z DEBUG blacksilk_p2p::net::headers] peer 4: 1 headers up to height 32 accepted (new: true)
[2026-09-29T22:13:31.705Z DEBUG blacksilk_p2p::net::blocks] peer 4: block 1eea6a6157de at height 32 received
[2026-09-29T22:13:32.050Z DEBUG blacksilk_p2p::net::headers] peer 2: 1 headers up to height 32 accepted (new: false)
[2026-09-29T22:13:34.545Z DEBUG blacksilk_p2p::net::headers] peer 4: 1 headers up to height 33 accepted (new: true)
[2026-09-29T22:13:34.611Z DEBUG blacksilk_p2p::net::blocks] peer 4: block df227f5b7e52 at height 33 received
[2026-09-29T22:13:37.265Z DEBUG blacksilk_p2p::net::headers] peer 4: 1 headers up to height 34 accepted (new: true)
[2026-09-29T22:13:37.380Z DEBUG blacksilk_p2p::net::blocks] peer 4: block 71f9deff26df at height 34 received
[2026-09-29T22:13:39.574Z DEBUG blacksilk_p2p::net::headers] peer 4: 1 headers up to height 35 accepted (new: true)
[2026-09-29T22:13:39.651Z DEBUG blacksilk_p2p::net::blocks] peer 4: block 00431a52c343 at height 35 received
[2026-09-29T22:13:39.668Z DEBUG blacksilk_p2p::net::headers] peer 1: 1 headers up to height 35 accepted (new: false)
[2026-09-29T22:13:39.718Z DEBUG blacksilk_p2p::net::headers] peer 3: 1 headers up to height 35 accepted (new: false)
[2026-09-29T22:13:39.925Z DEBUG blacksilk_p2p::net::headers] peer 2: 1 headers up to height 35 accepted (new: false)
[2026-09-29T22:13:41.966Z DEBUG blacksilk_p2p::net::headers] peer 4: 1 headers up to height 36 accepted (new: true)
[2026-09-29T22:13:42.070Z DEBUG blacksilk_p2p::net::blocks] peer 4: block 16848407cadc at height 36 received
[2026-09-29T22:13:42.179Z DEBUG blacksilk_p2p::net::headers] peer 3: 1 headers up to height 36 accepted (new: false)
[2026-09-29T22:13:45.320Z DEBUG blacksilk_p2p::net::headers] peer 4: 1 headers up to height 37 accepted (new: true)
[2026-09-29T22:13:45.417Z DEBUG blacksilk_p2p::net::blocks] peer 4: block 3d836107dffe at height 37 received
[2026-09-29T22:13:45.474Z DEBUG blacksilk_p2p::net::headers] peer 1: 1 headers up to height 37 accepted (new: false)
[2026-09-29T22:13:45.572Z DEBUG blacksilk_p2p::net::headers] peer 3: 1 headers up to height 37 accepted (new: false)
[2026-09-29T22:13:45.572Z DEBUG blacksilk_p2p::net::headers] peer 2: 1 headers up to height 37 accepted (new: false)
[2026-09-29T22:13:48.221Z DEBUG blacksilk_p2p::net::headers] peer 4: 1 headers up to height 38 accepted (new: true)
[2026-09-29T22:13:48.315Z DEBUG blacksilk_p2p::net::blocks] peer 4: block f44dc689114e at height 38 received
[2026-09-29T22:13:48.432Z DEBUG blacksilk_p2p::net::headers] peer 1: 1 headers up to height 38 accepted (new: false)
[2026-09-29T22:13:50.310Z DEBUG blacksilk_p2p::net::headers] peer 4: 1 headers up to height 39 accepted (new: true)
[2026-09-29T22:13:50.400Z DEBUG blacksilk_p2p::net::blocks] peer 4: block e8142b8069ef at height 39 received
[2026-09-29T22:13:52.826Z DEBUG blacksilk_p2p::net::headers] peer 4: 1 headers up to height 40 accepted (new: true)
[2026-09-29T22:13:52.934Z DEBUG blacksilk_p2p::net::blocks] peer 4: block 2443c192c0d3 at height 40 received
[2026-09-29T22:13:53.203Z DEBUG blacksilk_p2p::net::headers] peer 1: 1 headers up to height 40 accepted (new: false)
[2026-09-29T22:13:56.036Z DEBUG blacksilk_p2p::net::headers] peer 4: 1 headers up to height 41 accepted (new: true)
[2026-09-29T22:13:56.128Z DEBUG blacksilk_p2p::net::blocks] peer 4: block a340b5651823 at height 41 received
[2026-09-29T22:13:56.288Z DEBUG blacksilk_p2p::net::headers] peer 2: 1 headers up to height 41 accepted (new: false)
[2026-09-29T22:13:56.288Z DEBUG blacksilk_p2p::net::headers] peer 1: 1 headers up to height 41 accepted (new: false)
[2026-09-29T22:13:58.955Z DEBUG blacksilk_p2p::net::headers] peer 4: 1 headers up to height 42 accepted (new: true)
[2026-09-29T22:13:59.037Z DEBUG blacksilk_p2p::net::blocks] peer 4: block daebac6c2b0c at height 42 received
[2026-09-29T22:13:59.211Z DEBUG blacksilk_p2p::net::headers] peer 3: 1 headers up to height 42 accepted (new: false)
[2026-09-29T22:13:59.294Z DEBUG blacksilk_p2p::net::headers] peer 2: 1 headers up to height 42 accepted (new: false)
[2026-09-29T22:14:01.516Z DEBUG blacksilk_p2p::net::headers] peer 4: 1 headers up to height 43 accepted (new: true)
[2026-09-29T22:14:01.585Z DEBUG blacksilk_p2p::net::blocks] peer 4: block e7107d614676 at height 43 received
[2026-09-29T22:14:01.633Z DEBUG blacksilk_p2p::net::headers] peer 2: 1 headers up to height 43 accepted (new: false)
[2026-09-29T22:14:01.719Z DEBUG blacksilk_p2p::net::headers] peer 3: 1 headers up to height 43 accepted (new: false)
[2026-09-29T22:14:04.523Z DEBUG blacksilk_p2p::net::headers] peer 4: 1 headers up to height 44 accepted (new: true)
[2026-09-29T22:14:04.590Z DEBUG blacksilk_p2p::net::blocks] peer 4: block d5048335656b at height 44 received
[2026-09-29T22:14:04.755Z DEBUG blacksilk_p2p::net::headers] peer 1: 1 headers up to height 44 accepted (new: false)
[2026-09-29T22:14:07.959Z DEBUG blacksilk_p2p::net::headers] peer 4: 1 headers up to height 45 accepted (new: true)
[2026-09-29T22:14:08.095Z DEBUG blacksilk_p2p::net::blocks] peer 4: block ad0c13302bc9 at height 45 received
[2026-09-29T22:14:11.316Z DEBUG blacksilk_p2p::net::headers] peer 4: 1 headers up to height 46 accepted (new: true)
[2026-09-29T22:14:11.397Z DEBUG blacksilk_p2p::net::blocks] peer 4: block bc9ca3bb9b90 at height 46 received
[2026-09-29T22:14:12.772Z DEBUG blacksilk_p2p::net::headers] peer 4: 1 headers up to height 47 accepted (new: true)
[2026-09-29T22:14:12.772Z DEBUG blacksilk_p2p::net::headers] peer 3: 1 headers up to height 46 accepted (new: false)
[2026-09-29T22:14:12.802Z DEBUG blacksilk_p2p::net::headers] peer 2: 1 headers up to height 46 accepted (new: false)
[2026-09-29T22:14:12.803Z DEBUG blacksilk_p2p::net::headers] peer 1: 1 headers up to height 46 accepted (new: false)
[2026-09-29T22:14:12.834Z DEBUG blacksilk_p2p::net::blocks] peer 4: block 01d09f841845 at height 47 received
[2026-09-29T22:14:12.956Z DEBUG blacksilk_p2p::net::headers] peer 2: 1 headers up to height 47 accepted (new: false)
[2026-09-29T22:14:13.003Z DEBUG blacksilk_p2p::net::headers] peer 3: 1 headers up to height 47 accepted (new: false)
[2026-09-29T22:14:15.739Z DEBUG blacksilk_p2p::net::headers] peer 4: 1 headers up to height 48 accepted (new: true)
[2026-09-29T22:14:15.808Z DEBUG blacksilk_p2p::net::blocks] peer 4: block bdb379fb0048 at height 48 received
[2026-09-29T22:14:15.890Z DEBUG blacksilk_p2p::net::headers] peer 3: 1 headers up to height 48 accepted (new: false)
[2026-09-29T22:14:18.655Z DEBUG blacksilk_p2p::net::headers] peer 4: 1 headers up to height 49 accepted (new: true)
[2026-09-29T22:14:18.711Z DEBUG blacksilk_p2p::net::blocks] peer 4: block 2adb09340964 at height 49 received
[2026-09-29T22:14:18.951Z DEBUG blacksilk_p2p::net::headers] peer 3: 1 headers up to height 49 accepted (new: false)
[2026-09-29T22:14:19.014Z DEBUG blacksilk_p2p::net::headers] peer 1: 1 headers up to height 49 accepted (new: false)
[2026-09-29T22:14:19.063Z DEBUG blacksilk_p2p::net::headers] peer 2: 1 headers up to height 49 accepted (new: false)
[2026-09-29T22:14:21.982Z DEBUG blacksilk_p2p::net::headers] peer 4: 1 headers up to height 50 accepted (new: true)
[2026-09-29T22:14:22.062Z DEBUG blacksilk_p2p::net::blocks] peer 4: block cee9c06bc462 at height 50 received
[2026-09-29T22:14:22.247Z DEBUG blacksilk_p2p::net::headers] peer 1: 1 headers up to height 50 accepted (new: false)
[2026-09-29T22:14:22.269Z DEBUG blacksilk_p2p::net::headers] peer 3: 1 headers up to height 50 accepted (new: false)
[2026-09-29T22:14:23.183Z DEBUG blacksilk_p2p::net::headers] peer 4: 1 headers up to height 51 accepted (new: true)
[2026-09-29T22:14:23.272Z DEBUG blacksilk_p2p::net::blocks] peer 4: block 9bb17010c912 at height 51 received
[2026-09-29T22:14:23.325Z DEBUG blacksilk_p2p::net::headers] peer 1: 1 headers up to height 51 accepted (new: false)
[2026-09-29T22:14:23.488Z DEBUG blacksilk_p2p::net::headers] peer 2: 1 headers up to height 51 accepted (new: false)
[2026-09-29T22:14:25.085Z DEBUG blacksilk_p2p::net::headers] peer 4: 1 headers up to height 52 accepted (new: true)
[2026-09-29T22:14:25.169Z DEBUG blacksilk_p2p::net::blocks] peer 4: block 7f3078cf8ee4 at height 52 received
[2026-09-29T22:14:25.212Z DEBUG blacksilk_p2p::net::headers] peer 3: 1 headers up to height 52 accepted (new: false)
[2026-09-29T22:14:25.347Z DEBUG blacksilk_p2p::net::headers] peer 2: 1 headers up to height 52 accepted (new: false)
[2026-09-29T22:14:25.473Z DEBUG blacksilk_p2p::net::headers] peer 1: 1 headers up to height 52 accepted (new: false)
[2026-09-29T22:14:26.379Z DEBUG blacksilk_p2p::net::headers] peer 4: 1 headers up to height 53 accepted (new: true)
[2026-09-29T22:14:26.442Z DEBUG blacksilk_p2p::net::blocks] peer 4: block 003904c10b03 at height 53 received
[2026-09-29T22:14:26.558Z DEBUG blacksilk_p2p::net::headers] peer 3: 1 headers up to height 53 accepted (new: false)
[2026-09-29T22:14:28.125Z DEBUG blacksilk_p2p::net::headers] peer 4: 1 headers up to height 54 accepted (new: true)
[2026-09-29T22:14:28.243Z DEBUG blacksilk_p2p::net::blocks] peer 4: block c6a30569fc08 at height 54 received
[2026-09-29T22:14:28.368Z DEBUG blacksilk_p2p::net::headers] peer 2: 1 headers up to height 54 accepted (new: false)
[2026-09-29T22:14:28.400Z DEBUG blacksilk_p2p::net::headers] peer 1: 1 headers up to height 54 accepted (new: false)
[2026-09-29T22:14:28.416Z DEBUG blacksilk_p2p::net::headers] peer 3: 1 headers up to height 54 accepted (new: false)
[2026-09-29T22:14:30.068Z DEBUG blacksilk_p2p::net::headers] peer 4: 1 headers up to height 55 accepted (new: true)
[2026-09-29T22:14:30.130Z DEBUG blacksilk_p2p::net::blocks] peer 4: block dc376193be47 at height 55 received
[2026-09-29T22:14:30.288Z DEBUG blacksilk_p2p::net::headers] peer 3: 1 headers up to height 55 accepted (new: false)
[2026-09-29T22:14:30.288Z DEBUG blacksilk_p2p::net::headers] peer 1: 1 headers up to height 55 accepted (new: false)
[2026-09-29T22:14:31.811Z DEBUG blacksilk_p2p::net::headers] peer 4: 1 headers up to height 56 accepted (new: true)
[2026-09-29T22:14:31.879Z DEBUG blacksilk_p2p::net::blocks] peer 4: block 084022620dda at height 56 received
[2026-09-29T22:14:31.901Z DEBUG blacksilk_p2p::net::headers] peer 3: 1 headers up to height 56 accepted (new: false)
[2026-09-29T22:14:31.901Z DEBUG blacksilk_p2p::net::headers] peer 1: 1 headers up to height 56 accepted (new: false)
[2026-09-29T22:14:32.012Z DEBUG blacksilk_p2p::net::headers] peer 2: 1 headers up to height 56 accepted (new: false)
[2026-09-29T22:14:33.187Z DEBUG blacksilk_p2p::net::headers] peer 4: 1 headers up to height 57 accepted (new: true)
[2026-09-29T22:14:33.249Z DEBUG blacksilk_p2p::net::blocks] peer 4: block 9668f18d074b at height 57 received
[2026-09-29T22:14:33.453Z DEBUG blacksilk_p2p::net::headers] peer 3: 1 headers up to height 57 accepted (new: false)
[2026-09-29T22:14:33.469Z DEBUG blacksilk_p2p::net::headers] peer 1: 1 headers up to height 57 accepted (new: false)
[2026-09-29T22:14:34.948Z DEBUG blacksilk_p2p::net::headers] peer 4: 1 headers up to height 58 accepted (new: true)
[2026-09-29T22:14:35.026Z DEBUG blacksilk_p2p::net::blocks] peer 4: block 0399941202c2 at height 58 received
[2026-09-29T22:14:35.059Z DEBUG blacksilk_p2p::net::headers] peer 3: 1 headers up to height 58 accepted (new: false)
[2026-09-29T22:14:35.094Z DEBUG blacksilk_p2p::net::headers] peer 1: 1 headers up to height 58 accepted (new: false)
[2026-09-29T22:14:35.170Z DEBUG blacksilk_p2p::net::headers] peer 2: 1 headers up to height 58 accepted (new: false)
[2026-09-29T22:14:36.379Z DEBUG blacksilk_p2p::net::headers] peer 4: 1 headers up to height 59 accepted (new: true)
[2026-09-29T22:14:36.441Z DEBUG blacksilk_p2p::net::blocks] peer 4: block b5afb778fa9a at height 59 received
[2026-09-29T22:14:36.540Z DEBUG blacksilk_p2p::net::headers] peer 2: 1 headers up to height 59 accepted (new: false)
[2026-09-29T22:14:36.674Z DEBUG blacksilk_p2p::net::headers] peer 3: 1 headers up to height 59 accepted (new: false)
[2026-09-29T22:14:36.707Z DEBUG blacksilk_p2p::net::headers] peer 1: 1 headers up to height 59 accepted (new: false)
[2026-09-29T22:14:37.763Z DEBUG blacksilk_p2p::net::headers] peer 4: 1 headers up to height 60 accepted (new: true)
[2026-09-29T22:14:37.814Z DEBUG blacksilk_p2p::net::blocks] peer 4: block b03e238a5ec1 at height 60 received
[2026-09-29T22:14:37.993Z DEBUG blacksilk_p2p::net::headers] peer 3: 1 headers up to height 60 accepted (new: false)
[2026-09-29T22:14:38.028Z DEBUG blacksilk_p2p::net::headers] peer 1: 1 headers up to height 60 accepted (new: false)
[2026-09-29T22:14:39.512Z DEBUG blacksilk_p2p::net::headers] peer 4: 1 headers up to height 61 accepted (new: true)
[2026-09-29T22:14:39.578Z DEBUG blacksilk_p2p::net::blocks] peer 4: block 87b02d8d1cc1 at height 61 received
[2026-09-29T22:14:39.612Z DEBUG blacksilk_p2p::net::headers] peer 1: 1 headers up to height 61 accepted (new: false)
[2026-09-29T22:14:39.636Z DEBUG blacksilk_p2p::net::headers] peer 3: 1 headers up to height 61 accepted (new: false)
[2026-09-29T22:14:39.760Z DEBUG blacksilk_p2p::net::headers] peer 2: 1 headers up to height 61 accepted (new: false)
[2026-09-29T22:14:42.063Z DEBUG blacksilk_p2p::net::headers] peer 4: 1 headers up to height 62 accepted (new: true)
[2026-09-29T22:14:42.151Z DEBUG blacksilk_p2p::net::blocks] peer 4: block 1c097b13bb1e at height 62 received
[2026-09-29T22:14:42.151Z DEBUG blacksilk_p2p::net::headers] peer 2: 1 headers up to height 62 accepted (new: false)
[2026-09-29T22:14:42.376Z DEBUG blacksilk_p2p::net::headers] peer 3: 1 headers up to height 62 accepted (new: false)
[2026-09-29T22:14:42.422Z DEBUG blacksilk_p2p::net::headers] peer 1: 1 headers up to height 62 accepted (new: false)
[2026-09-29T22:14:44.176Z DEBUG blacksilk_p2p::net::headers] peer 4: 1 headers up to height 63 accepted (new: true)
[2026-09-29T22:14:44.253Z DEBUG blacksilk_p2p::net::blocks] peer 4: block 03218b41110e at height 63 received
[2026-09-29T22:14:44.398Z DEBUG blacksilk_p2p::net::headers] peer 3: 1 headers up to height 63 accepted (new: false)
[2026-09-29T22:14:47.175Z DEBUG blacksilk_p2p::net::headers] peer 4: 1 headers up to height 64 accepted (new: true)
[2026-09-29T22:14:47.237Z DEBUG blacksilk_p2p::net::headers] peer 3: 1 headers up to height 64 accepted (new: false)
[2026-09-29T22:14:47.237Z DEBUG blacksilk_p2p::net::blocks] peer 4: block e9c93351b026 at height 64 received
[2026-09-29T22:14:47.358Z DEBUG blacksilk_p2p::net::headers] peer 1: 1 headers up to height 64 accepted (new: false)
[2026-09-29T22:14:47.540Z DEBUG blacksilk_p2p::net::headers] peer 2: 1 headers up to height 64 accepted (new: false)
[2026-09-29T22:14:49.854Z DEBUG blacksilk_p2p::net::headers] peer 4: 1 headers up to height 65 accepted (new: true)
[2026-09-29T22:14:49.907Z DEBUG blacksilk_p2p::net::blocks] peer 4: block 926dbdf2a86e at height 65 received
[2026-09-29T22:14:50.064Z DEBUG blacksilk_p2p::net::headers] peer 2: 1 headers up to height 65 accepted (new: false)
[2026-09-29T22:14:52.625Z DEBUG blacksilk_p2p::net::headers] peer 4: 1 headers up to height 66 accepted (new: true)
[2026-09-29T22:14:52.626Z DEBUG blacksilk_p2p::net::headers] peer 3: 1 headers up to height 66 accepted (new: false)
[2026-09-29T22:14:52.714Z DEBUG blacksilk_p2p::net::blocks] peer 4: block ea3b8a060efe at height 66 received
[2026-09-29T22:14:52.718Z DEBUG blacksilk_p2p::net::headers] peer 1: 1 headers up to height 66 accepted (new: false)
[2026-09-29T22:14:52.793Z DEBUG blacksilk_p2p::net::headers] peer 2: 1 headers up to height 66 accepted (new: false)
[2026-09-29T22:14:54.628Z DEBUG blacksilk_p2p::net::headers] peer 4: 1 headers up to height 67 accepted (new: true)
[2026-09-29T22:14:54.751Z DEBUG blacksilk_p2p::net::blocks] peer 4: block b70eff00dd3d at height 67 received
[2026-09-29T22:14:54.860Z DEBUG blacksilk_p2p::net::headers] peer 3: 1 headers up to height 67 accepted (new: false)
[2026-09-29T22:14:54.961Z DEBUG blacksilk_p2p::net::headers] peer 2: 1 headers up to height 67 accepted (new: false)
[2026-09-29T22:14:54.961Z DEBUG blacksilk_p2p::net::headers] peer 1: 1 headers up to height 67 accepted (new: false)
[2026-09-29T22:14:57.544Z DEBUG blacksilk_p2p::net::headers] peer 4: 1 headers up to height 68 accepted (new: true)
[2026-09-29T22:14:57.624Z DEBUG blacksilk_p2p::net::blocks] peer 4: block c1b38767ccc1 at height 68 received
[2026-09-29T22:14:57.691Z DEBUG blacksilk_p2p::net::headers] peer 1: 1 headers up to height 68 accepted (new: false)
[2026-09-29T22:15:00.511Z DEBUG blacksilk_p2p::net::headers] peer 4: 1 headers up to height 69 accepted (new: true)
[2026-09-29T22:15:00.577Z DEBUG blacksilk_p2p::net::blocks] peer 4: block 8a752ac347a7 at height 69 received
[2026-09-29T22:15:00.647Z DEBUG blacksilk_p2p::net::headers] peer 3: 1 headers up to height 69 accepted (new: false)
[2026-09-29T22:15:00.712Z DEBUG blacksilk_p2p::net::headers] peer 1: 1 headers up to height 69 accepted (new: false)
[2026-09-29T22:15:00.789Z DEBUG blacksilk_p2p::net::headers] peer 2: 1 headers up to height 69 accepted (new: false)
[2026-09-29T22:15:03.382Z DEBUG blacksilk_p2p::net::headers] peer 4: 1 headers up to height 70 accepted (new: true)
[2026-09-29T22:15:03.466Z DEBUG blacksilk_p2p::net::headers] peer 3: 1 headers up to height 70 accepted (new: false)
[2026-09-29T22:15:03.497Z DEBUG blacksilk_p2p::net::blocks] peer 4: block d61cbb5ea006 at height 70 received
[2026-09-29T22:15:03.497Z DEBUG blacksilk_p2p::net::headers] peer 2: 1 headers up to height 70 accepted (new: false)
[2026-09-29T22:15:03.514Z DEBUG blacksilk_p2p::net::headers] peer 1: 1 headers up to height 70 accepted (new: false)
[2026-09-29T22:15:05.473Z DEBUG blacksilk_p2p::net::headers] peer 4: 1 headers up to height 71 accepted (new: true)
[2026-09-29T22:15:05.569Z DEBUG blacksilk_p2p::net::blocks] peer 4: block 3697429b7e1a at height 71 received
[2026-09-29T22:15:05.669Z DEBUG blacksilk_p2p::net::headers] peer 2: 1 headers up to height 71 accepted (new: false)
[2026-09-29T22:15:05.686Z DEBUG blacksilk_p2p::net::headers] peer 3: 1 headers up to height 71 accepted (new: false)
[2026-09-29T22:15:08.410Z DEBUG blacksilk_p2p::net::headers] peer 4: 1 headers up to height 72 accepted (new: true)
[2026-09-29T22:15:08.473Z DEBUG blacksilk_p2p::net::blocks] peer 4: block 458d8ab95c10 at height 72 received
[2026-09-29T22:15:08.523Z DEBUG blacksilk_p2p::net::headers] peer 1: 1 headers up to height 72 accepted (new: false)
[2026-09-29T22:15:08.641Z DEBUG blacksilk_p2p::net::headers] peer 3: 1 headers up to height 72 accepted (new: false)
[2026-09-29T22:15:08.770Z DEBUG blacksilk_p2p::net::headers] peer 2: 1 headers up to height 72 accepted (new: false)
[2026-09-29T22:15:11.505Z DEBUG blacksilk_p2p::net::headers] peer 4: 1 headers up to height 73 accepted (new: true)
[2026-09-29T22:15:11.577Z DEBUG blacksilk_p2p::net::blocks] peer 4: block cb55a1907ee4 at height 73 received
[2026-09-29T22:15:11.765Z DEBUG blacksilk_p2p::net::headers] peer 2: 1 headers up to height 73 accepted (new: false)
[2026-09-29T22:15:11.795Z DEBUG blacksilk_p2p::net::headers] peer 3: 1 headers up to height 73 accepted (new: false)
[2026-09-29T22:15:14.136Z DEBUG blacksilk_p2p::net::headers] peer 4: 1 headers up to height 74 accepted (new: true)
[2026-09-29T22:15:14.218Z DEBUG blacksilk_p2p::net::blocks] peer 4: block 3db0b3b55f05 at height 74 received
[2026-09-29T22:15:14.336Z DEBUG blacksilk_p2p::net::headers] peer 3: 1 headers up to height 74 accepted (new: false)
[2026-09-29T22:15:14.367Z DEBUG blacksilk_p2p::net::headers] peer 1: 1 headers up to height 74 accepted (new: false)
[2026-09-29T22:15:14.367Z DEBUG blacksilk_p2p::net::headers] peer 2: 1 headers up to height 74 accepted (new: false)
[2026-09-29T22:15:16.694Z DEBUG blacksilk_p2p::net::headers] peer 4: 1 headers up to height 75 accepted (new: true)
[2026-09-29T22:15:16.784Z DEBUG blacksilk_p2p::net::blocks] peer 4: block b5471d7b9c67 at height 75 received
[2026-09-29T22:15:16.821Z DEBUG blacksilk_p2p::net::headers] peer 1: 1 headers up to height 75 accepted (new: false)
[2026-09-29T22:15:16.902Z DEBUG blacksilk_p2p::net::headers] peer 2: 1 headers up to height 75 accepted (new: false)
[2026-09-29T22:15:19.952Z DEBUG blacksilk_p2p::net::headers] peer 4: 1 headers up to height 76 accepted (new: true)
[2026-09-29T22:15:20.075Z DEBUG blacksilk_p2p::net::blocks] peer 4: block 620670299de5 at height 76 received
[2026-09-29T22:15:20.159Z DEBUG blacksilk_p2p::net::headers] peer 3: 1 headers up to height 76 accepted (new: false)
[2026-09-29T22:15:25.893Z DEBUG blacksilk_p2p::net::headers] peer 4: 1 headers up to height 77 accepted (new: true)
[2026-09-29T22:15:25.991Z DEBUG blacksilk_p2p::net::blocks] peer 4: block 813abec092f5 at height 77 received
[2026-09-29T22:15:26.017Z DEBUG blacksilk_p2p::net::headers] peer 1: 1 headers up to height 77 accepted (new: false)
[2026-09-29T22:15:26.177Z DEBUG blacksilk_p2p::net::headers] peer 2: 1 headers up to height 77 accepted (new: false)
[2026-09-29T22:15:26.193Z DEBUG blacksilk_p2p::net::headers] peer 3: 1 headers up to height 77 accepted (new: false)
[2026-09-29T22:15:29.923Z DEBUG blacksilk_p2p::net::headers] peer 4: 1 headers up to height 78 accepted (new: true)
[2026-09-29T22:15:30.021Z DEBUG blacksilk_p2p::net::blocks] peer 4: block 676bc4840345 at height 78 received
[2026-09-29T22:15:30.057Z DEBUG blacksilk_p2p::net::headers] peer 2: 1 headers up to height 78 accepted (new: false)
[2026-09-29T22:15:30.107Z DEBUG blacksilk_p2p::net::headers] peer 1: 1 headers up to height 78 accepted (new: false)
[2026-09-29T22:15:31.878Z DEBUG blacksilk_p2p::net::headers] peer 4: 1 headers up to height 79 accepted (new: true)
[2026-09-29T22:15:31.982Z DEBUG blacksilk_p2p::net::blocks] peer 4: block 1636bb867a0d at height 79 received
[2026-09-29T22:15:32.027Z DEBUG blacksilk_p2p::net::headers] peer 3: 1 headers up to height 79 accepted (new: false)
[2026-09-29T22:15:32.144Z DEBUG blacksilk_p2p::net::headers] peer 1: 1 headers up to height 79 accepted (new: false)
[2026-09-29T22:15:32.190Z DEBUG blacksilk_p2p::net::headers] peer 2: 1 headers up to height 79 accepted (new: false)
[2026-09-29T22:15:34.996Z DEBUG blacksilk_p2p::net::headers] peer 4: 1 headers up to height 80 accepted (new: true)
[2026-09-29T22:15:35.059Z DEBUG blacksilk_p2p::net::blocks] peer 4: block db3f2eb453b7 at height 80 received
[2026-09-29T22:15:35.123Z DEBUG blacksilk_p2p::net::headers] peer 1: 1 headers up to height 80 accepted (new: false)
[2026-09-29T22:15:35.195Z DEBUG blacksilk_p2p::net::headers] peer 2: 1 headers up to height 80 accepted (new: false)
[2026-09-29T22:15:38.208Z DEBUG blacksilk_p2p::net::headers] peer 4: 1 headers up to height 81 accepted (new: true)
[2026-09-29T22:15:38.286Z DEBUG blacksilk_p2p::net::blocks] peer 4: block 87883070e09d at height 81 received
[2026-09-29T22:15:38.386Z DEBUG blacksilk_p2p::net::headers] peer 3: 1 headers up to height 81 accepted (new: false)
[2026-09-29T22:15:38.570Z DEBUG blacksilk_p2p::net::headers] peer 2: 1 headers up to height 81 accepted (new: false)
[2026-09-29T22:15:38.621Z DEBUG blacksilk_p2p::net::headers] peer 1: 1 headers up to height 81 accepted (new: false)
[2026-09-29T22:15:40.999Z DEBUG blacksilk_p2p::net::headers] peer 4: 1 headers up to height 82 accepted (new: true)
[2026-09-29T22:15:41.117Z DEBUG blacksilk_p2p::net::blocks] peer 4: block e92812cead0e at height 82 received
[2026-09-29T22:15:43.340Z DEBUG blacksilk_p2p::net::headers] peer 4: 1 headers up to height 83 accepted (new: true)
[2026-09-29T22:15:43.341Z DEBUG blacksilk_p2p::net::headers] peer 1: 1 headers up to height 82 accepted (new: false)
[2026-09-29T22:15:43.341Z DEBUG blacksilk_p2p::net::headers] peer 2: 1 headers up to height 82 accepted (new: false)
[2026-09-29T22:15:43.341Z DEBUG blacksilk_p2p::net::headers] peer 3: 1 headers up to height 82 accepted (new: false)
[2026-09-29T22:15:43.478Z DEBUG blacksilk_p2p::net::blocks] peer 4: block b278f4c5cb4b at height 83 received
[2026-09-29T22:15:43.629Z DEBUG blacksilk_p2p::net::headers] peer 2: 1 headers up to height 83 accepted (new: false)
[2026-09-29T22:15:43.629Z DEBUG blacksilk_p2p::net::headers] peer 1: 1 headers up to height 83 accepted (new: false)
[2026-09-29T22:15:43.629Z DEBUG blacksilk_p2p::net::headers] peer 3: 1 headers up to height 83 accepted (new: false)
[2026-09-29T22:15:46.456Z DEBUG blacksilk_p2p::net::headers] peer 4: 1 headers up to height 84 accepted (new: true)
[2026-09-29T22:15:46.533Z DEBUG blacksilk_p2p::net::blocks] peer 4: block 8a727d5a228f at height 84 received
[2026-09-29T22:15:46.666Z DEBUG blacksilk_p2p::net::headers] peer 2: 1 headers up to height 84 accepted (new: false)
[2026-09-29T22:15:46.715Z DEBUG blacksilk_p2p::net::headers] peer 1: 1 headers up to height 84 accepted (new: false)
[2026-09-29T22:15:46.732Z DEBUG blacksilk_p2p::net::headers] peer 3: 1 headers up to height 84 accepted (new: false)
[2026-09-29T22:15:49.782Z DEBUG blacksilk_p2p::net::headers] peer 4: 1 headers up to height 85 accepted (new: true)
[2026-09-29T22:15:49.888Z DEBUG blacksilk_p2p::net::blocks] peer 4: block 16029e033151 at height 85 received
[2026-09-29T22:15:49.975Z DEBUG blacksilk_p2p::net::headers] peer 1: 1 headers up to height 85 accepted (new: false)
[2026-09-29T22:15:50.004Z DEBUG blacksilk_p2p::net::headers] peer 2: 1 headers up to height 85 accepted (new: false)
[2026-09-29T22:15:50.171Z DEBUG blacksilk_p2p::net::headers] peer 3: 1 headers up to height 85 accepted (new: false)
[2026-09-29T22:15:53.246Z DEBUG blacksilk_p2p::net::headers] peer 4: 1 headers up to height 86 accepted (new: true)
[2026-09-29T22:15:53.298Z DEBUG blacksilk_p2p::net::blocks] peer 4: block be14c75fdafa at height 86 received
[2026-09-29T22:15:53.358Z DEBUG blacksilk_p2p::net::headers] peer 2: 1 headers up to height 86 accepted (new: false)
[2026-09-29T22:15:53.493Z DEBUG blacksilk_p2p::net::headers] peer 3: 1 headers up to height 86 accepted (new: false)
[2026-09-29T22:15:55.720Z DEBUG blacksilk_p2p::net::headers] peer 4: 1 headers up to height 87 accepted (new: true)
[2026-09-29T22:15:55.803Z DEBUG blacksilk_p2p::net::blocks] peer 4: block a5d371952868 at height 87 received
[2026-09-29T22:15:55.968Z DEBUG blacksilk_p2p::net::headers] peer 1: 1 headers up to height 87 accepted (new: false)
[2026-09-29T22:15:55.968Z DEBUG blacksilk_p2p::net::headers] peer 2: 1 headers up to height 87 accepted (new: false)
[2026-09-29T22:15:55.968Z DEBUG blacksilk_p2p::net::headers] peer 3: 1 headers up to height 87 accepted (new: false)
[2026-09-29T22:15:59.322Z DEBUG blacksilk_p2p::net::headers] peer 4: 1 headers up to height 88 accepted (new: true)
[2026-09-29T22:15:59.401Z DEBUG blacksilk_p2p::net::blocks] peer 4: block 6feea0d77970 at height 88 received
[2026-09-29T22:15:59.469Z DEBUG blacksilk_p2p::net::headers] peer 2: 1 headers up to height 88 accepted (new: false)
[2026-09-29T22:15:59.587Z DEBUG blacksilk_p2p::net::headers] peer 3: 1 headers up to height 88 accepted (new: false)
[2026-09-29T22:15:59.587Z DEBUG blacksilk_p2p::net::headers] peer 1: 1 headers up to height 88 accepted (new: false)
[2026-09-29T22:16:02.326Z DEBUG blacksilk_p2p::net::headers] peer 4: 1 headers up to height 89 accepted (new: true)
[2026-09-29T22:16:02.405Z DEBUG blacksilk_p2p::net::blocks] peer 4: block db4840736ed4 at height 89 received
[2026-09-29T22:16:02.405Z DEBUG blacksilk_p2p::net::headers] peer 1: 1 headers up to height 89 accepted (new: false)
[2026-09-29T22:16:02.590Z DEBUG blacksilk_p2p::net::headers] peer 3: 1 headers up to height 89 accepted (new: false)
[2026-09-29T22:16:02.658Z DEBUG blacksilk_p2p::net::headers] peer 2: 1 headers up to height 89 accepted (new: false)
[2026-09-29T22:16:07.301Z DEBUG blacksilk_p2p::net::headers] peer 4: 1 headers up to height 90 accepted (new: true)
[2026-09-29T22:16:07.364Z DEBUG blacksilk_p2p::net::blocks] peer 4: block dc8af2c76f5b at height 90 received
[2026-09-29T22:16:11.455Z DEBUG blacksilk_p2p::net::headers] peer 4: 1 headers up to height 91 accepted (new: true)
[2026-09-29T22:16:11.499Z DEBUG blacksilk_p2p::net::blocks] peer 4: block c685f99f690f at height 91 received
[2026-09-29T22:16:11.612Z DEBUG blacksilk_p2p::net::headers] peer 1: 1 headers up to height 91 accepted (new: false)
[2026-09-29T22:16:14.408Z DEBUG blacksilk_p2p::net::headers] peer 4: 1 headers up to height 92 accepted (new: true)
[2026-09-29T22:16:14.494Z DEBUG blacksilk_p2p::net::blocks] peer 4: block 026aaa2c12da at height 92 received
[2026-09-29T22:16:14.588Z DEBUG blacksilk_p2p::net::headers] peer 3: 1 headers up to height 92 accepted (new: false)
[2026-09-29T22:16:14.626Z DEBUG blacksilk_p2p::net::headers] peer 2: 1 headers up to height 92 accepted (new: false)
[2026-09-29T22:16:14.694Z DEBUG blacksilk_p2p::net::headers] peer 1: 1 headers up to height 92 accepted (new: false)
[2026-09-29T22:16:17.471Z DEBUG blacksilk_p2p::net::headers] peer 4: 1 headers up to height 93 accepted (new: true)
[2026-09-29T22:16:17.565Z DEBUG blacksilk_p2p::net::blocks] peer 4: block 64b253e2f0ec at height 93 received
[2026-09-29T22:16:23.025Z DEBUG blacksilk_p2p::net::headers] peer 4: 1 headers up to height 94 accepted (new: true)
[2026-09-29T22:16:23.090Z DEBUG blacksilk_p2p::net::blocks] peer 4: block cc2e1caeae28 at height 94 received
[2026-09-29T22:16:24.757Z DEBUG blacksilk_p2p::net::headers] peer 4: 1 headers up to height 95 accepted (new: true)
[2026-09-29T22:16:24.757Z DEBUG blacksilk_p2p::net::headers] peer 3: 1 headers up to height 94 accepted (new: false)
[2026-09-29T22:16:24.757Z DEBUG blacksilk_p2p::net::headers] peer 1: 1 headers up to height 94 accepted (new: false)
[2026-09-29T22:16:24.757Z DEBUG blacksilk_p2p::net::headers] peer 2: 1 headers up to height 94 accepted (new: false)
[2026-09-29T22:16:24.841Z DEBUG blacksilk_p2p::net::blocks] peer 4: block 8c64b54f6aa1 at height 95 received
[2026-09-29T22:16:24.989Z DEBUG blacksilk_p2p::net::headers] peer 1: 1 headers up to height 95 accepted (new: false)
[2026-09-29T22:16:25.004Z DEBUG blacksilk_p2p::net::headers] peer 3: 1 headers up to height 95 accepted (new: false)
[2026-09-29T22:16:25.058Z DEBUG blacksilk_p2p::net::headers] peer 2: 1 headers up to height 95 accepted (new: false)
[2026-09-29T22:16:29.016Z DEBUG blacksilk_p2p::net::headers] peer 4: 1 headers up to height 96 accepted (new: true)
[2026-09-29T22:16:29.098Z DEBUG blacksilk_p2p::net::blocks] peer 4: block d864403e9e18 at height 96 received
[2026-09-29T22:16:29.098Z DEBUG blacksilk_p2p::net::headers] peer 3: 1 headers up to height 96 accepted (new: false)
[2026-09-29T22:16:29.167Z DEBUG blacksilk_p2p::net::headers] peer 2: 1 headers up to height 96 accepted (new: false)
[2026-09-29T22:16:29.397Z DEBUG blacksilk_p2p::net::headers] peer 1: 1 headers up to height 96 accepted (new: false)
[2026-09-29T22:16:31.542Z DEBUG blacksilk_p2p::net::headers] peer 4: 1 headers up to height 97 accepted (new: true)
[2026-09-29T22:16:31.653Z DEBUG blacksilk_p2p::net::blocks] peer 4: block 231df76ecba7 at height 97 received
[2026-09-29T22:16:31.718Z DEBUG blacksilk_p2p::net::headers] peer 2: 1 headers up to height 97 accepted (new: false)
[2026-09-29T22:16:31.799Z DEBUG blacksilk_p2p::net::headers] peer 3: 1 headers up to height 97 accepted (new: false)
[2026-09-29T22:16:31.834Z DEBUG blacksilk_p2p::net::headers] peer 1: 1 headers up to height 97 accepted (new: false)
[2026-09-29T22:16:34.108Z DEBUG blacksilk_p2p::net::headers] peer 4: 1 headers up to height 98 accepted (new: true)
[2026-09-29T22:16:34.172Z DEBUG blacksilk_p2p::net::blocks] peer 4: block 657aa712f5a9 at height 98 received
[2026-09-29T22:16:34.242Z DEBUG blacksilk_p2p::net::headers] peer 3: 1 headers up to height 98 accepted (new: false)
[2026-09-29T22:16:34.357Z DEBUG blacksilk_p2p::net::headers] peer 1: 1 headers up to height 98 accepted (new: false)
[2026-09-29T22:16:34.388Z DEBUG blacksilk_p2p::net::headers] peer 2: 1 headers up to height 98 accepted (new: false)
[2026-09-29T22:16:36.408Z DEBUG blacksilk_p2p::net::headers] peer 4: 1 headers up to height 99 accepted (new: true)
[2026-09-29T22:16:36.494Z DEBUG blacksilk_p2p::net::blocks] peer 4: block a1288ba33cb5 at height 99 received
[2026-09-29T22:16:36.607Z DEBUG blacksilk_p2p::net::headers] peer 2: 1 headers up to height 99 accepted (new: false)
[2026-09-29T22:16:36.607Z DEBUG blacksilk_p2p::net::headers] peer 1: 1 headers up to height 99 accepted (new: false)
[2026-09-29T22:16:36.689Z DEBUG blacksilk_p2p::net::headers] peer 3: 1 headers up to height 99 accepted (new: false)
[2026-09-29T22:16:41.744Z DEBUG blacksilk_p2p::net::headers] peer 4: 1 headers up to height 100 accepted (new: true)
[2026-09-29T22:16:41.818Z DEBUG blacksilk_p2p::net::blocks] peer 4: block 0d8a90f53116 at height 100 received
[2026-09-29T22:16:41.903Z DEBUG blacksilk_p2p::net::headers] peer 3: 1 headers up to height 100 accepted (new: false)
[2026-09-29T22:16:42.003Z DEBUG blacksilk_p2p::net::headers] peer 2: 1 headers up to height 100 accepted (new: false)
[2026-09-29T22:16:42.062Z DEBUG blacksilk_p2p::net::headers] peer 1: 1 headers up to height 100 accepted (new: false)
[2026-09-29T22:16:45.212Z DEBUG blacksilk_p2p::net::headers] peer 4: 1 headers up to height 101 accepted (new: true)
[2026-09-29T22:16:45.354Z DEBUG blacksilk_p2p::net::blocks] peer 4: block d2a9f2f7779a at height 101 received
[2026-09-29T22:16:45.459Z DEBUG blacksilk_p2p::net::headers] peer 3: 1 headers up to height 101 accepted (new: false)
[2026-09-29T22:16:55.855Z DEBUG blacksilk_p2p::net::headers] peer 4: 1 headers up to height 102 accepted (new: true)
[2026-09-29T22:16:55.933Z DEBUG blacksilk_p2p::net::blocks] peer 4: block b5d1d9634395 at height 102 received
[2026-09-29T22:16:59.132Z DEBUG blacksilk_p2p::net::headers] peer 4: 1 headers up to height 103 accepted (new: true)
[2026-09-29T22:16:59.200Z DEBUG blacksilk_p2p::net::blocks] peer 4: block e2669591d486 at height 103 received
[2026-09-29T22:16:59.527Z DEBUG blacksilk_p2p::net::headers] peer 3: 1 headers up to height 103 accepted (new: false)
[2026-09-29T22:16:59.597Z DEBUG blacksilk_p2p::net::headers] peer 1: 1 headers up to height 103 accepted (new: false)
[2026-09-29T22:17:01.673Z DEBUG blacksilk_p2p::net::headers] peer 4: 1 headers up to height 104 accepted (new: true)
[2026-09-29T22:17:01.737Z DEBUG blacksilk_p2p::net::blocks] peer 4: block 7aea3b9eebe8 at height 104 received
[2026-09-29T22:17:01.958Z DEBUG blacksilk_p2p::net::headers] peer 1: 1 headers up to height 104 accepted (new: false)
[2026-09-29T22:17:01.984Z DEBUG blacksilk_p2p::net::headers] peer 3: 1 headers up to height 104 accepted (new: false)
[2026-09-29T22:17:04.215Z DEBUG blacksilk_p2p::net::headers] peer 4: 1 headers up to height 105 accepted (new: true)
[2026-09-29T22:17:04.245Z DEBUG blacksilk_p2p::net::headers] peer 3: 1 headers up to height 105 accepted (new: false)
[2026-09-29T22:17:04.288Z DEBUG blacksilk_p2p::net::blocks] peer 4: block 0d90478427ba at height 105 received
[2026-09-29T22:17:04.504Z DEBUG blacksilk_p2p::net::headers] peer 1: 1 headers up to height 105 accepted (new: false)
[2026-09-29T22:17:06.576Z DEBUG blacksilk_p2p::net::headers] peer 4: 1 headers up to height 106 accepted (new: true)
[2026-09-29T22:17:06.642Z DEBUG blacksilk_p2p::net::blocks] peer 4: block 33c4b5b98cc9 at height 106 received
[2026-09-29T22:17:06.657Z DEBUG blacksilk_p2p::net::headers] peer 3: 1 headers up to height 106 accepted (new: false)
[2026-09-29T22:17:08.255Z DEBUG blacksilk_p2p::net::headers] peer 4: 1 headers up to height 107 accepted (new: true)
[2026-09-29T22:17:08.255Z DEBUG blacksilk_p2p::net::headers] peer 2: 1 headers up to height 106 accepted (new: false)
[2026-09-29T22:17:08.255Z DEBUG blacksilk_p2p::net::headers] peer 1: 1 headers up to height 106 accepted (new: false)
[2026-09-29T22:17:08.310Z DEBUG blacksilk_p2p::net::headers] peer 3: 1 headers up to height 107 accepted (new: false)
[2026-09-29T22:17:08.326Z DEBUG blacksilk_p2p::net::blocks] peer 4: block cf4460628ad4 at height 107 received
[2026-09-29T22:17:10.695Z DEBUG blacksilk_p2p::net::headers] peer 4: 1 headers up to height 108 accepted (new: true)
[2026-09-29T22:17:10.768Z DEBUG blacksilk_p2p::net::blocks] peer 4: block 2275de2dae7b at height 108 received
[2026-09-29T22:17:13.491Z DEBUG blacksilk_p2p::net::headers] peer 4: 1 headers up to height 109 accepted (new: true)
[2026-09-29T22:17:13.551Z DEBUG blacksilk_p2p::net::blocks] peer 4: block 9c9a70c7d768 at height 109 received
[2026-09-29T22:17:13.616Z DEBUG blacksilk_p2p::net::headers] peer 1: 1 headers up to height 109 accepted (new: false)
[2026-09-29T22:17:13.669Z DEBUG blacksilk_p2p::net::headers] peer 2: 1 headers up to height 109 accepted (new: false)
[2026-09-29T22:17:13.867Z DEBUG blacksilk_p2p::net::headers] peer 3: 1 headers up to height 109 accepted (new: false)
[2026-09-29T22:17:21.310Z DEBUG blacksilk_p2p::net::headers] peer 4: 1 headers up to height 110 accepted (new: true)
[2026-09-29T22:17:21.448Z DEBUG blacksilk_p2p::net::blocks] peer 4: block f6f1b249679f at height 110 received
[2026-09-29T22:17:21.580Z DEBUG blacksilk_p2p::net::headers] peer 2: 1 headers up to height 110 accepted (new: false)
[2026-09-29T22:17:21.598Z DEBUG blacksilk_p2p::net::headers] peer 3: 1 headers up to height 110 accepted (new: false)
[2026-09-29T22:17:23.359Z DEBUG blacksilk_p2p::net::headers] peer 4: 1 headers up to height 111 accepted (new: true)
[2026-09-29T22:17:23.437Z DEBUG blacksilk_p2p::net::blocks] peer 4: block 621b38158045 at height 111 received
[2026-09-29T22:17:23.484Z DEBUG blacksilk_p2p::net::headers] peer 3: 1 headers up to height 111 accepted (new: false)
[2026-09-29T22:17:23.552Z DEBUG blacksilk_p2p::net::headers] peer 1: 1 headers up to height 111 accepted (new: false)
[2026-09-29T22:17:23.786Z DEBUG blacksilk_p2p::net::headers] peer 2: 1 headers up to height 111 accepted (new: false)
[2026-09-29T22:17:28.006Z DEBUG blacksilk_p2p::net::headers] peer 4: 1 headers up to height 112 accepted (new: true)
[2026-09-29T22:17:28.067Z DEBUG blacksilk_p2p::net::blocks] peer 4: block 111f519a3d5e at height 112 received
[2026-09-29T22:17:28.139Z DEBUG blacksilk_p2p::net::headers] peer 2: 1 headers up to height 112 accepted (new: false)
[2026-09-29T22:17:28.291Z DEBUG blacksilk_p2p::net::headers] peer 1: 1 headers up to height 112 accepted (new: false)
[2026-09-29T22:17:32.184Z DEBUG blacksilk_p2p::net::headers] peer 4: 1 headers up to height 113 accepted (new: true)
[2026-09-29T22:17:32.294Z DEBUG blacksilk_p2p::net::blocks] peer 4: block 91e12ef8ff7c at height 113 received
[2026-09-29T22:17:32.390Z DEBUG blacksilk_p2p::net::headers] peer 1: 1 headers up to height 113 accepted (new: false)
[2026-09-29T22:17:32.465Z DEBUG blacksilk_p2p::net::headers] peer 3: 1 headers up to height 113 accepted (new: false)
[2026-09-29T22:17:32.630Z DEBUG blacksilk_p2p::net::headers] peer 2: 1 headers up to height 113 accepted (new: false)
[2026-09-29T22:17:36.263Z DEBUG blacksilk_p2p::net::headers] peer 4: 1 headers up to height 114 accepted (new: true)
[2026-09-29T22:17:36.344Z DEBUG blacksilk_p2p::net::blocks] peer 4: block a0b764015ac5 at height 114 received
[2026-09-29T22:17:36.437Z DEBUG blacksilk_p2p::net::headers] peer 1: 1 headers up to height 114 accepted (new: false)
[2026-09-29T22:17:36.538Z DEBUG blacksilk_p2p::net::headers] peer 3: 1 headers up to height 114 accepted (new: false)
[2026-09-29T22:17:36.723Z DEBUG blacksilk_p2p::net::headers] peer 2: 1 headers up to height 114 accepted (new: false)
[2026-09-29T22:17:39.722Z DEBUG blacksilk_p2p::net::headers] peer 4: 1 headers up to height 115 accepted (new: true)
[2026-09-29T22:17:39.781Z DEBUG blacksilk_p2p::net::blocks] peer 4: block 1eaa7a33985e at height 115 received
[2026-09-29T22:17:39.974Z DEBUG blacksilk_p2p::net::headers] peer 2: 1 headers up to height 115 accepted (new: false)
[2026-09-29T22:17:43.004Z DEBUG blacksilk_p2p::net::headers] peer 4: 1 headers up to height 116 accepted (new: true)
[2026-09-29T22:17:43.072Z DEBUG blacksilk_p2p::net::blocks] peer 4: block 35c249ca0731 at height 116 received
[2026-09-29T22:17:43.265Z DEBUG blacksilk_p2p::net::headers] peer 2: 1 headers up to height 116 accepted (new: false)
[2026-09-29T22:17:43.359Z DEBUG blacksilk_p2p::net::headers] peer 3: 1 headers up to height 116 accepted (new: false)
[2026-09-29T22:17:43.360Z DEBUG blacksilk_p2p::net::headers] peer 1: 1 headers up to height 116 accepted (new: false)
[2026-09-29T22:17:46.062Z DEBUG blacksilk_p2p::net::headers] peer 4: 1 headers up to height 117 accepted (new: true)
[2026-09-29T22:17:46.136Z DEBUG blacksilk_p2p::net::blocks] peer 4: block 3b676410c895 at height 117 received
[2026-09-29T22:17:48.874Z DEBUG blacksilk_p2p::net::headers] peer 4: 1 headers up to height 118 accepted (new: true)
[2026-09-29T22:17:48.974Z DEBUG blacksilk_p2p::net::blocks] peer 4: block 9c9a41285703 at height 118 received
[2026-09-29T22:17:49.174Z DEBUG blacksilk_p2p::net::headers] peer 3: 1 headers up to height 118 accepted (new: false)
[2026-09-29T22:17:49.226Z DEBUG blacksilk_p2p::net::headers] peer 2: 1 headers up to height 118 accepted (new: false)
[2026-09-29T22:17:49.258Z DEBUG blacksilk_p2p::net::headers] peer 1: 1 headers up to height 118 accepted (new: false)
[2026-09-29T22:17:57.701Z DEBUG blacksilk_p2p::net::headers] peer 4: 1 headers up to height 119 accepted (new: true)
[2026-09-29T22:17:57.766Z DEBUG blacksilk_p2p::net::blocks] peer 4: block 775fbb47df79 at height 119 received
[2026-09-29T22:17:57.905Z DEBUG blacksilk_p2p::net::headers] peer 2: 1 headers up to height 119 accepted (new: false)
[2026-09-29T22:17:58.027Z DEBUG blacksilk_p2p::net::headers] peer 1: 1 headers up to height 119 accepted (new: false)
[2026-09-29T22:18:00.198Z DEBUG blacksilk_p2p::net::headers] peer 4: 1 headers up to height 120 accepted (new: true)
[2026-09-29T22:18:00.274Z DEBUG blacksilk_p2p::net::blocks] peer 4: block b8e2bc583265 at height 120 received
[2026-09-29T22:18:00.420Z DEBUG blacksilk_p2p::net::headers] peer 2: 1 headers up to height 120 accepted (new: false)
[2026-09-29T22:18:02.764Z DEBUG blacksilk_p2p::net::headers] peer 4: 1 headers up to height 121 accepted (new: true)
[2026-09-29T22:18:02.852Z DEBUG blacksilk_p2p::net::blocks] peer 4: block ae623e5fe557 at height 121 received
[2026-09-29T22:18:02.949Z DEBUG blacksilk_p2p::net::headers] peer 2: 1 headers up to height 121 accepted (new: false)
[2026-09-29T22:18:07.086Z DEBUG blacksilk_p2p::net::headers] peer 4: 1 headers up to height 122 accepted (new: true)
[2026-09-29T22:18:07.151Z DEBUG blacksilk_p2p::net::blocks] peer 4: block 255a5e210177 at height 122 received
[2026-09-29T22:18:07.240Z DEBUG blacksilk_p2p::net::headers] peer 3: 1 headers up to height 122 accepted (new: false)
[2026-09-29T22:18:07.270Z DEBUG blacksilk_p2p::net::headers] peer 1: 1 headers up to height 122 accepted (new: false)
[2026-09-29T22:18:07.318Z DEBUG blacksilk_p2p::net::headers] peer 2: 1 headers up to height 122 accepted (new: false)
[2026-09-29T22:18:11.495Z DEBUG blacksilk_p2p::net::headers] peer 4: 1 headers up to height 123 accepted (new: true)
[2026-09-29T22:18:11.576Z DEBUG blacksilk_p2p::net::blocks] peer 4: block 8ddcdec5c568 at height 123 received
[2026-09-29T22:18:14.959Z DEBUG blacksilk_p2p::net::headers] peer 4: 1 headers up to height 124 accepted (new: true)
[2026-09-29T22:18:15.036Z DEBUG blacksilk_p2p::net::blocks] peer 4: block a342df9c112a at height 124 received
[2026-09-29T22:18:15.152Z DEBUG blacksilk_p2p::net::headers] peer 3: 1 headers up to height 124 accepted (new: false)
[2026-09-29T22:18:15.263Z DEBUG blacksilk_p2p::net::headers] peer 1: 1 headers up to height 124 accepted (new: false)
[2026-09-29T22:18:18.274Z DEBUG blacksilk_p2p::net::headers] peer 4: 1 headers up to height 125 accepted (new: true)
[2026-09-29T22:18:18.274Z DEBUG blacksilk_p2p::net::headers] peer 1: 1 headers up to height 125 accepted (new: false)
[2026-09-29T22:18:18.342Z DEBUG blacksilk_p2p::net::blocks] peer 4: block 45fcec4dc366 at height 125 received
[2026-09-29T22:18:18.470Z DEBUG blacksilk_p2p::net::headers] peer 2: 1 headers up to height 125 accepted (new: false)
[2026-09-29T22:18:18.541Z DEBUG blacksilk_p2p::net::headers] peer 3: 1 headers up to height 125 accepted (new: false)
[2026-09-29T22:18:26.874Z DEBUG blacksilk_p2p::net::headers] peer 4: 1 headers up to height 126 accepted (new: true)
[2026-09-29T22:18:27.005Z DEBUG blacksilk_p2p::net::blocks] peer 4: block c416d1c35bac at height 126 received
[2026-09-29T22:18:27.249Z DEBUG blacksilk_p2p::net::headers] peer 1: 1 headers up to height 126 accepted (new: false)
[2026-09-29T22:18:27.283Z DEBUG blacksilk_p2p::net::headers] peer 3: 1 headers up to height 126 accepted (new: false)
[2026-09-29T22:18:27.283Z DEBUG blacksilk_p2p::net::headers] peer 2: 1 headers up to height 126 accepted (new: false)
[2026-09-29T22:18:39.392Z DEBUG blacksilk_p2p::net::headers] peer 4: 1 headers up to height 127 accepted (new: true)
[2026-09-29T22:18:39.470Z DEBUG blacksilk_p2p::net::blocks] peer 4: block 423a3bc3f38d at height 127 received
[2026-09-29T22:18:39.621Z DEBUG blacksilk_p2p::net::headers] peer 2: 1 headers up to height 127 accepted (new: false)
[2026-09-29T22:18:43.511Z DEBUG blacksilk_p2p::net::headers] peer 4: 1 headers up to height 128 accepted (new: true)
[2026-09-29T22:18:43.576Z DEBUG blacksilk_p2p::net::blocks] peer 4: block 2f84562a0944 at height 128 received
[2026-09-29T22:18:43.872Z DEBUG blacksilk_p2p::net::headers] peer 2: 1 headers up to height 128 accepted (new: false)
[2026-09-29T22:18:45.850Z DEBUG blacksilk_p2p::net::headers] peer 4: 1 headers up to height 129 accepted (new: true)
[2026-09-29T22:18:45.921Z DEBUG blacksilk_p2p::net::blocks] peer 4: block 42149cb57043 at height 129 received
[2026-09-29T22:18:45.981Z DEBUG blacksilk_p2p::net::headers] peer 2: 1 headers up to height 129 accepted (new: false)
[2026-09-29T22:18:45.999Z DEBUG blacksilk_p2p::net::headers] peer 1: 1 headers up to height 129 accepted (new: false)
[2026-09-29T22:18:46.088Z DEBUG blacksilk_p2p::net::headers] peer 3: 1 headers up to height 129 accepted (new: false)
[2026-09-29T22:18:48.492Z DEBUG blacksilk_p2p::net::headers] peer 4: 1 headers up to height 130 accepted (new: true)
[2026-09-29T22:18:48.568Z DEBUG blacksilk_p2p::net::blocks] peer 4: block 02d9ea5116f2 at height 130 received
[2026-09-29T22:18:48.626Z DEBUG blacksilk_p2p::net::headers] peer 1: 1 headers up to height 130 accepted (new: false)
[2026-09-29T22:18:48.741Z DEBUG blacksilk_p2p::net::headers] peer 3: 1 headers up to height 130 accepted (new: false)
[2026-09-29T22:18:48.843Z DEBUG blacksilk_p2p::net::headers] peer 2: 1 headers up to height 130 accepted (new: false)
[2026-09-29T22:18:51.861Z DEBUG blacksilk_p2p::net::headers] peer 4: 1 headers up to height 131 accepted (new: true)
[2026-09-29T22:18:51.922Z DEBUG blacksilk_p2p::net::blocks] peer 4: block a86ca2a2bf89 at height 131 received
[2026-09-29T22:18:52.008Z DEBUG blacksilk_p2p::net::headers] peer 1: 1 headers up to height 131 accepted (new: false)
[2026-09-29T22:18:52.008Z DEBUG blacksilk_p2p::net::headers] peer 2: 1 headers up to height 131 accepted (new: false)
[2026-09-29T22:18:54.481Z DEBUG blacksilk_p2p::net::headers] peer 4: 1 headers up to height 132 accepted (new: true)
[2026-09-29T22:18:54.544Z DEBUG blacksilk_p2p::net::blocks] peer 4: block 77bc6420de2d at height 132 received
[2026-09-29T22:18:54.645Z DEBUG blacksilk_p2p::net::headers] peer 2: 1 headers up to height 132 accepted (new: false)
[2026-09-29T22:18:54.645Z DEBUG blacksilk_p2p::net::headers] peer 1: 1 headers up to height 132 accepted (new: false)
[2026-09-29T22:18:59.380Z DEBUG blacksilk_p2p::net::headers] peer 4: 1 headers up to height 133 accepted (new: true)
[2026-09-29T22:18:59.444Z DEBUG blacksilk_p2p::net::blocks] peer 4: block 96c28d777f2a at height 133 received
[2026-09-29T22:18:59.585Z DEBUG blacksilk_p2p::net::headers] peer 1: 1 headers up to height 133 accepted (new: false)
[2026-09-29T22:18:59.585Z DEBUG blacksilk_p2p::net::headers] peer 2: 1 headers up to height 133 accepted (new: false)
[2026-09-29T22:19:03.548Z DEBUG blacksilk_p2p::net::headers] peer 4: 1 headers up to height 134 accepted (new: true)
[2026-09-29T22:19:03.615Z DEBUG blacksilk_p2p::net::blocks] peer 4: block 05767202cba9 at height 134 received
[2026-09-29T22:19:03.777Z DEBUG blacksilk_p2p::net::headers] peer 1: 1 headers up to height 134 accepted (new: false)
[2026-09-29T22:19:03.777Z DEBUG blacksilk_p2p::net::headers] peer 2: 1 headers up to height 134 accepted (new: false)
[2026-09-29T22:19:06.223Z DEBUG blacksilk_p2p::net::headers] peer 4: 1 headers up to height 135 accepted (new: true)
[2026-09-29T22:19:06.290Z DEBUG blacksilk_p2p::net::blocks] peer 4: block b91226c9f308 at height 135 received
[2026-09-29T22:19:06.410Z DEBUG blacksilk_p2p::net::headers] peer 2: 1 headers up to height 135 accepted (new: false)
[2026-09-29T22:19:06.410Z DEBUG blacksilk_p2p::net::headers] peer 1: 1 headers up to height 135 accepted (new: false)
[2026-09-29T22:19:08.085Z DEBUG blacksilk_p2p::net::headers] peer 4: 1 headers up to height 136 accepted (new: true)
[2026-09-29T22:19:08.164Z DEBUG blacksilk_p2p::net::blocks] peer 4: block 561a4f9b785f at height 136 received
[2026-09-29T22:19:10.132Z DEBUG blacksilk_p2p::net::headers] peer 4: 1 headers up to height 137 accepted (new: true)
[2026-09-29T22:19:10.200Z DEBUG blacksilk_p2p::net::blocks] peer 4: block 0b7b8ac04645 at height 137 received
[2026-09-29T22:19:10.295Z DEBUG blacksilk_p2p::net::headers] peer 2: 1 headers up to height 137 accepted (new: false)
[2026-09-29T22:19:10.295Z DEBUG blacksilk_p2p::net::headers] peer 1: 1 headers up to height 137 accepted (new: false)
[2026-09-29T22:19:11.181Z DEBUG blacksilk_p2p::net::headers] peer 4: 1 headers up to height 138 accepted (new: true)
[2026-09-29T22:19:11.237Z DEBUG blacksilk_p2p::net::blocks] peer 4: block 659af4985707 at height 138 received
[2026-09-29T22:19:11.351Z DEBUG blacksilk_p2p::net::headers] peer 1: 1 headers up to height 138 accepted (new: false)
[2026-09-29T22:19:11.351Z DEBUG blacksilk_p2p::net::headers] peer 2: 1 headers up to height 138 accepted (new: false)
[2026-09-29T22:19:13.825Z DEBUG blacksilk_p2p::net::headers] peer 4: 1 headers up to height 139 accepted (new: true)
[2026-09-29T22:19:13.891Z DEBUG blacksilk_p2p::net::blocks] peer 4: block a56963a21f55 at height 139 received
[2026-09-29T22:19:13.998Z DEBUG blacksilk_p2p::net::headers] peer 1: 1 headers up to height 139 accepted (new: false)
[2026-09-29T22:19:13.998Z DEBUG blacksilk_p2p::net::headers] peer 2: 1 headers up to height 139 accepted (new: false)
[2026-09-29T22:19:18.624Z DEBUG blacksilk_p2p::net::headers] peer 4: 1 headers up to height 140 accepted (new: true)
[2026-09-29T22:19:18.681Z DEBUG blacksilk_p2p::net::blocks] peer 4: block 71c5c37016b5 at height 140 received
[2026-09-29T22:19:18.747Z DEBUG blacksilk_p2p::net::headers] peer 2: 1 headers up to height 140 accepted (new: false)
[2026-09-29T22:19:18.846Z DEBUG blacksilk_p2p::net::headers] peer 3: 1 headers up to height 140 accepted (new: false)
[2026-09-29T22:19:18.995Z DEBUG blacksilk_p2p::net::headers] peer 1: 1 headers up to height 140 accepted (new: false)
[2026-09-29T22:19:19.639Z DEBUG blacksilk_p2p::net::headers] peer 4: 1 headers up to height 141 accepted (new: true)
[2026-09-29T22:19:19.716Z DEBUG blacksilk_p2p::net::blocks] peer 4: block 88001ce67802 at height 141 received
[2026-09-29T22:19:19.817Z DEBUG blacksilk_p2p::net::headers] peer 2: 1 headers up to height 141 accepted (new: false)
[2026-09-29T22:19:22.768Z DEBUG blacksilk_p2p::net::headers] peer 4: 1 headers up to height 142 accepted (new: true)
[2026-09-29T22:19:22.839Z DEBUG blacksilk_p2p::net::blocks] peer 4: block 85ea1875e05e at height 142 received
[2026-09-29T22:19:22.920Z DEBUG blacksilk_p2p::net::headers] peer 2: 1 headers up to height 142 accepted (new: false)
[2026-09-29T22:19:22.920Z DEBUG blacksilk_p2p::net::headers] peer 1: 1 headers up to height 142 accepted (new: false)
[2026-09-29T22:19:24.084Z DEBUG blacksilk_p2p::net::headers] peer 4: 1 headers up to height 143 accepted (new: true)
[2026-09-29T22:19:24.154Z DEBUG blacksilk_p2p::net::blocks] peer 4: block de57e5ab4943 at height 143 received
[2026-09-29T22:19:24.214Z DEBUG blacksilk_p2p::net::headers] peer 1: 1 headers up to height 143 accepted (new: false)
[2026-09-29T22:19:24.255Z DEBUG blacksilk_p2p::net::headers] peer 2: 1 headers up to height 143 accepted (new: false)
[2026-09-29T22:19:25.889Z DEBUG blacksilk_p2p::net::headers] peer 4: 1 headers up to height 144 accepted (new: true)
[2026-09-29T22:19:25.975Z DEBUG blacksilk_p2p::net::blocks] peer 4: block 2279ab8b16ab at height 144 received
[2026-09-29T22:19:26.036Z DEBUG blacksilk_p2p::net::headers] peer 1: 1 headers up to height 144 accepted (new: false)
[2026-09-29T22:19:26.092Z DEBUG blacksilk_p2p::net::headers] peer 2: 1 headers up to height 144 accepted (new: false)
[2026-09-29T22:19:27.415Z DEBUG blacksilk_p2p::net::headers] peer 4: 1 headers up to height 145 accepted (new: true)
[2026-09-29T22:19:27.478Z DEBUG blacksilk_p2p::net::blocks] peer 4: block 0e7ec3a1eb42 at height 145 received
[2026-09-29T22:19:27.578Z DEBUG blacksilk_p2p::net::headers] peer 1: 1 headers up to height 145 accepted (new: false)
[2026-09-29T22:19:27.679Z DEBUG blacksilk_p2p::net::headers] peer 2: 1 headers up to height 145 accepted (new: false)
[2026-09-29T22:19:29.354Z DEBUG blacksilk_p2p::net::headers] peer 4: 1 headers up to height 146 accepted (new: true)
[2026-09-29T22:19:29.417Z DEBUG blacksilk_p2p::net::blocks] peer 4: block b9b25565c080 at height 146 received
[2026-09-29T22:19:29.519Z DEBUG blacksilk_p2p::net::headers] peer 2: 1 headers up to height 146 accepted (new: false)
[2026-09-29T22:19:29.549Z DEBUG blacksilk_p2p::net::headers] peer 3: 1 headers up to height 146 accepted (new: false)
[2026-09-29T22:19:31.574Z DEBUG blacksilk_p2p::net::headers] peer 4: 1 headers up to height 147 accepted (new: true)
[2026-09-29T22:19:31.625Z DEBUG blacksilk_p2p::net::blocks] peer 4: block 10e317af3b4f at height 147 received
[2026-09-29T22:19:31.828Z DEBUG blacksilk_p2p::net::headers] peer 1: 1 headers up to height 147 accepted (new: false)
[2026-09-29T22:19:31.890Z DEBUG blacksilk_p2p::net::headers] peer 2: 1 headers up to height 147 accepted (new: false)
[2026-09-29T22:19:34.725Z DEBUG blacksilk_p2p::net::headers] peer 4: 1 headers up to height 148 accepted (new: true)
[2026-09-29T22:19:34.799Z DEBUG blacksilk_p2p::net::blocks] peer 4: block 532c10ce7dbc at height 148 received
[2026-09-29T22:19:34.979Z DEBUG blacksilk_p2p::net::headers] peer 1: 1 headers up to height 148 accepted (new: false)
[2026-09-29T22:19:35.042Z DEBUG blacksilk_p2p::net::headers] peer 2: 1 headers up to height 148 accepted (new: false)
[2026-09-29T22:19:35.042Z DEBUG blacksilk_p2p::net::headers] peer 3: 1 headers up to height 148 accepted (new: false)
[2026-09-29T22:19:36.294Z DEBUG blacksilk_p2p::net::headers] peer 4: 1 headers up to height 149 accepted (new: true)
[2026-09-29T22:19:36.369Z DEBUG blacksilk_p2p::net::blocks] peer 4: block 68b907d03184 at height 149 received
[2026-09-29T22:19:36.560Z DEBUG blacksilk_p2p::net::headers] peer 1: 1 headers up to height 149 accepted (new: false)
[2026-09-29T22:19:36.593Z DEBUG blacksilk_p2p::net::headers] peer 3: 1 headers up to height 149 accepted (new: false)
[2026-09-29T22:19:36.609Z DEBUG blacksilk_p2p::net::headers] peer 2: 1 headers up to height 149 accepted (new: false)
[2026-09-29T22:19:39.635Z DEBUG blacksilk_p2p::net::headers] peer 4: 1 headers up to height 150 accepted (new: true)
[2026-09-29T22:19:39.697Z DEBUG blacksilk_p2p::net::blocks] peer 4: block 5b9318fffdeb at height 150 received
[2026-09-29T22:19:39.973Z DEBUG blacksilk_p2p::net::headers] peer 3: 1 headers up to height 150 accepted (new: false)
[2026-09-29T22:19:39.996Z DEBUG blacksilk_p2p::net::headers] peer 1: 1 headers up to height 150 accepted (new: false)
[2026-09-29T22:19:39.996Z DEBUG blacksilk_p2p::net::headers] peer 2: 1 headers up to height 150 accepted (new: false)
[2026-09-29T22:19:44.855Z DEBUG blacksilk_p2p::net::headers] peer 4: 1 headers up to height 151 accepted (new: true)
[2026-09-29T22:19:44.923Z DEBUG blacksilk_p2p::net::blocks] peer 4: block 3d7337c56cd6 at height 151 received
[2026-09-29T22:19:47.457Z DEBUG blacksilk_p2p::net::headers] peer 4: 1 headers up to height 152 accepted (new: true)
[2026-09-29T22:19:47.521Z DEBUG blacksilk_p2p::net::blocks] peer 4: block cfb0beaa6707 at height 152 received
[2026-09-29T22:19:47.556Z DEBUG blacksilk_p2p::net::headers] peer 2: 1 headers up to height 152 accepted (new: false)
[2026-09-29T22:19:47.593Z DEBUG blacksilk_p2p::net::headers] peer 1: 1 headers up to height 152 accepted (new: false)
[2026-09-29T22:19:47.796Z DEBUG blacksilk_p2p::net::headers] peer 3: 1 headers up to height 152 accepted (new: false)
[2026-09-29T22:19:49.410Z DEBUG blacksilk_p2p::net::headers] peer 4: 1 headers up to height 153 accepted (new: true)
[2026-09-29T22:19:49.479Z DEBUG blacksilk_p2p::net::blocks] peer 4: block 5f104d1dbf32 at height 153 received
[2026-09-29T22:19:49.596Z DEBUG blacksilk_p2p::net::headers] peer 3: 1 headers up to height 153 accepted (new: false)
[2026-09-29T22:19:49.637Z DEBUG blacksilk_p2p::net::headers] peer 2: 1 headers up to height 153 accepted (new: false)
[2026-09-29T22:19:49.678Z DEBUG blacksilk_p2p::net::headers] peer 1: 1 headers up to height 153 accepted (new: false)
[2026-09-29T22:19:51.376Z DEBUG blacksilk_p2p::net::headers] peer 4: 1 headers up to height 154 accepted (new: true)
[2026-09-29T22:19:51.449Z DEBUG blacksilk_p2p::net::blocks] peer 4: block bc448aa758de at height 154 received
[2026-09-29T22:19:53.584Z DEBUG blacksilk_p2p::net::headers] peer 4: 1 headers up to height 155 accepted (new: true)
[2026-09-29T22:19:53.636Z DEBUG blacksilk_p2p::net::blocks] peer 4: block f25b1f9109de at height 155 received
[2026-09-29T22:19:53.768Z DEBUG blacksilk_p2p::net::headers] peer 3: 1 headers up to height 155 accepted (new: false)
[2026-09-29T22:19:53.820Z DEBUG blacksilk_p2p::net::headers] peer 2: 1 headers up to height 155 accepted (new: false)
[2026-09-29T22:19:53.848Z DEBUG blacksilk_p2p::net::headers] peer 1: 1 headers up to height 155 accepted (new: false)
[2026-09-29T22:19:58.375Z DEBUG blacksilk_p2p::net::headers] peer 4: 1 headers up to height 156 accepted (new: true)
[2026-09-29T22:19:58.443Z DEBUG blacksilk_p2p::net::blocks] peer 4: block f5f5f4c06f04 at height 156 received
[2026-09-29T22:19:58.534Z DEBUG blacksilk_p2p::net::headers] peer 2: 1 headers up to height 156 accepted (new: false)
[2026-09-29T22:19:58.594Z DEBUG blacksilk_p2p::net::headers] peer 1: 1 headers up to height 156 accepted (new: false)
[2026-09-29T22:19:59.568Z DEBUG blacksilk_p2p::net::headers] peer 4: 1 headers up to height 157 accepted (new: true)
[2026-09-29T22:19:59.617Z DEBUG blacksilk_p2p::net::blocks] peer 4: block c7ff2452012f at height 157 received
[2026-09-29T22:20:01.896Z DEBUG blacksilk_p2p::net::headers] peer 4: 1 headers up to height 158 accepted (new: true)
[2026-09-29T22:20:01.972Z DEBUG blacksilk_p2p::net::blocks] peer 4: block fc386b6d6e9b at height 158 received
[2026-09-29T22:20:02.049Z DEBUG blacksilk_p2p::net::headers] peer 1: 1 headers up to height 158 accepted (new: false)
[2026-09-29T22:20:04.955Z DEBUG blacksilk_p2p::net::headers] peer 4: 1 headers up to height 159 accepted (new: true)
[2026-09-29T22:20:05.053Z DEBUG blacksilk_p2p::net::blocks] peer 4: block 6ac2e8940648 at height 159 received
[2026-09-29T22:20:05.178Z DEBUG blacksilk_p2p::net::headers] peer 2: 1 headers up to height 159 accepted (new: false)
[2026-09-29T22:20:05.213Z DEBUG blacksilk_p2p::net::headers] peer 1: 1 headers up to height 159 accepted (new: false)
[2026-09-29T22:20:05.365Z DEBUG blacksilk_p2p::net::headers] peer 3: 1 headers up to height 159 accepted (new: false)
[2026-09-29T22:20:06.464Z DEBUG blacksilk_p2p::net::headers] peer 4: 1 headers up to height 160 accepted (new: true)
[2026-09-29T22:20:06.536Z DEBUG blacksilk_p2p::net::blocks] peer 4: block a8e23624d285 at height 160 received
[2026-09-29T22:20:14.691Z DEBUG blacksilk_p2p::net::headers] peer 4: 1 headers up to height 161 accepted (new: true)
[2026-09-29T22:20:14.752Z DEBUG blacksilk_p2p::net::blocks] peer 4: block f4d450c50bbd at height 161 received
[2026-09-29T22:20:14.837Z DEBUG blacksilk_p2p::net::headers] peer 1: 1 headers up to height 161 accepted (new: false)
[2026-09-29T22:20:14.868Z DEBUG blacksilk_p2p::net::headers] peer 2: 1 headers up to height 161 accepted (new: false)
[2026-09-29T22:20:17.055Z DEBUG blacksilk_p2p::net::headers] peer 4: 1 headers up to height 162 accepted (new: true)
[2026-09-29T22:20:17.123Z DEBUG blacksilk_p2p::net::blocks] peer 4: block 587982fa466d at height 162 received
[2026-09-29T22:20:17.184Z DEBUG blacksilk_p2p::net::headers] peer 3: 1 headers up to height 162 accepted (new: false)
[2026-09-29T22:20:17.223Z DEBUG blacksilk_p2p::net::headers] peer 1: 1 headers up to height 162 accepted (new: false)
[2026-09-29T22:20:17.246Z DEBUG blacksilk_p2p::net::headers] peer 2: 1 headers up to height 162 accepted (new: false)
[2026-09-29T22:20:28.561Z DEBUG blacksilk_p2p::net::headers] peer 4: 1 headers up to height 163 accepted (new: true)
[2026-09-29T22:20:28.625Z DEBUG blacksilk_p2p::net::blocks] peer 4: block 32e74e72e680 at height 163 received
[2026-09-29T22:20:28.712Z DEBUG blacksilk_p2p::net::headers] peer 3: 1 headers up to height 163 accepted (new: false)
[2026-09-29T22:20:28.733Z DEBUG blacksilk_p2p::net::headers] peer 1: 1 headers up to height 163 accepted (new: false)
[2026-09-29T22:20:28.733Z DEBUG blacksilk_p2p::net::headers] peer 2: 1 headers up to height 163 accepted (new: false)
[2026-09-29T22:20:31.670Z DEBUG blacksilk_p2p::net::headers] peer 4: 1 headers up to height 164 accepted (new: true)
[2026-09-29T22:20:31.732Z DEBUG blacksilk_p2p::net::blocks] peer 4: block 162de93287c0 at height 164 received
[2026-09-29T22:20:31.811Z DEBUG blacksilk_p2p::net::headers] peer 3: 1 headers up to height 164 accepted (new: false)
[2026-09-29T22:20:31.855Z DEBUG blacksilk_p2p::net::headers] peer 1: 1 headers up to height 164 accepted (new: false)
[2026-09-29T22:20:31.896Z DEBUG blacksilk_p2p::net::headers] peer 2: 1 headers up to height 164 accepted (new: false)
[2026-09-29T22:20:34.523Z DEBUG blacksilk_p2p::net::headers] peer 4: 1 headers up to height 165 accepted (new: true)
[2026-09-29T22:20:34.583Z DEBUG blacksilk_p2p::net::blocks] peer 4: block 24353026c510 at height 165 received
[2026-09-29T22:20:34.685Z DEBUG blacksilk_p2p::net::headers] peer 3: 1 headers up to height 165 accepted (new: false)
[2026-09-29T22:20:34.723Z DEBUG blacksilk_p2p::net::headers] peer 1: 1 headers up to height 165 accepted (new: false)
[2026-09-29T22:20:34.787Z DEBUG blacksilk_p2p::net::headers] peer 2: 1 headers up to height 165 accepted (new: false)
[2026-09-29T22:20:36.605Z DEBUG blacksilk_p2p::net::headers] peer 4: 1 headers up to height 166 accepted (new: true)
[2026-09-29T22:20:36.670Z DEBUG blacksilk_p2p::net::blocks] peer 4: block 766d83aa3c31 at height 166 received
[2026-09-29T22:20:36.775Z DEBUG blacksilk_p2p::net::headers] peer 3: 1 headers up to height 166 accepted (new: false)
[2026-09-29T22:20:36.838Z DEBUG blacksilk_p2p::net::headers] peer 2: 1 headers up to height 166 accepted (new: false)
[2026-09-29T22:20:36.838Z DEBUG blacksilk_p2p::net::headers] peer 1: 1 headers up to height 166 accepted (new: false)
[2026-09-29T22:20:42.155Z DEBUG blacksilk_p2p::net::headers] peer 4: 1 headers up to height 167 accepted (new: true)
[2026-09-29T22:20:42.235Z DEBUG blacksilk_p2p::net::blocks] peer 4: block 8f35a969dd1f at height 167 received
[2026-09-29T22:20:42.327Z DEBUG blacksilk_p2p::net::headers] peer 3: 1 headers up to height 167 accepted (new: false)
[2026-09-29T22:20:42.358Z DEBUG blacksilk_p2p::net::headers] peer 2: 1 headers up to height 167 accepted (new: false)
[2026-09-29T22:20:42.358Z DEBUG blacksilk_p2p::net::headers] peer 1: 1 headers up to height 167 accepted (new: false)
[2026-09-29T22:20:43.158Z DEBUG blacksilk_p2p::net::headers] peer 4: 1 headers up to height 168 accepted (new: true)
[2026-09-29T22:20:43.239Z DEBUG blacksilk_p2p::net::blocks] peer 4: block 357d53485a60 at height 168 received
[2026-09-29T22:20:43.348Z DEBUG blacksilk_p2p::net::headers] peer 3: 1 headers up to height 168 accepted (new: false)
[2026-09-29T22:20:43.402Z DEBUG blacksilk_p2p::net::headers] peer 2: 1 headers up to height 168 accepted (new: false)
[2026-09-29T22:20:43.402Z DEBUG blacksilk_p2p::net::headers] peer 1: 1 headers up to height 168 accepted (new: false)
[2026-09-29T22:20:44.601Z DEBUG blacksilk_p2p::net::headers] peer 4: 1 headers up to height 169 accepted (new: true)
[2026-09-29T22:20:44.666Z DEBUG blacksilk_p2p::net::blocks] peer 4: block 49e4ad00c47c at height 169 received
[2026-09-29T22:20:44.739Z DEBUG blacksilk_p2p::net::headers] peer 2: 1 headers up to height 169 accepted (new: false)
[2026-09-29T22:20:58.509Z DEBUG blacksilk_p2p::net::headers] peer 4: 1 headers up to height 170 accepted (new: true)
[2026-09-29T22:20:58.580Z DEBUG blacksilk_p2p::net::blocks] peer 4: block 179faced448a at height 170 received
[2026-09-29T22:20:58.779Z DEBUG blacksilk_p2p::net::headers] peer 3: 1 headers up to height 170 accepted (new: false)
[2026-09-29T22:20:58.821Z DEBUG blacksilk_p2p::net::headers] peer 1: 1 headers up to height 170 accepted (new: false)
[2026-09-29T22:20:58.839Z DEBUG blacksilk_p2p::net::headers] peer 2: 1 headers up to height 170 accepted (new: false)
[2026-09-29T22:21:16.103Z DEBUG blacksilk_p2p::net::headers] peer 4: 1 headers up to height 171 accepted (new: true)
[2026-09-29T22:21:16.171Z DEBUG blacksilk_p2p::net::blocks] peer 4: block 25a02052b7fc at height 171 received
[2026-09-29T22:21:16.249Z DEBUG blacksilk_p2p::net::headers] peer 1: 1 headers up to height 171 accepted (new: false)
[2026-09-29T22:21:16.294Z DEBUG blacksilk_p2p::net::headers] peer 2: 1 headers up to height 171 accepted (new: false)
[2026-09-29T22:21:16.348Z DEBUG blacksilk_p2p::net::headers] peer 3: 1 headers up to height 171 accepted (new: false)
[2026-09-29T22:21:18.705Z DEBUG blacksilk_p2p::net::headers] peer 4: 1 headers up to height 172 accepted (new: true)
[2026-09-29T22:21:18.784Z DEBUG blacksilk_p2p::net::blocks] peer 4: block 8b5317f3173e at height 172 received
[2026-09-29T22:21:18.855Z DEBUG blacksilk_p2p::net::headers] peer 1: 1 headers up to height 172 accepted (new: false)
[2026-09-29T22:21:18.950Z DEBUG blacksilk_p2p::net::headers] peer 2: 1 headers up to height 172 accepted (new: false)
[2026-09-29T22:21:18.950Z DEBUG blacksilk_p2p::net::headers] peer 3: 1 headers up to height 172 accepted (new: false)
[2026-09-29T22:21:27.291Z DEBUG blacksilk_p2p::net::headers] peer 4: 1 headers up to height 173 accepted (new: true)
[2026-09-29T22:21:27.370Z DEBUG blacksilk_p2p::net::blocks] peer 4: block 084493464f30 at height 173 received
[2026-09-29T22:21:27.517Z DEBUG blacksilk_p2p::net::headers] peer 2: 1 headers up to height 173 accepted (new: false)
[2026-09-29T22:21:27.550Z DEBUG blacksilk_p2p::net::headers] peer 3: 1 headers up to height 173 accepted (new: false)
[2026-09-29T22:21:42.615Z DEBUG blacksilk_p2p::net::headers] peer 4: 1 headers up to height 174 accepted (new: true)
[2026-09-29T22:21:42.673Z DEBUG blacksilk_p2p::net::blocks] peer 4: block 30d4439b85b9 at height 174 received
[2026-09-29T22:21:42.819Z DEBUG blacksilk_p2p::net::headers] peer 1: 1 headers up to height 174 accepted (new: false)
[2026-09-29T22:21:42.919Z DEBUG blacksilk_p2p::net::headers] peer 3: 1 headers up to height 174 accepted (new: false)
[2026-09-29T22:21:42.919Z DEBUG blacksilk_p2p::net::headers] peer 2: 1 headers up to height 174 accepted (new: false)
[2026-09-29T22:21:43.680Z DEBUG blacksilk_p2p::net::headers] peer 4: 1 headers up to height 175 accepted (new: true)
[2026-09-29T22:21:43.762Z DEBUG blacksilk_p2p::net::blocks] peer 4: block c4b23abbe1ee at height 175 received
[2026-09-29T22:21:43.863Z DEBUG blacksilk_p2p::net::headers] peer 1: 1 headers up to height 175 accepted (new: false)
[2026-09-29T22:21:43.981Z DEBUG blacksilk_p2p::net::headers] peer 3: 1 headers up to height 175 accepted (new: false)
[2026-09-29T22:21:43.981Z DEBUG blacksilk_p2p::net::headers] peer 2: 1 headers up to height 175 accepted (new: false)
[2026-09-29T22:21:46.030Z DEBUG blacksilk_p2p::net::headers] peer 4: 1 headers up to height 176 accepted (new: true)
[2026-09-29T22:21:46.116Z DEBUG blacksilk_p2p::net::blocks] peer 4: block d4df5bacd469 at height 176 received
[2026-09-29T22:21:46.214Z DEBUG blacksilk_p2p::net::headers] peer 1: 1 headers up to height 176 accepted (new: false)
[2026-09-29T22:21:46.318Z DEBUG blacksilk_p2p::net::headers] peer 2: 1 headers up to height 176 accepted (new: false)
[2026-09-29T22:21:46.318Z DEBUG blacksilk_p2p::net::headers] peer 3: 1 headers up to height 176 accepted (new: false)
[2026-09-29T22:21:53.933Z DEBUG blacksilk_p2p::net::headers] peer 4: 1 headers up to height 177 accepted (new: true)
[2026-09-29T22:21:53.989Z DEBUG blacksilk_p2p::net::blocks] peer 4: block ffc9a560f1e7 at height 177 received
[2026-09-29T22:21:54.102Z DEBUG blacksilk_p2p::net::headers] peer 1: 1 headers up to height 177 accepted (new: false)
[2026-09-29T22:21:54.142Z DEBUG blacksilk_p2p::net::headers] peer 2: 1 headers up to height 177 accepted (new: false)
[2026-09-29T22:21:54.172Z DEBUG blacksilk_p2p::net::headers] peer 3: 1 headers up to height 177 accepted (new: false)
[2026-09-29T22:21:55.259Z DEBUG blacksilk_p2p::net::headers] peer 4: 1 headers up to height 178 accepted (new: true)
[2026-09-29T22:21:55.318Z DEBUG blacksilk_p2p::net::blocks] peer 4: block 383b40f1f967 at height 178 received
[2026-09-29T22:21:55.379Z DEBUG blacksilk_p2p::net::headers] peer 1: 1 headers up to height 178 accepted (new: false)
[2026-09-29T22:21:55.444Z DEBUG blacksilk_p2p::net::headers] peer 2: 1 headers up to height 178 accepted (new: false)
[2026-09-29T22:21:55.465Z DEBUG blacksilk_p2p::net::headers] peer 3: 1 headers up to height 178 accepted (new: false)
[2026-09-29T22:21:58.646Z DEBUG blacksilk_p2p::net::headers] peer 4: 1 headers up to height 179 accepted (new: true)
[2026-09-29T22:21:58.715Z DEBUG blacksilk_p2p::net::blocks] peer 4: block 6b6079aa6a02 at height 179 received
[2026-09-29T22:21:58.830Z DEBUG blacksilk_p2p::net::headers] peer 3: 1 headers up to height 179 accepted (new: false)
[2026-09-29T22:21:58.850Z DEBUG blacksilk_p2p::net::headers] peer 2: 1 headers up to height 179 accepted (new: false)
[2026-09-29T22:22:01.671Z DEBUG blacksilk_p2p::net::headers] peer 4: 1 headers up to height 180 accepted (new: true)
[2026-09-29T22:22:01.753Z DEBUG blacksilk_p2p::net::blocks] peer 4: block 0de1d9170656 at height 180 received
[2026-09-29T22:22:01.854Z DEBUG blacksilk_p2p::net::headers] peer 1: 1 headers up to height 180 accepted (new: false)
[2026-09-29T22:22:01.952Z DEBUG blacksilk_p2p::net::headers] peer 3: 1 headers up to height 180 accepted (new: false)
[2026-09-29T22:22:01.976Z DEBUG blacksilk_p2p::net::headers] peer 2: 1 headers up to height 180 accepted (new: false)
[2026-09-29T22:22:05.110Z DEBUG blacksilk_p2p::net::headers] peer 4: 1 headers up to height 181 accepted (new: true)
[2026-09-29T22:22:05.195Z DEBUG blacksilk_p2p::net::blocks] peer 4: block 5137f7a73746 at height 181 received
[2026-09-29T22:22:05.344Z DEBUG blacksilk_p2p::net::headers] peer 2: 1 headers up to height 181 accepted (new: false)
[2026-09-29T22:22:05.345Z DEBUG blacksilk_p2p::net::headers] peer 3: 1 headers up to height 181 accepted (new: false)
[2026-09-29T22:22:11.711Z DEBUG blacksilk_p2p::net::headers] peer 4: 1 headers up to height 182 accepted (new: true)
[2026-09-29T22:22:11.788Z DEBUG blacksilk_p2p::net::blocks] peer 4: block 84261e278b17 at height 182 received
[2026-09-29T22:22:11.828Z DEBUG blacksilk_p2p::net::headers] peer 2: 1 headers up to height 182 accepted (new: false)
[2026-09-29T22:22:19.178Z DEBUG blacksilk_p2p::net::headers] peer 4: 1 headers up to height 183 accepted (new: true)
[2026-09-29T22:22:19.263Z DEBUG blacksilk_p2p::net::blocks] peer 4: block 242338fbef90 at height 183 received
[2026-09-29T22:22:19.348Z DEBUG blacksilk_p2p::net::headers] peer 1: 1 headers up to height 183 accepted (new: false)
[2026-09-29T22:22:19.390Z DEBUG blacksilk_p2p::net::headers] peer 3: 1 headers up to height 183 accepted (new: false)
[2026-09-29T22:22:19.390Z DEBUG blacksilk_p2p::net::headers] peer 2: 1 headers up to height 183 accepted (new: false)
[2026-09-29T22:22:24.179Z DEBUG blacksilk_p2p::net::headers] peer 4: 1 headers up to height 184 accepted (new: true)
[2026-09-29T22:22:24.248Z DEBUG blacksilk_p2p::net::blocks] peer 4: block 19c284172414 at height 184 received
[2026-09-29T22:22:24.353Z DEBUG blacksilk_p2p::net::headers] peer 2: 1 headers up to height 184 accepted (new: false)
[2026-09-29T22:22:24.354Z DEBUG blacksilk_p2p::net::headers] peer 3: 1 headers up to height 184 accepted (new: false)
[2026-09-29T22:22:27.890Z DEBUG blacksilk_p2p::net::headers] peer 4: 1 headers up to height 185 accepted (new: true)
[2026-09-29T22:22:27.956Z DEBUG blacksilk_p2p::net::blocks] peer 4: block d629e46b5075 at height 185 received
[2026-09-29T22:22:28.037Z DEBUG blacksilk_p2p::net::headers] peer 1: 1 headers up to height 185 accepted (new: false)
[2026-09-29T22:22:28.077Z DEBUG blacksilk_p2p::net::headers] peer 2: 1 headers up to height 185 accepted (new: false)
[2026-09-29T22:22:28.078Z DEBUG blacksilk_p2p::net::headers] peer 3: 1 headers up to height 185 accepted (new: false)
[2026-09-29T22:22:36.529Z DEBUG blacksilk_p2p::net::headers] peer 4: 1 headers up to height 186 accepted (new: true)
[2026-09-29T22:22:36.591Z DEBUG blacksilk_p2p::net::blocks] peer 4: block 4c820da9b19b at height 186 received
[2026-09-29T22:22:36.608Z DEBUG blacksilk_p2p::net::headers] peer 2: 1 headers up to height 186 accepted (new: false)
[2026-09-29T22:22:36.709Z DEBUG blacksilk_p2p::net::headers] peer 3: 1 headers up to height 186 accepted (new: false)
[2026-09-29T22:22:36.709Z DEBUG blacksilk_p2p::net::headers] peer 1: 1 headers up to height 186 accepted (new: false)
[2026-09-29T22:22:51.323Z DEBUG blacksilk_p2p::net::headers] peer 4: 1 headers up to height 187 accepted (new: true)
[2026-09-29T22:22:51.403Z DEBUG blacksilk_p2p::net::blocks] peer 4: block 8eaf952a20c2 at height 187 received
[2026-09-29T22:22:58.886Z DEBUG blacksilk_p2p::net::headers] peer 4: 1 headers up to height 188 accepted (new: true)
[2026-09-29T22:22:58.954Z DEBUG blacksilk_p2p::net::blocks] peer 4: block 6da6b5a8fa5f at height 188 received
[2026-09-29T22:23:00.662Z DEBUG blacksilk_p2p::net::headers] peer 4: 1 headers up to height 189 accepted (new: true)
[2026-09-29T22:23:00.730Z DEBUG blacksilk_p2p::net::blocks] peer 4: block 82521f8140f0 at height 189 received
[2026-09-29T22:23:01.025Z DEBUG blacksilk_p2p::net::headers] peer 3: 1 headers up to height 189 accepted (new: false)
[2026-09-29T22:23:01.025Z DEBUG blacksilk_p2p::net::headers] peer 1: 1 headers up to height 189 accepted (new: false)
[2026-09-29T22:23:01.025Z DEBUG blacksilk_p2p::net::headers] peer 2: 1 headers up to height 189 accepted (new: false)
[2026-09-29T22:23:10.055Z DEBUG blacksilk_p2p::net::headers] peer 4: 1 headers up to height 190 accepted (new: true)
[2026-09-29T22:23:10.130Z DEBUG blacksilk_p2p::net::blocks] peer 4: block 4d103fd2ce86 at height 190 received
[2026-09-29T22:23:10.177Z DEBUG blacksilk_p2p::net::headers] peer 3: 1 headers up to height 190 accepted (new: false)
[2026-09-29T22:23:11.138Z DEBUG blacksilk_p2p::net::headers] peer 4: 1 headers up to height 191 accepted (new: true)
[2026-09-29T22:23:11.204Z DEBUG blacksilk_p2p::net::blocks] peer 4: block ade18f4efbca at height 191 received
[2026-09-29T22:23:14.560Z DEBUG blacksilk_p2p::net::headers] peer 4: 1 headers up to height 192 accepted (new: true)
[2026-09-29T22:23:14.620Z DEBUG blacksilk_p2p::net::blocks] peer 4: block e2666e69bbb9 at height 192 received
[2026-09-29T22:23:20.312Z DEBUG blacksilk_p2p::net::headers] peer 4: 1 headers up to height 193 accepted (new: true)
[2026-09-29T22:23:20.374Z DEBUG blacksilk_p2p::net::blocks] peer 4: block 2cfe695bf809 at height 193 received
[2026-09-29T22:23:26.115Z DEBUG blacksilk_p2p::net::headers] peer 4: 1 headers up to height 194 accepted (new: true)
[2026-09-29T22:23:26.185Z DEBUG blacksilk_p2p::net::blocks] peer 4: block 53bdf606c0c4 at height 194 received
[2026-09-29T22:23:28.884Z DEBUG blacksilk_p2p::net::headers] peer 4: 1 headers up to height 195 accepted (new: true)
[2026-09-29T22:23:28.940Z DEBUG blacksilk_p2p::net::blocks] peer 4: block d7ae0afaadaf at height 195 received
[2026-09-29T22:23:29.041Z DEBUG blacksilk_p2p::net::headers] peer 3: 1 headers up to height 195 accepted (new: false)
[2026-09-29T22:23:54.285Z DEBUG blacksilk_p2p::net::headers] peer 4: 1 headers up to height 196 accepted (new: true)
[2026-09-29T22:23:54.365Z DEBUG blacksilk_p2p::net::blocks] peer 4: block 4a4f7a009fc9 at height 196 received
[2026-09-29T22:23:54.389Z DEBUG blacksilk_p2p::net::headers] peer 3: 1 headers up to height 196 accepted (new: false)
[2026-09-29T22:23:54.389Z DEBUG blacksilk_p2p::net::headers] peer 2: 1 headers up to height 196 accepted (new: false)
[2026-09-29T22:23:54.389Z DEBUG blacksilk_p2p::net::headers] peer 1: 1 headers up to height 196 accepted (new: false)
[2026-09-29T22:24:05.208Z DEBUG blacksilk_p2p::net::headers] peer 4: 1 headers up to height 197 accepted (new: true)
[2026-09-29T22:24:05.265Z DEBUG blacksilk_p2p::net::blocks] peer 4: block bc72962935b7 at height 197 received
[2026-09-29T22:24:05.412Z DEBUG blacksilk_p2p::net::headers] peer 2: 1 headers up to height 197 accepted (new: false)
[2026-09-29T22:24:05.580Z DEBUG blacksilk_p2p::net::headers] peer 3: 1 headers up to height 197 accepted (new: false)
[2026-09-29T22:24:05.580Z DEBUG blacksilk_p2p::net::headers] peer 1: 1 headers up to height 197 accepted (new: false)
[2026-09-29T22:24:06.411Z DEBUG blacksilk_p2p::net::headers] peer 4: 1 headers up to height 198 accepted (new: true)
[2026-09-29T22:24:06.481Z DEBUG blacksilk_p2p::net::blocks] peer 4: block 0ce551b2ce18 at height 198 received
[2026-09-29T22:24:06.634Z DEBUG blacksilk_p2p::net::headers] peer 1: 1 headers up to height 198 accepted (new: false)
[2026-09-29T22:24:06.634Z DEBUG blacksilk_p2p::net::headers] peer 3: 1 headers up to height 198 accepted (new: false)
[2026-09-29T22:24:09.054Z DEBUG blacksilk_p2p::net::headers] peer 4: 1 headers up to height 199 accepted (new: true)
[2026-09-29T22:24:09.119Z DEBUG blacksilk_p2p::net::blocks] peer 4: block 87e53f00e6d4 at height 199 received
[2026-09-29T22:24:09.245Z DEBUG blacksilk_p2p::net::headers] peer 1: 1 headers up to height 199 accepted (new: false)
[2026-09-29T22:24:09.245Z DEBUG blacksilk_p2p::net::headers] peer 3: 1 headers up to height 199 accepted (new: false)
[2026-09-29T22:24:12.665Z DEBUG blacksilk_p2p::net::headers] peer 4: 1 headers up to height 200 accepted (new: true)
[2026-09-29T22:24:12.725Z DEBUG blacksilk_p2p::net::blocks] peer 4: block 269bcb76ebff at height 200 received
[2026-09-29T22:24:16.031Z DEBUG blacksilk_p2p::net::headers] peer 4: 1 headers up to height 201 accepted (new: true)
[2026-09-29T22:24:16.084Z DEBUG blacksilk_p2p::net::blocks] peer 4: block 7068ed7d3340 at height 201 received
[2026-09-29T22:24:18.226Z DEBUG blacksilk_p2p::net::headers] peer 4: 1 headers up to height 202 accepted (new: true)
[2026-09-29T22:24:18.306Z DEBUG blacksilk_p2p::net::blocks] peer 4: block 960d74f5cae5 at height 202 received
[2026-09-29T22:24:18.432Z DEBUG blacksilk_p2p::net::headers] peer 1: 1 headers up to height 202 accepted (new: false)
[2026-09-29T22:24:37.939Z DEBUG blacksilk_p2p::net::headers] peer 4: 1 headers up to height 203 accepted (new: true)
[2026-09-29T22:24:38.008Z DEBUG blacksilk_p2p::net::blocks] peer 4: block bf5b66b67a21 at height 203 received
[2026-09-29T22:24:38.068Z DEBUG blacksilk_p2p::net::headers] peer 1: 1 headers up to height 203 accepted (new: false)
[2026-09-29T22:24:38.109Z DEBUG blacksilk_p2p::net::headers] peer 2: 1 headers up to height 203 accepted (new: false)
[2026-09-29T22:24:38.317Z DEBUG blacksilk_p2p::net::headers] peer 3: 1 headers up to height 203 accepted (new: false)
[2026-09-29T22:24:42.873Z DEBUG blacksilk_p2p::net::headers] peer 4: 1 headers up to height 204 accepted (new: true)
[2026-09-29T22:24:42.962Z DEBUG blacksilk_p2p::net::blocks] peer 4: block 2c1a705c3b42 at height 204 received
[2026-09-29T22:24:43.021Z DEBUG blacksilk_p2p::net::headers] peer 1: 1 headers up to height 204 accepted (new: false)
[2026-09-29T22:24:43.037Z DEBUG blacksilk_p2p::net::headers] peer 3: 1 headers up to height 204 accepted (new: false)
[2026-09-29T22:24:43.071Z DEBUG blacksilk_p2p::net::headers] peer 2: 1 headers up to height 204 accepted (new: false)
[2026-09-29T22:24:48.942Z DEBUG blacksilk_p2p::net::headers] peer 4: 1 headers up to height 205 accepted (new: true)
[2026-09-29T22:24:49.030Z DEBUG blacksilk_p2p::net::blocks] peer 4: block f8da14612995 at height 205 received
[2026-09-29T22:24:49.132Z DEBUG blacksilk_p2p::net::headers] peer 3: 1 headers up to height 205 accepted (new: false)
[2026-09-29T22:25:02.462Z DEBUG blacksilk_p2p::net::headers] peer 4: 1 headers up to height 206 accepted (new: true)
[2026-09-29T22:25:02.536Z DEBUG blacksilk_p2p::net::blocks] peer 4: block febf4571a5dc at height 206 received
[2026-09-29T22:25:02.620Z DEBUG blacksilk_p2p::net::headers] peer 2: 1 headers up to height 206 accepted (new: false)
[2026-09-29T22:25:02.753Z DEBUG blacksilk_p2p::net::headers] peer 3: 1 headers up to height 206 accepted (new: false)
[2026-09-29T22:25:02.814Z DEBUG blacksilk_p2p::net::headers] peer 1: 1 headers up to height 206 accepted (new: false)
[2026-09-29T22:25:15.884Z DEBUG blacksilk_p2p::net::headers] peer 4: 1 headers up to height 207 accepted (new: true)
[2026-09-29T22:25:15.948Z DEBUG blacksilk_p2p::net::blocks] peer 4: block 4cb72258f7c9 at height 207 received
[2026-09-29T22:25:15.987Z DEBUG blacksilk_p2p::net::headers] peer 2: 1 headers up to height 207 accepted (new: false)
[2026-09-29T22:25:16.131Z DEBUG blacksilk_p2p::net::headers] peer 1: 1 headers up to height 207 accepted (new: false)
[2026-09-29T22:25:16.152Z DEBUG blacksilk_p2p::net::headers] peer 3: 1 headers up to height 207 accepted (new: false)
[2026-09-29T22:25:29.449Z DEBUG blacksilk_p2p::net::headers] peer 4: 1 headers up to height 208 accepted (new: true)
[2026-09-29T22:25:29.536Z DEBUG blacksilk_p2p::net::blocks] peer 4: block 79b433fbab62 at height 208 received
[2026-09-29T22:25:29.539Z DEBUG blacksilk_p2p::net::headers] peer 2: 1 headers up to height 208 accepted (new: false)
[2026-09-29T22:25:29.697Z DEBUG blacksilk_p2p::net::headers] peer 3: 1 headers up to height 208 accepted (new: false)
[2026-09-29T22:25:29.727Z DEBUG blacksilk_p2p::net::headers] peer 1: 1 headers up to height 208 accepted (new: false)
[2026-09-29T22:25:42.911Z DEBUG blacksilk_p2p::net::headers] peer 4: 1 headers up to height 209 accepted (new: true)
[2026-09-29T22:25:42.981Z DEBUG blacksilk_p2p::net::blocks] peer 4: block 74a89c1efa38 at height 209 received
[2026-09-29T22:26:15.689Z DEBUG blacksilk_p2p::net::headers] peer 4: 1 headers up to height 210 accepted (new: true)
[2026-09-29T22:26:15.769Z DEBUG blacksilk_p2p::net::blocks] peer 4: block 8a1554a45064 at height 210 received
[2026-09-29T22:26:15.849Z DEBUG blacksilk_p2p::net::headers] peer 1: 1 headers up to height 210 accepted (new: false)
[2026-09-29T22:26:15.926Z DEBUG blacksilk_p2p::net::headers] peer 2: 1 headers up to height 210 accepted (new: false)
[2026-09-29T22:26:15.968Z DEBUG blacksilk_p2p::net::headers] peer 3: 1 headers up to height 210 accepted (new: false)
[2026-09-29T22:26:18.500Z DEBUG blacksilk_p2p::net::headers] peer 4: 1 headers up to height 211 accepted (new: true)
[2026-09-29T22:26:18.573Z DEBUG blacksilk_p2p::net::blocks] peer 4: block aec15c058ad2 at height 211 received
[2026-09-29T22:26:18.588Z DEBUG blacksilk_p2p::net::headers] peer 3: 1 headers up to height 211 accepted (new: false)
[2026-09-29T22:26:18.736Z DEBUG blacksilk_p2p::net::headers] peer 1: 1 headers up to height 211 accepted (new: false)
[2026-09-29T22:26:18.849Z DEBUG blacksilk_p2p::net::headers] peer 2: 1 headers up to height 211 accepted (new: false)
[2026-09-29T22:26:21.413Z DEBUG blacksilk_p2p::net::headers] peer 4: 1 headers up to height 212 accepted (new: true)
[2026-09-29T22:26:21.476Z DEBUG blacksilk_p2p::net::blocks] peer 4: block 732b43e059fa at height 212 received
[2026-09-29T22:26:21.492Z DEBUG blacksilk_p2p::net::headers] peer 3: 1 headers up to height 212 accepted (new: false)
[2026-09-29T22:26:24.587Z DEBUG blacksilk_p2p::net::headers] peer 4: 1 headers up to height 213 accepted (new: true)
[2026-09-29T22:26:24.669Z DEBUG blacksilk_p2p::net::blocks] peer 4: block 26cc1d09c161 at height 213 received
[2026-09-29T22:26:29.063Z DEBUG blacksilk_p2p::net::headers] peer 4: 1 headers up to height 214 accepted (new: true)
[2026-09-29T22:26:29.125Z DEBUG blacksilk_p2p::net::blocks] peer 4: block 7c9ef62c0379 at height 214 received
[2026-09-29T22:26:29.145Z DEBUG blacksilk_p2p::net::headers] peer 2: 1 headers up to height 214 accepted (new: false)
[2026-09-29T22:26:29.166Z DEBUG blacksilk_p2p::net::headers] peer 3: 1 headers up to height 214 accepted (new: false)
[2026-09-29T22:26:32.198Z DEBUG blacksilk_p2p::net::headers] peer 4: 1 headers up to height 215 accepted (new: true)
[2026-09-29T22:26:32.258Z DEBUG blacksilk_p2p::net::blocks] peer 4: block 954dbc2f6b79 at height 215 received
[2026-09-29T22:26:32.278Z DEBUG blacksilk_p2p::net::headers] peer 2: 1 headers up to height 215 accepted (new: false)
[2026-09-29T22:26:32.328Z DEBUG blacksilk_p2p::net::headers] peer 3: 1 headers up to height 215 accepted (new: false)
[2026-09-29T22:26:32.425Z DEBUG blacksilk_p2p::net::headers] peer 1: 1 headers up to height 215 accepted (new: false)
[2026-09-29T22:26:36.089Z DEBUG blacksilk_p2p::net::headers] peer 1: 1 headers up to height 216 accepted (new: true)
[2026-09-29T22:26:36.155Z DEBUG blacksilk_p2p::net::blocks] peer 1: block 67d46615194b at height 216 received
[2026-09-29T22:26:36.258Z DEBUG blacksilk_p2p::net::headers] peer 3: 1 headers up to height 216 accepted (new: false)
[2026-09-29T22:26:36.314Z DEBUG blacksilk_p2p::net::headers] peer 4: 1 headers up to height 216 accepted (new: false)
[2026-09-29T22:26:37.382Z DEBUG blacksilk_p2p::net::headers] peer 1: 1 headers up to height 217 accepted (new: true)
[2026-09-29T22:26:37.451Z DEBUG blacksilk_p2p::net::blocks] peer 1: block 21068b2fef6d at height 217 received
[2026-09-29T22:26:37.550Z DEBUG blacksilk_p2p::net::headers] peer 3: 1 headers up to height 217 accepted (new: false)
[2026-09-29T22:26:37.568Z DEBUG blacksilk_p2p::net::headers] peer 2: 1 headers up to height 217 accepted (new: false)
[2026-09-29T22:26:37.651Z DEBUG blacksilk_p2p::net::headers] peer 4: 1 headers up to height 217 accepted (new: false)
[2026-09-29T22:26:40.730Z DEBUG blacksilk_p2p::net::headers] peer 1: 1 headers up to height 218 accepted (new: true)
[2026-09-29T22:26:40.785Z DEBUG blacksilk_p2p::net::blocks] peer 1: block b2375e04e47a at height 218 received
[2026-09-29T22:26:40.908Z DEBUG blacksilk_p2p::net::headers] peer 4: 1 headers up to height 218 accepted (new: false)
[2026-09-29T22:26:45.493Z DEBUG blacksilk_p2p::net::headers] peer 1: 1 headers up to height 219 accepted (new: true)
[2026-09-29T22:26:45.580Z DEBUG blacksilk_p2p::net::blocks] peer 1: block 3dff1de71c91 at height 219 received
[2026-09-29T22:26:46.453Z DEBUG blacksilk_p2p::net::headers] peer 4: 1 headers up to height 219 accepted (new: true)
[2026-09-29T22:26:46.455Z DEBUG blacksilk_p2p::net::headers] peer 2: 1 headers up to height 219 accepted (new: false)
[2026-09-29T22:26:46.455Z DEBUG blacksilk_p2p::net::headers] peer 3: 1 headers up to height 219 accepted (new: false)
[2026-09-29T22:26:56.261Z DEBUG blacksilk_p2p::net::headers] peer 1: 1 headers up to height 220 accepted (new: true)
[2026-09-29T22:26:56.350Z DEBUG blacksilk_p2p::net::blocks] peer 1: block 728a27e3f78d at height 220 received
[2026-09-29T22:26:56.537Z DEBUG blacksilk_p2p::net::headers] peer 2: 1 headers up to height 220 accepted (new: false)
[2026-09-29T22:26:56.565Z DEBUG blacksilk_p2p::net::headers] peer 4: 1 headers up to height 220 accepted (new: false)
[2026-09-29T22:26:56.597Z DEBUG blacksilk_p2p::net::headers] peer 3: 1 headers up to height 220 accepted (new: false)
[2026-09-29T22:27:03.266Z DEBUG blacksilk_p2p::net::headers] peer 4: 1 headers up to height 221 accepted (new: true)
[2026-09-29T22:27:03.345Z DEBUG blacksilk_p2p::net::blocks] peer 4: block 0e74274ecdfa at height 221 received
[2026-09-29T22:27:03.365Z DEBUG blacksilk_p2p::net::headers] peer 1: 1 headers up to height 221 accepted (new: false)
[2026-09-29T22:27:03.408Z DEBUG blacksilk_p2p::net::headers] peer 2: 1 headers up to height 221 accepted (new: false)
[2026-09-29T22:27:03.430Z DEBUG blacksilk_p2p::net::headers] peer 3: 1 headers up to height 221 accepted (new: false)
[2026-09-29T22:27:09.484Z DEBUG blacksilk_p2p::net::headers] peer 4: 1 headers up to height 222 accepted (new: true)
[2026-09-29T22:27:09.536Z DEBUG blacksilk_p2p::net::blocks] peer 4: block 357a9e7c93bd at height 222 received
[2026-09-29T22:27:09.668Z DEBUG blacksilk_p2p::net::headers] peer 1: 1 headers up to height 222 accepted (new: false)
[2026-09-29T22:27:09.769Z DEBUG blacksilk_p2p::net::headers] peer 2: 1 headers up to height 222 accepted (new: false)
[2026-09-29T22:27:09.769Z DEBUG blacksilk_p2p::net::headers] peer 3: 1 headers up to height 222 accepted (new: false)
[2026-09-29T22:27:16.685Z DEBUG blacksilk_p2p::net::headers] peer 4: 1 headers up to height 223 accepted (new: true)
[2026-09-29T22:27:16.796Z DEBUG blacksilk_p2p::net::blocks] peer 4: block 07ff0e177baf at height 223 received
[2026-09-29T22:27:18.230Z DEBUG blacksilk_p2p::net::headers] peer 4: 1 headers up to height 224 accepted (new: true)
[2026-09-29T22:27:18.291Z DEBUG blacksilk_p2p::net::blocks] peer 4: block 2af4e4d8888d at height 224 received
[2026-09-29T22:27:25.158Z DEBUG blacksilk_p2p::net::headers] peer 1: 1 headers up to height 225 accepted (new: true)
[2026-09-29T22:27:25.241Z DEBUG blacksilk_p2p::net::blocks] peer 1: block 1c59ed914f10 at height 225 received
[2026-09-29T22:27:25.314Z DEBUG blacksilk_p2p::net::headers] peer 3: 1 headers up to height 225 accepted (new: false)
[2026-09-29T22:27:25.391Z DEBUG blacksilk_p2p::net::headers] peer 4: 1 headers up to height 225 accepted (new: false)
[2026-09-29T22:27:25.411Z DEBUG blacksilk_p2p::net::headers] peer 2: 1 headers up to height 225 accepted (new: false)
[2026-09-29T22:27:27.879Z DEBUG blacksilk_p2p::net::headers] peer 4: 1 headers up to height 226 accepted (new: true)
[2026-09-29T22:27:27.949Z DEBUG blacksilk_p2p::net::blocks] peer 4: block 86b964658c6d at height 226 received
[2026-09-29T22:27:28.740Z DEBUG blacksilk_p2p::net::headers] peer 1: 1 headers up to height 226 accepted (new: true)
[2026-09-29T22:27:28.740Z DEBUG blacksilk_p2p::net::headers] peer 2: 1 headers up to height 226 accepted (new: false)
[2026-09-29T22:27:28.740Z DEBUG blacksilk_p2p::net::headers] peer 3: 1 headers up to height 226 accepted (new: false)
[2026-09-29T22:27:31.715Z DEBUG blacksilk_p2p::net::headers] peer 4: 1 headers up to height 227 accepted (new: true)
[2026-09-29T22:27:31.808Z DEBUG blacksilk_p2p::net::blocks] peer 4: block fc04bbe4eacd at height 227 received
[2026-09-29T22:27:32.007Z DEBUG blacksilk_p2p::net::headers] peer 1: 1 headers up to height 227 accepted (new: false)
[2026-09-29T22:27:32.059Z DEBUG blacksilk_p2p::net::headers] peer 2: 1 headers up to height 227 accepted (new: false)
[2026-09-29T22:27:33.534Z DEBUG blacksilk_p2p::net::headers] peer 4: 1 headers up to height 228 accepted (new: true)
[2026-09-29T22:27:33.609Z DEBUG blacksilk_p2p::net::blocks] peer 4: block 3f228eaecd0d at height 228 received
[2026-09-29T22:27:36.908Z DEBUG blacksilk_p2p::net::headers] peer 4: 1 headers up to height 229 accepted (new: true)
[2026-09-29T22:27:36.978Z DEBUG blacksilk_p2p::net::blocks] peer 4: block 2a17f568a92b at height 229 received
[2026-09-29T22:27:48.632Z DEBUG blacksilk_p2p::net::headers] peer 4: 1 headers up to height 230 accepted (new: true)
[2026-09-29T22:27:48.695Z DEBUG blacksilk_p2p::net::blocks] peer 4: block 66755aedeec1 at height 230 received
[2026-09-29T22:27:48.731Z DEBUG blacksilk_p2p::net::headers] peer 2: 1 headers up to height 230 accepted (new: false)
[2026-09-29T22:27:48.773Z DEBUG blacksilk_p2p::net::headers] peer 3: 1 headers up to height 230 accepted (new: false)
[2026-09-29T22:27:48.813Z DEBUG blacksilk_p2p::net::headers] peer 1: 1 headers up to height 230 accepted (new: false)
[2026-09-29T22:27:51.479Z DEBUG blacksilk_p2p::net::headers] peer 4: 1 headers up to height 231 accepted (new: true)
[2026-09-29T22:27:51.479Z DEBUG blacksilk_p2p::net::headers] peer 1: 1 headers up to height 231 accepted (new: false)
[2026-09-29T22:27:51.479Z DEBUG blacksilk_p2p::net::headers] peer 2: 1 headers up to height 231 accepted (new: false)
[2026-09-29T22:27:51.550Z DEBUG blacksilk_p2p::net::blocks] peer 4: block e4fea1cf36b6 at height 231 received
[2026-09-29T22:27:51.684Z DEBUG blacksilk_p2p::net::headers] peer 3: 1 headers up to height 231 accepted (new: false)
[2026-09-29T22:28:03.713Z DEBUG blacksilk_p2p::net::headers] peer 1: 1 headers up to height 232 accepted (new: true)
[2026-09-29T22:28:03.801Z DEBUG blacksilk_p2p::net::blocks] peer 1: block da88adf9c7e7 at height 232 received
[2026-09-29T22:28:05.370Z DEBUG blacksilk_p2p::net::headers] peer 1: 1 headers up to height 233 accepted (new: true)
[2026-09-29T22:28:05.439Z DEBUG blacksilk_p2p::net::blocks] peer 1: block 64c806538d8f at height 233 received
[2026-09-29T22:28:10.839Z DEBUG blacksilk_p2p::net::headers] peer 1: 1 headers up to height 234 accepted (new: true)
[2026-09-29T22:28:10.948Z DEBUG blacksilk_p2p::net::blocks] peer 1: block 5b20991eb1d2 at height 234 received
[2026-09-29T22:28:14.714Z DEBUG blacksilk_p2p::net::headers] peer 1: 1 headers up to height 235 accepted (new: true)
[2026-09-29T22:28:14.714Z DEBUG blacksilk_p2p::net::headers] peer 2: 1 headers up to height 235 accepted (new: false)
[2026-09-29T22:28:14.771Z DEBUG blacksilk_p2p::net::blocks] peer 1: block cd64a1b432a5 at height 235 received
[2026-09-29T22:28:14.791Z DEBUG blacksilk_p2p::net::headers] peer 3: 1 headers up to height 235 accepted (new: false)
[2026-09-29T22:28:14.913Z DEBUG blacksilk_p2p::net::headers] peer 4: 1 headers up to height 235 accepted (new: false)
[2026-09-29T22:28:22.586Z DEBUG blacksilk_p2p::net::headers] peer 1: 1 headers up to height 236 accepted (new: true)
[2026-09-29T22:28:22.633Z DEBUG blacksilk_p2p::net::headers] peer 3: 1 headers up to height 236 accepted (new: false)
[2026-09-29T22:28:22.649Z DEBUG blacksilk_p2p::net::blocks] peer 1: block e928c5d7717b at height 236 received
[2026-09-29T22:28:22.733Z DEBUG blacksilk_p2p::net::headers] peer 4: 1 headers up to height 236 accepted (new: false)
[2026-09-29T22:28:22.859Z DEBUG blacksilk_p2p::net::headers] peer 2: 1 headers up to height 236 accepted (new: false)
[2026-09-29T22:28:24.530Z DEBUG blacksilk_p2p::net::headers] peer 1: 1 headers up to height 237 accepted (new: true)
[2026-09-29T22:28:24.585Z DEBUG blacksilk_p2p::net::blocks] peer 1: block aeacd677867e at height 237 received
[2026-09-29T22:28:24.744Z DEBUG blacksilk_p2p::net::headers] peer 2: 1 headers up to height 237 accepted (new: false)
[2026-09-29T22:28:24.781Z DEBUG blacksilk_p2p::net::headers] peer 3: 1 headers up to height 237 accepted (new: false)
[2026-09-29T22:28:27.835Z DEBUG blacksilk_p2p::net::headers] peer 4: 1 headers up to height 238 accepted (new: true)
[2026-09-29T22:28:27.933Z DEBUG blacksilk_p2p::net::blocks] peer 4: block 14bff59a90ba at height 238 received
[2026-09-29T22:28:27.936Z DEBUG blacksilk_p2p::net::headers] peer 2: 1 headers up to height 238 accepted (new: false)
[2026-09-29T22:28:28.175Z DEBUG blacksilk_p2p::net::headers] peer 3: 1 headers up to height 238 accepted (new: false)
[2026-09-29T22:28:28.206Z DEBUG blacksilk_p2p::net::headers] peer 1: 1 headers up to height 238 accepted (new: false)
[2026-09-29T22:28:31.783Z DEBUG blacksilk_p2p::net::headers] peer 1: 1 headers up to height 239 accepted (new: true)
[2026-09-29T22:28:31.855Z DEBUG blacksilk_p2p::net::blocks] peer 1: block 957dcc764735 at height 239 received
[2026-09-29T22:28:32.623Z DEBUG blacksilk_p2p::net::headers] peer 4: 1 headers up to height 239 accepted (new: true)
[2026-09-29T22:28:32.639Z DEBUG blacksilk_p2p::net::headers] peer 2: 1 headers up to height 239 accepted (new: false)
[2026-09-29T22:28:32.639Z DEBUG blacksilk_p2p::net::headers] peer 3: 1 headers up to height 239 accepted (new: false)
[2026-09-29T22:28:35.454Z DEBUG blacksilk_p2p::net::headers] peer 1: 1 headers up to height 240 accepted (new: true)
[2026-09-29T22:28:35.454Z DEBUG blacksilk_p2p::net::headers] peer 4: 1 headers up to height 240 accepted (new: false)
[2026-09-29T22:28:35.454Z DEBUG blacksilk_p2p::net::headers] peer 2: 1 headers up to height 240 accepted (new: false)
[2026-09-29T22:28:35.512Z DEBUG blacksilk_p2p::net::blocks] peer 1: block 8f500333f69d at height 240 received
[2026-09-29T22:28:42.920Z DEBUG blacksilk_p2p::net::headers] peer 1: 1 headers up to height 241 accepted (new: true)
[2026-09-29T22:28:42.988Z DEBUG blacksilk_p2p::net::blocks] peer 1: block c0f0f4f6b20f at height 241 received
[2026-09-29T22:28:43.701Z DEBUG blacksilk_p2p::net::headers] peer 4: 1 headers up to height 241 accepted (new: true)
[2026-09-29T22:28:43.701Z DEBUG blacksilk_p2p::net::headers] peer 2: 1 headers up to height 241 accepted (new: false)
[2026-09-29T22:28:43.701Z DEBUG blacksilk_p2p::net::headers] peer 3: 1 headers up to height 241 accepted (new: false)
[2026-09-29T22:28:50.449Z DEBUG blacksilk_p2p::net::headers] peer 1: 1 headers up to height 242 accepted (new: true)
[2026-09-29T22:28:50.528Z DEBUG blacksilk_p2p::net::blocks] peer 1: block 7319f7bd900f at height 242 received
[2026-09-29T22:28:50.544Z DEBUG blacksilk_p2p::net::headers] peer 2: 1 headers up to height 242 accepted (new: false)
[2026-09-29T22:28:50.732Z DEBUG blacksilk_p2p::net::headers] peer 3: 1 headers up to height 242 accepted (new: false)
[2026-09-29T22:28:50.757Z DEBUG blacksilk_p2p::net::headers] peer 4: 1 headers up to height 242 accepted (new: false)
[2026-09-29T22:28:56.644Z DEBUG blacksilk_p2p::net::stem] stem tx 9d9e039061d0 -> peer 2
[2026-09-29T22:29:06.991Z DEBUG blacksilk_p2p::net::headers] peer 1: 1 headers up to height 243 accepted (new: true)
[2026-09-29T22:29:07.055Z DEBUG blacksilk_p2p::net::headers] peer 2: 1 headers up to height 243 accepted (new: false)
[2026-09-29T22:29:07.074Z DEBUG blacksilk_p2p::net::blocks] peer 1: block 1359b11487fa at height 243 received
[2026-09-29T22:29:07.196Z DEBUG blacksilk_p2p::net::headers] peer 3: 1 headers up to height 243 accepted (new: false)
[2026-09-29T22:29:07.221Z DEBUG blacksilk_p2p::net::headers] peer 4: 1 headers up to height 243 accepted (new: false)
[2026-09-29T22:29:22.064Z DEBUG blacksilk_p2p::net::headers] peer 4: 1 headers up to height 244 accepted (new: true)
[2026-09-29T22:29:22.143Z DEBUG blacksilk_p2p::net::blocks] peer 4: block 42f362c34fd6 at height 244 received
[2026-09-29T22:29:22.206Z DEBUG blacksilk_p2p::net::headers] peer 3: 1 headers up to height 244 accepted (new: false)
[2026-09-29T22:29:22.224Z DEBUG blacksilk_p2p::net::headers] peer 2: 1 headers up to height 244 accepted (new: false)
[2026-09-29T22:29:28.867Z DEBUG blacksilk_p2p::net::headers] peer 1: 1 headers up to height 245 accepted (new: true)
[2026-09-29T22:29:28.948Z DEBUG blacksilk_p2p::net::blocks] peer 1: block c1b32928ca77 at height 245 received
[2026-09-29T22:29:29.009Z DEBUG blacksilk_p2p::net::headers] peer 4: 1 headers up to height 245 accepted (new: false)
[2026-09-29T22:29:29.024Z DEBUG blacksilk_p2p::net::headers] peer 3: 1 headers up to height 245 accepted (new: false)
[2026-09-29T22:29:42.058Z DEBUG blacksilk_p2p::net::headers] peer 4: 1 headers up to height 246 accepted (new: true)
[2026-09-29T22:29:42.140Z DEBUG blacksilk_p2p::net::blocks] peer 4: block ce824ca446b8 at height 246 received
[2026-09-29T22:29:42.214Z DEBUG blacksilk_p2p::net::headers] peer 3: 1 headers up to height 246 accepted (new: false)
[2026-09-29T22:29:42.214Z DEBUG blacksilk_p2p::net::headers] peer 2: 1 headers up to height 246 accepted (new: false)
[2026-09-29T22:29:51.902Z DEBUG blacksilk_p2p::net::headers] peer 4: 1 headers up to height 247 accepted (new: true)
[2026-09-29T22:29:51.972Z DEBUG blacksilk_p2p::net::blocks] peer 4: block affe84660aea at height 247 received
[2026-09-29T22:29:52.179Z DEBUG blacksilk_p2p::net::headers] peer 3: 1 headers up to height 247 accepted (new: false)
[2026-09-29T22:29:52.179Z DEBUG blacksilk_p2p::net::headers] peer 2: 1 headers up to height 247 accepted (new: false)
[2026-09-29T22:29:52.256Z DEBUG blacksilk_p2p::net::headers] peer 1: 1 headers up to height 247 accepted (new: false)
[2026-09-29T22:29:54.236Z DEBUG blacksilk_p2p::net::headers] peer 1: 1 headers up to height 248 accepted (new: true)
[2026-09-29T22:29:54.311Z DEBUG blacksilk_p2p::net::blocks] peer 1: block 604c806250cb at height 248 received
[2026-09-29T22:29:54.390Z DEBUG blacksilk_p2p::net::headers] peer 4: 1 headers up to height 248 accepted (new: false)
[2026-09-29T22:29:54.517Z DEBUG blacksilk_p2p::net::headers] peer 2: 1 headers up to height 248 accepted (new: false)
[2026-09-29T22:29:54.543Z DEBUG blacksilk_p2p::net::headers] peer 3: 1 headers up to height 248 accepted (new: false)
[2026-09-29T22:30:03.421Z DEBUG blacksilk_p2p::net::headers] peer 4: 1 headers up to height 249 accepted (new: true)
[2026-09-29T22:30:03.490Z DEBUG blacksilk_p2p::net::blocks] peer 4: block 3209f2472350 at height 249 received
[2026-09-29T22:30:03.557Z DEBUG blacksilk_p2p::net::headers] peer 1: 1 headers up to height 249 accepted (new: false)
[2026-09-29T22:30:03.644Z DEBUG blacksilk_p2p::net::headers] peer 3: 1 headers up to height 249 accepted (new: false)
[2026-09-29T22:30:03.658Z DEBUG blacksilk_p2p::net::headers] peer 2: 1 headers up to height 249 accepted (new: false)
[2026-09-29T22:30:07.908Z DEBUG blacksilk_p2p::net::headers] peer 1: 1 headers up to height 250 accepted (new: true)
[2026-09-29T22:30:07.978Z DEBUG blacksilk_p2p::net::blocks] peer 1: block 1ee2e6aef61d at height 250 received
[2026-09-29T22:30:08.106Z DEBUG blacksilk_p2p::net::headers] peer 3: 1 headers up to height 250 accepted (new: false)
[2026-09-29T22:30:08.152Z DEBUG blacksilk_p2p::net::headers] peer 2: 1 headers up to height 250 accepted (new: false)
[2026-09-29T22:30:11.062Z DEBUG blacksilk_p2p::net::headers] peer 1: 1 headers up to height 251 accepted (new: true)
[2026-09-29T22:30:11.134Z DEBUG blacksilk_p2p::net::blocks] peer 1: block 0ae41df7e98a at height 251 received
[2026-09-29T22:30:18.156Z DEBUG blacksilk_p2p::net::headers] peer 4: 1 headers up to height 252 accepted (new: true)
[2026-09-29T22:30:18.278Z DEBUG blacksilk_p2p::net::blocks] peer 4: block ad4597de1ab5 at height 252 received
[2026-09-29T22:30:20.471Z DEBUG blacksilk_p2p::net::headers] peer 4: 1 headers up to height 253 accepted (new: true)
[2026-09-29T22:30:20.527Z DEBUG blacksilk_p2p::net::blocks] peer 4: block 971acdbca775 at height 253 received
[2026-09-29T22:30:20.683Z DEBUG blacksilk_p2p::net::headers] peer 3: 1 headers up to height 253 accepted (new: false)
[2026-09-29T22:30:20.683Z DEBUG blacksilk_p2p::net::headers] peer 1: 1 headers up to height 253 accepted (new: false)
[2026-09-29T22:30:20.731Z DEBUG blacksilk_p2p::net::headers] peer 2: 1 headers up to height 253 accepted (new: false)
[2026-09-29T22:30:34.001Z DEBUG blacksilk_p2p::net::headers] peer 1: 1 headers up to height 254 accepted (new: true)
[2026-09-29T22:30:34.001Z DEBUG blacksilk_p2p::net::headers] peer 4: 1 headers up to height 254 accepted (new: false)
[2026-09-29T22:30:34.079Z DEBUG blacksilk_p2p::net::blocks] peer 1: block b79689873190 at height 254 received
[2026-09-29T22:30:34.104Z DEBUG blacksilk_p2p::net::headers] peer 3: 1 headers up to height 254 accepted (new: false)
[2026-09-29T22:30:34.104Z DEBUG blacksilk_p2p::net::headers] peer 2: 1 headers up to height 254 accepted (new: false)
[2026-09-29T22:30:38.721Z DEBUG blacksilk_p2p::net::headers] peer 1: 1 headers up to height 255 accepted (new: true)
[2026-09-29T22:30:38.811Z DEBUG blacksilk_p2p::net::blocks] peer 1: block aa44a2762d4e at height 255 received
[2026-09-29T22:30:56.944Z DEBUG blacksilk_p2p::net::headers] peer 4: 1 headers up to height 256 accepted (new: true)
[2026-09-29T22:30:57.009Z DEBUG blacksilk_p2p::net::blocks] peer 4: block 0f6e6547b9c5 at height 256 received
[2026-09-29T22:30:57.196Z DEBUG blacksilk_p2p::net::headers] peer 3: 1 headers up to height 256 accepted (new: false)
[2026-09-29T22:30:57.208Z DEBUG blacksilk_p2p::net::headers] peer 1: 1 headers up to height 256 accepted (new: false)
[2026-09-29T22:31:00.387Z DEBUG blacksilk_p2p::net::headers] peer 1: 1 headers up to height 257 accepted (new: true)
[2026-09-29T22:31:00.462Z DEBUG blacksilk_p2p::net::blocks] peer 1: block a662d707939b at height 257 received
[2026-09-29T22:31:00.546Z DEBUG blacksilk_p2p::net::headers] peer 4: 1 headers up to height 257 accepted (new: false)
[2026-09-29T22:31:00.548Z DEBUG blacksilk_p2p::net::headers] peer 2: 1 headers up to height 257 accepted (new: false)
[2026-09-29T22:31:03.295Z DEBUG blacksilk_p2p::net::headers] peer 4: 1 headers up to height 258 accepted (new: true)
[2026-09-29T22:31:03.383Z DEBUG blacksilk_p2p::net::blocks] peer 4: block 9b5c797ed808 at height 258 received
[2026-09-29T22:31:08.955Z DEBUG blacksilk_p2p::net::headers] peer 4: 1 headers up to height 259 accepted (new: true)
[2026-09-29T22:31:08.977Z DEBUG blacksilk_p2p::net::headers] peer 1: 1 headers up to height 259 accepted (new: false)
[2026-09-29T22:31:09.023Z DEBUG blacksilk_p2p::net::blocks] peer 4: block 564ebb20800b at height 259 received
[2026-09-29T22:31:09.104Z DEBUG blacksilk_p2p::net::headers] peer 3: 1 headers up to height 259 accepted (new: false)
[2026-09-29T22:31:09.165Z DEBUG blacksilk_p2p::net::headers] peer 2: 1 headers up to height 259 accepted (new: false)
[2026-09-29T22:31:14.767Z DEBUG blacksilk_p2p::net::headers] peer 1: 1 headers up to height 260 accepted (new: true)
[2026-09-29T22:31:14.837Z DEBUG blacksilk_p2p::net::blocks] peer 1: block bde30cc57e6e at height 260 received
[2026-09-29T22:31:14.890Z DEBUG blacksilk_p2p::net::headers] peer 3: 1 headers up to height 260 accepted (new: false)
[2026-09-29T22:31:14.974Z DEBUG blacksilk_p2p::net::headers] peer 2: 1 headers up to height 260 accepted (new: false)
[2026-09-29T22:31:14.994Z DEBUG blacksilk_p2p::net::headers] peer 4: 1 headers up to height 260 accepted (new: false)
[2026-09-29T22:31:17.448Z DEBUG blacksilk_p2p::net::stem] stem tx 404c8ef70552 -> peer 1
[2026-09-29T22:31:34.337Z DEBUG blacksilk_p2p::net::headers] peer 4: 1 headers up to height 261 accepted (new: true)
[2026-09-29T22:31:34.410Z DEBUG blacksilk_p2p::net::blocks] peer 4: block 8938397a5c62 at height 261 received
[2026-09-29T22:31:34.584Z DEBUG blacksilk_p2p::net::headers] peer 3: 1 headers up to height 261 accepted (new: false)
[2026-09-29T22:31:34.616Z DEBUG blacksilk_p2p::net::headers] peer 2: 1 headers up to height 261 accepted (new: false)
[2026-09-29T22:31:34.649Z DEBUG blacksilk_p2p::net::headers] peer 1: 1 headers up to height 261 accepted (new: false)
[2026-09-29T22:31:37.474Z DEBUG blacksilk_p2p::net::stem] stem tx acc8c6222089 -> peer 2
[2026-09-29T22:31:38.398Z DEBUG blacksilk_p2p::net::headers] peer 1: 1 headers up to height 262 accepted (new: true)
[2026-09-29T22:31:38.471Z DEBUG blacksilk_p2p::net::blocks] peer 1: block 070c7a895ab2 at height 262 received
[2026-09-29T22:31:38.555Z DEBUG blacksilk_p2p::net::headers] peer 3: 1 headers up to height 262 accepted (new: false)
[2026-09-29T22:31:38.588Z DEBUG blacksilk_p2p::net::headers] peer 2: 1 headers up to height 262 accepted (new: false)
[2026-09-29T22:31:45.993Z DEBUG blacksilk_p2p::net::headers] peer 4: 1 headers up to height 263 accepted (new: true)
[2026-09-29T22:31:45.994Z DEBUG blacksilk_p2p::net::headers] peer 3: 1 headers up to height 263 accepted (new: false)
[2026-09-29T22:31:45.994Z DEBUG blacksilk_p2p::net::headers] peer 2: 1 headers up to height 263 accepted (new: false)
[2026-09-29T22:31:46.058Z DEBUG blacksilk_p2p::net::blocks] peer 4: block b9eb5e11d41c at height 263 received
[2026-09-29T22:31:46.195Z DEBUG blacksilk_p2p::net::headers] peer 1: 1 headers up to height 263 accepted (new: false)
[2026-09-29T22:31:58.466Z DEBUG blacksilk_p2p::net::headers] peer 1: 1 headers up to height 264 accepted (new: true)
[2026-09-29T22:31:58.466Z DEBUG blacksilk_p2p::net::headers] peer 3: 1 headers up to height 264 accepted (new: false)
[2026-09-29T22:31:58.467Z DEBUG blacksilk_p2p::net::headers] peer 2: 1 headers up to height 264 accepted (new: false)
[2026-09-29T22:31:58.542Z DEBUG blacksilk_p2p::net::blocks] peer 1: block 1dd981feef98 at height 264 received
[2026-09-29T22:31:58.734Z DEBUG blacksilk_p2p::net::headers] peer 4: 1 headers up to height 264 accepted (new: false)
[2026-09-29T22:32:15.560Z DEBUG blacksilk_p2p::net::headers] peer 1: 1 headers up to height 265 accepted (new: true)
[2026-09-29T22:32:15.647Z DEBUG blacksilk_p2p::net::blocks] peer 1: block 532c0a66511f at height 265 received
[2026-09-29T22:32:15.718Z DEBUG blacksilk_p2p::net::headers] peer 4: 1 headers up to height 265 accepted (new: false)
[2026-09-29T22:32:24.888Z DEBUG blacksilk_p2p::net::headers] peer 1: 1 headers up to height 266 accepted (new: true)
[2026-09-29T22:32:24.958Z DEBUG blacksilk_p2p::net::blocks] peer 1: block 79422c5aaab3 at height 266 received
[2026-09-29T22:32:25.084Z DEBUG blacksilk_p2p::net::headers] peer 2: 1 headers up to height 266 accepted (new: false)
[2026-09-29T22:32:25.084Z DEBUG blacksilk_p2p::net::headers] peer 3: 1 headers up to height 266 accepted (new: false)
[2026-09-29T22:32:25.140Z DEBUG blacksilk_p2p::net::headers] peer 4: 1 headers up to height 266 accepted (new: false)
[2026-09-29T22:32:30.755Z DEBUG blacksilk_p2p::net::headers] peer 1: 1 headers up to height 267 accepted (new: true)
[2026-09-29T22:32:30.840Z DEBUG blacksilk_p2p::net::blocks] peer 1: block 34f825b54039 at height 267 received
[2026-09-29T22:32:31.841Z DEBUG blacksilk_p2p::net::headers] peer 4: 1 headers up to height 267 accepted (new: true)
[2026-09-29T22:32:31.841Z DEBUG blacksilk_p2p::net::headers] peer 3: 1 headers up to height 267 accepted (new: false)
[2026-09-29T22:32:31.841Z DEBUG blacksilk_p2p::net::headers] peer 2: 1 headers up to height 267 accepted (new: false)
[2026-09-29T22:32:34.282Z DEBUG blacksilk_p2p::net::headers] peer 1: 1 headers up to height 268 accepted (new: true)
[2026-09-29T22:32:34.357Z DEBUG blacksilk_p2p::net::blocks] peer 1: block 170fa2ae0154 at height 268 received
[2026-09-29T22:32:34.476Z DEBUG blacksilk_p2p::net::headers] peer 3: 1 headers up to height 268 accepted (new: false)
[2026-09-29T22:32:34.493Z DEBUG blacksilk_p2p::net::headers] peer 2: 1 headers up to height 268 accepted (new: false)
[2026-09-29T22:32:34.609Z DEBUG blacksilk_p2p::net::headers] peer 4: 1 headers up to height 268 accepted (new: false)
[2026-09-29T22:32:35.620Z DEBUG blacksilk_p2p::net::headers] peer 1: 1 headers up to height 269 accepted (new: true)
[2026-09-29T22:32:35.678Z DEBUG blacksilk_p2p::net::blocks] peer 1: block f662da8fc020 at height 269 received
[2026-09-29T22:32:35.826Z DEBUG blacksilk_p2p::net::headers] peer 2: 1 headers up to height 269 accepted (new: false)
[2026-09-29T22:32:35.827Z DEBUG blacksilk_p2p::net::headers] peer 3: 1 headers up to height 269 accepted (new: false)
[2026-09-29T22:32:35.941Z DEBUG blacksilk_p2p::net::headers] peer 4: 1 headers up to height 269 accepted (new: false)
[2026-09-29T22:32:46.440Z DEBUG blacksilk_p2p::net::headers] peer 1: 1 headers up to height 270 accepted (new: true)
[2026-09-29T22:32:46.447Z DEBUG blacksilk_p2p::net::headers] peer 4: 1 headers up to height 270 accepted (new: false)
[2026-09-29T22:32:46.494Z DEBUG blacksilk_p2p::net::blocks] peer 1: block ada46b10c693 at height 270 received
[2026-09-29T22:32:48.992Z DEBUG blacksilk_p2p::net::headers] peer 1: 1 headers up to height 271 accepted (new: true)
[2026-09-29T22:32:49.048Z DEBUG blacksilk_p2p::net::blocks] peer 1: block e3b446000001 at height 271 received
[2026-09-29T22:32:49.081Z DEBUG blacksilk_p2p::net::headers] peer 4: 1 headers up to height 271 accepted (new: false)
[2026-09-29T22:32:49.121Z DEBUG blacksilk_p2p::net::headers] peer 2: 1 headers up to height 271 accepted (new: false)
[2026-09-29T22:32:54.077Z DEBUG blacksilk_p2p::net::headers] peer 1: 1 headers up to height 272 accepted (new: true)
[2026-09-29T22:32:54.121Z DEBUG blacksilk_p2p::net::headers] peer 3: 1 headers up to height 272 accepted (new: false)
[2026-09-29T22:32:54.142Z DEBUG blacksilk_p2p::net::blocks] peer 1: block 579b0946f91e at height 272 received
[2026-09-29T22:32:54.163Z DEBUG blacksilk_p2p::net::headers] peer 2: 1 headers up to height 272 accepted (new: false)
[2026-09-29T22:32:54.341Z DEBUG blacksilk_p2p::net::headers] peer 4: 1 headers up to height 272 accepted (new: false)
[2026-09-29T22:33:01.785Z DEBUG blacksilk_p2p::net::headers] peer 1: 1 headers up to height 273 accepted (new: true)
[2026-09-29T22:33:01.850Z DEBUG blacksilk_p2p::net::blocks] peer 1: block 42a7ecb96f35 at height 273 received
[2026-09-29T22:33:02.636Z DEBUG blacksilk_p2p::net::headers] peer 4: 1 headers up to height 273 accepted (new: true)
[2026-09-29T22:33:02.637Z DEBUG blacksilk_p2p::net::headers] peer 3: 1 headers up to height 273 accepted (new: false)
[2026-09-29T22:33:02.637Z DEBUG blacksilk_p2p::net::headers] peer 2: 1 headers up to height 273 accepted (new: false)
[2026-09-29T22:33:08.099Z DEBUG blacksilk_p2p::net::headers] peer 4: 1 headers up to height 274 accepted (new: true)
[2026-09-29T22:33:08.160Z DEBUG blacksilk_p2p::net::blocks] peer 4: block c72e91129ce2 at height 274 received
[2026-09-29T22:33:08.238Z DEBUG blacksilk_p2p::net::headers] peer 1: 1 headers up to height 274 accepted (new: false)
[2026-09-29T22:33:08.339Z DEBUG blacksilk_p2p::net::headers] peer 3: 1 headers up to height 274 accepted (new: false)
[2026-09-29T22:33:08.418Z DEBUG blacksilk_p2p::net::blocks] peer 1: block 4c735c870ed9 at height 273 received
[2026-09-29T22:33:08.422Z INFO  blacksilk_chain::manager::fork_choice] reorganization: disconnecting 1 block(s) above height 272
[2026-09-29T22:33:08.428Z INFO  blacksilk_chain::manager::fork_choice] mempool after the reorganization: Revalidation { checked: 0, invalid: 0, ring_changed: 0 }; returned transactions: Readmission { readmitted: 0, already_pooled: 0, other_rules: 0, conflicts: 0, invalid: 0, ring_changed: 0, no_room: 0, over_budget: 0 }; 0 beyond the readmission budget, not captured
[2026-09-29T22:33:08.579Z DEBUG blacksilk_p2p::net::headers] peer 2: 1 headers up to height 274 accepted (new: false)
[2026-09-29T22:33:11.016Z DEBUG blacksilk_p2p::net::headers] peer 1: 1 headers up to height 275 accepted (new: true)
[2026-09-29T22:33:11.102Z DEBUG blacksilk_p2p::net::blocks] peer 1: block dae579677202 at height 275 received
[2026-09-29T22:33:11.203Z DEBUG blacksilk_p2p::net::headers] peer 2: 1 headers up to height 275 accepted (new: false)
[2026-09-29T22:33:11.226Z DEBUG blacksilk_p2p::net::headers] peer 3: 1 headers up to height 275 accepted (new: false)
[2026-09-29T22:33:13.058Z DEBUG blacksilk_p2p::net::headers] peer 1: 1 headers up to height 276 accepted (new: true)
[2026-09-29T22:33:13.058Z DEBUG blacksilk_p2p::net::headers] peer 3: 1 headers up to height 276 accepted (new: false)
[2026-09-29T22:33:13.135Z DEBUG blacksilk_p2p::net::blocks] peer 1: block d3145e1982a2 at height 276 received
[2026-09-29T22:33:13.278Z DEBUG blacksilk_p2p::net::headers] peer 4: 1 headers up to height 276 accepted (new: false)
[2026-09-29T22:33:13.318Z DEBUG blacksilk_p2p::net::headers] peer 2: 1 headers up to height 276 accepted (new: false)
[2026-09-29T22:33:30.421Z DEBUG blacksilk_p2p::net::headers] peer 1: 1 headers up to height 277 accepted (new: true)
[2026-09-29T22:33:30.480Z DEBUG blacksilk_p2p::net::blocks] peer 1: block f254cb6dddb3 at height 277 received
[2026-09-29T22:33:30.563Z DEBUG blacksilk_p2p::net::headers] peer 3: 1 headers up to height 277 accepted (new: false)
[2026-09-29T22:33:30.581Z DEBUG blacksilk_p2p::net::headers] peer 4: 1 headers up to height 277 accepted (new: false)
[2026-09-29T22:33:38.767Z DEBUG blacksilk_p2p::net::headers] peer 1: 1 headers up to height 278 accepted (new: true)
[2026-09-29T22:33:38.849Z DEBUG blacksilk_p2p::net::blocks] peer 1: block f1fd3046e82a at height 278 received
[2026-09-29T22:33:38.994Z DEBUG blacksilk_p2p::net::headers] peer 4: 1 headers up to height 278 accepted (new: false)
[2026-09-29T22:33:38.994Z DEBUG blacksilk_p2p::net::headers] peer 3: 1 headers up to height 278 accepted (new: false)
[2026-09-29T22:33:39.035Z DEBUG blacksilk_p2p::net::headers] peer 2: 1 headers up to height 278 accepted (new: false)
[2026-09-29T22:33:46.678Z DEBUG blacksilk_p2p::net::headers] peer 4: 1 headers up to height 279 accepted (new: true)
[2026-09-29T22:33:46.755Z DEBUG blacksilk_p2p::net::blocks] peer 4: block 44b1d76f7456 at height 279 received
[2026-09-29T22:33:46.821Z DEBUG blacksilk_p2p::net::headers] peer 3: 1 headers up to height 279 accepted (new: false)
[2026-09-29T22:33:46.862Z DEBUG blacksilk_p2p::net::headers] peer 2: 1 headers up to height 279 accepted (new: false)
[2026-09-29T22:33:51.960Z DEBUG blacksilk_p2p::net::headers] peer 1: 1 headers up to height 280 accepted (new: true)
[2026-09-29T22:33:52.040Z DEBUG blacksilk_p2p::net::blocks] peer 1: block f0119f6f6ad6 at height 280 received
[2026-09-29T22:33:52.043Z DEBUG blacksilk_p2p::net::headers] peer 3: 1 headers up to height 280 accepted (new: false)
[2026-09-29T22:33:52.126Z DEBUG blacksilk_p2p::net::headers] peer 2: 1 headers up to height 280 accepted (new: false)
[2026-09-29T22:33:52.126Z DEBUG blacksilk_p2p::net::headers] peer 4: 1 headers up to height 280 accepted (new: false)
[2026-09-29T22:33:53.867Z DEBUG blacksilk_p2p::net::headers] peer 1: 1 headers up to height 281 accepted (new: true)
[2026-09-29T22:33:53.895Z DEBUG blacksilk_p2p::net::headers] peer 3: 1 headers up to height 281 accepted (new: false)
[2026-09-29T22:33:53.934Z DEBUG blacksilk_p2p::net::blocks] peer 1: block f83054a98f79 at height 281 received
[2026-09-29T22:33:53.934Z DEBUG blacksilk_p2p::net::headers] peer 2: 1 headers up to height 281 accepted (new: false)
[2026-09-29T22:33:54.195Z DEBUG blacksilk_p2p::net::headers] peer 4: 1 headers up to height 281 accepted (new: false)
[2026-09-29T22:34:10.514Z DEBUG blacksilk_p2p::net::headers] peer 4: 1 headers up to height 282 accepted (new: true)
[2026-09-29T22:34:10.590Z DEBUG blacksilk_p2p::net::blocks] peer 4: block 89884f41c60c at height 282 received
[2026-09-29T22:34:14.003Z DEBUG blacksilk_p2p::net::headers] peer 1: 1 headers up to height 283 accepted (new: true)
[2026-09-29T22:34:14.071Z DEBUG blacksilk_p2p::net::blocks] peer 1: block 696ac4e5790c at height 283 received
[2026-09-29T22:34:14.099Z DEBUG blacksilk_p2p::net::headers] peer 2: 1 headers up to height 283 accepted (new: false)
[2026-09-29T22:34:14.323Z DEBUG blacksilk_p2p::net::headers] peer 4: 1 headers up to height 283 accepted (new: false)
[2026-09-29T22:34:20.822Z DEBUG blacksilk_p2p::net::headers] peer 4: 1 headers up to height 284 accepted (new: true)
[2026-09-29T22:34:20.896Z DEBUG blacksilk_p2p::net::blocks] peer 4: block 1c7d2b42013c at height 284 received
[2026-09-29T22:34:21.122Z DEBUG blacksilk_p2p::net::headers] peer 1: 1 headers up to height 284 accepted (new: false)
[2026-09-29T22:34:21.184Z DEBUG blacksilk_p2p::net::headers] peer 2: 1 headers up to height 284 accepted (new: false)
[2026-09-29T22:34:21.206Z DEBUG blacksilk_p2p::net::headers] peer 3: 1 headers up to height 284 accepted (new: false)
[2026-09-29T22:34:31.335Z DEBUG blacksilk_p2p::net::headers] peer 4: 1 headers up to height 285 accepted (new: true)
[2026-09-29T22:34:31.414Z DEBUG blacksilk_p2p::net::blocks] peer 4: block 0bd4890a776b at height 285 received
[2026-09-29T22:34:31.462Z DEBUG blacksilk_p2p::net::headers] peer 3: 1 headers up to height 285 accepted (new: false)
[2026-09-29T22:34:31.576Z DEBUG blacksilk_p2p::net::headers] peer 2: 1 headers up to height 285 accepted (new: false)
[2026-09-29T22:34:31.592Z DEBUG blacksilk_p2p::net::headers] peer 1: 1 headers up to height 285 accepted (new: false)
[2026-09-29T22:34:37.825Z DEBUG blacksilk_p2p::net::headers] peer 1: 1 headers up to height 286 accepted (new: true)
[2026-09-29T22:34:37.891Z DEBUG blacksilk_p2p::net::blocks] peer 1: block e6ca01934560 at height 286 received
[2026-09-29T22:34:42.352Z DEBUG blacksilk_p2p::net::headers] peer 4: 1 headers up to height 287 accepted (new: true)
[2026-09-29T22:34:42.444Z DEBUG blacksilk_p2p::net::blocks] peer 4: block 09cafc5f5327 at height 287 received
[2026-09-29T22:34:42.746Z DEBUG blacksilk_p2p::net::headers] peer 1: 1 headers up to height 287 accepted (new: false)
[2026-09-29T22:34:57.603Z DEBUG blacksilk_p2p::net::headers] peer 1: 1 headers up to height 288 accepted (new: true)
[2026-09-29T22:34:57.683Z DEBUG blacksilk_p2p::net::blocks] peer 1: block 74206e071f15 at height 288 received
[2026-09-29T22:34:57.885Z DEBUG blacksilk_p2p::net::headers] peer 4: 1 headers up to height 288 accepted (new: false)
[2026-09-29T22:34:57.885Z DEBUG blacksilk_p2p::net::headers] peer 2: 1 headers up to height 288 accepted (new: false)
[2026-09-29T22:34:57.942Z DEBUG blacksilk_p2p::net::headers] peer 3: 1 headers up to height 288 accepted (new: false)
[2026-09-29T22:34:59.329Z DEBUG blacksilk_p2p::net::headers] peer 1: 1 headers up to height 289 accepted (new: true)
[2026-09-29T22:34:59.405Z DEBUG blacksilk_p2p::net::blocks] peer 1: block ff970295808a at height 289 received
[2026-09-29T22:34:59.451Z DEBUG blacksilk_p2p::net::headers] peer 4: 1 headers up to height 289 accepted (new: false)
[2026-09-29T22:34:59.451Z DEBUG blacksilk_p2p::net::headers] peer 2: 1 headers up to height 289 accepted (new: false)
[2026-09-29T22:34:59.532Z DEBUG blacksilk_p2p::net::headers] peer 3: 1 headers up to height 289 accepted (new: false)
[2026-09-29T22:35:10.261Z DEBUG blacksilk_p2p::net::headers] peer 1: 1 headers up to height 290 accepted (new: true)
[2026-09-29T22:35:10.310Z DEBUG blacksilk_p2p::net::headers] peer 3: 1 headers up to height 290 accepted (new: false)
[2026-09-29T22:35:10.335Z DEBUG blacksilk_p2p::net::blocks] peer 1: block d7e98f99069b at height 290 received
[2026-09-29T22:35:10.470Z DEBUG blacksilk_p2p::net::headers] peer 4: 1 headers up to height 290 accepted (new: false)
[2026-09-29T22:35:10.487Z DEBUG blacksilk_p2p::net::headers] peer 2: 1 headers up to height 290 accepted (new: false)
[2026-09-29T22:35:18.704Z DEBUG blacksilk_p2p::net::stem] stem tx 14144decdcf0 -> peer 2
[2026-09-29T22:35:52.144Z DEBUG blacksilk_p2p::net::headers] peer 1: 1 headers up to height 291 accepted (new: true)
[2026-09-29T22:35:52.221Z DEBUG blacksilk_p2p::net::blocks] peer 1: block 41dd58517b5e at height 291 received
[2026-09-29T22:35:52.384Z DEBUG blacksilk_p2p::net::headers] peer 2: 1 headers up to height 291 accepted (new: false)
[2026-09-29T22:35:52.404Z DEBUG blacksilk_p2p::net::headers] peer 3: 1 headers up to height 291 accepted (new: false)
[2026-09-29T22:36:15.725Z DEBUG blacksilk_p2p::net::headers] peer 4: 1 headers up to height 292 accepted (new: true)
[2026-09-29T22:36:15.725Z DEBUG blacksilk_p2p::net::headers] peer 2: 1 headers up to height 292 accepted (new: false)
[2026-09-29T22:36:15.788Z DEBUG blacksilk_p2p::net::blocks] peer 4: block 0d4a823f8cb1 at height 292 received
[2026-09-29T22:36:15.954Z DEBUG blacksilk_p2p::net::headers] peer 3: 1 headers up to height 292 accepted (new: false)
[2026-09-29T22:36:15.974Z DEBUG blacksilk_p2p::net::headers] peer 1: 1 headers up to height 292 accepted (new: false)
[2026-09-29T22:36:18.897Z DEBUG blacksilk_p2p::net::headers] peer 4: 1 headers up to height 293 accepted (new: true)
[2026-09-29T22:36:18.984Z DEBUG blacksilk_p2p::net::blocks] peer 4: block b3d480955736 at height 293 received
[2026-09-29T22:36:19.112Z DEBUG blacksilk_p2p::net::headers] peer 1: 1 headers up to height 293 accepted (new: false)
[2026-09-29T22:36:19.173Z DEBUG blacksilk_p2p::net::headers] peer 2: 1 headers up to height 293 accepted (new: false)
[2026-09-29T22:36:22.116Z DEBUG blacksilk_p2p::net::headers] peer 4: 1 headers up to height 294 accepted (new: true)
[2026-09-29T22:36:22.192Z DEBUG blacksilk_p2p::net::blocks] peer 4: block 37afcd19de7b at height 294 received
[2026-09-29T22:36:22.288Z DEBUG blacksilk_p2p::net::headers] peer 2: 1 headers up to height 294 accepted (new: false)
[2026-09-29T22:36:28.133Z DEBUG blacksilk_p2p::net::headers] peer 4: 1 headers up to height 295 accepted (new: true)
[2026-09-29T22:36:28.204Z DEBUG blacksilk_p2p::net::blocks] peer 4: block e5cb2141f8aa at height 295 received
[2026-09-29T22:36:28.290Z DEBUG blacksilk_p2p::net::headers] peer 2: 1 headers up to height 295 accepted (new: false)
[2026-09-29T22:36:31.905Z DEBUG blacksilk_p2p::net::headers] peer 4: 1 headers up to height 296 accepted (new: true)
[2026-09-29T22:36:31.996Z DEBUG blacksilk_p2p::net::blocks] peer 4: block f7ad80fe2900 at height 296 received
[2026-09-29T22:36:32.165Z DEBUG blacksilk_p2p::net::headers] peer 1: 1 headers up to height 296 accepted (new: false)
[2026-09-29T22:36:32.196Z DEBUG blacksilk_p2p::net::headers] peer 2: 1 headers up to height 296 accepted (new: false)
[2026-09-29T22:36:37.971Z DEBUG blacksilk_p2p::net::headers] peer 4: 1 headers up to height 297 accepted (new: true)
[2026-09-29T22:36:38.039Z DEBUG blacksilk_p2p::net::blocks] peer 4: block 35e8d196c85a at height 297 received
[2026-09-29T22:36:38.039Z DEBUG blacksilk_p2p::net::headers] peer 2: 1 headers up to height 297 accepted (new: false)
[2026-09-29T22:36:38.165Z DEBUG blacksilk_p2p::net::headers] peer 1: 1 headers up to height 297 accepted (new: false)
[2026-09-29T22:36:38.267Z DEBUG blacksilk_p2p::net::headers] peer 3: 1 headers up to height 297 accepted (new: false)
[2026-09-29T22:36:41.035Z DEBUG blacksilk_p2p::net::headers] peer 4: 1 headers up to height 298 accepted (new: true)
[2026-09-29T22:36:41.113Z DEBUG blacksilk_p2p::net::blocks] peer 4: block 7d598f582353 at height 298 received
[2026-09-29T22:36:41.195Z DEBUG blacksilk_p2p::net::headers] peer 2: 1 headers up to height 298 accepted (new: false)
[2026-09-29T22:37:00.190Z DEBUG blacksilk_p2p::net::headers] peer 1: 1 headers up to height 299 accepted (new: true)
[2026-09-29T22:37:00.246Z DEBUG blacksilk_p2p::net::blocks] peer 1: block cc9ff5225904 at height 299 received
[2026-09-29T22:37:00.259Z DEBUG blacksilk_p2p::net::headers] peer 2: 1 headers up to height 299 accepted (new: false)
[2026-09-29T22:37:00.428Z DEBUG blacksilk_p2p::net::headers] peer 3: 1 headers up to height 299 accepted (new: false)
[2026-09-29T22:37:00.459Z DEBUG blacksilk_p2p::net::headers] peer 4: 1 headers up to height 299 accepted (new: false)
[2026-09-29T22:37:04.725Z DEBUG blacksilk_p2p::net::headers] peer 4: 1 headers up to height 300 accepted (new: true)
[2026-09-29T22:37:04.803Z DEBUG blacksilk_p2p::net::blocks] peer 4: block 92e5301dd3de at height 300 received
[2026-09-29T22:37:04.929Z DEBUG blacksilk_p2p::net::headers] peer 3: 1 headers up to height 300 accepted (new: false)
[2026-09-29T22:37:18.037Z DEBUG blacksilk_p2p::net::headers] peer 4: 1 headers up to height 301 accepted (new: true)
[2026-09-29T22:37:18.121Z DEBUG blacksilk_p2p::net::blocks] peer 4: block e89de3a07d29 at height 301 received
[2026-09-29T22:37:18.185Z DEBUG blacksilk_p2p::net::headers] peer 2: 1 headers up to height 301 accepted (new: false)
[2026-09-29T22:37:18.238Z DEBUG blacksilk_p2p::net::headers] peer 1: 1 headers up to height 301 accepted (new: false)
[2026-09-29T22:37:24.552Z DEBUG blacksilk_p2p::net::headers] peer 4: 1 headers up to height 302 accepted (new: true)
[2026-09-29T22:37:24.552Z DEBUG blacksilk_p2p::net::headers] peer 1: 1 headers up to height 302 accepted (new: false)
[2026-09-29T22:37:24.596Z DEBUG blacksilk_p2p::net::headers] peer 3: 1 headers up to height 302 accepted (new: false)
[2026-09-29T22:37:24.615Z DEBUG blacksilk_p2p::net::blocks] peer 4: block 91b81606742e at height 302 received
[2026-09-29T22:37:24.778Z DEBUG blacksilk_p2p::net::headers] peer 2: 1 headers up to height 302 accepted (new: false)
[2026-09-29T22:37:28.498Z DEBUG blacksilk_p2p::net::headers] peer 1: 1 headers up to height 303 accepted (new: true)
[2026-09-29T22:37:28.581Z DEBUG blacksilk_p2p::net::blocks] peer 1: block f771b04ae969 at height 303 received
[2026-09-29T22:37:28.736Z DEBUG blacksilk_p2p::net::headers] peer 2: 1 headers up to height 303 accepted (new: false)
[2026-09-29T22:37:32.024Z DEBUG blacksilk_p2p::net::headers] peer 1: 1 headers up to height 304 accepted (new: true)
[2026-09-29T22:37:32.090Z DEBUG blacksilk_p2p::net::blocks] peer 1: block fa6f7c83e142 at height 304 received
[2026-09-29T22:37:32.204Z DEBUG blacksilk_p2p::net::headers] peer 3: 1 headers up to height 304 accepted (new: false)
[2026-09-29T22:37:32.204Z DEBUG blacksilk_p2p::net::headers] peer 2: 1 headers up to height 304 accepted (new: false)
[2026-09-29T22:37:44.682Z DEBUG blacksilk_p2p::net::headers] peer 1: 1 headers up to height 305 accepted (new: true)
[2026-09-29T22:37:44.760Z DEBUG blacksilk_p2p::net::blocks] peer 1: block f4e2e8e1f864 at height 305 received
[2026-09-29T22:37:44.793Z DEBUG blacksilk_p2p::net::headers] peer 3: 1 headers up to height 305 accepted (new: false)
[2026-09-29T22:37:44.907Z DEBUG blacksilk_p2p::net::headers] peer 4: 1 headers up to height 305 accepted (new: false)
[2026-09-29T22:37:45.024Z DEBUG blacksilk_p2p::net::headers] peer 2: 1 headers up to height 305 accepted (new: false)
[2026-09-29T22:37:56.664Z DEBUG blacksilk_p2p::net::headers] peer 1: 1 headers up to height 306 accepted (new: true)
[2026-09-29T22:37:56.733Z DEBUG blacksilk_p2p::net::blocks] peer 1: block f7e6d05e37c5 at height 306 received
[2026-09-29T22:37:56.754Z DEBUG blacksilk_p2p::net::headers] peer 2: 1 headers up to height 306 accepted (new: false)
[2026-09-29T22:37:56.877Z DEBUG blacksilk_p2p::net::headers] peer 3: 1 headers up to height 306 accepted (new: false)
[2026-09-29T22:37:56.956Z DEBUG blacksilk_p2p::net::headers] peer 4: 1 headers up to height 306 accepted (new: false)
[2026-09-29T22:38:17.992Z DEBUG blacksilk_p2p::net::headers] peer 1: 1 headers up to height 307 accepted (new: true)
[2026-09-29T22:38:17.992Z DEBUG blacksilk_p2p::net::headers] peer 4: 1 headers up to height 307 accepted (new: false)
[2026-09-29T22:38:18.062Z DEBUG blacksilk_p2p::net::blocks] peer 1: block 676ae40a84d1 at height 307 received
[2026-09-29T22:38:18.123Z DEBUG blacksilk_p2p::net::headers] peer 3: 1 headers up to height 307 accepted (new: false)
[2026-09-29T22:38:18.219Z DEBUG blacksilk_p2p::net::headers] peer 2: 1 headers up to height 307 accepted (new: false)
[2026-09-29T22:38:24.053Z DEBUG blacksilk_p2p::net::headers] peer 1: 1 headers up to height 308 accepted (new: true)
[2026-09-29T22:38:24.118Z DEBUG blacksilk_p2p::net::blocks] peer 1: block c13cadab7b35 at height 308 received
[2026-09-29T22:38:24.719Z DEBUG blacksilk_p2p::net::headers] peer 4: 1 headers up to height 308 accepted (new: true)
[2026-09-29T22:38:24.719Z DEBUG blacksilk_p2p::net::headers] peer 2: 1 headers up to height 308 accepted (new: false)
[2026-09-29T22:38:24.719Z DEBUG blacksilk_p2p::net::headers] peer 3: 1 headers up to height 308 accepted (new: false)
[2026-09-29T22:38:29.006Z DEBUG blacksilk_p2p::net::headers] peer 1: 1 headers up to height 309 accepted (new: true)
[2026-09-29T22:38:29.066Z DEBUG blacksilk_p2p::net::headers] peer 3: 1 headers up to height 309 accepted (new: false)
[2026-09-29T22:38:29.079Z DEBUG blacksilk_p2p::net::blocks] peer 1: block df4e6a7dee76 at height 309 received
[2026-09-29T22:38:29.266Z DEBUG blacksilk_p2p::net::headers] peer 4: 1 headers up to height 309 accepted (new: false)
[2026-09-29T22:38:29.286Z DEBUG blacksilk_p2p::net::headers] peer 2: 1 headers up to height 309 accepted (new: false)
[2026-09-29T22:38:31.342Z DEBUG blacksilk_p2p::net::headers] peer 4: 1 headers up to height 310 accepted (new: true)
[2026-09-29T22:38:31.418Z DEBUG blacksilk_p2p::net::headers] peer 1: 1 headers up to height 310 accepted (new: false)
[2026-09-29T22:38:31.419Z DEBUG blacksilk_p2p::net::blocks] peer 4: block 7ea1aa4c0fcb at height 310 received
[2026-09-29T22:38:31.434Z DEBUG blacksilk_p2p::net::headers] peer 3: 1 headers up to height 310 accepted (new: false)
[2026-09-29T22:38:31.693Z DEBUG blacksilk_p2p::net::headers] peer 2: 1 headers up to height 310 accepted (new: false)
[2026-09-29T22:38:37.034Z DEBUG blacksilk_p2p::net::headers] peer 4: 1 headers up to height 311 accepted (new: true)
[2026-09-29T22:38:37.107Z DEBUG blacksilk_p2p::net::blocks] peer 4: block 76780adc5e50 at height 311 received
[2026-09-29T22:38:37.764Z DEBUG blacksilk_p2p::net::headers] peer 1: 1 headers up to height 311 accepted (new: true)
[2026-09-29T22:38:37.765Z DEBUG blacksilk_p2p::net::headers] peer 2: 1 headers up to height 311 accepted (new: false)
[2026-09-29T22:38:37.765Z DEBUG blacksilk_p2p::net::headers] peer 3: 1 headers up to height 311 accepted (new: false)
[2026-09-29T22:38:38.544Z DEBUG blacksilk_p2p::net::headers] peer 4: 1 headers up to height 312 accepted (new: true)
[2026-09-29T22:38:38.544Z DEBUG blacksilk_p2p::net::headers] peer 1: 1 headers up to height 312 accepted (new: false)
[2026-09-29T22:38:38.544Z DEBUG blacksilk_p2p::net::headers] peer 3: 1 headers up to height 312 accepted (new: false)
[2026-09-29T22:38:38.616Z DEBUG blacksilk_p2p::net::blocks] peer 4: block 95fd1cc32190 at height 312 received
[2026-09-29T22:38:38.804Z DEBUG blacksilk_p2p::net::headers] peer 2: 1 headers up to height 312 accepted (new: false)
[2026-09-29T22:38:55.669Z DEBUG blacksilk_p2p::net::headers] peer 1: 1 headers up to height 313 accepted (new: true)
[2026-09-29T22:38:55.741Z DEBUG blacksilk_p2p::net::blocks] peer 1: block 089f6fcb8ad2 at height 313 received
[2026-09-29T22:38:55.909Z DEBUG blacksilk_p2p::net::headers] peer 3: 1 headers up to height 313 accepted (new: false)
[2026-09-29T22:38:59.664Z DEBUG blacksilk_p2p::net::stem] stem tx 8604d7420e76 -> peer 2
[2026-09-29T22:39:13.163Z DEBUG blacksilk_p2p::net::headers] peer 1: 1 headers up to height 314 accepted (new: true)
[2026-09-29T22:39:13.235Z DEBUG blacksilk_p2p::net::blocks] peer 1: block 222902831f05 at height 314 received
[2026-09-29T22:39:13.434Z DEBUG blacksilk_p2p::net::headers] peer 3: 1 headers up to height 314 accepted (new: false)
[2026-09-29T22:39:14.549Z DEBUG blacksilk_p2p::net::headers] peer 1: 1 headers up to height 315 accepted (new: true)
[2026-09-29T22:39:14.602Z DEBUG blacksilk_p2p::net::headers] peer 2: 1 headers up to height 315 accepted (new: false)
[2026-09-29T22:39:14.628Z DEBUG blacksilk_p2p::net::blocks] peer 1: block 3f637a67a0ca at height 315 received
[2026-09-29T22:39:14.652Z DEBUG blacksilk_p2p::net::headers] peer 4: 1 headers up to height 315 accepted (new: false)
[2026-09-29T22:39:14.753Z DEBUG blacksilk_p2p::net::headers] peer 3: 1 headers up to height 315 accepted (new: false)
[2026-09-29T22:39:25.384Z DEBUG blacksilk_p2p::net::headers] peer 1: 1 headers up to height 316 accepted (new: true)
[2026-09-29T22:39:25.435Z DEBUG blacksilk_p2p::net::headers] peer 2: 1 headers up to height 316 accepted (new: false)
[2026-09-29T22:39:25.452Z DEBUG blacksilk_p2p::net::blocks] peer 1: block dea5652be8fd at height 316 received
[2026-09-29T22:39:38.060Z DEBUG blacksilk_p2p::net::headers] peer 1: 1 headers up to height 317 accepted (new: true)
[2026-09-29T22:39:38.175Z DEBUG blacksilk_p2p::net::blocks] peer 1: block 31f60375c6ff at height 317 received
[2026-09-29T22:39:38.205Z DEBUG blacksilk_p2p::net::headers] peer 2: 1 headers up to height 317 accepted (new: false)
[2026-09-29T22:39:38.306Z DEBUG blacksilk_p2p::net::headers] peer 3: 1 headers up to height 317 accepted (new: false)
[2026-09-29T22:39:43.253Z DEBUG blacksilk_p2p::net::headers] peer 4: 1 headers up to height 318 accepted (new: true)
[2026-09-29T22:39:43.308Z DEBUG blacksilk_p2p::net::blocks] peer 4: block 887f8eb0269d at height 318 received
[2026-09-29T22:39:43.420Z DEBUG blacksilk_p2p::net::headers] peer 1: 1 headers up to height 318 accepted (new: false)
[2026-09-29T22:39:43.432Z DEBUG blacksilk_p2p::net::headers] peer 2: 1 headers up to height 318 accepted (new: false)
[2026-09-29T22:39:43.513Z DEBUG blacksilk_p2p::net::headers] peer 3: 1 headers up to height 318 accepted (new: false)
[2026-09-29T22:39:59.241Z DEBUG blacksilk_p2p::net::headers] peer 1: 1 headers up to height 319 accepted (new: true)
[2026-09-29T22:39:59.305Z DEBUG blacksilk_p2p::net::blocks] peer 1: block 5a6d954c3d47 at height 319 received
[2026-09-29T22:39:59.308Z DEBUG blacksilk_p2p::net::headers] peer 2: 1 headers up to height 319 accepted (new: false)
[2026-09-29T22:39:59.468Z DEBUG blacksilk_p2p::net::headers] peer 3: 1 headers up to height 319 accepted (new: false)
[2026-09-29T22:40:01.281Z DEBUG blacksilk_p2p::net::headers] peer 1: 1 headers up to height 320 accepted (new: true)
[2026-09-29T22:40:01.342Z DEBUG blacksilk_p2p::net::blocks] peer 1: block d1276a663fce at height 320 received
[2026-09-29T22:40:01.558Z DEBUG blacksilk_p2p::net::headers] peer 3: 1 headers up to height 320 accepted (new: false)
[2026-09-29T22:40:17.843Z DEBUG blacksilk_p2p::net::headers] peer 4: 1 headers up to height 321 accepted (new: true)
[2026-09-29T22:40:17.843Z DEBUG blacksilk_p2p::net::headers] peer 1: 1 headers up to height 321 accepted (new: false)
[2026-09-29T22:40:17.900Z DEBUG blacksilk_p2p::net::blocks] peer 4: block f47657fbe4e9 at height 321 received
[2026-09-29T22:40:17.902Z DEBUG blacksilk_p2p::net::headers] peer 3: 1 headers up to height 321 accepted (new: false)
[2026-09-29T22:40:20.124Z DEBUG blacksilk_p2p::net::stem] stem tx 01257cfe055f -> peer 2
[2026-09-29T22:40:30.360Z DEBUG blacksilk_p2p::net::headers] peer 1: 1 headers up to height 322 accepted (new: true)
[2026-09-29T22:40:30.419Z DEBUG blacksilk_p2p::net::blocks] peer 1: block 477b6a6ad9e1 at height 322 received
[2026-09-29T22:40:30.620Z DEBUG blacksilk_p2p::net::headers] peer 3: 1 headers up to height 322 accepted (new: false)
[2026-09-29T22:40:30.703Z DEBUG blacksilk_p2p::net::headers] peer 2: 1 headers up to height 322 accepted (new: false)
[2026-09-29T22:40:54.391Z DEBUG blacksilk_p2p::net::headers] peer 1: 1 headers up to height 323 accepted (new: true)
[2026-09-29T22:40:54.458Z DEBUG blacksilk_p2p::net::blocks] peer 1: block e4a7337e7f81 at height 323 received
[2026-09-29T22:40:54.683Z DEBUG blacksilk_p2p::net::headers] peer 4: 1 headers up to height 323 accepted (new: false)
[2026-09-29T22:40:54.759Z DEBUG blacksilk_p2p::net::headers] peer 2: 1 headers up to height 323 accepted (new: false)
[2026-09-29T22:40:54.759Z DEBUG blacksilk_p2p::net::headers] peer 3: 1 headers up to height 323 accepted (new: false)
[2026-09-29T22:41:18.605Z DEBUG blacksilk_p2p::net::headers] peer 1: 1 headers up to height 324 accepted (new: true)
[2026-09-29T22:41:18.675Z DEBUG blacksilk_p2p::net::blocks] peer 1: block 21cc4f5c1530 at height 324 received
[2026-09-29T22:41:20.435Z DEBUG blacksilk_p2p::net::stem] stem tx d931473ec760 -> peer 1
[2026-09-29T22:41:34.419Z DEBUG blacksilk_p2p::net::headers] peer 4: 1 headers up to height 325 accepted (new: true)
[2026-09-29T22:41:34.487Z DEBUG blacksilk_p2p::net::blocks] peer 4: block 0b29b3fd83a7 at height 325 received
[2026-09-29T22:41:34.704Z DEBUG blacksilk_p2p::net::headers] peer 3: 1 headers up to height 325 accepted (new: false)
[2026-09-29T22:41:34.740Z DEBUG blacksilk_p2p::net::headers] peer 1: 1 headers up to height 325 accepted (new: false)
[2026-09-29T22:41:36.533Z DEBUG blacksilk_p2p::net::headers] peer 4: 1 headers up to height 326 accepted (new: true)
[2026-09-29T22:41:36.588Z DEBUG blacksilk_p2p::net::blocks] peer 4: block 8e1e22837c93 at height 326 received
[2026-09-29T22:41:36.645Z DEBUG blacksilk_p2p::net::headers] peer 2: 1 headers up to height 326 accepted (new: false)
[2026-09-29T22:41:36.733Z DEBUG blacksilk_p2p::net::headers] peer 3: 1 headers up to height 326 accepted (new: false)
[2026-09-29T22:41:42.683Z DEBUG blacksilk_p2p::net::headers] peer 4: 1 headers up to height 327 accepted (new: true)
[2026-09-29T22:41:42.741Z DEBUG blacksilk_p2p::net::blocks] peer 4: block 119658842ad9 at height 327 received
[2026-09-29T22:41:42.833Z DEBUG blacksilk_p2p::net::headers] peer 1: 1 headers up to height 327 accepted (new: false)
[2026-09-29T22:41:42.928Z DEBUG blacksilk_p2p::net::headers] peer 2: 1 headers up to height 327 accepted (new: false)
[2026-09-29T22:41:42.957Z DEBUG blacksilk_p2p::net::headers] peer 3: 1 headers up to height 327 accepted (new: false)
[2026-09-29T22:41:56.167Z DEBUG blacksilk_p2p::net::headers] peer 1: 1 headers up to height 328 accepted (new: true)
[2026-09-29T22:41:56.167Z DEBUG blacksilk_p2p::net::headers] peer 4: 1 headers up to height 328 accepted (new: false)
[2026-09-29T22:41:56.237Z DEBUG blacksilk_p2p::net::blocks] peer 1: block e1a747297ad0 at height 328 received
[2026-09-29T22:41:56.338Z DEBUG blacksilk_p2p::net::headers] peer 2: 1 headers up to height 328 accepted (new: false)
[2026-09-29T22:41:56.470Z DEBUG blacksilk_p2p::net::headers] peer 3: 1 headers up to height 328 accepted (new: false)
[2026-09-29T22:42:04.772Z DEBUG blacksilk_p2p::net::headers] peer 4: 1 headers up to height 329 accepted (new: true)
[2026-09-29T22:42:04.772Z DEBUG blacksilk_p2p::net::headers] peer 3: 1 headers up to height 329 accepted (new: false)
[2026-09-29T22:42:04.842Z DEBUG blacksilk_p2p::net::blocks] peer 4: block 6caba085e91f at height 329 received
[2026-09-29T22:42:13.656Z DEBUG blacksilk_p2p::net::headers] peer 1: 1 headers up to height 330 accepted (new: true)
[2026-09-29T22:42:13.730Z DEBUG blacksilk_p2p::net::blocks] peer 1: block 7351d61aaa17 at height 330 received
[2026-09-29T22:42:13.864Z DEBUG blacksilk_p2p::net::headers] peer 3: 1 headers up to height 330 accepted (new: false)
[2026-09-29T22:42:16.175Z DEBUG blacksilk_p2p::net::headers] peer 1: 1 headers up to height 331 accepted (new: true)
[2026-09-29T22:42:16.247Z DEBUG blacksilk_p2p::net::blocks] peer 1: block 5c7256cfdfdf at height 331 received
[2026-09-29T22:42:16.403Z DEBUG blacksilk_p2p::net::headers] peer 4: 1 headers up to height 331 accepted (new: false)
[2026-09-29T22:42:16.568Z DEBUG blacksilk_p2p::net::headers] peer 3: 1 headers up to height 331 accepted (new: false)
[2026-09-29T22:42:33.934Z DEBUG blacksilk_p2p::net::headers] peer 1: 1 headers up to height 332 accepted (new: true)
[2026-09-29T22:42:34.018Z DEBUG blacksilk_p2p::net::blocks] peer 1: block 12d3ac19acf1 at height 332 received
[2026-09-29T22:42:34.054Z DEBUG blacksilk_p2p::net::headers] peer 3: 1 headers up to height 332 accepted (new: false)
[2026-09-29T22:42:34.196Z DEBUG blacksilk_p2p::net::headers] peer 4: 1 headers up to height 332 accepted (new: false)
[2026-09-29T22:42:40.782Z DEBUG blacksilk_p2p::net::stem] stem tx fc463eb68e09 -> peer 2
[2026-09-29T22:42:43.574Z DEBUG blacksilk_p2p::net::headers] peer 4: 1 headers up to height 333 accepted (new: true)
[2026-09-29T22:42:43.648Z DEBUG blacksilk_p2p::net::blocks] peer 4: block 75fa3bc7d780 at height 333 received
[2026-09-29T22:42:43.662Z DEBUG blacksilk_p2p::net::headers] peer 3: 1 headers up to height 333 accepted (new: false)
[2026-09-29T22:42:43.918Z DEBUG blacksilk_p2p::net::headers] peer 1: 1 headers up to height 333 accepted (new: false)
[2026-09-29T22:42:43.959Z DEBUG blacksilk_p2p::net::headers] peer 2: 1 headers up to height 333 accepted (new: false)
[2026-09-29T22:42:52.008Z DEBUG blacksilk_p2p::net::headers] peer 1: 1 headers up to height 334 accepted (new: true)
[2026-09-29T22:42:52.051Z DEBUG blacksilk_p2p::net::headers] peer 4: 1 headers up to height 334 accepted (new: false)
[2026-09-29T22:42:52.076Z DEBUG blacksilk_p2p::net::blocks] peer 1: block 76c40fd0b6c5 at height 334 received
[2026-09-29T22:42:52.326Z DEBUG blacksilk_p2p::net::headers] peer 2: 1 headers up to height 334 accepted (new: false)
[2026-09-29T22:42:52.327Z DEBUG blacksilk_p2p::net::headers] peer 3: 1 headers up to height 334 accepted (new: false)
[2026-09-29T22:43:21.129Z DEBUG blacksilk_p2p::net::stem] stem tx 4812da226590 -> peer 2
[2026-09-29T22:43:34.207Z DEBUG blacksilk_p2p::net::maintenance] embargo expired for 4812da226590
[2026-09-29T22:43:34.211Z DEBUG blacksilk_p2p::net::stem] fluff tx 4812da226590
[2026-09-29T22:43:41.076Z DEBUG blacksilk_p2p::net::stem] stem tx f83207617b3e -> peer 2
[2026-09-29T22:43:59.115Z DEBUG blacksilk_p2p::net::maintenance] embargo expired for f83207617b3e
[2026-09-29T22:43:59.119Z DEBUG blacksilk_p2p::net::stem] fluff tx f83207617b3e
[2026-09-29T22:44:05.561Z DEBUG blacksilk_p2p::net::headers] peer 1: 1 headers up to height 335 accepted (new: true)
[2026-09-29T22:44:05.628Z DEBUG blacksilk_p2p::net::blocks] peer 1: block acd1cfdc9f7f at height 335 received
[2026-09-29T22:44:05.709Z DEBUG blacksilk_p2p::net::headers] peer 4: 1 headers up to height 335 accepted (new: false)
[2026-09-29T22:44:05.729Z DEBUG blacksilk_p2p::net::headers] peer 3: 1 headers up to height 335 accepted (new: false)
[2026-09-29T22:44:05.932Z DEBUG blacksilk_p2p::net::headers] peer 2: 1 headers up to height 335 accepted (new: false)
[2026-09-29T22:44:14.766Z DEBUG blacksilk_p2p::net::headers] peer 1: 1 headers up to height 336 accepted (new: true)
[2026-09-29T22:44:14.833Z DEBUG blacksilk_p2p::net::blocks] peer 1: block 242df5ef9109 at height 336 received
[2026-09-29T22:44:14.955Z DEBUG blacksilk_p2p::net::headers] peer 4: 1 headers up to height 336 accepted (new: false)
[2026-09-29T22:44:14.979Z DEBUG blacksilk_p2p::net::headers] peer 3: 1 headers up to height 336 accepted (new: false)
[2026-09-29T22:44:15.057Z DEBUG blacksilk_p2p::net::headers] peer 2: 1 headers up to height 336 accepted (new: false)
[2026-09-29T22:44:21.618Z DEBUG blacksilk_p2p::net::headers] peer 1: 1 headers up to height 337 accepted (new: true)
[2026-09-29T22:44:21.696Z DEBUG blacksilk_p2p::net::blocks] peer 1: block 2e8f7b64c815 at height 337 received
[2026-09-29T22:44:21.836Z DEBUG blacksilk_p2p::net::headers] peer 4: 1 headers up to height 337 accepted (new: false)
[2026-09-29T22:44:21.852Z DEBUG blacksilk_p2p::net::headers] peer 3: 1 headers up to height 337 accepted (new: false)
[2026-09-29T22:44:22.935Z DEBUG blacksilk_p2p::net::headers] peer 1: 1 headers up to height 338 accepted (new: true)
[2026-09-29T22:44:22.986Z DEBUG blacksilk_p2p::net::blocks] peer 1: block bcbf0acecda2 at height 338 received
[2026-09-29T22:44:23.027Z DEBUG blacksilk_p2p::net::headers] peer 2: 1 headers up to height 338 accepted (new: false)
[2026-09-29T22:44:23.146Z DEBUG blacksilk_p2p::net::headers] peer 4: 1 headers up to height 338 accepted (new: false)
[2026-09-29T22:44:23.230Z DEBUG blacksilk_p2p::net::headers] peer 3: 1 headers up to height 338 accepted (new: false)
[2026-09-29T22:44:27.193Z DEBUG blacksilk_p2p::net::headers] peer 4: 1 headers up to height 339 accepted (new: true)
[2026-09-29T22:44:27.253Z DEBUG blacksilk_p2p::net::blocks] peer 4: block 5fd3d44cf2bf at height 339 received
[2026-09-29T22:44:27.432Z DEBUG blacksilk_p2p::net::headers] peer 3: 1 headers up to height 339 accepted (new: false)
[2026-09-29T22:44:44.900Z DEBUG blacksilk_p2p::net::headers] peer 1: 1 headers up to height 340 accepted (new: true)
[2026-09-29T22:44:44.984Z DEBUG blacksilk_p2p::net::blocks] peer 1: block aa5d7687e6d2 at height 340 received
[2026-09-29T22:44:45.061Z DEBUG blacksilk_p2p::net::headers] peer 2: 1 headers up to height 340 accepted (new: false)
[2026-09-29T22:44:45.187Z DEBUG blacksilk_p2p::net::headers] peer 4: 1 headers up to height 340 accepted (new: false)
[2026-09-29T22:44:45.264Z DEBUG blacksilk_p2p::net::headers] peer 3: 1 headers up to height 340 accepted (new: false)
[2026-09-29T22:44:55.234Z DEBUG blacksilk_p2p::net::headers] peer 1: 1 headers up to height 341 accepted (new: true)
[2026-09-29T22:44:55.316Z DEBUG blacksilk_p2p::net::blocks] peer 1: block e955d53ae3a0 at height 341 received
[2026-09-29T22:44:55.318Z DEBUG blacksilk_p2p::net::headers] peer 2: 1 headers up to height 341 accepted (new: false)
[2026-09-29T22:44:55.391Z DEBUG blacksilk_p2p::net::headers] peer 4: 1 headers up to height 341 accepted (new: false)
[2026-09-29T22:44:55.567Z DEBUG blacksilk_p2p::net::headers] peer 3: 1 headers up to height 341 accepted (new: false)
[2026-09-29T22:45:08.520Z DEBUG blacksilk_p2p::net::headers] peer 4: 1 headers up to height 342 accepted (new: true)
[2026-09-29T22:45:08.571Z DEBUG blacksilk_p2p::net::blocks] peer 4: block 14559cf96a55 at height 342 received
[2026-09-29T22:45:08.671Z DEBUG blacksilk_p2p::net::headers] peer 3: 1 headers up to height 342 accepted (new: false)
[2026-09-29T22:45:08.672Z DEBUG blacksilk_p2p::net::headers] peer 2: 1 headers up to height 342 accepted (new: false)
[2026-09-29T22:45:18.301Z DEBUG blacksilk_p2p::net::headers] peer 1: 1 headers up to height 343 accepted (new: true)
[2026-09-29T22:45:18.392Z DEBUG blacksilk_p2p::net::blocks] peer 1: block 5d90aa77d44b at height 343 received
[2026-09-29T22:45:18.571Z DEBUG blacksilk_p2p::net::headers] peer 4: 1 headers up to height 343 accepted (new: false)
[2026-09-29T22:45:18.652Z DEBUG blacksilk_p2p::net::headers] peer 3: 1 headers up to height 343 accepted (new: false)
[2026-09-29T22:45:18.689Z DEBUG blacksilk_p2p::net::headers] peer 2: 1 headers up to height 343 accepted (new: false)
[2026-09-29T22:45:23.109Z DEBUG blacksilk_p2p::net::headers] peer 1: 1 headers up to height 344 accepted (new: true)
[2026-09-29T22:45:23.180Z DEBUG blacksilk_p2p::net::blocks] peer 1: block 4b3ab4877d56 at height 344 received
[2026-09-29T22:45:23.283Z DEBUG blacksilk_p2p::net::headers] peer 4: 1 headers up to height 344 accepted (new: false)
[2026-09-29T22:45:23.408Z DEBUG blacksilk_p2p::net::headers] peer 3: 1 headers up to height 344 accepted (new: false)
[2026-09-29T22:45:23.446Z DEBUG blacksilk_p2p::net::headers] peer 2: 1 headers up to height 344 accepted (new: false)
[2026-09-29T22:45:50.450Z DEBUG blacksilk_p2p::net::headers] peer 4: 1 headers up to height 345 accepted (new: true)
[2026-09-29T22:45:50.505Z DEBUG blacksilk_p2p::net::blocks] peer 4: block 047675cb4b84 at height 345 received
[2026-09-29T22:45:50.586Z DEBUG blacksilk_p2p::net::headers] peer 1: 1 headers up to height 345 accepted (new: false)
[2026-09-29T22:45:50.608Z DEBUG blacksilk_p2p::net::headers] peer 2: 1 headers up to height 345 accepted (new: false)
[2026-09-29T22:45:50.735Z DEBUG blacksilk_p2p::net::headers] peer 3: 1 headers up to height 345 accepted (new: false)
[2026-09-29T22:45:53.353Z DEBUG blacksilk_p2p::net::headers] peer 1: 1 headers up to height 346 accepted (new: true)
[2026-09-29T22:45:53.425Z DEBUG blacksilk_p2p::net::blocks] peer 1: block e0cc2418d60b at height 346 received
[2026-09-29T22:45:53.508Z DEBUG blacksilk_p2p::net::headers] peer 2: 1 headers up to height 346 accepted (new: false)
[2026-09-29T22:45:53.547Z DEBUG blacksilk_p2p::net::headers] peer 4: 1 headers up to height 346 accepted (new: false)
[2026-09-29T22:45:53.669Z DEBUG blacksilk_p2p::net::headers] peer 3: 1 headers up to height 346 accepted (new: false)
[2026-09-29T22:46:01.665Z DEBUG blacksilk_p2p::net::headers] peer 4: 1 headers up to height 347 accepted (new: true)
[2026-09-29T22:46:01.726Z DEBUG blacksilk_p2p::net::blocks] peer 4: block 81f6b71683f9 at height 347 received
[2026-09-29T22:46:01.847Z DEBUG blacksilk_p2p::net::headers] peer 1: 1 headers up to height 347 accepted (new: false)
[2026-09-29T22:46:01.848Z DEBUG blacksilk_p2p::net::headers] peer 3: 1 headers up to height 347 accepted (new: false)
[2026-09-29T22:46:04.707Z DEBUG blacksilk_p2p::net::headers] peer 4: 1 headers up to height 348 accepted (new: true)
[2026-09-29T22:46:04.787Z DEBUG blacksilk_p2p::net::blocks] peer 4: block 4e3ed15148cb at height 348 received
[2026-09-29T22:46:04.850Z DEBUG blacksilk_p2p::net::headers] peer 2: 1 headers up to height 348 accepted (new: false)
[2026-09-29T22:46:04.988Z DEBUG blacksilk_p2p::net::headers] peer 3: 1 headers up to height 348 accepted (new: false)
[2026-09-29T22:46:04.988Z DEBUG blacksilk_p2p::net::headers] peer 1: 1 headers up to height 348 accepted (new: false)
[2026-09-29T22:46:06.608Z DEBUG blacksilk_p2p::net::headers] peer 4: 1 headers up to height 349 accepted (new: true)
[2026-09-29T22:46:06.697Z DEBUG blacksilk_p2p::net::blocks] peer 4: block 2663badaa698 at height 349 received
[2026-09-29T22:46:21.952Z DEBUG blacksilk_p2p::net::stem] stem tx a08c660cff1d -> peer 2
[2026-09-29T22:46:29.248Z DEBUG blacksilk_p2p::net::headers] peer 4: 1 headers up to height 350 accepted (new: true)
[2026-09-29T22:46:29.331Z DEBUG blacksilk_p2p::net::blocks] peer 4: block efe53eea78fa at height 350 received
[2026-09-29T22:46:29.472Z DEBUG blacksilk_p2p::net::headers] peer 3: 1 headers up to height 350 accepted (new: false)
[2026-09-29T22:46:29.492Z DEBUG blacksilk_p2p::net::headers] peer 1: 1 headers up to height 350 accepted (new: false)
[2026-09-29T22:46:29.612Z DEBUG blacksilk_p2p::net::headers] peer 2: 1 headers up to height 350 accepted (new: false)
[2026-09-29T22:46:34.511Z DEBUG blacksilk_p2p::net::maintenance] embargo expired for a08c660cff1d
[2026-09-29T22:46:34.516Z DEBUG blacksilk_p2p::net::stem] fluff tx a08c660cff1d
[2026-09-29T22:46:35.166Z DEBUG blacksilk_p2p::net::headers] peer 1: 1 headers up to height 351 accepted (new: true)
[2026-09-29T22:46:35.239Z DEBUG blacksilk_p2p::net::blocks] peer 1: block 5fd3e86a783b at height 351 received
[2026-09-29T22:46:35.260Z DEBUG blacksilk_p2p::net::headers] peer 3: 1 headers up to height 351 accepted (new: false)
[2026-09-29T22:46:35.382Z DEBUG blacksilk_p2p::net::headers] peer 2: 1 headers up to height 351 accepted (new: false)
[2026-09-29T22:46:47.994Z DEBUG blacksilk_p2p::net::headers] peer 1: 1 headers up to height 352 accepted (new: true)
[2026-09-29T22:46:48.053Z DEBUG blacksilk_p2p::net::blocks] peer 1: block 60f01eddb2ec at height 352 received
[2026-09-29T22:46:48.151Z DEBUG blacksilk_p2p::net::headers] peer 4: 1 headers up to height 352 accepted (new: false)
[2026-09-29T22:46:48.195Z DEBUG blacksilk_p2p::net::headers] peer 3: 1 headers up to height 352 accepted (new: false)
[2026-09-29T22:46:48.258Z DEBUG blacksilk_p2p::net::headers] peer 2: 1 headers up to height 352 accepted (new: false)
[2026-09-29T22:46:49.967Z DEBUG blacksilk_p2p::net::headers] peer 1: 1 headers up to height 353 accepted (new: true)
[2026-09-29T22:46:49.967Z DEBUG blacksilk_p2p::net::headers] peer 2: 1 headers up to height 353 accepted (new: false)
[2026-09-29T22:46:50.039Z DEBUG blacksilk_p2p::net::blocks] peer 1: block 2b98b4457a83 at height 353 received
[2026-09-29T22:46:50.039Z DEBUG blacksilk_p2p::net::headers] peer 3: 1 headers up to height 353 accepted (new: false)
[2026-09-29T22:46:58.294Z DEBUG blacksilk_p2p::net::headers] peer 4: 1 headers up to height 354 accepted (new: true)
[2026-09-29T22:46:58.357Z DEBUG blacksilk_p2p::net::blocks] peer 4: block 368e0cd3cf3a at height 354 received
[2026-09-29T22:47:02.268Z DEBUG blacksilk_p2p::net::stem] stem tx a1a8a380ed62 -> peer 2
[2026-09-29T22:47:07.172Z DEBUG blacksilk_p2p::net::headers] peer 1: 1 headers up to height 355 accepted (new: true)
[2026-09-29T22:47:07.257Z DEBUG blacksilk_p2p::net::blocks] peer 1: block c7541d449f21 at height 355 received
[2026-09-29T22:47:07.368Z DEBUG blacksilk_p2p::net::headers] peer 4: 1 headers up to height 355 accepted (new: false)
[2026-09-29T22:47:07.388Z DEBUG blacksilk_p2p::net::headers] peer 3: 1 headers up to height 355 accepted (new: false)
[2026-09-29T22:47:13.840Z DEBUG blacksilk_p2p::net::headers] peer 1: 1 headers up to height 356 accepted (new: true)
[2026-09-29T22:47:13.917Z DEBUG blacksilk_p2p::net::blocks] peer 1: block 3898835d6c6a at height 356 received
[2026-09-29T22:47:22.137Z DEBUG blacksilk_p2p::net::headers] peer 1: 1 headers up to height 357 accepted (new: true)
[2026-09-29T22:47:22.207Z DEBUG blacksilk_p2p::net::blocks] peer 1: block 758c3fe6895f at height 357 received
[2026-09-29T22:47:22.311Z DEBUG blacksilk_p2p::net::headers] peer 4: 1 headers up to height 357 accepted (new: false)
[2026-09-29T22:47:22.311Z DEBUG blacksilk_p2p::net::headers] peer 2: 1 headers up to height 357 accepted (new: false)
[2026-09-29T22:47:22.457Z DEBUG blacksilk_p2p::net::headers] peer 3: 1 headers up to height 357 accepted (new: false)
[2026-09-29T22:47:37.279Z DEBUG blacksilk_p2p::net::headers] peer 1: 1 headers up to height 358 accepted (new: true)
[2026-09-29T22:47:37.351Z DEBUG blacksilk_p2p::net::blocks] peer 1: block 8235b2ff8b6e at height 358 received
[2026-09-29T22:47:37.471Z DEBUG blacksilk_p2p::net::headers] peer 3: 1 headers up to height 358 accepted (new: false)
[2026-09-29T22:47:39.241Z DEBUG blacksilk_p2p::net::headers] peer 1: 1 headers up to height 359 accepted (new: true)
[2026-09-29T22:47:39.327Z DEBUG blacksilk_p2p::net::blocks] peer 1: block 1d87919f1fe1 at height 359 received
[2026-09-29T22:47:39.425Z DEBUG blacksilk_p2p::net::headers] peer 4: 1 headers up to height 359 accepted (new: false)
[2026-09-29T22:47:39.449Z DEBUG blacksilk_p2p::net::headers] peer 2: 1 headers up to height 359 accepted (new: false)
[2026-09-29T22:47:39.587Z DEBUG blacksilk_p2p::net::headers] peer 3: 1 headers up to height 359 accepted (new: false)
[2026-09-29T22:47:45.623Z DEBUG blacksilk_p2p::net::headers] peer 4: 1 headers up to height 360 accepted (new: true)
[2026-09-29T22:47:45.695Z DEBUG blacksilk_p2p::net::blocks] peer 4: block ef4abddf8a42 at height 360 received
[2026-09-29T22:47:45.821Z DEBUG blacksilk_p2p::net::headers] peer 2: 1 headers up to height 360 accepted (new: false)
[2026-09-29T22:47:45.897Z DEBUG blacksilk_p2p::net::headers] peer 1: 1 headers up to height 360 accepted (new: false)
[2026-09-29T22:47:45.897Z DEBUG blacksilk_p2p::net::headers] peer 3: 1 headers up to height 360 accepted (new: false)
[2026-09-29T22:47:50.967Z DEBUG blacksilk_p2p::net::headers] peer 4: 1 headers up to height 361 accepted (new: true)
[2026-09-29T22:47:51.037Z DEBUG blacksilk_p2p::net::blocks] peer 4: block b875f3ec2379 at height 361 received
[2026-09-29T22:47:51.073Z DEBUG blacksilk_p2p::net::headers] peer 2: 1 headers up to height 361 accepted (new: false)
[2026-09-29T22:47:51.138Z DEBUG blacksilk_p2p::net::headers] peer 1: 1 headers up to height 361 accepted (new: false)
[2026-09-29T22:47:51.175Z DEBUG blacksilk_p2p::net::headers] peer 3: 1 headers up to height 361 accepted (new: false)
[2026-09-29T22:47:56.302Z DEBUG blacksilk_p2p::net::headers] peer 1: 1 headers up to height 362 accepted (new: true)
[2026-09-29T22:47:56.389Z DEBUG blacksilk_p2p::net::blocks] peer 1: block eda0fe7fed64 at height 362 received
[2026-09-29T22:47:56.464Z DEBUG blacksilk_p2p::net::headers] peer 3: 1 headers up to height 362 accepted (new: false)
[2026-09-29T22:47:56.480Z DEBUG blacksilk_p2p::net::headers] peer 4: 1 headers up to height 362 accepted (new: false)
[2026-09-29T22:48:11.195Z DEBUG blacksilk_p2p::net::headers] peer 4: 1 headers up to height 363 accepted (new: true)
[2026-09-29T22:48:11.262Z DEBUG blacksilk_p2p::net::blocks] peer 4: block 945c2806957c at height 363 received
[2026-09-29T22:48:11.370Z DEBUG blacksilk_p2p::net::headers] peer 2: 1 headers up to height 363 accepted (new: false)
[2026-09-29T22:48:17.183Z DEBUG blacksilk_p2p::net::headers] peer 1: 1 headers up to height 364 accepted (new: true)
[2026-09-29T22:48:17.232Z DEBUG blacksilk_p2p::net::blocks] peer 1: block a3ee1ae0c717 at height 364 received
[2026-09-29T22:48:17.350Z DEBUG blacksilk_p2p::net::headers] peer 2: 1 headers up to height 364 accepted (new: false)
[2026-09-29T22:48:17.367Z DEBUG blacksilk_p2p::net::headers] peer 4: 1 headers up to height 364 accepted (new: false)
[2026-09-29T22:48:17.375Z DEBUG blacksilk_p2p::net::headers] peer 3: 1 headers up to height 364 accepted (new: false)
[2026-09-29T22:48:19.737Z DEBUG blacksilk_p2p::net::headers] peer 1: 1 headers up to height 365 accepted (new: true)
[2026-09-29T22:48:19.803Z DEBUG blacksilk_p2p::net::blocks] peer 1: block d6ef831cc554 at height 365 received
[2026-09-29T22:48:19.972Z DEBUG blacksilk_p2p::net::headers] peer 4: 1 headers up to height 365 accepted (new: false)
[2026-09-29T22:48:19.987Z DEBUG blacksilk_p2p::net::headers] peer 2: 1 headers up to height 365 accepted (new: false)
[2026-09-29T22:48:19.987Z DEBUG blacksilk_p2p::net::headers] peer 3: 1 headers up to height 365 accepted (new: false)
[2026-09-29T22:48:21.298Z DEBUG blacksilk_p2p::net::headers] peer 1: 1 headers up to height 366 accepted (new: true)
[2026-09-29T22:48:21.376Z DEBUG blacksilk_p2p::net::blocks] peer 1: block 3308e704cf65 at height 366 received
[2026-09-29T22:48:21.524Z DEBUG blacksilk_p2p::net::headers] peer 4: 1 headers up to height 366 accepted (new: false)
[2026-09-29T22:48:21.562Z DEBUG blacksilk_p2p::net::headers] peer 2: 1 headers up to height 366 accepted (new: false)
[2026-09-29T22:48:21.562Z DEBUG blacksilk_p2p::net::headers] peer 3: 1 headers up to height 366 accepted (new: false)
[2026-09-29T22:48:25.499Z DEBUG blacksilk_p2p::net::headers] peer 1: 1 headers up to height 367 accepted (new: true)
[2026-09-29T22:48:25.562Z DEBUG blacksilk_p2p::net::blocks] peer 1: block 0b84f6f8a596 at height 367 received
[2026-09-29T22:48:25.663Z DEBUG blacksilk_p2p::net::headers] peer 4: 1 headers up to height 367 accepted (new: false)
[2026-09-29T22:48:25.728Z DEBUG blacksilk_p2p::net::headers] peer 3: 1 headers up to height 367 accepted (new: false)
[2026-09-29T22:48:25.728Z DEBUG blacksilk_p2p::net::headers] peer 2: 1 headers up to height 367 accepted (new: false)
[2026-09-29T22:48:30.903Z DEBUG blacksilk_p2p::net::headers] peer 1: 1 headers up to height 368 accepted (new: true)
[2026-09-29T22:48:30.966Z DEBUG blacksilk_p2p::net::blocks] peer 1: block b968ca371ecc at height 368 received
[2026-09-29T22:48:31.091Z DEBUG blacksilk_p2p::net::headers] peer 4: 1 headers up to height 368 accepted (new: false)
[2026-09-29T22:48:31.139Z DEBUG blacksilk_p2p::net::headers] peer 3: 1 headers up to height 368 accepted (new: false)
[2026-09-29T22:48:31.155Z DEBUG blacksilk_p2p::net::headers] peer 2: 1 headers up to height 368 accepted (new: false)
[2026-09-29T22:48:35.297Z DEBUG blacksilk_p2p::net::headers] peer 1: 1 headers up to height 369 accepted (new: true)
[2026-09-29T22:48:35.351Z DEBUG blacksilk_p2p::net::blocks] peer 1: block 53df939ba13f at height 369 received
[2026-09-29T22:48:35.479Z DEBUG blacksilk_p2p::net::headers] peer 4: 1 headers up to height 369 accepted (new: false)
[2026-09-29T22:48:35.581Z DEBUG blacksilk_p2p::net::headers] peer 2: 1 headers up to height 369 accepted (new: false)
[2026-09-29T22:48:35.596Z DEBUG blacksilk_p2p::net::headers] peer 3: 1 headers up to height 369 accepted (new: false)
[2026-09-29T22:48:44.127Z DEBUG blacksilk_p2p::net::headers] peer 1: 1 headers up to height 370 accepted (new: true)
[2026-09-29T22:48:44.190Z DEBUG blacksilk_p2p::net::blocks] peer 1: block 5d171c08791f at height 370 received
[2026-09-29T22:48:44.347Z DEBUG blacksilk_p2p::net::headers] peer 4: 1 headers up to height 370 accepted (new: false)
[2026-09-29T22:48:44.392Z DEBUG blacksilk_p2p::net::headers] peer 3: 1 headers up to height 370 accepted (new: false)
[2026-09-29T22:48:44.415Z DEBUG blacksilk_p2p::net::headers] peer 2: 1 headers up to height 370 accepted (new: false)
[2026-09-29T22:48:53.238Z DEBUG blacksilk_p2p::net::headers] peer 1: 1 headers up to height 371 accepted (new: true)
[2026-09-29T22:48:53.296Z DEBUG blacksilk_p2p::net::blocks] peer 1: block 8de0dc359674 at height 371 received
[2026-09-29T22:48:53.474Z DEBUG blacksilk_p2p::net::headers] peer 3: 1 headers up to height 371 accepted (new: false)
[2026-09-29T22:48:53.474Z DEBUG blacksilk_p2p::net::headers] peer 4: 1 headers up to height 371 accepted (new: false)
[2026-09-29T22:48:53.536Z DEBUG blacksilk_p2p::net::headers] peer 2: 1 headers up to height 371 accepted (new: false)
[2026-09-29T22:48:56.527Z DEBUG blacksilk_p2p::net::headers] peer 4: 1 headers up to height 372 accepted (new: true)
[2026-09-29T22:48:56.582Z DEBUG blacksilk_p2p::net::blocks] peer 4: block 114003634d8a at height 372 received
[2026-09-29T22:48:56.654Z DEBUG blacksilk_p2p::net::headers] peer 1: 1 headers up to height 372 accepted (new: false)
[2026-09-29T22:48:56.679Z DEBUG blacksilk_p2p::net::headers] peer 2: 1 headers up to height 372 accepted (new: false)
[2026-09-29T22:48:58.370Z DEBUG blacksilk_p2p::net::headers] peer 4: 1 headers up to height 373 accepted (new: true)
[2026-09-29T22:48:58.446Z DEBUG blacksilk_p2p::net::blocks] peer 4: block 78df1e55d2fc at height 373 received
[2026-09-29T22:48:58.483Z DEBUG blacksilk_p2p::net::headers] peer 1: 1 headers up to height 373 accepted (new: false)
[2026-09-29T22:49:07.241Z DEBUG blacksilk_p2p::net::headers] peer 4: 1 headers up to height 374 accepted (new: true)
[2026-09-29T22:49:07.304Z DEBUG blacksilk_p2p::net::blocks] peer 4: block 28986a2228b2 at height 374 received
[2026-09-29T22:49:07.408Z DEBUG blacksilk_p2p::net::headers] peer 3: 1 headers up to height 374 accepted (new: false)
[2026-09-29T22:49:07.425Z DEBUG blacksilk_p2p::net::headers] peer 1: 1 headers up to height 374 accepted (new: false)
[2026-09-29T22:49:23.538Z DEBUG blacksilk_p2p::net::headers] peer 1: 1 headers up to height 375 accepted (new: true)
[2026-09-29T22:49:23.612Z DEBUG blacksilk_p2p::net::blocks] peer 1: block 07d21e0968cb at height 375 received
[2026-09-29T22:49:23.696Z DEBUG blacksilk_p2p::net::headers] peer 4: 1 headers up to height 375 accepted (new: false)
[2026-09-29T22:49:23.696Z DEBUG blacksilk_p2p::net::headers] peer 3: 1 headers up to height 375 accepted (new: false)
[2026-09-29T22:49:26.987Z DEBUG blacksilk_p2p::net::headers] peer 1: 1 headers up to height 376 accepted (new: true)
[2026-09-29T22:49:27.070Z DEBUG blacksilk_p2p::net::blocks] peer 1: block 4bd37c5c49a1 at height 376 received
[2026-09-29T22:49:27.171Z DEBUG blacksilk_p2p::net::headers] peer 3: 1 headers up to height 376 accepted (new: false)
[2026-09-29T22:49:27.171Z DEBUG blacksilk_p2p::net::headers] peer 4: 1 headers up to height 376 accepted (new: false)
[2026-09-29T22:49:42.615Z DEBUG blacksilk_p2p::net::headers] peer 4: 1 headers up to height 377 accepted (new: true)
[2026-09-29T22:49:42.615Z DEBUG blacksilk_p2p::net::headers] peer 2: 1 headers up to height 377 accepted (new: false)
[2026-09-29T22:49:42.615Z DEBUG blacksilk_p2p::net::headers] peer 3: 1 headers up to height 377 accepted (new: false)
[2026-09-29T22:49:42.697Z DEBUG blacksilk_p2p::net::blocks] peer 4: block 8bd80e1c685d at height 377 received
[2026-09-29T22:50:00.087Z DEBUG blacksilk_p2p::net::headers] peer 4: 1 headers up to height 378 accepted (new: true)
[2026-09-29T22:50:00.152Z DEBUG blacksilk_p2p::net::blocks] peer 4: block ccacff5a7b42 at height 378 received
[2026-09-29T22:50:00.834Z DEBUG blacksilk_p2p::net::headers] peer 1: 1 headers up to height 378 accepted (new: true)
[2026-09-29T22:50:00.834Z DEBUG blacksilk_p2p::net::headers] peer 3: 1 headers up to height 378 accepted (new: false)
[2026-09-29T22:50:00.834Z DEBUG blacksilk_p2p::net::headers] peer 2: 1 headers up to height 378 accepted (new: false)
[2026-09-29T22:50:01.810Z DEBUG blacksilk_p2p::net::headers] peer 1: 1 headers up to height 379 accepted (new: true)
[2026-09-29T22:50:01.880Z DEBUG blacksilk_p2p::net::blocks] peer 1: block 63a9a0dbb960 at height 379 received
[2026-09-29T22:50:01.948Z DEBUG blacksilk_p2p::net::headers] peer 3: 1 headers up to height 379 accepted (new: false)
[2026-09-29T22:50:02.005Z DEBUG blacksilk_p2p::net::headers] peer 4: 1 headers up to height 379 accepted (new: false)
[2026-09-29T22:50:02.089Z DEBUG blacksilk_p2p::net::blocks] peer 2: block c5894c534669 at height 378 received
[2026-09-29T22:50:02.092Z INFO  blacksilk_chain::manager::fork_choice] reorganization: disconnecting 1 block(s) above height 377
[2026-09-29T22:50:02.099Z INFO  blacksilk_chain::manager::fork_choice] mempool after the reorganization: Revalidation { checked: 0, invalid: 0, ring_changed: 0 }; returned transactions: Readmission { readmitted: 0, already_pooled: 0, other_rules: 0, conflicts: 0, invalid: 1, ring_changed: 0, no_room: 0, over_budget: 0 }; 0 beyond the readmission budget, not captured
[2026-09-29T22:50:02.208Z DEBUG blacksilk_p2p::net::headers] peer 2: 1 headers up to height 379 accepted (new: false)
[2026-09-29T22:50:03.503Z DEBUG blacksilk_p2p::net::stem] stem tx 1a58ce76d48e -> peer 2
[2026-09-29T22:50:05.469Z DEBUG blacksilk_p2p::net::headers] peer 1: 1 headers up to height 380 accepted (new: true)
[2026-09-29T22:50:05.535Z DEBUG blacksilk_p2p::net::blocks] peer 1: block abedb40242a3 at height 380 received
[2026-09-29T22:50:05.568Z DEBUG blacksilk_p2p::net::headers] peer 3: 1 headers up to height 380 accepted (new: false)
[2026-09-29T22:50:05.605Z DEBUG blacksilk_p2p::net::headers] peer 4: 1 headers up to height 380 accepted (new: false)
[2026-09-29T22:50:05.808Z DEBUG blacksilk_p2p::net::headers] peer 2: 1 headers up to height 380 accepted (new: false)
[2026-09-29T22:50:32.676Z DEBUG blacksilk_p2p::net::headers] peer 1: 1 headers up to height 381 accepted (new: true)
[2026-09-29T22:50:32.756Z DEBUG blacksilk_p2p::net::blocks] peer 1: block 672e45622107 at height 381 received
[2026-09-29T22:50:32.937Z DEBUG blacksilk_p2p::net::headers] peer 2: 1 headers up to height 381 accepted (new: false)
[2026-09-29T22:50:32.938Z DEBUG blacksilk_p2p::net::headers] peer 4: 1 headers up to height 381 accepted (new: false)
[2026-09-29T22:50:32.938Z DEBUG blacksilk_p2p::net::headers] peer 3: 1 headers up to height 381 accepted (new: false)
[2026-09-29T22:50:35.174Z DEBUG blacksilk_p2p::net::headers] peer 4: 1 headers up to height 382 accepted (new: true)
[2026-09-29T22:50:35.250Z DEBUG blacksilk_p2p::net::blocks] peer 4: block 137d9e47ac0c at height 382 received
[2026-09-29T22:50:41.287Z DEBUG blacksilk_p2p::net::headers] peer 4: 1 headers up to height 383 accepted (new: true)
[2026-09-29T22:50:41.358Z DEBUG blacksilk_p2p::net::blocks] peer 4: block d04184a22fb7 at height 383 received
[2026-09-29T22:50:41.943Z DEBUG blacksilk_p2p::net::headers] peer 1: 1 headers up to height 383 accepted (new: true)
[2026-09-29T22:50:41.943Z DEBUG blacksilk_p2p::net::headers] peer 2: 1 headers up to height 383 accepted (new: false)
[2026-09-29T22:50:41.943Z DEBUG blacksilk_p2p::net::headers] peer 3: 1 headers up to height 383 accepted (new: false)
[2026-09-29T22:50:43.754Z DEBUG blacksilk_p2p::net::stem] stem tx 2bfc5196c9ed -> peer 2
[2026-09-29T22:51:03.825Z DEBUG blacksilk_p2p::net::stem] stem tx e134f29fac4c -> peer 2
[2026-09-29T22:51:04.166Z DEBUG blacksilk_p2p::net::headers] peer 1: 1 headers up to height 384 accepted (new: true)
[2026-09-29T22:51:04.228Z DEBUG blacksilk_p2p::net::blocks] peer 1: block 3eedb352c8b6 at height 384 received
[2026-09-29T22:51:04.294Z DEBUG blacksilk_p2p::net::blocks] peer 4: block bdc745391f92 at height 383 received
[2026-09-29T22:51:04.298Z INFO  blacksilk_chain::manager::fork_choice] reorganization: disconnecting 1 block(s) above height 382
[2026-09-29T22:51:04.304Z INFO  blacksilk_chain::manager::fork_choice] mempool after the reorganization: Revalidation { checked: 0, invalid: 0, ring_changed: 0 }; returned transactions: Readmission { readmitted: 0, already_pooled: 0, other_rules: 0, conflicts: 0, invalid: 0, ring_changed: 0, no_room: 0, over_budget: 0 }; 0 beyond the readmission budget, not captured
[2026-09-29T22:51:04.377Z DEBUG blacksilk_p2p::net::headers] peer 4: 1 headers up to height 384 accepted (new: false)
[2026-09-29T22:51:04.377Z DEBUG blacksilk_p2p::net::headers] peer 3: 1 headers up to height 384 accepted (new: false)
[2026-09-29T22:51:15.147Z DEBUG blacksilk_p2p::net::headers] peer 4: 1 headers up to height 385 accepted (new: true)
[2026-09-29T22:51:15.213Z DEBUG blacksilk_p2p::net::blocks] peer 4: block 6ba6717d0b68 at height 385 received
[2026-09-29T22:51:15.244Z DEBUG blacksilk_p2p::net::headers] peer 2: 1 headers up to height 385 accepted (new: false)
[2026-09-29T22:51:15.262Z DEBUG blacksilk_p2p::net::headers] peer 3: 1 headers up to height 385 accepted (new: false)
[2026-09-29T22:51:15.413Z DEBUG blacksilk_p2p::net::headers] peer 1: 1 headers up to height 385 accepted (new: false)
[2026-09-29T22:51:23.930Z DEBUG blacksilk_p2p::net::stem] stem tx 9a4d26080b13 -> peer 1
[2026-09-29T22:51:40.598Z DEBUG blacksilk_p2p::net::headers] peer 4: 1 headers up to height 386 accepted (new: true)
[2026-09-29T22:51:40.671Z DEBUG blacksilk_p2p::net::blocks] peer 4: block 31ea22e4e914 at height 386 received
[2026-09-29T22:51:40.854Z DEBUG blacksilk_p2p::net::headers] peer 1: 1 headers up to height 386 accepted (new: false)
[2026-09-29T22:51:40.914Z DEBUG blacksilk_p2p::net::headers] peer 3: 1 headers up to height 386 accepted (new: false)
[2026-09-29T22:51:40.960Z DEBUG blacksilk_p2p::net::headers] peer 2: 1 headers up to height 386 accepted (new: false)
[2026-09-29T22:51:44.095Z DEBUG blacksilk_p2p::net::stem] stem tx 6d1d4160072a -> peer 1
[2026-09-29T22:51:53.199Z DEBUG blacksilk_p2p::net::headers] peer 1: 1 headers up to height 387 accepted (new: true)
[2026-09-29T22:51:53.265Z DEBUG blacksilk_p2p::net::blocks] peer 1: block 12e308ed7a9b at height 387 received
[2026-09-29T22:51:53.385Z DEBUG blacksilk_p2p::net::headers] peer 3: 1 headers up to height 387 accepted (new: false)
[2026-09-29T22:52:05.391Z DEBUG blacksilk_p2p::net::headers] peer 4: 1 headers up to height 388 accepted (new: true)
[2026-09-29T22:52:05.391Z DEBUG blacksilk_p2p::net::headers] peer 3: 1 headers up to height 388 accepted (new: false)
[2026-09-29T22:52:05.449Z DEBUG blacksilk_p2p::net::blocks] peer 4: block 0db0c225cbe6 at height 388 received
[2026-09-29T22:52:15.543Z DEBUG blacksilk_p2p::net::headers] peer 1: 1 headers up to height 389 accepted (new: true)
[2026-09-29T22:52:15.607Z DEBUG blacksilk_p2p::net::blocks] peer 1: block 6e175b175a97 at height 389 received
[2026-09-29T22:52:15.646Z DEBUG blacksilk_p2p::net::headers] peer 2: 1 headers up to height 389 accepted (new: false)
[2026-09-29T22:52:15.674Z DEBUG blacksilk_p2p::net::headers] peer 4: 1 headers up to height 389 accepted (new: false)
[2026-09-29T22:52:15.807Z DEBUG blacksilk_p2p::net::headers] peer 3: 1 headers up to height 389 accepted (new: false)
[2026-09-29T22:52:24.175Z DEBUG blacksilk_p2p::net::stem] stem tx c752dcf63dd3 -> peer 1
[2026-09-29T22:52:37.401Z DEBUG blacksilk_p2p::net::headers] peer 1: 1 headers up to height 390 accepted (new: true)
[2026-09-29T22:52:37.487Z DEBUG blacksilk_p2p::net::blocks] peer 1: block 5fc09c5b7b0f at height 390 received
[2026-09-29T22:52:44.257Z DEBUG blacksilk_p2p::net::headers] peer 1: 1 headers up to height 391 accepted (new: true)
[2026-09-29T22:52:44.257Z DEBUG blacksilk_p2p::net::headers] peer 4: 1 headers up to height 391 accepted (new: false)
[2026-09-29T22:52:44.318Z DEBUG blacksilk_p2p::net::blocks] peer 1: block fbcb6a4f21f2 at height 391 received
[2026-09-29T22:52:44.533Z DEBUG blacksilk_p2p::net::headers] peer 3: 1 headers up to height 391 accepted (new: false)
[2026-09-29T22:52:44.581Z DEBUG blacksilk_p2p::net::headers] peer 2: 1 headers up to height 391 accepted (new: false)
[2026-09-29T22:52:51.468Z DEBUG blacksilk_p2p::net::headers] peer 4: 1 headers up to height 392 accepted (new: true)
[2026-09-29T22:52:51.528Z DEBUG blacksilk_p2p::net::blocks] peer 4: block aa896abfabbb at height 392 received
[2026-09-29T22:52:51.562Z DEBUG blacksilk_p2p::net::headers] peer 1: 1 headers up to height 392 accepted (new: false)
[2026-09-29T22:52:51.596Z DEBUG blacksilk_p2p::net::headers] peer 3: 1 headers up to height 392 accepted (new: false)
[2026-09-29T22:52:57.081Z DEBUG blacksilk_p2p::net::headers] peer 1: 1 headers up to height 393 accepted (new: true)
[2026-09-29T22:52:57.138Z DEBUG blacksilk_p2p::net::blocks] peer 1: block f8078c3dad67 at height 393 received
[2026-09-29T22:52:57.288Z DEBUG blacksilk_p2p::net::headers] peer 4: 1 headers up to height 393 accepted (new: false)
[2026-09-29T22:52:57.322Z DEBUG blacksilk_p2p::net::headers] peer 2: 1 headers up to height 393 accepted (new: false)
[2026-09-29T22:52:57.322Z DEBUG blacksilk_p2p::net::headers] peer 3: 1 headers up to height 393 accepted (new: false)
[2026-09-29T22:53:04.559Z DEBUG blacksilk_p2p::net::stem] stem tx a69b645dbd9f -> peer 1
[2026-09-29T22:53:08.617Z DEBUG blacksilk_p2p::net::headers] peer 1: 1 headers up to height 394 accepted (new: true)
[2026-09-29T22:53:08.684Z DEBUG blacksilk_p2p::net::blocks] peer 1: block f99e34b5f189 at height 394 received
[2026-09-29T22:53:08.863Z DEBUG blacksilk_p2p::net::headers] peer 3: 1 headers up to height 394 accepted (new: false)
[2026-09-29T22:53:08.863Z DEBUG blacksilk_p2p::net::headers] peer 2: 1 headers up to height 394 accepted (new: false)
[2026-09-29T22:53:14.382Z DEBUG blacksilk_p2p::net::headers] peer 1: 1 headers up to height 395 accepted (new: true)
[2026-09-29T22:53:14.464Z DEBUG blacksilk_p2p::net::blocks] peer 1: block dddea8eaae28 at height 395 received
[2026-09-29T22:53:14.580Z DEBUG blacksilk_p2p::net::headers] peer 2: 1 headers up to height 395 accepted (new: false)
[2026-09-29T22:53:14.611Z DEBUG blacksilk_p2p::net::headers] peer 3: 1 headers up to height 395 accepted (new: false)
[2026-09-29T22:53:14.657Z DEBUG blacksilk_p2p::net::headers] peer 4: 1 headers up to height 395 accepted (new: false)
[2026-09-29T22:53:17.126Z DEBUG blacksilk_p2p::net::headers] peer 4: 1 headers up to height 396 accepted (new: true)
[2026-09-29T22:53:17.201Z DEBUG blacksilk_p2p::net::blocks] peer 4: block cce0558cfc7e at height 396 received
[2026-09-29T22:53:17.218Z DEBUG blacksilk_p2p::net::headers] peer 1: 1 headers up to height 396 accepted (new: false)
[2026-09-29T22:53:23.890Z DEBUG blacksilk_p2p::net::headers] peer 1: 1 headers up to height 397 accepted (new: true)
[2026-09-29T22:53:23.946Z DEBUG blacksilk_p2p::net::blocks] peer 1: block 0a37d3beb5f6 at height 397 received
[2026-09-29T22:53:24.164Z DEBUG blacksilk_p2p::net::headers] peer 2: 1 headers up to height 397 accepted (new: false)
[2026-09-29T22:53:24.686Z DEBUG blacksilk_p2p::net::stem] stem tx 81005f486e01 -> peer 1
[2026-09-29T22:53:27.422Z DEBUG blacksilk_p2p::net::headers] peer 4: 1 headers up to height 398 accepted (new: true)
[2026-09-29T22:53:27.422Z DEBUG blacksilk_p2p::net::headers] peer 1: 1 headers up to height 398 accepted (new: false)
[2026-09-29T22:53:27.486Z DEBUG blacksilk_p2p::net::blocks] peer 4: block 2a794036f4a8 at height 398 received
[2026-09-29T22:53:27.521Z DEBUG blacksilk_p2p::net::headers] peer 2: 1 headers up to height 398 accepted (new: false)
[2026-09-29T22:53:32.965Z DEBUG blacksilk_p2p::net::headers] peer 1: 1 headers up to height 399 accepted (new: true)
[2026-09-29T22:53:33.027Z DEBUG blacksilk_p2p::net::blocks] peer 1: block 20787b1a1c6f at height 399 received
[2026-09-29T22:53:44.752Z DEBUG blacksilk_p2p::net::stem] stem tx 0aacb426ed9c -> peer 2
[2026-09-29T22:53:50.185Z DEBUG blacksilk_p2p::net::headers] peer 4: 1 headers up to height 400 accepted (new: true)
[2026-09-29T22:53:50.254Z DEBUG blacksilk_p2p::net::blocks] peer 4: block dcc558d29294 at height 400 received
[2026-09-29T22:53:52.752Z DEBUG blacksilk_p2p::net::headers] peer 1: 1 headers up to height 401 accepted (new: true)
[2026-09-29T22:53:52.828Z DEBUG blacksilk_p2p::net::blocks] peer 1: block 8d138eee5cc9 at height 401 received
[2026-09-29T22:53:52.874Z DEBUG blacksilk_p2p::net::headers] peer 2: 1 headers up to height 401 accepted (new: false)
[2026-09-29T22:53:52.882Z DEBUG blacksilk_p2p::net::headers] peer 4: 1 headers up to height 401 accepted (new: false)
[2026-09-29T22:53:52.929Z DEBUG blacksilk_p2p::net::headers] peer 3: 1 headers up to height 401 accepted (new: false)
[2026-09-29T22:53:57.743Z DEBUG blacksilk_p2p::net::headers] peer 4: 1 headers up to height 402 accepted (new: true)
[2026-09-29T22:53:57.830Z DEBUG blacksilk_p2p::net::blocks] peer 4: block 92990bbb5c44 at height 402 received
[2026-09-29T22:53:57.908Z DEBUG blacksilk_p2p::net::headers] peer 3: 1 headers up to height 402 accepted (new: false)
[2026-09-29T22:53:58.050Z DEBUG blacksilk_p2p::net::headers] peer 2: 1 headers up to height 402 accepted (new: false)
[2026-09-29T22:54:04.852Z DEBUG blacksilk_p2p::net::stem] stem tx 4c74177b7892 -> peer 2
[2026-09-29T22:54:11.209Z DEBUG blacksilk_p2p::net::headers] peer 1: 1 headers up to height 403 accepted (new: true)
[2026-09-29T22:54:11.209Z DEBUG blacksilk_p2p::net::headers] peer 3: 1 headers up to height 403 accepted (new: false)
[2026-09-29T22:54:11.286Z DEBUG blacksilk_p2p::net::blocks] peer 1: block 240af780bc59 at height 403 received
[2026-09-29T22:54:11.304Z DEBUG blacksilk_p2p::net::headers] peer 2: 1 headers up to height 403 accepted (new: false)
[2026-09-29T22:54:15.418Z DEBUG blacksilk_p2p::net::headers] peer 1: 1 headers up to height 404 accepted (new: true)
[2026-09-29T22:54:15.458Z DEBUG blacksilk_p2p::net::headers] peer 4: 1 headers up to height 404 accepted (new: false)
[2026-09-29T22:54:15.494Z DEBUG blacksilk_p2p::net::blocks] peer 1: block 69e34cff4ea5 at height 404 received
[2026-09-29T22:54:15.522Z DEBUG blacksilk_p2p::net::headers] peer 2: 1 headers up to height 404 accepted (new: false)
[2026-09-29T22:54:20.145Z DEBUG blacksilk_p2p::net::headers] peer 1: 1 headers up to height 405 accepted (new: true)
[2026-09-29T22:54:20.145Z DEBUG blacksilk_p2p::net::headers] peer 4: 1 headers up to height 405 accepted (new: false)
[2026-09-29T22:54:20.145Z DEBUG blacksilk_p2p::net::headers] peer 3: 1 headers up to height 405 accepted (new: false)
[2026-09-29T22:54:20.201Z DEBUG blacksilk_p2p::net::blocks] peer 1: block 23cf1c4d2255 at height 405 received
[2026-09-29T22:54:20.233Z DEBUG blacksilk_p2p::net::headers] peer 2: 1 headers up to height 405 accepted (new: false)
[2026-09-29T22:54:25.064Z DEBUG blacksilk_p2p::net::stem] stem tx d2824b63b4e5 -> peer 2
[2026-09-29T22:54:48.444Z DEBUG blacksilk_p2p::net::headers] peer 1: 1 headers up to height 406 accepted (new: true)
[2026-09-29T22:54:48.502Z DEBUG blacksilk_p2p::net::blocks] peer 1: block 91d6f3560aac at height 406 received
[2026-09-29T22:54:50.568Z DEBUG blacksilk_p2p::net::headers] peer 4: 1 headers up to height 406 accepted (new: true)
[2026-09-29T22:54:50.568Z DEBUG blacksilk_p2p::net::headers] peer 3: 1 headers up to height 406 accepted (new: false)
[2026-09-29T22:54:50.568Z DEBUG blacksilk_p2p::net::headers] peer 2: 1 headers up to height 406 accepted (new: false)
[2026-09-29T22:55:05.159Z DEBUG blacksilk_p2p::net::stem] stem tx 81de0f12241b -> peer 1
[2026-09-29T22:55:16.241Z DEBUG blacksilk_p2p::net::headers] peer 1: 1 headers up to height 407 accepted (new: true)
[2026-09-29T22:55:16.324Z DEBUG blacksilk_p2p::net::blocks] peer 1: block 94af676d913d at height 407 received
[2026-09-29T22:55:17.082Z DEBUG blacksilk_p2p::net::headers] peer 4: 1 headers up to height 407 accepted (new: true)
[2026-09-29T22:55:17.082Z DEBUG blacksilk_p2p::net::headers] peer 2: 1 headers up to height 407 accepted (new: false)
[2026-09-29T22:55:17.082Z DEBUG blacksilk_p2p::net::headers] peer 3: 1 headers up to height 407 accepted (new: false)
[2026-09-29T22:55:19.382Z DEBUG blacksilk_p2p::net::headers] peer 1: 1 headers up to height 408 accepted (new: true)
[2026-09-29T22:55:19.467Z DEBUG blacksilk_p2p::net::blocks] peer 1: block 342415939bc1 at height 408 received
[2026-09-29T22:55:19.558Z DEBUG blacksilk_p2p::net::headers] peer 2: 1 headers up to height 408 accepted (new: false)
[2026-09-29T22:55:19.655Z DEBUG blacksilk_p2p::net::headers] peer 4: 1 headers up to height 408 accepted (new: false)
[2026-09-29T22:55:21.991Z DEBUG blacksilk_p2p::net::headers] peer 1: 1 headers up to height 409 accepted (new: true)
[2026-09-29T22:55:22.064Z DEBUG blacksilk_p2p::net::blocks] peer 1: block 1c9037158823 at height 409 received
[2026-09-29T22:55:22.083Z DEBUG blacksilk_p2p::net::headers] peer 4: 1 headers up to height 409 accepted (new: false)
[2026-09-29T22:55:22.214Z DEBUG blacksilk_p2p::net::headers] peer 3: 1 headers up to height 409 accepted (new: false)
[2026-09-29T22:55:22.230Z DEBUG blacksilk_p2p::net::headers] peer 2: 1 headers up to height 409 accepted (new: false)
[2026-09-29T22:55:25.034Z DEBUG blacksilk_p2p::net::headers] peer 4: 1 headers up to height 410 accepted (new: true)
[2026-09-29T22:55:25.086Z DEBUG blacksilk_p2p::net::blocks] peer 4: block a465b868108c at height 410 received
[2026-09-29T22:55:25.159Z DEBUG blacksilk_p2p::net::headers] peer 2: 1 headers up to height 410 accepted (new: false)
[2026-09-29T22:55:28.467Z DEBUG blacksilk_p2p::net::headers] peer 4: 1 headers up to height 411 accepted (new: true)
[2026-09-29T22:55:28.540Z DEBUG blacksilk_p2p::net::blocks] peer 4: block df6f961eb436 at height 411 received
[2026-09-29T22:55:28.668Z DEBUG blacksilk_p2p::net::headers] peer 1: 1 headers up to height 411 accepted (new: false)
[2026-09-29T22:55:28.857Z DEBUG blacksilk_p2p::net::headers] peer 2: 1 headers up to height 411 accepted (new: false)
[2026-09-29T22:55:33.834Z DEBUG blacksilk_p2p::net::headers] peer 4: 1 headers up to height 412 accepted (new: true)
[2026-09-29T22:55:33.875Z DEBUG blacksilk_p2p::net::headers] peer 1: 1 headers up to height 412 accepted (new: false)
[2026-09-29T22:55:33.916Z DEBUG blacksilk_p2p::net::blocks] peer 4: block b5f83b35efd2 at height 412 received
[2026-09-29T22:55:33.933Z DEBUG blacksilk_p2p::net::headers] peer 3: 1 headers up to height 412 accepted (new: false)
[2026-09-29T22:55:34.150Z DEBUG blacksilk_p2p::net::headers] peer 2: 1 headers up to height 412 accepted (new: false)
[2026-09-29T22:55:43.117Z DEBUG blacksilk_p2p::net::headers] peer 1: 1 headers up to height 413 accepted (new: true)
[2026-09-29T22:55:43.197Z DEBUG blacksilk_p2p::net::blocks] peer 1: block e6b7d7c1d130 at height 413 received
[2026-09-29T22:55:43.282Z DEBUG blacksilk_p2p::net::headers] peer 3: 1 headers up to height 413 accepted (new: false)
[2026-09-29T22:55:45.204Z DEBUG blacksilk_p2p::net::stem] stem tx f101287a4a79 -> peer 2
[2026-09-29T22:55:52.346Z DEBUG blacksilk_p2p::net::headers] peer 4: 1 headers up to height 414 accepted (new: true)
[2026-09-29T22:55:52.412Z DEBUG blacksilk_p2p::net::blocks] peer 4: block 67d927f0fbbf at height 414 received
[2026-09-29T22:55:53.683Z DEBUG blacksilk_p2p::net::headers] peer 4: 1 headers up to height 415 accepted (new: true)
[2026-09-29T22:55:53.748Z DEBUG blacksilk_p2p::net::blocks] peer 4: block 22dd913c52ec at height 415 received
[2026-09-29T22:55:53.909Z DEBUG blacksilk_p2p::net::headers] peer 1: 1 headers up to height 415 accepted (new: false)
[2026-09-29T22:55:53.982Z DEBUG blacksilk_p2p::net::headers] peer 3: 1 headers up to height 415 accepted (new: false)
[2026-09-29T22:55:53.982Z DEBUG blacksilk_p2p::net::headers] peer 2: 1 headers up to height 415 accepted (new: false)
[2026-09-29T22:56:05.239Z DEBUG blacksilk_p2p::net::stem] stem tx 917f4bdb3f70 -> peer 1
[2026-09-29T22:56:07.245Z DEBUG blacksilk_p2p::net::headers] peer 4: 1 headers up to height 416 accepted (new: true)
[2026-09-29T22:56:07.318Z DEBUG blacksilk_p2p::net::blocks] peer 4: block b0513aa9e2f5 at height 416 received
[2026-09-29T22:56:07.474Z DEBUG blacksilk_p2p::net::headers] peer 1: 1 headers up to height 416 accepted (new: false)
[2026-09-29T22:56:07.494Z DEBUG blacksilk_p2p::net::headers] peer 2: 1 headers up to height 416 accepted (new: false)
[2026-09-29T22:56:07.539Z DEBUG blacksilk_p2p::net::headers] peer 3: 1 headers up to height 416 accepted (new: false)
[2026-09-29T22:56:15.551Z DEBUG blacksilk_p2p::net::headers] peer 4: 1 headers up to height 417 accepted (new: true)
[2026-09-29T22:56:15.615Z DEBUG blacksilk_p2p::net::blocks] peer 4: block 112f836e28a3 at height 417 received
[2026-09-29T22:56:15.843Z DEBUG blacksilk_p2p::net::headers] peer 3: 1 headers up to height 417 accepted (new: false)
[2026-09-29T22:56:15.866Z DEBUG blacksilk_p2p::net::headers] peer 1: 1 headers up to height 417 accepted (new: false)
[2026-09-29T22:56:15.867Z DEBUG blacksilk_p2p::net::headers] peer 2: 1 headers up to height 417 accepted (new: false)
[2026-09-29T22:56:21.246Z DEBUG blacksilk_p2p::net::headers] peer 1: 1 headers up to height 418 accepted (new: true)
[2026-09-29T22:56:21.305Z DEBUG blacksilk_p2p::net::blocks] peer 1: block 53ccabebba38 at height 418 received
[2026-09-29T22:56:21.311Z DEBUG blacksilk_p2p::net::headers] peer 3: 1 headers up to height 418 accepted (new: false)
[2026-09-29T22:56:25.340Z DEBUG blacksilk_p2p::net::stem] stem tx 38bb8d0ab5d5 -> peer 1
[2026-09-29T22:56:31.507Z DEBUG blacksilk_p2p::net::headers] peer 1: 1 headers up to height 419 accepted (new: true)
[2026-09-29T22:56:31.572Z DEBUG blacksilk_p2p::net::blocks] peer 1: block a5d8aebb1a85 at height 419 received
[2026-09-29T22:56:31.690Z DEBUG blacksilk_p2p::net::headers] peer 3: 1 headers up to height 419 accepted (new: false)
[2026-09-29T22:56:31.756Z DEBUG blacksilk_p2p::net::headers] peer 4: 1 headers up to height 419 accepted (new: false)
[2026-09-29T22:56:31.756Z DEBUG blacksilk_p2p::net::headers] peer 2: 1 headers up to height 419 accepted (new: false)
[2026-09-29T22:56:33.455Z DEBUG blacksilk_p2p::net::headers] peer 1: 1 headers up to height 420 accepted (new: true)
[2026-09-29T22:56:33.509Z DEBUG blacksilk_p2p::net::blocks] peer 1: block fec8fcb095cd at height 420 received
[2026-09-29T22:56:33.627Z DEBUG blacksilk_p2p::net::headers] peer 4: 1 headers up to height 420 accepted (new: false)
[2026-09-29T22:56:33.627Z DEBUG blacksilk_p2p::net::headers] peer 2: 1 headers up to height 420 accepted (new: false)
[2026-09-29T22:56:45.371Z DEBUG blacksilk_p2p::net::stem] stem tx 30adceefe3a9 -> peer 2
[2026-09-29T22:56:50.764Z DEBUG blacksilk_p2p::net::headers] peer 1: 1 headers up to height 421 accepted (new: true)
[2026-09-29T22:56:50.833Z DEBUG blacksilk_p2p::net::blocks] peer 1: block 5b7a29651b03 at height 421 received
[2026-09-29T22:56:50.971Z DEBUG blacksilk_p2p::net::headers] peer 3: 1 headers up to height 421 accepted (new: false)
[2026-09-29T22:56:51.072Z DEBUG blacksilk_p2p::net::headers] peer 2: 1 headers up to height 421 accepted (new: false)
[2026-09-29T22:56:51.072Z DEBUG blacksilk_p2p::net::headers] peer 4: 1 headers up to height 421 accepted (new: false)
[2026-09-29T22:56:54.466Z DEBUG blacksilk_p2p::net::headers] peer 4: 1 headers up to height 422 accepted (new: true)
[2026-09-29T22:56:54.497Z DEBUG blacksilk_p2p::net::headers] peer 2: 1 headers up to height 422 accepted (new: false)
[2026-09-29T22:56:54.543Z DEBUG blacksilk_p2p::net::blocks] peer 4: block 9c32e81175ca at height 422 received
[2026-09-29T22:56:54.576Z DEBUG blacksilk_p2p::net::headers] peer 3: 1 headers up to height 422 accepted (new: false)
[2026-09-29T22:57:05.634Z DEBUG blacksilk_p2p::net::stem] stem tx 3f75c1347604 -> peer 2
[2026-09-29T22:57:07.287Z DEBUG blacksilk_p2p::net::headers] peer 1: 1 headers up to height 423 accepted (new: true)
[2026-09-29T22:57:07.368Z DEBUG blacksilk_p2p::net::blocks] peer 1: block d724e434597d at height 423 received
[2026-09-29T22:57:07.571Z DEBUG blacksilk_p2p::net::headers] peer 4: 1 headers up to height 423 accepted (new: false)
[2026-09-29T22:57:07.626Z DEBUG blacksilk_p2p::net::headers] peer 2: 1 headers up to height 423 accepted (new: false)
[2026-09-29T22:57:15.194Z DEBUG blacksilk_p2p::net::headers] peer 1: 1 headers up to height 424 accepted (new: true)
[2026-09-29T22:57:15.265Z DEBUG blacksilk_p2p::net::blocks] peer 1: block 53491c385daf at height 424 received
[2026-09-29T22:57:15.361Z DEBUG blacksilk_p2p::net::headers] peer 3: 1 headers up to height 424 accepted (new: false)
[2026-09-29T22:57:15.488Z DEBUG blacksilk_p2p::net::headers] peer 4: 1 headers up to height 424 accepted (new: false)
[2026-09-29T22:57:15.508Z DEBUG blacksilk_p2p::net::headers] peer 2: 1 headers up to height 424 accepted (new: false)
[2026-09-29T22:57:25.740Z DEBUG blacksilk_p2p::net::stem] stem tx 078dd100e715 -> peer 2
[2026-09-29T22:57:26.269Z DEBUG blacksilk_p2p::net::headers] peer 4: 1 headers up to height 425 accepted (new: true)
[2026-09-29T22:57:26.339Z DEBUG blacksilk_p2p::net::blocks] peer 4: block 322df7b896cb at height 425 received
[2026-09-29T22:57:26.426Z DEBUG blacksilk_p2p::net::headers] peer 3: 1 headers up to height 425 accepted (new: false)
[2026-09-29T22:57:26.525Z DEBUG blacksilk_p2p::net::headers] peer 1: 1 headers up to height 425 accepted (new: false)
[2026-09-29T22:57:26.571Z DEBUG blacksilk_p2p::net::headers] peer 2: 1 headers up to height 425 accepted (new: false)
[2026-09-29T22:57:44.045Z DEBUG blacksilk_p2p::net::headers] peer 1: 1 headers up to height 426 accepted (new: true)
[2026-09-29T22:57:44.096Z DEBUG blacksilk_p2p::net::blocks] peer 1: block 2d585b9d2700 at height 426 received
[2026-09-29T22:57:44.300Z DEBUG blacksilk_p2p::net::headers] peer 2: 1 headers up to height 426 accepted (new: false)
[2026-09-29T22:57:45.761Z DEBUG blacksilk_p2p::net::stem] stem tx 0fa659e38350 -> peer 1
[2026-09-29T22:57:46.464Z DEBUG blacksilk_p2p::net::headers] peer 1: 1 headers up to height 427 accepted (new: true)
[2026-09-29T22:57:46.554Z DEBUG blacksilk_p2p::net::blocks] peer 1: block 2c1308e7183b at height 427 received
[2026-09-29T22:57:46.613Z DEBUG blacksilk_p2p::net::headers] peer 4: 1 headers up to height 427 accepted (new: false)
[2026-09-29T22:57:46.694Z DEBUG blacksilk_p2p::net::headers] peer 2: 1 headers up to height 427 accepted (new: false)
[2026-09-29T22:57:46.754Z DEBUG blacksilk_p2p::net::headers] peer 3: 1 headers up to height 427 accepted (new: false)
[2026-09-29T22:57:49.905Z DEBUG blacksilk_p2p::net::headers] peer 1: 1 headers up to height 428 accepted (new: true)
[2026-09-29T22:57:49.973Z DEBUG blacksilk_p2p::net::blocks] peer 1: block 9cb70d9d9f42 at height 428 received
[2026-09-29T22:57:50.067Z DEBUG blacksilk_p2p::net::headers] peer 4: 1 headers up to height 428 accepted (new: false)
[2026-09-29T22:57:50.133Z DEBUG blacksilk_p2p::net::headers] peer 2: 1 headers up to height 428 accepted (new: false)
[2026-09-29T22:57:50.178Z DEBUG blacksilk_p2p::net::headers] peer 3: 1 headers up to height 428 accepted (new: false)
[2026-09-29T22:57:52.416Z DEBUG blacksilk_p2p::net::headers] peer 4: 1 headers up to height 429 accepted (new: true)
[2026-09-29T22:57:52.496Z DEBUG blacksilk_p2p::net::blocks] peer 4: block de2eb4e41a1b at height 429 received
[2026-09-29T22:57:52.496Z DEBUG blacksilk_p2p::net::headers] peer 2: 1 headers up to height 429 accepted (new: false)
[2026-09-29T22:57:52.597Z DEBUG blacksilk_p2p::net::headers] peer 3: 1 headers up to height 429 accepted (new: false)
[2026-09-29T22:57:52.719Z DEBUG blacksilk_p2p::net::headers] peer 1: 1 headers up to height 429 accepted (new: false)
[2026-09-29T22:57:54.687Z DEBUG blacksilk_p2p::net::headers] peer 4: 1 headers up to height 430 accepted (new: true)
[2026-09-29T22:57:54.740Z DEBUG blacksilk_p2p::net::blocks] peer 4: block 8a3b2a006d0e at height 430 received
[2026-09-29T22:57:54.848Z DEBUG blacksilk_p2p::net::headers] peer 1: 1 headers up to height 430 accepted (new: false)
[2026-09-29T22:57:54.908Z DEBUG blacksilk_p2p::net::headers] peer 2: 1 headers up to height 430 accepted (new: false)
[2026-09-29T22:57:54.969Z DEBUG blacksilk_p2p::net::headers] peer 3: 1 headers up to height 430 accepted (new: false)
[2026-09-29T22:57:58.632Z DEBUG blacksilk_p2p::net::headers] peer 1: 1 headers up to height 431 accepted (new: true)
[2026-09-29T22:57:58.690Z DEBUG blacksilk_p2p::net::blocks] peer 1: block 19034d148c8a at height 431 received
[2026-09-29T22:57:58.832Z DEBUG blacksilk_p2p::net::headers] peer 4: 1 headers up to height 431 accepted (new: false)
[2026-09-29T22:57:58.832Z DEBUG blacksilk_p2p::net::headers] peer 2: 1 headers up to height 431 accepted (new: false)
[2026-09-29T22:58:05.583Z DEBUG blacksilk_p2p::net::headers] peer 4: 1 headers up to height 432 accepted (new: true)
[2026-09-29T22:58:05.672Z DEBUG blacksilk_p2p::net::blocks] peer 4: block b754e0ef8e70 at height 432 received
[2026-09-29T22:58:05.786Z DEBUG blacksilk_p2p::net::headers] peer 3: 1 headers up to height 432 accepted (new: false)
[2026-09-29T22:58:05.916Z DEBUG blacksilk_p2p::net::headers] peer 1: 1 headers up to height 432 accepted (new: false)
[2026-09-29T22:58:05.929Z DEBUG blacksilk_p2p::net::headers] peer 2: 1 headers up to height 432 accepted (new: false)
[2026-09-29T22:58:05.956Z DEBUG blacksilk_p2p::net::stem] stem tx 7066fc039f8d -> peer 2
[2026-09-29T22:58:06.277Z DEBUG blacksilk_p2p::net::maintenance] embargo expired for 0fa659e38350
[2026-09-29T22:58:06.289Z DEBUG blacksilk_p2p::net::stem] fluff tx 0fa659e38350
[2026-09-29T22:58:20.568Z DEBUG blacksilk_p2p::net::headers] peer 4: 1 headers up to height 433 accepted (new: true)
[2026-09-29T22:58:20.648Z DEBUG blacksilk_p2p::net::blocks] peer 4: block 5dc4c0eeb23d at height 433 received
[2026-09-29T22:58:20.795Z DEBUG blacksilk_p2p::net::headers] peer 3: 1 headers up to height 433 accepted (new: false)
[2026-09-29T22:58:20.891Z DEBUG blacksilk_p2p::net::headers] peer 1: 1 headers up to height 433 accepted (new: false)
[2026-09-29T22:58:20.912Z DEBUG blacksilk_p2p::net::headers] peer 2: 1 headers up to height 433 accepted (new: false)
[2026-09-29T22:58:24.956Z DEBUG blacksilk_p2p::net::headers] peer 1: 1 headers up to height 434 accepted (new: true)
[2026-09-29T22:58:25.036Z DEBUG blacksilk_p2p::net::blocks] peer 1: block 409f43702dd7 at height 434 received
[2026-09-29T22:58:25.115Z DEBUG blacksilk_p2p::net::headers] peer 2: 1 headers up to height 434 accepted (new: false)
[2026-09-29T22:58:25.155Z DEBUG blacksilk_p2p::net::headers] peer 4: 1 headers up to height 434 accepted (new: false)
[2026-09-29T22:58:26.115Z DEBUG blacksilk_p2p::net::stem] stem tx 719abfda3d21 -> peer 2
[2026-09-29T22:58:46.031Z DEBUG blacksilk_p2p::net::headers] peer 1: 1 headers up to height 435 accepted (new: true)
[2026-09-29T22:58:46.115Z DEBUG blacksilk_p2p::net::blocks] peer 1: block bbefead341bd at height 435 received
[2026-09-29T22:58:46.166Z DEBUG blacksilk_p2p::net::headers] peer 4: 1 headers up to height 435 accepted (new: false)
[2026-09-29T22:58:46.193Z DEBUG blacksilk_p2p::net::stem] stem tx 4498efd81162 -> peer 1
[2026-09-29T22:58:48.297Z DEBUG blacksilk_p2p::net::maintenance] embargo expired for 719abfda3d21
[2026-09-29T22:58:48.303Z DEBUG blacksilk_p2p::net::stem] fluff tx 719abfda3d21
[2026-09-29T22:59:01.315Z DEBUG blacksilk_p2p::net::headers] peer 1: 1 headers up to height 436 accepted (new: true)
[2026-09-29T22:59:01.438Z DEBUG blacksilk_p2p::net::blocks] peer 1: block 0fead32e4276 at height 436 received
[2026-09-29T22:59:02.021Z DEBUG blacksilk_p2p::net::headers] peer 4: 1 headers up to height 436 accepted (new: true)
[2026-09-29T22:59:02.022Z DEBUG blacksilk_p2p::net::headers] peer 3: 1 headers up to height 436 accepted (new: false)
[2026-09-29T22:59:02.022Z DEBUG blacksilk_p2p::net::headers] peer 2: 1 headers up to height 436 accepted (new: false)
[2026-09-29T22:59:11.833Z DEBUG blacksilk_p2p::net::headers] peer 4: 1 headers up to height 437 accepted (new: true)
[2026-09-29T22:59:11.903Z DEBUG blacksilk_p2p::net::blocks] peer 4: block 16c2fbd912ac at height 436 received
[2026-09-29T22:59:11.903Z DEBUG blacksilk_p2p::net::blocks] peer 4: block 92666a252b22 at height 437 received
[2026-09-29T22:59:11.908Z INFO  blacksilk_chain::manager::fork_choice] reorganization: disconnecting 1 block(s) above height 435
[2026-09-29T22:59:11.915Z INFO  blacksilk_chain::manager::fork_choice] mempool after the reorganization: Revalidation { checked: 0, invalid: 0, ring_changed: 0 }; returned transactions: Readmission { readmitted: 0, already_pooled: 0, other_rules: 0, conflicts: 0, invalid: 1, ring_changed: 0, no_room: 0, over_budget: 0 }; 0 beyond the readmission budget, not captured
[2026-09-29T22:59:11.985Z DEBUG blacksilk_p2p::net::headers] peer 1: 1 headers up to height 437 accepted (new: false)
[2026-09-29T22:59:21.836Z DEBUG blacksilk_p2p::net::headers] peer 4: 1 headers up to height 438 accepted (new: true)
[2026-09-29T22:59:21.913Z DEBUG blacksilk_p2p::net::blocks] peer 4: block 49d5f0c3113c at height 438 received
[2026-09-29T22:59:22.039Z DEBUG blacksilk_p2p::net::headers] peer 1: 1 headers up to height 438 accepted (new: false)
[2026-09-29T22:59:22.054Z DEBUG blacksilk_p2p::net::headers] peer 3: 1 headers up to height 438 accepted (new: false)
[2026-09-29T22:59:22.242Z DEBUG blacksilk_p2p::net::headers] peer 2: 1 headers up to height 438 accepted (new: false)
[2026-09-29T22:59:27.606Z DEBUG blacksilk_p2p::net::headers] peer 4: 1 headers up to height 439 accepted (new: true)
[2026-09-29T22:59:27.680Z DEBUG blacksilk_p2p::net::blocks] peer 4: block 115807524d43 at height 439 received
[2026-09-29T22:59:27.783Z DEBUG blacksilk_p2p::net::headers] peer 2: 1 headers up to height 439 accepted (new: false)
[2026-09-29T22:59:27.824Z DEBUG blacksilk_p2p::net::headers] peer 1: 1 headers up to height 439 accepted (new: false)
[2026-09-29T22:59:27.880Z DEBUG blacksilk_p2p::net::headers] peer 3: 1 headers up to height 439 accepted (new: false)
[2026-09-29T22:59:30.307Z DEBUG blacksilk_p2p::net::headers] peer 4: 1 headers up to height 440 accepted (new: true)
[2026-09-29T22:59:30.399Z DEBUG blacksilk_p2p::net::blocks] peer 4: block d05284e3bb00 at height 440 received
[2026-09-29T22:59:30.399Z DEBUG blacksilk_p2p::net::headers] peer 2: 1 headers up to height 440 accepted (new: false)
[2026-09-29T22:59:30.444Z DEBUG blacksilk_p2p::net::headers] peer 1: 1 headers up to height 440 accepted (new: false)
[2026-09-29T22:59:30.501Z DEBUG blacksilk_p2p::net::headers] peer 3: 1 headers up to height 440 accepted (new: false)
[2026-09-29T22:59:38.283Z DEBUG blacksilk_p2p::net::headers] peer 1: 1 headers up to height 441 accepted (new: true)
[2026-09-29T22:59:38.343Z DEBUG blacksilk_p2p::net::blocks] peer 1: block 25797a767583 at height 441 received
[2026-09-29T22:59:49.267Z DEBUG blacksilk_p2p::net::headers] peer 4: 1 headers up to height 442 accepted (new: true)
[2026-09-29T22:59:49.349Z DEBUG blacksilk_p2p::net::blocks] peer 4: block c69d55b9a195 at height 442 received
[2026-09-29T22:59:49.425Z DEBUG blacksilk_p2p::net::headers] peer 1: 1 headers up to height 442 accepted (new: false)
[2026-09-29T22:59:49.425Z DEBUG blacksilk_p2p::net::headers] peer 3: 1 headers up to height 442 accepted (new: false)
[2026-09-29T23:00:12.876Z DEBUG blacksilk_p2p::net::headers] peer 4: 1 headers up to height 443 accepted (new: true)
[2026-09-29T23:00:12.947Z DEBUG blacksilk_p2p::net::blocks] peer 4: block 9aa86dbb054d at height 443 received
[2026-09-29T23:00:13.025Z DEBUG blacksilk_p2p::net::headers] peer 2: 1 headers up to height 443 accepted (new: false)
[2026-09-29T23:00:13.106Z DEBUG blacksilk_p2p::net::headers] peer 3: 1 headers up to height 443 accepted (new: false)
[2026-09-29T23:00:13.130Z DEBUG blacksilk_p2p::net::headers] peer 1: 1 headers up to height 443 accepted (new: false)
[2026-09-29T23:00:19.603Z DEBUG blacksilk_p2p::net::headers] peer 1: 1 headers up to height 444 accepted (new: true)
[2026-09-29T23:00:19.670Z DEBUG blacksilk_p2p::net::blocks] peer 1: block 6daeeba6d076 at height 444 received
[2026-09-29T23:00:47.864Z DEBUG blacksilk_p2p::net::headers] peer 1: 1 headers up to height 445 accepted (new: true)
[2026-09-29T23:00:47.928Z DEBUG blacksilk_p2p::net::blocks] peer 1: block 62b6bc832f4b at height 445 received
[2026-09-29T23:00:48.065Z DEBUG blacksilk_p2p::net::headers] peer 4: 1 headers up to height 445 accepted (new: false)
[2026-09-29T23:00:48.135Z DEBUG blacksilk_p2p::net::headers] peer 3: 1 headers up to height 445 accepted (new: false)
[2026-09-29T23:00:48.180Z DEBUG blacksilk_p2p::net::headers] peer 2: 1 headers up to height 445 accepted (new: false)
[2026-09-29T23:00:52.929Z DEBUG blacksilk_p2p::net::headers] peer 4: 1 headers up to height 446 accepted (new: true)
[2026-09-29T23:00:53.003Z DEBUG blacksilk_p2p::net::blocks] peer 4: block 261204d5a73c at height 446 received
[2026-09-29T23:00:53.163Z DEBUG blacksilk_p2p::net::headers] peer 1: 1 headers up to height 446 accepted (new: false)
[2026-09-29T23:00:53.163Z DEBUG blacksilk_p2p::net::headers] peer 2: 1 headers up to height 446 accepted (new: false)
[2026-09-29T23:00:53.163Z DEBUG blacksilk_p2p::net::headers] peer 3: 1 headers up to height 446 accepted (new: false)
[2026-09-29T23:00:55.015Z DEBUG blacksilk_p2p::net::headers] peer 4: 1 headers up to height 447 accepted (new: true)
[2026-09-29T23:00:55.085Z DEBUG blacksilk_p2p::net::blocks] peer 4: block 0dfe4bfb13f1 at height 447 received
[2026-09-29T23:00:55.267Z DEBUG blacksilk_p2p::net::headers] peer 3: 1 headers up to height 447 accepted (new: false)
[2026-09-29T23:00:55.267Z DEBUG blacksilk_p2p::net::headers] peer 1: 1 headers up to height 447 accepted (new: false)
[2026-09-29T23:00:55.267Z DEBUG blacksilk_p2p::net::headers] peer 2: 1 headers up to height 447 accepted (new: false)
[2026-09-29T23:01:16.624Z DEBUG blacksilk_p2p::net::headers] peer 1: 1 headers up to height 448 accepted (new: true)
[2026-09-29T23:01:16.708Z DEBUG blacksilk_p2p::net::blocks] peer 1: block bbcded829235 at height 448 received
[2026-09-29T23:01:16.809Z DEBUG blacksilk_p2p::net::headers] peer 2: 1 headers up to height 448 accepted (new: false)
[2026-09-29T23:01:16.809Z DEBUG blacksilk_p2p::net::headers] peer 3: 1 headers up to height 448 accepted (new: false)
[2026-09-29T23:01:16.935Z DEBUG blacksilk_p2p::net::headers] peer 4: 1 headers up to height 448 accepted (new: false)
[2026-09-29T23:01:28.917Z DEBUG blacksilk_p2p::net::headers] peer 4: 1 headers up to height 449 accepted (new: true)
[2026-09-29T23:01:28.980Z DEBUG blacksilk_p2p::net::blocks] peer 4: block c24a7149ff79 at height 449 received
[2026-09-29T23:01:47.180Z DEBUG blacksilk_p2p::net::stem] stem tx 6ec4f95c04c9 -> peer 1
[2026-09-29T23:01:48.048Z DEBUG blacksilk_p2p::net::headers] peer 4: 1 headers up to height 450 accepted (new: true)
[2026-09-29T23:01:48.127Z DEBUG blacksilk_p2p::net::blocks] peer 4: block 7ec33d0f8d43 at height 450 received
[2026-09-29T23:01:48.704Z DEBUG blacksilk_p2p::net::headers] peer 1: 1 headers up to height 450 accepted (new: true)
[2026-09-29T23:01:48.705Z DEBUG blacksilk_p2p::net::headers] peer 3: 1 headers up to height 450 accepted (new: false)
[2026-09-29T23:01:48.705Z DEBUG blacksilk_p2p::net::headers] peer 2: 1 headers up to height 450 accepted (new: false)
[2026-09-29T23:01:49.768Z DEBUG blacksilk_p2p::net::headers] peer 4: 1 headers up to height 451 accepted (new: true)
[2026-09-29T23:01:49.826Z DEBUG blacksilk_p2p::net::blocks] peer 4: block 415a4af16859 at height 451 received
[2026-09-29T23:01:49.925Z DEBUG blacksilk_p2p::net::headers] peer 1: 1 headers up to height 451 accepted (new: false)
[2026-09-29T23:01:55.327Z DEBUG blacksilk_p2p::net::headers] peer 1: 1 headers up to height 452 accepted (new: true)
[2026-09-29T23:01:55.383Z DEBUG blacksilk_p2p::net::blocks] peer 1: block 12a3f20d471a at height 452 received
[2026-09-29T23:01:55.467Z DEBUG blacksilk_p2p::net::headers] peer 4: 1 headers up to height 452 accepted (new: false)
[2026-09-29T23:01:55.504Z DEBUG blacksilk_p2p::net::headers] peer 3: 1 headers up to height 452 accepted (new: false)
[2026-09-29T23:01:55.559Z DEBUG blacksilk_p2p::net::headers] peer 2: 1 headers up to height 452 accepted (new: false)
[2026-09-29T23:02:02.644Z DEBUG blacksilk_p2p::net::headers] peer 1: 1 headers up to height 453 accepted (new: true)
[2026-09-29T23:02:02.728Z DEBUG blacksilk_p2p::net::blocks] peer 1: block 821f7fed617c at height 453 received
[2026-09-29T23:02:02.786Z DEBUG blacksilk_p2p::net::headers] peer 4: 1 headers up to height 453 accepted (new: false)
[2026-09-29T23:02:03.940Z DEBUG blacksilk_p2p::net::headers] peer 1: 1 headers up to height 454 accepted (new: true)
[2026-09-29T23:02:04.007Z DEBUG blacksilk_p2p::net::blocks] peer 1: block 274059fedda8 at height 454 received
[2026-09-29T23:02:04.108Z DEBUG blacksilk_p2p::net::headers] peer 4: 1 headers up to height 454 accepted (new: false)
[2026-09-29T23:02:07.373Z DEBUG blacksilk_p2p::net::stem] stem tx c589dad3cf0e -> peer 1
[2026-09-29T23:02:07.400Z DEBUG blacksilk_p2p::net::headers] peer 4: 1 headers up to height 455 accepted (new: true)
[2026-09-29T23:02:07.458Z DEBUG blacksilk_p2p::net::blocks] peer 4: block 752d972d5b12 at height 455 received
[2026-09-29T23:02:07.542Z DEBUG blacksilk_p2p::net::headers] peer 1: 1 headers up to height 455 accepted (new: false)
[2026-09-29T23:02:24.141Z DEBUG blacksilk_p2p::net::headers] peer 4: 1 headers up to height 456 accepted (new: true)
[2026-09-29T23:02:24.211Z DEBUG blacksilk_p2p::net::blocks] peer 4: block 0a8c252d13e2 at height 456 received
[2026-09-29T23:02:24.258Z DEBUG blacksilk_p2p::net::headers] peer 3: 1 headers up to height 456 accepted (new: false)
[2026-09-29T23:02:24.296Z DEBUG blacksilk_p2p::net::headers] peer 2: 1 headers up to height 456 accepted (new: false)
[2026-09-29T23:02:24.397Z DEBUG blacksilk_p2p::net::headers] peer 1: 1 headers up to height 456 accepted (new: false)
[2026-09-29T23:02:27.120Z DEBUG blacksilk_p2p::net::headers] peer 1: 1 headers up to height 457 accepted (new: true)
[2026-09-29T23:02:27.198Z DEBUG blacksilk_p2p::net::blocks] peer 1: block 57a70d784821 at height 457 received
[2026-09-29T23:02:27.371Z DEBUG blacksilk_p2p::net::stem] stem tx 34d1db9c61d8 -> peer 1
[2026-09-29T23:02:31.478Z DEBUG blacksilk_p2p::net::maintenance] embargo expired for c589dad3cf0e
[2026-09-29T23:02:31.483Z DEBUG blacksilk_p2p::net::stem] fluff tx c589dad3cf0e
[2026-09-29T23:02:47.404Z DEBUG blacksilk_p2p::net::stem] stem tx c0ade1c47507 -> peer 1
[2026-09-29T23:02:55.480Z DEBUG blacksilk_p2p::net::headers] peer 1: 1 headers up to height 458 accepted (new: true)
[2026-09-29T23:02:55.560Z DEBUG blacksilk_p2p::net::blocks] peer 1: block c159ccdb9214 at height 458 received
[2026-09-29T23:02:55.619Z DEBUG blacksilk_p2p::net::headers] peer 2: 1 headers up to height 458 accepted (new: false)
[2026-09-29T23:02:55.829Z DEBUG blacksilk_p2p::net::headers] peer 3: 1 headers up to height 458 accepted (new: false)
[2026-09-29T23:02:59.905Z DEBUG blacksilk_p2p::net::headers] peer 4: 1 headers up to height 459 accepted (new: true)
[2026-09-29T23:02:59.987Z DEBUG blacksilk_p2p::net::blocks] peer 4: block c944d3ec48dc at height 459 received
[2026-09-29T23:03:00.063Z DEBUG blacksilk_p2p::net::headers] peer 3: 1 headers up to height 459 accepted (new: false)
[2026-09-29T23:03:00.104Z DEBUG blacksilk_p2p::net::headers] peer 2: 1 headers up to height 459 accepted (new: false)
[2026-09-29T23:03:00.189Z DEBUG blacksilk_p2p::net::headers] peer 1: 1 headers up to height 459 accepted (new: false)
[2026-09-29T23:03:07.495Z DEBUG blacksilk_p2p::net::stem] stem tx 172d57612d95 -> peer 1
[2026-09-29T23:03:15.008Z DEBUG blacksilk_p2p::net::headers] peer 4: 1 headers up to height 460 accepted (new: true)
[2026-09-29T23:03:15.077Z DEBUG blacksilk_p2p::net::blocks] peer 4: block 8a1ed3d647f6 at height 460 received
[2026-09-29T23:03:15.338Z DEBUG blacksilk_p2p::net::headers] peer 3: 1 headers up to height 460 accepted (new: false)
[2026-09-29T23:03:25.863Z DEBUG blacksilk_p2p::net::headers] peer 1: 1 headers up to height 461 accepted (new: true)
[2026-09-29T23:03:25.945Z DEBUG blacksilk_p2p::net::blocks] peer 1: block 4bd0fa978bc7 at height 461 received
[2026-09-29T23:03:26.111Z DEBUG blacksilk_p2p::net::headers] peer 3: 1 headers up to height 461 accepted (new: false)
[2026-09-29T23:03:27.606Z DEBUG blacksilk_p2p::net::stem] stem tx bb230e4e7c8c -> peer 1
[2026-09-29T23:03:32.607Z DEBUG blacksilk_p2p::net::headers] peer 1: 1 headers up to height 462 accepted (new: true)
[2026-09-29T23:03:32.685Z DEBUG blacksilk_p2p::net::blocks] peer 1: block f6b5470f0577 at height 462 received
[2026-09-29T23:03:32.765Z DEBUG blacksilk_p2p::net::headers] peer 4: 1 headers up to height 462 accepted (new: false)
[2026-09-29T23:03:37.148Z DEBUG blacksilk_p2p::net::headers] peer 1: 1 headers up to height 463 accepted (new: true)
[2026-09-29T23:03:37.220Z DEBUG blacksilk_p2p::net::blocks] peer 1: block 1ab477aad596 at height 463 received
[2026-09-29T23:03:39.506Z DEBUG blacksilk_p2p::net::headers] peer 4: 1 headers up to height 464 accepted (new: true)
[2026-09-29T23:03:39.585Z DEBUG blacksilk_p2p::net::blocks] peer 4: block e0f0562be4ab at height 464 received
[2026-09-29T23:03:47.774Z DEBUG blacksilk_p2p::net::stem] stem tx 531503eb4973 -> peer 1
[2026-09-29T23:03:58.966Z DEBUG blacksilk_p2p::net::headers] peer 4: 1 headers up to height 465 accepted (new: true)
[2026-09-29T23:03:59.051Z DEBUG blacksilk_p2p::net::blocks] peer 4: block cde02243aed8 at height 465 received
[2026-09-29T23:03:59.138Z DEBUG blacksilk_p2p::net::headers] peer 1: 1 headers up to height 465 accepted (new: false)
[2026-09-29T23:04:10.478Z DEBUG blacksilk_p2p::net::maintenance] embargo expired for 531503eb4973
[2026-09-29T23:04:10.483Z DEBUG blacksilk_p2p::net::stem] fluff tx 531503eb4973
[2026-09-29T23:04:23.680Z DEBUG blacksilk_p2p::net::headers] peer 1: 1 headers up to height 466 accepted (new: true)
[2026-09-29T23:04:23.750Z DEBUG blacksilk_p2p::net::blocks] peer 1: block d4ca322300b4 at height 466 received
[2026-09-29T23:04:23.989Z DEBUG blacksilk_p2p::net::headers] peer 2: 1 headers up to height 466 accepted (new: false)
[2026-09-29T23:04:24.005Z DEBUG blacksilk_p2p::net::headers] peer 3: 1 headers up to height 466 accepted (new: false)
[2026-09-29T23:04:27.842Z DEBUG blacksilk_p2p::net::stem] stem tx aec6efa8052d -> peer 1
[2026-09-29T23:04:32.653Z DEBUG blacksilk_p2p::net::headers] peer 1: 1 headers up to height 467 accepted (new: true)
[2026-09-29T23:04:32.727Z DEBUG blacksilk_p2p::net::blocks] peer 1: block 4666e415a663 at height 467 received
[2026-09-29T23:04:32.956Z DEBUG blacksilk_p2p::net::headers] peer 2: 1 headers up to height 467 accepted (new: false)
[2026-09-29T23:04:40.565Z DEBUG blacksilk_p2p::net::headers] peer 1: 1 headers up to height 468 accepted (new: true)
[2026-09-29T23:04:40.643Z DEBUG blacksilk_p2p::net::blocks] peer 1: block 2e59b11054d6 at height 468 received
[2026-09-29T23:04:40.700Z DEBUG blacksilk_p2p::net::headers] peer 4: 1 headers up to height 468 accepted (new: false)
[2026-09-29T23:04:46.374Z DEBUG blacksilk_p2p::net::headers] peer 4: 1 headers up to height 469 accepted (new: true)
[2026-09-29T23:04:46.462Z DEBUG blacksilk_p2p::net::blocks] peer 4: block 89c87c69e37b at height 469 received
[2026-09-29T23:04:47.953Z DEBUG blacksilk_p2p::net::stem] stem tx 51b1caf2511e -> peer 1
[2026-09-29T23:04:53.189Z DEBUG blacksilk_p2p::net::headers] peer 1: 1 headers up to height 470 accepted (new: true)
[2026-09-29T23:04:53.259Z DEBUG blacksilk_p2p::net::blocks] peer 1: block ccebcc1e7c89 at height 470 received
[2026-09-29T23:04:53.328Z DEBUG blacksilk_p2p::net::headers] peer 3: 1 headers up to height 470 accepted (new: false)
[2026-09-29T23:04:53.366Z DEBUG blacksilk_p2p::net::headers] peer 4: 1 headers up to height 470 accepted (new: false)
[2026-09-29T23:05:00.849Z DEBUG blacksilk_p2p::net::headers] peer 1: 1 headers up to height 471 accepted (new: true)
[2026-09-29T23:05:00.902Z DEBUG blacksilk_p2p::net::blocks] peer 1: block 0f2abd189e9c at height 471 received
[2026-09-29T23:05:00.983Z DEBUG blacksilk_p2p::net::headers] peer 2: 1 headers up to height 471 accepted (new: false)
[2026-09-29T23:05:01.000Z DEBUG blacksilk_p2p::net::headers] peer 3: 1 headers up to height 471 accepted (new: false)
[2026-09-29T23:05:01.020Z DEBUG blacksilk_p2p::net::headers] peer 4: 1 headers up to height 471 accepted (new: false)
[2026-09-29T23:05:06.909Z DEBUG blacksilk_p2p::net::headers] peer 1: 1 headers up to height 472 accepted (new: true)
[2026-09-29T23:05:06.979Z DEBUG blacksilk_p2p::net::blocks] peer 1: block a528b9d96250 at height 472 received
[2026-09-29T23:05:07.043Z DEBUG blacksilk_p2p::net::headers] peer 3: 1 headers up to height 472 accepted (new: false)
[2026-09-29T23:05:07.043Z DEBUG blacksilk_p2p::net::headers] peer 2: 1 headers up to height 472 accepted (new: false)
[2026-09-29T23:05:07.060Z DEBUG blacksilk_p2p::net::headers] peer 4: 1 headers up to height 472 accepted (new: false)
[2026-09-29T23:05:08.042Z DEBUG blacksilk_p2p::net::stem] stem tx f085139750ad -> peer 1
[2026-09-29T23:05:27.709Z DEBUG blacksilk_p2p::net::headers] peer 1: 1 headers up to height 473 accepted (new: true)
[2026-09-29T23:05:27.780Z DEBUG blacksilk_p2p::net::blocks] peer 1: block e4fdeeb9f012 at height 473 received
[2026-09-29T23:05:27.909Z DEBUG blacksilk_p2p::net::headers] peer 4: 1 headers up to height 473 accepted (new: false)
[2026-09-29T23:05:28.062Z DEBUG blacksilk_p2p::net::stem] stem tx 4168a9aff884 -> peer 1
[2026-09-29T23:05:29.129Z DEBUG blacksilk_p2p::net::headers] peer 1: 1 headers up to height 474 accepted (new: true)
[2026-09-29T23:05:29.204Z DEBUG blacksilk_p2p::net::blocks] peer 1: block fb6f50a86e0e at height 474 received
[2026-09-29T23:05:29.240Z DEBUG blacksilk_p2p::net::headers] peer 4: 1 headers up to height 474 accepted (new: false)
[2026-09-29T23:05:48.037Z DEBUG blacksilk_p2p::net::stem] stem tx c9055ca11bf9 -> peer 1
[2026-09-29T23:06:08.113Z DEBUG blacksilk_p2p::net::stem] stem tx 70caf69eaaa9 -> peer 1
[2026-09-29T23:06:09.177Z DEBUG blacksilk_p2p::net::headers] peer 1: 1 headers up to height 475 accepted (new: true)
[2026-09-29T23:06:09.242Z DEBUG blacksilk_p2p::net::blocks] peer 1: block b99d2a84e4c0 at height 475 received
[2026-09-29T23:06:09.352Z DEBUG blacksilk_p2p::net::headers] peer 2: 1 headers up to height 475 accepted (new: false)
[2026-09-29T23:06:09.373Z DEBUG blacksilk_p2p::net::headers] peer 4: 1 headers up to height 475 accepted (new: false)
[2026-09-29T23:06:12.684Z DEBUG blacksilk_p2p::net::headers] peer 1: 1 headers up to height 476 accepted (new: true)
[2026-09-29T23:06:12.769Z DEBUG blacksilk_p2p::net::blocks] peer 1: block 366a7d1a5aa3 at height 476 received
[2026-09-29T23:06:12.822Z DEBUG blacksilk_p2p::net::headers] peer 4: 1 headers up to height 476 accepted (new: false)
[2026-09-29T23:06:12.843Z DEBUG blacksilk_p2p::net::headers] peer 3: 1 headers up to height 476 accepted (new: false)
[2026-09-29T23:06:12.843Z DEBUG blacksilk_p2p::net::headers] peer 2: 1 headers up to height 476 accepted (new: false)
[2026-09-29T23:06:14.357Z DEBUG blacksilk_p2p::net::maintenance] embargo expired for c9055ca11bf9
[2026-09-29T23:06:14.361Z DEBUG blacksilk_p2p::net::stem] fluff tx c9055ca11bf9
[2026-09-29T23:06:31.144Z DEBUG blacksilk_p2p::net::headers] peer 4: 1 headers up to height 477 accepted (new: true)
[2026-09-29T23:06:31.227Z DEBUG blacksilk_p2p::net::blocks] peer 4: block 63a563986aca at height 477 received
[2026-09-29T23:06:31.289Z DEBUG blacksilk_p2p::net::headers] peer 1: 1 headers up to height 477 accepted (new: false)
[2026-09-29T23:06:31.289Z DEBUG blacksilk_p2p::net::headers] peer 3: 1 headers up to height 477 accepted (new: false)
[2026-09-29T23:06:31.491Z DEBUG blacksilk_p2p::net::headers] peer 2: 1 headers up to height 477 accepted (new: false)
[2026-09-29T23:06:36.698Z DEBUG blacksilk_p2p::net::headers] peer 4: 1 headers up to height 478 accepted (new: true)
[2026-09-29T23:06:36.768Z DEBUG blacksilk_p2p::net::blocks] peer 4: block 4261345acedf at height 478 received
[2026-09-29T23:06:36.813Z DEBUG blacksilk_p2p::net::headers] peer 1: 1 headers up to height 478 accepted (new: false)
[2026-09-29T23:06:36.828Z DEBUG blacksilk_p2p::net::headers] peer 3: 1 headers up to height 478 accepted (new: false)
[2026-09-29T23:06:37.014Z DEBUG blacksilk_p2p::net::headers] peer 2: 1 headers up to height 478 accepted (new: false)
[2026-09-29T23:06:48.676Z DEBUG blacksilk_p2p::net::headers] peer 4: 1 headers up to height 479 accepted (new: true)
[2026-09-29T23:06:48.762Z DEBUG blacksilk_p2p::net::blocks] peer 4: block a936ed52cf9c at height 479 received
[2026-09-29T23:06:48.774Z DEBUG blacksilk_p2p::net::headers] peer 3: 1 headers up to height 479 accepted (new: false)
[2026-09-29T23:06:50.508Z DEBUG blacksilk_p2p::net::stem] stem tx babab1e0324f -> peer 1
[2026-09-29T23:06:54.397Z DEBUG blacksilk_p2p::net::headers] peer 1: 1 headers up to height 480 accepted (new: true)
[2026-09-29T23:06:54.471Z DEBUG blacksilk_p2p::net::blocks] peer 1: block 61b9c31a2f3f at height 480 received
[2026-09-29T23:06:54.594Z DEBUG blacksilk_p2p::net::headers] peer 3: 1 headers up to height 480 accepted (new: false)
[2026-09-29T23:06:54.594Z DEBUG blacksilk_p2p::net::headers] peer 2: 1 headers up to height 480 accepted (new: false)
[2026-09-29T23:07:10.720Z DEBUG blacksilk_p2p::net::stem] stem tx 6b2904cb5af8 -> peer 1
[2026-09-29T23:07:17.384Z DEBUG blacksilk_p2p::net::headers] peer 1: 1 headers up to height 481 accepted (new: true)
[2026-09-29T23:07:17.451Z DEBUG blacksilk_p2p::net::blocks] peer 1: block d7fac813f864 at height 481 received
[2026-09-29T23:07:17.502Z DEBUG blacksilk_p2p::net::headers] peer 2: 1 headers up to height 481 accepted (new: false)
[2026-09-29T23:07:30.853Z DEBUG blacksilk_p2p::net::stem] stem tx d7209cab5009 -> peer 1
[2026-09-29T23:07:32.390Z DEBUG blacksilk_p2p::net::headers] peer 1: 1 headers up to height 482 accepted (new: true)
[2026-09-29T23:07:32.464Z DEBUG blacksilk_p2p::net::blocks] peer 1: block 57d3d8ec3963 at height 482 received
[2026-09-29T23:07:39.422Z DEBUG blacksilk_p2p::net::headers] peer 4: 1 headers up to height 483 accepted (new: true)
[2026-09-29T23:07:39.491Z DEBUG blacksilk_p2p::net::blocks] peer 4: block 86473013abc1 at height 483 received
[2026-09-29T23:07:39.534Z DEBUG blacksilk_p2p::net::headers] peer 3: 1 headers up to height 483 accepted (new: false)
[2026-09-29T23:07:39.635Z DEBUG blacksilk_p2p::net::headers] peer 1: 1 headers up to height 483 accepted (new: false)
[2026-09-29T23:07:39.656Z DEBUG blacksilk_p2p::net::headers] peer 2: 1 headers up to height 483 accepted (new: false)
[2026-09-29T23:07:41.242Z DEBUG blacksilk_p2p::net::headers] peer 4: 1 headers up to height 484 accepted (new: true)
[2026-09-29T23:07:41.319Z DEBUG blacksilk_p2p::net::blocks] peer 4: block 4584886e99d4 at height 484 received
[2026-09-29T23:07:41.409Z DEBUG blacksilk_p2p::net::headers] peer 3: 1 headers up to height 484 accepted (new: false)
[2026-09-29T23:07:41.510Z DEBUG blacksilk_p2p::net::headers] peer 2: 1 headers up to height 484 accepted (new: false)
[2026-09-29T23:07:41.535Z DEBUG blacksilk_p2p::net::headers] peer 1: 1 headers up to height 484 accepted (new: false)
[2026-09-29T23:07:50.999Z DEBUG blacksilk_p2p::net::stem] stem tx 4e14d787c4ba -> peer 1
[2026-09-29T23:07:51.267Z DEBUG blacksilk_p2p::net::headers] peer 4: 1 headers up to height 485 accepted (new: true)
[2026-09-29T23:07:51.347Z DEBUG blacksilk_p2p::net::blocks] peer 4: block 908fadb31de0 at height 485 received
[2026-09-29T23:07:51.427Z DEBUG blacksilk_p2p::net::headers] peer 3: 1 headers up to height 485 accepted (new: false)
[2026-09-29T23:08:01.711Z DEBUG blacksilk_p2p::net::headers] peer 4: 1 headers up to height 486 accepted (new: true)
[2026-09-29T23:08:01.779Z DEBUG blacksilk_p2p::net::blocks] peer 4: block 87cb09332e21 at height 486 received
[2026-09-29T23:08:02.002Z DEBUG blacksilk_p2p::net::headers] peer 3: 1 headers up to height 486 accepted (new: false)
[2026-09-29T23:08:02.047Z DEBUG blacksilk_p2p::net::headers] peer 2: 1 headers up to height 486 accepted (new: false)
[2026-09-29T23:08:02.047Z DEBUG blacksilk_p2p::net::headers] peer 1: 1 headers up to height 486 accepted (new: false)
[2026-09-29T23:08:09.498Z DEBUG blacksilk_p2p::net::headers] peer 1: 1 headers up to height 487 accepted (new: true)
[2026-09-29T23:08:09.582Z DEBUG blacksilk_p2p::net::blocks] peer 1: block 23b37a126809 at height 487 received
[2026-09-29T23:08:09.640Z DEBUG blacksilk_p2p::net::headers] peer 3: 1 headers up to height 487 accepted (new: false)
[2026-09-29T23:08:10.823Z DEBUG blacksilk_p2p::net::headers] peer 1: 1 headers up to height 488 accepted (new: true)
[2026-09-29T23:08:10.880Z DEBUG blacksilk_p2p::net::blocks] peer 1: block 96c4607e969f at height 488 received
[2026-09-29T23:08:11.146Z DEBUG blacksilk_p2p::net::stem] stem tx bb9e7ae97ef7 -> peer 1
[2026-09-29T23:08:31.291Z DEBUG blacksilk_p2p::net::stem] stem tx bac0f7e495f7 -> peer 1
[2026-09-29T23:08:31.576Z DEBUG blacksilk_p2p::net::headers] peer 4: 1 headers up to height 489 accepted (new: true)
[2026-09-29T23:08:31.663Z DEBUG blacksilk_p2p::net::blocks] peer 4: block efb0121e7299 at height 489 received
[2026-09-29T23:08:31.741Z DEBUG blacksilk_p2p::net::headers] peer 1: 1 headers up to height 489 accepted (new: false)
[2026-09-29T23:08:31.782Z DEBUG blacksilk_p2p::net::headers] peer 3: 1 headers up to height 489 accepted (new: false)
[2026-09-29T23:08:34.496Z DEBUG blacksilk_p2p::net::headers] peer 1: 1 headers up to height 490 accepted (new: true)
[2026-09-29T23:08:34.562Z DEBUG blacksilk_p2p::net::blocks] peer 1: block f0cf0a7b7649 at height 490 received
[2026-09-29T23:08:34.663Z DEBUG blacksilk_p2p::net::headers] peer 3: 1 headers up to height 490 accepted (new: false)
[2026-09-29T23:08:42.570Z DEBUG blacksilk_p2p::net::headers] peer 4: 1 headers up to height 491 accepted (new: true)
[2026-09-29T23:08:42.643Z DEBUG blacksilk_p2p::net::blocks] peer 4: block 9e17df43fa5a at height 491 received
[2026-09-29T23:08:42.745Z DEBUG blacksilk_p2p::net::headers] peer 2: 1 headers up to height 491 accepted (new: false)
[2026-09-29T23:08:42.805Z DEBUG blacksilk_p2p::net::headers] peer 1: 1 headers up to height 491 accepted (new: false)
[2026-09-29T23:08:42.821Z DEBUG blacksilk_p2p::net::headers] peer 3: 1 headers up to height 491 accepted (new: false)
[2026-09-29T23:08:50.262Z DEBUG blacksilk_p2p::net::headers] peer 4: 1 headers up to height 492 accepted (new: true)
[2026-09-29T23:08:50.341Z DEBUG blacksilk_p2p::net::blocks] peer 4: block c1519e0f124a at height 492 received
[2026-09-29T23:08:50.425Z DEBUG blacksilk_p2p::net::headers] peer 1: 1 headers up to height 492 accepted (new: false)
[2026-09-29T23:08:50.441Z DEBUG blacksilk_p2p::net::headers] peer 3: 1 headers up to height 492 accepted (new: false)
[2026-09-29T23:08:51.440Z DEBUG blacksilk_p2p::net::stem] stem tx cf2d532e7e87 -> peer 1
[2026-09-29T23:08:58.902Z DEBUG blacksilk_p2p::net::headers] peer 4: 1 headers up to height 493 accepted (new: true)
[2026-09-29T23:08:58.978Z DEBUG blacksilk_p2p::net::blocks] peer 4: block 2b13a7c3f689 at height 493 received
[2026-09-29T23:08:59.102Z DEBUG blacksilk_p2p::net::headers] peer 1: 1 headers up to height 493 accepted (new: false)
[2026-09-29T23:08:59.102Z DEBUG blacksilk_p2p::net::headers] peer 3: 1 headers up to height 493 accepted (new: false)
[2026-09-29T23:09:02.157Z DEBUG blacksilk_p2p::net::headers] peer 1: 1 headers up to height 494 accepted (new: true)
[2026-09-29T23:09:02.207Z DEBUG blacksilk_p2p::net::blocks] peer 1: block 650058b6c86a at height 494 received
[2026-09-29T23:09:02.286Z DEBUG blacksilk_p2p::net::headers] peer 3: 1 headers up to height 494 accepted (new: false)
[2026-09-29T23:09:07.264Z DEBUG blacksilk_p2p::net::maintenance] embargo expired for cf2d532e7e87
[2026-09-29T23:09:07.268Z DEBUG blacksilk_p2p::net::stem] fluff tx cf2d532e7e87
[2026-09-29T23:09:11.567Z DEBUG blacksilk_p2p::net::stem] stem tx 9a641110bfb3 -> peer 1
[2026-09-29T23:09:16.677Z DEBUG blacksilk_p2p::net::headers] peer 4: 1 headers up to height 495 accepted (new: true)
[2026-09-29T23:09:16.760Z DEBUG blacksilk_p2p::net::blocks] peer 4: block 788a6617da37 at height 495 received
[2026-09-29T23:09:16.801Z DEBUG blacksilk_p2p::net::headers] peer 3: 1 headers up to height 495 accepted (new: false)
[2026-09-29T23:09:16.841Z DEBUG blacksilk_p2p::net::headers] peer 1: 1 headers up to height 495 accepted (new: false)
[2026-09-29T23:09:20.610Z DEBUG blacksilk_p2p::net::headers] peer 4: 1 headers up to height 496 accepted (new: true)
[2026-09-29T23:09:20.694Z DEBUG blacksilk_p2p::net::blocks] peer 4: block 6c29c2d8035e at height 496 received
[2026-09-29T23:09:20.755Z DEBUG blacksilk_p2p::net::headers] peer 1: 1 headers up to height 496 accepted (new: false)
[2026-09-29T23:09:31.639Z DEBUG blacksilk_p2p::net::stem] stem tx aa7dd8c415b6 -> peer 1
[2026-09-29T23:09:36.047Z DEBUG blacksilk_p2p::net::headers] peer 1: 1 headers up to height 497 accepted (new: true)
[2026-09-29T23:09:36.128Z DEBUG blacksilk_p2p::net::blocks] peer 1: block b7bcb02be4c9 at height 497 received
[2026-09-29T23:09:36.185Z DEBUG blacksilk_p2p::net::headers] peer 2: 1 headers up to height 497 accepted (new: false)
[2026-09-29T23:09:36.201Z DEBUG blacksilk_p2p::net::headers] peer 3: 1 headers up to height 497 accepted (new: false)
[2026-09-29T23:09:36.264Z DEBUG blacksilk_p2p::net::headers] peer 4: 1 headers up to height 497 accepted (new: false)
[2026-09-29T23:09:50.398Z DEBUG blacksilk_p2p::net::headers] peer 4: 1 headers up to height 498 accepted (new: true)
[2026-09-29T23:09:50.473Z DEBUG blacksilk_p2p::net::blocks] peer 4: block e6b9ec16429b at height 498 received
[2026-09-29T23:09:50.534Z DEBUG blacksilk_p2p::net::headers] peer 1: 1 headers up to height 498 accepted (new: false)
[2026-09-29T23:09:51.779Z DEBUG blacksilk_p2p::net::stem] stem tx 3d83dbb92c9f -> peer 1
[2026-09-29T23:09:54.111Z DEBUG blacksilk_p2p::net::headers] peer 1: 1 headers up to height 499 accepted (new: true)
[2026-09-29T23:09:54.192Z DEBUG blacksilk_p2p::net::blocks] peer 1: block 83312586edb9 at height 499 received
[2026-09-29T23:09:58.630Z DEBUG blacksilk_p2p::net::headers] peer 1: 1 headers up to height 500 accepted (new: true)
[2026-09-29T23:09:58.706Z DEBUG blacksilk_p2p::net::blocks] peer 1: block 4cc4e6f373d6 at height 500 received
[2026-09-29T23:09:58.872Z DEBUG blacksilk_p2p::net::headers] peer 3: 1 headers up to height 500 accepted (new: false)
[2026-09-29T23:09:58.872Z DEBUG blacksilk_p2p::net::headers] peer 4: 1 headers up to height 500 accepted (new: false)
[2026-09-29T23:09:58.913Z DEBUG blacksilk_p2p::net::headers] peer 2: 1 headers up to height 500 accepted (new: false)
[2026-09-29T23:10:01.098Z DEBUG blacksilk_p2p::net::headers] peer 1: 1 headers up to height 501 accepted (new: true)
[2026-09-29T23:10:01.150Z DEBUG blacksilk_p2p::net::blocks] peer 1: block 413195035cc3 at height 501 received
[2026-09-29T23:10:01.902Z DEBUG blacksilk_p2p::net::headers] peer 4: 1 headers up to height 501 accepted (new: true)
[2026-09-29T23:10:01.902Z DEBUG blacksilk_p2p::net::headers] peer 2: 1 headers up to height 501 accepted (new: false)
[2026-09-29T23:10:01.902Z DEBUG blacksilk_p2p::net::headers] peer 3: 1 headers up to height 501 accepted (new: false)
[2026-09-29T23:10:03.443Z DEBUG blacksilk_p2p::net::headers] peer 4: 1 headers up to height 502 accepted (new: true)
[2026-09-29T23:10:03.513Z DEBUG blacksilk_p2p::net::blocks] peer 4: block 491e6ea9a536 at height 501 received
[2026-09-29T23:10:03.513Z DEBUG blacksilk_p2p::net::blocks] peer 4: block 840f3fb297d7 at height 502 received
[2026-09-29T23:10:03.526Z INFO  blacksilk_chain::manager::fork_choice] reorganization: disconnecting 1 block(s) above height 500
[2026-09-29T23:10:03.526Z INFO  blacksilk_chain::manager::fork_choice] mempool after the reorganization: Revalidation { checked: 0, invalid: 0, ring_changed: 0 }; returned transactions: Readmission { readmitted: 0, already_pooled: 0, other_rules: 0, conflicts: 0, invalid: 0, ring_changed: 0, no_room: 0, over_budget: 0 }; 0 beyond the readmission budget, not captured
[2026-09-29T23:10:03.632Z DEBUG blacksilk_p2p::net::headers] peer 2: 1 headers up to height 502 accepted (new: false)
[2026-09-29T23:10:03.674Z DEBUG blacksilk_p2p::net::headers] peer 3: 1 headers up to height 502 accepted (new: false)
[2026-09-29T23:10:03.756Z DEBUG blacksilk_p2p::net::headers] peer 1: 1 headers up to height 502 accepted (new: false)
[2026-09-29T23:10:05.859Z DEBUG blacksilk_p2p::net::headers] peer 4: 1 headers up to height 503 accepted (new: true)
[2026-09-29T23:10:05.931Z DEBUG blacksilk_p2p::net::blocks] peer 4: block faf11e515c57 at height 503 received
[2026-09-29T23:10:06.059Z DEBUG blacksilk_p2p::net::headers] peer 3: 1 headers up to height 503 accepted (new: false)
[2026-09-29T23:10:06.151Z DEBUG blacksilk_p2p::net::headers] peer 1: 1 headers up to height 503 accepted (new: false)
[2026-09-29T23:10:07.171Z DEBUG blacksilk_p2p::net::maintenance] embargo expired for 3d83dbb92c9f
[2026-09-29T23:10:07.175Z DEBUG blacksilk_p2p::net::stem] fluff tx 3d83dbb92c9f
[2026-09-29T23:10:11.934Z DEBUG blacksilk_p2p::net::stem] stem tx 69a841dc804f -> peer 1
[2026-09-29T23:10:16.619Z DEBUG blacksilk_p2p::net::headers] peer 4: 1 headers up to height 504 accepted (new: true)
[2026-09-29T23:10:16.693Z DEBUG blacksilk_p2p::net::blocks] peer 4: block 3629bec33bad at height 504 received
[2026-09-29T23:10:16.813Z DEBUG blacksilk_p2p::net::headers] peer 2: 1 headers up to height 504 accepted (new: false)
[2026-09-29T23:10:16.894Z DEBUG blacksilk_p2p::net::headers] peer 3: 1 headers up to height 504 accepted (new: false)
[2026-09-29T23:10:16.976Z DEBUG blacksilk_p2p::net::headers] peer 1: 1 headers up to height 504 accepted (new: false)
[2026-09-29T23:10:29.550Z DEBUG blacksilk_p2p::net::headers] peer 4: 1 headers up to height 505 accepted (new: true)
[2026-09-29T23:10:29.633Z DEBUG blacksilk_p2p::net::blocks] peer 4: block e607f5a986f8 at height 505 received
[2026-09-29T23:10:30.249Z DEBUG blacksilk_p2p::net::headers] peer 1: 1 headers up to height 505 accepted (new: true)
[2026-09-29T23:10:30.250Z DEBUG blacksilk_p2p::net::headers] peer 2: 1 headers up to height 505 accepted (new: false)
[2026-09-29T23:10:30.250Z DEBUG blacksilk_p2p::net::headers] peer 3: 1 headers up to height 505 accepted (new: false)
[2026-09-29T23:10:31.970Z DEBUG blacksilk_p2p::net::stem] stem tx c4fae199ab5e -> peer 1
[2026-09-29T23:10:35.508Z DEBUG blacksilk_p2p::net::headers] peer 1: 1 headers up to height 506 accepted (new: true)
[2026-09-29T23:10:35.570Z DEBUG blacksilk_p2p::net::blocks] peer 1: block fbf240298d42 at height 506 received
[2026-09-29T23:10:36.046Z DEBUG blacksilk_p2p::net::headers] peer 4: 1 headers up to height 506 accepted (new: false)
[2026-09-29T23:10:36.188Z DEBUG blacksilk_p2p::net::headers] peer 3: 1 headers up to height 506 accepted (new: false)
[2026-09-29T23:10:36.249Z DEBUG blacksilk_p2p::net::blocks] peer 3: block ae0cb5f5d5a0 at height 505 received
[2026-09-29T23:10:36.253Z INFO  blacksilk_chain::manager::fork_choice] reorganization: disconnecting 1 block(s) above height 504
[2026-09-29T23:10:36.254Z INFO  blacksilk_chain::manager::fork_choice] mempool after the reorganization: Revalidation { checked: 0, invalid: 0, ring_changed: 0 }; returned transactions: Readmission { readmitted: 0, already_pooled: 0, other_rules: 0, conflicts: 0, invalid: 0, ring_changed: 0, no_room: 0, over_budget: 0 }; 0 beyond the readmission budget, not captured
[2026-09-29T23:10:36.347Z DEBUG blacksilk_p2p::net::headers] peer 2: 1 headers up to height 506 accepted (new: false)
[2026-09-29T23:10:40.347Z DEBUG blacksilk_p2p::net::headers] peer 4: 1 headers up to height 507 accepted (new: true)
[2026-09-29T23:10:40.436Z DEBUG blacksilk_p2p::net::blocks] peer 4: block 1bfad6aa5ebd at height 507 received
[2026-09-29T23:10:40.983Z DEBUG blacksilk_p2p::net::headers] peer 1: 1 headers up to height 507 accepted (new: true)
[2026-09-29T23:10:40.983Z DEBUG blacksilk_p2p::net::headers] peer 2: 1 headers up to height 507 accepted (new: false)
[2026-09-29T23:10:40.983Z DEBUG blacksilk_p2p::net::headers] peer 3: 1 headers up to height 507 accepted (new: false)
[2026-09-29T23:10:45.103Z DEBUG blacksilk_p2p::net::headers] peer 4: 1 headers up to height 508 accepted (new: true)
[2026-09-29T23:10:45.174Z DEBUG blacksilk_p2p::net::blocks] peer 4: block 127002dadfc1 at height 508 received
[2026-09-29T23:10:45.305Z DEBUG blacksilk_p2p::net::headers] peer 2: 1 headers up to height 508 accepted (new: false)
[2026-09-29T23:10:45.408Z DEBUG blacksilk_p2p::net::headers] peer 3: 1 headers up to height 508 accepted (new: false)
[2026-09-29T23:10:45.408Z DEBUG blacksilk_p2p::net::headers] peer 1: 1 headers up to height 508 accepted (new: false)
[2026-09-29T23:10:46.398Z DEBUG blacksilk_p2p::net::headers] peer 4: 1 headers up to height 509 accepted (new: true)
[2026-09-29T23:10:46.460Z DEBUG blacksilk_p2p::net::blocks] peer 4: block 029f3cac8b02 at height 509 received
[2026-09-29T23:10:46.622Z DEBUG blacksilk_p2p::net::headers] peer 2: 1 headers up to height 509 accepted (new: false)
[2026-09-29T23:10:46.723Z DEBUG blacksilk_p2p::net::headers] peer 3: 1 headers up to height 509 accepted (new: false)
[2026-09-29T23:10:46.723Z DEBUG blacksilk_p2p::net::headers] peer 1: 1 headers up to height 509 accepted (new: false)
[2026-09-29T23:10:52.092Z DEBUG blacksilk_p2p::net::stem] stem tx 57acf164a9df -> peer 1
[2026-09-29T23:10:56.379Z DEBUG blacksilk_p2p::net::maintenance] embargo expired for c4fae199ab5e
[2026-09-29T23:10:56.382Z DEBUG blacksilk_p2p::net::stem] fluff tx c4fae199ab5e
[2026-09-29T23:11:00.813Z DEBUG blacksilk_p2p::net::headers] peer 4: 1 headers up to height 510 accepted (new: true)
[2026-09-29T23:11:00.891Z DEBUG blacksilk_p2p::net::blocks] peer 4: block 2935beaae0af at height 510 received
[2026-09-29T23:11:00.972Z DEBUG blacksilk_p2p::net::headers] peer 1: 1 headers up to height 510 accepted (new: false)
[2026-09-29T23:11:01.034Z DEBUG blacksilk_p2p::net::headers] peer 2: 1 headers up to height 510 accepted (new: false)
[2026-09-29T23:11:01.197Z DEBUG blacksilk_p2p::net::headers] peer 3: 1 headers up to height 510 accepted (new: false)
[2026-09-29T23:11:02.706Z DEBUG blacksilk_p2p::net::headers] peer 4: 1 headers up to height 511 accepted (new: true)
[2026-09-29T23:11:02.762Z DEBUG blacksilk_p2p::net::blocks] peer 4: block 3971110b2c28 at height 511 received
[2026-09-29T23:11:06.080Z DEBUG blacksilk_p2p::net::headers] peer 1: 1 headers up to height 512 accepted (new: true)
[2026-09-29T23:11:06.148Z DEBUG blacksilk_p2p::net::blocks] peer 1: block d2ecff04c899 at height 512 received
[2026-09-29T23:11:06.255Z DEBUG blacksilk_p2p::net::headers] peer 3: 1 headers up to height 512 accepted (new: false)
[2026-09-29T23:11:06.275Z DEBUG blacksilk_p2p::net::headers] peer 4: 1 headers up to height 512 accepted (new: false)
[2026-09-29T23:11:12.134Z DEBUG blacksilk_p2p::net::stem] stem tx 21882bc9fb1d -> peer 1
[2026-09-29T23:11:24.546Z DEBUG blacksilk_p2p::net::headers] peer 4: 1 headers up to height 513 accepted (new: true)
[2026-09-29T23:11:24.625Z DEBUG blacksilk_p2p::net::blocks] peer 4: block 4d582548db7e at height 513 received
[2026-09-29T23:11:24.645Z DEBUG blacksilk_p2p::net::headers] peer 3: 1 headers up to height 513 accepted (new: false)
[2026-09-29T23:11:24.730Z DEBUG blacksilk_p2p::net::headers] peer 1: 1 headers up to height 513 accepted (new: false)
[2026-09-29T23:11:27.739Z DEBUG blacksilk_p2p::net::headers] peer 4: 1 headers up to height 514 accepted (new: true)
[2026-09-29T23:11:27.814Z DEBUG blacksilk_p2p::net::blocks] peer 4: block 2eebab0e6e47 at height 514 received
[2026-09-29T23:11:27.857Z DEBUG blacksilk_p2p::net::headers] peer 1: 1 headers up to height 514 accepted (new: false)
[2026-09-29T23:11:29.635Z DEBUG blacksilk_p2p::net::headers] peer 4: 1 headers up to height 515 accepted (new: true)
[2026-09-29T23:11:29.705Z DEBUG blacksilk_p2p::net::blocks] peer 4: block 1f72fdf4d7a8 at height 515 received
[2026-09-29T23:11:29.771Z DEBUG blacksilk_p2p::net::headers] peer 1: 1 headers up to height 515 accepted (new: false)
[2026-09-29T23:11:32.418Z DEBUG blacksilk_p2p::net::stem] stem tx 387c40d14861 -> peer 1
[2026-09-29T23:11:41.533Z DEBUG blacksilk_p2p::net::headers] peer 1: 1 headers up to height 516 accepted (new: true)
[2026-09-29T23:11:41.618Z DEBUG blacksilk_p2p::net::blocks] peer 1: block 7e05144c33db at height 516 received
[2026-09-29T23:11:41.651Z DEBUG blacksilk_p2p::net::headers] peer 4: 1 headers up to height 516 accepted (new: false)
[2026-09-29T23:11:41.692Z DEBUG blacksilk_p2p::net::headers] peer 3: 1 headers up to height 516 accepted (new: false)
[2026-09-29T23:11:41.759Z DEBUG blacksilk_p2p::net::headers] peer 2: 1 headers up to height 516 accepted (new: false)
[2026-09-29T23:11:44.963Z DEBUG blacksilk_p2p::net::headers] peer 4: 1 headers up to height 517 accepted (new: true)
[2026-09-29T23:11:45.042Z DEBUG blacksilk_p2p::net::blocks] peer 4: block 9b5aca61b2b5 at height 517 received
[2026-09-29T23:11:45.159Z DEBUG blacksilk_p2p::net::headers] peer 2: 1 headers up to height 517 accepted (new: false)
[2026-09-29T23:11:45.159Z DEBUG blacksilk_p2p::net::headers] peer 3: 1 headers up to height 517 accepted (new: false)
[2026-09-29T23:11:51.819Z DEBUG blacksilk_p2p::net::headers] peer 1: 1 headers up to height 518 accepted (new: true)
[2026-09-29T23:11:51.889Z DEBUG blacksilk_p2p::net::blocks] peer 1: block a33c630cd86f at height 518 received
[2026-09-29T23:11:52.001Z DEBUG blacksilk_p2p::net::headers] peer 3: 1 headers up to height 518 accepted (new: false)
[2026-09-29T23:11:52.412Z DEBUG blacksilk_p2p::net::stem] stem tx 4603513d6800 -> peer 1
[2026-09-29T23:12:12.653Z DEBUG blacksilk_p2p::net::stem] stem tx 793e6da09c44 -> peer 1
[2026-09-29T23:12:13.154Z DEBUG blacksilk_p2p::net::headers] peer 4: 1 headers up to height 519 accepted (new: true)
[2026-09-29T23:12:13.247Z DEBUG blacksilk_p2p::net::blocks] peer 4: block 1d41dca81d3d at height 519 received
[2026-09-29T23:12:13.495Z DEBUG blacksilk_p2p::net::headers] peer 1: 1 headers up to height 519 accepted (new: false)
[2026-09-29T23:12:13.584Z DEBUG blacksilk_p2p::net::headers] peer 2: 1 headers up to height 519 accepted (new: false)
[2026-09-29T23:12:28.021Z DEBUG blacksilk_p2p::net::maintenance] embargo expired for 4603513d6800
[2026-09-29T23:12:28.027Z DEBUG blacksilk_p2p::net::stem] fluff tx 4603513d6800
[2026-09-29T23:12:32.596Z DEBUG blacksilk_p2p::net::stem] stem tx 72f616fb5df3 -> peer 1
[2026-09-29T23:12:34.322Z DEBUG blacksilk_p2p::net::maintenance] embargo expired for 793e6da09c44
[2026-09-29T23:12:34.328Z DEBUG blacksilk_p2p::net::stem] fluff tx 793e6da09c44
[2026-09-29T23:12:44.809Z DEBUG blacksilk_p2p::net::headers] peer 4: 1 headers up to height 520 accepted (new: true)
[2026-09-29T23:12:44.869Z DEBUG blacksilk_p2p::net::blocks] peer 4: block 0a502f45fcfe at height 520 received
[2026-09-29T23:12:45.562Z DEBUG blacksilk_p2p::net::headers] peer 1: 1 headers up to height 520 accepted (new: true)
[2026-09-29T23:12:45.563Z DEBUG blacksilk_p2p::net::headers] peer 3: 1 headers up to height 520 accepted (new: false)
[2026-09-29T23:12:45.563Z DEBUG blacksilk_p2p::net::headers] peer 2: 1 headers up to height 520 accepted (new: false)
[2026-09-29T23:12:52.760Z DEBUG blacksilk_p2p::net::stem] stem tx fc9766346824 -> peer 1
[2026-09-29T23:13:07.304Z DEBUG blacksilk_p2p::net::maintenance] embargo expired for fc9766346824
[2026-09-29T23:13:07.309Z DEBUG blacksilk_p2p::net::stem] fluff tx fc9766346824
[2026-09-29T23:13:12.441Z DEBUG blacksilk_p2p::net::headers] peer 1: 1 headers up to height 521 accepted (new: true)
[2026-09-29T23:13:12.509Z DEBUG blacksilk_p2p::net::blocks] peer 1: block 1227604c6023 at height 521 received
[2026-09-29T23:13:12.590Z DEBUG blacksilk_p2p::net::blocks] peer 2: block f8e5c558e258 at height 520 received
[2026-09-29T23:13:12.592Z INFO  blacksilk_chain::manager::fork_choice] reorganization: disconnecting 1 block(s) above height 519
[2026-09-29T23:13:12.602Z INFO  blacksilk_chain::manager::fork_choice] mempool after the reorganization: Revalidation { checked: 1, invalid: 0, ring_changed: 0 }; returned transactions: Readmission { readmitted: 0, already_pooled: 0, other_rules: 0, conflicts: 0, invalid: 2, ring_changed: 0, no_room: 0, over_budget: 0 }; 0 beyond the readmission budget, not captured
[2026-09-29T23:13:12.610Z DEBUG blacksilk_p2p::net::headers] peer 2: 1 headers up to height 521 accepted (new: false)
[2026-09-29T23:13:12.655Z DEBUG blacksilk_p2p::net::headers] peer 3: 1 headers up to height 521 accepted (new: false)
[2026-09-29T23:13:12.691Z DEBUG blacksilk_p2p::net::headers] peer 4: 1 headers up to height 521 accepted (new: false)
[2026-09-29T23:13:12.852Z DEBUG blacksilk_p2p::net::stem] stem tx 81f52c2d3096 -> peer 1
[2026-09-29T23:13:20.829Z DEBUG blacksilk_p2p::net::headers] peer 4: 1 headers up to height 522 accepted (new: true)
[2026-09-29T23:13:20.895Z DEBUG blacksilk_p2p::net::blocks] peer 4: block 1790bf184d5b at height 522 received
[2026-09-29T23:13:21.036Z DEBUG blacksilk_p2p::net::headers] peer 2: 1 headers up to height 522 accepted (new: false)
[2026-09-29T23:13:21.056Z DEBUG blacksilk_p2p::net::headers] peer 1: 1 headers up to height 522 accepted (new: false)
[2026-09-29T23:13:21.073Z DEBUG blacksilk_p2p::net::headers] peer 3: 1 headers up to height 522 accepted (new: false)
[2026-09-29T23:13:25.738Z DEBUG blacksilk_p2p::net::maintenance] embargo expired for 72f616fb5df3
[2026-09-29T23:13:25.744Z DEBUG blacksilk_p2p::net::stem] fluff tx 72f616fb5df3
[2026-09-29T23:13:32.952Z DEBUG blacksilk_p2p::net::stem] stem tx fc9da87c394c -> peer 1
[2026-09-29T23:13:38.811Z DEBUG blacksilk_p2p::net::headers] peer 1: 1 headers up to height 523 accepted (new: true)
[2026-09-29T23:13:38.886Z DEBUG blacksilk_p2p::net::blocks] peer 1: block 1a791bb4139e at height 523 received
[2026-09-29T23:13:38.913Z DEBUG blacksilk_p2p::net::headers] peer 2: 1 headers up to height 523 accepted (new: false)
[2026-09-29T23:13:38.971Z DEBUG blacksilk_p2p::net::headers] peer 3: 1 headers up to height 523 accepted (new: false)
[2026-09-29T23:13:44.611Z DEBUG blacksilk_p2p::net::headers] peer 1: 1 headers up to height 524 accepted (new: true)
[2026-09-29T23:13:44.672Z DEBUG blacksilk_p2p::net::blocks] peer 1: block 42d05926732b at height 524 received
[2026-09-29T23:13:44.752Z DEBUG blacksilk_p2p::net::headers] peer 3: 1 headers up to height 524 accepted (new: false)
[2026-09-29T23:13:50.224Z DEBUG blacksilk_p2p::net::headers] peer 4: 1 headers up to height 525 accepted (new: true)
[2026-09-29T23:13:50.281Z DEBUG blacksilk_p2p::net::blocks] peer 4: block 617f9dd8f3e4 at height 525 received
[2026-09-29T23:13:50.522Z DEBUG blacksilk_p2p::net::headers] peer 2: 1 headers up to height 525 accepted (new: false)
[2026-09-29T23:13:50.562Z DEBUG blacksilk_p2p::net::headers] peer 1: 1 headers up to height 525 accepted (new: false)
[2026-09-29T23:13:50.562Z DEBUG blacksilk_p2p::net::headers] peer 3: 1 headers up to height 525 accepted (new: false)
[2026-09-29T23:14:04.440Z DEBUG blacksilk_p2p::net::headers] peer 4: 1 headers up to height 526 accepted (new: true)
[2026-09-29T23:14:04.517Z DEBUG blacksilk_p2p::net::blocks] peer 4: block a2513a20e7e7 at height 526 received
[2026-09-29T23:14:04.558Z DEBUG blacksilk_p2p::net::headers] peer 3: 1 headers up to height 526 accepted (new: false)
[2026-09-29T23:14:04.736Z DEBUG blacksilk_p2p::net::headers] peer 2: 1 headers up to height 526 accepted (new: false)
[2026-09-29T23:14:04.760Z DEBUG blacksilk_p2p::net::headers] peer 1: 1 headers up to height 526 accepted (new: false)
[2026-09-29T23:14:08.806Z DEBUG blacksilk_p2p::net::headers] peer 1: 1 headers up to height 527 accepted (new: true)
[2026-09-29T23:14:08.834Z DEBUG blacksilk_p2p::net::headers] peer 3: 1 headers up to height 527 accepted (new: false)
[2026-09-29T23:14:08.868Z DEBUG blacksilk_p2p::net::blocks] peer 1: block ec06940e0aa8 at height 527 received
[2026-09-29T23:14:08.992Z DEBUG blacksilk_p2p::net::headers] peer 4: 1 headers up to height 527 accepted (new: false)
[2026-09-29T23:14:13.141Z DEBUG blacksilk_p2p::net::stem] stem tx 0aefb23d6320 -> peer 1
[2026-09-29T23:14:17.307Z DEBUG blacksilk_p2p::net::headers] peer 4: 1 headers up to height 528 accepted (new: true)
[2026-09-29T23:14:17.382Z DEBUG blacksilk_p2p::net::blocks] peer 4: block 95211b4184c9 at height 528 received
[2026-09-29T23:14:17.523Z DEBUG blacksilk_p2p::net::headers] peer 3: 1 headers up to height 528 accepted (new: false)
[2026-09-29T23:14:17.583Z DEBUG blacksilk_p2p::net::headers] peer 1: 1 headers up to height 528 accepted (new: false)
[2026-09-29T23:14:23.344Z DEBUG blacksilk_p2p::net::headers] peer 1: 1 headers up to height 529 accepted (new: true)
[2026-09-29T23:14:23.444Z DEBUG blacksilk_p2p::net::blocks] peer 1: block 8b1a04bb691b at height 529 received
[2026-09-29T23:14:23.538Z DEBUG blacksilk_p2p::net::headers] peer 2: 1 headers up to height 529 accepted (new: false)
[2026-09-29T23:14:23.619Z DEBUG blacksilk_p2p::net::headers] peer 3: 1 headers up to height 529 accepted (new: false)
[2026-09-29T23:14:23.710Z DEBUG blacksilk_p2p::net::headers] peer 4: 1 headers up to height 529 accepted (new: false)
[2026-09-29T23:14:29.445Z DEBUG blacksilk_p2p::net::maintenance] embargo expired for 0aefb23d6320
[2026-09-29T23:14:29.453Z DEBUG blacksilk_p2p::net::stem] fluff tx 0aefb23d6320
[2026-09-29T23:14:33.192Z DEBUG blacksilk_p2p::net::stem] stem tx ae78d2a10a0f -> peer 1
[2026-09-29T23:14:51.010Z DEBUG blacksilk_p2p::net::headers] peer 1: 1 headers up to height 530 accepted (new: true)
[2026-09-29T23:14:51.090Z DEBUG blacksilk_p2p::net::headers] peer 4: 1 headers up to height 530 accepted (new: false)
[2026-09-29T23:14:51.090Z DEBUG blacksilk_p2p::net::blocks] peer 1: block 5c547ff14fd9 at height 530 received
[2026-09-29T23:14:51.130Z DEBUG blacksilk_p2p::net::headers] peer 2: 1 headers up to height 530 accepted (new: false)
[2026-09-29T23:14:51.210Z DEBUG blacksilk_p2p::net::headers] peer 3: 1 headers up to height 530 accepted (new: false)
[2026-09-29T23:14:53.347Z DEBUG blacksilk_p2p::net::stem] stem tx 4545c3ddfa8f -> peer 1
[2026-09-29T23:14:55.168Z DEBUG blacksilk_p2p::net::headers] peer 4: 1 headers up to height 531 accepted (new: true)
[2026-09-29T23:14:55.240Z DEBUG blacksilk_p2p::net::blocks] peer 4: block f3920a3e24f0 at height 531 received
[2026-09-29T23:15:08.323Z DEBUG blacksilk_p2p::net::headers] peer 4: 1 headers up to height 532 accepted (new: true)
[2026-09-29T23:15:08.405Z DEBUG blacksilk_p2p::net::blocks] peer 4: block 74f85a9c5ab9 at height 532 received
[2026-09-29T23:15:08.449Z DEBUG blacksilk_p2p::net::headers] peer 1: 1 headers up to height 532 accepted (new: false)
[2026-09-29T23:15:08.530Z DEBUG blacksilk_p2p::net::headers] peer 2: 1 headers up to height 532 accepted (new: false)
[2026-09-29T23:15:09.639Z DEBUG blacksilk_p2p::net::headers] peer 4: 1 headers up to height 533 accepted (new: true)
[2026-09-29T23:15:09.725Z DEBUG blacksilk_p2p::net::blocks] peer 4: block ee2b76fd414a at height 533 received
[2026-09-29T23:15:14.147Z DEBUG blacksilk_p2p::net::headers] peer 1: 1 headers up to height 534 accepted (new: true)
[2026-09-29T23:15:14.211Z DEBUG blacksilk_p2p::net::blocks] peer 1: block 9c068a858542 at height 534 received
[2026-09-29T23:15:14.288Z DEBUG blacksilk_p2p::net::headers] peer 4: 1 headers up to height 534 accepted (new: false)
[2026-09-29T23:15:17.005Z DEBUG blacksilk_p2p::net::headers] peer 4: 1 headers up to height 535 accepted (new: true)
[2026-09-29T23:15:17.082Z DEBUG blacksilk_p2p::net::blocks] peer 4: block 85eb376ae16c at height 535 received
[2026-09-29T23:15:21.494Z DEBUG blacksilk_p2p::net::headers] peer 4: 1 headers up to height 536 accepted (new: true)
[2026-09-29T23:15:21.560Z DEBUG blacksilk_p2p::net::blocks] peer 4: block 769a8439bb9c at height 536 received
[2026-09-29T23:15:24.229Z DEBUG blacksilk_p2p::net::maintenance] embargo expired for ae78d2a10a0f
[2026-09-29T23:15:24.236Z DEBUG blacksilk_p2p::net::stem] fluff tx ae78d2a10a0f
[2026-09-29T23:15:24.586Z DEBUG blacksilk_p2p::net::headers] peer 4: 1 headers up to height 537 accepted (new: true)
[2026-09-29T23:15:24.672Z DEBUG blacksilk_p2p::net::blocks] peer 4: block e18c061c8436 at height 537 received
[2026-09-29T23:15:30.946Z DEBUG blacksilk_p2p::net::headers] peer 4: 1 headers up to height 538 accepted (new: true)
[2026-09-29T23:15:31.021Z DEBUG blacksilk_p2p::net::blocks] peer 4: block 3f72dfdbeb07 at height 538 received
[2026-09-29T23:15:31.167Z DEBUG blacksilk_p2p::net::headers] peer 3: 1 headers up to height 538 accepted (new: false)
[2026-09-29T23:15:31.191Z DEBUG blacksilk_p2p::net::headers] peer 1: 1 headers up to height 538 accepted (new: false)
[2026-09-29T23:15:31.191Z DEBUG blacksilk_p2p::net::headers] peer 2: 1 headers up to height 538 accepted (new: false)
[2026-09-29T23:15:33.644Z DEBUG blacksilk_p2p::net::stem] stem tx a0c073569988 -> peer 1
[2026-09-29T23:15:39.499Z DEBUG blacksilk_p2p::net::headers] peer 1: 1 headers up to height 539 accepted (new: true)
[2026-09-29T23:15:39.577Z DEBUG blacksilk_p2p::net::blocks] peer 1: block f052d5bbcf5f at height 539 received
[2026-09-29T23:15:39.864Z DEBUG blacksilk_p2p::net::headers] peer 4: 1 headers up to height 539 accepted (new: false)
[2026-09-29T23:15:44.887Z DEBUG blacksilk_p2p::net::headers] peer 1: 1 headers up to height 540 accepted (new: true)
[2026-09-29T23:15:44.981Z DEBUG blacksilk_p2p::net::blocks] peer 1: block c6b43fe9912c at height 540 received
[2026-09-29T23:15:47.757Z DEBUG blacksilk_p2p::net::headers] peer 1: 1 headers up to height 541 accepted (new: true)
[2026-09-29T23:15:47.757Z DEBUG blacksilk_p2p::net::headers] peer 3: 1 headers up to height 541 accepted (new: false)
[2026-09-29T23:15:47.824Z DEBUG blacksilk_p2p::net::blocks] peer 1: block 596964581e8a at height 541 received
[2026-09-29T23:15:47.901Z DEBUG blacksilk_p2p::net::headers] peer 2: 1 headers up to height 541 accepted (new: false)
[2026-09-29T23:15:48.063Z DEBUG blacksilk_p2p::net::headers] peer 4: 1 headers up to height 541 accepted (new: false)
[2026-09-29T23:15:53.140Z DEBUG blacksilk_p2p::net::headers] peer 4: 1 headers up to height 542 accepted (new: true)
[2026-09-29T23:15:53.204Z DEBUG blacksilk_p2p::net::blocks] peer 4: block 5c397d8df253 at height 542 received
[2026-09-29T23:15:53.348Z DEBUG blacksilk_p2p::net::headers] peer 3: 1 headers up to height 542 accepted (new: false)
[2026-09-29T23:15:53.432Z DEBUG blacksilk_p2p::net::headers] peer 1: 1 headers up to height 542 accepted (new: false)
[2026-09-29T23:15:53.904Z DEBUG blacksilk_p2p::net::stem] stem tx 53771f253489 -> peer 1
[2026-09-29T23:16:13.976Z DEBUG blacksilk_p2p::net::stem] stem tx 8ef28c87e28c -> peer 1
[2026-09-29T23:16:18.033Z DEBUG blacksilk_p2p::net::headers] peer 4: 1 headers up to height 543 accepted (new: true)
[2026-09-29T23:16:18.104Z DEBUG blacksilk_p2p::net::blocks] peer 4: block d20a14a2a6c5 at height 543 received
[2026-09-29T23:16:18.339Z DEBUG blacksilk_p2p::net::headers] peer 2: 1 headers up to height 543 accepted (new: false)
[2026-09-29T23:16:18.417Z DEBUG blacksilk_p2p::net::headers] peer 3: 1 headers up to height 543 accepted (new: false)
[2026-09-29T23:16:23.530Z DEBUG blacksilk_p2p::net::headers] peer 4: 1 headers up to height 544 accepted (new: true)
[2026-09-29T23:16:23.620Z DEBUG blacksilk_p2p::net::blocks] peer 4: block 9e89f1c40cc2 at height 544 received
[2026-09-29T23:16:23.701Z DEBUG blacksilk_p2p::net::headers] peer 3: 1 headers up to height 544 accepted (new: false)
[2026-09-29T23:16:23.758Z DEBUG blacksilk_p2p::net::headers] peer 1: 1 headers up to height 544 accepted (new: false)
[2026-09-29T23:16:44.342Z DEBUG blacksilk_p2p::net::addr_relay] peer 1: addr with 1 entries
[2026-09-29T23:16:44.342Z DEBUG blacksilk_p2p::net::addr_relay] peer 2: addr with 1 entries
[2026-09-29T23:16:44.373Z DEBUG blacksilk_p2p::net::addr_relay] peer 3: addr with 1 entries
[2026-09-29T23:16:46.454Z INFO  blacksilk_p2p::net::conn] connected inbound peer 127.0.0.1:14194 (height 8)
[2026-09-29T23:16:46.454Z DEBUG blacksilk_p2p::net::addr_relay] peer 5: getaddr answered with 5 addresses
[2026-09-29T23:16:46.454Z DEBUG blacksilk_p2p::net::addr_relay] peer 5: addr with 1 entries
