[2026-09-29T22:11:50.696Z INFO  blacksilk_node] blacksilk-node 0.1.0 commit 9b048275425b2993763045b9f1575aba1669dcca
[2026-09-29T22:11:50.696Z INFO  blacksilk_node] regtest: genesis 087d6fd4efbc45eb0a895dd0680a7fd305208cae239b1b4275d7148b29a569b7, consensus fingerprint 5fb8ef8f74efa7631e2d9aa5f809fc0d9ab9273fdc54d45e5aad73f889c5e72b
[2026-09-29T22:11:50.696Z INFO  blacksilk_node] regtest: loading C:/bszkeval/w4-lab-scratch/run3\node2
[2026-09-29T22:11:50.707Z INFO  blacksilk_node] chain loaded in 10.8ms: height 0, tip 087d6fd4efbc45eb
[2026-09-29T22:11:50.711Z INFO  blacksilk_node] P2P listening on 127.0.0.1:53041
[2026-09-29T22:11:50.711Z INFO  blacksilk_node] RPC listening on http://127.0.0.1:53040
[2026-09-29T22:11:50.717Z WARN  blacksilk_node::cookie] the data directory C:/bszkeval/w4-lab-scratch/run3\node2 is outside your user profile: on Windows the RPC cookie is protected only by that directory's permissions; make sure other users cannot read it
[2026-09-29T22:11:50.717Z INFO  blacksilk_node::serve] RPC credential written to C:/bszkeval/w4-lab-scratch/run3\node2\rpc.cookie (clients read it: --rpc-cookie)
[2026-09-29T22:11:51.061Z INFO  blacksilk_p2p::net::conn] connected inbound peer 127.0.0.1:11876 (height 0)
[2026-09-29T22:11:51.096Z INFO  blacksilk_p2p::net::conn] connected inbound peer 127.0.0.1:11883 (height 0)
[2026-09-29T22:11:51.130Z DEBUG blacksilk_p2p::net::addr_relay] peer 1: getaddr answered with 2 addresses
[2026-09-29T22:11:51.130Z DEBUG blacksilk_p2p::net::addr_relay] peer 1: addr with 1 entries
[2026-09-29T22:11:51.162Z DEBUG blacksilk_p2p::net::addr_relay] peer 2: getaddr answered with 2 addresses
[2026-09-29T22:11:51.162Z DEBUG blacksilk_p2p::net::addr_relay] peer 2: addr with 1 entries
[2026-09-29T22:11:51.193Z DEBUG blacksilk_p2p::net::addr_relay] peer 2: addr with 1 entries
[2026-09-29T22:11:51.193Z DEBUG blacksilk_p2p::net::addr_relay] peer 127.0.0.1:11883: 1 addresses over the rate limit dropped
[2026-09-29T22:11:51.193Z DEBUG blacksilk_p2p::net::addr_relay] peer 1: addr with 1 entries
[2026-09-29T22:11:51.193Z DEBUG blacksilk_p2p::net::addr_relay] peer 127.0.0.1:11876: 1 addresses over the rate limit dropped
[2026-09-29T22:11:51.208Z INFO  blacksilk_p2p::net::conn] connected outbound peer 127.0.0.1:55083 (height 0)
[2026-09-29T22:11:51.209Z DEBUG blacksilk_p2p::net::addr_relay] peer 3: addr with 1 entries
[2026-09-29T22:11:51.209Z DEBUG blacksilk_p2p::net::addr_relay] peer 2: addr with 1 entries
[2026-09-29T22:11:51.209Z DEBUG blacksilk_p2p::net::addr_relay] peer 127.0.0.1:11883: 1 addresses over the rate limit dropped
[2026-09-29T22:11:51.209Z INFO  blacksilk_p2p::net::conn] connected outbound peer 127.0.0.1:55084 (height 0)
[2026-09-29T22:11:51.209Z DEBUG blacksilk_p2p::net::addr_relay] peer 4: addr with 1 entries
[2026-09-29T22:11:51.209Z DEBUG blacksilk_p2p::net::addr_relay] peer 4: addr with 1 entries
[2026-09-29T22:11:51.281Z DEBUG blacksilk_p2p::net::addr_relay] peer 3: addr with 4 entries
[2026-09-29T22:11:51.281Z DEBUG blacksilk_p2p::net::addr_relay] peer 4: addr with 4 entries
[2026-09-29T22:11:58.865Z INFO  blacksilk_chain::manager::template] caught up at height 0: block templates are served from now on
[2026-09-29T22:11:58.865Z DEBUG blacksilk_p2p::net::headers] peer 2: 1 headers up to height 1 accepted (new: true)
[2026-09-29T22:11:58.940Z DEBUG blacksilk_p2p::net::blocks] peer 2: block e93b84b62371 at height 1 received
[2026-09-29T22:11:59.024Z DEBUG blacksilk_p2p::net::headers] peer 3: 1 headers up to height 1 accepted (new: false)
[2026-09-29T22:12:01.693Z DEBUG blacksilk_p2p::net::headers] peer 2: 1 headers up to height 2 accepted (new: true)
[2026-09-29T22:12:01.760Z DEBUG blacksilk_p2p::net::blocks] peer 2: block e13f25698690 at height 2 received
[2026-09-29T22:12:04.590Z DEBUG blacksilk_p2p::net::headers] peer 2: 1 headers up to height 3 accepted (new: true)
[2026-09-29T22:12:04.683Z DEBUG blacksilk_p2p::net::blocks] peer 2: block 4f577e9a3420 at height 3 received
[2026-09-29T22:12:04.784Z DEBUG blacksilk_p2p::net::headers] peer 3: 1 headers up to height 3 accepted (new: false)
[2026-09-29T22:12:04.913Z DEBUG blacksilk_p2p::net::headers] peer 1: 1 headers up to height 3 accepted (new: false)
[2026-09-29T22:12:07.923Z DEBUG blacksilk_p2p::net::headers] peer 2: 1 headers up to height 4 accepted (new: true)
[2026-09-29T22:12:07.989Z DEBUG blacksilk_p2p::net::blocks] peer 2: block 739a24148bed at height 4 received
[2026-09-29T22:12:08.155Z DEBUG blacksilk_p2p::net::headers] peer 1: 1 headers up to height 4 accepted (new: false)
[2026-09-29T22:12:08.225Z DEBUG blacksilk_p2p::net::headers] peer 3: 1 headers up to height 4 accepted (new: false)
[2026-09-29T22:12:11.266Z DEBUG blacksilk_p2p::net::headers] peer 2: 1 headers up to height 5 accepted (new: true)
[2026-09-29T22:12:11.324Z DEBUG blacksilk_p2p::net::blocks] peer 2: block 15947f0ed3ad at height 5 received
[2026-09-29T22:12:11.447Z DEBUG blacksilk_p2p::net::headers] peer 1: 1 headers up to height 5 accepted (new: false)
[2026-09-29T22:12:14.649Z DEBUG blacksilk_p2p::net::headers] peer 2: 1 headers up to height 6 accepted (new: true)
[2026-09-29T22:12:14.773Z DEBUG blacksilk_p2p::net::blocks] peer 2: block 942c5640a3be at height 6 received
[2026-09-29T22:12:15.018Z DEBUG blacksilk_p2p::net::headers] peer 3: 1 headers up to height 6 accepted (new: false)
[2026-09-29T22:12:15.054Z DEBUG blacksilk_p2p::net::headers] peer 1: 1 headers up to height 6 accepted (new: false)
[2026-09-29T22:12:15.106Z DEBUG blacksilk_p2p::net::headers] peer 4: 1 headers up to height 6 accepted (new: false)
[2026-09-29T22:12:17.597Z DEBUG blacksilk_p2p::net::headers] peer 2: 1 headers up to height 7 accepted (new: true)
[2026-09-29T22:12:17.656Z DEBUG blacksilk_p2p::net::blocks] peer 2: block e10634d8f022 at height 7 received
[2026-09-29T22:12:17.756Z DEBUG blacksilk_p2p::net::headers] peer 3: 1 headers up to height 7 accepted (new: false)
[2026-09-29T22:12:17.806Z DEBUG blacksilk_p2p::net::headers] peer 4: 1 headers up to height 7 accepted (new: false)
[2026-09-29T22:12:17.988Z DEBUG blacksilk_p2p::net::headers] peer 1: 1 headers up to height 7 accepted (new: false)
[2026-09-29T22:12:21.031Z DEBUG blacksilk_p2p::net::headers] peer 2: 1 headers up to height 8 accepted (new: true)
[2026-09-29T22:12:21.129Z DEBUG blacksilk_p2p::net::blocks] peer 2: block 4cc14b26dac5 at height 8 received
[2026-09-29T22:12:21.260Z DEBUG blacksilk_p2p::net::headers] peer 1: 1 headers up to height 8 accepted (new: false)
[2026-09-29T22:12:21.292Z DEBUG blacksilk_p2p::net::headers] peer 4: 1 headers up to height 8 accepted (new: false)
[2026-09-29T22:12:21.346Z DEBUG blacksilk_p2p::net::headers] peer 3: 1 headers up to height 8 accepted (new: false)
[2026-09-29T22:12:24.270Z DEBUG blacksilk_p2p::net::headers] peer 2: 1 headers up to height 9 accepted (new: true)
[2026-09-29T22:12:24.364Z DEBUG blacksilk_p2p::net::blocks] peer 2: block a5c95297000f at height 9 received
[2026-09-29T22:12:24.600Z DEBUG blacksilk_p2p::net::headers] peer 4: 1 headers up to height 9 accepted (new: false)
[2026-09-29T22:12:27.920Z DEBUG blacksilk_p2p::net::headers] peer 2: 1 headers up to height 10 accepted (new: true)
[2026-09-29T22:12:27.987Z DEBUG blacksilk_p2p::net::blocks] peer 2: block 9f48544ad9bc at height 10 received
[2026-09-29T22:12:28.154Z DEBUG blacksilk_p2p::net::headers] peer 1: 1 headers up to height 10 accepted (new: false)
[2026-09-29T22:12:28.190Z DEBUG blacksilk_p2p::net::headers] peer 3: 1 headers up to height 10 accepted (new: false)
[2026-09-29T22:12:30.024Z DEBUG blacksilk_p2p::net::headers] peer 2: 1 headers up to height 11 accepted (new: true)
[2026-09-29T22:12:30.024Z DEBUG blacksilk_p2p::net::headers] peer 4: 1 headers up to height 10 accepted (new: false)
[2026-09-29T22:12:30.203Z DEBUG blacksilk_p2p::net::blocks] peer 2: block 1dadd828276d at height 11 received
[2026-09-29T22:12:30.203Z DEBUG blacksilk_p2p::net::headers] peer 3: 1 headers up to height 11 accepted (new: false)
[2026-09-29T22:12:30.337Z DEBUG blacksilk_p2p::net::headers] peer 4: 1 headers up to height 11 accepted (new: false)
[2026-09-29T22:12:33.801Z DEBUG blacksilk_p2p::net::headers] peer 2: 1 headers up to height 12 accepted (new: true)
[2026-09-29T22:12:33.833Z DEBUG blacksilk_p2p::net::headers] peer 1: 1 headers up to height 12 accepted (new: false)
[2026-09-29T22:12:33.915Z DEBUG blacksilk_p2p::net::blocks] peer 2: block 0b4ca395ceb5 at height 12 received
[2026-09-29T22:12:33.915Z DEBUG blacksilk_p2p::net::headers] peer 4: 1 headers up to height 12 accepted (new: false)
[2026-09-29T22:12:34.180Z DEBUG blacksilk_p2p::net::headers] peer 3: 1 headers up to height 12 accepted (new: false)
[2026-09-29T22:12:37.125Z DEBUG blacksilk_p2p::net::headers] peer 2: 1 headers up to height 13 accepted (new: true)
[2026-09-29T22:12:37.235Z DEBUG blacksilk_p2p::net::blocks] peer 2: block b80d224e835b at height 13 received
[2026-09-29T22:12:37.525Z DEBUG blacksilk_p2p::net::headers] peer 1: 1 headers up to height 13 accepted (new: false)
[2026-09-29T22:12:41.122Z DEBUG blacksilk_p2p::net::headers] peer 2: 1 headers up to height 14 accepted (new: true)
[2026-09-29T22:12:41.208Z DEBUG blacksilk_p2p::net::blocks] peer 2: block b12f2e80dba7 at height 14 received
[2026-09-29T22:12:42.789Z DEBUG blacksilk_p2p::net::headers] peer 2: 1 headers up to height 15 accepted (new: true)
[2026-09-29T22:12:42.789Z DEBUG blacksilk_p2p::net::headers] peer 1: 1 headers up to height 14 accepted (new: false)
[2026-09-29T22:12:42.812Z DEBUG blacksilk_p2p::net::headers] peer 4: 1 headers up to height 14 accepted (new: false)
[2026-09-29T22:12:42.812Z DEBUG blacksilk_p2p::net::headers] peer 3: 1 headers up to height 14 accepted (new: false)
[2026-09-29T22:12:42.878Z DEBUG blacksilk_p2p::net::blocks] peer 2: block 9678f2274f1c at height 15 received
[2026-09-29T22:12:43.129Z DEBUG blacksilk_p2p::net::headers] peer 1: 1 headers up to height 15 accepted (new: false)
[2026-09-29T22:12:45.475Z DEBUG blacksilk_p2p::net::headers] peer 2: 1 headers up to height 16 accepted (new: true)
[2026-09-29T22:12:45.546Z DEBUG blacksilk_p2p::net::blocks] peer 2: block 6feceef83f0b at height 16 received
[2026-09-29T22:12:45.566Z DEBUG blacksilk_p2p::net::headers] peer 4: 1 headers up to height 16 accepted (new: false)
[2026-09-29T22:12:45.764Z DEBUG blacksilk_p2p::net::headers] peer 1: 1 headers up to height 16 accepted (new: false)
[2026-09-29T22:12:48.321Z DEBUG blacksilk_p2p::net::headers] peer 2: 1 headers up to height 17 accepted (new: true)
[2026-09-29T22:12:48.400Z DEBUG blacksilk_p2p::net::blocks] peer 2: block 5e305fa9f64d at height 17 received
[2026-09-29T22:12:48.655Z DEBUG blacksilk_p2p::net::headers] peer 1: 1 headers up to height 17 accepted (new: false)
[2026-09-29T22:12:48.655Z DEBUG blacksilk_p2p::net::headers] peer 4: 1 headers up to height 17 accepted (new: false)
[2026-09-29T22:12:48.687Z DEBUG blacksilk_p2p::net::headers] peer 3: 1 headers up to height 17 accepted (new: false)
[2026-09-29T22:12:51.390Z DEBUG blacksilk_p2p::net::headers] peer 2: 1 headers up to height 18 accepted (new: true)
[2026-09-29T22:12:51.475Z DEBUG blacksilk_p2p::net::blocks] peer 2: block aae1fd608a5c at height 18 received
[2026-09-29T22:12:51.559Z DEBUG blacksilk_p2p::net::headers] peer 1: 1 headers up to height 18 accepted (new: false)
[2026-09-29T22:12:51.593Z DEBUG blacksilk_p2p::net::headers] peer 4: 1 headers up to height 18 accepted (new: false)
[2026-09-29T22:12:51.643Z DEBUG blacksilk_p2p::net::headers] peer 3: 1 headers up to height 18 accepted (new: false)
[2026-09-29T22:12:54.541Z DEBUG blacksilk_p2p::net::headers] peer 2: 1 headers up to height 19 accepted (new: true)
[2026-09-29T22:12:54.618Z DEBUG blacksilk_p2p::net::blocks] peer 2: block fb5e3cb08c95 at height 19 received
[2026-09-29T22:12:54.830Z DEBUG blacksilk_p2p::net::headers] peer 1: 1 headers up to height 19 accepted (new: false)
[2026-09-29T22:12:57.291Z DEBUG blacksilk_p2p::net::headers] peer 2: 1 headers up to height 20 accepted (new: true)
[2026-09-29T22:12:57.362Z DEBUG blacksilk_p2p::net::blocks] peer 2: block a86ad3960864 at height 20 received
[2026-09-29T22:12:57.569Z DEBUG blacksilk_p2p::net::headers] peer 4: 1 headers up to height 20 accepted (new: false)
[2026-09-29T22:12:57.569Z DEBUG blacksilk_p2p::net::headers] peer 3: 1 headers up to height 20 accepted (new: false)
[2026-09-29T22:12:57.633Z DEBUG blacksilk_p2p::net::headers] peer 1: 1 headers up to height 20 accepted (new: false)
[2026-09-29T22:13:00.777Z DEBUG blacksilk_p2p::net::headers] peer 2: 1 headers up to height 21 accepted (new: true)
[2026-09-29T22:13:00.873Z DEBUG blacksilk_p2p::net::blocks] peer 2: block b6c39f3cd6c2 at height 21 received
[2026-09-29T22:13:00.877Z DEBUG blacksilk_p2p::net::headers] peer 3: 1 headers up to height 21 accepted (new: false)
[2026-09-29T22:13:00.877Z DEBUG blacksilk_p2p::net::headers] peer 4: 1 headers up to height 21 accepted (new: false)
[2026-09-29T22:13:01.021Z DEBUG blacksilk_p2p::net::headers] peer 1: 1 headers up to height 21 accepted (new: false)
[2026-09-29T22:13:04.144Z DEBUG blacksilk_p2p::net::headers] peer 2: 1 headers up to height 22 accepted (new: true)
[2026-09-29T22:13:04.209Z DEBUG blacksilk_p2p::net::blocks] peer 2: block ccd1d049594c at height 22 received
[2026-09-29T22:13:05.573Z DEBUG blacksilk_p2p::net::headers] peer 2: 1 headers up to height 23 accepted (new: true)
[2026-09-29T22:13:05.574Z DEBUG blacksilk_p2p::net::headers] peer 1: 1 headers up to height 22 accepted (new: false)
[2026-09-29T22:13:05.614Z DEBUG blacksilk_p2p::net::headers] peer 3: 1 headers up to height 22 accepted (new: false)
[2026-09-29T22:13:05.614Z DEBUG blacksilk_p2p::net::headers] peer 4: 1 headers up to height 22 accepted (new: false)
[2026-09-29T22:13:05.631Z DEBUG blacksilk_p2p::net::blocks] peer 2: block a2d79d81d8ea at height 23 received
[2026-09-29T22:13:05.924Z DEBUG blacksilk_p2p::net::headers] peer 1: 1 headers up to height 23 accepted (new: false)
[2026-09-29T22:13:06.097Z DEBUG blacksilk_p2p::net::headers] peer 4: 1 headers up to height 23 accepted (new: false)
[2026-09-29T22:13:08.276Z DEBUG blacksilk_p2p::net::headers] peer 2: 1 headers up to height 24 accepted (new: true)
[2026-09-29T22:13:08.363Z DEBUG blacksilk_p2p::net::blocks] peer 2: block 72ebb589ac0b at height 24 received
[2026-09-29T22:13:08.430Z DEBUG blacksilk_p2p::net::headers] peer 3: 1 headers up to height 24 accepted (new: false)
[2026-09-29T22:13:11.592Z DEBUG blacksilk_p2p::net::headers] peer 2: 1 headers up to height 25 accepted (new: true)
[2026-09-29T22:13:11.657Z DEBUG blacksilk_p2p::net::blocks] peer 2: block 115ef0ba6a4b at height 25 received
[2026-09-29T22:13:11.740Z DEBUG blacksilk_p2p::net::headers] peer 3: 1 headers up to height 25 accepted (new: false)
[2026-09-29T22:13:11.863Z DEBUG blacksilk_p2p::net::headers] peer 4: 1 headers up to height 25 accepted (new: false)
[2026-09-29T22:13:11.879Z DEBUG blacksilk_p2p::net::headers] peer 1: 1 headers up to height 25 accepted (new: false)
[2026-09-29T22:13:15.011Z DEBUG blacksilk_p2p::net::headers] peer 2: 1 headers up to height 26 accepted (new: true)
[2026-09-29T22:13:15.080Z DEBUG blacksilk_p2p::net::blocks] peer 2: block ac246aa25f13 at height 26 received
[2026-09-29T22:13:15.216Z DEBUG blacksilk_p2p::net::headers] peer 1: 1 headers up to height 26 accepted (new: false)
[2026-09-29T22:13:17.233Z DEBUG blacksilk_p2p::net::headers] peer 2: 1 headers up to height 27 accepted (new: true)
[2026-09-29T22:13:17.347Z DEBUG blacksilk_p2p::net::blocks] peer 2: block e53db3f07cd1 at height 27 received
[2026-09-29T22:13:17.347Z DEBUG blacksilk_p2p::net::headers] peer 3: 1 headers up to height 27 accepted (new: false)
[2026-09-29T22:13:17.434Z DEBUG blacksilk_p2p::net::headers] peer 4: 1 headers up to height 27 accepted (new: false)
[2026-09-29T22:13:17.466Z DEBUG blacksilk_p2p::net::headers] peer 1: 1 headers up to height 27 accepted (new: false)
[2026-09-29T22:13:20.332Z DEBUG blacksilk_p2p::net::headers] peer 2: 1 headers up to height 28 accepted (new: true)
[2026-09-29T22:13:20.404Z DEBUG blacksilk_p2p::net::blocks] peer 2: block 37a182a1a4e6 at height 28 received
[2026-09-29T22:13:20.605Z DEBUG blacksilk_p2p::net::headers] peer 1: 1 headers up to height 28 accepted (new: false)
[2026-09-29T22:13:23.915Z DEBUG blacksilk_p2p::net::headers] peer 2: 1 headers up to height 29 accepted (new: true)
[2026-09-29T22:13:24.038Z DEBUG blacksilk_p2p::net::blocks] peer 2: block e3de2e461cbf at height 29 received
[2026-09-29T22:13:24.108Z DEBUG blacksilk_p2p::net::headers] peer 3: 1 headers up to height 29 accepted (new: false)
[2026-09-29T22:13:24.200Z DEBUG blacksilk_p2p::net::headers] peer 1: 1 headers up to height 29 accepted (new: false)
[2026-09-29T22:13:24.244Z DEBUG blacksilk_p2p::net::headers] peer 4: 1 headers up to height 29 accepted (new: false)
[2026-09-29T22:13:26.754Z DEBUG blacksilk_p2p::net::headers] peer 2: 1 headers up to height 30 accepted (new: true)
[2026-09-29T22:13:26.832Z DEBUG blacksilk_p2p::net::blocks] peer 2: block 42c4f39a7837 at height 30 received
[2026-09-29T22:13:26.920Z DEBUG blacksilk_p2p::net::headers] peer 3: 1 headers up to height 30 accepted (new: false)
[2026-09-29T22:13:27.011Z DEBUG blacksilk_p2p::net::headers] peer 4: 1 headers up to height 30 accepted (new: false)
[2026-09-29T22:13:27.044Z DEBUG blacksilk_p2p::net::headers] peer 1: 1 headers up to height 30 accepted (new: false)
[2026-09-29T22:13:28.703Z DEBUG blacksilk_p2p::net::headers] peer 2: 1 headers up to height 31 accepted (new: true)
[2026-09-29T22:13:28.771Z DEBUG blacksilk_p2p::net::blocks] peer 2: block e4ce6b8c159c at height 31 received
[2026-09-29T22:13:28.988Z DEBUG blacksilk_p2p::net::headers] peer 4: 1 headers up to height 31 accepted (new: false)
[2026-09-29T22:13:31.705Z DEBUG blacksilk_p2p::net::headers] peer 2: 1 headers up to height 32 accepted (new: true)
[2026-09-29T22:13:31.838Z DEBUG blacksilk_p2p::net::blocks] peer 2: block 1eea6a6157de at height 32 received
[2026-09-29T22:13:32.050Z DEBUG blacksilk_p2p::net::headers] peer 3: 1 headers up to height 32 accepted (new: false)
[2026-09-29T22:13:32.050Z DEBUG blacksilk_p2p::net::headers] peer 1: 1 headers up to height 32 accepted (new: false)
[2026-09-29T22:13:34.464Z DEBUG blacksilk_p2p::net::headers] peer 2: 1 headers up to height 33 accepted (new: true)
[2026-09-29T22:13:34.576Z DEBUG blacksilk_p2p::net::blocks] peer 2: block df227f5b7e52 at height 33 received
[2026-09-29T22:13:34.685Z DEBUG blacksilk_p2p::net::headers] peer 1: 1 headers up to height 33 accepted (new: false)
[2026-09-29T22:13:34.868Z DEBUG blacksilk_p2p::net::headers] peer 3: 1 headers up to height 33 accepted (new: false)
[2026-09-29T22:13:37.583Z DEBUG blacksilk_p2p::net::headers] peer 2: 1 headers up to height 34 accepted (new: true)
[2026-09-29T22:13:37.642Z DEBUG blacksilk_p2p::net::blocks] peer 2: block 71f9deff26df at height 34 received
[2026-09-29T22:13:37.682Z DEBUG blacksilk_p2p::net::headers] peer 1: 1 headers up to height 34 accepted (new: false)
[2026-09-29T22:13:37.733Z DEBUG blacksilk_p2p::net::headers] peer 4: 1 headers up to height 34 accepted (new: false)
[2026-09-29T22:13:39.516Z DEBUG blacksilk_p2p::net::headers] peer 2: 1 headers up to height 35 accepted (new: true)
[2026-09-29T22:13:39.610Z DEBUG blacksilk_p2p::net::blocks] peer 2: block 00431a52c343 at height 35 received
[2026-09-29T22:13:42.035Z DEBUG blacksilk_p2p::net::headers] peer 2: 1 headers up to height 36 accepted (new: true)
[2026-09-29T22:13:42.136Z DEBUG blacksilk_p2p::net::blocks] peer 2: block 16848407cadc at height 36 received
[2026-09-29T22:13:42.154Z DEBUG blacksilk_p2p::net::headers] peer 1: 1 headers up to height 36 accepted (new: false)
[2026-09-29T22:13:42.179Z DEBUG blacksilk_p2p::net::headers] peer 4: 1 headers up to height 36 accepted (new: false)
[2026-09-29T22:13:42.228Z DEBUG blacksilk_p2p::net::headers] peer 3: 1 headers up to height 36 accepted (new: false)
[2026-09-29T22:13:45.214Z DEBUG blacksilk_p2p::net::headers] peer 2: 1 headers up to height 37 accepted (new: true)
[2026-09-29T22:13:45.308Z DEBUG blacksilk_p2p::net::blocks] peer 2: block 3d836107dffe at height 37 received
[2026-09-29T22:13:45.560Z DEBUG blacksilk_p2p::net::headers] peer 3: 1 headers up to height 37 accepted (new: false)
[2026-09-29T22:13:45.560Z DEBUG blacksilk_p2p::net::headers] peer 4: 1 headers up to height 37 accepted (new: false)
[2026-09-29T22:13:48.197Z DEBUG blacksilk_p2p::net::headers] peer 2: 1 headers up to height 38 accepted (new: true)
[2026-09-29T22:13:48.283Z DEBUG blacksilk_p2p::net::blocks] peer 2: block f44dc689114e at height 38 received
[2026-09-29T22:13:48.403Z DEBUG blacksilk_p2p::net::headers] peer 1: 1 headers up to height 38 accepted (new: false)
[2026-09-29T22:13:50.443Z DEBUG blacksilk_p2p::net::headers] peer 2: 1 headers up to height 39 accepted (new: true)
[2026-09-29T22:13:50.518Z DEBUG blacksilk_p2p::net::blocks] peer 2: block e8142b8069ef at height 39 received
[2026-09-29T22:13:50.585Z DEBUG blacksilk_p2p::net::headers] peer 1: 1 headers up to height 39 accepted (new: false)
[2026-09-29T22:13:52.912Z DEBUG blacksilk_p2p::net::headers] peer 2: 1 headers up to height 40 accepted (new: true)
[2026-09-29T22:13:53.016Z DEBUG blacksilk_p2p::net::blocks] peer 2: block 2443c192c0d3 at height 40 received
[2026-09-29T22:13:53.155Z DEBUG blacksilk_p2p::net::headers] peer 1: 1 headers up to height 40 accepted (new: false)
[2026-09-29T22:13:53.238Z DEBUG blacksilk_p2p::net::headers] peer 4: 1 headers up to height 40 accepted (new: false)
[2026-09-29T22:13:56.025Z DEBUG blacksilk_p2p::net::headers] peer 2: 1 headers up to height 41 accepted (new: true)
[2026-09-29T22:13:56.128Z DEBUG blacksilk_p2p::net::blocks] peer 2: block a340b5651823 at height 41 received
[2026-09-29T22:13:56.303Z DEBUG blacksilk_p2p::net::headers] peer 1: 1 headers up to height 41 accepted (new: false)
[2026-09-29T22:13:56.303Z DEBUG blacksilk_p2p::net::headers] peer 3: 1 headers up to height 41 accepted (new: false)
[2026-09-29T22:13:59.002Z DEBUG blacksilk_p2p::net::headers] peer 2: 1 headers up to height 42 accepted (new: true)
[2026-09-29T22:13:59.096Z DEBUG blacksilk_p2p::net::blocks] peer 2: block daebac6c2b0c at height 42 received
[2026-09-29T22:13:59.211Z DEBUG blacksilk_p2p::net::headers] peer 4: 1 headers up to height 42 accepted (new: false)
[2026-09-29T22:13:59.250Z DEBUG blacksilk_p2p::net::headers] peer 1: 1 headers up to height 42 accepted (new: false)
[2026-09-29T22:13:59.328Z DEBUG blacksilk_p2p::net::headers] peer 3: 1 headers up to height 42 accepted (new: false)
[2026-09-29T22:14:01.497Z DEBUG blacksilk_p2p::net::headers] peer 2: 1 headers up to height 43 accepted (new: true)
[2026-09-29T22:14:01.553Z DEBUG blacksilk_p2p::net::blocks] peer 2: block e7107d614676 at height 43 received
[2026-09-29T22:14:01.633Z DEBUG blacksilk_p2p::net::headers] peer 3: 1 headers up to height 43 accepted (new: false)
[2026-09-29T22:14:01.702Z DEBUG blacksilk_p2p::net::headers] peer 4: 1 headers up to height 43 accepted (new: false)
[2026-09-29T22:14:01.751Z DEBUG blacksilk_p2p::net::headers] peer 1: 1 headers up to height 43 accepted (new: false)
[2026-09-29T22:14:04.430Z DEBUG blacksilk_p2p::net::headers] peer 2: 1 headers up to height 44 accepted (new: true)
[2026-09-29T22:14:04.521Z DEBUG blacksilk_p2p::net::blocks] peer 2: block d5048335656b at height 44 received
[2026-09-29T22:14:04.755Z DEBUG blacksilk_p2p::net::headers] peer 1: 1 headers up to height 44 accepted (new: false)
[2026-09-29T22:14:08.003Z DEBUG blacksilk_p2p::net::headers] peer 2: 1 headers up to height 45 accepted (new: true)
[2026-09-29T22:14:08.080Z DEBUG blacksilk_p2p::net::blocks] peer 2: block ad0c13302bc9 at height 45 received
[2026-09-29T22:14:08.217Z DEBUG blacksilk_p2p::net::headers] peer 1: 1 headers up to height 45 accepted (new: false)
[2026-09-29T22:14:08.376Z DEBUG blacksilk_p2p::net::headers] peer 4: 1 headers up to height 45 accepted (new: false)
[2026-09-29T22:14:11.278Z DEBUG blacksilk_p2p::net::headers] peer 2: 1 headers up to height 46 accepted (new: true)
[2026-09-29T22:14:11.349Z DEBUG blacksilk_p2p::net::blocks] peer 2: block bc9ca3bb9b90 at height 46 received
[2026-09-29T22:14:12.576Z DEBUG blacksilk_p2p::net::headers] peer 2: 1 headers up to height 47 accepted (new: true)
[2026-09-29T22:14:12.576Z DEBUG blacksilk_p2p::net::headers] peer 4: 1 headers up to height 46 accepted (new: false)
[2026-09-29T22:14:12.625Z DEBUG blacksilk_p2p::net::headers] peer 1: 1 headers up to height 46 accepted (new: false)
[2026-09-29T22:14:12.625Z DEBUG blacksilk_p2p::net::headers] peer 3: 1 headers up to height 46 accepted (new: false)
[2026-09-29T22:14:12.635Z DEBUG blacksilk_p2p::net::blocks] peer 2: block 01d09f841845 at height 47 received
[2026-09-29T22:14:12.956Z DEBUG blacksilk_p2p::net::headers] peer 3: 1 headers up to height 47 accepted (new: false)
[2026-09-29T22:14:13.088Z DEBUG blacksilk_p2p::net::headers] peer 1: 1 headers up to height 47 accepted (new: false)
[2026-09-29T22:14:15.751Z DEBUG blacksilk_p2p::net::headers] peer 2: 1 headers up to height 48 accepted (new: true)
[2026-09-29T22:14:15.828Z DEBUG blacksilk_p2p::net::blocks] peer 2: block bdb379fb0048 at height 48 received
[2026-09-29T22:14:15.890Z DEBUG blacksilk_p2p::net::headers] peer 4: 1 headers up to height 48 accepted (new: false)
[2026-09-29T22:14:15.934Z DEBUG blacksilk_p2p::net::headers] peer 1: 1 headers up to height 48 accepted (new: false)
[2026-09-29T22:14:16.065Z DEBUG blacksilk_p2p::net::headers] peer 3: 1 headers up to height 48 accepted (new: false)
[2026-09-29T22:14:18.698Z DEBUG blacksilk_p2p::net::headers] peer 2: 1 headers up to height 49 accepted (new: true)
[2026-09-29T22:14:18.764Z DEBUG blacksilk_p2p::net::blocks] peer 2: block 2adb09340964 at height 49 received
[2026-09-29T22:14:18.951Z DEBUG blacksilk_p2p::net::headers] peer 4: 1 headers up to height 49 accepted (new: false)
[2026-09-29T22:14:19.014Z DEBUG blacksilk_p2p::net::headers] peer 1: 1 headers up to height 49 accepted (new: false)
[2026-09-29T22:14:19.063Z DEBUG blacksilk_p2p::net::headers] peer 3: 1 headers up to height 49 accepted (new: false)
[2026-09-29T22:14:22.007Z DEBUG blacksilk_p2p::net::headers] peer 2: 1 headers up to height 50 accepted (new: true)
[2026-09-29T22:14:22.062Z DEBUG blacksilk_p2p::net::blocks] peer 2: block cee9c06bc462 at height 50 received
[2026-09-29T22:14:22.247Z DEBUG blacksilk_p2p::net::headers] peer 1: 1 headers up to height 50 accepted (new: false)
[2026-09-29T22:14:22.269Z DEBUG blacksilk_p2p::net::headers] peer 4: 1 headers up to height 50 accepted (new: false)
[2026-09-29T22:14:23.180Z DEBUG blacksilk_p2p::net::headers] peer 2: 1 headers up to height 51 accepted (new: true)
[2026-09-29T22:14:23.256Z DEBUG blacksilk_p2p::net::blocks] peer 2: block 9bb17010c912 at height 51 received
[2026-09-29T22:14:25.136Z DEBUG blacksilk_p2p::net::headers] peer 2: 1 headers up to height 52 accepted (new: true)
[2026-09-29T22:14:25.190Z DEBUG blacksilk_p2p::net::blocks] peer 2: block 7f3078cf8ee4 at height 52 received
[2026-09-29T22:14:25.212Z DEBUG blacksilk_p2p::net::headers] peer 4: 1 headers up to height 52 accepted (new: false)
[2026-09-29T22:14:25.347Z DEBUG blacksilk_p2p::net::headers] peer 3: 1 headers up to height 52 accepted (new: false)
[2026-09-29T22:14:25.456Z DEBUG blacksilk_p2p::net::headers] peer 1: 1 headers up to height 52 accepted (new: false)
[2026-09-29T22:14:26.497Z DEBUG blacksilk_p2p::net::headers] peer 2: 1 headers up to height 53 accepted (new: true)
[2026-09-29T22:14:26.518Z DEBUG blacksilk_p2p::net::headers] peer 1: 1 headers up to height 53 accepted (new: false)
[2026-09-29T22:14:26.558Z DEBUG blacksilk_p2p::net::blocks] peer 2: block 003904c10b03 at height 53 received
[2026-09-29T22:14:26.563Z DEBUG blacksilk_p2p::net::headers] peer 4: 1 headers up to height 53 accepted (new: false)
[2026-09-29T22:14:26.658Z DEBUG blacksilk_p2p::net::headers] peer 3: 1 headers up to height 53 accepted (new: false)
[2026-09-29T22:14:28.118Z DEBUG blacksilk_p2p::net::headers] peer 2: 1 headers up to height 54 accepted (new: true)
[2026-09-29T22:14:28.182Z DEBUG blacksilk_p2p::net::blocks] peer 2: block c6a30569fc08 at height 54 received
[2026-09-29T22:14:28.368Z DEBUG blacksilk_p2p::net::headers] peer 3: 1 headers up to height 54 accepted (new: false)
[2026-09-29T22:14:28.400Z DEBUG blacksilk_p2p::net::headers] peer 1: 1 headers up to height 54 accepted (new: false)
[2026-09-29T22:14:28.416Z DEBUG blacksilk_p2p::net::headers] peer 4: 1 headers up to height 54 accepted (new: false)
[2026-09-29T22:14:30.153Z DEBUG blacksilk_p2p::net::headers] peer 2: 1 headers up to height 55 accepted (new: true)
[2026-09-29T22:14:30.232Z DEBUG blacksilk_p2p::net::blocks] peer 2: block dc376193be47 at height 55 received
[2026-09-29T22:14:30.269Z DEBUG blacksilk_p2p::net::headers] peer 1: 1 headers up to height 55 accepted (new: false)
[2026-09-29T22:14:30.288Z DEBUG blacksilk_p2p::net::headers] peer 4: 1 headers up to height 55 accepted (new: false)
[2026-09-29T22:14:31.757Z DEBUG blacksilk_p2p::net::headers] peer 2: 1 headers up to height 56 accepted (new: true)
[2026-09-29T22:14:31.811Z DEBUG blacksilk_p2p::net::blocks] peer 2: block 084022620dda at height 56 received
[2026-09-29T22:14:31.901Z DEBUG blacksilk_p2p::net::headers] peer 4: 1 headers up to height 56 accepted (new: false)
[2026-09-29T22:14:33.235Z DEBUG blacksilk_p2p::net::headers] peer 2: 1 headers up to height 57 accepted (new: true)
[2026-09-29T22:14:33.304Z DEBUG blacksilk_p2p::net::blocks] peer 2: block 9668f18d074b at height 57 received
[2026-09-29T22:14:33.453Z DEBUG blacksilk_p2p::net::headers] peer 4: 1 headers up to height 57 accepted (new: false)
[2026-09-29T22:14:33.453Z DEBUG blacksilk_p2p::net::headers] peer 1: 1 headers up to height 57 accepted (new: false)
[2026-09-29T22:14:34.920Z DEBUG blacksilk_p2p::net::headers] peer 2: 1 headers up to height 58 accepted (new: true)
[2026-09-29T22:14:34.995Z DEBUG blacksilk_p2p::net::blocks] peer 2: block 0399941202c2 at height 58 received
[2026-09-29T22:14:35.058Z DEBUG blacksilk_p2p::net::headers] peer 4: 1 headers up to height 58 accepted (new: false)
[2026-09-29T22:14:35.170Z DEBUG blacksilk_p2p::net::headers] peer 3: 1 headers up to height 58 accepted (new: false)
[2026-09-29T22:14:36.384Z DEBUG blacksilk_p2p::net::headers] peer 2: 1 headers up to height 59 accepted (new: true)
[2026-09-29T22:14:36.452Z DEBUG blacksilk_p2p::net::blocks] peer 2: block b5afb778fa9a at height 59 received
[2026-09-29T22:14:36.540Z DEBUG blacksilk_p2p::net::headers] peer 3: 1 headers up to height 59 accepted (new: false)
[2026-09-29T22:14:36.674Z DEBUG blacksilk_p2p::net::headers] peer 1: 1 headers up to height 59 accepted (new: false)
[2026-09-29T22:14:36.674Z DEBUG blacksilk_p2p::net::headers] peer 4: 1 headers up to height 59 accepted (new: false)
[2026-09-29T22:14:37.749Z DEBUG blacksilk_p2p::net::headers] peer 2: 1 headers up to height 60 accepted (new: true)
[2026-09-29T22:14:37.814Z DEBUG blacksilk_p2p::net::blocks] peer 2: block b03e238a5ec1 at height 60 received
[2026-09-29T22:14:37.993Z DEBUG blacksilk_p2p::net::headers] peer 1: 1 headers up to height 60 accepted (new: false)
[2026-09-29T22:14:37.993Z DEBUG blacksilk_p2p::net::headers] peer 4: 1 headers up to height 60 accepted (new: false)
[2026-09-29T22:14:39.381Z DEBUG blacksilk_p2p::net::headers] peer 2: 1 headers up to height 61 accepted (new: true)
[2026-09-29T22:14:39.462Z DEBUG blacksilk_p2p::net::blocks] peer 2: block 87b02d8d1cc1 at height 61 received
[2026-09-29T22:14:39.636Z DEBUG blacksilk_p2p::net::headers] peer 4: 1 headers up to height 61 accepted (new: false)
[2026-09-29T22:14:42.088Z DEBUG blacksilk_p2p::net::headers] peer 2: 1 headers up to height 62 accepted (new: true)
[2026-09-29T22:14:42.145Z DEBUG blacksilk_p2p::net::blocks] peer 2: block 1c097b13bb1e at height 62 received
[2026-09-29T22:14:42.151Z DEBUG blacksilk_p2p::net::headers] peer 3: 1 headers up to height 62 accepted (new: false)
[2026-09-29T22:14:42.382Z DEBUG blacksilk_p2p::net::headers] peer 4: 1 headers up to height 62 accepted (new: false)
[2026-09-29T22:14:42.450Z DEBUG blacksilk_p2p::net::headers] peer 1: 1 headers up to height 62 accepted (new: false)
[2026-09-29T22:14:44.207Z DEBUG blacksilk_p2p::net::headers] peer 2: 1 headers up to height 63 accepted (new: true)
[2026-09-29T22:14:44.282Z DEBUG blacksilk_p2p::net::blocks] peer 2: block 03218b41110e at height 63 received
[2026-09-29T22:14:44.386Z DEBUG blacksilk_p2p::net::headers] peer 4: 1 headers up to height 63 accepted (new: false)
[2026-09-29T22:14:44.437Z DEBUG blacksilk_p2p::net::headers] peer 1: 1 headers up to height 63 accepted (new: false)
[2026-09-29T22:14:44.535Z DEBUG blacksilk_p2p::net::headers] peer 3: 1 headers up to height 63 accepted (new: false)
[2026-09-29T22:14:47.087Z DEBUG blacksilk_p2p::net::headers] peer 2: 1 headers up to height 64 accepted (new: true)
[2026-09-29T22:14:47.201Z DEBUG blacksilk_p2p::net::blocks] peer 2: block e9c93351b026 at height 64 received
[2026-09-29T22:14:47.209Z DEBUG blacksilk_p2p::net::headers] peer 4: 1 headers up to height 64 accepted (new: false)
[2026-09-29T22:14:49.865Z DEBUG blacksilk_p2p::net::headers] peer 2: 1 headers up to height 65 accepted (new: true)
[2026-09-29T22:14:49.931Z DEBUG blacksilk_p2p::net::blocks] peer 2: block 926dbdf2a86e at height 65 received
[2026-09-29T22:14:50.064Z DEBUG blacksilk_p2p::net::headers] peer 3: 1 headers up to height 65 accepted (new: false)
[2026-09-29T22:14:50.126Z DEBUG blacksilk_p2p::net::headers] peer 1: 1 headers up to height 65 accepted (new: false)
[2026-09-29T22:14:50.191Z DEBUG blacksilk_p2p::net::headers] peer 4: 1 headers up to height 65 accepted (new: false)
[2026-09-29T22:14:52.465Z DEBUG blacksilk_p2p::net::headers] peer 2: 1 headers up to height 66 accepted (new: true)
[2026-09-29T22:14:52.530Z DEBUG blacksilk_p2p::net::blocks] peer 2: block ea3b8a060efe at height 66 received
[2026-09-29T22:14:52.629Z DEBUG blacksilk_p2p::net::headers] peer 4: 1 headers up to height 66 accepted (new: false)
[2026-09-29T22:14:54.687Z DEBUG blacksilk_p2p::net::headers] peer 2: 1 headers up to height 67 accepted (new: true)
[2026-09-29T22:14:54.784Z DEBUG blacksilk_p2p::net::blocks] peer 2: block b70eff00dd3d at height 67 received
[2026-09-29T22:14:54.885Z DEBUG blacksilk_p2p::net::headers] peer 4: 1 headers up to height 67 accepted (new: false)
[2026-09-29T22:14:54.926Z DEBUG blacksilk_p2p::net::headers] peer 3: 1 headers up to height 67 accepted (new: false)
[2026-09-29T22:14:54.992Z DEBUG blacksilk_p2p::net::headers] peer 1: 1 headers up to height 67 accepted (new: false)
[2026-09-29T22:14:57.560Z DEBUG blacksilk_p2p::net::headers] peer 2: 1 headers up to height 68 accepted (new: true)
[2026-09-29T22:14:57.624Z DEBUG blacksilk_p2p::net::blocks] peer 2: block c1b38767ccc1 at height 68 received
[2026-09-29T22:14:57.724Z DEBUG blacksilk_p2p::net::headers] peer 1: 1 headers up to height 68 accepted (new: false)
[2026-09-29T22:15:00.459Z DEBUG blacksilk_p2p::net::headers] peer 2: 1 headers up to height 69 accepted (new: true)
[2026-09-29T22:15:00.526Z DEBUG blacksilk_p2p::net::blocks] peer 2: block 8a752ac347a7 at height 69 received
[2026-09-29T22:15:00.647Z DEBUG blacksilk_p2p::net::headers] peer 4: 1 headers up to height 69 accepted (new: false)
[2026-09-29T22:15:00.736Z DEBUG blacksilk_p2p::net::headers] peer 3: 1 headers up to height 69 accepted (new: false)
[2026-09-29T22:15:00.737Z DEBUG blacksilk_p2p::net::headers] peer 1: 1 headers up to height 69 accepted (new: false)
[2026-09-29T22:15:03.360Z DEBUG blacksilk_p2p::net::headers] peer 2: 1 headers up to height 70 accepted (new: true)
[2026-09-29T22:15:03.413Z DEBUG blacksilk_p2p::net::blocks] peer 2: block d61cbb5ea006 at height 70 received
[2026-09-29T22:15:03.466Z DEBUG blacksilk_p2p::net::headers] peer 4: 1 headers up to height 70 accepted (new: false)
[2026-09-29T22:15:03.497Z DEBUG blacksilk_p2p::net::headers] peer 3: 1 headers up to height 70 accepted (new: false)
[2026-09-29T22:15:05.404Z DEBUG blacksilk_p2p::net::headers] peer 2: 1 headers up to height 71 accepted (new: true)
[2026-09-29T22:15:05.469Z DEBUG blacksilk_p2p::net::blocks] peer 2: block 3697429b7e1a at height 71 received
[2026-09-29T22:15:05.641Z DEBUG blacksilk_p2p::net::headers] peer 1: 1 headers up to height 71 accepted (new: false)
[2026-09-29T22:15:05.669Z DEBUG blacksilk_p2p::net::headers] peer 3: 1 headers up to height 71 accepted (new: false)
[2026-09-29T22:15:05.669Z DEBUG blacksilk_p2p::net::headers] peer 4: 1 headers up to height 71 accepted (new: false)
[2026-09-29T22:15:08.337Z DEBUG blacksilk_p2p::net::headers] peer 2: 1 headers up to height 72 accepted (new: true)
[2026-09-29T22:15:08.407Z DEBUG blacksilk_p2p::net::blocks] peer 2: block 458d8ab95c10 at height 72 received
[2026-09-29T22:15:11.459Z DEBUG blacksilk_p2p::net::headers] peer 2: 1 headers up to height 73 accepted (new: true)
[2026-09-29T22:15:11.561Z DEBUG blacksilk_p2p::net::blocks] peer 2: block cb55a1907ee4 at height 73 received
[2026-09-29T22:15:11.765Z DEBUG blacksilk_p2p::net::headers] peer 3: 1 headers up to height 73 accepted (new: false)
[2026-09-29T22:15:11.795Z DEBUG blacksilk_p2p::net::headers] peer 1: 1 headers up to height 73 accepted (new: false)
[2026-09-29T22:15:11.795Z DEBUG blacksilk_p2p::net::headers] peer 4: 1 headers up to height 73 accepted (new: false)
[2026-09-29T22:15:14.103Z DEBUG blacksilk_p2p::net::headers] peer 2: 1 headers up to height 74 accepted (new: true)
[2026-09-29T22:15:14.182Z DEBUG blacksilk_p2p::net::blocks] peer 2: block 3db0b3b55f05 at height 74 received
[2026-09-29T22:15:14.336Z DEBUG blacksilk_p2p::net::headers] peer 4: 1 headers up to height 74 accepted (new: false)
[2026-09-29T22:15:14.367Z DEBUG blacksilk_p2p::net::headers] peer 3: 1 headers up to height 74 accepted (new: false)
[2026-09-29T22:15:16.593Z DEBUG blacksilk_p2p::net::headers] peer 2: 1 headers up to height 75 accepted (new: true)
[2026-09-29T22:15:16.653Z DEBUG blacksilk_p2p::net::blocks] peer 2: block b5471d7b9c67 at height 75 received
[2026-09-29T22:15:16.902Z DEBUG blacksilk_p2p::net::headers] peer 3: 1 headers up to height 75 accepted (new: false)
[2026-09-29T22:15:19.923Z DEBUG blacksilk_p2p::net::headers] peer 2: 1 headers up to height 76 accepted (new: true)
[2026-09-29T22:15:19.987Z DEBUG blacksilk_p2p::net::blocks] peer 2: block 620670299de5 at height 76 received
[2026-09-29T22:15:20.181Z DEBUG blacksilk_p2p::net::headers] peer 1: 1 headers up to height 76 accepted (new: false)
[2026-09-29T22:15:20.181Z DEBUG blacksilk_p2p::net::headers] peer 4: 1 headers up to height 76 accepted (new: false)
[2026-09-29T22:15:20.224Z DEBUG blacksilk_p2p::net::headers] peer 3: 1 headers up to height 76 accepted (new: false)
[2026-09-29T22:15:25.832Z DEBUG blacksilk_p2p::net::headers] peer 2: 1 headers up to height 77 accepted (new: true)
[2026-09-29T22:15:25.907Z DEBUG blacksilk_p2p::net::blocks] peer 2: block 813abec092f5 at height 77 received
[2026-09-29T22:15:29.903Z DEBUG blacksilk_p2p::net::headers] peer 2: 1 headers up to height 78 accepted (new: true)
[2026-09-29T22:15:29.953Z DEBUG blacksilk_p2p::net::blocks] peer 2: block 676bc4840345 at height 78 received
[2026-09-29T22:15:30.056Z DEBUG blacksilk_p2p::net::headers] peer 3: 1 headers up to height 78 accepted (new: false)
[2026-09-29T22:15:30.088Z DEBUG blacksilk_p2p::net::headers] peer 1: 1 headers up to height 78 accepted (new: false)
[2026-09-29T22:15:30.139Z DEBUG blacksilk_p2p::net::headers] peer 4: 1 headers up to height 78 accepted (new: false)
[2026-09-29T22:15:31.842Z DEBUG blacksilk_p2p::net::headers] peer 2: 1 headers up to height 79 accepted (new: true)
[2026-09-29T22:15:31.944Z DEBUG blacksilk_p2p::net::blocks] peer 2: block 1636bb867a0d at height 79 received
[2026-09-29T22:15:32.027Z DEBUG blacksilk_p2p::net::headers] peer 4: 1 headers up to height 79 accepted (new: false)
[2026-09-29T22:15:32.190Z DEBUG blacksilk_p2p::net::headers] peer 3: 1 headers up to height 79 accepted (new: false)
[2026-09-29T22:15:34.984Z DEBUG blacksilk_p2p::net::headers] peer 2: 1 headers up to height 80 accepted (new: true)
[2026-09-29T22:15:35.065Z DEBUG blacksilk_p2p::net::blocks] peer 2: block db3f2eb453b7 at height 80 received
[2026-09-29T22:15:35.171Z DEBUG blacksilk_p2p::net::headers] peer 3: 1 headers up to height 80 accepted (new: false)
[2026-09-29T22:15:38.234Z DEBUG blacksilk_p2p::net::headers] peer 2: 1 headers up to height 81 accepted (new: true)
[2026-09-29T22:15:38.336Z DEBUG blacksilk_p2p::net::blocks] peer 2: block 87883070e09d at height 81 received
[2026-09-29T22:15:38.386Z DEBUG blacksilk_p2p::net::headers] peer 4: 1 headers up to height 81 accepted (new: false)
[2026-09-29T22:15:38.587Z DEBUG blacksilk_p2p::net::headers] peer 3: 1 headers up to height 81 accepted (new: false)
[2026-09-29T22:15:38.587Z DEBUG blacksilk_p2p::net::headers] peer 1: 1 headers up to height 81 accepted (new: false)
[2026-09-29T22:15:41.052Z DEBUG blacksilk_p2p::net::headers] peer 2: 1 headers up to height 82 accepted (new: true)
[2026-09-29T22:15:41.154Z DEBUG blacksilk_p2p::net::blocks] peer 2: block e92812cead0e at height 82 received
[2026-09-29T22:15:43.279Z DEBUG blacksilk_p2p::net::headers] peer 2: 1 headers up to height 83 accepted (new: true)
[2026-09-29T22:15:43.279Z DEBUG blacksilk_p2p::net::headers] peer 1: 1 headers up to height 82 accepted (new: false)
[2026-09-29T22:15:43.279Z DEBUG blacksilk_p2p::net::headers] peer 3: 1 headers up to height 82 accepted (new: false)
[2026-09-29T22:15:43.279Z DEBUG blacksilk_p2p::net::headers] peer 4: 1 headers up to height 82 accepted (new: false)
[2026-09-29T22:15:43.358Z DEBUG blacksilk_p2p::net::blocks] peer 2: block b278f4c5cb4b at height 83 received
[2026-09-29T22:15:43.594Z DEBUG blacksilk_p2p::net::headers] peer 1: 1 headers up to height 83 accepted (new: false)
[2026-09-29T22:15:43.629Z DEBUG blacksilk_p2p::net::headers] peer 3: 1 headers up to height 83 accepted (new: false)
[2026-09-29T22:15:43.629Z DEBUG blacksilk_p2p::net::headers] peer 4: 1 headers up to height 83 accepted (new: false)
[2026-09-29T22:15:46.498Z DEBUG blacksilk_p2p::net::headers] peer 2: 1 headers up to height 84 accepted (new: true)
[2026-09-29T22:15:46.599Z DEBUG blacksilk_p2p::net::blocks] peer 2: block 8a727d5a228f at height 84 received
[2026-09-29T22:15:46.666Z DEBUG blacksilk_p2p::net::headers] peer 3: 1 headers up to height 84 accepted (new: false)
[2026-09-29T22:15:46.732Z DEBUG blacksilk_p2p::net::headers] peer 4: 1 headers up to height 84 accepted (new: false)
[2026-09-29T22:15:49.770Z DEBUG blacksilk_p2p::net::headers] peer 2: 1 headers up to height 85 accepted (new: true)
[2026-09-29T22:15:49.905Z DEBUG blacksilk_p2p::net::blocks] peer 2: block 16029e033151 at height 85 received
[2026-09-29T22:15:50.004Z DEBUG blacksilk_p2p::net::headers] peer 3: 1 headers up to height 85 accepted (new: false)
[2026-09-29T22:15:53.298Z DEBUG blacksilk_p2p::net::headers] peer 2: 1 headers up to height 86 accepted (new: true)
[2026-09-29T22:15:53.357Z DEBUG blacksilk_p2p::net::blocks] peer 2: block be14c75fdafa at height 86 received
[2026-09-29T22:15:53.366Z DEBUG blacksilk_p2p::net::headers] peer 3: 1 headers up to height 86 accepted (new: false)
[2026-09-29T22:15:53.474Z DEBUG blacksilk_p2p::net::headers] peer 1: 1 headers up to height 86 accepted (new: false)
[2026-09-29T22:15:53.527Z DEBUG blacksilk_p2p::net::headers] peer 4: 1 headers up to height 86 accepted (new: false)
[2026-09-29T22:15:55.580Z DEBUG blacksilk_p2p::net::headers] peer 2: 1 headers up to height 87 accepted (new: true)
[2026-09-29T22:15:55.647Z DEBUG blacksilk_p2p::net::blocks] peer 2: block a5d371952868 at height 87 received
[2026-09-29T22:15:55.929Z DEBUG blacksilk_p2p::net::headers] peer 3: 1 headers up to height 87 accepted (new: false)
[2026-09-29T22:15:55.968Z DEBUG blacksilk_p2p::net::headers] peer 4: 1 headers up to height 87 accepted (new: false)
[2026-09-29T22:15:56.019Z DEBUG blacksilk_p2p::net::headers] peer 1: 1 headers up to height 87 accepted (new: false)
[2026-09-29T22:15:59.177Z DEBUG blacksilk_p2p::net::headers] peer 2: 1 headers up to height 88 accepted (new: true)
[2026-09-29T22:15:59.283Z DEBUG blacksilk_p2p::net::blocks] peer 2: block 6feea0d77970 at height 88 received
[2026-09-29T22:15:59.469Z DEBUG blacksilk_p2p::net::headers] peer 3: 1 headers up to height 88 accepted (new: false)
[2026-09-29T22:15:59.587Z DEBUG blacksilk_p2p::net::headers] peer 4: 1 headers up to height 88 accepted (new: false)
[2026-09-29T22:15:59.653Z DEBUG blacksilk_p2p::net::headers] peer 1: 1 headers up to height 88 accepted (new: false)
[2026-09-29T22:16:02.216Z DEBUG blacksilk_p2p::net::headers] peer 2: 1 headers up to height 89 accepted (new: true)
[2026-09-29T22:16:02.288Z DEBUG blacksilk_p2p::net::blocks] peer 2: block db4840736ed4 at height 89 received
[2026-09-29T22:16:07.379Z DEBUG blacksilk_p2p::net::headers] peer 2: 1 headers up to height 90 accepted (new: true)
[2026-09-29T22:16:07.449Z DEBUG blacksilk_p2p::net::blocks] peer 2: block dc8af2c76f5b at height 90 received
[2026-09-29T22:16:07.509Z DEBUG blacksilk_p2p::net::headers] peer 1: 1 headers up to height 90 accepted (new: false)
[2026-09-29T22:16:07.566Z DEBUG blacksilk_p2p::net::headers] peer 3: 1 headers up to height 90 accepted (new: false)
[2026-09-29T22:16:07.566Z DEBUG blacksilk_p2p::net::headers] peer 4: 1 headers up to height 90 accepted (new: false)
[2026-09-29T22:16:11.473Z DEBUG blacksilk_p2p::net::headers] peer 2: 1 headers up to height 91 accepted (new: true)
[2026-09-29T22:16:11.537Z DEBUG blacksilk_p2p::net::blocks] peer 2: block c685f99f690f at height 91 received
[2026-09-29T22:16:11.662Z DEBUG blacksilk_p2p::net::headers] peer 1: 1 headers up to height 91 accepted (new: false)
[2026-09-29T22:16:14.324Z DEBUG blacksilk_p2p::net::headers] peer 2: 1 headers up to height 92 accepted (new: true)
[2026-09-29T22:16:14.408Z DEBUG blacksilk_p2p::net::blocks] peer 2: block 026aaa2c12da at height 92 received
[2026-09-29T22:16:14.610Z DEBUG blacksilk_p2p::net::headers] peer 4: 1 headers up to height 92 accepted (new: false)
[2026-09-29T22:16:14.626Z DEBUG blacksilk_p2p::net::headers] peer 3: 1 headers up to height 92 accepted (new: false)
[2026-09-29T22:16:14.775Z DEBUG blacksilk_p2p::net::headers] peer 1: 1 headers up to height 92 accepted (new: false)
[2026-09-29T22:16:17.624Z DEBUG blacksilk_p2p::net::headers] peer 2: 1 headers up to height 93 accepted (new: true)
[2026-09-29T22:16:17.650Z DEBUG blacksilk_p2p::net::headers] peer 1: 1 headers up to height 93 accepted (new: false)
[2026-09-29T22:16:17.681Z DEBUG blacksilk_p2p::net::blocks] peer 2: block 64b253e2f0ec at height 93 received
[2026-09-29T22:16:17.816Z DEBUG blacksilk_p2p::net::headers] peer 3: 1 headers up to height 93 accepted (new: false)
[2026-09-29T22:16:22.935Z DEBUG blacksilk_p2p::net::headers] peer 2: 1 headers up to height 94 accepted (new: true)
[2026-09-29T22:16:23.020Z DEBUG blacksilk_p2p::net::blocks] peer 2: block cc2e1caeae28 at height 94 received
[2026-09-29T22:16:24.827Z DEBUG blacksilk_p2p::net::headers] peer 2: 1 headers up to height 95 accepted (new: true)
[2026-09-29T22:16:24.827Z DEBUG blacksilk_p2p::net::headers] peer 1: 1 headers up to height 94 accepted (new: false)
[2026-09-29T22:16:24.848Z DEBUG blacksilk_p2p::net::headers] peer 4: 1 headers up to height 94 accepted (new: false)
[2026-09-29T22:16:24.848Z DEBUG blacksilk_p2p::net::headers] peer 3: 1 headers up to height 94 accepted (new: false)
[2026-09-29T22:16:24.909Z DEBUG blacksilk_p2p::net::blocks] peer 2: block 8c64b54f6aa1 at height 95 received
[2026-09-29T22:16:25.004Z DEBUG blacksilk_p2p::net::headers] peer 4: 1 headers up to height 95 accepted (new: false)
[2026-09-29T22:16:25.058Z DEBUG blacksilk_p2p::net::headers] peer 3: 1 headers up to height 95 accepted (new: false)
[2026-09-29T22:16:29.106Z DEBUG blacksilk_p2p::net::headers] peer 2: 1 headers up to height 96 accepted (new: true)
[2026-09-29T22:16:29.106Z DEBUG blacksilk_p2p::net::headers] peer 4: 1 headers up to height 96 accepted (new: false)
[2026-09-29T22:16:29.167Z DEBUG blacksilk_p2p::net::headers] peer 3: 1 headers up to height 96 accepted (new: false)
[2026-09-29T22:16:29.182Z DEBUG blacksilk_p2p::net::blocks] peer 2: block d864403e9e18 at height 96 received
[2026-09-29T22:16:29.432Z DEBUG blacksilk_p2p::net::headers] peer 1: 1 headers up to height 96 accepted (new: false)
[2026-09-29T22:16:31.636Z DEBUG blacksilk_p2p::net::headers] peer 2: 1 headers up to height 97 accepted (new: true)
[2026-09-29T22:16:31.702Z DEBUG blacksilk_p2p::net::blocks] peer 2: block 231df76ecba7 at height 97 received
[2026-09-29T22:16:31.718Z DEBUG blacksilk_p2p::net::headers] peer 3: 1 headers up to height 97 accepted (new: false)
[2026-09-29T22:16:31.769Z DEBUG blacksilk_p2p::net::headers] peer 4: 1 headers up to height 97 accepted (new: false)
[2026-09-29T22:16:31.834Z DEBUG blacksilk_p2p::net::headers] peer 1: 1 headers up to height 97 accepted (new: false)
[2026-09-29T22:16:34.102Z DEBUG blacksilk_p2p::net::headers] peer 2: 1 headers up to height 98 accepted (new: true)
[2026-09-29T22:16:34.172Z DEBUG blacksilk_p2p::net::blocks] peer 2: block 657aa712f5a9 at height 98 received
[2026-09-29T22:16:34.242Z DEBUG blacksilk_p2p::net::headers] peer 4: 1 headers up to height 98 accepted (new: false)
[2026-09-29T22:16:36.348Z DEBUG blacksilk_p2p::net::headers] peer 2: 1 headers up to height 99 accepted (new: true)
[2026-09-29T22:16:36.480Z DEBUG blacksilk_p2p::net::blocks] peer 2: block a1288ba33cb5 at height 99 received
[2026-09-29T22:16:36.578Z DEBUG blacksilk_p2p::net::headers] peer 3: 1 headers up to height 99 accepted (new: false)
[2026-09-29T22:16:36.645Z DEBUG blacksilk_p2p::net::headers] peer 1: 1 headers up to height 99 accepted (new: false)
[2026-09-29T22:16:41.791Z DEBUG blacksilk_p2p::net::headers] peer 2: 1 headers up to height 100 accepted (new: true)
[2026-09-29T22:16:41.849Z DEBUG blacksilk_p2p::net::blocks] peer 2: block 0d8a90f53116 at height 100 received
[2026-09-29T22:16:41.903Z DEBUG blacksilk_p2p::net::headers] peer 4: 1 headers up to height 100 accepted (new: false)
[2026-09-29T22:16:42.026Z DEBUG blacksilk_p2p::net::headers] peer 3: 1 headers up to height 100 accepted (new: false)
[2026-09-29T22:16:42.026Z DEBUG blacksilk_p2p::net::headers] peer 1: 1 headers up to height 100 accepted (new: false)
[2026-09-29T22:16:45.261Z DEBUG blacksilk_p2p::net::headers] peer 2: 1 headers up to height 101 accepted (new: true)
[2026-09-29T22:16:45.318Z DEBUG blacksilk_p2p::net::blocks] peer 2: block d2a9f2f7779a at height 101 received
[2026-09-29T22:16:45.428Z DEBUG blacksilk_p2p::net::headers] peer 1: 1 headers up to height 101 accepted (new: false)
[2026-09-29T22:16:45.459Z DEBUG blacksilk_p2p::net::headers] peer 4: 1 headers up to height 101 accepted (new: false)
[2026-09-29T22:16:56.387Z DEBUG blacksilk_p2p::net::headers] peer 2: 1 headers up to height 102 accepted (new: true)
[2026-09-29T22:16:56.388Z DEBUG blacksilk_p2p::net::headers] peer 1: 1 headers up to height 102 accepted (new: false)
[2026-09-29T22:16:56.459Z DEBUG blacksilk_p2p::net::blocks] peer 2: block b5d1d9634395 at height 102 received
[2026-09-29T22:16:56.459Z DEBUG blacksilk_p2p::net::headers] peer 4: 1 headers up to height 102 accepted (new: false)
[2026-09-29T22:16:56.592Z DEBUG blacksilk_p2p::net::headers] peer 3: 1 headers up to height 102 accepted (new: false)
[2026-09-29T22:16:59.212Z DEBUG blacksilk_p2p::net::headers] peer 2: 1 headers up to height 103 accepted (new: true)
[2026-09-29T22:16:59.264Z DEBUG blacksilk_p2p::net::blocks] peer 2: block e2669591d486 at height 103 received
[2026-09-29T22:16:59.563Z DEBUG blacksilk_p2p::net::headers] peer 4: 1 headers up to height 103 accepted (new: false)
[2026-09-29T22:16:59.563Z DEBUG blacksilk_p2p::net::headers] peer 1: 1 headers up to height 103 accepted (new: false)
[2026-09-29T22:17:01.701Z DEBUG blacksilk_p2p::net::headers] peer 2: 1 headers up to height 104 accepted (new: true)
[2026-09-29T22:17:01.769Z DEBUG blacksilk_p2p::net::blocks] peer 2: block 7aea3b9eebe8 at height 104 received
[2026-09-29T22:17:01.984Z DEBUG blacksilk_p2p::net::headers] peer 1: 1 headers up to height 104 accepted (new: false)
[2026-09-29T22:17:01.984Z DEBUG blacksilk_p2p::net::headers] peer 4: 1 headers up to height 104 accepted (new: false)
[2026-09-29T22:17:04.171Z DEBUG blacksilk_p2p::net::headers] peer 2: 1 headers up to height 105 accepted (new: true)
[2026-09-29T22:17:04.255Z DEBUG blacksilk_p2p::net::headers] peer 4: 1 headers up to height 105 accepted (new: false)
[2026-09-29T22:17:04.260Z DEBUG blacksilk_p2p::net::blocks] peer 2: block 0d90478427ba at height 105 received
[2026-09-29T22:17:04.471Z DEBUG blacksilk_p2p::net::headers] peer 1: 1 headers up to height 105 accepted (new: false)
[2026-09-29T22:17:06.562Z DEBUG blacksilk_p2p::net::headers] peer 2: 1 headers up to height 106 accepted (new: true)
[2026-09-29T22:17:06.642Z DEBUG blacksilk_p2p::net::blocks] peer 2: block 33c4b5b98cc9 at height 106 received
[2026-09-29T22:17:06.657Z DEBUG blacksilk_p2p::net::headers] peer 4: 1 headers up to height 106 accepted (new: false)
[2026-09-29T22:17:08.238Z DEBUG blacksilk_p2p::net::headers] peer 2: 1 headers up to height 107 accepted (new: true)
[2026-09-29T22:17:08.239Z DEBUG blacksilk_p2p::net::headers] peer 3: 1 headers up to height 106 accepted (new: false)
[2026-09-29T22:17:08.240Z DEBUG blacksilk_p2p::net::headers] peer 1: 1 headers up to height 106 accepted (new: false)
[2026-09-29T22:17:08.293Z DEBUG blacksilk_p2p::net::blocks] peer 2: block cf4460628ad4 at height 107 received
[2026-09-29T22:17:08.310Z DEBUG blacksilk_p2p::net::headers] peer 4: 1 headers up to height 107 accepted (new: false)
[2026-09-29T22:17:08.426Z DEBUG blacksilk_p2p::net::headers] peer 1: 1 headers up to height 107 accepted (new: false)
[2026-09-29T22:17:08.561Z DEBUG blacksilk_p2p::net::headers] peer 3: 1 headers up to height 107 accepted (new: false)
[2026-09-29T22:17:10.740Z DEBUG blacksilk_p2p::net::headers] peer 2: 1 headers up to height 108 accepted (new: true)
[2026-09-29T22:17:10.821Z DEBUG blacksilk_p2p::net::blocks] peer 2: block 2275de2dae7b at height 108 received
[2026-09-29T22:17:10.824Z DEBUG blacksilk_p2p::net::headers] peer 1: 1 headers up to height 108 accepted (new: false)
[2026-09-29T22:17:11.073Z DEBUG blacksilk_p2p::net::headers] peer 3: 1 headers up to height 108 accepted (new: false)
[2026-09-29T22:17:11.104Z DEBUG blacksilk_p2p::net::headers] peer 4: 1 headers up to height 108 accepted (new: false)
[2026-09-29T22:17:13.485Z DEBUG blacksilk_p2p::net::headers] peer 2: 1 headers up to height 109 accepted (new: true)
[2026-09-29T22:17:13.551Z DEBUG blacksilk_p2p::net::blocks] peer 2: block 9c9a70c7d768 at height 109 received
[2026-09-29T22:17:21.423Z DEBUG blacksilk_p2p::net::headers] peer 2: 1 headers up to height 110 accepted (new: true)
[2026-09-29T22:17:21.495Z DEBUG blacksilk_p2p::net::blocks] peer 2: block f6f1b249679f at height 110 received
[2026-09-29T22:17:21.580Z DEBUG blacksilk_p2p::net::headers] peer 1: 1 headers up to height 110 accepted (new: false)
[2026-09-29T22:17:21.598Z DEBUG blacksilk_p2p::net::headers] peer 4: 1 headers up to height 110 accepted (new: false)
[2026-09-29T22:17:21.598Z DEBUG blacksilk_p2p::net::headers] peer 3: 1 headers up to height 110 accepted (new: false)
[2026-09-29T22:17:23.405Z DEBUG blacksilk_p2p::net::headers] peer 2: 1 headers up to height 111 accepted (new: true)
[2026-09-29T22:17:23.469Z DEBUG blacksilk_p2p::net::blocks] peer 2: block 621b38158045 at height 111 received
[2026-09-29T22:17:23.484Z DEBUG blacksilk_p2p::net::headers] peer 4: 1 headers up to height 111 accepted (new: false)
[2026-09-29T22:17:28.001Z DEBUG blacksilk_p2p::net::headers] peer 2: 1 headers up to height 112 accepted (new: true)
[2026-09-29T22:17:28.067Z DEBUG blacksilk_p2p::net::blocks] peer 2: block 111f519a3d5e at height 112 received
[2026-09-29T22:17:28.139Z DEBUG blacksilk_p2p::net::headers] peer 3: 1 headers up to height 112 accepted (new: false)
[2026-09-29T22:17:28.261Z DEBUG blacksilk_p2p::net::headers] peer 1: 1 headers up to height 112 accepted (new: false)
[2026-09-29T22:17:32.082Z DEBUG blacksilk_p2p::net::headers] peer 2: 1 headers up to height 113 accepted (new: true)
[2026-09-29T22:17:32.138Z DEBUG blacksilk_p2p::net::blocks] peer 2: block 91e12ef8ff7c at height 113 received
[2026-09-29T22:17:36.200Z DEBUG blacksilk_p2p::net::headers] peer 2: 1 headers up to height 114 accepted (new: true)
[2026-09-29T22:17:36.287Z DEBUG blacksilk_p2p::net::blocks] peer 2: block a0b764015ac5 at height 114 received
[2026-09-29T22:17:39.706Z DEBUG blacksilk_p2p::net::headers] peer 2: 1 headers up to height 115 accepted (new: true)
[2026-09-29T22:17:39.781Z DEBUG blacksilk_p2p::net::blocks] peer 2: block 1eaa7a33985e at height 115 received
[2026-09-29T22:17:39.956Z DEBUG blacksilk_p2p::net::headers] peer 1: 1 headers up to height 115 accepted (new: false)
[2026-09-29T22:17:39.974Z DEBUG blacksilk_p2p::net::headers] peer 3: 1 headers up to height 115 accepted (new: false)
[2026-09-29T22:17:40.069Z DEBUG blacksilk_p2p::net::headers] peer 4: 1 headers up to height 115 accepted (new: false)
[2026-09-29T22:17:43.013Z DEBUG blacksilk_p2p::net::headers] peer 2: 1 headers up to height 116 accepted (new: true)
[2026-09-29T22:17:43.072Z DEBUG blacksilk_p2p::net::blocks] peer 2: block 35c249ca0731 at height 116 received
[2026-09-29T22:17:43.265Z DEBUG blacksilk_p2p::net::headers] peer 3: 1 headers up to height 116 accepted (new: false)
[2026-09-29T22:17:43.320Z DEBUG blacksilk_p2p::net::headers] peer 1: 1 headers up to height 116 accepted (new: false)
[2026-09-29T22:17:43.378Z DEBUG blacksilk_p2p::net::headers] peer 4: 1 headers up to height 116 accepted (new: false)
[2026-09-29T22:17:46.095Z DEBUG blacksilk_p2p::net::headers] peer 2: 1 headers up to height 117 accepted (new: true)
[2026-09-29T22:17:46.168Z DEBUG blacksilk_p2p::net::blocks] peer 2: block 3b676410c895 at height 117 received
[2026-09-29T22:17:46.254Z DEBUG blacksilk_p2p::net::headers] peer 1: 1 headers up to height 117 accepted (new: false)
[2026-09-29T22:17:48.891Z DEBUG blacksilk_p2p::net::headers] peer 2: 1 headers up to height 118 accepted (new: true)
[2026-09-29T22:17:48.974Z DEBUG blacksilk_p2p::net::blocks] peer 2: block 9c9a41285703 at height 118 received
[2026-09-29T22:17:49.174Z DEBUG blacksilk_p2p::net::headers] peer 4: 1 headers up to height 118 accepted (new: false)
[2026-09-29T22:17:49.226Z DEBUG blacksilk_p2p::net::headers] peer 3: 1 headers up to height 118 accepted (new: false)
[2026-09-29T22:17:49.258Z DEBUG blacksilk_p2p::net::headers] peer 1: 1 headers up to height 118 accepted (new: false)
[2026-09-29T22:17:57.766Z DEBUG blacksilk_p2p::net::headers] peer 2: 1 headers up to height 119 accepted (new: true)
[2026-09-29T22:17:57.836Z DEBUG blacksilk_p2p::net::blocks] peer 2: block 775fbb47df79 at height 119 received
[2026-09-29T22:17:57.905Z DEBUG blacksilk_p2p::net::headers] peer 3: 1 headers up to height 119 accepted (new: false)
[2026-09-29T22:17:57.992Z DEBUG blacksilk_p2p::net::headers] peer 1: 1 headers up to height 119 accepted (new: false)
[2026-09-29T22:17:58.066Z DEBUG blacksilk_p2p::net::headers] peer 4: 1 headers up to height 119 accepted (new: false)
[2026-09-29T22:18:00.200Z DEBUG blacksilk_p2p::net::headers] peer 2: 1 headers up to height 120 accepted (new: true)
[2026-09-29T22:18:00.274Z DEBUG blacksilk_p2p::net::blocks] peer 2: block b8e2bc583265 at height 120 received
[2026-09-29T22:18:00.404Z DEBUG blacksilk_p2p::net::headers] peer 1: 1 headers up to height 120 accepted (new: false)
[2026-09-29T22:18:00.420Z DEBUG blacksilk_p2p::net::headers] peer 3: 1 headers up to height 120 accepted (new: false)
[2026-09-29T22:18:00.576Z DEBUG blacksilk_p2p::net::headers] peer 4: 1 headers up to height 120 accepted (new: false)
[2026-09-29T22:18:02.867Z DEBUG blacksilk_p2p::net::headers] peer 2: 1 headers up to height 121 accepted (new: true)
[2026-09-29T22:18:02.949Z DEBUG blacksilk_p2p::net::blocks] peer 2: block ae623e5fe557 at height 121 received
[2026-09-29T22:18:02.949Z DEBUG blacksilk_p2p::net::headers] peer 3: 1 headers up to height 121 accepted (new: false)
[2026-09-29T22:18:03.014Z DEBUG blacksilk_p2p::net::headers] peer 1: 1 headers up to height 121 accepted (new: false)
[2026-09-29T22:18:03.098Z DEBUG blacksilk_p2p::net::headers] peer 4: 1 headers up to height 121 accepted (new: false)
[2026-09-29T22:18:07.144Z DEBUG blacksilk_p2p::net::headers] peer 2: 1 headers up to height 122 accepted (new: true)
[2026-09-29T22:18:07.204Z DEBUG blacksilk_p2p::net::blocks] peer 2: block 255a5e210177 at height 122 received
[2026-09-29T22:18:07.270Z DEBUG blacksilk_p2p::net::headers] peer 4: 1 headers up to height 122 accepted (new: false)
[2026-09-29T22:18:07.318Z DEBUG blacksilk_p2p::net::headers] peer 3: 1 headers up to height 122 accepted (new: false)
[2026-09-29T22:18:11.541Z DEBUG blacksilk_p2p::net::headers] peer 2: 1 headers up to height 123 accepted (new: true)
[2026-09-29T22:18:11.610Z DEBUG blacksilk_p2p::net::blocks] peer 2: block 8ddcdec5c568 at height 123 received
[2026-09-29T22:18:11.709Z DEBUG blacksilk_p2p::net::headers] peer 1: 1 headers up to height 123 accepted (new: false)
[2026-09-29T22:18:11.800Z DEBUG blacksilk_p2p::net::headers] peer 3: 1 headers up to height 123 accepted (new: false)
[2026-09-29T22:18:14.921Z DEBUG blacksilk_p2p::net::headers] peer 2: 1 headers up to height 124 accepted (new: true)
[2026-09-29T22:18:15.000Z DEBUG blacksilk_p2p::net::blocks] peer 2: block a342df9c112a at height 124 received
[2026-09-29T22:18:15.152Z DEBUG blacksilk_p2p::net::headers] peer 4: 1 headers up to height 124 accepted (new: false)
[2026-09-29T22:18:15.226Z DEBUG blacksilk_p2p::net::headers] peer 1: 1 headers up to height 124 accepted (new: false)
[2026-09-29T22:18:18.123Z DEBUG blacksilk_p2p::net::headers] peer 2: 1 headers up to height 125 accepted (new: true)
[2026-09-29T22:18:18.195Z DEBUG blacksilk_p2p::net::blocks] peer 2: block 45fcec4dc366 at height 125 received
[2026-09-29T22:18:26.937Z DEBUG blacksilk_p2p::net::headers] peer 2: 1 headers up to height 126 accepted (new: true)
[2026-09-29T22:18:27.088Z DEBUG blacksilk_p2p::net::blocks] peer 2: block c416d1c35bac at height 126 received
[2026-09-29T22:18:27.267Z DEBUG blacksilk_p2p::net::headers] peer 1: 1 headers up to height 126 accepted (new: false)
[2026-09-29T22:18:27.283Z DEBUG blacksilk_p2p::net::headers] peer 4: 1 headers up to height 126 accepted (new: false)
[2026-09-29T22:18:27.283Z DEBUG blacksilk_p2p::net::headers] peer 3: 1 headers up to height 126 accepted (new: false)
[2026-09-29T22:18:39.331Z DEBUG blacksilk_p2p::net::headers] peer 2: 1 headers up to height 127 accepted (new: true)
[2026-09-29T22:18:39.437Z DEBUG blacksilk_p2p::net::blocks] peer 2: block 423a3bc3f38d at height 127 received
[2026-09-29T22:18:39.637Z DEBUG blacksilk_p2p::net::headers] peer 3: 1 headers up to height 127 accepted (new: false)
[2026-09-29T22:18:39.637Z DEBUG blacksilk_p2p::net::headers] peer 1: 1 headers up to height 127 accepted (new: false)
[2026-09-29T22:18:39.737Z DEBUG blacksilk_p2p::net::headers] peer 4: 1 headers up to height 127 accepted (new: false)
[2026-09-29T22:18:43.565Z DEBUG blacksilk_p2p::net::headers] peer 2: 1 headers up to height 128 accepted (new: true)
[2026-09-29T22:18:43.643Z DEBUG blacksilk_p2p::net::blocks] peer 2: block 2f84562a0944 at height 128 received
[2026-09-29T22:18:43.846Z DEBUG blacksilk_p2p::net::headers] peer 1: 1 headers up to height 128 accepted (new: false)
[2026-09-29T22:18:43.876Z DEBUG blacksilk_p2p::net::headers] peer 3: 1 headers up to height 128 accepted (new: false)
[2026-09-29T22:18:45.855Z DEBUG blacksilk_p2p::net::headers] peer 2: 1 headers up to height 129 accepted (new: true)
[2026-09-29T22:18:45.921Z DEBUG blacksilk_p2p::net::blocks] peer 2: block 42149cb57043 at height 129 received
[2026-09-29T22:18:45.981Z DEBUG blacksilk_p2p::net::headers] peer 3: 1 headers up to height 129 accepted (new: false)
[2026-09-29T22:18:48.491Z DEBUG blacksilk_p2p::net::headers] peer 2: 1 headers up to height 130 accepted (new: true)
[2026-09-29T22:18:48.559Z DEBUG blacksilk_p2p::net::blocks] peer 2: block 02d9ea5116f2 at height 130 received
[2026-09-29T22:18:51.871Z DEBUG blacksilk_p2p::net::headers] peer 2: 1 headers up to height 131 accepted (new: true)
[2026-09-29T22:18:51.947Z DEBUG blacksilk_p2p::net::blocks] peer 2: block a86ca2a2bf89 at height 131 received
[2026-09-29T22:18:52.008Z DEBUG blacksilk_p2p::net::headers] peer 1: 1 headers up to height 131 accepted (new: false)
[2026-09-29T22:18:52.008Z DEBUG blacksilk_p2p::net::headers] peer 3: 1 headers up to height 131 accepted (new: false)
[2026-09-29T22:18:54.483Z DEBUG blacksilk_p2p::net::headers] peer 2: 1 headers up to height 132 accepted (new: true)
[2026-09-29T22:18:54.544Z DEBUG blacksilk_p2p::net::blocks] peer 2: block 77bc6420de2d at height 132 received
[2026-09-29T22:18:54.645Z DEBUG blacksilk_p2p::net::headers] peer 3: 1 headers up to height 132 accepted (new: false)
[2026-09-29T22:18:54.657Z DEBUG blacksilk_p2p::net::headers] peer 1: 1 headers up to height 132 accepted (new: false)
[2026-09-29T22:18:59.417Z DEBUG blacksilk_p2p::net::headers] peer 2: 1 headers up to height 133 accepted (new: true)
[2026-09-29T22:18:59.485Z DEBUG blacksilk_p2p::net::blocks] peer 2: block 96c28d777f2a at height 133 received
[2026-09-29T22:18:59.585Z DEBUG blacksilk_p2p::net::headers] peer 1: 1 headers up to height 133 accepted (new: false)
[2026-09-29T22:18:59.585Z DEBUG blacksilk_p2p::net::headers] peer 3: 1 headers up to height 133 accepted (new: false)
[2026-09-29T22:19:03.563Z DEBUG blacksilk_p2p::net::headers] peer 2: 1 headers up to height 134 accepted (new: true)
[2026-09-29T22:19:03.615Z DEBUG blacksilk_p2p::net::blocks] peer 2: block 05767202cba9 at height 134 received
[2026-09-29T22:19:03.777Z DEBUG blacksilk_p2p::net::headers] peer 1: 1 headers up to height 134 accepted (new: false)
[2026-09-29T22:19:03.777Z DEBUG blacksilk_p2p::net::headers] peer 3: 1 headers up to height 134 accepted (new: false)
[2026-09-29T22:19:06.190Z DEBUG blacksilk_p2p::net::headers] peer 2: 1 headers up to height 135 accepted (new: true)
[2026-09-29T22:19:06.250Z DEBUG blacksilk_p2p::net::blocks] peer 2: block b91226c9f308 at height 135 received
[2026-09-29T22:19:06.410Z DEBUG blacksilk_p2p::net::headers] peer 1: 1 headers up to height 135 accepted (new: false)
[2026-09-29T22:19:06.410Z DEBUG blacksilk_p2p::net::headers] peer 3: 1 headers up to height 135 accepted (new: false)
[2026-09-29T22:19:08.103Z DEBUG blacksilk_p2p::net::headers] peer 2: 1 headers up to height 136 accepted (new: true)
[2026-09-29T22:19:08.184Z DEBUG blacksilk_p2p::net::blocks] peer 2: block 561a4f9b785f at height 136 received
[2026-09-29T22:19:08.225Z DEBUG blacksilk_p2p::net::headers] peer 1: 1 headers up to height 136 accepted (new: false)
[2026-09-29T22:19:08.326Z DEBUG blacksilk_p2p::net::headers] peer 4: 1 headers up to height 136 accepted (new: false)
[2026-09-29T22:19:08.482Z DEBUG blacksilk_p2p::net::headers] peer 3: 1 headers up to height 136 accepted (new: false)
[2026-09-29T22:19:10.138Z DEBUG blacksilk_p2p::net::headers] peer 2: 1 headers up to height 137 accepted (new: true)
[2026-09-29T22:19:10.200Z DEBUG blacksilk_p2p::net::blocks] peer 2: block 0b7b8ac04645 at height 137 received
[2026-09-29T22:19:10.295Z DEBUG blacksilk_p2p::net::headers] peer 3: 1 headers up to height 137 accepted (new: false)
[2026-09-29T22:19:10.295Z DEBUG blacksilk_p2p::net::headers] peer 1: 1 headers up to height 137 accepted (new: false)
[2026-09-29T22:19:11.187Z DEBUG blacksilk_p2p::net::headers] peer 2: 1 headers up to height 138 accepted (new: true)
[2026-09-29T22:19:11.253Z DEBUG blacksilk_p2p::net::blocks] peer 2: block 659af4985707 at height 138 received
[2026-09-29T22:19:11.351Z DEBUG blacksilk_p2p::net::headers] peer 1: 1 headers up to height 138 accepted (new: false)
[2026-09-29T22:19:11.366Z DEBUG blacksilk_p2p::net::headers] peer 3: 1 headers up to height 138 accepted (new: false)
[2026-09-29T22:19:13.830Z DEBUG blacksilk_p2p::net::headers] peer 2: 1 headers up to height 139 accepted (new: true)
[2026-09-29T22:19:13.891Z DEBUG blacksilk_p2p::net::blocks] peer 2: block a56963a21f55 at height 139 received
[2026-09-29T22:19:13.998Z DEBUG blacksilk_p2p::net::headers] peer 1: 1 headers up to height 139 accepted (new: false)
[2026-09-29T22:19:13.998Z DEBUG blacksilk_p2p::net::headers] peer 3: 1 headers up to height 139 accepted (new: false)
[2026-09-29T22:19:18.650Z DEBUG blacksilk_p2p::net::headers] peer 2: 1 headers up to height 140 accepted (new: true)
[2026-09-29T22:19:18.713Z DEBUG blacksilk_p2p::net::blocks] peer 2: block 71c5c37016b5 at height 140 received
[2026-09-29T22:19:18.747Z DEBUG blacksilk_p2p::net::headers] peer 3: 1 headers up to height 140 accepted (new: false)
[2026-09-29T22:19:18.846Z DEBUG blacksilk_p2p::net::headers] peer 4: 1 headers up to height 140 accepted (new: false)
[2026-09-29T22:19:18.995Z DEBUG blacksilk_p2p::net::headers] peer 1: 1 headers up to height 140 accepted (new: false)
[2026-09-29T22:19:19.642Z DEBUG blacksilk_p2p::net::headers] peer 2: 1 headers up to height 141 accepted (new: true)
[2026-09-29T22:19:19.699Z DEBUG blacksilk_p2p::net::blocks] peer 2: block 88001ce67802 at height 141 received
[2026-09-29T22:19:19.750Z DEBUG blacksilk_p2p::net::headers] peer 1: 1 headers up to height 141 accepted (new: false)
[2026-09-29T22:19:19.817Z DEBUG blacksilk_p2p::net::headers] peer 3: 1 headers up to height 141 accepted (new: false)
[2026-09-29T22:19:22.756Z DEBUG blacksilk_p2p::net::headers] peer 2: 1 headers up to height 142 accepted (new: true)
[2026-09-29T22:19:22.823Z DEBUG blacksilk_p2p::net::blocks] peer 2: block 85ea1875e05e at height 142 received
[2026-09-29T22:19:22.920Z DEBUG blacksilk_p2p::net::headers] peer 1: 1 headers up to height 142 accepted (new: false)
[2026-09-29T22:19:22.920Z DEBUG blacksilk_p2p::net::headers] peer 3: 1 headers up to height 142 accepted (new: false)
[2026-09-29T22:19:24.078Z DEBUG blacksilk_p2p::net::headers] peer 2: 1 headers up to height 143 accepted (new: true)
[2026-09-29T22:19:24.154Z DEBUG blacksilk_p2p::net::blocks] peer 2: block de57e5ab4943 at height 143 received
[2026-09-29T22:19:24.255Z DEBUG blacksilk_p2p::net::headers] peer 3: 1 headers up to height 143 accepted (new: false)
[2026-09-29T22:19:24.255Z DEBUG blacksilk_p2p::net::headers] peer 1: 1 headers up to height 143 accepted (new: false)
[2026-09-29T22:19:25.902Z DEBUG blacksilk_p2p::net::headers] peer 2: 1 headers up to height 144 accepted (new: true)
[2026-09-29T22:19:25.975Z DEBUG blacksilk_p2p::net::blocks] peer 2: block 2279ab8b16ab at height 144 received
[2026-09-29T22:19:27.399Z DEBUG blacksilk_p2p::net::headers] peer 2: 1 headers up to height 145 accepted (new: true)
[2026-09-29T22:19:27.457Z DEBUG blacksilk_p2p::net::blocks] peer 2: block 0e7ec3a1eb42 at height 145 received
[2026-09-29T22:19:29.360Z DEBUG blacksilk_p2p::net::headers] peer 2: 1 headers up to height 146 accepted (new: true)
[2026-09-29T22:19:29.442Z DEBUG blacksilk_p2p::net::blocks] peer 2: block b9b25565c080 at height 146 received
[2026-09-29T22:19:29.503Z DEBUG blacksilk_p2p::net::headers] peer 1: 1 headers up to height 146 accepted (new: false)
[2026-09-29T22:19:29.519Z DEBUG blacksilk_p2p::net::headers] peer 3: 1 headers up to height 146 accepted (new: false)
[2026-09-29T22:19:29.549Z DEBUG blacksilk_p2p::net::headers] peer 4: 1 headers up to height 146 accepted (new: false)
[2026-09-29T22:19:31.596Z DEBUG blacksilk_p2p::net::headers] peer 2: 1 headers up to height 147 accepted (new: true)
[2026-09-29T22:19:31.653Z DEBUG blacksilk_p2p::net::blocks] peer 2: block 10e317af3b4f at height 147 received
[2026-09-29T22:19:31.870Z DEBUG blacksilk_p2p::net::headers] peer 1: 1 headers up to height 147 accepted (new: false)
[2026-09-29T22:19:34.709Z DEBUG blacksilk_p2p::net::headers] peer 2: 1 headers up to height 148 accepted (new: true)
[2026-09-29T22:19:34.777Z DEBUG blacksilk_p2p::net::blocks] peer 2: block 532c10ce7dbc at height 148 received
[2026-09-29T22:19:35.002Z DEBUG blacksilk_p2p::net::headers] peer 1: 1 headers up to height 148 accepted (new: false)
[2026-09-29T22:19:36.296Z DEBUG blacksilk_p2p::net::headers] peer 2: 1 headers up to height 149 accepted (new: true)
[2026-09-29T22:19:36.369Z DEBUG blacksilk_p2p::net::blocks] peer 2: block 68b907d03184 at height 149 received
[2026-09-29T22:19:36.593Z DEBUG blacksilk_p2p::net::headers] peer 1: 1 headers up to height 149 accepted (new: false)
[2026-09-29T22:19:36.593Z DEBUG blacksilk_p2p::net::headers] peer 4: 1 headers up to height 149 accepted (new: false)
[2026-09-29T22:19:39.631Z DEBUG blacksilk_p2p::net::headers] peer 2: 1 headers up to height 150 accepted (new: true)
[2026-09-29T22:19:39.697Z DEBUG blacksilk_p2p::net::blocks] peer 2: block 5b9318fffdeb at height 150 received
[2026-09-29T22:19:39.973Z DEBUG blacksilk_p2p::net::headers] peer 4: 1 headers up to height 150 accepted (new: false)
[2026-09-29T22:19:39.973Z DEBUG blacksilk_p2p::net::headers] peer 1: 1 headers up to height 150 accepted (new: false)
[2026-09-29T22:19:39.996Z DEBUG blacksilk_p2p::net::headers] peer 3: 1 headers up to height 150 accepted (new: false)
[2026-09-29T22:19:44.870Z DEBUG blacksilk_p2p::net::headers] peer 2: 1 headers up to height 151 accepted (new: true)
[2026-09-29T22:19:44.958Z DEBUG blacksilk_p2p::net::blocks] peer 2: block 3d7337c56cd6 at height 151 received
[2026-09-29T22:19:44.975Z DEBUG blacksilk_p2p::net::headers] peer 1: 1 headers up to height 151 accepted (new: false)
[2026-09-29T22:19:45.221Z DEBUG blacksilk_p2p::net::headers] peer 4: 1 headers up to height 151 accepted (new: false)
[2026-09-29T22:19:45.221Z DEBUG blacksilk_p2p::net::headers] peer 3: 1 headers up to height 151 accepted (new: false)
[2026-09-29T22:19:47.469Z DEBUG blacksilk_p2p::net::headers] peer 2: 1 headers up to height 152 accepted (new: true)
[2026-09-29T22:19:47.536Z DEBUG blacksilk_p2p::net::blocks] peer 2: block cfb0beaa6707 at height 152 received
[2026-09-29T22:19:47.556Z DEBUG blacksilk_p2p::net::headers] peer 3: 1 headers up to height 152 accepted (new: false)
[2026-09-29T22:19:49.447Z DEBUG blacksilk_p2p::net::headers] peer 2: 1 headers up to height 153 accepted (new: true)
[2026-09-29T22:19:49.514Z DEBUG blacksilk_p2p::net::blocks] peer 2: block 5f104d1dbf32 at height 153 received
[2026-09-29T22:19:49.596Z DEBUG blacksilk_p2p::net::headers] peer 4: 1 headers up to height 153 accepted (new: false)
[2026-09-29T22:19:49.637Z DEBUG blacksilk_p2p::net::headers] peer 1: 1 headers up to height 153 accepted (new: false)
[2026-09-29T22:19:49.637Z DEBUG blacksilk_p2p::net::headers] peer 3: 1 headers up to height 153 accepted (new: false)
[2026-09-29T22:19:51.408Z DEBUG blacksilk_p2p::net::headers] peer 2: 1 headers up to height 154 accepted (new: true)
[2026-09-29T22:19:51.483Z DEBUG blacksilk_p2p::net::blocks] peer 2: block bc448aa758de at height 154 received
[2026-09-29T22:19:51.508Z DEBUG blacksilk_p2p::net::headers] peer 1: 1 headers up to height 154 accepted (new: false)
[2026-09-29T22:19:51.684Z DEBUG blacksilk_p2p::net::headers] peer 4: 1 headers up to height 154 accepted (new: false)
[2026-09-29T22:19:51.732Z DEBUG blacksilk_p2p::net::headers] peer 3: 1 headers up to height 154 accepted (new: false)
[2026-09-29T22:19:53.609Z DEBUG blacksilk_p2p::net::headers] peer 2: 1 headers up to height 155 accepted (new: true)
[2026-09-29T22:19:53.669Z DEBUG blacksilk_p2p::net::blocks] peer 2: block f25b1f9109de at height 155 received
[2026-09-29T22:19:53.768Z DEBUG blacksilk_p2p::net::headers] peer 4: 1 headers up to height 155 accepted (new: false)
[2026-09-29T22:19:53.820Z DEBUG blacksilk_p2p::net::headers] peer 3: 1 headers up to height 155 accepted (new: false)
[2026-09-29T22:19:53.871Z DEBUG blacksilk_p2p::net::headers] peer 1: 1 headers up to height 155 accepted (new: false)
[2026-09-29T22:19:58.269Z DEBUG blacksilk_p2p::net::headers] peer 2: 1 headers up to height 156 accepted (new: true)
[2026-09-29T22:19:58.331Z DEBUG blacksilk_p2p::net::blocks] peer 2: block f5f5f4c06f04 at height 156 received
[2026-09-29T22:19:58.534Z DEBUG blacksilk_p2p::net::headers] peer 3: 1 headers up to height 156 accepted (new: false)
[2026-09-29T22:19:59.601Z DEBUG blacksilk_p2p::net::headers] peer 2: 1 headers up to height 157 accepted (new: true)
[2026-09-29T22:19:59.679Z DEBUG blacksilk_p2p::net::blocks] peer 2: block c7ff2452012f at height 157 received
[2026-09-29T22:19:59.719Z DEBUG blacksilk_p2p::net::headers] peer 1: 1 headers up to height 157 accepted (new: false)
[2026-09-29T22:19:59.773Z DEBUG blacksilk_p2p::net::headers] peer 4: 1 headers up to height 157 accepted (new: false)
[2026-09-29T22:19:59.840Z DEBUG blacksilk_p2p::net::headers] peer 3: 1 headers up to height 157 accepted (new: false)
[2026-09-29T22:20:01.825Z DEBUG blacksilk_p2p::net::headers] peer 2: 1 headers up to height 158 accepted (new: true)
[2026-09-29T22:20:01.891Z DEBUG blacksilk_p2p::net::blocks] peer 2: block fc386b6d6e9b at height 158 received
[2026-09-29T22:20:04.872Z DEBUG blacksilk_p2p::net::headers] peer 2: 1 headers up to height 159 accepted (new: true)
[2026-09-29T22:20:04.954Z DEBUG blacksilk_p2p::net::blocks] peer 2: block 6ac2e8940648 at height 159 received
[2026-09-29T22:20:05.178Z DEBUG blacksilk_p2p::net::headers] peer 3: 1 headers up to height 159 accepted (new: false)
[2026-09-29T22:20:06.485Z DEBUG blacksilk_p2p::net::headers] peer 2: 1 headers up to height 160 accepted (new: true)
[2026-09-29T22:20:06.536Z DEBUG blacksilk_p2p::net::blocks] peer 2: block a8e23624d285 at height 160 received
[2026-09-29T22:20:06.618Z DEBUG blacksilk_p2p::net::headers] peer 1: 1 headers up to height 160 accepted (new: false)
[2026-09-29T22:20:06.673Z DEBUG blacksilk_p2p::net::headers] peer 4: 1 headers up to height 160 accepted (new: false)
[2026-09-29T22:20:06.737Z DEBUG blacksilk_p2p::net::headers] peer 3: 1 headers up to height 160 accepted (new: false)
[2026-09-29T22:20:14.710Z DEBUG blacksilk_p2p::net::headers] peer 2: 1 headers up to height 161 accepted (new: true)
[2026-09-29T22:20:14.793Z DEBUG blacksilk_p2p::net::blocks] peer 2: block f4d450c50bbd at height 161 received
[2026-09-29T22:20:14.868Z DEBUG blacksilk_p2p::net::headers] peer 3: 1 headers up to height 161 accepted (new: false)
[2026-09-29T22:20:17.065Z DEBUG blacksilk_p2p::net::headers] peer 2: 1 headers up to height 162 accepted (new: true)
[2026-09-29T22:20:17.148Z DEBUG blacksilk_p2p::net::blocks] peer 2: block 587982fa466d at height 162 received
[2026-09-29T22:20:17.184Z DEBUG blacksilk_p2p::net::headers] peer 4: 1 headers up to height 162 accepted (new: false)
[2026-09-29T22:20:17.246Z DEBUG blacksilk_p2p::net::headers] peer 3: 1 headers up to height 162 accepted (new: false)
[2026-09-29T22:20:28.549Z DEBUG blacksilk_p2p::net::headers] peer 2: 1 headers up to height 163 accepted (new: true)
[2026-09-29T22:20:28.612Z DEBUG blacksilk_p2p::net::blocks] peer 2: block 32e74e72e680 at height 163 received
[2026-09-29T22:20:28.712Z DEBUG blacksilk_p2p::net::headers] peer 3: 1 headers up to height 163 accepted (new: false)
[2026-09-29T22:20:28.712Z DEBUG blacksilk_p2p::net::headers] peer 4: 1 headers up to height 163 accepted (new: false)
[2026-09-29T22:20:31.638Z DEBUG blacksilk_p2p::net::headers] peer 2: 1 headers up to height 164 accepted (new: true)
[2026-09-29T22:20:31.695Z DEBUG blacksilk_p2p::net::blocks] peer 2: block 162de93287c0 at height 164 received
[2026-09-29T22:20:31.811Z DEBUG blacksilk_p2p::net::headers] peer 4: 1 headers up to height 164 accepted (new: false)
[2026-09-29T22:20:31.896Z DEBUG blacksilk_p2p::net::headers] peer 3: 1 headers up to height 164 accepted (new: false)
[2026-09-29T22:20:34.515Z DEBUG blacksilk_p2p::net::headers] peer 2: 1 headers up to height 165 accepted (new: true)
[2026-09-29T22:20:34.583Z DEBUG blacksilk_p2p::net::blocks] peer 2: block 24353026c510 at height 165 received
[2026-09-29T22:20:34.685Z DEBUG blacksilk_p2p::net::headers] peer 4: 1 headers up to height 165 accepted (new: false)
[2026-09-29T22:20:36.617Z DEBUG blacksilk_p2p::net::headers] peer 2: 1 headers up to height 166 accepted (new: true)
[2026-09-29T22:20:36.688Z DEBUG blacksilk_p2p::net::blocks] peer 2: block 766d83aa3c31 at height 166 received
[2026-09-29T22:20:36.775Z DEBUG blacksilk_p2p::net::headers] peer 4: 1 headers up to height 166 accepted (new: false)
[2026-09-29T22:20:36.838Z DEBUG blacksilk_p2p::net::headers] peer 3: 1 headers up to height 166 accepted (new: false)
[2026-09-29T22:20:36.856Z DEBUG blacksilk_p2p::net::headers] peer 1: 1 headers up to height 166 accepted (new: false)
[2026-09-29T22:20:42.157Z DEBUG blacksilk_p2p::net::headers] peer 2: 1 headers up to height 167 accepted (new: true)
[2026-09-29T22:20:42.235Z DEBUG blacksilk_p2p::net::blocks] peer 2: block 8f35a969dd1f at height 167 received
[2026-09-29T22:20:42.326Z DEBUG blacksilk_p2p::net::headers] peer 4: 1 headers up to height 167 accepted (new: false)
[2026-09-29T22:20:42.358Z DEBUG blacksilk_p2p::net::headers] peer 3: 1 headers up to height 167 accepted (new: false)
[2026-09-29T22:20:42.358Z DEBUG blacksilk_p2p::net::headers] peer 1: 1 headers up to height 167 accepted (new: false)
[2026-09-29T22:20:43.157Z DEBUG blacksilk_p2p::net::headers] peer 2: 1 headers up to height 168 accepted (new: true)
[2026-09-29T22:20:43.239Z DEBUG blacksilk_p2p::net::blocks] peer 2: block 357d53485a60 at height 168 received
[2026-09-29T22:20:43.348Z DEBUG blacksilk_p2p::net::headers] peer 4: 1 headers up to height 168 accepted (new: false)
[2026-09-29T22:20:43.402Z DEBUG blacksilk_p2p::net::headers] peer 3: 1 headers up to height 168 accepted (new: false)
[2026-09-29T22:20:43.402Z DEBUG blacksilk_p2p::net::headers] peer 1: 1 headers up to height 168 accepted (new: false)
[2026-09-29T22:20:44.644Z DEBUG blacksilk_p2p::net::headers] peer 2: 1 headers up to height 169 accepted (new: true)
[2026-09-29T22:20:44.723Z DEBUG blacksilk_p2p::net::blocks] peer 2: block 49e4ad00c47c at height 169 received
[2026-09-29T22:20:44.739Z DEBUG blacksilk_p2p::net::headers] peer 1: 1 headers up to height 169 accepted (new: false)
[2026-09-29T22:20:44.739Z DEBUG blacksilk_p2p::net::headers] peer 3: 1 headers up to height 169 accepted (new: false)
[2026-09-29T22:20:44.922Z DEBUG blacksilk_p2p::net::headers] peer 4: 1 headers up to height 169 accepted (new: false)
[2026-09-29T22:20:58.525Z DEBUG blacksilk_p2p::net::headers] peer 2: 1 headers up to height 170 accepted (new: true)
[2026-09-29T22:20:58.580Z DEBUG blacksilk_p2p::net::blocks] peer 2: block 179faced448a at height 170 received
[2026-09-29T22:20:58.779Z DEBUG blacksilk_p2p::net::headers] peer 4: 1 headers up to height 170 accepted (new: false)
[2026-09-29T22:20:58.839Z DEBUG blacksilk_p2p::net::headers] peer 3: 1 headers up to height 170 accepted (new: false)
[2026-09-29T22:20:58.839Z DEBUG blacksilk_p2p::net::headers] peer 1: 1 headers up to height 170 accepted (new: false)
[2026-09-29T22:21:16.132Z DEBUG blacksilk_p2p::net::headers] peer 2: 1 headers up to height 171 accepted (new: true)
[2026-09-29T22:21:16.205Z DEBUG blacksilk_p2p::net::blocks] peer 2: block 25a02052b7fc at height 171 received
[2026-09-29T22:21:18.694Z DEBUG blacksilk_p2p::net::headers] peer 2: 1 headers up to height 172 accepted (new: true)
[2026-09-29T22:21:18.784Z DEBUG blacksilk_p2p::net::blocks] peer 2: block 8b5317f3173e at height 172 received
[2026-09-29T22:21:27.288Z DEBUG blacksilk_p2p::net::headers] peer 2: 1 headers up to height 173 accepted (new: true)
[2026-09-29T22:21:27.370Z DEBUG blacksilk_p2p::net::blocks] peer 2: block 084493464f30 at height 173 received
[2026-09-29T22:21:27.517Z DEBUG blacksilk_p2p::net::headers] peer 3: 1 headers up to height 173 accepted (new: false)
[2026-09-29T22:21:27.533Z DEBUG blacksilk_p2p::net::headers] peer 1: 1 headers up to height 173 accepted (new: false)
[2026-09-29T22:21:27.550Z DEBUG blacksilk_p2p::net::headers] peer 4: 1 headers up to height 173 accepted (new: false)
[2026-09-29T22:21:42.612Z DEBUG blacksilk_p2p::net::headers] peer 2: 1 headers up to height 174 accepted (new: true)
[2026-09-29T22:21:42.673Z DEBUG blacksilk_p2p::net::blocks] peer 2: block 30d4439b85b9 at height 174 received
[2026-09-29T22:21:43.700Z DEBUG blacksilk_p2p::net::headers] peer 2: 1 headers up to height 175 accepted (new: true)
[2026-09-29T22:21:43.762Z DEBUG blacksilk_p2p::net::blocks] peer 2: block c4b23abbe1ee at height 175 received
[2026-09-29T22:21:46.050Z DEBUG blacksilk_p2p::net::headers] peer 2: 1 headers up to height 176 accepted (new: true)
[2026-09-29T22:21:46.116Z DEBUG blacksilk_p2p::net::blocks] peer 2: block d4df5bacd469 at height 176 received
[2026-09-29T22:21:53.946Z DEBUG blacksilk_p2p::net::headers] peer 2: 1 headers up to height 177 accepted (new: true)
[2026-09-29T22:21:54.023Z DEBUG blacksilk_p2p::net::blocks] peer 2: block ffc9a560f1e7 at height 177 received
[2026-09-29T22:21:55.237Z DEBUG blacksilk_p2p::net::headers] peer 2: 1 headers up to height 178 accepted (new: true)
[2026-09-29T22:21:55.291Z DEBUG blacksilk_p2p::net::blocks] peer 2: block 383b40f1f967 at height 178 received
[2026-09-29T22:21:58.630Z DEBUG blacksilk_p2p::net::headers] peer 2: 1 headers up to height 179 accepted (new: true)
[2026-09-29T22:21:58.698Z DEBUG blacksilk_p2p::net::blocks] peer 2: block 6b6079aa6a02 at height 179 received
[2026-09-29T22:21:58.830Z DEBUG blacksilk_p2p::net::headers] peer 4: 1 headers up to height 179 accepted (new: false)
[2026-09-29T22:21:58.850Z DEBUG blacksilk_p2p::net::headers] peer 3: 1 headers up to height 179 accepted (new: false)
[2026-09-29T22:21:58.850Z DEBUG blacksilk_p2p::net::headers] peer 1: 1 headers up to height 179 accepted (new: false)
[2026-09-29T22:22:01.667Z DEBUG blacksilk_p2p::net::headers] peer 2: 1 headers up to height 180 accepted (new: true)
[2026-09-29T22:22:01.753Z DEBUG blacksilk_p2p::net::blocks] peer 2: block 0de1d9170656 at height 180 received
[2026-09-29T22:22:05.101Z DEBUG blacksilk_p2p::net::headers] peer 2: 1 headers up to height 181 accepted (new: true)
[2026-09-29T22:22:05.205Z DEBUG blacksilk_p2p::net::blocks] peer 2: block 5137f7a73746 at height 181 received
[2026-09-29T22:22:05.345Z DEBUG blacksilk_p2p::net::headers] peer 3: 1 headers up to height 181 accepted (new: false)
[2026-09-29T22:22:05.345Z DEBUG blacksilk_p2p::net::headers] peer 4: 1 headers up to height 181 accepted (new: false)
[2026-09-29T22:22:05.345Z DEBUG blacksilk_p2p::net::headers] peer 1: 1 headers up to height 181 accepted (new: false)
[2026-09-29T22:22:11.659Z DEBUG blacksilk_p2p::net::headers] peer 2: 1 headers up to height 182 accepted (new: true)
[2026-09-29T22:22:11.715Z DEBUG blacksilk_p2p::net::blocks] peer 2: block 84261e278b17 at height 182 received
[2026-09-29T22:22:11.828Z DEBUG blacksilk_p2p::net::headers] peer 3: 1 headers up to height 182 accepted (new: false)
[2026-09-29T22:22:11.852Z DEBUG blacksilk_p2p::net::headers] peer 1: 1 headers up to height 182 accepted (new: false)
[2026-09-29T22:22:19.170Z DEBUG blacksilk_p2p::net::headers] peer 2: 1 headers up to height 183 accepted (new: true)
[2026-09-29T22:22:19.243Z DEBUG blacksilk_p2p::net::blocks] peer 2: block 242338fbef90 at height 183 received
[2026-09-29T22:22:19.390Z DEBUG blacksilk_p2p::net::headers] peer 3: 1 headers up to height 183 accepted (new: false)
[2026-09-29T22:22:19.390Z DEBUG blacksilk_p2p::net::headers] peer 4: 1 headers up to height 183 accepted (new: false)
[2026-09-29T22:22:24.200Z DEBUG blacksilk_p2p::net::headers] peer 2: 1 headers up to height 184 accepted (new: true)
[2026-09-29T22:22:24.288Z DEBUG blacksilk_p2p::net::blocks] peer 2: block 19c284172414 at height 184 received
[2026-09-29T22:22:24.354Z DEBUG blacksilk_p2p::net::headers] peer 3: 1 headers up to height 184 accepted (new: false)
[2026-09-29T22:22:24.354Z DEBUG blacksilk_p2p::net::headers] peer 4: 1 headers up to height 184 accepted (new: false)
[2026-09-29T22:22:24.415Z DEBUG blacksilk_p2p::net::headers] peer 1: 1 headers up to height 184 accepted (new: false)
[2026-09-29T22:22:27.838Z DEBUG blacksilk_p2p::net::headers] peer 2: 1 headers up to height 185 accepted (new: true)
[2026-09-29T22:22:27.909Z DEBUG blacksilk_p2p::net::blocks] peer 2: block d629e46b5075 at height 185 received
[2026-09-29T22:22:28.077Z DEBUG blacksilk_p2p::net::headers] peer 4: 1 headers up to height 185 accepted (new: false)
[2026-09-29T22:22:36.490Z DEBUG blacksilk_p2p::net::headers] peer 2: 1 headers up to height 186 accepted (new: true)
[2026-09-29T22:22:36.548Z DEBUG blacksilk_p2p::net::blocks] peer 2: block 4c820da9b19b at height 186 received
[2026-09-29T22:22:36.608Z DEBUG blacksilk_p2p::net::headers] peer 3: 1 headers up to height 186 accepted (new: false)
[2026-09-29T22:22:36.709Z DEBUG blacksilk_p2p::net::headers] peer 4: 1 headers up to height 186 accepted (new: false)
[2026-09-29T22:22:51.309Z DEBUG blacksilk_p2p::net::headers] peer 2: 1 headers up to height 187 accepted (new: true)
[2026-09-29T22:22:51.378Z DEBUG blacksilk_p2p::net::blocks] peer 2: block 8eaf952a20c2 at height 187 received
[2026-09-29T22:22:51.582Z DEBUG blacksilk_p2p::net::headers] peer 1: 1 headers up to height 187 accepted (new: false)
[2026-09-29T22:22:51.627Z DEBUG blacksilk_p2p::net::headers] peer 3: 1 headers up to height 187 accepted (new: false)
[2026-09-29T22:22:51.627Z DEBUG blacksilk_p2p::net::headers] peer 4: 1 headers up to height 187 accepted (new: false)
[2026-09-29T22:22:58.889Z DEBUG blacksilk_p2p::net::headers] peer 2: 1 headers up to height 188 accepted (new: true)
[2026-09-29T22:22:58.934Z DEBUG blacksilk_p2p::net::blocks] peer 2: block 6da6b5a8fa5f at height 188 received
[2026-09-29T22:22:59.159Z DEBUG blacksilk_p2p::net::headers] peer 1: 1 headers up to height 188 accepted (new: false)
[2026-09-29T22:22:59.220Z DEBUG blacksilk_p2p::net::headers] peer 4: 1 headers up to height 188 accepted (new: false)
[2026-09-29T22:22:59.220Z DEBUG blacksilk_p2p::net::headers] peer 3: 1 headers up to height 188 accepted (new: false)
[2026-09-29T22:23:00.693Z DEBUG blacksilk_p2p::net::headers] peer 2: 1 headers up to height 189 accepted (new: true)
[2026-09-29T22:23:00.760Z DEBUG blacksilk_p2p::net::blocks] peer 2: block 82521f8140f0 at height 189 received
[2026-09-29T22:23:00.986Z DEBUG blacksilk_p2p::net::headers] peer 1: 1 headers up to height 189 accepted (new: false)
[2026-09-29T22:23:01.025Z DEBUG blacksilk_p2p::net::headers] peer 3: 1 headers up to height 189 accepted (new: false)
[2026-09-29T22:23:01.025Z DEBUG blacksilk_p2p::net::headers] peer 4: 1 headers up to height 189 accepted (new: false)
[2026-09-29T22:23:10.057Z DEBUG blacksilk_p2p::net::headers] peer 2: 1 headers up to height 190 accepted (new: true)
[2026-09-29T22:23:10.130Z DEBUG blacksilk_p2p::net::blocks] peer 2: block 4d103fd2ce86 at height 190 received
[2026-09-29T22:23:10.177Z DEBUG blacksilk_p2p::net::headers] peer 4: 1 headers up to height 190 accepted (new: false)
[2026-09-29T22:23:10.326Z DEBUG blacksilk_p2p::net::headers] peer 1: 1 headers up to height 190 accepted (new: false)
[2026-09-29T22:23:10.395Z DEBUG blacksilk_p2p::net::headers] peer 3: 1 headers up to height 190 accepted (new: false)
[2026-09-29T22:23:11.144Z DEBUG blacksilk_p2p::net::headers] peer 2: 1 headers up to height 191 accepted (new: true)
[2026-09-29T22:23:11.226Z DEBUG blacksilk_p2p::net::blocks] peer 2: block ade18f4efbca at height 191 received
[2026-09-29T22:23:11.328Z DEBUG blacksilk_p2p::net::headers] peer 1: 1 headers up to height 191 accepted (new: false)
[2026-09-29T22:23:11.462Z DEBUG blacksilk_p2p::net::headers] peer 3: 1 headers up to height 191 accepted (new: false)
[2026-09-29T22:23:11.479Z DEBUG blacksilk_p2p::net::headers] peer 4: 1 headers up to height 191 accepted (new: false)
[2026-09-29T22:23:14.613Z DEBUG blacksilk_p2p::net::headers] peer 2: 1 headers up to height 192 accepted (new: true)
[2026-09-29T22:23:14.684Z DEBUG blacksilk_p2p::net::blocks] peer 2: block e2666e69bbb9 at height 192 received
[2026-09-29T22:23:14.751Z DEBUG blacksilk_p2p::net::headers] peer 1: 1 headers up to height 192 accepted (new: false)
[2026-09-29T22:23:14.876Z DEBUG blacksilk_p2p::net::headers] peer 3: 1 headers up to height 192 accepted (new: false)
[2026-09-29T22:23:14.876Z DEBUG blacksilk_p2p::net::headers] peer 4: 1 headers up to height 192 accepted (new: false)
[2026-09-29T22:23:20.316Z DEBUG blacksilk_p2p::net::headers] peer 2: 1 headers up to height 193 accepted (new: true)
[2026-09-29T22:23:20.405Z DEBUG blacksilk_p2p::net::blocks] peer 2: block 2cfe695bf809 at height 193 received
[2026-09-29T22:23:20.491Z DEBUG blacksilk_p2p::net::headers] peer 1: 1 headers up to height 193 accepted (new: false)
[2026-09-29T22:23:20.609Z DEBUG blacksilk_p2p::net::headers] peer 4: 1 headers up to height 193 accepted (new: false)
[2026-09-29T22:23:20.609Z DEBUG blacksilk_p2p::net::headers] peer 3: 1 headers up to height 193 accepted (new: false)
[2026-09-29T22:23:26.114Z DEBUG blacksilk_p2p::net::headers] peer 2: 1 headers up to height 194 accepted (new: true)
[2026-09-29T22:23:26.185Z DEBUG blacksilk_p2p::net::blocks] peer 2: block 53bdf606c0c4 at height 194 received
[2026-09-29T22:23:26.236Z DEBUG blacksilk_p2p::net::headers] peer 1: 1 headers up to height 194 accepted (new: false)
[2026-09-29T22:23:26.382Z DEBUG blacksilk_p2p::net::headers] peer 3: 1 headers up to height 194 accepted (new: false)
[2026-09-29T22:23:26.419Z DEBUG blacksilk_p2p::net::headers] peer 4: 1 headers up to height 194 accepted (new: false)
[2026-09-29T22:23:28.926Z DEBUG blacksilk_p2p::net::headers] peer 2: 1 headers up to height 195 accepted (new: true)
[2026-09-29T22:23:29.005Z DEBUG blacksilk_p2p::net::blocks] peer 2: block d7ae0afaadaf at height 195 received
[2026-09-29T22:23:29.041Z DEBUG blacksilk_p2p::net::headers] peer 4: 1 headers up to height 195 accepted (new: false)
[2026-09-29T22:23:29.097Z DEBUG blacksilk_p2p::net::headers] peer 1: 1 headers up to height 195 accepted (new: false)
[2026-09-29T22:23:29.264Z DEBUG blacksilk_p2p::net::headers] peer 3: 1 headers up to height 195 accepted (new: false)
[2026-09-29T22:23:54.246Z DEBUG blacksilk_p2p::net::headers] peer 2: 1 headers up to height 196 accepted (new: true)
[2026-09-29T22:23:54.311Z DEBUG blacksilk_p2p::net::blocks] peer 2: block 4a4f7a009fc9 at height 196 received
[2026-09-29T22:23:54.389Z DEBUG blacksilk_p2p::net::headers] peer 3: 1 headers up to height 196 accepted (new: false)
[2026-09-29T22:23:54.389Z DEBUG blacksilk_p2p::net::headers] peer 4: 1 headers up to height 196 accepted (new: false)
[2026-09-29T22:24:05.265Z DEBUG blacksilk_p2p::net::headers] peer 2: 1 headers up to height 197 accepted (new: true)
[2026-09-29T22:24:05.338Z DEBUG blacksilk_p2p::net::blocks] peer 2: block bc72962935b7 at height 197 received
[2026-09-29T22:24:05.396Z DEBUG blacksilk_p2p::net::headers] peer 3: 1 headers up to height 197 accepted (new: false)
[2026-09-29T22:24:05.563Z DEBUG blacksilk_p2p::net::headers] peer 1: 1 headers up to height 197 accepted (new: false)
[2026-09-29T22:24:05.580Z DEBUG blacksilk_p2p::net::headers] peer 4: 1 headers up to height 197 accepted (new: false)
[2026-09-29T22:24:06.403Z DEBUG blacksilk_p2p::net::headers] peer 2: 1 headers up to height 198 accepted (new: true)
[2026-09-29T22:24:06.462Z DEBUG blacksilk_p2p::net::blocks] peer 2: block 0ce551b2ce18 at height 198 received
[2026-09-29T22:24:06.617Z DEBUG blacksilk_p2p::net::headers] peer 1: 1 headers up to height 198 accepted (new: false)
[2026-09-29T22:24:06.634Z DEBUG blacksilk_p2p::net::headers] peer 4: 1 headers up to height 198 accepted (new: false)
[2026-09-29T22:24:09.057Z DEBUG blacksilk_p2p::net::headers] peer 2: 1 headers up to height 199 accepted (new: true)
[2026-09-29T22:24:09.119Z DEBUG blacksilk_p2p::net::blocks] peer 2: block 87e53f00e6d4 at height 199 received
[2026-09-29T22:24:09.233Z DEBUG blacksilk_p2p::net::headers] peer 1: 1 headers up to height 199 accepted (new: false)
[2026-09-29T22:24:09.245Z DEBUG blacksilk_p2p::net::headers] peer 4: 1 headers up to height 199 accepted (new: false)
[2026-09-29T22:24:12.669Z DEBUG blacksilk_p2p::net::headers] peer 2: 1 headers up to height 200 accepted (new: true)
[2026-09-29T22:24:12.749Z DEBUG blacksilk_p2p::net::blocks] peer 2: block 269bcb76ebff at height 200 received
[2026-09-29T22:24:12.841Z DEBUG blacksilk_p2p::net::headers] peer 1: 1 headers up to height 200 accepted (new: false)
[2026-09-29T22:24:12.928Z DEBUG blacksilk_p2p::net::headers] peer 4: 1 headers up to height 200 accepted (new: false)
[2026-09-29T22:24:16.057Z DEBUG blacksilk_p2p::net::headers] peer 2: 1 headers up to height 201 accepted (new: true)
[2026-09-29T22:24:16.129Z DEBUG blacksilk_p2p::net::blocks] peer 2: block 7068ed7d3340 at height 201 received
[2026-09-29T22:24:16.287Z DEBUG blacksilk_p2p::net::headers] peer 1: 1 headers up to height 201 accepted (new: false)
[2026-09-29T22:24:16.348Z DEBUG blacksilk_p2p::net::headers] peer 4: 1 headers up to height 201 accepted (new: false)
[2026-09-29T22:24:18.248Z DEBUG blacksilk_p2p::net::headers] peer 2: 1 headers up to height 202 accepted (new: true)
[2026-09-29T22:24:18.326Z DEBUG blacksilk_p2p::net::blocks] peer 2: block 960d74f5cae5 at height 202 received
[2026-09-29T22:24:18.387Z DEBUG blacksilk_p2p::net::headers] peer 1: 1 headers up to height 202 accepted (new: false)
[2026-09-29T22:24:18.467Z DEBUG blacksilk_p2p::net::headers] peer 4: 1 headers up to height 202 accepted (new: false)
[2026-09-29T22:24:37.915Z DEBUG blacksilk_p2p::net::headers] peer 2: 1 headers up to height 203 accepted (new: true)
[2026-09-29T22:24:37.967Z DEBUG blacksilk_p2p::net::blocks] peer 2: block bf5b66b67a21 at height 203 received
[2026-09-29T22:24:38.109Z DEBUG blacksilk_p2p::net::headers] peer 3: 1 headers up to height 203 accepted (new: false)
[2026-09-29T22:24:42.867Z DEBUG blacksilk_p2p::net::headers] peer 2: 1 headers up to height 204 accepted (new: true)
[2026-09-29T22:24:42.936Z DEBUG blacksilk_p2p::net::blocks] peer 2: block 2c1a705c3b42 at height 204 received
[2026-09-29T22:24:43.037Z DEBUG blacksilk_p2p::net::headers] peer 4: 1 headers up to height 204 accepted (new: false)
[2026-09-29T22:24:43.038Z DEBUG blacksilk_p2p::net::headers] peer 1: 1 headers up to height 204 accepted (new: false)
[2026-09-29T22:24:48.942Z DEBUG blacksilk_p2p::net::headers] peer 2: 1 headers up to height 205 accepted (new: true)
[2026-09-29T22:24:49.010Z DEBUG blacksilk_p2p::net::blocks] peer 2: block f8da14612995 at height 205 received
[2026-09-29T22:24:49.131Z DEBUG blacksilk_p2p::net::headers] peer 4: 1 headers up to height 205 accepted (new: false)
[2026-09-29T22:24:49.132Z DEBUG blacksilk_p2p::net::headers] peer 1: 1 headers up to height 205 accepted (new: false)
[2026-09-29T22:24:49.315Z DEBUG blacksilk_p2p::net::headers] peer 3: 1 headers up to height 205 accepted (new: false)
[2026-09-29T22:25:02.519Z DEBUG blacksilk_p2p::net::headers] peer 2: 1 headers up to height 206 accepted (new: true)
[2026-09-29T22:25:02.586Z DEBUG blacksilk_p2p::net::blocks] peer 2: block febf4571a5dc at height 206 received
[2026-09-29T22:25:02.614Z DEBUG blacksilk_p2p::net::headers] peer 3: 1 headers up to height 206 accepted (new: false)
[2026-09-29T22:25:02.753Z DEBUG blacksilk_p2p::net::headers] peer 4: 1 headers up to height 206 accepted (new: false)
[2026-09-29T22:25:02.794Z DEBUG blacksilk_p2p::net::headers] peer 1: 1 headers up to height 206 accepted (new: false)
[2026-09-29T22:25:15.836Z DEBUG blacksilk_p2p::net::headers] peer 2: 1 headers up to height 207 accepted (new: true)
[2026-09-29T22:25:15.906Z DEBUG blacksilk_p2p::net::blocks] peer 2: block 4cb72258f7c9 at height 207 received
[2026-09-29T22:25:15.987Z DEBUG blacksilk_p2p::net::headers] peer 3: 1 headers up to height 207 accepted (new: false)
[2026-09-29T22:25:16.111Z DEBUG blacksilk_p2p::net::headers] peer 1: 1 headers up to height 207 accepted (new: false)
[2026-09-29T22:25:16.152Z DEBUG blacksilk_p2p::net::headers] peer 4: 1 headers up to height 207 accepted (new: false)
[2026-09-29T22:25:29.467Z DEBUG blacksilk_p2p::net::headers] peer 2: 1 headers up to height 208 accepted (new: true)
[2026-09-29T22:25:29.536Z DEBUG blacksilk_p2p::net::blocks] peer 2: block 79b433fbab62 at height 208 received
[2026-09-29T22:25:29.536Z DEBUG blacksilk_p2p::net::headers] peer 3: 1 headers up to height 208 accepted (new: false)
[2026-09-29T22:25:29.695Z DEBUG blacksilk_p2p::net::headers] peer 4: 1 headers up to height 208 accepted (new: false)
[2026-09-29T22:25:29.727Z DEBUG blacksilk_p2p::net::headers] peer 1: 1 headers up to height 208 accepted (new: false)
[2026-09-29T22:25:43.161Z DEBUG blacksilk_p2p::net::headers] peer 2: 1 headers up to height 209 accepted (new: true)
[2026-09-29T22:25:43.161Z DEBUG blacksilk_p2p::net::headers] peer 1: 1 headers up to height 209 accepted (new: false)
[2026-09-29T22:25:43.231Z DEBUG blacksilk_p2p::net::blocks] peer 2: block 74a89c1efa38 at height 209 received
[2026-09-29T22:25:43.300Z DEBUG blacksilk_p2p::net::headers] peer 4: 1 headers up to height 209 accepted (new: false)
[2026-09-29T22:26:15.673Z DEBUG blacksilk_p2p::net::headers] peer 2: 1 headers up to height 210 accepted (new: true)
[2026-09-29T22:26:15.749Z DEBUG blacksilk_p2p::net::blocks] peer 2: block 8a1554a45064 at height 210 received
[2026-09-29T22:26:18.376Z DEBUG blacksilk_p2p::net::headers] peer 2: 1 headers up to height 211 accepted (new: true)
[2026-09-29T22:26:18.489Z DEBUG blacksilk_p2p::net::blocks] peer 2: block aec15c058ad2 at height 211 received
[2026-09-29T22:26:18.571Z DEBUG blacksilk_p2p::net::headers] peer 4: 1 headers up to height 211 accepted (new: false)
[2026-09-29T22:26:21.451Z DEBUG blacksilk_p2p::net::headers] peer 2: 1 headers up to height 212 accepted (new: true)
[2026-09-29T22:26:21.492Z DEBUG blacksilk_p2p::net::headers] peer 4: 1 headers up to height 212 accepted (new: false)
[2026-09-29T22:26:21.528Z DEBUG blacksilk_p2p::net::blocks] peer 2: block 732b43e059fa at height 212 received
[2026-09-29T22:26:21.552Z DEBUG blacksilk_p2p::net::headers] peer 1: 1 headers up to height 212 accepted (new: false)
[2026-09-29T22:26:24.716Z DEBUG blacksilk_p2p::net::headers] peer 2: 1 headers up to height 213 accepted (new: true)
[2026-09-29T22:26:24.765Z DEBUG blacksilk_p2p::net::headers] peer 1: 1 headers up to height 213 accepted (new: false)
[2026-09-29T22:26:24.797Z DEBUG blacksilk_p2p::net::blocks] peer 2: block 26cc1d09c161 at height 213 received
[2026-09-29T22:26:24.927Z DEBUG blacksilk_p2p::net::headers] peer 4: 1 headers up to height 213 accepted (new: false)
[2026-09-29T22:26:24.968Z DEBUG blacksilk_p2p::net::headers] peer 3: 1 headers up to height 213 accepted (new: false)
[2026-09-29T22:26:29.057Z DEBUG blacksilk_p2p::net::headers] peer 2: 1 headers up to height 214 accepted (new: true)
[2026-09-29T22:26:29.125Z DEBUG blacksilk_p2p::net::blocks] peer 2: block 7c9ef62c0379 at height 214 received
[2026-09-29T22:26:29.145Z DEBUG blacksilk_p2p::net::headers] peer 3: 1 headers up to height 214 accepted (new: false)
[2026-09-29T22:26:29.166Z DEBUG blacksilk_p2p::net::headers] peer 4: 1 headers up to height 214 accepted (new: false)
[2026-09-29T22:26:29.251Z DEBUG blacksilk_p2p::net::headers] peer 1: 1 headers up to height 214 accepted (new: false)
[2026-09-29T22:26:32.141Z DEBUG blacksilk_p2p::net::headers] peer 2: 1 headers up to height 215 accepted (new: true)
[2026-09-29T22:26:32.209Z DEBUG blacksilk_p2p::net::blocks] peer 2: block 954dbc2f6b79 at height 215 received
[2026-09-29T22:26:32.278Z DEBUG blacksilk_p2p::net::headers] peer 3: 1 headers up to height 215 accepted (new: false)
[2026-09-29T22:26:32.328Z DEBUG blacksilk_p2p::net::headers] peer 4: 1 headers up to height 215 accepted (new: false)
[2026-09-29T22:26:35.058Z INFO  blacksilk_node] block 67d46615194b1b47 at height 216 accepted (tip 216)
[2026-09-29T22:26:36.433Z INFO  blacksilk_node] block 21068b2fef6d0e5e at height 217 accepted (tip 217)
[2026-09-29T22:26:39.530Z INFO  blacksilk_node] block b2375e04e47ac7c7 at height 218 accepted (tip 218)
[2026-09-29T22:26:44.367Z INFO  blacksilk_node] block 3dff1de71c91867f at height 219 accepted (tip 219)
[2026-09-29T22:26:46.395Z DEBUG blacksilk_p2p::net::headers] peer 2: 1 headers up to height 219 accepted (new: true)
[2026-09-29T22:26:55.100Z INFO  blacksilk_node] block 728a27e3f78de1a4 at height 220 accepted (tip 220)
[2026-09-29T22:27:03.123Z DEBUG blacksilk_p2p::net::headers] peer 2: 1 headers up to height 221 accepted (new: true)
[2026-09-29T22:27:03.215Z DEBUG blacksilk_p2p::net::blocks] peer 2: block 0e74274ecdfa at height 221 received
[2026-09-29T22:27:03.409Z DEBUG blacksilk_p2p::net::headers] peer 3: 1 headers up to height 221 accepted (new: false)
[2026-09-29T22:27:09.418Z DEBUG blacksilk_p2p::net::headers] peer 2: 1 headers up to height 222 accepted (new: true)
[2026-09-29T22:27:09.484Z DEBUG blacksilk_p2p::net::blocks] peer 2: block 357a9e7c93bd at height 222 received
[2026-09-29T22:27:16.915Z DEBUG blacksilk_p2p::net::headers] peer 2: 1 headers up to height 223 accepted (new: true)
[2026-09-29T22:27:16.916Z DEBUG blacksilk_p2p::net::headers] peer 1: 1 headers up to height 223 accepted (new: false)
[2026-09-29T22:27:16.934Z DEBUG blacksilk_p2p::net::headers] peer 3: 1 headers up to height 223 accepted (new: false)
[2026-09-29T22:27:17.021Z DEBUG blacksilk_p2p::net::blocks] peer 2: block 07ff0e177baf at height 223 received
[2026-09-29T22:27:17.105Z DEBUG blacksilk_p2p::net::headers] peer 4: 1 headers up to height 223 accepted (new: false)
[2026-09-29T22:27:18.534Z DEBUG blacksilk_p2p::net::headers] peer 2: 1 headers up to height 224 accepted (new: true)
[2026-09-29T22:27:18.534Z DEBUG blacksilk_p2p::net::headers] peer 1: 1 headers up to height 224 accepted (new: false)
[2026-09-29T22:27:18.607Z DEBUG blacksilk_p2p::net::blocks] peer 2: block 2af4e4d8888d at height 224 received
[2026-09-29T22:27:18.737Z DEBUG blacksilk_p2p::net::headers] peer 4: 1 headers up to height 224 accepted (new: false)
[2026-09-29T22:27:18.824Z DEBUG blacksilk_p2p::net::headers] peer 3: 1 headers up to height 224 accepted (new: false)
[2026-09-29T22:27:24.256Z INFO  blacksilk_node] block 1c59ed914f10d8c2 at height 225 accepted (tip 225)
[2026-09-29T22:27:26.993Z INFO  blacksilk_node] block 38100354d1df4040 at height 226 accepted (tip 226)
[2026-09-29T22:27:27.780Z DEBUG blacksilk_p2p::net::headers] peer 2: 1 headers up to height 226 accepted (new: true)
[2026-09-29T22:27:28.045Z DEBUG blacksilk_p2p::net::headers] peer 3: 1 headers up to height 226 accepted (new: true)
[2026-09-29T22:27:28.230Z DEBUG blacksilk_p2p::net::headers] peer 1: 1 headers up to height 226 accepted (new: true)
[2026-09-29T22:27:28.270Z DEBUG blacksilk_p2p::net::headers] peer 4: 1 headers up to height 226 accepted (new: true)
[2026-09-29T22:27:31.601Z DEBUG blacksilk_p2p::net::headers] peer 2: 1 headers up to height 227 accepted (new: true)
[2026-09-29T22:27:31.669Z DEBUG blacksilk_p2p::net::blocks] peer 1: block 86b964658c6d at height 226 received
[2026-09-29T22:27:31.702Z DEBUG blacksilk_p2p::net::blocks] peer 2: block fc04bbe4eacd at height 227 received
[2026-09-29T22:27:31.704Z INFO  blacksilk_chain::manager::fork_choice] reorganization: disconnecting 1 block(s) above height 225
[2026-09-29T22:27:31.705Z INFO  blacksilk_chain::manager::fork_choice] mempool after the reorganization: Revalidation { checked: 0, invalid: 0, ring_changed: 0 }; returned transactions: Readmission { readmitted: 0, already_pooled: 0, other_rules: 0, conflicts: 0, invalid: 0, ring_changed: 0, no_room: 0, over_budget: 0 }; 0 beyond the readmission budget, not captured
[2026-09-29T22:27:33.687Z DEBUG blacksilk_p2p::net::headers] peer 2: 1 headers up to height 228 accepted (new: true)
[2026-09-29T22:27:33.721Z DEBUG blacksilk_p2p::net::headers] peer 1: 1 headers up to height 228 accepted (new: false)
[2026-09-29T22:27:33.792Z DEBUG blacksilk_p2p::net::blocks] peer 2: block 3f228eaecd0d at height 228 received
[2026-09-29T22:27:33.825Z DEBUG blacksilk_p2p::net::headers] peer 4: 1 headers up to height 228 accepted (new: false)
[2026-09-29T22:27:37.039Z DEBUG blacksilk_p2p::net::headers] peer 2: 1 headers up to height 229 accepted (new: true)
[2026-09-29T22:27:37.123Z DEBUG blacksilk_p2p::net::blocks] peer 2: block 2a17f568a92b at height 229 received
[2026-09-29T22:27:37.169Z DEBUG blacksilk_p2p::net::headers] peer 1: 1 headers up to height 229 accepted (new: false)
[2026-09-29T22:27:48.636Z DEBUG blacksilk_p2p::net::headers] peer 2: 1 headers up to height 230 accepted (new: true)
[2026-09-29T22:27:48.695Z DEBUG blacksilk_p2p::net::blocks] peer 2: block 66755aedeec1 at height 230 received
[2026-09-29T22:27:48.731Z DEBUG blacksilk_p2p::net::headers] peer 3: 1 headers up to height 230 accepted (new: false)
[2026-09-29T22:27:48.773Z DEBUG blacksilk_p2p::net::headers] peer 4: 1 headers up to height 230 accepted (new: false)
[2026-09-29T22:27:51.236Z DEBUG blacksilk_p2p::net::headers] peer 2: 1 headers up to height 231 accepted (new: true)
[2026-09-29T22:27:51.325Z DEBUG blacksilk_p2p::net::blocks] peer 2: block e4fea1cf36b6 at height 231 received
[2026-09-29T22:27:51.451Z DEBUG blacksilk_p2p::net::headers] peer 3: 1 headers up to height 231 accepted (new: false)
[2026-09-29T22:28:02.859Z INFO  blacksilk_node] block da88adf9c7e79ad5 at height 232 accepted (tip 232)
[2026-09-29T22:28:04.379Z INFO  blacksilk_node] block 64c806538d8f7799 at height 233 accepted (tip 233)
[2026-09-29T22:28:10.027Z INFO  blacksilk_node] block 5b20991eb1d2c30c at height 234 accepted (tip 234)
[2026-09-29T22:28:13.732Z INFO  blacksilk_node] block cd64a1b432a553cc at height 235 accepted (tip 235)
[2026-09-29T22:28:16.543Z DEBUG blacksilk_p2p::net::stem] stem tx 05f970cfaa89 -> peer 3
[2026-09-29T22:28:21.445Z INFO  blacksilk_node] block e928c5d7717b413b at height 236 accepted (tip 236)
[2026-09-29T22:28:23.583Z INFO  blacksilk_node] block aeacd677867ef7d4 at height 237 accepted (tip 237)
[2026-09-29T22:28:27.891Z DEBUG blacksilk_p2p::net::headers] peer 2: 1 headers up to height 238 accepted (new: true)
[2026-09-29T22:28:27.933Z DEBUG blacksilk_p2p::net::headers] peer 3: 1 headers up to height 238 accepted (new: false)
[2026-09-29T22:28:27.948Z DEBUG blacksilk_p2p::net::blocks] peer 2: block 14bff59a90ba at height 238 received
[2026-09-29T22:28:28.176Z DEBUG blacksilk_p2p::net::headers] peer 4: 1 headers up to height 238 accepted (new: false)
[2026-09-29T22:28:28.176Z DEBUG blacksilk_p2p::net::headers] peer 1: 1 headers up to height 238 accepted (new: false)
[2026-09-29T22:28:30.810Z INFO  blacksilk_node] block 957dcc764735b817 at height 239 accepted (tip 239)
[2026-09-29T22:28:32.597Z DEBUG blacksilk_p2p::net::headers] peer 2: 1 headers up to height 239 accepted (new: true)
[2026-09-29T22:28:34.397Z INFO  blacksilk_node] block 8f500333f69db1a8 at height 240 accepted (tip 240)
[2026-09-29T22:28:41.992Z INFO  blacksilk_node] block c0f0f4f6b20f6f9f at height 241 accepted (tip 241)
[2026-09-29T22:28:43.581Z DEBUG blacksilk_p2p::net::headers] peer 2: 1 headers up to height 241 accepted (new: true)
[2026-09-29T22:28:49.536Z INFO  blacksilk_node] block 7319f7bd900f5f14 at height 242 accepted (tip 242)
[2026-09-29T22:29:06.148Z INFO  blacksilk_node] block 1359b11487fa6fd2 at height 243 accepted (tip 243)
[2026-09-29T22:29:22.042Z DEBUG blacksilk_p2p::net::headers] peer 2: 1 headers up to height 244 accepted (new: true)
[2026-09-29T22:29:22.123Z DEBUG blacksilk_p2p::net::blocks] peer 2: block 42f362c34fd6 at height 244 received
[2026-09-29T22:29:22.206Z DEBUG blacksilk_p2p::net::headers] peer 1: 1 headers up to height 244 accepted (new: false)
[2026-09-29T22:29:22.206Z DEBUG blacksilk_p2p::net::headers] peer 4: 1 headers up to height 244 accepted (new: false)
[2026-09-29T22:29:22.224Z DEBUG blacksilk_p2p::net::headers] peer 3: 1 headers up to height 244 accepted (new: false)
[2026-09-29T22:29:28.068Z INFO  blacksilk_node] block c1b32928ca773915 at height 245 accepted (tip 245)
[2026-09-29T22:29:41.965Z DEBUG blacksilk_p2p::net::headers] peer 2: 1 headers up to height 246 accepted (new: true)
[2026-09-29T22:29:42.038Z DEBUG blacksilk_p2p::net::blocks] peer 2: block ce824ca446b8 at height 246 received
[2026-09-29T22:29:42.214Z DEBUG blacksilk_p2p::net::headers] peer 1: 1 headers up to height 246 accepted (new: false)
[2026-09-29T22:29:42.215Z DEBUG blacksilk_p2p::net::headers] peer 3: 1 headers up to height 246 accepted (new: false)
[2026-09-29T22:29:42.215Z DEBUG blacksilk_p2p::net::headers] peer 4: 1 headers up to height 246 accepted (new: false)
[2026-09-29T22:29:51.888Z DEBUG blacksilk_p2p::net::headers] peer 2: 1 headers up to height 247 accepted (new: true)
[2026-09-29T22:29:51.952Z DEBUG blacksilk_p2p::net::blocks] peer 2: block affe84660aea at height 247 received
[2026-09-29T22:29:52.179Z DEBUG blacksilk_p2p::net::headers] peer 4: 1 headers up to height 247 accepted (new: false)
[2026-09-29T22:29:52.179Z DEBUG blacksilk_p2p::net::headers] peer 3: 1 headers up to height 247 accepted (new: false)
[2026-09-29T22:29:52.220Z DEBUG blacksilk_p2p::net::headers] peer 1: 1 headers up to height 247 accepted (new: false)
[2026-09-29T22:29:53.341Z INFO  blacksilk_node] block 604c806250cb852f at height 248 accepted (tip 248)
[2026-09-29T22:30:03.378Z DEBUG blacksilk_p2p::net::headers] peer 2: 1 headers up to height 249 accepted (new: true)
[2026-09-29T22:30:03.456Z DEBUG blacksilk_p2p::net::blocks] peer 2: block 3209f2472350 at height 249 received
[2026-09-29T22:30:04.058Z INFO  blacksilk_node] block d7c51196ae61fe5b at height 249 accepted (tip 249)
[2026-09-29T22:30:07.077Z INFO  blacksilk_node] block 1ee2e6aef61de6cc at height 250 accepted (tip 250)
[2026-09-29T22:30:10.211Z INFO  blacksilk_node] block 0ae41df7e98a8869 at height 251 accepted (tip 251)
[2026-09-29T22:30:18.236Z DEBUG blacksilk_p2p::net::headers] peer 2: 1 headers up to height 252 accepted (new: true)
[2026-09-29T22:30:18.309Z DEBUG blacksilk_p2p::net::blocks] peer 2: block ad4597de1ab5 at height 252 received
[2026-09-29T22:30:18.449Z DEBUG blacksilk_p2p::net::headers] peer 1: 1 headers up to height 252 accepted (new: false)
[2026-09-29T22:30:18.598Z DEBUG blacksilk_p2p::net::headers] peer 4: 1 headers up to height 252 accepted (new: false)
[2026-09-29T22:30:20.420Z DEBUG blacksilk_p2p::net::headers] peer 2: 1 headers up to height 253 accepted (new: true)
[2026-09-29T22:30:20.479Z DEBUG blacksilk_p2p::net::blocks] peer 2: block 971acdbca775 at height 253 received
[2026-09-29T22:30:20.683Z DEBUG blacksilk_p2p::net::headers] peer 4: 1 headers up to height 253 accepted (new: false)
[2026-09-29T22:30:20.731Z DEBUG blacksilk_p2p::net::headers] peer 3: 1 headers up to height 253 accepted (new: false)
[2026-09-29T22:30:32.832Z INFO  blacksilk_node] block b79689873190c4c8 at height 254 accepted (tip 254)
[2026-09-29T22:30:37.826Z INFO  blacksilk_node] block aa44a2762d4e748b at height 255 accepted (tip 255)
[2026-09-29T22:30:56.944Z DEBUG blacksilk_p2p::net::headers] peer 2: 1 headers up to height 256 accepted (new: true)
[2026-09-29T22:30:57.009Z DEBUG blacksilk_p2p::net::blocks] peer 2: block 0f6e6547b9c5 at height 256 received
[2026-09-29T22:30:57.196Z DEBUG blacksilk_p2p::net::headers] peer 4: 1 headers up to height 256 accepted (new: false)
[2026-09-29T22:30:57.196Z DEBUG blacksilk_p2p::net::headers] peer 1: 1 headers up to height 256 accepted (new: false)
[2026-09-29T22:30:59.422Z INFO  blacksilk_node] block a662d707939b757b at height 257 accepted (tip 257)
[2026-09-29T22:31:03.438Z DEBUG blacksilk_p2p::net::headers] peer 2: 1 headers up to height 258 accepted (new: true)
[2026-09-29T22:31:03.438Z DEBUG blacksilk_p2p::net::headers] peer 1: 1 headers up to height 258 accepted (new: false)
[2026-09-29T22:31:03.500Z DEBUG blacksilk_p2p::net::blocks] peer 2: block 9b5c797ed808 at height 258 received
[2026-09-29T22:31:03.524Z DEBUG blacksilk_p2p::net::headers] peer 4: 1 headers up to height 258 accepted (new: false)
[2026-09-29T22:31:03.684Z DEBUG blacksilk_p2p::net::headers] peer 3: 1 headers up to height 258 accepted (new: false)
[2026-09-29T22:31:08.763Z DEBUG blacksilk_p2p::net::headers] peer 2: 1 headers up to height 259 accepted (new: true)
[2026-09-29T22:31:08.828Z DEBUG blacksilk_p2p::net::blocks] peer 2: block 564ebb20800b at height 259 received
[2026-09-29T22:31:13.818Z INFO  blacksilk_node] block bde30cc57e6e60b8 at height 260 accepted (tip 260)
[2026-09-29T22:31:17.498Z DEBUG blacksilk_p2p::net::stem] stem tx 404c8ef70552 -> peer 4
[2026-09-29T22:31:34.363Z DEBUG blacksilk_p2p::net::headers] peer 2: 1 headers up to height 261 accepted (new: true)
[2026-09-29T22:31:34.450Z DEBUG blacksilk_p2p::net::blocks] peer 2: block 8938397a5c62 at height 261 received
[2026-09-29T22:31:34.584Z DEBUG blacksilk_p2p::net::headers] peer 4: 1 headers up to height 261 accepted (new: false)
[2026-09-29T22:31:34.615Z DEBUG blacksilk_p2p::net::headers] peer 3: 1 headers up to height 261 accepted (new: false)
[2026-09-29T22:31:34.666Z DEBUG blacksilk_p2p::net::headers] peer 1: 1 headers up to height 261 accepted (new: false)
[2026-09-29T22:31:35.329Z INFO  blacksilk_node] block a77da4adf39fde27 at height 261 accepted (tip 261)
[2026-09-29T22:31:37.698Z INFO  blacksilk_node] block 070c7a895ab26eeb at height 262 accepted (tip 262)
[2026-09-29T22:31:45.944Z DEBUG blacksilk_p2p::net::headers] peer 2: 1 headers up to height 263 accepted (new: true)
[2026-09-29T22:31:45.944Z DEBUG blacksilk_p2p::net::headers] peer 3: 1 headers up to height 263 accepted (new: false)
[2026-09-29T22:31:45.944Z DEBUG blacksilk_p2p::net::headers] peer 4: 1 headers up to height 263 accepted (new: false)
[2026-09-29T22:31:46.015Z DEBUG blacksilk_p2p::net::blocks] peer 2: block b9eb5e11d41c at height 263 received
[2026-09-29T22:31:46.221Z DEBUG blacksilk_p2p::net::headers] peer 1: 1 headers up to height 263 accepted (new: false)
[2026-09-29T22:31:57.511Z INFO  blacksilk_node] block 1dd981feef983a99 at height 264 accepted (tip 264)
[2026-09-29T22:32:14.825Z INFO  blacksilk_node] block 532c0a66511fbe2c at height 265 accepted (tip 265)
[2026-09-29T22:32:23.903Z INFO  blacksilk_node] block 79422c5aaab380d8 at height 266 accepted (tip 266)
[2026-09-29T22:32:30.030Z INFO  blacksilk_node] block 34f825b54039b6ed at height 267 accepted (tip 267)
[2026-09-29T22:32:31.564Z DEBUG blacksilk_p2p::net::headers] peer 2: 1 headers up to height 267 accepted (new: true)
[2026-09-29T22:32:33.482Z INFO  blacksilk_node] block 170fa2ae01543d5e at height 268 accepted (tip 268)
[2026-09-29T22:32:34.826Z INFO  blacksilk_node] block f662da8fc020e5f6 at height 269 accepted (tip 269)
[2026-09-29T22:32:45.559Z INFO  blacksilk_node] block ada46b10c693d822 at height 270 accepted (tip 270)
[2026-09-29T22:32:47.999Z INFO  blacksilk_node] block e3b4460000013436 at height 271 accepted (tip 271)
[2026-09-29T22:32:52.911Z INFO  blacksilk_node] block 579b0946f91e6f34 at height 272 accepted (tip 272)
[2026-09-29T22:33:00.873Z INFO  blacksilk_node] block 42a7ecb96f359b3e at height 273 accepted (tip 273)
[2026-09-29T22:33:02.226Z DEBUG blacksilk_p2p::net::headers] peer 2: 1 headers up to height 273 accepted (new: true)
[2026-09-29T22:33:08.134Z DEBUG blacksilk_p2p::net::headers] peer 2: 1 headers up to height 274 accepted (new: true)
[2026-09-29T22:33:08.196Z DEBUG blacksilk_p2p::net::blocks] peer 2: block 4c735c870ed9 at height 273 received
[2026-09-29T22:33:08.196Z DEBUG blacksilk_p2p::net::blocks] peer 2: block c72e91129ce2 at height 274 received
[2026-09-29T22:33:08.201Z INFO  blacksilk_chain::manager::fork_choice] reorganization: disconnecting 1 block(s) above height 272
[2026-09-29T22:33:08.208Z INFO  blacksilk_chain::manager::fork_choice] mempool after the reorganization: Revalidation { checked: 0, invalid: 0, ring_changed: 0 }; returned transactions: Readmission { readmitted: 0, already_pooled: 0, other_rules: 0, conflicts: 0, invalid: 0, ring_changed: 0, no_room: 0, over_budget: 0 }; 0 beyond the readmission budget, not captured
[2026-09-29T22:33:10.100Z INFO  blacksilk_node] block dae579677202e880 at height 275 accepted (tip 275)
[2026-09-29T22:33:12.066Z INFO  blacksilk_node] block d3145e1982a2bff4 at height 276 accepted (tip 276)
[2026-09-29T22:33:29.412Z INFO  blacksilk_node] block f254cb6dddb3e279 at height 277 accepted (tip 277)
[2026-09-29T22:33:37.691Z INFO  blacksilk_node] block f1fd3046e82aeb92 at height 278 accepted (tip 278)
[2026-09-29T22:33:38.331Z DEBUG blacksilk_p2p::net::stem] stem tx 4fc5b4065b50 -> peer 4
[2026-09-29T22:33:46.764Z DEBUG blacksilk_p2p::net::headers] peer 2: 1 headers up to height 279 accepted (new: true)
[2026-09-29T22:33:46.821Z DEBUG blacksilk_p2p::net::headers] peer 4: 1 headers up to height 279 accepted (new: false)
[2026-09-29T22:33:46.838Z DEBUG blacksilk_p2p::net::blocks] peer 2: block 44b1d76f7456 at height 279 received
[2026-09-29T22:33:46.862Z DEBUG blacksilk_p2p::net::headers] peer 3: 1 headers up to height 279 accepted (new: false)
[2026-09-29T22:33:46.863Z DEBUG blacksilk_p2p::net::headers] peer 1: 1 headers up to height 279 accepted (new: false)
[2026-09-29T22:33:51.019Z INFO  blacksilk_node] block f0119f6f6ad68658 at height 280 accepted (tip 280)
[2026-09-29T22:33:52.999Z INFO  blacksilk_node] block f83054a98f79681d at height 281 accepted (tip 281)
[2026-09-29T22:34:10.650Z DEBUG blacksilk_p2p::net::headers] peer 2: 1 headers up to height 282 accepted (new: true)
[2026-09-29T22:34:10.650Z DEBUG blacksilk_p2p::net::headers] peer 1: 1 headers up to height 282 accepted (new: false)
[2026-09-29T22:34:10.715Z DEBUG blacksilk_p2p::net::blocks] peer 2: block 89884f41c60c at height 282 received
[2026-09-29T22:34:10.718Z DEBUG blacksilk_p2p::net::headers] peer 3: 1 headers up to height 282 accepted (new: false)
[2026-09-29T22:34:10.939Z DEBUG blacksilk_p2p::net::headers] peer 4: 1 headers up to height 282 accepted (new: false)
[2026-09-29T22:34:13.286Z INFO  blacksilk_node] block 696ac4e5790cfbe8 at height 283 accepted (tip 283)
[2026-09-29T22:34:18.339Z DEBUG blacksilk_p2p::net::stem] stem tx c608f6876121 -> peer 4
[2026-09-29T22:34:20.825Z DEBUG blacksilk_p2p::net::headers] peer 2: 1 headers up to height 284 accepted (new: true)
[2026-09-29T22:34:20.898Z DEBUG blacksilk_p2p::net::blocks] peer 2: block 1c7d2b42013c at height 284 received
[2026-09-29T22:34:31.335Z DEBUG blacksilk_p2p::net::headers] peer 2: 1 headers up to height 285 accepted (new: true)
[2026-09-29T22:34:31.415Z DEBUG blacksilk_p2p::net::blocks] peer 2: block 0bd4890a776b at height 285 received
[2026-09-29T22:34:31.462Z DEBUG blacksilk_p2p::net::headers] peer 4: 1 headers up to height 285 accepted (new: false)
[2026-09-29T22:34:31.576Z DEBUG blacksilk_p2p::net::headers] peer 3: 1 headers up to height 285 accepted (new: false)
[2026-09-29T22:34:31.592Z DEBUG blacksilk_p2p::net::headers] peer 1: 1 headers up to height 285 accepted (new: false)
[2026-09-29T22:34:36.986Z INFO  blacksilk_node] block e6ca019345604755 at height 286 accepted (tip 286)
[2026-09-29T22:34:42.399Z DEBUG blacksilk_p2p::net::headers] peer 2: 1 headers up to height 287 accepted (new: true)
[2026-09-29T22:34:42.477Z DEBUG blacksilk_p2p::net::blocks] peer 2: block 09cafc5f5327 at height 287 received
[2026-09-29T22:34:42.746Z DEBUG blacksilk_p2p::net::headers] peer 1: 1 headers up to height 287 accepted (new: false)
[2026-09-29T22:34:56.777Z INFO  blacksilk_node] block 74206e071f155dc8 at height 288 accepted (tip 288)
[2026-09-29T22:34:58.244Z INFO  blacksilk_node] block ff970295808a3105 at height 289 accepted (tip 289)
[2026-09-29T22:35:09.405Z INFO  blacksilk_node] block d7e98f99069b6a0c at height 290 accepted (tip 290)
[2026-09-29T22:35:38.930Z DEBUG blacksilk_p2p::net::stem] stem tx df1155526c13 -> peer 4
[2026-09-29T22:35:51.211Z INFO  blacksilk_node] block 41dd58517b5e7a28 at height 291 accepted (tip 291)
[2026-09-29T22:36:15.669Z DEBUG blacksilk_p2p::net::headers] peer 2: 1 headers up to height 292 accepted (new: true)
[2026-09-29T22:36:15.725Z DEBUG blacksilk_p2p::net::headers] peer 3: 1 headers up to height 292 accepted (new: false)
[2026-09-29T22:36:15.739Z DEBUG blacksilk_p2p::net::blocks] peer 2: block 0d4a823f8cb1 at height 292 received
[2026-09-29T22:36:15.929Z DEBUG blacksilk_p2p::net::headers] peer 4: 1 headers up to height 292 accepted (new: false)
[2026-09-29T22:36:15.995Z DEBUG blacksilk_p2p::net::headers] peer 1: 1 headers up to height 292 accepted (new: false)
[2026-09-29T22:36:18.945Z DEBUG blacksilk_p2p::net::headers] peer 2: 1 headers up to height 293 accepted (new: true)
[2026-09-29T22:36:19.010Z DEBUG blacksilk_p2p::net::blocks] peer 2: block b3d480955736 at height 293 received
[2026-09-29T22:36:19.150Z DEBUG blacksilk_p2p::net::headers] peer 1: 1 headers up to height 293 accepted (new: false)
[2026-09-29T22:36:22.216Z DEBUG blacksilk_p2p::net::headers] peer 2: 1 headers up to height 294 accepted (new: true)
[2026-09-29T22:36:22.257Z DEBUG blacksilk_p2p::net::headers] peer 1: 1 headers up to height 294 accepted (new: false)
[2026-09-29T22:36:22.288Z DEBUG blacksilk_p2p::net::blocks] peer 2: block 37afcd19de7b at height 294 received
[2026-09-29T22:36:22.288Z DEBUG blacksilk_p2p::net::headers] peer 3: 1 headers up to height 294 accepted (new: false)
[2026-09-29T22:36:22.516Z DEBUG blacksilk_p2p::net::headers] peer 4: 1 headers up to height 294 accepted (new: false)
[2026-09-29T22:36:28.204Z DEBUG blacksilk_p2p::net::headers] peer 2: 1 headers up to height 295 accepted (new: true)
[2026-09-29T22:36:28.270Z DEBUG blacksilk_p2p::net::blocks] peer 2: block e5cb2141f8aa at height 295 received
[2026-09-29T22:36:28.270Z DEBUG blacksilk_p2p::net::headers] peer 1: 1 headers up to height 295 accepted (new: false)
[2026-09-29T22:36:28.290Z DEBUG blacksilk_p2p::net::headers] peer 3: 1 headers up to height 295 accepted (new: false)
[2026-09-29T22:36:28.311Z DEBUG blacksilk_p2p::net::headers] peer 4: 1 headers up to height 295 accepted (new: false)
[2026-09-29T22:36:31.797Z DEBUG blacksilk_p2p::net::headers] peer 2: 1 headers up to height 296 accepted (new: true)
[2026-09-29T22:36:31.880Z DEBUG blacksilk_p2p::net::blocks] peer 2: block f7ad80fe2900 at height 296 received
[2026-09-29T22:36:32.196Z DEBUG blacksilk_p2p::net::headers] peer 3: 1 headers up to height 296 accepted (new: false)
[2026-09-29T22:36:32.196Z DEBUG blacksilk_p2p::net::headers] peer 1: 1 headers up to height 296 accepted (new: false)
[2026-09-29T22:36:37.887Z DEBUG blacksilk_p2p::net::headers] peer 2: 1 headers up to height 297 accepted (new: true)
[2026-09-29T22:36:37.965Z DEBUG blacksilk_p2p::net::blocks] peer 2: block 35e8d196c85a at height 297 received
[2026-09-29T22:36:38.039Z DEBUG blacksilk_p2p::net::headers] peer 3: 1 headers up to height 297 accepted (new: false)
[2026-09-29T22:36:41.035Z DEBUG blacksilk_p2p::net::headers] peer 2: 1 headers up to height 298 accepted (new: true)
[2026-09-29T22:36:41.113Z DEBUG blacksilk_p2p::net::blocks] peer 2: block 7d598f582353 at height 298 received
[2026-09-29T22:36:41.164Z DEBUG blacksilk_p2p::net::headers] peer 1: 1 headers up to height 298 accepted (new: false)
[2026-09-29T22:36:41.195Z DEBUG blacksilk_p2p::net::headers] peer 3: 1 headers up to height 298 accepted (new: false)
[2026-09-29T22:36:59.203Z INFO  blacksilk_node] block cc9ff52259047048 at height 299 accepted (tip 299)
[2026-09-29T22:37:04.746Z DEBUG blacksilk_p2p::net::headers] peer 2: 1 headers up to height 300 accepted (new: true)
[2026-09-29T22:37:04.819Z DEBUG blacksilk_p2p::net::blocks] peer 2: block 92e5301dd3de at height 300 received
[2026-09-29T22:37:04.884Z DEBUG blacksilk_p2p::net::headers] peer 1: 1 headers up to height 300 accepted (new: false)
[2026-09-29T22:37:04.947Z DEBUG blacksilk_p2p::net::headers] peer 4: 1 headers up to height 300 accepted (new: false)
[2026-09-29T22:37:17.843Z DEBUG blacksilk_p2p::net::headers] peer 2: 1 headers up to height 301 accepted (new: true)
[2026-09-29T22:37:17.936Z DEBUG blacksilk_p2p::net::blocks] peer 2: block e89de3a07d29 at height 301 received
[2026-09-29T22:37:18.186Z DEBUG blacksilk_p2p::net::headers] peer 3: 1 headers up to height 301 accepted (new: false)
[2026-09-29T22:37:18.222Z DEBUG blacksilk_p2p::net::headers] peer 1: 1 headers up to height 301 accepted (new: false)
[2026-09-29T22:37:18.271Z DEBUG blacksilk_p2p::net::headers] peer 4: 1 headers up to height 301 accepted (new: false)
[2026-09-29T22:37:19.492Z DEBUG blacksilk_p2p::net::stem] stem tx bdb68b0193d3 -> peer 4
[2026-09-29T22:37:24.341Z DEBUG blacksilk_p2p::net::headers] peer 2: 1 headers up to height 302 accepted (new: true)
[2026-09-29T22:37:24.409Z DEBUG blacksilk_p2p::net::blocks] peer 2: block 91b81606742e at height 302 received
[2026-09-29T22:37:27.710Z INFO  blacksilk_node] block f771b04ae969cf45 at height 303 accepted (tip 303)
[2026-09-29T22:37:30.987Z INFO  blacksilk_node] block fa6f7c83e142457b at height 304 accepted (tip 304)
[2026-09-29T22:37:43.611Z INFO  blacksilk_node] block f4e2e8e1f864f7e6 at height 305 accepted (tip 305)
[2026-09-29T22:37:55.773Z INFO  blacksilk_node] block f7e6d05e37c506a5 at height 306 accepted (tip 306)
[2026-09-29T22:38:17.087Z INFO  blacksilk_node] block 676ae40a84d18f3c at height 307 accepted (tip 307)
[2026-09-29T22:38:19.580Z DEBUG blacksilk_p2p::net::stem] stem tx 9e130c621c11 -> peer 4
[2026-09-29T22:38:23.103Z INFO  blacksilk_node] block c13cadab7b35ede2 at height 308 accepted (tip 308)
[2026-09-29T22:38:27.947Z INFO  blacksilk_node] block df4e6a7dee76f926 at height 309 accepted (tip 309)
[2026-09-29T22:38:31.182Z DEBUG blacksilk_p2p::net::headers] peer 2: 1 headers up to height 310 accepted (new: true)
[2026-09-29T22:38:31.250Z DEBUG blacksilk_p2p::net::blocks] peer 2: block 7ea1aa4c0fcb at height 310 received
[2026-09-29T22:38:31.418Z DEBUG blacksilk_p2p::net::headers] peer 4: 1 headers up to height 310 accepted (new: false)
[2026-09-29T22:38:35.851Z INFO  blacksilk_node] block d13ba6029b1d5ff1 at height 311 accepted (tip 311)
[2026-09-29T22:38:36.982Z DEBUG blacksilk_p2p::net::headers] peer 2: 1 headers up to height 311 accepted (new: true)
[2026-09-29T22:38:37.189Z DEBUG blacksilk_p2p::net::headers] peer 3: 1 headers up to height 311 accepted (new: true)
[2026-09-29T22:38:37.242Z DEBUG blacksilk_p2p::net::headers] peer 4: 1 headers up to height 311 accepted (new: true)
[2026-09-29T22:38:37.242Z DEBUG blacksilk_p2p::net::headers] peer 1: 1 headers up to height 311 accepted (new: true)
[2026-09-29T22:38:38.272Z DEBUG blacksilk_p2p::net::headers] peer 2: 1 headers up to height 312 accepted (new: true)
[2026-09-29T22:38:38.354Z DEBUG blacksilk_p2p::net::blocks] peer 3: block 76780adc5e50 at height 311 received
[2026-09-29T22:38:38.354Z DEBUG blacksilk_p2p::net::blocks] peer 2: block 95fd1cc32190 at height 312 received
[2026-09-29T22:38:38.359Z INFO  blacksilk_chain::manager::fork_choice] reorganization: disconnecting 1 block(s) above height 310
[2026-09-29T22:38:38.359Z INFO  blacksilk_chain::manager::fork_choice] mempool after the reorganization: Revalidation { checked: 0, invalid: 0, ring_changed: 0 }; returned transactions: Readmission { readmitted: 0, already_pooled: 0, other_rules: 0, conflicts: 0, invalid: 0, ring_changed: 0, no_room: 0, over_budget: 0 }; 0 beyond the readmission budget, not captured
[2026-09-29T22:38:38.544Z DEBUG blacksilk_p2p::net::headers] peer 4: 1 headers up to height 312 accepted (new: false)
[2026-09-29T22:38:54.650Z INFO  blacksilk_node] block 089f6fcb8ad2a455 at height 313 accepted (tip 313)
[2026-09-29T22:39:12.268Z INFO  blacksilk_node] block 222902831f05eee1 at height 314 accepted (tip 314)
[2026-09-29T22:39:13.661Z INFO  blacksilk_node] block 3f637a67a0caeb0b at height 315 accepted (tip 315)
[2026-09-29T22:39:24.306Z INFO  blacksilk_node] block dea5652be8fd53eb at height 316 accepted (tip 316)
[2026-09-29T22:39:36.993Z INFO  blacksilk_node] block 31f60375c6ff679e at height 317 accepted (tip 317)
[2026-09-29T22:39:43.144Z DEBUG blacksilk_p2p::net::headers] peer 2: 1 headers up to height 318 accepted (new: true)
[2026-09-29T22:39:43.230Z DEBUG blacksilk_p2p::net::blocks] peer 2: block 887f8eb0269d at height 318 received
[2026-09-29T22:39:43.432Z DEBUG blacksilk_p2p::net::headers] peer 3: 1 headers up to height 318 accepted (new: false)
[2026-09-29T22:39:58.456Z INFO  blacksilk_node] block 5a6d954c3d47de88 at height 319 accepted (tip 319)
[2026-09-29T22:40:00.329Z INFO  blacksilk_node] block d1276a663fcea1be at height 320 accepted (tip 320)
[2026-09-29T22:40:17.603Z DEBUG blacksilk_p2p::net::headers] peer 2: 1 headers up to height 321 accepted (new: true)
[2026-09-29T22:40:17.667Z DEBUG blacksilk_p2p::net::blocks] peer 2: block f47657fbe4e9 at height 321 received
[2026-09-29T22:40:29.506Z INFO  blacksilk_node] block 477b6a6ad9e160f0 at height 322 accepted (tip 322)
[2026-09-29T22:40:53.592Z INFO  blacksilk_node] block e4a7337e7f81d9d8 at height 323 accepted (tip 323)
[2026-09-29T22:41:00.274Z DEBUG blacksilk_p2p::net::stem] stem tx 82cb9aa51576 -> peer 4
[2026-09-29T22:41:17.679Z INFO  blacksilk_node] block 21cc4f5c1530f9a8 at height 324 accepted (tip 324)
[2026-09-29T22:41:20.473Z DEBUG blacksilk_p2p::net::stem] stem tx d931473ec760 -> peer 4
[2026-09-29T22:41:34.487Z DEBUG blacksilk_p2p::net::headers] peer 2: 1 headers up to height 325 accepted (new: true)
[2026-09-29T22:41:34.554Z DEBUG blacksilk_p2p::net::blocks] peer 2: block 0b29b3fd83a7 at height 325 received
[2026-09-29T22:41:34.704Z DEBUG blacksilk_p2p::net::headers] peer 1: 1 headers up to height 325 accepted (new: false)
[2026-09-29T22:41:34.704Z DEBUG blacksilk_p2p::net::headers] peer 4: 1 headers up to height 325 accepted (new: false)
[2026-09-29T22:41:36.644Z DEBUG blacksilk_p2p::net::headers] peer 2: 1 headers up to height 326 accepted (new: true)
[2026-09-29T22:41:36.645Z DEBUG blacksilk_p2p::net::headers] peer 3: 1 headers up to height 326 accepted (new: false)
[2026-09-29T22:41:36.708Z DEBUG blacksilk_p2p::net::blocks] peer 2: block 8e1e22837c93 at height 326 received
[2026-09-29T22:41:36.733Z DEBUG blacksilk_p2p::net::headers] peer 4: 1 headers up to height 326 accepted (new: false)
[2026-09-29T22:41:36.765Z DEBUG blacksilk_p2p::net::headers] peer 1: 1 headers up to height 326 accepted (new: false)
[2026-09-29T22:41:42.715Z DEBUG blacksilk_p2p::net::headers] peer 2: 1 headers up to height 327 accepted (new: true)
[2026-09-29T22:41:42.789Z DEBUG blacksilk_p2p::net::blocks] peer 2: block 119658842ad9 at height 327 received
[2026-09-29T22:41:55.150Z INFO  blacksilk_node] block e1a747297ad033f4 at height 328 accepted (tip 328)
[2026-09-29T22:42:04.931Z DEBUG blacksilk_p2p::net::headers] peer 2: 1 headers up to height 329 accepted (new: true)
[2026-09-29T22:42:04.931Z DEBUG blacksilk_p2p::net::headers] peer 4: 1 headers up to height 329 accepted (new: false)
[2026-09-29T22:42:05.013Z DEBUG blacksilk_p2p::net::blocks] peer 2: block 6caba085e91f at height 329 received
[2026-09-29T22:42:05.033Z DEBUG blacksilk_p2p::net::headers] peer 1: 1 headers up to height 329 accepted (new: false)
[2026-09-29T22:42:05.175Z DEBUG blacksilk_p2p::net::headers] peer 3: 1 headers up to height 329 accepted (new: false)
[2026-09-29T22:42:12.739Z INFO  blacksilk_node] block 7351d61aaa17b5f7 at height 330 accepted (tip 330)
[2026-09-29T22:42:15.151Z INFO  blacksilk_node] block 5c7256cfdfdf123b at height 331 accepted (tip 331)
[2026-09-29T22:42:33.151Z INFO  blacksilk_node] block 12d3ac19acf172bb at height 332 accepted (tip 332)
[2026-09-29T22:42:43.566Z DEBUG blacksilk_p2p::net::headers] peer 2: 1 headers up to height 333 accepted (new: true)
[2026-09-29T22:42:43.628Z DEBUG blacksilk_p2p::net::blocks] peer 2: block 75fa3bc7d780 at height 333 received
[2026-09-29T22:42:43.662Z DEBUG blacksilk_p2p::net::headers] peer 4: 1 headers up to height 333 accepted (new: false)
[2026-09-29T22:42:43.918Z DEBUG blacksilk_p2p::net::headers] peer 1: 1 headers up to height 333 accepted (new: false)
[2026-09-29T22:42:43.959Z DEBUG blacksilk_p2p::net::headers] peer 3: 1 headers up to height 333 accepted (new: false)
[2026-09-29T22:42:51.016Z INFO  blacksilk_node] block 76c40fd0b6c57717 at height 334 accepted (tip 334)
[2026-09-29T22:44:01.139Z DEBUG blacksilk_p2p::net::stem] stem tx 0fea55fe32e4 -> peer 3
[2026-09-29T22:44:04.715Z INFO  blacksilk_node] block acd1cfdc9f7f8a51 at height 335 accepted (tip 335)
[2026-09-29T22:44:13.973Z INFO  blacksilk_node] block 242df5ef9109465f at height 336 accepted (tip 336)
[2026-09-29T22:44:20.762Z INFO  blacksilk_node] block 2e8f7b64c8159814 at height 337 accepted (tip 337)
[2026-09-29T22:44:22.104Z INFO  blacksilk_node] block bcbf0acecda2b434 at height 338 accepted (tip 338)
[2026-09-29T22:44:27.196Z DEBUG blacksilk_p2p::net::headers] peer 2: 1 headers up to height 339 accepted (new: true)
[2026-09-29T22:44:27.253Z DEBUG blacksilk_p2p::net::blocks] peer 2: block 5fd3d44cf2bf at height 339 received
[2026-09-29T22:44:27.398Z DEBUG blacksilk_p2p::net::headers] peer 1: 1 headers up to height 339 accepted (new: false)
[2026-09-29T22:44:27.432Z DEBUG blacksilk_p2p::net::headers] peer 4: 1 headers up to height 339 accepted (new: false)
[2026-09-29T22:44:27.492Z DEBUG blacksilk_p2p::net::headers] peer 3: 1 headers up to height 339 accepted (new: false)
[2026-09-29T22:44:44.158Z INFO  blacksilk_node] block aa5d7687e6d204f5 at height 340 accepted (tip 340)
[2026-09-29T22:44:54.353Z INFO  blacksilk_node] block e955d53ae3a0210e at height 341 accepted (tip 341)
[2026-09-29T22:45:08.571Z DEBUG blacksilk_p2p::net::headers] peer 2: 1 headers up to height 342 accepted (new: true)
[2026-09-29T22:45:08.650Z DEBUG blacksilk_p2p::net::blocks] peer 2: block 14559cf96a55 at height 342 received
[2026-09-29T22:45:08.654Z DEBUG blacksilk_p2p::net::headers] peer 4: 1 headers up to height 342 accepted (new: false)
[2026-09-29T22:45:08.671Z DEBUG blacksilk_p2p::net::headers] peer 3: 1 headers up to height 342 accepted (new: false)
[2026-09-29T22:45:08.672Z DEBUG blacksilk_p2p::net::headers] peer 1: 1 headers up to height 342 accepted (new: false)
[2026-09-29T22:45:17.492Z INFO  blacksilk_node] block 5d90aa77d44baf39 at height 343 accepted (tip 343)
[2026-09-29T22:45:22.089Z INFO  blacksilk_node] block 4b3ab4877d566320 at height 344 accepted (tip 344)
[2026-09-29T22:45:50.411Z DEBUG blacksilk_p2p::net::headers] peer 2: 1 headers up to height 345 accepted (new: true)
[2026-09-29T22:45:50.505Z DEBUG blacksilk_p2p::net::blocks] peer 2: block 047675cb4b84 at height 345 received
[2026-09-29T22:45:50.608Z DEBUG blacksilk_p2p::net::headers] peer 3: 1 headers up to height 345 accepted (new: false)
[2026-09-29T22:45:52.343Z INFO  blacksilk_node] block e0cc2418d60b93b0 at height 346 accepted (tip 346)
[2026-09-29T22:46:01.595Z DEBUG blacksilk_p2p::net::headers] peer 2: 1 headers up to height 347 accepted (new: true)
[2026-09-29T22:46:01.666Z DEBUG blacksilk_p2p::net::blocks] peer 2: block 81f6b71683f9 at height 347 received
[2026-09-29T22:46:01.848Z DEBUG blacksilk_p2p::net::headers] peer 4: 1 headers up to height 347 accepted (new: false)
[2026-09-29T22:46:01.863Z DEBUG blacksilk_p2p::net::headers] peer 1: 1 headers up to height 347 accepted (new: false)
[2026-09-29T22:46:04.735Z DEBUG blacksilk_p2p::net::headers] peer 2: 1 headers up to height 348 accepted (new: true)
[2026-09-29T22:46:04.829Z DEBUG blacksilk_p2p::net::blocks] peer 2: block 4e3ed15148cb at height 348 received
[2026-09-29T22:46:04.865Z DEBUG blacksilk_p2p::net::headers] peer 3: 1 headers up to height 348 accepted (new: false)
[2026-09-29T22:46:04.989Z DEBUG blacksilk_p2p::net::headers] peer 4: 1 headers up to height 348 accepted (new: false)
[2026-09-29T22:46:06.740Z DEBUG blacksilk_p2p::net::headers] peer 2: 1 headers up to height 349 accepted (new: true)
[2026-09-29T22:46:06.819Z DEBUG blacksilk_p2p::net::blocks] peer 2: block 2663badaa698 at height 349 received
[2026-09-29T22:46:06.900Z DEBUG blacksilk_p2p::net::headers] peer 1: 1 headers up to height 349 accepted (new: false)
[2026-09-29T22:46:06.982Z DEBUG blacksilk_p2p::net::headers] peer 3: 1 headers up to height 349 accepted (new: false)
[2026-09-29T22:46:07.079Z DEBUG blacksilk_p2p::net::headers] peer 4: 1 headers up to height 349 accepted (new: false)
[2026-09-29T22:46:29.233Z DEBUG blacksilk_p2p::net::headers] peer 2: 1 headers up to height 350 accepted (new: true)
[2026-09-29T22:46:29.310Z DEBUG blacksilk_p2p::net::blocks] peer 2: block efe53eea78fa at height 350 received
[2026-09-29T22:46:29.472Z DEBUG blacksilk_p2p::net::headers] peer 4: 1 headers up to height 350 accepted (new: false)
[2026-09-29T22:46:34.390Z INFO  blacksilk_node] block 5fd3e86a783b66b8 at height 351 accepted (tip 351)
[2026-09-29T22:46:42.000Z DEBUG blacksilk_p2p::net::stem] stem tx 54c1de673ced -> peer 3
[2026-09-29T22:46:46.854Z INFO  blacksilk_node] block 60f01eddb2ec50f6 at height 352 accepted (tip 352)
[2026-09-29T22:46:48.884Z INFO  blacksilk_node] block 2b98b4457a83a322 at height 353 accepted (tip 353)
[2026-09-29T22:46:58.327Z DEBUG blacksilk_p2p::net::headers] peer 2: 1 headers up to height 354 accepted (new: true)
[2026-09-29T22:46:58.399Z DEBUG blacksilk_p2p::net::blocks] peer 2: block 368e0cd3cf3a at height 354 received
[2026-09-29T22:46:58.516Z DEBUG blacksilk_p2p::net::headers] peer 1: 1 headers up to height 354 accepted (new: false)
[2026-09-29T22:46:58.625Z DEBUG blacksilk_p2p::net::headers] peer 3: 1 headers up to height 354 accepted (new: false)
[2026-09-29T22:46:58.682Z DEBUG blacksilk_p2p::net::headers] peer 4: 1 headers up to height 354 accepted (new: false)
[2026-09-29T22:47:06.518Z INFO  blacksilk_node] block c7541d449f2178f8 at height 355 accepted (tip 355)
[2026-09-29T22:47:13.014Z INFO  blacksilk_node] block 3898835d6c6a7f11 at height 356 accepted (tip 356)
[2026-09-29T22:47:13.841Z DEBUG blacksilk_p2p::net::admission] transaction 54c1de673ced not valid here: KeyImageSpent { input: 0 }
[2026-09-29T22:47:21.229Z INFO  blacksilk_node] block 758c3fe6895fba34 at height 357 accepted (tip 357)
[2026-09-29T22:47:22.388Z DEBUG blacksilk_p2p::net::stem] stem tx 91e20dd94ca1 -> peer 3
[2026-09-29T22:47:36.556Z INFO  blacksilk_node] block 8235b2ff8b6e88e3 at height 358 accepted (tip 358)
[2026-09-29T22:47:38.307Z INFO  blacksilk_node] block 1d87919f1fe1a054 at height 359 accepted (tip 359)
[2026-09-29T22:47:42.502Z DEBUG blacksilk_p2p::net::stem] stem tx 622e4a81dba0 -> peer 3
[2026-09-29T22:47:45.572Z DEBUG blacksilk_p2p::net::headers] peer 2: 1 headers up to height 360 accepted (new: true)
[2026-09-29T22:47:45.623Z DEBUG blacksilk_p2p::net::blocks] peer 2: block ef4abddf8a42 at height 360 received
[2026-09-29T22:47:45.821Z DEBUG blacksilk_p2p::net::headers] peer 3: 1 headers up to height 360 accepted (new: false)
[2026-09-29T22:47:45.897Z DEBUG blacksilk_p2p::net::headers] peer 4: 1 headers up to height 360 accepted (new: false)
[2026-09-29T22:47:50.985Z DEBUG blacksilk_p2p::net::headers] peer 2: 1 headers up to height 361 accepted (new: true)
[2026-09-29T22:47:51.047Z DEBUG blacksilk_p2p::net::blocks] peer 2: block b875f3ec2379 at height 361 received
[2026-09-29T22:47:51.073Z DEBUG blacksilk_p2p::net::headers] peer 3: 1 headers up to height 361 accepted (new: false)
[2026-09-29T22:47:51.175Z DEBUG blacksilk_p2p::net::headers] peer 4: 1 headers up to height 361 accepted (new: false)
[2026-09-29T22:47:55.380Z INFO  blacksilk_node] block eda0fe7fed645427 at height 362 accepted (tip 362)
[2026-09-29T22:48:11.496Z DEBUG blacksilk_p2p::net::headers] peer 2: 1 headers up to height 363 accepted (new: true)
[2026-09-29T22:48:11.496Z DEBUG blacksilk_p2p::net::headers] peer 3: 1 headers up to height 363 accepted (new: false)
[2026-09-29T22:48:11.497Z DEBUG blacksilk_p2p::net::headers] peer 1: 1 headers up to height 363 accepted (new: false)
[2026-09-29T22:48:11.573Z DEBUG blacksilk_p2p::net::blocks] peer 2: block 945c2806957c at height 363 received
[2026-09-29T22:48:11.692Z DEBUG blacksilk_p2p::net::headers] peer 4: 1 headers up to height 363 accepted (new: false)
[2026-09-29T22:48:16.350Z INFO  blacksilk_node] block a3ee1ae0c7172f6e at height 364 accepted (tip 364)
[2026-09-29T22:48:18.852Z INFO  blacksilk_node] block d6ef831cc554b635 at height 365 accepted (tip 365)
[2026-09-29T22:48:20.315Z INFO  blacksilk_node] block 3308e704cf659ab9 at height 366 accepted (tip 366)
[2026-09-29T22:48:22.711Z DEBUG blacksilk_p2p::net::stem] stem tx a82a406d4d91 -> peer 3
[2026-09-29T22:48:24.489Z INFO  blacksilk_node] block 0b84f6f8a596c62b at height 367 accepted (tip 367)
[2026-09-29T22:48:29.928Z INFO  blacksilk_node] block b968ca371ecca5e3 at height 368 accepted (tip 368)
[2026-09-29T22:48:34.312Z INFO  blacksilk_node] block 53df939ba13f2818 at height 369 accepted (tip 369)
[2026-09-29T22:48:43.131Z INFO  blacksilk_node] block 5d171c08791f633e at height 370 accepted (tip 370)
[2026-09-29T22:48:50.586Z DEBUG blacksilk_p2p::net::maintenance] embargo expired for a82a406d4d91
[2026-09-29T22:48:50.591Z DEBUG blacksilk_p2p::net::stem] fluff tx a82a406d4d91
[2026-09-29T22:48:52.174Z INFO  blacksilk_node] block 8de0dc3596742c75 at height 371 accepted (tip 371)
[2026-09-29T22:48:56.472Z DEBUG blacksilk_p2p::net::headers] peer 2: 1 headers up to height 372 accepted (new: true)
[2026-09-29T22:48:56.554Z DEBUG blacksilk_p2p::net::blocks] peer 2: block 114003634d8a at height 372 received
[2026-09-29T22:48:56.654Z DEBUG blacksilk_p2p::net::headers] peer 1: 1 headers up to height 372 accepted (new: false)
[2026-09-29T22:48:56.679Z DEBUG blacksilk_p2p::net::headers] peer 3: 1 headers up to height 372 accepted (new: false)
[2026-09-29T22:48:58.354Z DEBUG blacksilk_p2p::net::headers] peer 2: 1 headers up to height 373 accepted (new: true)
[2026-09-29T22:48:58.409Z DEBUG blacksilk_p2p::net::blocks] peer 2: block 78df1e55d2fc at height 373 received
[2026-09-29T22:48:58.498Z DEBUG blacksilk_p2p::net::headers] peer 1: 1 headers up to height 373 accepted (new: false)
[2026-09-29T22:49:07.248Z DEBUG blacksilk_p2p::net::headers] peer 2: 1 headers up to height 374 accepted (new: true)
[2026-09-29T22:49:07.324Z DEBUG blacksilk_p2p::net::blocks] peer 2: block 28986a2228b2 at height 374 received
[2026-09-29T22:49:07.408Z DEBUG blacksilk_p2p::net::headers] peer 4: 1 headers up to height 374 accepted (new: false)
[2026-09-29T22:49:07.425Z DEBUG blacksilk_p2p::net::headers] peer 1: 1 headers up to height 374 accepted (new: false)
[2026-09-29T22:49:22.659Z INFO  blacksilk_node] block 07d21e0968cb7f06 at height 375 accepted (tip 375)
[2026-09-29T22:49:23.349Z DEBUG blacksilk_p2p::net::stem] stem tx 6154eb4d3a83 -> peer 3
[2026-09-29T22:49:26.138Z INFO  blacksilk_node] block 4bd37c5c49a1d012 at height 376 accepted (tip 376)
[2026-09-29T22:49:42.791Z DEBUG blacksilk_p2p::net::headers] peer 2: 1 headers up to height 377 accepted (new: true)
[2026-09-29T22:49:42.791Z DEBUG blacksilk_p2p::net::headers] peer 3: 1 headers up to height 377 accepted (new: false)
[2026-09-29T22:49:42.791Z DEBUG blacksilk_p2p::net::headers] peer 4: 1 headers up to height 377 accepted (new: false)
[2026-09-29T22:49:42.791Z DEBUG blacksilk_p2p::net::headers] peer 1: 1 headers up to height 377 accepted (new: false)
[2026-09-29T22:49:42.849Z DEBUG blacksilk_p2p::net::blocks] peer 2: block 8bd80e1c685d at height 377 received
[2026-09-29T22:49:43.358Z DEBUG blacksilk_p2p::net::stem] stem tx fcf0fb18b546 -> peer 3
[2026-09-29T22:49:51.576Z DEBUG blacksilk_p2p::net::maintenance] embargo expired for 6154eb4d3a83
[2026-09-29T22:49:51.579Z DEBUG blacksilk_p2p::net::stem] fluff tx 6154eb4d3a83
[2026-09-29T22:49:59.535Z INFO  blacksilk_node] block c5894c534669f711 at height 378 accepted (tip 378)
[2026-09-29T22:50:00.093Z DEBUG blacksilk_p2p::net::headers] peer 2: 1 headers up to height 378 accepted (new: true)
[2026-09-29T22:50:00.375Z DEBUG blacksilk_p2p::net::headers] peer 4: 1 headers up to height 378 accepted (new: true)
[2026-09-29T22:50:00.375Z DEBUG blacksilk_p2p::net::headers] peer 1: 1 headers up to height 378 accepted (new: true)
[2026-09-29T22:50:00.384Z DEBUG blacksilk_p2p::net::headers] peer 3: 1 headers up to height 378 accepted (new: true)
[2026-09-29T22:50:00.991Z INFO  blacksilk_node] block 63a9a0dbb96034ed at height 379 accepted (tip 379)
[2026-09-29T22:50:04.690Z INFO  blacksilk_node] block abedb40242a3cac1 at height 380 accepted (tip 380)
[2026-09-29T22:50:31.847Z INFO  blacksilk_node] block 672e4562210758b7 at height 381 accepted (tip 381)
[2026-09-29T22:50:35.161Z DEBUG blacksilk_p2p::net::headers] peer 2: 1 headers up to height 382 accepted (new: true)
[2026-09-29T22:50:35.217Z DEBUG blacksilk_p2p::net::blocks] peer 2: block 137d9e47ac0c at height 382 received
[2026-09-29T22:50:35.324Z DEBUG blacksilk_p2p::net::headers] peer 1: 1 headers up to height 382 accepted (new: false)
[2026-09-29T22:50:40.746Z INFO  blacksilk_node] block bdc745391f929f2c at height 383 accepted (tip 383)
[2026-09-29T22:50:41.253Z DEBUG blacksilk_p2p::net::headers] peer 2: 1 headers up to height 383 accepted (new: true)
[2026-09-29T22:50:41.504Z DEBUG blacksilk_p2p::net::headers] peer 3: 1 headers up to height 383 accepted (new: true)
[2026-09-29T22:50:41.559Z DEBUG blacksilk_p2p::net::headers] peer 4: 1 headers up to height 383 accepted (new: true)
[2026-09-29T22:50:41.600Z DEBUG blacksilk_p2p::net::headers] peer 1: 1 headers up to height 383 accepted (new: true)
[2026-09-29T22:50:43.420Z DEBUG blacksilk_p2p::net::maintenance] embargo expired for fcf0fb18b546
[2026-09-29T22:50:43.426Z DEBUG blacksilk_p2p::net::stem] fluff tx fcf0fb18b546
[2026-09-29T22:51:03.181Z INFO  blacksilk_node] block 3eedb352c8b66f61 at height 384 accepted (tip 384)
[2026-09-29T22:51:15.181Z DEBUG blacksilk_p2p::net::headers] peer 2: 1 headers up to height 385 accepted (new: true)
[2026-09-29T22:51:15.244Z DEBUG blacksilk_p2p::net::blocks] peer 2: block 6ba6717d0b68 at height 385 received
[2026-09-29T22:51:15.244Z DEBUG blacksilk_p2p::net::headers] peer 3: 1 headers up to height 385 accepted (new: false)
[2026-09-29T22:51:15.262Z DEBUG blacksilk_p2p::net::headers] peer 4: 1 headers up to height 385 accepted (new: false)
[2026-09-29T22:51:23.850Z DEBUG blacksilk_p2p::net::stem] stem tx 9a4d26080b13 -> peer 4
[2026-09-29T22:51:40.543Z DEBUG blacksilk_p2p::net::headers] peer 2: 1 headers up to height 386 accepted (new: true)
[2026-09-29T22:51:40.620Z DEBUG blacksilk_p2p::net::blocks] peer 2: block 31ea22e4e914 at height 386 received
[2026-09-29T22:51:44.020Z DEBUG blacksilk_p2p::net::stem] stem tx 6d1d4160072a -> peer 4
[2026-09-29T22:51:52.268Z INFO  blacksilk_node] block 12e308ed7a9b4913 at height 387 accepted (tip 387)
[2026-09-29T22:52:04.148Z DEBUG blacksilk_p2p::net::stem] stem tx d815fd58e34e -> peer 4
[2026-09-29T22:52:05.392Z DEBUG blacksilk_p2p::net::headers] peer 2: 1 headers up to height 388 accepted (new: true)
[2026-09-29T22:52:05.392Z DEBUG blacksilk_p2p::net::headers] peer 4: 1 headers up to height 388 accepted (new: false)
[2026-09-29T22:52:05.449Z DEBUG blacksilk_p2p::net::blocks] peer 2: block 0db0c225cbe6 at height 388 received
[2026-09-29T22:52:05.642Z DEBUG blacksilk_p2p::net::headers] peer 1: 1 headers up to height 388 accepted (new: false)
[2026-09-29T22:52:05.725Z DEBUG blacksilk_p2p::net::headers] peer 3: 1 headers up to height 388 accepted (new: false)
[2026-09-29T22:52:14.611Z INFO  blacksilk_node] block 6e175b175a979507 at height 389 accepted (tip 389)
[2026-09-29T22:52:16.633Z DEBUG blacksilk_p2p::net::maintenance] embargo expired for 6d1d4160072a
[2026-09-29T22:52:16.641Z DEBUG blacksilk_p2p::net::stem] fluff tx 6d1d4160072a
[2026-09-29T22:52:24.205Z DEBUG blacksilk_p2p::net::stem] stem tx c752dcf63dd3 -> peer 4
[2026-09-29T22:52:36.622Z INFO  blacksilk_node] block 5fc09c5b7b0f558b at height 390 accepted (tip 390)
[2026-09-29T22:52:43.015Z INFO  blacksilk_node] block fbcb6a4f21f29e38 at height 391 accepted (tip 391)
[2026-09-29T22:52:51.380Z DEBUG blacksilk_p2p::net::headers] peer 2: 1 headers up to height 392 accepted (new: true)
[2026-09-29T22:52:51.446Z DEBUG blacksilk_p2p::net::blocks] peer 2: block aa896abfabbb at height 392 received
[2026-09-29T22:52:51.580Z DEBUG blacksilk_p2p::net::headers] peer 4: 1 headers up to height 392 accepted (new: false)
[2026-09-29T22:52:51.596Z DEBUG blacksilk_p2p::net::headers] peer 1: 1 headers up to height 392 accepted (new: false)
[2026-09-29T22:52:56.161Z INFO  blacksilk_node] block f8078c3dad67a8bb at height 393 accepted (tip 393)
[2026-09-29T22:53:04.591Z DEBUG blacksilk_p2p::net::stem] stem tx a69b645dbd9f -> peer 4
[2026-09-29T22:53:07.706Z INFO  blacksilk_node] block f99e34b5f1898d19 at height 394 accepted (tip 394)
[2026-09-29T22:53:13.635Z INFO  blacksilk_node] block dddea8eaae28b31b at height 395 accepted (tip 395)
[2026-09-29T22:53:16.656Z DEBUG blacksilk_p2p::net::headers] peer 2: 1 headers up to height 396 accepted (new: true)
[2026-09-29T22:53:17.076Z DEBUG blacksilk_p2p::net::blocks] peer 2: block cce0558cfc7e at height 396 received
[2026-09-29T22:53:23.185Z INFO  blacksilk_node] block 0a37d3beb5f68608 at height 397 accepted (tip 397)
[2026-09-29T22:53:24.718Z DEBUG blacksilk_p2p::net::stem] stem tx 81005f486e01 -> peer 4
[2026-09-29T22:53:24.781Z DEBUG blacksilk_p2p::net::maintenance] embargo expired for a69b645dbd9f
[2026-09-29T22:53:24.785Z DEBUG blacksilk_p2p::net::stem] fluff tx a69b645dbd9f
[2026-09-29T22:53:27.251Z DEBUG blacksilk_p2p::net::headers] peer 2: 1 headers up to height 398 accepted (new: true)
[2026-09-29T22:53:27.345Z DEBUG blacksilk_p2p::net::blocks] peer 2: block 2a794036f4a8 at height 398 received
[2026-09-29T22:53:32.037Z INFO  blacksilk_node] block 20787b1a1c6f9aee at height 399 accepted (tip 399)
[2026-09-29T22:53:44.643Z DEBUG blacksilk_p2p::net::stem] stem tx 0aacb426ed9c -> peer 4
[2026-09-29T22:53:50.352Z DEBUG blacksilk_p2p::net::headers] peer 2: 1 headers up to height 400 accepted (new: true)
[2026-09-29T22:53:50.420Z DEBUG blacksilk_p2p::net::blocks] peer 2: block dcc558d29294 at height 400 received
[2026-09-29T22:53:50.437Z DEBUG blacksilk_p2p::net::headers] peer 1: 1 headers up to height 400 accepted (new: false)
[2026-09-29T22:53:50.556Z DEBUG blacksilk_p2p::net::headers] peer 4: 1 headers up to height 400 accepted (new: false)
[2026-09-29T22:53:50.575Z DEBUG blacksilk_p2p::net::headers] peer 3: 1 headers up to height 400 accepted (new: false)
[2026-09-29T22:53:51.722Z INFO  blacksilk_node] block 8d138eee5cc9c6ef at height 401 accepted (tip 401)
[2026-09-29T22:53:57.853Z DEBUG blacksilk_p2p::net::headers] peer 2: 1 headers up to height 402 accepted (new: true)
[2026-09-29T22:53:57.908Z DEBUG blacksilk_p2p::net::headers] peer 4: 1 headers up to height 402 accepted (new: false)
[2026-09-29T22:53:57.924Z DEBUG blacksilk_p2p::net::blocks] peer 2: block 92990bbb5c44 at height 402 received
[2026-09-29T22:53:58.050Z DEBUG blacksilk_p2p::net::headers] peer 3: 1 headers up to height 402 accepted (new: false)
[2026-09-29T22:53:58.050Z DEBUG blacksilk_p2p::net::headers] peer 1: 1 headers up to height 402 accepted (new: false)
[2026-09-29T22:54:05.906Z DEBUG blacksilk_p2p::net::maintenance] embargo expired for 0aacb426ed9c
[2026-09-29T22:54:05.909Z DEBUG blacksilk_p2p::net::stem] fluff tx 0aacb426ed9c
[2026-09-29T22:54:10.200Z INFO  blacksilk_node] block 240af780bc59702b at height 403 accepted (tip 403)
[2026-09-29T22:54:14.452Z INFO  blacksilk_node] block 69e34cff4ea57db1 at height 404 accepted (tip 404)
[2026-09-29T22:54:18.889Z INFO  blacksilk_node] block 23cf1c4d225556c0 at height 405 accepted (tip 405)
[2026-09-29T22:54:45.095Z DEBUG blacksilk_p2p::net::stem] stem tx 5a2bf60c72a3 -> peer 4
[2026-09-29T22:54:47.200Z INFO  blacksilk_node] block 91d6f3560aacc503 at height 406 accepted (tip 406)
[2026-09-29T22:54:49.332Z DEBUG blacksilk_p2p::net::headers] peer 2: 1 headers up to height 406 accepted (new: true)
[2026-09-29T22:55:05.200Z DEBUG blacksilk_p2p::net::stem] stem tx 81de0f12241b -> peer 4
[2026-09-29T22:55:14.914Z INFO  blacksilk_node] block 94af676d913dc1c7 at height 407 accepted (tip 407)
[2026-09-29T22:55:16.287Z DEBUG blacksilk_p2p::net::headers] peer 2: 1 headers up to height 407 accepted (new: true)
[2026-09-29T22:55:17.864Z INFO  blacksilk_node] block 342415939bc17eb4 at height 408 accepted (tip 408)
[2026-09-29T22:55:20.835Z INFO  blacksilk_node] block 1c9037158823d452 at height 409 accepted (tip 409)
[2026-09-29T22:55:25.105Z DEBUG blacksilk_p2p::net::headers] peer 2: 1 headers up to height 410 accepted (new: true)
[2026-09-29T22:55:25.170Z DEBUG blacksilk_p2p::net::headers] peer 3: 1 headers up to height 410 accepted (new: false)
[2026-09-29T22:55:25.170Z DEBUG blacksilk_p2p::net::blocks] peer 2: block a465b868108c at height 410 received
[2026-09-29T22:55:25.192Z DEBUG blacksilk_p2p::net::stem] stem tx f41af648f66f -> peer 4
[2026-09-29T22:55:25.193Z DEBUG blacksilk_p2p::net::headers] peer 1: 1 headers up to height 410 accepted (new: false)
[2026-09-29T22:55:28.456Z DEBUG blacksilk_p2p::net::headers] peer 2: 1 headers up to height 411 accepted (new: true)
[2026-09-29T22:55:28.540Z DEBUG blacksilk_p2p::net::blocks] peer 2: block df6f961eb436 at height 411 received
[2026-09-29T22:55:33.591Z DEBUG blacksilk_p2p::net::headers] peer 2: 1 headers up to height 412 accepted (new: true)
[2026-09-29T22:55:33.649Z DEBUG blacksilk_p2p::net::blocks] peer 2: block b5f83b35efd2 at height 412 received
[2026-09-29T22:55:42.206Z INFO  blacksilk_node] block e6b7d7c1d130bc86 at height 413 accepted (tip 413)
[2026-09-29T22:55:52.411Z DEBUG blacksilk_p2p::net::headers] peer 2: 1 headers up to height 414 accepted (new: true)
[2026-09-29T22:55:52.479Z DEBUG blacksilk_p2p::net::headers] peer 1: 1 headers up to height 414 accepted (new: false)
[2026-09-29T22:55:52.479Z DEBUG blacksilk_p2p::net::blocks] peer 2: block 67d927f0fbbf at height 414 received
[2026-09-29T22:55:53.705Z DEBUG blacksilk_p2p::net::headers] peer 2: 1 headers up to height 415 accepted (new: true)
[2026-09-29T22:55:53.759Z INFO  blacksilk_node] block ad43bae6eb1e5509 at height 414 accepted (tip 414)
[2026-09-29T22:55:53.764Z DEBUG blacksilk_p2p::net::blocks] peer 2: block 22dd913c52ec at height 415 received
[2026-09-29T22:56:05.288Z DEBUG blacksilk_p2p::net::stem] stem tx 917f4bdb3f70 -> peer 4
[2026-09-29T22:56:07.257Z DEBUG blacksilk_p2p::net::headers] peer 2: 1 headers up to height 416 accepted (new: true)
[2026-09-29T22:56:07.318Z DEBUG blacksilk_p2p::net::blocks] peer 2: block b0513aa9e2f5 at height 416 received
[2026-09-29T22:56:07.494Z DEBUG blacksilk_p2p::net::headers] peer 3: 1 headers up to height 416 accepted (new: false)
[2026-09-29T22:56:15.560Z DEBUG blacksilk_p2p::net::headers] peer 2: 1 headers up to height 417 accepted (new: true)
[2026-09-29T22:56:15.631Z DEBUG blacksilk_p2p::net::blocks] peer 2: block 112f836e28a3 at height 417 received
[2026-09-29T22:56:15.843Z DEBUG blacksilk_p2p::net::headers] peer 4: 1 headers up to height 417 accepted (new: false)
[2026-09-29T22:56:15.866Z DEBUG blacksilk_p2p::net::headers] peer 3: 1 headers up to height 417 accepted (new: false)
[2026-09-29T22:56:15.882Z DEBUG blacksilk_p2p::net::headers] peer 1: 1 headers up to height 417 accepted (new: false)
[2026-09-29T22:56:20.055Z INFO  blacksilk_node] block 53ccabebba388f15 at height 418 accepted (tip 418)
[2026-09-29T22:56:25.385Z DEBUG blacksilk_p2p::net::stem] stem tx 38bb8d0ab5d5 -> peer 4
[2026-09-29T22:56:30.622Z INFO  blacksilk_node] block a5d8aebb1a8527e1 at height 419 accepted (tip 419)
[2026-09-29T22:56:32.445Z INFO  blacksilk_node] block fec8fcb095cd72f8 at height 420 accepted (tip 420)
[2026-09-29T22:56:45.484Z DEBUG blacksilk_p2p::net::stem] stem tx 30adceefe3a9 -> peer 4
[2026-09-29T22:56:49.798Z INFO  blacksilk_node] block 5b7a29651b03e4e1 at height 421 accepted (tip 421)
[2026-09-29T22:56:53.493Z DEBUG blacksilk_p2p::net::maintenance] embargo expired for 38bb8d0ab5d5
[2026-09-29T22:56:53.499Z DEBUG blacksilk_p2p::net::stem] fluff tx 38bb8d0ab5d5
[2026-09-29T22:56:54.496Z DEBUG blacksilk_p2p::net::headers] peer 2: 1 headers up to height 422 accepted (new: true)
[2026-09-29T22:56:54.509Z DEBUG blacksilk_p2p::net::headers] peer 3: 1 headers up to height 422 accepted (new: false)
[2026-09-29T22:56:54.559Z DEBUG blacksilk_p2p::net::blocks] peer 2: block 9c32e81175ca at height 422 received
[2026-09-29T22:56:54.591Z DEBUG blacksilk_p2p::net::headers] peer 4: 1 headers up to height 422 accepted (new: false)
[2026-09-29T22:56:54.793Z DEBUG blacksilk_p2p::net::headers] peer 1: 1 headers up to height 422 accepted (new: false)
[2026-09-29T22:56:59.277Z DEBUG blacksilk_p2p::net::maintenance] embargo expired for 30adceefe3a9
[2026-09-29T22:56:59.283Z DEBUG blacksilk_p2p::net::stem] fluff tx 30adceefe3a9
[2026-09-29T22:57:06.352Z INFO  blacksilk_node] block d724e434597db07a at height 423 accepted (tip 423)
[2026-09-29T22:57:14.200Z INFO  blacksilk_node] block 53491c385daf8196 at height 424 accepted (tip 424)
[2026-09-29T22:57:26.280Z DEBUG blacksilk_p2p::net::headers] peer 2: 1 headers up to height 425 accepted (new: true)
[2026-09-29T22:57:26.358Z DEBUG blacksilk_p2p::net::blocks] peer 2: block 322df7b896cb at height 425 received
[2026-09-29T22:57:26.426Z DEBUG blacksilk_p2p::net::headers] peer 4: 1 headers up to height 425 accepted (new: false)
[2026-09-29T22:57:43.318Z INFO  blacksilk_node] block 2d585b9d2700ec86 at height 426 accepted (tip 426)
[2026-09-29T22:57:45.726Z INFO  blacksilk_node] block 2c1308e7183b3d32 at height 427 accepted (tip 427)
[2026-09-29T22:57:45.802Z DEBUG blacksilk_p2p::net::stem] stem tx 0fa659e38350 -> peer 4
[2026-09-29T22:57:49.147Z INFO  blacksilk_node] block 9cb70d9d9f42d23c at height 428 accepted (tip 428)
[2026-09-29T22:57:52.369Z DEBUG blacksilk_p2p::net::headers] peer 2: 1 headers up to height 429 accepted (new: true)
[2026-09-29T22:57:52.435Z DEBUG blacksilk_p2p::net::blocks] peer 2: block de2eb4e41a1b at height 429 received
[2026-09-29T22:57:52.496Z DEBUG blacksilk_p2p::net::headers] peer 3: 1 headers up to height 429 accepted (new: false)
[2026-09-29T22:57:52.578Z DEBUG blacksilk_p2p::net::headers] peer 4: 1 headers up to height 429 accepted (new: false)
[2026-09-29T22:57:54.698Z DEBUG blacksilk_p2p::net::headers] peer 2: 1 headers up to height 430 accepted (new: true)
[2026-09-29T22:57:54.767Z DEBUG blacksilk_p2p::net::blocks] peer 2: block 8a3b2a006d0e at height 430 received
[2026-09-29T22:57:57.796Z INFO  blacksilk_node] block 19034d148c8a1c6f at height 431 accepted (tip 431)
[2026-09-29T22:58:05.613Z DEBUG blacksilk_p2p::net::headers] peer 2: 1 headers up to height 432 accepted (new: true)
[2026-09-29T22:58:05.672Z DEBUG blacksilk_p2p::net::blocks] peer 2: block b754e0ef8e70 at height 432 received
[2026-09-29T22:58:05.786Z DEBUG blacksilk_p2p::net::headers] peer 4: 1 headers up to height 432 accepted (new: false)
[2026-09-29T22:58:05.916Z DEBUG blacksilk_p2p::net::headers] peer 1: 1 headers up to height 432 accepted (new: false)
[2026-09-29T22:58:05.929Z DEBUG blacksilk_p2p::net::headers] peer 3: 1 headers up to height 432 accepted (new: false)
[2026-09-29T22:58:20.527Z DEBUG blacksilk_p2p::net::headers] peer 2: 1 headers up to height 433 accepted (new: true)
[2026-09-29T22:58:20.589Z DEBUG blacksilk_p2p::net::blocks] peer 2: block 5dc4c0eeb23d at height 433 received
[2026-09-29T22:58:20.795Z DEBUG blacksilk_p2p::net::headers] peer 4: 1 headers up to height 433 accepted (new: false)
[2026-09-29T22:58:20.912Z DEBUG blacksilk_p2p::net::headers] peer 3: 1 headers up to height 433 accepted (new: false)
[2026-09-29T22:58:24.253Z INFO  blacksilk_node] block 409f43702dd73bea at height 434 accepted (tip 434)
[2026-09-29T22:58:25.989Z DEBUG blacksilk_p2p::net::stem] stem tx 719abfda3d21 -> peer 4
[2026-09-29T22:58:45.294Z INFO  blacksilk_node] block bbefead341bd977c at height 435 accepted (tip 435)
[2026-09-29T22:58:46.230Z DEBUG blacksilk_p2p::net::stem] stem tx 4498efd81162 -> peer 4
[2026-09-29T22:59:00.390Z INFO  blacksilk_node] block 0fead32e4276f7d9 at height 436 accepted (tip 436)
[2026-09-29T22:59:01.690Z DEBUG blacksilk_p2p::net::headers] peer 2: 1 headers up to height 436 accepted (new: true)
[2026-09-29T22:59:11.810Z DEBUG blacksilk_p2p::net::headers] peer 2: 1 headers up to height 437 accepted (new: true)
[2026-09-29T22:59:11.885Z DEBUG blacksilk_p2p::net::blocks] peer 2: block 16c2fbd912ac at height 436 received
[2026-09-29T22:59:11.885Z DEBUG blacksilk_p2p::net::blocks] peer 2: block 92666a252b22 at height 437 received
[2026-09-29T22:59:11.891Z INFO  blacksilk_chain::manager::fork_choice] reorganization: disconnecting 1 block(s) above height 435
[2026-09-29T22:59:11.898Z INFO  blacksilk_chain::manager::fork_choice] mempool after the reorganization: Revalidation { checked: 0, invalid: 0, ring_changed: 0 }; returned transactions: Readmission { readmitted: 0, already_pooled: 0, other_rules: 0, conflicts: 0, invalid: 1, ring_changed: 0, no_room: 0, over_budget: 0 }; 0 beyond the readmission budget, not captured
[2026-09-29T22:59:11.965Z DEBUG blacksilk_p2p::net::headers] peer 1: 1 headers up to height 437 accepted (new: false)
[2026-09-29T22:59:21.796Z DEBUG blacksilk_p2p::net::headers] peer 2: 1 headers up to height 438 accepted (new: true)
[2026-09-29T22:59:21.874Z DEBUG blacksilk_p2p::net::blocks] peer 2: block 49d5f0c3113c at height 438 received
[2026-09-29T22:59:22.054Z DEBUG blacksilk_p2p::net::headers] peer 4: 1 headers up to height 438 accepted (new: false)
[2026-09-29T22:59:27.584Z DEBUG blacksilk_p2p::net::headers] peer 2: 1 headers up to height 439 accepted (new: true)
[2026-09-29T22:59:27.660Z DEBUG blacksilk_p2p::net::blocks] peer 2: block 115807524d43 at height 439 received
[2026-09-29T22:59:27.783Z DEBUG blacksilk_p2p::net::headers] peer 3: 1 headers up to height 439 accepted (new: false)
[2026-09-29T22:59:30.279Z DEBUG blacksilk_p2p::net::headers] peer 2: 1 headers up to height 440 accepted (new: true)
[2026-09-29T22:59:30.359Z DEBUG blacksilk_p2p::net::blocks] peer 2: block d05284e3bb00 at height 440 received
[2026-09-29T22:59:30.399Z DEBUG blacksilk_p2p::net::headers] peer 3: 1 headers up to height 440 accepted (new: false)
[2026-09-29T22:59:37.413Z INFO  blacksilk_node] block 25797a76758370f9 at height 441 accepted (tip 441)
[2026-09-29T22:59:46.592Z DEBUG blacksilk_p2p::net::stem] stem tx 50ea3b470e91 -> peer 4
[2026-09-29T22:59:49.280Z DEBUG blacksilk_p2p::net::headers] peer 2: 1 headers up to height 442 accepted (new: true)
[2026-09-29T22:59:49.369Z DEBUG blacksilk_p2p::net::blocks] peer 2: block c69d55b9a195 at height 442 received
[2026-09-29T22:59:49.425Z DEBUG blacksilk_p2p::net::headers] peer 4: 1 headers up to height 442 accepted (new: false)
[2026-09-29T22:59:49.451Z DEBUG blacksilk_p2p::net::headers] peer 1: 1 headers up to height 442 accepted (new: false)
[2026-09-29T23:00:06.696Z DEBUG blacksilk_p2p::net::stem] stem tx 89e151abe7ac -> peer 4
[2026-09-29T23:00:12.887Z DEBUG blacksilk_p2p::net::headers] peer 2: 1 headers up to height 443 accepted (new: true)
[2026-09-29T23:00:12.968Z DEBUG blacksilk_p2p::net::blocks] peer 2: block 9aa86dbb054d at height 443 received
[2026-09-29T23:00:13.025Z DEBUG blacksilk_p2p::net::headers] peer 3: 1 headers up to height 443 accepted (new: false)
[2026-09-29T23:00:13.106Z DEBUG blacksilk_p2p::net::headers] peer 4: 1 headers up to height 443 accepted (new: false)
[2026-09-29T23:00:18.746Z INFO  blacksilk_node] block 6daeeba6d076ae58 at height 444 accepted (tip 444)
[2026-09-29T23:00:46.800Z INFO  blacksilk_node] block 62b6bc832f4b86cf at height 445 accepted (tip 445)
[2026-09-29T23:00:46.874Z DEBUG blacksilk_p2p::net::stem] stem tx 12dcd8eaa677 -> peer 3
[2026-09-29T23:00:52.929Z DEBUG blacksilk_p2p::net::headers] peer 2: 1 headers up to height 446 accepted (new: true)
[2026-09-29T23:00:53.003Z DEBUG blacksilk_p2p::net::blocks] peer 2: block 261204d5a73c at height 446 received
[2026-09-29T23:00:53.163Z DEBUG blacksilk_p2p::net::headers] peer 4: 1 headers up to height 446 accepted (new: false)
[2026-09-29T23:00:53.163Z DEBUG blacksilk_p2p::net::headers] peer 3: 1 headers up to height 446 accepted (new: false)
[2026-09-29T23:00:55.016Z DEBUG blacksilk_p2p::net::headers] peer 2: 1 headers up to height 447 accepted (new: true)
[2026-09-29T23:00:55.084Z DEBUG blacksilk_p2p::net::blocks] peer 2: block 0dfe4bfb13f1 at height 447 received
[2026-09-29T23:00:55.267Z DEBUG blacksilk_p2p::net::headers] peer 3: 1 headers up to height 447 accepted (new: false)
[2026-09-29T23:00:55.267Z DEBUG blacksilk_p2p::net::headers] peer 4: 1 headers up to height 447 accepted (new: false)
[2026-09-29T23:00:55.351Z INFO  blacksilk_node] block 96ad91a64bccc6f7 at height 447 accepted (tip 447)
[2026-09-29T23:01:07.084Z DEBUG blacksilk_p2p::net::stem] stem tx 6c81949a80f2 -> peer 3
[2026-09-29T23:01:15.556Z INFO  blacksilk_node] block bbcded829235dd9e at height 448 accepted (tip 448)
[2026-09-29T23:01:28.924Z DEBUG blacksilk_p2p::net::headers] peer 2: 1 headers up to height 449 accepted (new: true)
[2026-09-29T23:01:28.980Z DEBUG blacksilk_p2p::net::blocks] peer 2: block c24a7149ff79 at height 449 received
[2026-09-29T23:01:29.102Z DEBUG blacksilk_p2p::net::headers] peer 1: 1 headers up to height 449 accepted (new: false)
[2026-09-29T23:01:29.163Z DEBUG blacksilk_p2p::net::headers] peer 4: 1 headers up to height 449 accepted (new: false)
[2026-09-29T23:01:29.183Z DEBUG blacksilk_p2p::net::headers] peer 3: 1 headers up to height 449 accepted (new: false)
[2026-09-29T23:01:47.226Z DEBUG blacksilk_p2p::net::stem] stem tx 6ec4f95c04c9 -> peer 3
[2026-09-29T23:01:47.501Z INFO  blacksilk_node] block 6ae0e1734ceb26c5 at height 450 accepted (tip 450)
[2026-09-29T23:01:48.060Z DEBUG blacksilk_p2p::net::headers] peer 2: 1 headers up to height 450 accepted (new: true)
[2026-09-29T23:01:48.377Z DEBUG blacksilk_p2p::net::headers] peer 1: 1 headers up to height 450 accepted (new: true)
[2026-09-29T23:01:48.398Z DEBUG blacksilk_p2p::net::headers] peer 4: 1 headers up to height 450 accepted (new: true)
[2026-09-29T23:01:48.453Z DEBUG blacksilk_p2p::net::headers] peer 3: 1 headers up to height 450 accepted (new: true)
[2026-09-29T23:01:49.795Z DEBUG blacksilk_p2p::net::headers] peer 2: 1 headers up to height 451 accepted (new: true)
[2026-09-29T23:01:49.857Z DEBUG blacksilk_p2p::net::blocks] peer 2: block 7ec33d0f8d43 at height 450 received
[2026-09-29T23:01:49.857Z DEBUG blacksilk_p2p::net::blocks] peer 2: block 415a4af16859 at height 451 received
[2026-09-29T23:01:49.862Z INFO  blacksilk_chain::manager::fork_choice] reorganization: disconnecting 1 block(s) above height 449
[2026-09-29T23:01:49.862Z INFO  blacksilk_chain::manager::fork_choice] mempool after the reorganization: Revalidation { checked: 0, invalid: 0, ring_changed: 0 }; returned transactions: Readmission { readmitted: 0, already_pooled: 0, other_rules: 0, conflicts: 0, invalid: 0, ring_changed: 0, no_room: 0, over_budget: 0 }; 0 beyond the readmission budget, not captured
[2026-09-29T23:01:49.904Z DEBUG blacksilk_p2p::net::headers] peer 1: 1 headers up to height 451 accepted (new: false)
[2026-09-29T23:01:54.355Z INFO  blacksilk_node] block 12a3f20d471a2c12 at height 452 accepted (tip 452)
[2026-09-29T23:02:01.931Z INFO  blacksilk_node] block 821f7fed617cbad1 at height 453 accepted (tip 453)
[2026-09-29T23:02:03.201Z INFO  blacksilk_node] block 274059fedda87b56 at height 454 accepted (tip 454)
[2026-09-29T23:02:06.980Z DEBUG blacksilk_p2p::net::maintenance] embargo expired for 6ec4f95c04c9
[2026-09-29T23:02:06.986Z DEBUG blacksilk_p2p::net::stem] fluff tx 6ec4f95c04c9
[2026-09-29T23:02:07.410Z DEBUG blacksilk_p2p::net::stem] stem tx c589dad3cf0e -> peer 3
[2026-09-29T23:02:07.418Z DEBUG blacksilk_p2p::net::headers] peer 2: 1 headers up to height 455 accepted (new: true)
[2026-09-29T23:02:07.488Z DEBUG blacksilk_p2p::net::blocks] peer 2: block 752d972d5b12 at height 455 received
[2026-09-29T23:02:07.589Z DEBUG blacksilk_p2p::net::headers] peer 1: 1 headers up to height 455 accepted (new: false)
[2026-09-29T23:02:24.175Z DEBUG blacksilk_p2p::net::headers] peer 2: 1 headers up to height 456 accepted (new: true)
[2026-09-29T23:02:24.258Z DEBUG blacksilk_p2p::net::headers] peer 4: 1 headers up to height 456 accepted (new: false)
[2026-09-29T23:02:24.258Z DEBUG blacksilk_p2p::net::blocks] peer 2: block 0a8c252d13e2 at height 456 received
[2026-09-29T23:02:24.296Z DEBUG blacksilk_p2p::net::headers] peer 3: 1 headers up to height 456 accepted (new: false)
[2026-09-29T23:02:24.422Z DEBUG blacksilk_p2p::net::headers] peer 1: 1 headers up to height 456 accepted (new: false)
[2026-09-29T23:02:26.428Z INFO  blacksilk_node] block 57a70d7848211e58 at height 457 accepted (tip 457)
[2026-09-29T23:02:27.408Z DEBUG blacksilk_p2p::net::stem] stem tx 34d1db9c61d8 -> peer 3
[2026-09-29T23:02:47.438Z DEBUG blacksilk_p2p::net::stem] stem tx c0ade1c47507 -> peer 3
[2026-09-29T23:02:54.808Z INFO  blacksilk_node] block c159ccdb9214e9c4 at height 458 accepted (tip 458)
[2026-09-29T23:02:59.931Z DEBUG blacksilk_p2p::net::headers] peer 2: 1 headers up to height 459 accepted (new: true)
[2026-09-29T23:02:59.987Z DEBUG blacksilk_p2p::net::blocks] peer 2: block c944d3ec48dc at height 459 received
[2026-09-29T23:03:00.063Z DEBUG blacksilk_p2p::net::headers] peer 4: 1 headers up to height 459 accepted (new: false)
[2026-09-29T23:03:00.088Z DEBUG blacksilk_p2p::net::headers] peer 3: 1 headers up to height 459 accepted (new: false)
[2026-09-29T23:03:07.534Z DEBUG blacksilk_p2p::net::stem] stem tx 172d57612d95 -> peer 3
[2026-09-29T23:03:15.147Z DEBUG blacksilk_p2p::net::headers] peer 2: 1 headers up to height 460 accepted (new: true)
[2026-09-29T23:03:15.219Z DEBUG blacksilk_p2p::net::blocks] peer 2: block 8a1ed3d647f6 at height 460 received
[2026-09-29T23:03:15.320Z DEBUG blacksilk_p2p::net::headers] peer 1: 1 headers up to height 460 accepted (new: false)
[2026-09-29T23:03:15.338Z DEBUG blacksilk_p2p::net::headers] peer 4: 1 headers up to height 460 accepted (new: false)
[2026-09-29T23:03:15.365Z DEBUG blacksilk_p2p::net::headers] peer 3: 1 headers up to height 460 accepted (new: false)
[2026-09-29T23:03:24.986Z INFO  blacksilk_node] block 4bd0fa978bc7aca0 at height 461 accepted (tip 461)
[2026-09-29T23:03:27.653Z DEBUG blacksilk_p2p::net::stem] stem tx bb230e4e7c8c -> peer 3
[2026-09-29T23:03:31.728Z INFO  blacksilk_node] block f6b5470f0577f1d2 at height 462 accepted (tip 462)
[2026-09-29T23:03:36.297Z INFO  blacksilk_node] block 1ab477aad596e2ca at height 463 accepted (tip 463)
[2026-09-29T23:03:39.520Z DEBUG blacksilk_p2p::net::headers] peer 2: 1 headers up to height 464 accepted (new: true)
[2026-09-29T23:03:39.605Z DEBUG blacksilk_p2p::net::blocks] peer 2: block e0f0562be4ab at height 464 received
[2026-09-29T23:03:39.727Z DEBUG blacksilk_p2p::net::headers] peer 1: 1 headers up to height 464 accepted (new: false)
[2026-09-29T23:03:39.808Z DEBUG blacksilk_p2p::net::headers] peer 4: 1 headers up to height 464 accepted (new: false)
[2026-09-29T23:03:39.823Z DEBUG blacksilk_p2p::net::headers] peer 3: 1 headers up to height 464 accepted (new: false)
[2026-09-29T23:03:41.694Z DEBUG blacksilk_p2p::net::maintenance] embargo expired for bb230e4e7c8c
[2026-09-29T23:03:41.697Z DEBUG blacksilk_p2p::net::stem] fluff tx bb230e4e7c8c
[2026-09-29T23:03:47.815Z DEBUG blacksilk_p2p::net::stem] stem tx 531503eb4973 -> peer 3
[2026-09-29T23:03:58.959Z DEBUG blacksilk_p2p::net::headers] peer 2: 1 headers up to height 465 accepted (new: true)
[2026-09-29T23:03:59.030Z DEBUG blacksilk_p2p::net::blocks] peer 2: block cde02243aed8 at height 465 received
[2026-09-29T23:04:07.786Z DEBUG blacksilk_p2p::net::stem] stem tx eea43e3c2375 -> peer 3
[2026-09-29T23:04:22.755Z INFO  blacksilk_node] block d4ca322300b4cfcd at height 466 accepted (tip 466)
[2026-09-29T23:04:27.881Z DEBUG blacksilk_p2p::net::stem] stem tx aec6efa8052d -> peer 3
[2026-09-29T23:04:31.704Z INFO  blacksilk_node] block 4666e415a6630eca at height 467 accepted (tip 467)
[2026-09-29T23:04:39.785Z INFO  blacksilk_node] block 2e59b11054d661fc at height 468 accepted (tip 468)
[2026-09-29T23:04:46.377Z DEBUG blacksilk_p2p::net::headers] peer 2: 1 headers up to height 469 accepted (new: true)
[2026-09-29T23:04:46.443Z DEBUG blacksilk_p2p::net::blocks] peer 2: block 89c87c69e37b at height 469 received
[2026-09-29T23:04:46.668Z DEBUG blacksilk_p2p::net::headers] peer 1: 1 headers up to height 469 accepted (new: false)
[2026-09-29T23:04:46.729Z DEBUG blacksilk_p2p::net::headers] peer 3: 1 headers up to height 469 accepted (new: false)
[2026-09-29T23:04:46.729Z DEBUG blacksilk_p2p::net::headers] peer 4: 1 headers up to height 469 accepted (new: false)
[2026-09-29T23:04:47.993Z DEBUG blacksilk_p2p::net::stem] stem tx 51b1caf2511e -> peer 3
[2026-09-29T23:04:52.350Z INFO  blacksilk_node] block ccebcc1e7c897a6a at height 470 accepted (tip 470)
[2026-09-29T23:05:00.090Z INFO  blacksilk_node] block 0f2abd189e9c1da7 at height 471 accepted (tip 471)
[2026-09-29T23:05:05.979Z INFO  blacksilk_node] block a528b9d96250ac43 at height 472 accepted (tip 472)
[2026-09-29T23:05:07.922Z DEBUG blacksilk_p2p::net::stem] stem tx f085139750ad -> peer 3
[2026-09-29T23:05:26.970Z INFO  blacksilk_node] block e4fdeeb9f0120ac5 at height 473 accepted (tip 473)
[2026-09-29T23:05:27.942Z DEBUG blacksilk_p2p::net::stem] stem tx 4168a9aff884 -> peer 3
[2026-09-29T23:05:28.271Z INFO  blacksilk_node] block fb6f50a86e0ecb30 at height 474 accepted (tip 474)
[2026-09-29T23:05:28.395Z DEBUG blacksilk_p2p::net::maintenance] embargo expired for f085139750ad
[2026-09-29T23:05:28.399Z DEBUG blacksilk_p2p::net::stem] fluff tx f085139750ad
[2026-09-29T23:05:40.206Z DEBUG blacksilk_p2p::net::maintenance] embargo expired for 4168a9aff884
[2026-09-29T23:05:40.210Z DEBUG blacksilk_p2p::net::stem] fluff tx 4168a9aff884
[2026-09-29T23:05:48.081Z DEBUG blacksilk_p2p::net::stem] stem tx c9055ca11bf9 -> peer 3
[2026-09-29T23:06:08.157Z DEBUG blacksilk_p2p::net::stem] stem tx 70caf69eaaa9 -> peer 3
[2026-09-29T23:06:08.307Z INFO  blacksilk_node] block b99d2a84e4c0d46d at height 475 accepted (tip 475)
[2026-09-29T23:06:11.691Z INFO  blacksilk_node] block 366a7d1a5aa32986 at height 476 accepted (tip 476)
[2026-09-29T23:06:31.139Z DEBUG blacksilk_p2p::net::headers] peer 2: 1 headers up to height 477 accepted (new: true)
[2026-09-29T23:06:31.227Z DEBUG blacksilk_p2p::net::blocks] peer 2: block 63a563986aca at height 477 received
[2026-09-29T23:06:31.289Z DEBUG blacksilk_p2p::net::headers] peer 4: 1 headers up to height 477 accepted (new: false)
[2026-09-29T23:06:36.692Z DEBUG blacksilk_p2p::net::headers] peer 2: 1 headers up to height 478 accepted (new: true)
[2026-09-29T23:06:36.768Z DEBUG blacksilk_p2p::net::blocks] peer 2: block 4261345acedf at height 478 received
[2026-09-29T23:06:36.773Z DEBUG blacksilk_p2p::net::maintenance] embargo expired for 70caf69eaaa9
[2026-09-29T23:06:36.779Z DEBUG blacksilk_p2p::net::stem] fluff tx 70caf69eaaa9
[2026-09-29T23:06:36.813Z DEBUG blacksilk_p2p::net::headers] peer 4: 1 headers up to height 478 accepted (new: false)
[2026-09-29T23:06:48.718Z DEBUG blacksilk_p2p::net::headers] peer 2: 1 headers up to height 479 accepted (new: true)
[2026-09-29T23:06:48.824Z DEBUG blacksilk_p2p::net::headers] peer 4: 1 headers up to height 479 accepted (new: false)
[2026-09-29T23:06:48.824Z DEBUG blacksilk_p2p::net::headers] peer 1: 1 headers up to height 479 accepted (new: false)
[2026-09-29T23:06:48.824Z DEBUG blacksilk_p2p::net::blocks] peer 2: block a936ed52cf9c at height 479 received
[2026-09-29T23:06:49.095Z DEBUG blacksilk_p2p::net::headers] peer 3: 1 headers up to height 479 accepted (new: false)
[2026-09-29T23:06:49.631Z INFO  blacksilk_node] block 33255a270df36b22 at height 479 accepted (tip 479)
[2026-09-29T23:06:50.547Z DEBUG blacksilk_p2p::net::stem] stem tx babab1e0324f -> peer 3
[2026-09-29T23:06:53.436Z INFO  blacksilk_node] block 61b9c31a2f3f612f at height 480 accepted (tip 480)
[2026-09-29T23:07:10.757Z DEBUG blacksilk_p2p::net::stem] stem tx 6b2904cb5af8 -> peer 3
[2026-09-29T23:07:16.621Z INFO  blacksilk_node] block d7fac813f8644ec2 at height 481 accepted (tip 481)
[2026-09-29T23:07:23.535Z DEBUG blacksilk_p2p::net::maintenance] embargo expired for 6b2904cb5af8
[2026-09-29T23:07:23.541Z DEBUG blacksilk_p2p::net::stem] fluff tx 6b2904cb5af8
[2026-09-29T23:07:30.739Z DEBUG blacksilk_p2p::net::stem] stem tx d7209cab5009 -> peer 3
[2026-09-29T23:07:31.668Z INFO  blacksilk_node] block 57d3d8ec39633b7b at height 482 accepted (tip 482)
[2026-09-29T23:07:39.401Z DEBUG blacksilk_p2p::net::headers] peer 2: 1 headers up to height 483 accepted (new: true)
[2026-09-29T23:07:39.471Z DEBUG blacksilk_p2p::net::blocks] peer 2: block 86473013abc1 at height 483 received
[2026-09-29T23:07:39.514Z DEBUG blacksilk_p2p::net::headers] peer 4: 1 headers up to height 483 accepted (new: false)
[2026-09-29T23:07:39.618Z DEBUG blacksilk_p2p::net::headers] peer 1: 1 headers up to height 483 accepted (new: false)
[2026-09-29T23:07:39.656Z DEBUG blacksilk_p2p::net::headers] peer 3: 1 headers up to height 483 accepted (new: false)
[2026-09-29T23:07:41.236Z DEBUG blacksilk_p2p::net::headers] peer 2: 1 headers up to height 484 accepted (new: true)
[2026-09-29T23:07:41.298Z DEBUG blacksilk_p2p::net::blocks] peer 2: block 4584886e99d4 at height 484 received
[2026-09-29T23:07:41.409Z DEBUG blacksilk_p2p::net::headers] peer 4: 1 headers up to height 484 accepted (new: false)
[2026-09-29T23:07:41.494Z DEBUG blacksilk_p2p::net::headers] peer 1: 1 headers up to height 484 accepted (new: false)
[2026-09-29T23:07:41.510Z DEBUG blacksilk_p2p::net::headers] peer 3: 1 headers up to height 484 accepted (new: false)
[2026-09-29T23:07:51.032Z DEBUG blacksilk_p2p::net::stem] stem tx 4e14d787c4ba -> peer 3
[2026-09-29T23:07:51.279Z DEBUG blacksilk_p2p::net::headers] peer 2: 1 headers up to height 485 accepted (new: true)
[2026-09-29T23:07:51.347Z DEBUG blacksilk_p2p::net::blocks] peer 2: block 908fadb31de0 at height 485 received
[2026-09-29T23:07:51.427Z DEBUG blacksilk_p2p::net::headers] peer 4: 1 headers up to height 485 accepted (new: false)
[2026-09-29T23:07:51.467Z DEBUG blacksilk_p2p::net::headers] peer 1: 1 headers up to height 485 accepted (new: false)
[2026-09-29T23:07:51.528Z DEBUG blacksilk_p2p::net::headers] peer 3: 1 headers up to height 485 accepted (new: false)
[2026-09-29T23:07:51.697Z INFO  blacksilk_node] block bda51c572d99acb9 at height 485 accepted (tip 485)
[2026-09-29T23:08:01.711Z DEBUG blacksilk_p2p::net::headers] peer 2: 1 headers up to height 486 accepted (new: true)
[2026-09-29T23:08:01.779Z DEBUG blacksilk_p2p::net::blocks] peer 2: block 87cb09332e21 at height 486 received
[2026-09-29T23:08:02.002Z DEBUG blacksilk_p2p::net::headers] peer 4: 1 headers up to height 486 accepted (new: false)
[2026-09-29T23:08:02.046Z DEBUG blacksilk_p2p::net::headers] peer 1: 1 headers up to height 486 accepted (new: false)
[2026-09-29T23:08:02.063Z DEBUG blacksilk_p2p::net::headers] peer 3: 1 headers up to height 486 accepted (new: false)
[2026-09-29T23:08:05.409Z DEBUG blacksilk_p2p::net::maintenance] embargo expired for 4e14d787c4ba
[2026-09-29T23:08:05.418Z DEBUG blacksilk_p2p::net::stem] fluff tx 4e14d787c4ba
[2026-09-29T23:08:08.662Z INFO  blacksilk_node] block 23b37a12680981c3 at height 487 accepted (tip 487)
[2026-09-29T23:08:09.193Z DEBUG blacksilk_p2p::net::admission] transaction 4e14d787c4ba not valid here: KeyImageSpent { input: 0 }
[2026-09-29T23:08:09.883Z INFO  blacksilk_node] block 96c4607e969fc16f at height 488 accepted (tip 488)
[2026-09-29T23:08:11.187Z DEBUG blacksilk_p2p::net::stem] stem tx bb9e7ae97ef7 -> peer 3
[2026-09-29T23:08:31.341Z DEBUG blacksilk_p2p::net::stem] stem tx bac0f7e495f7 -> peer 3
[2026-09-29T23:08:31.546Z DEBUG blacksilk_p2p::net::headers] peer 2: 1 headers up to height 489 accepted (new: true)
[2026-09-29T23:08:31.619Z DEBUG blacksilk_p2p::net::blocks] peer 2: block efb0121e7299 at height 489 received
[2026-09-29T23:08:31.761Z DEBUG blacksilk_p2p::net::headers] peer 1: 1 headers up to height 489 accepted (new: false)
[2026-09-29T23:08:31.782Z DEBUG blacksilk_p2p::net::headers] peer 4: 1 headers up to height 489 accepted (new: false)
[2026-09-29T23:08:31.962Z DEBUG blacksilk_p2p::net::maintenance] embargo expired for bb9e7ae97ef7
[2026-09-29T23:08:31.965Z DEBUG blacksilk_p2p::net::stem] fluff tx bb9e7ae97ef7
[2026-09-29T23:08:33.731Z INFO  blacksilk_node] block f0cf0a7b7649fa26 at height 490 accepted (tip 490)
[2026-09-29T23:08:42.566Z DEBUG blacksilk_p2p::net::headers] peer 2: 1 headers up to height 491 accepted (new: true)
[2026-09-29T23:08:42.643Z DEBUG blacksilk_p2p::net::blocks] peer 2: block 9e17df43fa5a at height 491 received
[2026-09-29T23:08:42.745Z DEBUG blacksilk_p2p::net::headers] peer 3: 1 headers up to height 491 accepted (new: false)
[2026-09-29T23:08:42.785Z DEBUG blacksilk_p2p::net::headers] peer 1: 1 headers up to height 491 accepted (new: false)
[2026-09-29T23:08:42.821Z DEBUG blacksilk_p2p::net::headers] peer 4: 1 headers up to height 491 accepted (new: false)
[2026-09-29T23:08:50.272Z DEBUG blacksilk_p2p::net::headers] peer 2: 1 headers up to height 492 accepted (new: true)
[2026-09-29T23:08:50.341Z DEBUG blacksilk_p2p::net::blocks] peer 2: block c1519e0f124a at height 492 received
[2026-09-29T23:08:50.425Z DEBUG blacksilk_p2p::net::headers] peer 1: 1 headers up to height 492 accepted (new: false)
[2026-09-29T23:08:50.441Z DEBUG blacksilk_p2p::net::headers] peer 4: 1 headers up to height 492 accepted (new: false)
[2026-09-29T23:08:51.484Z DEBUG blacksilk_p2p::net::stem] stem tx cf2d532e7e87 -> peer 3
[2026-09-29T23:08:58.944Z DEBUG blacksilk_p2p::net::headers] peer 2: 1 headers up to height 493 accepted (new: true)
[2026-09-29T23:08:59.022Z DEBUG blacksilk_p2p::net::blocks] peer 2: block 2b13a7c3f689 at height 493 received
[2026-09-29T23:08:59.102Z DEBUG blacksilk_p2p::net::headers] peer 4: 1 headers up to height 493 accepted (new: false)
[2026-09-29T23:08:59.122Z DEBUG blacksilk_p2p::net::headers] peer 1: 1 headers up to height 493 accepted (new: false)
[2026-09-29T23:09:01.320Z INFO  blacksilk_node] block 650058b6c86abecc at height 494 accepted (tip 494)
[2026-09-29T23:09:11.603Z DEBUG blacksilk_p2p::net::stem] stem tx 9a641110bfb3 -> peer 3
[2026-09-29T23:09:16.686Z DEBUG blacksilk_p2p::net::headers] peer 2: 1 headers up to height 495 accepted (new: true)
[2026-09-29T23:09:16.760Z DEBUG blacksilk_p2p::net::blocks] peer 2: block 788a6617da37 at height 495 received
[2026-09-29T23:09:16.785Z DEBUG blacksilk_p2p::net::headers] peer 4: 1 headers up to height 495 accepted (new: false)
[2026-09-29T23:09:16.841Z DEBUG blacksilk_p2p::net::headers] peer 1: 1 headers up to height 495 accepted (new: false)
[2026-09-29T23:09:20.608Z DEBUG blacksilk_p2p::net::headers] peer 2: 1 headers up to height 496 accepted (new: true)
[2026-09-29T23:09:20.694Z DEBUG blacksilk_p2p::net::blocks] peer 2: block 6c29c2d8035e at height 496 received
[2026-09-29T23:09:31.679Z DEBUG blacksilk_p2p::net::stem] stem tx aa7dd8c415b6 -> peer 3
[2026-09-29T23:09:35.008Z INFO  blacksilk_node] block b7bcb02be4c9b590 at height 497 accepted (tip 497)
[2026-09-29T23:09:50.349Z DEBUG blacksilk_p2p::net::headers] peer 2: 1 headers up to height 498 accepted (new: true)
[2026-09-29T23:09:50.404Z DEBUG blacksilk_p2p::net::blocks] peer 2: block e6b9ec16429b at height 498 received
[2026-09-29T23:09:50.579Z DEBUG blacksilk_p2p::net::headers] peer 1: 1 headers up to height 498 accepted (new: false)
[2026-09-29T23:09:51.820Z DEBUG blacksilk_p2p::net::stem] stem tx 3d83dbb92c9f -> peer 3
[2026-09-29T23:09:53.145Z INFO  blacksilk_node] block 83312586edb9cd2c at height 499 accepted (tip 499)
[2026-09-29T23:09:57.787Z INFO  blacksilk_node] block 4cc4e6f373d64bda at height 500 accepted (tip 500)
[2026-09-29T23:10:00.211Z INFO  blacksilk_node] block 413195035cc3b5e1 at height 501 accepted (tip 501)
[2026-09-29T23:10:01.573Z DEBUG blacksilk_p2p::net::headers] peer 2: 1 headers up to height 501 accepted (new: true)
[2026-09-29T23:10:03.476Z DEBUG blacksilk_p2p::net::headers] peer 2: 1 headers up to height 502 accepted (new: true)
[2026-09-29T23:10:03.534Z DEBUG blacksilk_p2p::net::blocks] peer 2: block 491e6ea9a536 at height 501 received
[2026-09-29T23:10:03.534Z DEBUG blacksilk_p2p::net::blocks] peer 2: block 840f3fb297d7 at height 502 received
[2026-09-29T23:10:03.539Z INFO  blacksilk_chain::manager::fork_choice] reorganization: disconnecting 1 block(s) above height 500
[2026-09-29T23:10:03.540Z INFO  blacksilk_chain::manager::fork_choice] mempool after the reorganization: Revalidation { checked: 0, invalid: 0, ring_changed: 0 }; returned transactions: Readmission { readmitted: 0, already_pooled: 0, other_rules: 0, conflicts: 0, invalid: 0, ring_changed: 0, no_room: 0, over_budget: 0 }; 0 beyond the readmission budget, not captured
[2026-09-29T23:10:03.632Z DEBUG blacksilk_p2p::net::headers] peer 3: 1 headers up to height 502 accepted (new: false)
[2026-09-29T23:10:03.674Z DEBUG blacksilk_p2p::net::headers] peer 4: 1 headers up to height 502 accepted (new: false)
[2026-09-29T23:10:03.794Z DEBUG blacksilk_p2p::net::headers] peer 1: 1 headers up to height 502 accepted (new: false)
[2026-09-29T23:10:05.881Z DEBUG blacksilk_p2p::net::headers] peer 2: 1 headers up to height 503 accepted (new: true)
[2026-09-29T23:10:05.955Z DEBUG blacksilk_p2p::net::blocks] peer 2: block faf11e515c57 at height 503 received
[2026-09-29T23:10:06.059Z DEBUG blacksilk_p2p::net::headers] peer 4: 1 headers up to height 503 accepted (new: false)
[2026-09-29T23:10:06.152Z DEBUG blacksilk_p2p::net::headers] peer 1: 1 headers up to height 503 accepted (new: false)
[2026-09-29T23:10:11.972Z DEBUG blacksilk_p2p::net::stem] stem tx 69a841dc804f -> peer 3
[2026-09-29T23:10:16.629Z DEBUG blacksilk_p2p::net::headers] peer 2: 1 headers up to height 504 accepted (new: true)
[2026-09-29T23:10:16.693Z DEBUG blacksilk_p2p::net::blocks] peer 2: block 3629bec33bad at height 504 received
[2026-09-29T23:10:16.813Z DEBUG blacksilk_p2p::net::headers] peer 3: 1 headers up to height 504 accepted (new: false)
[2026-09-29T23:10:16.894Z DEBUG blacksilk_p2p::net::headers] peer 4: 1 headers up to height 504 accepted (new: false)
[2026-09-29T23:10:16.955Z DEBUG blacksilk_p2p::net::headers] peer 1: 1 headers up to height 504 accepted (new: false)
[2026-09-29T23:10:17.597Z INFO  blacksilk_node] block ebca69b8b597288c at height 504 accepted (tip 504)
[2026-09-29T23:10:29.520Z INFO  blacksilk_node] block ae0cb5f5d5a0b347 at height 505 accepted (tip 505)
[2026-09-29T23:10:29.565Z DEBUG blacksilk_p2p::net::headers] peer 2: 1 headers up to height 505 accepted (new: true)
[2026-09-29T23:10:29.756Z DEBUG blacksilk_p2p::net::headers] peer 3: 1 headers up to height 505 accepted (new: true)
[2026-09-29T23:10:29.825Z DEBUG blacksilk_p2p::net::headers] peer 4: 1 headers up to height 505 accepted (new: true)
[2026-09-29T23:10:29.919Z DEBUG blacksilk_p2p::net::headers] peer 1: 1 headers up to height 505 accepted (new: true)
[2026-09-29T23:10:32.017Z DEBUG blacksilk_p2p::net::stem] stem tx c4fae199ab5e -> peer 4
[2026-09-29T23:10:34.686Z INFO  blacksilk_node] block fbf240298d422c72 at height 506 accepted (tip 506)
[2026-09-29T23:10:34.830Z DEBUG blacksilk_p2p::net::maintenance] embargo expired for 69a841dc804f
[2026-09-29T23:10:34.836Z DEBUG blacksilk_p2p::net::stem] fluff tx 69a841dc804f
[2026-09-29T23:10:39.910Z INFO  blacksilk_node] block d2495920be4e5379 at height 507 accepted (tip 507)
[2026-09-29T23:10:40.329Z DEBUG blacksilk_p2p::net::headers] peer 2: 1 headers up to height 507 accepted (new: true)
[2026-09-29T23:10:40.549Z DEBUG blacksilk_p2p::net::headers] peer 3: 1 headers up to height 507 accepted (new: true)
[2026-09-29T23:10:40.663Z DEBUG blacksilk_p2p::net::headers] peer 1: 1 headers up to height 507 accepted (new: true)
[2026-09-29T23:10:40.663Z DEBUG blacksilk_p2p::net::headers] peer 4: 1 headers up to height 507 accepted (new: true)
[2026-09-29T23:10:45.089Z DEBUG blacksilk_p2p::net::headers] peer 2: 1 headers up to height 508 accepted (new: true)
[2026-09-29T23:10:45.156Z DEBUG blacksilk_p2p::net::blocks] peer 4: block 1bfad6aa5ebd at height 507 received
[2026-09-29T23:10:45.157Z DEBUG blacksilk_p2p::net::blocks] peer 2: block 127002dadfc1 at height 508 received
[2026-09-29T23:10:45.168Z INFO  blacksilk_chain::manager::fork_choice] reorganization: disconnecting 1 block(s) above height 506
[2026-09-29T23:10:45.174Z INFO  blacksilk_chain::manager::fork_choice] mempool after the reorganization: Revalidation { checked: 0, invalid: 0, ring_changed: 0 }; returned transactions: Readmission { readmitted: 0, already_pooled: 0, other_rules: 0, conflicts: 0, invalid: 0, ring_changed: 0, no_room: 0, over_budget: 0 }; 0 beyond the readmission budget, not captured
[2026-09-29T23:10:45.306Z DEBUG blacksilk_p2p::net::headers] peer 3: 1 headers up to height 508 accepted (new: false)
[2026-09-29T23:10:45.383Z DEBUG blacksilk_p2p::net::headers] peer 1: 1 headers up to height 508 accepted (new: false)
[2026-09-29T23:10:45.408Z DEBUG blacksilk_p2p::net::headers] peer 4: 1 headers up to height 508 accepted (new: false)
[2026-09-29T23:10:46.464Z DEBUG blacksilk_p2p::net::headers] peer 2: 1 headers up to height 509 accepted (new: true)
[2026-09-29T23:10:46.543Z DEBUG blacksilk_p2p::net::blocks] peer 2: block 029f3cac8b02 at height 509 received
[2026-09-29T23:10:46.622Z DEBUG blacksilk_p2p::net::headers] peer 3: 1 headers up to height 509 accepted (new: false)
[2026-09-29T23:10:46.703Z DEBUG blacksilk_p2p::net::headers] peer 1: 1 headers up to height 509 accepted (new: false)
[2026-09-29T23:10:46.723Z DEBUG blacksilk_p2p::net::headers] peer 4: 1 headers up to height 509 accepted (new: false)
[2026-09-29T23:10:52.134Z DEBUG blacksilk_p2p::net::stem] stem tx 57acf164a9df -> peer 4
[2026-09-29T23:11:00.823Z DEBUG blacksilk_p2p::net::headers] peer 2: 1 headers up to height 510 accepted (new: true)
[2026-09-29T23:11:00.891Z DEBUG blacksilk_p2p::net::blocks] peer 2: block 2935beaae0af at height 510 received
[2026-09-29T23:11:02.723Z DEBUG blacksilk_p2p::net::headers] peer 2: 1 headers up to height 511 accepted (new: true)
[2026-09-29T23:11:02.806Z DEBUG blacksilk_p2p::net::headers] peer 1: 1 headers up to height 511 accepted (new: false)
[2026-09-29T23:11:02.806Z DEBUG blacksilk_p2p::net::blocks] peer 2: block 3971110b2c28 at height 511 received
[2026-09-29T23:11:02.883Z DEBUG blacksilk_p2p::net::headers] peer 3: 1 headers up to height 511 accepted (new: false)
[2026-09-29T23:11:03.030Z DEBUG blacksilk_p2p::net::headers] peer 4: 1 headers up to height 511 accepted (new: false)
[2026-09-29T23:11:05.153Z INFO  blacksilk_node] block d2ecff04c8991df0 at height 512 accepted (tip 512)
[2026-09-29T23:11:12.175Z DEBUG blacksilk_p2p::net::stem] stem tx 21882bc9fb1d -> peer 4
[2026-09-29T23:11:24.589Z DEBUG blacksilk_p2p::net::headers] peer 2: 1 headers up to height 513 accepted (new: true)
[2026-09-29T23:11:24.645Z DEBUG blacksilk_p2p::net::headers] peer 4: 1 headers up to height 513 accepted (new: false)
[2026-09-29T23:11:24.667Z DEBUG blacksilk_p2p::net::blocks] peer 2: block 4d582548db7e at height 513 received
[2026-09-29T23:11:24.730Z DEBUG blacksilk_p2p::net::headers] peer 1: 1 headers up to height 513 accepted (new: false)
[2026-09-29T23:11:27.740Z DEBUG blacksilk_p2p::net::headers] peer 2: 1 headers up to height 514 accepted (new: true)
[2026-09-29T23:11:27.814Z DEBUG blacksilk_p2p::net::blocks] peer 2: block 2eebab0e6e47 at height 514 received
[2026-09-29T23:11:29.581Z DEBUG blacksilk_p2p::net::headers] peer 2: 1 headers up to height 515 accepted (new: true)
[2026-09-29T23:11:29.669Z DEBUG blacksilk_p2p::net::blocks] peer 2: block 1f72fdf4d7a8 at height 515 received
[2026-09-29T23:11:29.810Z DEBUG blacksilk_p2p::net::headers] peer 1: 1 headers up to height 515 accepted (new: false)
[2026-09-29T23:11:32.329Z DEBUG blacksilk_p2p::net::stem] stem tx 387c40d14861 -> peer 4
[2026-09-29T23:11:35.006Z DEBUG blacksilk_p2p::net::maintenance] embargo expired for 57acf164a9df
[2026-09-29T23:11:35.012Z DEBUG blacksilk_p2p::net::stem] fluff tx 57acf164a9df
[2026-09-29T23:11:40.782Z INFO  blacksilk_node] block 7e05144c33db3228 at height 516 accepted (tip 516)
[2026-09-29T23:11:45.001Z DEBUG blacksilk_p2p::net::headers] peer 2: 1 headers up to height 517 accepted (new: true)
[2026-09-29T23:11:45.081Z DEBUG blacksilk_p2p::net::blocks] peer 2: block 9b5aca61b2b5 at height 517 received
[2026-09-29T23:11:45.121Z DEBUG blacksilk_p2p::net::headers] peer 1: 1 headers up to height 517 accepted (new: false)
[2026-09-29T23:11:45.142Z DEBUG blacksilk_p2p::net::headers] peer 4: 1 headers up to height 517 accepted (new: false)
[2026-09-29T23:11:45.159Z DEBUG blacksilk_p2p::net::headers] peer 3: 1 headers up to height 517 accepted (new: false)
[2026-09-29T23:11:51.140Z INFO  blacksilk_node] block a33c630cd86ff5ba at height 518 accepted (tip 518)
[2026-09-29T23:11:52.455Z DEBUG blacksilk_p2p::net::stem] stem tx 4603513d6800 -> peer 4
[2026-09-29T23:12:12.749Z DEBUG blacksilk_p2p::net::stem] stem tx 793e6da09c44 -> peer 4
[2026-09-29T23:12:13.267Z DEBUG blacksilk_p2p::net::headers] peer 2: 1 headers up to height 519 accepted (new: true)
[2026-09-29T23:12:13.342Z DEBUG blacksilk_p2p::net::blocks] peer 2: block 1d41dca81d3d at height 519 received
[2026-09-29T23:12:32.650Z DEBUG blacksilk_p2p::net::stem] stem tx 72f616fb5df3 -> peer 4
[2026-09-29T23:12:44.496Z INFO  blacksilk_node] block f8e5c558e258bdea at height 520 accepted (tip 520)
[2026-09-29T23:12:44.881Z DEBUG blacksilk_p2p::net::headers] peer 2: 1 headers up to height 520 accepted (new: true)
[2026-09-29T23:12:44.994Z DEBUG blacksilk_p2p::net::headers] peer 4: 1 headers up to height 520 accepted (new: true)
[2026-09-29T23:12:45.164Z DEBUG blacksilk_p2p::net::headers] peer 3: 1 headers up to height 520 accepted (new: true)
[2026-09-29T23:12:45.201Z DEBUG blacksilk_p2p::net::headers] peer 1: 1 headers up to height 520 accepted (new: true)
[2026-09-29T23:12:52.803Z DEBUG blacksilk_p2p::net::stem] stem tx fc9766346824 -> peer 4
[2026-09-29T23:13:11.668Z INFO  blacksilk_node] block 1227604c6023283b at height 521 accepted (tip 521)
[2026-09-29T23:13:12.894Z DEBUG blacksilk_p2p::net::stem] stem tx 81f52c2d3096 -> peer 4
[2026-09-29T23:13:20.842Z DEBUG blacksilk_p2p::net::headers] peer 2: 1 headers up to height 522 accepted (new: true)
[2026-09-29T23:13:20.895Z DEBUG blacksilk_p2p::net::blocks] peer 2: block 1790bf184d5b at height 522 received
[2026-09-29T23:13:21.036Z DEBUG blacksilk_p2p::net::headers] peer 1: 1 headers up to height 522 accepted (new: false)
[2026-09-29T23:13:21.037Z DEBUG blacksilk_p2p::net::headers] peer 3: 1 headers up to height 522 accepted (new: false)
[2026-09-29T23:13:21.073Z DEBUG blacksilk_p2p::net::headers] peer 4: 1 headers up to height 522 accepted (new: false)
[2026-09-29T23:13:32.994Z DEBUG blacksilk_p2p::net::stem] stem tx fc9da87c394c -> peer 4
[2026-09-29T23:13:38.068Z INFO  blacksilk_node] block 1a791bb4139ed908 at height 523 accepted (tip 523)
[2026-09-29T23:13:43.758Z INFO  blacksilk_node] block 42d05926732bfb60 at height 524 accepted (tip 524)
[2026-09-29T23:13:50.229Z DEBUG blacksilk_p2p::net::headers] peer 2: 1 headers up to height 525 accepted (new: true)
[2026-09-29T23:13:50.299Z DEBUG blacksilk_p2p::net::blocks] peer 2: block 617f9dd8f3e4 at height 525 received
[2026-09-29T23:13:50.523Z DEBUG blacksilk_p2p::net::headers] peer 3: 1 headers up to height 525 accepted (new: false)
[2026-09-29T23:13:50.562Z DEBUG blacksilk_p2p::net::headers] peer 4: 1 headers up to height 525 accepted (new: false)
[2026-09-29T23:13:50.562Z DEBUG blacksilk_p2p::net::headers] peer 1: 1 headers up to height 525 accepted (new: false)
[2026-09-29T23:14:04.397Z DEBUG blacksilk_p2p::net::headers] peer 2: 1 headers up to height 526 accepted (new: true)
[2026-09-29T23:14:04.457Z DEBUG blacksilk_p2p::net::blocks] peer 2: block a2513a20e7e7 at height 526 received
[2026-09-29T23:14:04.557Z INFO  blacksilk_node] block 985c348154d0bb4f at height 526 accepted (tip 526)
[2026-09-29T23:14:04.558Z DEBUG blacksilk_p2p::net::headers] peer 4: 1 headers up to height 526 accepted (new: false)
[2026-09-29T23:14:04.736Z DEBUG blacksilk_p2p::net::headers] peer 3: 1 headers up to height 526 accepted (new: false)
[2026-09-29T23:14:07.690Z INFO  blacksilk_node] block ec06940e0aa846a7 at height 527 accepted (tip 527)
[2026-09-29T23:14:13.178Z DEBUG blacksilk_p2p::net::stem] stem tx 0aefb23d6320 -> peer 4
[2026-09-29T23:14:17.382Z DEBUG blacksilk_p2p::net::headers] peer 2: 1 headers up to height 528 accepted (new: true)
[2026-09-29T23:14:17.461Z DEBUG blacksilk_p2p::net::blocks] peer 2: block 95211b4184c9 at height 528 received
[2026-09-29T23:14:17.523Z DEBUG blacksilk_p2p::net::headers] peer 4: 1 headers up to height 528 accepted (new: false)
[2026-09-29T23:14:17.583Z DEBUG blacksilk_p2p::net::headers] peer 1: 1 headers up to height 528 accepted (new: false)
[2026-09-29T23:14:22.360Z INFO  blacksilk_node] block 8b1a04bb691bf5cd at height 529 accepted (tip 529)
[2026-09-29T23:14:30.762Z DEBUG blacksilk_p2p::net::maintenance] embargo expired for 0aefb23d6320
[2026-09-29T23:14:30.770Z DEBUG blacksilk_p2p::net::stem] fluff tx 0aefb23d6320
[2026-09-29T23:14:33.228Z DEBUG blacksilk_p2p::net::stem] stem tx ae78d2a10a0f -> peer 4
[2026-09-29T23:14:50.006Z INFO  blacksilk_node] block 5c547ff14fd90fd2 at height 530 accepted (tip 530)
[2026-09-29T23:14:53.385Z DEBUG blacksilk_p2p::net::stem] stem tx 4545c3ddfa8f -> peer 4
[2026-09-29T23:14:55.196Z DEBUG blacksilk_p2p::net::headers] peer 2: 1 headers up to height 531 accepted (new: true)
[2026-09-29T23:14:55.273Z DEBUG blacksilk_p2p::net::blocks] peer 2: block f3920a3e24f0 at height 531 received
[2026-09-29T23:14:55.339Z DEBUG blacksilk_p2p::net::headers] peer 1: 1 headers up to height 531 accepted (new: false)
[2026-09-29T23:14:55.442Z DEBUG blacksilk_p2p::net::headers] peer 4: 1 headers up to height 531 accepted (new: false)
[2026-09-29T23:15:05.002Z DEBUG blacksilk_p2p::net::maintenance] embargo expired for 4545c3ddfa8f
[2026-09-29T23:15:05.007Z DEBUG blacksilk_p2p::net::stem] fluff tx 4545c3ddfa8f
[2026-09-29T23:15:08.339Z DEBUG blacksilk_p2p::net::headers] peer 2: 1 headers up to height 532 accepted (new: true)
[2026-09-29T23:15:08.405Z DEBUG blacksilk_p2p::net::blocks] peer 2: block 74f85a9c5ab9 at height 532 received
[2026-09-29T23:15:09.638Z DEBUG blacksilk_p2p::net::headers] peer 2: 1 headers up to height 533 accepted (new: true)
[2026-09-29T23:15:09.725Z DEBUG blacksilk_p2p::net::blocks] peer 2: block ee2b76fd414a at height 533 received
[2026-09-29T23:15:09.794Z DEBUG blacksilk_p2p::net::headers] peer 1: 1 headers up to height 533 accepted (new: false)
[2026-09-29T23:15:09.883Z DEBUG blacksilk_p2p::net::headers] peer 3: 1 headers up to height 533 accepted (new: false)
[2026-09-29T23:15:09.971Z DEBUG blacksilk_p2p::net::headers] peer 4: 1 headers up to height 533 accepted (new: false)
[2026-09-29T23:15:13.260Z INFO  blacksilk_node] block 9c068a8585429ca7 at height 534 accepted (tip 534)
[2026-09-29T23:15:13.445Z DEBUG blacksilk_p2p::net::stem] stem tx 0c236ce63743 -> peer 4
[2026-09-29T23:15:17.107Z DEBUG blacksilk_p2p::net::headers] peer 2: 1 headers up to height 535 accepted (new: true)
[2026-09-29T23:15:17.140Z DEBUG blacksilk_p2p::net::headers] peer 1: 1 headers up to height 535 accepted (new: false)
[2026-09-29T23:15:17.184Z DEBUG blacksilk_p2p::net::blocks] peer 2: block 85eb376ae16c at height 535 received
[2026-09-29T23:15:17.268Z DEBUG blacksilk_p2p::net::headers] peer 3: 1 headers up to height 535 accepted (new: false)
[2026-09-29T23:15:17.388Z DEBUG blacksilk_p2p::net::headers] peer 4: 1 headers up to height 535 accepted (new: false)
[2026-09-29T23:15:21.566Z DEBUG blacksilk_p2p::net::headers] peer 2: 1 headers up to height 536 accepted (new: true)
[2026-09-29T23:15:21.620Z DEBUG blacksilk_p2p::net::headers] peer 1: 1 headers up to height 536 accepted (new: false)
[2026-09-29T23:15:21.641Z DEBUG blacksilk_p2p::net::blocks] peer 2: block 769a8439bb9c at height 536 received
[2026-09-29T23:15:21.740Z DEBUG blacksilk_p2p::net::headers] peer 3: 1 headers up to height 536 accepted (new: false)
[2026-09-29T23:15:21.862Z DEBUG blacksilk_p2p::net::headers] peer 4: 1 headers up to height 536 accepted (new: false)
[2026-09-29T23:15:24.732Z DEBUG blacksilk_p2p::net::headers] peer 2: 1 headers up to height 537 accepted (new: true)
[2026-09-29T23:15:24.785Z DEBUG blacksilk_p2p::net::headers] peer 1: 1 headers up to height 537 accepted (new: false)
[2026-09-29T23:15:24.805Z DEBUG blacksilk_p2p::net::blocks] peer 2: block e18c061c8436 at height 537 received
[2026-09-29T23:15:24.927Z DEBUG blacksilk_p2p::net::headers] peer 3: 1 headers up to height 537 accepted (new: false)
[2026-09-29T23:15:25.065Z DEBUG blacksilk_p2p::net::headers] peer 4: 1 headers up to height 537 accepted (new: false)
[2026-09-29T23:15:30.943Z DEBUG blacksilk_p2p::net::headers] peer 2: 1 headers up to height 538 accepted (new: true)
[2026-09-29T23:15:31.021Z DEBUG blacksilk_p2p::net::blocks] peer 2: block 3f72dfdbeb07 at height 538 received
[2026-09-29T23:15:31.167Z DEBUG blacksilk_p2p::net::headers] peer 4: 1 headers up to height 538 accepted (new: false)
[2026-09-29T23:15:31.191Z DEBUG blacksilk_p2p::net::headers] peer 1: 1 headers up to height 538 accepted (new: false)
[2026-09-29T23:15:31.191Z DEBUG blacksilk_p2p::net::headers] peer 3: 1 headers up to height 538 accepted (new: false)
[2026-09-29T23:15:32.180Z INFO  blacksilk_node] block d3ab6267764999e1 at height 538 accepted (tip 538)
[2026-09-29T23:15:33.695Z DEBUG blacksilk_p2p::net::stem] stem tx a0c073569988 -> peer 4
[2026-09-29T23:15:38.578Z INFO  blacksilk_node] block f052d5bbcf5f48e0 at height 539 accepted (tip 539)
[2026-09-29T23:15:43.944Z INFO  blacksilk_node] block c6b43fe9912c77c9 at height 540 accepted (tip 540)
[2026-09-29T23:15:46.727Z INFO  blacksilk_node] block 596964581e8a7b22 at height 541 accepted (tip 541)
[2026-09-29T23:15:53.099Z DEBUG blacksilk_p2p::net::headers] peer 2: 1 headers up to height 542 accepted (new: true)
[2026-09-29T23:15:53.168Z DEBUG blacksilk_p2p::net::blocks] peer 2: block 5c397d8df253 at height 542 received
[2026-09-29T23:15:53.348Z DEBUG blacksilk_p2p::net::headers] peer 4: 1 headers up to height 542 accepted (new: false)
[2026-09-29T23:15:53.432Z DEBUG blacksilk_p2p::net::headers] peer 1: 1 headers up to height 542 accepted (new: false)
[2026-09-29T23:15:53.945Z DEBUG blacksilk_p2p::net::stem] stem tx 53771f253489 -> peer 4
[2026-09-29T23:16:14.023Z DEBUG blacksilk_p2p::net::stem] stem tx 8ef28c87e28c -> peer 4
[2026-09-29T23:16:18.205Z DEBUG blacksilk_p2p::net::headers] peer 2: 1 headers up to height 543 accepted (new: true)
[2026-09-29T23:16:18.275Z DEBUG blacksilk_p2p::net::blocks] peer 2: block d20a14a2a6c5 at height 543 received
[2026-09-29T23:16:18.338Z DEBUG blacksilk_p2p::net::headers] peer 3: 1 headers up to height 543 accepted (new: false)
[2026-09-29T23:16:18.381Z DEBUG blacksilk_p2p::net::headers] peer 1: 1 headers up to height 543 accepted (new: false)
[2026-09-29T23:16:18.417Z DEBUG blacksilk_p2p::net::headers] peer 4: 1 headers up to height 543 accepted (new: false)
[2026-09-29T23:16:23.490Z DEBUG blacksilk_p2p::net::headers] peer 2: 1 headers up to height 544 accepted (new: true)
[2026-09-29T23:16:23.552Z DEBUG blacksilk_p2p::net::blocks] peer 2: block 9e89f1c40cc2 at height 544 received
[2026-09-29T23:16:23.701Z DEBUG blacksilk_p2p::net::headers] peer 4: 1 headers up to height 544 accepted (new: false)
[2026-09-29T23:16:23.701Z DEBUG blacksilk_p2p::net::headers] peer 1: 1 headers up to height 544 accepted (new: false)
[2026-09-29T23:16:44.313Z DEBUG blacksilk_p2p::net::addr_relay] peer 2: addr with 1 entries
[2026-09-29T23:16:44.342Z DEBUG blacksilk_p2p::net::addr_relay] peer 3: addr with 1 entries
[2026-09-29T23:16:46.454Z INFO  blacksilk_p2p::net::conn] connected inbound peer 127.0.0.1:14195 (height 8)
[2026-09-29T23:16:46.454Z DEBUG blacksilk_p2p::net::addr_relay] peer 5: getaddr answered with 5 addresses
[2026-09-29T23:16:46.454Z DEBUG blacksilk_p2p::net::addr_relay] peer 5: addr with 1 entries
