[2026-09-29T22:11:50.669Z INFO  blacksilk_node] blacksilk-node 0.1.0 commit 9b048275425b2993763045b9f1575aba1669dcca
[2026-09-29T22:11:50.669Z INFO  blacksilk_node] regtest: genesis 087d6fd4efbc45eb0a895dd0680a7fd305208cae239b1b4275d7148b29a569b7, consensus fingerprint 5fb8ef8f74efa7631e2d9aa5f809fc0d9ab9273fdc54d45e5aad73f889c5e72b
[2026-09-29T22:11:50.669Z INFO  blacksilk_node] regtest: loading C:/bszkeval/w4-lab-scratch/run3\node3
[2026-09-29T22:11:50.674Z INFO  blacksilk_node] chain loaded in 4.9ms: height 0, tip 087d6fd4efbc45eb
[2026-09-29T22:11:50.677Z INFO  blacksilk_node] P2P listening on 127.0.0.1:53061
[2026-09-29T22:11:50.677Z INFO  blacksilk_node] RPC listening on http://127.0.0.1:53060
[2026-09-29T22:11:50.685Z WARN  blacksilk_node::cookie] the data directory C:/bszkeval/w4-lab-scratch/run3\node3 is outside your user profile: on Windows the RPC cookie is protected only by that directory's permissions; make sure other users cannot read it
[2026-09-29T22:11:50.685Z INFO  blacksilk_node::serve] RPC credential written to C:/bszkeval/w4-lab-scratch/run3\node3\rpc.cookie (clients read it: --rpc-cookie)
[2026-09-29T22:11:51.061Z INFO  blacksilk_p2p::net::conn] connected inbound peer 127.0.0.1:11875 (height 0)
[2026-09-29T22:11:51.130Z DEBUG blacksilk_p2p::net::addr_relay] peer 1: getaddr answered with 1 addresses
[2026-09-29T22:11:51.146Z INFO  blacksilk_p2p::net::conn] connected outbound peer 127.0.0.1:55124 (height 0)
[2026-09-29T22:11:51.146Z DEBUG blacksilk_p2p::net::addr_relay] peer 2: addr with 1 entries
[2026-09-29T22:11:51.146Z INFO  blacksilk_p2p::net::conn] connected outbound peer 127.0.0.1:55120 (height 0)
[2026-09-29T22:11:51.146Z DEBUG blacksilk_p2p::net::addr_relay] peer 3: addr with 1 entries
[2026-09-29T22:11:51.162Z DEBUG blacksilk_p2p::net::addr_relay] peer 1: addr with 1 entries
[2026-09-29T22:11:51.177Z INFO  blacksilk_p2p::net::conn] connected inbound peer 127.0.0.1:11892 (height 0)
[2026-09-29T22:11:51.193Z DEBUG blacksilk_p2p::net::addr_relay] peer 1: addr with 1 entries
[2026-09-29T22:11:51.193Z DEBUG blacksilk_p2p::net::addr_relay] peer 127.0.0.1:11875: 1 addresses over the rate limit dropped
[2026-09-29T22:11:51.193Z DEBUG blacksilk_p2p::net::addr_relay] peer 1: addr with 1 entries
[2026-09-29T22:11:51.193Z DEBUG blacksilk_p2p::net::addr_relay] peer 127.0.0.1:11875: 1 addresses over the rate limit dropped
[2026-09-29T22:11:51.193Z DEBUG blacksilk_p2p::net::addr_relay] peer 3: addr with 1 entries
[2026-09-29T22:11:51.208Z DEBUG blacksilk_p2p::net::addr_relay] peer 3: addr with 4 entries
[2026-09-29T22:11:51.209Z DEBUG blacksilk_p2p::net::addr_relay] peer 2: addr with 4 entries
[2026-09-29T22:11:51.249Z DEBUG blacksilk_p2p::net::addr_relay] peer 4: getaddr answered with 4 addresses
[2026-09-29T22:11:51.249Z DEBUG blacksilk_p2p::net::addr_relay] peer 4: addr with 1 entries
[2026-09-29T22:11:58.796Z INFO  blacksilk_chain::manager::template] caught up at height 0: block templates are served from now on
[2026-09-29T22:11:58.796Z DEBUG blacksilk_p2p::net::headers] peer 3: 1 headers up to height 1 accepted (new: true)
[2026-09-29T22:11:58.894Z DEBUG blacksilk_p2p::net::blocks] peer 3: block e93b84b62371 at height 1 received
[2026-09-29T22:12:01.686Z DEBUG blacksilk_p2p::net::headers] peer 3: 1 headers up to height 2 accepted (new: true)
[2026-09-29T22:12:01.760Z DEBUG blacksilk_p2p::net::blocks] peer 3: block e13f25698690 at height 2 received
[2026-09-29T22:12:01.893Z DEBUG blacksilk_p2p::net::headers] peer 4: 1 headers up to height 2 accepted (new: false)
[2026-09-29T22:12:01.963Z DEBUG blacksilk_p2p::net::headers] peer 2: 1 headers up to height 2 accepted (new: false)
[2026-09-29T22:12:01.979Z DEBUG blacksilk_p2p::net::headers] peer 1: 1 headers up to height 2 accepted (new: false)
[2026-09-29T22:12:04.613Z DEBUG blacksilk_p2p::net::headers] peer 3: 1 headers up to height 3 accepted (new: true)
[2026-09-29T22:12:04.683Z DEBUG blacksilk_p2p::net::blocks] peer 3: block 4f577e9a3420 at height 3 received
[2026-09-29T22:12:04.863Z DEBUG blacksilk_p2p::net::headers] peer 1: 1 headers up to height 3 accepted (new: false)
[2026-09-29T22:12:07.929Z DEBUG blacksilk_p2p::net::headers] peer 3: 1 headers up to height 4 accepted (new: true)
[2026-09-29T22:12:08.041Z DEBUG blacksilk_p2p::net::blocks] peer 3: block 739a24148bed at height 4 received
[2026-09-29T22:12:08.155Z DEBUG blacksilk_p2p::net::headers] peer 1: 1 headers up to height 4 accepted (new: false)
[2026-09-29T22:12:11.243Z DEBUG blacksilk_p2p::net::headers] peer 3: 1 headers up to height 5 accepted (new: true)
[2026-09-29T22:12:11.324Z DEBUG blacksilk_p2p::net::blocks] peer 3: block 15947f0ed3ad at height 5 received
[2026-09-29T22:12:11.447Z DEBUG blacksilk_p2p::net::headers] peer 1: 1 headers up to height 5 accepted (new: false)
[2026-09-29T22:12:11.447Z DEBUG blacksilk_p2p::net::headers] peer 4: 1 headers up to height 5 accepted (new: false)
[2026-09-29T22:12:11.548Z DEBUG blacksilk_p2p::net::headers] peer 2: 1 headers up to height 5 accepted (new: false)
[2026-09-29T22:12:14.627Z DEBUG blacksilk_p2p::net::headers] peer 3: 1 headers up to height 6 accepted (new: true)
[2026-09-29T22:12:14.773Z DEBUG blacksilk_p2p::net::blocks] peer 3: block 942c5640a3be at height 6 received
[2026-09-29T22:12:15.054Z DEBUG blacksilk_p2p::net::headers] peer 1: 1 headers up to height 6 accepted (new: false)
[2026-09-29T22:12:17.610Z DEBUG blacksilk_p2p::net::headers] peer 3: 1 headers up to height 7 accepted (new: true)
[2026-09-29T22:12:17.673Z DEBUG blacksilk_p2p::net::blocks] peer 3: block e10634d8f022 at height 7 received
[2026-09-29T22:12:21.077Z DEBUG blacksilk_p2p::net::headers] peer 3: 1 headers up to height 8 accepted (new: true)
[2026-09-29T22:12:21.209Z DEBUG blacksilk_p2p::net::blocks] peer 3: block 4cc14b26dac5 at height 8 received
[2026-09-29T22:12:21.260Z DEBUG blacksilk_p2p::net::headers] peer 1: 1 headers up to height 8 accepted (new: false)
[2026-09-29T22:12:21.292Z DEBUG blacksilk_p2p::net::headers] peer 2: 1 headers up to height 8 accepted (new: false)
[2026-09-29T22:12:24.379Z DEBUG blacksilk_p2p::net::headers] peer 3: 1 headers up to height 9 accepted (new: true)
[2026-09-29T22:12:24.450Z DEBUG blacksilk_p2p::net::blocks] peer 3: block a5c95297000f at height 9 received
[2026-09-29T22:12:24.551Z DEBUG blacksilk_p2p::net::headers] peer 4: 1 headers up to height 9 accepted (new: false)
[2026-09-29T22:12:24.635Z DEBUG blacksilk_p2p::net::headers] peer 2: 1 headers up to height 9 accepted (new: false)
[2026-09-29T22:12:24.635Z DEBUG blacksilk_p2p::net::headers] peer 1: 1 headers up to height 9 accepted (new: false)
[2026-09-29T22:12:27.959Z DEBUG blacksilk_p2p::net::headers] peer 3: 1 headers up to height 10 accepted (new: true)
[2026-09-29T22:12:28.020Z DEBUG blacksilk_p2p::net::blocks] peer 3: block 9f48544ad9bc at height 10 received
[2026-09-29T22:12:28.154Z DEBUG blacksilk_p2p::net::headers] peer 1: 1 headers up to height 10 accepted (new: false)
[2026-09-29T22:12:28.260Z DEBUG blacksilk_p2p::net::headers] peer 4: 1 headers up to height 10 accepted (new: false)
[2026-09-29T22:12:29.961Z DEBUG blacksilk_p2p::net::headers] peer 3: 1 headers up to height 11 accepted (new: true)
[2026-09-29T22:12:30.024Z DEBUG blacksilk_p2p::net::blocks] peer 3: block 1dadd828276d at height 11 received
[2026-09-29T22:12:33.790Z DEBUG blacksilk_p2p::net::headers] peer 3: 1 headers up to height 12 accepted (new: true)
[2026-09-29T22:12:33.850Z DEBUG blacksilk_p2p::net::headers] peer 1: 1 headers up to height 12 accepted (new: false)
[2026-09-29T22:12:33.881Z DEBUG blacksilk_p2p::net::headers] peer 2: 1 headers up to height 12 accepted (new: false)
[2026-09-29T22:12:33.897Z DEBUG blacksilk_p2p::net::blocks] peer 3: block 0b4ca395ceb5 at height 12 received
[2026-09-29T22:12:34.237Z DEBUG blacksilk_p2p::net::headers] peer 4: 1 headers up to height 12 accepted (new: false)
[2026-09-29T22:12:37.275Z DEBUG blacksilk_p2p::net::headers] peer 3: 1 headers up to height 13 accepted (new: true)
[2026-09-29T22:12:37.396Z DEBUG blacksilk_p2p::net::blocks] peer 3: block b80d224e835b at height 13 received
[2026-09-29T22:12:37.494Z DEBUG blacksilk_p2p::net::headers] peer 4: 1 headers up to height 13 accepted (new: false)
[2026-09-29T22:12:37.525Z DEBUG blacksilk_p2p::net::headers] peer 1: 1 headers up to height 13 accepted (new: false)
[2026-09-29T22:12:41.258Z DEBUG blacksilk_p2p::net::headers] peer 3: 1 headers up to height 14 accepted (new: true)
[2026-09-29T22:12:41.325Z DEBUG blacksilk_p2p::net::blocks] peer 3: block b12f2e80dba7 at height 14 received
[2026-09-29T22:12:43.041Z DEBUG blacksilk_p2p::net::headers] peer 3: 1 headers up to height 15 accepted (new: true)
[2026-09-29T22:12:43.041Z DEBUG blacksilk_p2p::net::headers] peer 1: 1 headers up to height 14 accepted (new: false)
[2026-09-29T22:12:43.060Z DEBUG blacksilk_p2p::net::headers] peer 4: 1 headers up to height 14 accepted (new: false)
[2026-09-29T22:12:43.060Z DEBUG blacksilk_p2p::net::headers] peer 2: 1 headers up to height 14 accepted (new: false)
[2026-09-29T22:12:43.113Z DEBUG blacksilk_p2p::net::blocks] peer 3: block 9678f2274f1c at height 15 received
[2026-09-29T22:12:43.118Z DEBUG blacksilk_p2p::net::headers] peer 4: 1 headers up to height 15 accepted (new: false)
[2026-09-29T22:12:43.129Z DEBUG blacksilk_p2p::net::headers] peer 1: 1 headers up to height 15 accepted (new: false)
[2026-09-29T22:12:43.296Z DEBUG blacksilk_p2p::net::headers] peer 2: 1 headers up to height 15 accepted (new: false)
[2026-09-29T22:12:45.495Z DEBUG blacksilk_p2p::net::headers] peer 3: 1 headers up to height 16 accepted (new: true)
[2026-09-29T22:12:45.566Z DEBUG blacksilk_p2p::net::blocks] peer 3: block 6feceef83f0b at height 16 received
[2026-09-29T22:12:45.569Z DEBUG blacksilk_p2p::net::headers] peer 2: 1 headers up to height 16 accepted (new: false)
[2026-09-29T22:12:45.702Z DEBUG blacksilk_p2p::net::headers] peer 4: 1 headers up to height 16 accepted (new: false)
[2026-09-29T22:12:45.764Z DEBUG blacksilk_p2p::net::headers] peer 1: 1 headers up to height 16 accepted (new: false)
[2026-09-29T22:12:48.262Z DEBUG blacksilk_p2p::net::headers] peer 3: 1 headers up to height 17 accepted (new: true)
[2026-09-29T22:12:48.401Z DEBUG blacksilk_p2p::net::blocks] peer 3: block 5e305fa9f64d at height 17 received
[2026-09-29T22:12:48.636Z DEBUG blacksilk_p2p::net::headers] peer 1: 1 headers up to height 17 accepted (new: false)
[2026-09-29T22:12:48.636Z DEBUG blacksilk_p2p::net::headers] peer 2: 1 headers up to height 17 accepted (new: false)
[2026-09-29T22:12:48.687Z DEBUG blacksilk_p2p::net::headers] peer 4: 1 headers up to height 17 accepted (new: false)
[2026-09-29T22:12:51.352Z DEBUG blacksilk_p2p::net::headers] peer 3: 1 headers up to height 18 accepted (new: true)
[2026-09-29T22:12:51.426Z DEBUG blacksilk_p2p::net::blocks] peer 3: block aae1fd608a5c at height 18 received
[2026-09-29T22:12:51.559Z DEBUG blacksilk_p2p::net::headers] peer 1: 1 headers up to height 18 accepted (new: false)
[2026-09-29T22:12:51.593Z DEBUG blacksilk_p2p::net::headers] peer 2: 1 headers up to height 18 accepted (new: false)
[2026-09-29T22:12:54.668Z DEBUG blacksilk_p2p::net::headers] peer 3: 1 headers up to height 19 accepted (new: true)
[2026-09-29T22:12:54.747Z DEBUG blacksilk_p2p::net::blocks] peer 3: block fb5e3cb08c95 at height 19 received
[2026-09-29T22:12:54.814Z DEBUG blacksilk_p2p::net::headers] peer 4: 1 headers up to height 19 accepted (new: false)
[2026-09-29T22:12:54.830Z DEBUG blacksilk_p2p::net::headers] peer 1: 1 headers up to height 19 accepted (new: false)
[2026-09-29T22:12:54.896Z DEBUG blacksilk_p2p::net::headers] peer 2: 1 headers up to height 19 accepted (new: false)
[2026-09-29T22:12:57.193Z DEBUG blacksilk_p2p::net::headers] peer 3: 1 headers up to height 20 accepted (new: true)
[2026-09-29T22:12:57.278Z DEBUG blacksilk_p2p::net::blocks] peer 3: block a86ad3960864 at height 20 received
[2026-09-29T22:12:57.569Z DEBUG blacksilk_p2p::net::headers] peer 2: 1 headers up to height 20 accepted (new: false)
[2026-09-29T22:12:57.602Z DEBUG blacksilk_p2p::net::headers] peer 4: 1 headers up to height 20 accepted (new: false)
[2026-09-29T22:13:00.680Z DEBUG blacksilk_p2p::net::headers] peer 3: 1 headers up to height 21 accepted (new: true)
[2026-09-29T22:13:00.741Z DEBUG blacksilk_p2p::net::blocks] peer 3: block b6c39f3cd6c2 at height 21 received
[2026-09-29T22:13:00.847Z DEBUG blacksilk_p2p::net::headers] peer 2: 1 headers up to height 21 accepted (new: false)
[2026-09-29T22:13:04.280Z DEBUG blacksilk_p2p::net::headers] peer 3: 1 headers up to height 22 accepted (new: true)
[2026-09-29T22:13:04.280Z DEBUG blacksilk_p2p::net::headers] peer 1: 1 headers up to height 22 accepted (new: false)
[2026-09-29T22:13:04.345Z DEBUG blacksilk_p2p::net::blocks] peer 3: block ccd1d049594c at height 22 received
[2026-09-29T22:13:05.806Z DEBUG blacksilk_p2p::net::headers] peer 3: 1 headers up to height 23 accepted (new: true)
[2026-09-29T22:13:05.807Z DEBUG blacksilk_p2p::net::headers] peer 4: 1 headers up to height 22 accepted (new: false)
[2026-09-29T22:13:05.827Z DEBUG blacksilk_p2p::net::headers] peer 2: 1 headers up to height 22 accepted (new: false)
[2026-09-29T22:13:05.876Z DEBUG blacksilk_p2p::net::blocks] peer 3: block a2d79d81d8ea at height 23 received
[2026-09-29T22:13:05.924Z DEBUG blacksilk_p2p::net::headers] peer 1: 1 headers up to height 23 accepted (new: false)
[2026-09-29T22:13:05.997Z DEBUG blacksilk_p2p::net::headers] peer 4: 1 headers up to height 23 accepted (new: false)
[2026-09-29T22:13:06.097Z DEBUG blacksilk_p2p::net::headers] peer 2: 1 headers up to height 23 accepted (new: false)
[2026-09-29T22:13:08.212Z DEBUG blacksilk_p2p::net::headers] peer 3: 1 headers up to height 24 accepted (new: true)
[2026-09-29T22:13:08.351Z DEBUG blacksilk_p2p::net::blocks] peer 3: block 72ebb589ac0b at height 24 received
[2026-09-29T22:13:08.430Z DEBUG blacksilk_p2p::net::headers] peer 4: 1 headers up to height 24 accepted (new: false)
[2026-09-29T22:13:11.480Z DEBUG blacksilk_p2p::net::headers] peer 3: 1 headers up to height 25 accepted (new: true)
[2026-09-29T22:13:11.563Z DEBUG blacksilk_p2p::net::blocks] peer 3: block 115ef0ba6a4b at height 25 received
[2026-09-29T22:13:15.061Z DEBUG blacksilk_p2p::net::headers] peer 3: 1 headers up to height 26 accepted (new: true)
[2026-09-29T22:13:15.128Z DEBUG blacksilk_p2p::net::blocks] peer 3: block ac246aa25f13 at height 26 received
[2026-09-29T22:13:15.214Z DEBUG blacksilk_p2p::net::headers] peer 1: 1 headers up to height 26 accepted (new: false)
[2026-09-29T22:13:15.263Z DEBUG blacksilk_p2p::net::headers] peer 4: 1 headers up to height 26 accepted (new: false)
[2026-09-29T22:13:17.086Z DEBUG blacksilk_p2p::net::headers] peer 3: 1 headers up to height 27 accepted (new: true)
[2026-09-29T22:13:17.169Z DEBUG blacksilk_p2p::net::blocks] peer 3: block e53db3f07cd1 at height 27 received
[2026-09-29T22:13:17.423Z DEBUG blacksilk_p2p::net::headers] peer 2: 1 headers up to height 27 accepted (new: false)
[2026-09-29T22:13:20.392Z DEBUG blacksilk_p2p::net::headers] peer 3: 1 headers up to height 28 accepted (new: true)
[2026-09-29T22:13:20.455Z DEBUG blacksilk_p2p::net::blocks] peer 3: block 37a182a1a4e6 at height 28 received
[2026-09-29T22:13:20.605Z DEBUG blacksilk_p2p::net::headers] peer 4: 1 headers up to height 28 accepted (new: false)
[2026-09-29T22:13:20.605Z DEBUG blacksilk_p2p::net::headers] peer 1: 1 headers up to height 28 accepted (new: false)
[2026-09-29T22:13:20.887Z DEBUG blacksilk_p2p::net::headers] peer 2: 1 headers up to height 28 accepted (new: false)
[2026-09-29T22:13:23.863Z DEBUG blacksilk_p2p::net::headers] peer 3: 1 headers up to height 29 accepted (new: true)
[2026-09-29T22:13:24.038Z DEBUG blacksilk_p2p::net::blocks] peer 3: block e3de2e461cbf at height 29 received
[2026-09-29T22:13:26.687Z DEBUG blacksilk_p2p::net::headers] peer 3: 1 headers up to height 30 accepted (new: true)
[2026-09-29T22:13:26.764Z DEBUG blacksilk_p2p::net::blocks] peer 3: block 42c4f39a7837 at height 30 received
[2026-09-29T22:13:28.747Z DEBUG blacksilk_p2p::net::headers] peer 3: 1 headers up to height 31 accepted (new: true)
[2026-09-29T22:13:28.834Z DEBUG blacksilk_p2p::net::blocks] peer 3: block e4ce6b8c159c at height 31 received
[2026-09-29T22:13:28.988Z DEBUG blacksilk_p2p::net::headers] peer 2: 1 headers up to height 31 accepted (new: false)
[2026-09-29T22:13:29.021Z DEBUG blacksilk_p2p::net::headers] peer 4: 1 headers up to height 31 accepted (new: false)
[2026-09-29T22:13:29.189Z DEBUG blacksilk_p2p::net::headers] peer 1: 1 headers up to height 31 accepted (new: false)
[2026-09-29T22:13:31.778Z DEBUG blacksilk_p2p::net::headers] peer 3: 1 headers up to height 32 accepted (new: true)
[2026-09-29T22:13:31.838Z DEBUG blacksilk_p2p::net::blocks] peer 3: block 1eea6a6157de at height 32 received
[2026-09-29T22:13:32.050Z DEBUG blacksilk_p2p::net::headers] peer 1: 1 headers up to height 32 accepted (new: false)
[2026-09-29T22:13:34.570Z DEBUG blacksilk_p2p::net::headers] peer 3: 1 headers up to height 33 accepted (new: true)
[2026-09-29T22:13:34.685Z DEBUG blacksilk_p2p::net::headers] peer 1: 1 headers up to height 33 accepted (new: false)
[2026-09-29T22:13:34.753Z DEBUG blacksilk_p2p::net::blocks] peer 3: block df227f5b7e52 at height 33 received
[2026-09-29T22:13:34.899Z DEBUG blacksilk_p2p::net::headers] peer 4: 1 headers up to height 33 accepted (new: false)
[2026-09-29T22:13:37.518Z DEBUG blacksilk_p2p::net::headers] peer 3: 1 headers up to height 34 accepted (new: true)
[2026-09-29T22:13:37.645Z DEBUG blacksilk_p2p::net::blocks] peer 3: block 71f9deff26df at height 34 received
[2026-09-29T22:13:37.690Z DEBUG blacksilk_p2p::net::headers] peer 1: 1 headers up to height 34 accepted (new: false)
[2026-09-29T22:13:37.733Z DEBUG blacksilk_p2p::net::headers] peer 2: 1 headers up to height 34 accepted (new: false)
[2026-09-29T22:13:37.819Z DEBUG blacksilk_p2p::net::headers] peer 4: 1 headers up to height 34 accepted (new: false)
[2026-09-29T22:13:39.573Z DEBUG blacksilk_p2p::net::headers] peer 3: 1 headers up to height 35 accepted (new: true)
[2026-09-29T22:13:39.651Z DEBUG blacksilk_p2p::net::blocks] peer 3: block 00431a52c343 at height 35 received
[2026-09-29T22:13:39.651Z DEBUG blacksilk_p2p::net::headers] peer 4: 1 headers up to height 35 accepted (new: false)
[2026-09-29T22:13:39.718Z DEBUG blacksilk_p2p::net::headers] peer 2: 1 headers up to height 35 accepted (new: false)
[2026-09-29T22:13:39.885Z DEBUG blacksilk_p2p::net::headers] peer 1: 1 headers up to height 35 accepted (new: false)
[2026-09-29T22:13:42.068Z DEBUG blacksilk_p2p::net::headers] peer 3: 1 headers up to height 36 accepted (new: true)
[2026-09-29T22:13:42.136Z DEBUG blacksilk_p2p::net::blocks] peer 3: block 16848407cadc at height 36 received
[2026-09-29T22:13:42.154Z DEBUG blacksilk_p2p::net::headers] peer 1: 1 headers up to height 36 accepted (new: false)
[2026-09-29T22:13:42.179Z DEBUG blacksilk_p2p::net::headers] peer 2: 1 headers up to height 36 accepted (new: false)
[2026-09-29T22:13:42.248Z DEBUG blacksilk_p2p::net::headers] peer 4: 1 headers up to height 36 accepted (new: false)
[2026-09-29T22:13:45.142Z DEBUG blacksilk_p2p::net::headers] peer 3: 1 headers up to height 37 accepted (new: true)
[2026-09-29T22:13:45.251Z DEBUG blacksilk_p2p::net::blocks] peer 3: block 3d836107dffe at height 37 received
[2026-09-29T22:13:45.474Z DEBUG blacksilk_p2p::net::headers] peer 4: 1 headers up to height 37 accepted (new: false)
[2026-09-29T22:13:45.582Z DEBUG blacksilk_p2p::net::headers] peer 2: 1 headers up to height 37 accepted (new: false)
[2026-09-29T22:13:45.594Z DEBUG blacksilk_p2p::net::headers] peer 1: 1 headers up to height 37 accepted (new: false)
[2026-09-29T22:13:48.300Z DEBUG blacksilk_p2p::net::headers] peer 3: 1 headers up to height 38 accepted (new: true)
[2026-09-29T22:13:48.397Z DEBUG blacksilk_p2p::net::blocks] peer 3: block f44dc689114e at height 38 received
[2026-09-29T22:13:48.397Z DEBUG blacksilk_p2p::net::headers] peer 1: 1 headers up to height 38 accepted (new: false)
[2026-09-29T22:13:48.432Z DEBUG blacksilk_p2p::net::headers] peer 4: 1 headers up to height 38 accepted (new: false)
[2026-09-29T22:13:48.598Z DEBUG blacksilk_p2p::net::headers] peer 2: 1 headers up to height 38 accepted (new: false)
[2026-09-29T22:13:50.329Z DEBUG blacksilk_p2p::net::headers] peer 3: 1 headers up to height 39 accepted (new: true)
[2026-09-29T22:13:50.452Z DEBUG blacksilk_p2p::net::blocks] peer 3: block e8142b8069ef at height 39 received
[2026-09-29T22:13:50.585Z DEBUG blacksilk_p2p::net::headers] peer 1: 1 headers up to height 39 accepted (new: false)
[2026-09-29T22:13:50.702Z DEBUG blacksilk_p2p::net::headers] peer 4: 1 headers up to height 39 accepted (new: false)
[2026-09-29T22:13:50.826Z DEBUG blacksilk_p2p::net::headers] peer 2: 1 headers up to height 39 accepted (new: false)
[2026-09-29T22:13:52.936Z DEBUG blacksilk_p2p::net::headers] peer 3: 1 headers up to height 40 accepted (new: true)
[2026-09-29T22:13:53.000Z DEBUG blacksilk_p2p::net::blocks] peer 3: block 2443c192c0d3 at height 40 received
[2026-09-29T22:13:53.139Z DEBUG blacksilk_p2p::net::headers] peer 1: 1 headers up to height 40 accepted (new: false)
[2026-09-29T22:13:53.204Z DEBUG blacksilk_p2p::net::headers] peer 4: 1 headers up to height 40 accepted (new: false)
[2026-09-29T22:13:53.238Z DEBUG blacksilk_p2p::net::headers] peer 2: 1 headers up to height 40 accepted (new: false)
[2026-09-29T22:13:56.096Z DEBUG blacksilk_p2p::net::headers] peer 3: 1 headers up to height 41 accepted (new: true)
[2026-09-29T22:13:56.157Z DEBUG blacksilk_p2p::net::blocks] peer 3: block a340b5651823 at height 41 received
[2026-09-29T22:13:56.257Z DEBUG blacksilk_p2p::net::headers] peer 1: 1 headers up to height 41 accepted (new: false)
[2026-09-29T22:13:56.288Z DEBUG blacksilk_p2p::net::headers] peer 4: 1 headers up to height 41 accepted (new: false)
[2026-09-29T22:13:58.823Z DEBUG blacksilk_p2p::net::headers] peer 3: 1 headers up to height 42 accepted (new: true)
[2026-09-29T22:13:58.993Z DEBUG blacksilk_p2p::net::blocks] peer 3: block daebac6c2b0c at height 42 received
[2026-09-29T22:13:59.211Z DEBUG blacksilk_p2p::net::headers] peer 2: 1 headers up to height 42 accepted (new: false)
[2026-09-29T22:13:59.266Z DEBUG blacksilk_p2p::net::headers] peer 1: 1 headers up to height 42 accepted (new: false)
[2026-09-29T22:14:01.375Z DEBUG blacksilk_p2p::net::headers] peer 3: 1 headers up to height 43 accepted (new: true)
[2026-09-29T22:14:01.442Z DEBUG blacksilk_p2p::net::blocks] peer 3: block e7107d614676 at height 43 received
[2026-09-29T22:14:04.527Z DEBUG blacksilk_p2p::net::headers] peer 3: 1 headers up to height 44 accepted (new: true)
[2026-09-29T22:14:04.590Z DEBUG blacksilk_p2p::net::blocks] peer 3: block d5048335656b at height 44 received
[2026-09-29T22:14:04.755Z DEBUG blacksilk_p2p::net::headers] peer 4: 1 headers up to height 44 accepted (new: false)
[2026-09-29T22:14:04.756Z DEBUG blacksilk_p2p::net::headers] peer 1: 1 headers up to height 44 accepted (new: false)
[2026-09-29T22:14:04.845Z DEBUG blacksilk_p2p::net::headers] peer 2: 1 headers up to height 44 accepted (new: false)
[2026-09-29T22:14:08.062Z DEBUG blacksilk_p2p::net::headers] peer 3: 1 headers up to height 45 accepted (new: true)
[2026-09-29T22:14:08.160Z DEBUG blacksilk_p2p::net::blocks] peer 3: block ad0c13302bc9 at height 45 received
[2026-09-29T22:14:08.217Z DEBUG blacksilk_p2p::net::headers] peer 1: 1 headers up to height 45 accepted (new: false)
[2026-09-29T22:14:08.329Z DEBUG blacksilk_p2p::net::headers] peer 4: 1 headers up to height 45 accepted (new: false)
[2026-09-29T22:14:08.360Z DEBUG blacksilk_p2p::net::headers] peer 2: 1 headers up to height 45 accepted (new: false)
[2026-09-29T22:14:11.354Z DEBUG blacksilk_p2p::net::headers] peer 3: 1 headers up to height 46 accepted (new: true)
[2026-09-29T22:14:11.484Z DEBUG blacksilk_p2p::net::blocks] peer 3: block bc9ca3bb9b90 at height 46 received
[2026-09-29T22:14:12.802Z DEBUG blacksilk_p2p::net::headers] peer 3: 1 headers up to height 47 accepted (new: true)
[2026-09-29T22:14:12.802Z DEBUG blacksilk_p2p::net::headers] peer 2: 1 headers up to height 46 accepted (new: false)
[2026-09-29T22:14:12.813Z DEBUG blacksilk_p2p::net::headers] peer 1: 1 headers up to height 46 accepted (new: false)
[2026-09-29T22:14:12.813Z DEBUG blacksilk_p2p::net::headers] peer 4: 1 headers up to height 46 accepted (new: false)
[2026-09-29T22:14:12.868Z DEBUG blacksilk_p2p::net::blocks] peer 3: block 01d09f841845 at height 47 received
[2026-09-29T22:14:12.978Z DEBUG blacksilk_p2p::net::headers] peer 2: 1 headers up to height 47 accepted (new: false)
[2026-09-29T22:14:15.721Z DEBUG blacksilk_p2p::net::headers] peer 3: 1 headers up to height 48 accepted (new: true)
[2026-09-29T22:14:15.792Z DEBUG blacksilk_p2p::net::blocks] peer 3: block bdb379fb0048 at height 48 received
[2026-09-29T22:14:15.890Z DEBUG blacksilk_p2p::net::headers] peer 2: 1 headers up to height 48 accepted (new: false)
[2026-09-29T22:14:15.934Z DEBUG blacksilk_p2p::net::headers] peer 1: 1 headers up to height 48 accepted (new: false)
[2026-09-29T22:14:18.730Z DEBUG blacksilk_p2p::net::headers] peer 3: 1 headers up to height 49 accepted (new: true)
[2026-09-29T22:14:18.812Z DEBUG blacksilk_p2p::net::blocks] peer 3: block 2adb09340964 at height 49 received
[2026-09-29T22:14:18.951Z DEBUG blacksilk_p2p::net::headers] peer 2: 1 headers up to height 49 accepted (new: false)
[2026-09-29T22:14:19.029Z DEBUG blacksilk_p2p::net::headers] peer 4: 1 headers up to height 49 accepted (new: false)
[2026-09-29T22:14:19.029Z DEBUG blacksilk_p2p::net::headers] peer 1: 1 headers up to height 49 accepted (new: false)
[2026-09-29T22:14:22.000Z DEBUG blacksilk_p2p::net::headers] peer 3: 1 headers up to height 50 accepted (new: true)
[2026-09-29T22:14:22.081Z DEBUG blacksilk_p2p::net::blocks] peer 3: block cee9c06bc462 at height 50 received
[2026-09-29T22:14:22.247Z DEBUG blacksilk_p2p::net::headers] peer 4: 1 headers up to height 50 accepted (new: false)
[2026-09-29T22:14:22.268Z DEBUG blacksilk_p2p::net::headers] peer 2: 1 headers up to height 50 accepted (new: false)
[2026-09-29T22:14:22.269Z DEBUG blacksilk_p2p::net::headers] peer 1: 1 headers up to height 50 accepted (new: false)
[2026-09-29T22:14:23.283Z DEBUG blacksilk_p2p::net::headers] peer 3: 1 headers up to height 51 accepted (new: true)
[2026-09-29T22:14:23.325Z DEBUG blacksilk_p2p::net::headers] peer 4: 1 headers up to height 51 accepted (new: false)
[2026-09-29T22:14:23.356Z DEBUG blacksilk_p2p::net::blocks] peer 3: block 9bb17010c912 at height 51 received
[2026-09-29T22:14:25.088Z DEBUG blacksilk_p2p::net::headers] peer 3: 1 headers up to height 52 accepted (new: true)
[2026-09-29T22:14:25.168Z DEBUG blacksilk_p2p::net::blocks] peer 3: block 7f3078cf8ee4 at height 52 received
[2026-09-29T22:14:25.212Z DEBUG blacksilk_p2p::net::headers] peer 2: 1 headers up to height 52 accepted (new: false)
[2026-09-29T22:14:26.390Z DEBUG blacksilk_p2p::net::headers] peer 3: 1 headers up to height 53 accepted (new: true)
[2026-09-29T22:14:26.458Z DEBUG blacksilk_p2p::net::blocks] peer 3: block 003904c10b03 at height 53 received
[2026-09-29T22:14:26.517Z DEBUG blacksilk_p2p::net::headers] peer 1: 1 headers up to height 53 accepted (new: false)
[2026-09-29T22:14:26.542Z DEBUG blacksilk_p2p::net::headers] peer 2: 1 headers up to height 53 accepted (new: false)
[2026-09-29T22:14:28.131Z DEBUG blacksilk_p2p::net::headers] peer 3: 1 headers up to height 54 accepted (new: true)
[2026-09-29T22:14:28.243Z DEBUG blacksilk_p2p::net::blocks] peer 3: block c6a30569fc08 at height 54 received
[2026-09-29T22:14:28.400Z DEBUG blacksilk_p2p::net::headers] peer 4: 1 headers up to height 54 accepted (new: false)
[2026-09-29T22:14:28.400Z DEBUG blacksilk_p2p::net::headers] peer 1: 1 headers up to height 54 accepted (new: false)
[2026-09-29T22:14:30.089Z DEBUG blacksilk_p2p::net::headers] peer 3: 1 headers up to height 55 accepted (new: true)
[2026-09-29T22:14:30.168Z DEBUG blacksilk_p2p::net::blocks] peer 3: block dc376193be47 at height 55 received
[2026-09-29T22:14:30.269Z DEBUG blacksilk_p2p::net::headers] peer 1: 1 headers up to height 55 accepted (new: false)
[2026-09-29T22:14:30.288Z DEBUG blacksilk_p2p::net::headers] peer 2: 1 headers up to height 55 accepted (new: false)
[2026-09-29T22:14:30.288Z DEBUG blacksilk_p2p::net::headers] peer 4: 1 headers up to height 55 accepted (new: false)
[2026-09-29T22:14:31.722Z DEBUG blacksilk_p2p::net::headers] peer 3: 1 headers up to height 56 accepted (new: true)
[2026-09-29T22:14:31.801Z DEBUG blacksilk_p2p::net::blocks] peer 3: block 084022620dda at height 56 received
[2026-09-29T22:14:31.901Z DEBUG blacksilk_p2p::net::headers] peer 2: 1 headers up to height 56 accepted (new: false)
[2026-09-29T22:14:31.901Z DEBUG blacksilk_p2p::net::headers] peer 4: 1 headers up to height 56 accepted (new: false)
[2026-09-29T22:14:33.253Z DEBUG blacksilk_p2p::net::headers] peer 3: 1 headers up to height 57 accepted (new: true)
[2026-09-29T22:14:33.320Z DEBUG blacksilk_p2p::net::blocks] peer 3: block 9668f18d074b at height 57 received
[2026-09-29T22:14:33.453Z DEBUG blacksilk_p2p::net::headers] peer 1: 1 headers up to height 57 accepted (new: false)
[2026-09-29T22:14:33.453Z DEBUG blacksilk_p2p::net::headers] peer 2: 1 headers up to height 57 accepted (new: false)
[2026-09-29T22:14:33.469Z DEBUG blacksilk_p2p::net::headers] peer 4: 1 headers up to height 57 accepted (new: false)
[2026-09-29T22:14:34.883Z DEBUG blacksilk_p2p::net::headers] peer 3: 1 headers up to height 58 accepted (new: true)
[2026-09-29T22:14:34.960Z DEBUG blacksilk_p2p::net::blocks] peer 3: block 0399941202c2 at height 58 received
[2026-09-29T22:14:35.044Z DEBUG blacksilk_p2p::net::headers] peer 2: 1 headers up to height 58 accepted (new: false)
[2026-09-29T22:14:35.130Z DEBUG blacksilk_p2p::net::headers] peer 4: 1 headers up to height 58 accepted (new: false)
[2026-09-29T22:14:36.339Z DEBUG blacksilk_p2p::net::headers] peer 3: 1 headers up to height 59 accepted (new: true)
[2026-09-29T22:14:36.417Z DEBUG blacksilk_p2p::net::blocks] peer 3: block b5afb778fa9a at height 59 received
[2026-09-29T22:14:37.814Z DEBUG blacksilk_p2p::net::headers] peer 3: 1 headers up to height 60 accepted (new: true)
[2026-09-29T22:14:37.876Z DEBUG blacksilk_p2p::net::blocks] peer 3: block b03e238a5ec1 at height 60 received
[2026-09-29T22:14:37.993Z DEBUG blacksilk_p2p::net::headers] peer 2: 1 headers up to height 60 accepted (new: false)
[2026-09-29T22:14:37.993Z DEBUG blacksilk_p2p::net::headers] peer 1: 1 headers up to height 60 accepted (new: false)
[2026-09-29T22:14:38.028Z DEBUG blacksilk_p2p::net::headers] peer 4: 1 headers up to height 60 accepted (new: false)
[2026-09-29T22:14:39.421Z DEBUG blacksilk_p2p::net::headers] peer 3: 1 headers up to height 61 accepted (new: true)
[2026-09-29T22:14:39.495Z DEBUG blacksilk_p2p::net::blocks] peer 3: block 87b02d8d1cc1 at height 61 received
[2026-09-29T22:14:39.612Z DEBUG blacksilk_p2p::net::headers] peer 4: 1 headers up to height 61 accepted (new: false)
[2026-09-29T22:14:39.636Z DEBUG blacksilk_p2p::net::headers] peer 2: 1 headers up to height 61 accepted (new: false)
[2026-09-29T22:14:41.935Z DEBUG blacksilk_p2p::net::headers] peer 3: 1 headers up to height 62 accepted (new: true)
[2026-09-29T22:14:41.998Z DEBUG blacksilk_p2p::net::blocks] peer 3: block 1c097b13bb1e at height 62 received
[2026-09-29T22:14:44.252Z DEBUG blacksilk_p2p::net::headers] peer 3: 1 headers up to height 63 accepted (new: true)
[2026-09-29T22:14:44.313Z DEBUG blacksilk_p2p::net::blocks] peer 3: block 03218b41110e at height 63 received
[2026-09-29T22:14:44.401Z DEBUG blacksilk_p2p::net::headers] peer 2: 1 headers up to height 63 accepted (new: false)
[2026-09-29T22:14:44.422Z DEBUG blacksilk_p2p::net::headers] peer 1: 1 headers up to height 63 accepted (new: false)
[2026-09-29T22:14:44.586Z DEBUG blacksilk_p2p::net::headers] peer 4: 1 headers up to height 63 accepted (new: false)
[2026-09-29T22:14:47.097Z DEBUG blacksilk_p2p::net::headers] peer 3: 1 headers up to height 64 accepted (new: true)
[2026-09-29T22:14:47.207Z DEBUG blacksilk_p2p::net::blocks] peer 3: block e9c93351b026 at height 64 received
[2026-09-29T22:14:47.238Z DEBUG blacksilk_p2p::net::headers] peer 2: 1 headers up to height 64 accepted (new: false)
[2026-09-29T22:14:47.358Z DEBUG blacksilk_p2p::net::headers] peer 4: 1 headers up to height 64 accepted (new: false)
[2026-09-29T22:14:47.540Z DEBUG blacksilk_p2p::net::headers] peer 1: 1 headers up to height 64 accepted (new: false)
[2026-09-29T22:14:49.937Z DEBUG blacksilk_p2p::net::headers] peer 3: 1 headers up to height 65 accepted (new: true)
[2026-09-29T22:14:49.993Z DEBUG blacksilk_p2p::net::blocks] peer 3: block 926dbdf2a86e at height 65 received
[2026-09-29T22:14:50.102Z DEBUG blacksilk_p2p::net::headers] peer 1: 1 headers up to height 65 accepted (new: false)
[2026-09-29T22:14:52.614Z DEBUG blacksilk_p2p::net::headers] peer 3: 1 headers up to height 66 accepted (new: true)
[2026-09-29T22:14:52.630Z DEBUG blacksilk_p2p::net::headers] peer 2: 1 headers up to height 66 accepted (new: false)
[2026-09-29T22:14:52.715Z DEBUG blacksilk_p2p::net::blocks] peer 3: block ea3b8a060efe at height 66 received
[2026-09-29T22:14:52.721Z DEBUG blacksilk_p2p::net::headers] peer 4: 1 headers up to height 66 accepted (new: false)
[2026-09-29T22:14:52.765Z DEBUG blacksilk_p2p::net::headers] peer 1: 1 headers up to height 66 accepted (new: false)
[2026-09-29T22:14:54.654Z DEBUG blacksilk_p2p::net::headers] peer 3: 1 headers up to height 67 accepted (new: true)
[2026-09-29T22:14:54.751Z DEBUG blacksilk_p2p::net::blocks] peer 3: block b70eff00dd3d at height 67 received
[2026-09-29T22:14:54.860Z DEBUG blacksilk_p2p::net::headers] peer 2: 1 headers up to height 67 accepted (new: false)
[2026-09-29T22:14:54.942Z DEBUG blacksilk_p2p::net::headers] peer 4: 1 headers up to height 67 accepted (new: false)
[2026-09-29T22:14:54.992Z DEBUG blacksilk_p2p::net::headers] peer 1: 1 headers up to height 67 accepted (new: false)
[2026-09-29T22:14:57.568Z DEBUG blacksilk_p2p::net::headers] peer 3: 1 headers up to height 68 accepted (new: true)
[2026-09-29T22:14:57.639Z DEBUG blacksilk_p2p::net::blocks] peer 3: block c1b38767ccc1 at height 68 received
[2026-09-29T22:14:57.691Z DEBUG blacksilk_p2p::net::headers] peer 4: 1 headers up to height 68 accepted (new: false)
[2026-09-29T22:14:57.724Z DEBUG blacksilk_p2p::net::headers] peer 1: 1 headers up to height 68 accepted (new: false)
[2026-09-29T22:14:57.875Z DEBUG blacksilk_p2p::net::headers] peer 2: 1 headers up to height 68 accepted (new: false)
[2026-09-29T22:15:00.498Z DEBUG blacksilk_p2p::net::headers] peer 3: 1 headers up to height 69 accepted (new: true)
[2026-09-29T22:15:00.577Z DEBUG blacksilk_p2p::net::blocks] peer 3: block 8a752ac347a7 at height 69 received
[2026-09-29T22:15:00.648Z DEBUG blacksilk_p2p::net::headers] peer 2: 1 headers up to height 69 accepted (new: false)
[2026-09-29T22:15:00.711Z DEBUG blacksilk_p2p::net::headers] peer 4: 1 headers up to height 69 accepted (new: false)
[2026-09-29T22:15:00.736Z DEBUG blacksilk_p2p::net::headers] peer 1: 1 headers up to height 69 accepted (new: false)
[2026-09-29T22:15:03.348Z DEBUG blacksilk_p2p::net::headers] peer 3: 1 headers up to height 70 accepted (new: true)
[2026-09-29T22:15:03.413Z DEBUG blacksilk_p2p::net::blocks] peer 3: block d61cbb5ea006 at height 70 received
[2026-09-29T22:15:03.466Z DEBUG blacksilk_p2p::net::headers] peer 2: 1 headers up to height 70 accepted (new: false)
[2026-09-29T22:15:03.514Z DEBUG blacksilk_p2p::net::headers] peer 4: 1 headers up to height 70 accepted (new: false)
[2026-09-29T22:15:05.483Z DEBUG blacksilk_p2p::net::headers] peer 3: 1 headers up to height 71 accepted (new: true)
[2026-09-29T22:15:05.604Z DEBUG blacksilk_p2p::net::blocks] peer 3: block 3697429b7e1a at height 71 received
[2026-09-29T22:15:05.653Z DEBUG blacksilk_p2p::net::headers] peer 1: 1 headers up to height 71 accepted (new: false)
[2026-09-29T22:15:05.669Z DEBUG blacksilk_p2p::net::headers] peer 2: 1 headers up to height 71 accepted (new: false)
[2026-09-29T22:15:08.441Z DEBUG blacksilk_p2p::net::headers] peer 3: 1 headers up to height 72 accepted (new: true)
[2026-09-29T22:15:08.523Z DEBUG blacksilk_p2p::net::headers] peer 4: 1 headers up to height 72 accepted (new: false)
[2026-09-29T22:15:08.555Z DEBUG blacksilk_p2p::net::blocks] peer 3: block 458d8ab95c10 at height 72 received
[2026-09-29T22:15:08.641Z DEBUG blacksilk_p2p::net::headers] peer 2: 1 headers up to height 72 accepted (new: false)
[2026-09-29T22:15:08.770Z DEBUG blacksilk_p2p::net::headers] peer 1: 1 headers up to height 72 accepted (new: false)
[2026-09-29T22:15:11.476Z DEBUG blacksilk_p2p::net::headers] peer 3: 1 headers up to height 73 accepted (new: true)
[2026-09-29T22:15:11.561Z DEBUG blacksilk_p2p::net::blocks] peer 3: block cb55a1907ee4 at height 73 received
[2026-09-29T22:15:11.795Z DEBUG blacksilk_p2p::net::headers] peer 1: 1 headers up to height 73 accepted (new: false)
[2026-09-29T22:15:11.795Z DEBUG blacksilk_p2p::net::headers] peer 2: 1 headers up to height 73 accepted (new: false)
[2026-09-29T22:15:14.101Z DEBUG blacksilk_p2p::net::headers] peer 3: 1 headers up to height 74 accepted (new: true)
[2026-09-29T22:15:14.182Z DEBUG blacksilk_p2p::net::blocks] peer 3: block 3db0b3b55f05 at height 74 received
[2026-09-29T22:15:14.336Z DEBUG blacksilk_p2p::net::headers] peer 2: 1 headers up to height 74 accepted (new: false)
[2026-09-29T22:15:14.367Z DEBUG blacksilk_p2p::net::headers] peer 4: 1 headers up to height 74 accepted (new: false)
[2026-09-29T22:15:16.547Z DEBUG blacksilk_p2p::net::headers] peer 3: 1 headers up to height 75 accepted (new: true)
[2026-09-29T22:15:16.619Z DEBUG blacksilk_p2p::net::blocks] peer 3: block b5471d7b9c67 at height 75 received
[2026-09-29T22:15:16.858Z DEBUG blacksilk_p2p::net::headers] peer 4: 1 headers up to height 75 accepted (new: false)
[2026-09-29T22:15:19.926Z DEBUG blacksilk_p2p::net::headers] peer 3: 1 headers up to height 76 accepted (new: true)
[2026-09-29T22:15:20.075Z DEBUG blacksilk_p2p::net::blocks] peer 3: block 620670299de5 at height 76 received
[2026-09-29T22:15:20.128Z DEBUG blacksilk_p2p::net::headers] peer 1: 1 headers up to height 76 accepted (new: false)
[2026-09-29T22:15:20.191Z DEBUG blacksilk_p2p::net::headers] peer 2: 1 headers up to height 76 accepted (new: false)
[2026-09-29T22:15:20.224Z DEBUG blacksilk_p2p::net::headers] peer 4: 1 headers up to height 76 accepted (new: false)
[2026-09-29T22:15:25.857Z DEBUG blacksilk_p2p::net::headers] peer 3: 1 headers up to height 77 accepted (new: true)
[2026-09-29T22:15:25.935Z DEBUG blacksilk_p2p::net::blocks] peer 3: block 813abec092f5 at height 77 received
[2026-09-29T22:15:26.017Z DEBUG blacksilk_p2p::net::headers] peer 4: 1 headers up to height 77 accepted (new: false)
[2026-09-29T22:15:26.193Z DEBUG blacksilk_p2p::net::headers] peer 1: 1 headers up to height 77 accepted (new: false)
[2026-09-29T22:15:26.193Z DEBUG blacksilk_p2p::net::headers] peer 2: 1 headers up to height 77 accepted (new: false)
[2026-09-29T22:15:29.887Z DEBUG blacksilk_p2p::net::headers] peer 3: 1 headers up to height 78 accepted (new: true)
[2026-09-29T22:15:29.953Z DEBUG blacksilk_p2p::net::blocks] peer 3: block 676bc4840345 at height 78 received
[2026-09-29T22:15:30.088Z DEBUG blacksilk_p2p::net::headers] peer 1: 1 headers up to height 78 accepted (new: false)
[2026-09-29T22:15:31.898Z DEBUG blacksilk_p2p::net::headers] peer 3: 1 headers up to height 79 accepted (new: true)
[2026-09-29T22:15:31.982Z DEBUG blacksilk_p2p::net::blocks] peer 3: block 1636bb867a0d at height 79 received
[2026-09-29T22:15:32.027Z DEBUG blacksilk_p2p::net::headers] peer 2: 1 headers up to height 79 accepted (new: false)
[2026-09-29T22:15:32.162Z DEBUG blacksilk_p2p::net::headers] peer 4: 1 headers up to height 79 accepted (new: false)
[2026-09-29T22:15:32.206Z DEBUG blacksilk_p2p::net::headers] peer 1: 1 headers up to height 79 accepted (new: false)
[2026-09-29T22:15:34.999Z DEBUG blacksilk_p2p::net::headers] peer 3: 1 headers up to height 80 accepted (new: true)
[2026-09-29T22:15:35.059Z DEBUG blacksilk_p2p::net::blocks] peer 3: block db3f2eb453b7 at height 80 received
[2026-09-29T22:15:35.136Z DEBUG blacksilk_p2p::net::headers] peer 4: 1 headers up to height 80 accepted (new: false)
[2026-09-29T22:15:35.219Z DEBUG blacksilk_p2p::net::headers] peer 1: 1 headers up to height 80 accepted (new: false)
[2026-09-29T22:15:38.180Z DEBUG blacksilk_p2p::net::headers] peer 3: 1 headers up to height 81 accepted (new: true)
[2026-09-29T22:15:38.286Z DEBUG blacksilk_p2p::net::blocks] peer 3: block 87883070e09d at height 81 received
[2026-09-29T22:15:38.386Z DEBUG blacksilk_p2p::net::headers] peer 2: 1 headers up to height 81 accepted (new: false)
[2026-09-29T22:15:38.570Z DEBUG blacksilk_p2p::net::headers] peer 1: 1 headers up to height 81 accepted (new: false)
[2026-09-29T22:15:38.621Z DEBUG blacksilk_p2p::net::headers] peer 4: 1 headers up to height 81 accepted (new: false)
[2026-09-29T22:15:41.063Z DEBUG blacksilk_p2p::net::headers] peer 3: 1 headers up to height 82 accepted (new: true)
[2026-09-29T22:15:41.154Z DEBUG blacksilk_p2p::net::blocks] peer 3: block e92812cead0e at height 82 received
[2026-09-29T22:15:43.275Z DEBUG blacksilk_p2p::net::headers] peer 3: 1 headers up to height 83 accepted (new: true)
[2026-09-29T22:15:43.342Z DEBUG blacksilk_p2p::net::headers] peer 1: 1 headers up to height 82 accepted (new: false)
[2026-09-29T22:15:43.342Z DEBUG blacksilk_p2p::net::blocks] peer 3: block b278f4c5cb4b at height 83 received
[2026-09-29T22:15:43.342Z DEBUG blacksilk_p2p::net::headers] peer 4: 1 headers up to height 82 accepted (new: false)
[2026-09-29T22:15:43.346Z DEBUG blacksilk_p2p::net::headers] peer 2: 1 headers up to height 82 accepted (new: false)
[2026-09-29T22:15:43.596Z DEBUG blacksilk_p2p::net::headers] peer 1: 1 headers up to height 83 accepted (new: false)
[2026-09-29T22:15:43.629Z DEBUG blacksilk_p2p::net::headers] peer 2: 1 headers up to height 83 accepted (new: false)
[2026-09-29T22:15:43.629Z DEBUG blacksilk_p2p::net::headers] peer 4: 1 headers up to height 83 accepted (new: false)
[2026-09-29T22:15:46.407Z DEBUG blacksilk_p2p::net::headers] peer 3: 1 headers up to height 84 accepted (new: true)
[2026-09-29T22:15:46.498Z DEBUG blacksilk_p2p::net::blocks] peer 3: block 8a727d5a228f at height 84 received
[2026-09-29T22:15:46.732Z DEBUG blacksilk_p2p::net::headers] peer 2: 1 headers up to height 84 accepted (new: false)
[2026-09-29T22:15:49.839Z DEBUG blacksilk_p2p::net::headers] peer 3: 1 headers up to height 85 accepted (new: true)
[2026-09-29T22:15:49.907Z DEBUG blacksilk_p2p::net::blocks] peer 3: block 16029e033151 at height 85 received
[2026-09-29T22:15:49.975Z DEBUG blacksilk_p2p::net::headers] peer 4: 1 headers up to height 85 accepted (new: false)
[2026-09-29T22:15:53.222Z DEBUG blacksilk_p2p::net::headers] peer 3: 1 headers up to height 86 accepted (new: true)
[2026-09-29T22:15:53.290Z DEBUG blacksilk_p2p::net::blocks] peer 3: block be14c75fdafa at height 86 received
[2026-09-29T22:15:55.608Z DEBUG blacksilk_p2p::net::headers] peer 3: 1 headers up to height 87 accepted (new: true)
[2026-09-29T22:15:55.680Z DEBUG blacksilk_p2p::net::blocks] peer 3: block a5d371952868 at height 87 received
[2026-09-29T22:15:55.929Z DEBUG blacksilk_p2p::net::headers] peer 4: 1 headers up to height 87 accepted (new: false)
[2026-09-29T22:15:55.968Z DEBUG blacksilk_p2p::net::headers] peer 2: 1 headers up to height 87 accepted (new: false)
[2026-09-29T22:15:56.019Z DEBUG blacksilk_p2p::net::headers] peer 1: 1 headers up to height 87 accepted (new: false)
[2026-09-29T22:15:59.298Z DEBUG blacksilk_p2p::net::headers] peer 3: 1 headers up to height 88 accepted (new: true)
[2026-09-29T22:15:59.366Z DEBUG blacksilk_p2p::net::blocks] peer 3: block 6feea0d77970 at height 88 received
[2026-09-29T22:16:02.235Z DEBUG blacksilk_p2p::net::headers] peer 3: 1 headers up to height 89 accepted (new: true)
[2026-09-29T22:16:02.358Z DEBUG blacksilk_p2p::net::blocks] peer 3: block db4840736ed4 at height 89 received
[2026-09-29T22:16:02.405Z DEBUG blacksilk_p2p::net::headers] peer 4: 1 headers up to height 89 accepted (new: false)
[2026-09-29T22:16:02.625Z DEBUG blacksilk_p2p::net::headers] peer 2: 1 headers up to height 89 accepted (new: false)
[2026-09-29T22:16:02.691Z DEBUG blacksilk_p2p::net::headers] peer 1: 1 headers up to height 89 accepted (new: false)
[2026-09-29T22:16:07.396Z DEBUG blacksilk_p2p::net::headers] peer 3: 1 headers up to height 90 accepted (new: true)
[2026-09-29T22:16:07.465Z DEBUG blacksilk_p2p::net::blocks] peer 3: block dc8af2c76f5b at height 90 received
[2026-09-29T22:16:07.482Z DEBUG blacksilk_p2p::net::headers] peer 1: 1 headers up to height 90 accepted (new: false)
[2026-09-29T22:16:07.566Z DEBUG blacksilk_p2p::net::headers] peer 2: 1 headers up to height 90 accepted (new: false)
[2026-09-29T22:16:07.566Z DEBUG blacksilk_p2p::net::headers] peer 4: 1 headers up to height 90 accepted (new: false)
[2026-09-29T22:16:11.477Z DEBUG blacksilk_p2p::net::headers] peer 3: 1 headers up to height 91 accepted (new: true)
[2026-09-29T22:16:11.536Z DEBUG blacksilk_p2p::net::blocks] peer 3: block c685f99f690f at height 91 received
[2026-09-29T22:16:11.605Z DEBUG blacksilk_p2p::net::headers] peer 4: 1 headers up to height 91 accepted (new: false)
[2026-09-29T22:16:11.662Z DEBUG blacksilk_p2p::net::headers] peer 1: 1 headers up to height 91 accepted (new: false)
[2026-09-29T22:16:14.300Z DEBUG blacksilk_p2p::net::headers] peer 3: 1 headers up to height 92 accepted (new: true)
[2026-09-29T22:16:14.365Z DEBUG blacksilk_p2p::net::blocks] peer 3: block 026aaa2c12da at height 92 received
[2026-09-29T22:16:14.593Z DEBUG blacksilk_p2p::net::headers] peer 2: 1 headers up to height 92 accepted (new: false)
[2026-09-29T22:16:14.694Z DEBUG blacksilk_p2p::net::headers] peer 4: 1 headers up to height 92 accepted (new: false)
[2026-09-29T22:16:17.583Z DEBUG blacksilk_p2p::net::headers] peer 3: 1 headers up to height 93 accepted (new: true)
[2026-09-29T22:16:17.648Z DEBUG blacksilk_p2p::net::blocks] peer 3: block 64b253e2f0ec at height 93 received
[2026-09-29T22:16:17.650Z DEBUG blacksilk_p2p::net::headers] peer 1: 1 headers up to height 93 accepted (new: false)
[2026-09-29T22:16:17.781Z DEBUG blacksilk_p2p::net::headers] peer 4: 1 headers up to height 93 accepted (new: false)
[2026-09-29T22:16:23.023Z DEBUG blacksilk_p2p::net::headers] peer 3: 1 headers up to height 94 accepted (new: true)
[2026-09-29T22:16:23.090Z DEBUG blacksilk_p2p::net::blocks] peer 3: block cc2e1caeae28 at height 94 received
[2026-09-29T22:16:24.759Z DEBUG blacksilk_p2p::net::headers] peer 3: 1 headers up to height 95 accepted (new: true)
[2026-09-29T22:16:24.759Z DEBUG blacksilk_p2p::net::headers] peer 1: 1 headers up to height 94 accepted (new: false)
[2026-09-29T22:16:24.759Z DEBUG blacksilk_p2p::net::headers] peer 2: 1 headers up to height 94 accepted (new: false)
[2026-09-29T22:16:24.759Z DEBUG blacksilk_p2p::net::headers] peer 4: 1 headers up to height 94 accepted (new: false)
[2026-09-29T22:16:24.826Z DEBUG blacksilk_p2p::net::blocks] peer 3: block 8c64b54f6aa1 at height 95 received
[2026-09-29T22:16:25.019Z DEBUG blacksilk_p2p::net::headers] peer 2: 1 headers up to height 95 accepted (new: false)
[2026-09-29T22:16:25.019Z DEBUG blacksilk_p2p::net::headers] peer 4: 1 headers up to height 95 accepted (new: false)
[2026-09-29T22:16:25.073Z DEBUG blacksilk_p2p::net::headers] peer 1: 1 headers up to height 95 accepted (new: false)
[2026-09-29T22:16:29.059Z DEBUG blacksilk_p2p::net::headers] peer 3: 1 headers up to height 96 accepted (new: true)
[2026-09-29T22:16:29.098Z DEBUG blacksilk_p2p::net::headers] peer 2: 1 headers up to height 96 accepted (new: false)
[2026-09-29T22:16:29.130Z DEBUG blacksilk_p2p::net::blocks] peer 3: block d864403e9e18 at height 96 received
[2026-09-29T22:16:31.497Z DEBUG blacksilk_p2p::net::headers] peer 3: 1 headers up to height 97 accepted (new: true)
[2026-09-29T22:16:31.586Z DEBUG blacksilk_p2p::net::blocks] peer 3: block 231df76ecba7 at height 97 received
[2026-09-29T22:16:34.041Z DEBUG blacksilk_p2p::net::headers] peer 3: 1 headers up to height 98 accepted (new: true)
[2026-09-29T22:16:34.102Z DEBUG blacksilk_p2p::net::blocks] peer 3: block 657aa712f5a9 at height 98 received
[2026-09-29T22:16:34.242Z DEBUG blacksilk_p2p::net::headers] peer 2: 1 headers up to height 98 accepted (new: false)
[2026-09-29T22:16:34.323Z DEBUG blacksilk_p2p::net::headers] peer 4: 1 headers up to height 98 accepted (new: false)
[2026-09-29T22:16:34.388Z DEBUG blacksilk_p2p::net::headers] peer 1: 1 headers up to height 98 accepted (new: false)
[2026-09-29T22:16:36.274Z DEBUG blacksilk_p2p::net::headers] peer 3: 1 headers up to height 99 accepted (new: true)
[2026-09-29T22:16:36.365Z DEBUG blacksilk_p2p::net::blocks] peer 3: block a1288ba33cb5 at height 99 received
[2026-09-29T22:16:36.578Z DEBUG blacksilk_p2p::net::headers] peer 4: 1 headers up to height 99 accepted (new: false)
[2026-09-29T22:16:36.645Z DEBUG blacksilk_p2p::net::headers] peer 1: 1 headers up to height 99 accepted (new: false)
[2026-09-29T22:16:41.700Z DEBUG blacksilk_p2p::net::headers] peer 3: 1 headers up to height 100 accepted (new: true)
[2026-09-29T22:16:41.773Z DEBUG blacksilk_p2p::net::blocks] peer 3: block 0d8a90f53116 at height 100 received
[2026-09-29T22:16:41.903Z DEBUG blacksilk_p2p::net::headers] peer 2: 1 headers up to height 100 accepted (new: false)
[2026-09-29T22:16:42.003Z DEBUG blacksilk_p2p::net::headers] peer 1: 1 headers up to height 100 accepted (new: false)
[2026-09-29T22:16:42.062Z DEBUG blacksilk_p2p::net::headers] peer 4: 1 headers up to height 100 accepted (new: false)
[2026-09-29T22:16:45.284Z DEBUG blacksilk_p2p::net::headers] peer 3: 1 headers up to height 101 accepted (new: true)
[2026-09-29T22:16:45.375Z DEBUG blacksilk_p2p::net::blocks] peer 3: block d2a9f2f7779a at height 101 received
[2026-09-29T22:16:45.428Z DEBUG blacksilk_p2p::net::headers] peer 1: 1 headers up to height 101 accepted (new: false)
[2026-09-29T22:16:45.459Z DEBUG blacksilk_p2p::net::headers] peer 2: 1 headers up to height 101 accepted (new: false)
[2026-09-29T22:16:45.474Z DEBUG blacksilk_p2p::net::headers] peer 4: 1 headers up to height 101 accepted (new: false)
[2026-09-29T22:16:56.389Z DEBUG blacksilk_p2p::net::headers] peer 3: 1 headers up to height 102 accepted (new: true)
[2026-09-29T22:16:56.390Z DEBUG blacksilk_p2p::net::headers] peer 1: 1 headers up to height 102 accepted (new: false)
[2026-09-29T22:16:56.459Z DEBUG blacksilk_p2p::net::blocks] peer 3: block b5d1d9634395 at height 102 received
[2026-09-29T22:16:56.459Z DEBUG blacksilk_p2p::net::headers] peer 2: 1 headers up to height 102 accepted (new: false)
[2026-09-29T22:16:56.627Z DEBUG blacksilk_p2p::net::headers] peer 4: 1 headers up to height 102 accepted (new: false)
[2026-09-29T22:16:59.300Z DEBUG blacksilk_p2p::net::headers] peer 3: 1 headers up to height 103 accepted (new: true)
[2026-09-29T22:16:59.379Z DEBUG blacksilk_p2p::net::blocks] peer 3: block e2669591d486 at height 103 received
[2026-09-29T22:16:59.527Z DEBUG blacksilk_p2p::net::headers] peer 2: 1 headers up to height 103 accepted (new: false)
[2026-09-29T22:16:59.527Z DEBUG blacksilk_p2p::net::headers] peer 1: 1 headers up to height 103 accepted (new: false)
[2026-09-29T22:16:59.597Z DEBUG blacksilk_p2p::net::headers] peer 4: 1 headers up to height 103 accepted (new: false)
[2026-09-29T22:17:01.696Z DEBUG blacksilk_p2p::net::headers] peer 3: 1 headers up to height 104 accepted (new: true)
[2026-09-29T22:17:01.769Z DEBUG blacksilk_p2p::net::blocks] peer 3: block 7aea3b9eebe8 at height 104 received
[2026-09-29T22:17:01.958Z DEBUG blacksilk_p2p::net::headers] peer 4: 1 headers up to height 104 accepted (new: false)
[2026-09-29T22:17:01.984Z DEBUG blacksilk_p2p::net::headers] peer 2: 1 headers up to height 104 accepted (new: false)
[2026-09-29T22:17:02.000Z DEBUG blacksilk_p2p::net::headers] peer 1: 1 headers up to height 104 accepted (new: false)
[2026-09-29T22:17:04.236Z DEBUG blacksilk_p2p::net::headers] peer 3: 1 headers up to height 105 accepted (new: true)
[2026-09-29T22:17:04.254Z DEBUG blacksilk_p2p::net::headers] peer 2: 1 headers up to height 105 accepted (new: false)
[2026-09-29T22:17:04.320Z DEBUG blacksilk_p2p::net::blocks] peer 3: block 0d90478427ba at height 105 received
[2026-09-29T22:17:04.507Z DEBUG blacksilk_p2p::net::headers] peer 1: 1 headers up to height 105 accepted (new: false)
[2026-09-29T22:17:04.507Z DEBUG blacksilk_p2p::net::headers] peer 4: 1 headers up to height 105 accepted (new: false)
[2026-09-29T22:17:06.507Z DEBUG blacksilk_p2p::net::headers] peer 3: 1 headers up to height 106 accepted (new: true)
[2026-09-29T22:17:06.574Z DEBUG blacksilk_p2p::net::blocks] peer 3: block 33c4b5b98cc9 at height 106 received
[2026-09-29T22:17:06.642Z DEBUG blacksilk_p2p::net::headers] peer 2: 1 headers up to height 106 accepted (new: false)
[2026-09-29T22:17:08.268Z DEBUG blacksilk_p2p::net::headers] peer 3: 1 headers up to height 107 accepted (new: true)
[2026-09-29T22:17:08.268Z DEBUG blacksilk_p2p::net::headers] peer 1: 1 headers up to height 106 accepted (new: false)
[2026-09-29T22:17:08.268Z DEBUG blacksilk_p2p::net::headers] peer 4: 1 headers up to height 106 accepted (new: false)
[2026-09-29T22:17:08.310Z DEBUG blacksilk_p2p::net::headers] peer 2: 1 headers up to height 107 accepted (new: false)
[2026-09-29T22:17:08.326Z DEBUG blacksilk_p2p::net::blocks] peer 3: block cf4460628ad4 at height 107 received
[2026-09-29T22:17:08.426Z DEBUG blacksilk_p2p::net::headers] peer 1: 1 headers up to height 107 accepted (new: false)
[2026-09-29T22:17:08.594Z DEBUG blacksilk_p2p::net::headers] peer 4: 1 headers up to height 107 accepted (new: false)
[2026-09-29T22:17:10.740Z DEBUG blacksilk_p2p::net::headers] peer 3: 1 headers up to height 108 accepted (new: true)
[2026-09-29T22:17:10.821Z DEBUG blacksilk_p2p::net::blocks] peer 3: block 2275de2dae7b at height 108 received
[2026-09-29T22:17:10.821Z DEBUG blacksilk_p2p::net::headers] peer 1: 1 headers up to height 108 accepted (new: false)
[2026-09-29T22:17:11.104Z DEBUG blacksilk_p2p::net::headers] peer 2: 1 headers up to height 108 accepted (new: false)
[2026-09-29T22:17:11.104Z DEBUG blacksilk_p2p::net::headers] peer 4: 1 headers up to height 108 accepted (new: false)
[2026-09-29T22:17:13.482Z DEBUG blacksilk_p2p::net::headers] peer 3: 1 headers up to height 109 accepted (new: true)
[2026-09-29T22:17:13.551Z DEBUG blacksilk_p2p::net::blocks] peer 3: block 9c9a70c7d768 at height 109 received
[2026-09-29T22:17:13.616Z DEBUG blacksilk_p2p::net::headers] peer 4: 1 headers up to height 109 accepted (new: false)
[2026-09-29T22:17:21.358Z DEBUG blacksilk_p2p::net::headers] peer 3: 1 headers up to height 110 accepted (new: true)
[2026-09-29T22:17:21.448Z DEBUG blacksilk_p2p::net::blocks] peer 3: block f6f1b249679f at height 110 received
[2026-09-29T22:17:21.580Z DEBUG blacksilk_p2p::net::headers] peer 1: 1 headers up to height 110 accepted (new: false)
[2026-09-29T22:17:21.598Z DEBUG blacksilk_p2p::net::headers] peer 2: 1 headers up to height 110 accepted (new: false)
[2026-09-29T22:17:21.634Z DEBUG blacksilk_p2p::net::headers] peer 4: 1 headers up to height 110 accepted (new: false)
[2026-09-29T22:17:23.367Z DEBUG blacksilk_p2p::net::headers] peer 3: 1 headers up to height 111 accepted (new: true)
[2026-09-29T22:17:23.451Z DEBUG blacksilk_p2p::net::blocks] peer 3: block 621b38158045 at height 111 received
[2026-09-29T22:17:23.484Z DEBUG blacksilk_p2p::net::headers] peer 2: 1 headers up to height 111 accepted (new: false)
[2026-09-29T22:17:23.552Z DEBUG blacksilk_p2p::net::headers] peer 4: 1 headers up to height 111 accepted (new: false)
[2026-09-29T22:17:23.751Z DEBUG blacksilk_p2p::net::headers] peer 1: 1 headers up to height 111 accepted (new: false)
[2026-09-29T22:17:27.929Z DEBUG blacksilk_p2p::net::headers] peer 3: 1 headers up to height 112 accepted (new: true)
[2026-09-29T22:17:28.032Z DEBUG blacksilk_p2p::net::blocks] peer 3: block 111f519a3d5e at height 112 received
[2026-09-29T22:17:32.138Z DEBUG blacksilk_p2p::net::headers] peer 3: 1 headers up to height 113 accepted (new: true)
[2026-09-29T22:17:32.309Z DEBUG blacksilk_p2p::net::blocks] peer 3: block 91e12ef8ff7c at height 113 received
[2026-09-29T22:17:32.390Z DEBUG blacksilk_p2p::net::headers] peer 4: 1 headers up to height 113 accepted (new: false)
[2026-09-29T22:17:32.464Z DEBUG blacksilk_p2p::net::headers] peer 2: 1 headers up to height 113 accepted (new: false)
[2026-09-29T22:17:32.601Z DEBUG blacksilk_p2p::net::headers] peer 1: 1 headers up to height 113 accepted (new: false)
[2026-09-29T22:17:36.268Z DEBUG blacksilk_p2p::net::headers] peer 3: 1 headers up to height 114 accepted (new: true)
[2026-09-29T22:17:36.372Z DEBUG blacksilk_p2p::net::blocks] peer 3: block a0b764015ac5 at height 114 received
[2026-09-29T22:17:36.437Z DEBUG blacksilk_p2p::net::headers] peer 4: 1 headers up to height 114 accepted (new: false)
[2026-09-29T22:17:36.538Z DEBUG blacksilk_p2p::net::headers] peer 2: 1 headers up to height 114 accepted (new: false)
[2026-09-29T22:17:36.651Z DEBUG blacksilk_p2p::net::headers] peer 1: 1 headers up to height 114 accepted (new: false)
[2026-09-29T22:17:39.662Z DEBUG blacksilk_p2p::net::headers] peer 3: 1 headers up to height 115 accepted (new: true)
[2026-09-29T22:17:39.722Z DEBUG blacksilk_p2p::net::blocks] peer 3: block 1eaa7a33985e at height 115 received
[2026-09-29T22:17:39.956Z DEBUG blacksilk_p2p::net::headers] peer 1: 1 headers up to height 115 accepted (new: false)
[2026-09-29T22:17:43.072Z DEBUG blacksilk_p2p::net::headers] peer 3: 1 headers up to height 116 accepted (new: true)
[2026-09-29T22:17:43.129Z DEBUG blacksilk_p2p::net::blocks] peer 3: block 35c249ca0731 at height 116 received
[2026-09-29T22:17:43.320Z DEBUG blacksilk_p2p::net::headers] peer 1: 1 headers up to height 116 accepted (new: false)
[2026-09-29T22:17:46.097Z DEBUG blacksilk_p2p::net::headers] peer 3: 1 headers up to height 117 accepted (new: true)
[2026-09-29T22:17:46.170Z DEBUG blacksilk_p2p::net::blocks] peer 3: block 3b676410c895 at height 117 received
[2026-09-29T22:17:46.254Z DEBUG blacksilk_p2p::net::headers] peer 1: 1 headers up to height 117 accepted (new: false)
[2026-09-29T22:17:46.302Z DEBUG blacksilk_p2p::net::headers] peer 4: 1 headers up to height 117 accepted (new: false)
[2026-09-29T22:17:46.448Z DEBUG blacksilk_p2p::net::headers] peer 2: 1 headers up to height 117 accepted (new: false)
[2026-09-29T22:17:48.917Z DEBUG blacksilk_p2p::net::headers] peer 3: 1 headers up to height 118 accepted (new: true)
[2026-09-29T22:17:48.974Z DEBUG blacksilk_p2p::net::blocks] peer 3: block 9c9a41285703 at height 118 received
[2026-09-29T22:17:49.190Z DEBUG blacksilk_p2p::net::headers] peer 2: 1 headers up to height 118 accepted (new: false)
[2026-09-29T22:17:49.258Z DEBUG blacksilk_p2p::net::headers] peer 4: 1 headers up to height 118 accepted (new: false)
[2026-09-29T22:17:49.258Z DEBUG blacksilk_p2p::net::headers] peer 1: 1 headers up to height 118 accepted (new: false)
[2026-09-29T22:17:57.713Z DEBUG blacksilk_p2p::net::headers] peer 3: 1 headers up to height 119 accepted (new: true)
[2026-09-29T22:17:57.766Z DEBUG blacksilk_p2p::net::blocks] peer 3: block 775fbb47df79 at height 119 received
[2026-09-29T22:18:00.168Z DEBUG blacksilk_p2p::net::headers] peer 3: 1 headers up to height 120 accepted (new: true)
[2026-09-29T22:18:00.225Z DEBUG blacksilk_p2p::net::blocks] peer 3: block b8e2bc583265 at height 120 received
[2026-09-29T22:18:00.404Z DEBUG blacksilk_p2p::net::headers] peer 1: 1 headers up to height 120 accepted (new: false)
[2026-09-29T22:18:02.779Z DEBUG blacksilk_p2p::net::headers] peer 3: 1 headers up to height 121 accepted (new: true)
[2026-09-29T22:18:02.852Z DEBUG blacksilk_p2p::net::blocks] peer 3: block ae623e5fe557 at height 121 received
[2026-09-29T22:18:03.014Z DEBUG blacksilk_p2p::net::headers] peer 1: 1 headers up to height 121 accepted (new: false)
[2026-09-29T22:18:07.130Z DEBUG blacksilk_p2p::net::headers] peer 3: 1 headers up to height 122 accepted (new: true)
[2026-09-29T22:18:07.204Z DEBUG blacksilk_p2p::net::blocks] peer 3: block 255a5e210177 at height 122 received
[2026-09-29T22:18:07.270Z DEBUG blacksilk_p2p::net::headers] peer 2: 1 headers up to height 122 accepted (new: false)
[2026-09-29T22:18:07.270Z DEBUG blacksilk_p2p::net::headers] peer 4: 1 headers up to height 122 accepted (new: false)
[2026-09-29T22:18:11.449Z DEBUG blacksilk_p2p::net::headers] peer 3: 1 headers up to height 123 accepted (new: true)
[2026-09-29T22:18:11.526Z DEBUG blacksilk_p2p::net::blocks] peer 3: block 8ddcdec5c568 at height 123 received
[2026-09-29T22:18:11.644Z DEBUG blacksilk_p2p::net::headers] peer 1: 1 headers up to height 123 accepted (new: false)
[2026-09-29T22:18:11.758Z DEBUG blacksilk_p2p::net::headers] peer 4: 1 headers up to height 123 accepted (new: false)
[2026-09-29T22:18:15.006Z DEBUG blacksilk_p2p::net::headers] peer 3: 1 headers up to height 124 accepted (new: true)
[2026-09-29T22:18:15.077Z DEBUG blacksilk_p2p::net::blocks] peer 3: block a342df9c112a at height 124 received
[2026-09-29T22:18:15.152Z DEBUG blacksilk_p2p::net::headers] peer 2: 1 headers up to height 124 accepted (new: false)
[2026-09-29T22:18:15.211Z DEBUG blacksilk_p2p::net::headers] peer 1: 1 headers up to height 124 accepted (new: false)
[2026-09-29T22:18:15.263Z DEBUG blacksilk_p2p::net::headers] peer 4: 1 headers up to height 124 accepted (new: false)
[2026-09-29T22:18:18.223Z DEBUG blacksilk_p2p::net::headers] peer 3: 1 headers up to height 125 accepted (new: true)
[2026-09-29T22:18:18.269Z DEBUG blacksilk_p2p::net::headers] peer 4: 1 headers up to height 125 accepted (new: false)
[2026-09-29T22:18:18.302Z DEBUG blacksilk_p2p::net::blocks] peer 3: block 45fcec4dc366 at height 125 received
[2026-09-29T22:18:18.504Z DEBUG blacksilk_p2p::net::headers] peer 1: 1 headers up to height 125 accepted (new: false)
[2026-09-29T22:18:26.905Z DEBUG blacksilk_p2p::net::headers] peer 3: 1 headers up to height 126 accepted (new: true)
[2026-09-29T22:18:27.005Z DEBUG blacksilk_p2p::net::blocks] peer 3: block c416d1c35bac at height 126 received
[2026-09-29T22:18:27.249Z DEBUG blacksilk_p2p::net::headers] peer 4: 1 headers up to height 126 accepted (new: false)
[2026-09-29T22:18:27.267Z DEBUG blacksilk_p2p::net::headers] peer 1: 1 headers up to height 126 accepted (new: false)
[2026-09-29T22:18:27.283Z DEBUG blacksilk_p2p::net::headers] peer 2: 1 headers up to height 126 accepted (new: false)
[2026-09-29T22:18:39.316Z DEBUG blacksilk_p2p::net::headers] peer 3: 1 headers up to height 127 accepted (new: true)
[2026-09-29T22:18:39.437Z DEBUG blacksilk_p2p::net::blocks] peer 3: block 423a3bc3f38d at height 127 received
[2026-09-29T22:18:39.638Z DEBUG blacksilk_p2p::net::headers] peer 1: 1 headers up to height 127 accepted (new: false)
[2026-09-29T22:18:43.512Z DEBUG blacksilk_p2p::net::headers] peer 3: 1 headers up to height 128 accepted (new: true)
[2026-09-29T22:18:43.565Z DEBUG blacksilk_p2p::net::blocks] peer 3: block 2f84562a0944 at height 128 received
[2026-09-29T22:18:43.836Z DEBUG blacksilk_p2p::net::headers] peer 1: 1 headers up to height 128 accepted (new: false)
[2026-09-29T22:18:43.908Z DEBUG blacksilk_p2p::net::headers] peer 4: 1 headers up to height 128 accepted (new: false)
[2026-09-29T22:18:45.864Z DEBUG blacksilk_p2p::net::headers] peer 3: 1 headers up to height 129 accepted (new: true)
[2026-09-29T22:18:45.921Z DEBUG blacksilk_p2p::net::blocks] peer 3: block 42149cb57043 at height 129 received
[2026-09-29T22:18:45.999Z DEBUG blacksilk_p2p::net::headers] peer 4: 1 headers up to height 129 accepted (new: false)
[2026-09-29T22:18:48.483Z DEBUG blacksilk_p2p::net::headers] peer 3: 1 headers up to height 130 accepted (new: true)
[2026-09-29T22:18:48.559Z DEBUG blacksilk_p2p::net::blocks] peer 3: block 02d9ea5116f2 at height 130 received
[2026-09-29T22:18:48.611Z DEBUG blacksilk_p2p::net::headers] peer 4: 1 headers up to height 130 accepted (new: false)
[2026-09-29T22:18:48.720Z DEBUG blacksilk_p2p::net::headers] peer 2: 1 headers up to height 130 accepted (new: false)
[2026-09-29T22:18:48.843Z DEBUG blacksilk_p2p::net::headers] peer 1: 1 headers up to height 130 accepted (new: false)
[2026-09-29T22:18:51.871Z DEBUG blacksilk_p2p::net::headers] peer 3: 1 headers up to height 131 accepted (new: true)
[2026-09-29T22:18:51.947Z DEBUG blacksilk_p2p::net::blocks] peer 3: block a86ca2a2bf89 at height 131 received
[2026-09-29T22:18:52.008Z DEBUG blacksilk_p2p::net::headers] peer 1: 1 headers up to height 131 accepted (new: false)
[2026-09-29T22:18:52.028Z DEBUG blacksilk_p2p::net::headers] peer 4: 1 headers up to height 131 accepted (new: false)
[2026-09-29T22:18:54.497Z DEBUG blacksilk_p2p::net::headers] peer 3: 1 headers up to height 132 accepted (new: true)
[2026-09-29T22:18:54.561Z DEBUG blacksilk_p2p::net::blocks] peer 3: block 77bc6420de2d at height 132 received
[2026-09-29T22:18:54.645Z DEBUG blacksilk_p2p::net::headers] peer 1: 1 headers up to height 132 accepted (new: false)
[2026-09-29T22:18:54.645Z DEBUG blacksilk_p2p::net::headers] peer 4: 1 headers up to height 132 accepted (new: false)
[2026-09-29T22:18:59.391Z DEBUG blacksilk_p2p::net::headers] peer 3: 1 headers up to height 133 accepted (new: true)
[2026-09-29T22:18:59.444Z DEBUG blacksilk_p2p::net::blocks] peer 3: block 96c28d777f2a at height 133 received
[2026-09-29T22:18:59.585Z DEBUG blacksilk_p2p::net::headers] peer 1: 1 headers up to height 133 accepted (new: false)
[2026-09-29T22:18:59.585Z DEBUG blacksilk_p2p::net::headers] peer 4: 1 headers up to height 133 accepted (new: false)
[2026-09-29T22:19:03.563Z DEBUG blacksilk_p2p::net::headers] peer 3: 1 headers up to height 134 accepted (new: true)
[2026-09-29T22:19:03.655Z DEBUG blacksilk_p2p::net::blocks] peer 3: block 05767202cba9 at height 134 received
[2026-09-29T22:19:03.777Z DEBUG blacksilk_p2p::net::headers] peer 4: 1 headers up to height 134 accepted (new: false)
[2026-09-29T22:19:03.777Z DEBUG blacksilk_p2p::net::headers] peer 1: 1 headers up to height 134 accepted (new: false)
[2026-09-29T22:19:06.199Z DEBUG blacksilk_p2p::net::headers] peer 3: 1 headers up to height 135 accepted (new: true)
[2026-09-29T22:19:06.270Z DEBUG blacksilk_p2p::net::blocks] peer 3: block b91226c9f308 at height 135 received
[2026-09-29T22:19:06.410Z DEBUG blacksilk_p2p::net::headers] peer 4: 1 headers up to height 135 accepted (new: false)
[2026-09-29T22:19:06.410Z DEBUG blacksilk_p2p::net::headers] peer 1: 1 headers up to height 135 accepted (new: false)
[2026-09-29T22:19:08.101Z DEBUG blacksilk_p2p::net::headers] peer 3: 1 headers up to height 136 accepted (new: true)
[2026-09-29T22:19:08.184Z DEBUG blacksilk_p2p::net::blocks] peer 3: block 561a4f9b785f at height 136 received
[2026-09-29T22:19:08.225Z DEBUG blacksilk_p2p::net::headers] peer 1: 1 headers up to height 136 accepted (new: false)
[2026-09-29T22:19:08.326Z DEBUG blacksilk_p2p::net::headers] peer 2: 1 headers up to height 136 accepted (new: false)
[2026-09-29T22:19:08.482Z DEBUG blacksilk_p2p::net::headers] peer 4: 1 headers up to height 136 accepted (new: false)
[2026-09-29T22:19:10.143Z DEBUG blacksilk_p2p::net::headers] peer 3: 1 headers up to height 137 accepted (new: true)
[2026-09-29T22:19:10.217Z DEBUG blacksilk_p2p::net::blocks] peer 3: block 0b7b8ac04645 at height 137 received
[2026-09-29T22:19:10.295Z DEBUG blacksilk_p2p::net::headers] peer 4: 1 headers up to height 137 accepted (new: false)
[2026-09-29T22:19:10.295Z DEBUG blacksilk_p2p::net::headers] peer 1: 1 headers up to height 137 accepted (new: false)
[2026-09-29T22:19:11.176Z DEBUG blacksilk_p2p::net::headers] peer 3: 1 headers up to height 138 accepted (new: true)
[2026-09-29T22:19:11.237Z DEBUG blacksilk_p2p::net::blocks] peer 3: block 659af4985707 at height 138 received
[2026-09-29T22:19:11.366Z DEBUG blacksilk_p2p::net::headers] peer 1: 1 headers up to height 138 accepted (new: false)
[2026-09-29T22:19:11.366Z DEBUG blacksilk_p2p::net::headers] peer 4: 1 headers up to height 138 accepted (new: false)
[2026-09-29T22:19:13.846Z DEBUG blacksilk_p2p::net::headers] peer 3: 1 headers up to height 139 accepted (new: true)
[2026-09-29T22:19:13.923Z DEBUG blacksilk_p2p::net::blocks] peer 3: block a56963a21f55 at height 139 received
[2026-09-29T22:19:13.998Z DEBUG blacksilk_p2p::net::headers] peer 4: 1 headers up to height 139 accepted (new: false)
[2026-09-29T22:19:13.998Z DEBUG blacksilk_p2p::net::headers] peer 1: 1 headers up to height 139 accepted (new: false)
[2026-09-29T22:19:18.482Z DEBUG blacksilk_p2p::net::headers] peer 3: 1 headers up to height 140 accepted (new: true)
[2026-09-29T22:19:18.547Z DEBUG blacksilk_p2p::net::blocks] peer 3: block 71c5c37016b5 at height 140 received
[2026-09-29T22:19:19.620Z DEBUG blacksilk_p2p::net::headers] peer 3: 1 headers up to height 141 accepted (new: true)
[2026-09-29T22:19:19.683Z DEBUG blacksilk_p2p::net::blocks] peer 3: block 88001ce67802 at height 141 received
[2026-09-29T22:19:19.777Z DEBUG blacksilk_p2p::net::headers] peer 1: 1 headers up to height 141 accepted (new: false)
[2026-09-29T22:19:19.817Z DEBUG blacksilk_p2p::net::headers] peer 4: 1 headers up to height 141 accepted (new: false)
[2026-09-29T22:19:22.756Z DEBUG blacksilk_p2p::net::headers] peer 3: 1 headers up to height 142 accepted (new: true)
[2026-09-29T22:19:22.823Z DEBUG blacksilk_p2p::net::blocks] peer 3: block 85ea1875e05e at height 142 received
[2026-09-29T22:19:22.920Z DEBUG blacksilk_p2p::net::headers] peer 1: 1 headers up to height 142 accepted (new: false)
[2026-09-29T22:19:22.920Z DEBUG blacksilk_p2p::net::headers] peer 4: 1 headers up to height 142 accepted (new: false)
[2026-09-29T22:19:24.082Z DEBUG blacksilk_p2p::net::headers] peer 3: 1 headers up to height 143 accepted (new: true)
[2026-09-29T22:19:24.154Z DEBUG blacksilk_p2p::net::blocks] peer 3: block de57e5ab4943 at height 143 received
[2026-09-29T22:19:24.214Z DEBUG blacksilk_p2p::net::headers] peer 4: 1 headers up to height 143 accepted (new: false)
[2026-09-29T22:19:24.255Z DEBUG blacksilk_p2p::net::headers] peer 1: 1 headers up to height 143 accepted (new: false)
[2026-09-29T22:19:25.905Z DEBUG blacksilk_p2p::net::headers] peer 3: 1 headers up to height 144 accepted (new: true)
[2026-09-29T22:19:25.975Z DEBUG blacksilk_p2p::net::blocks] peer 3: block 2279ab8b16ab at height 144 received
[2026-09-29T22:19:26.036Z DEBUG blacksilk_p2p::net::headers] peer 4: 1 headers up to height 144 accepted (new: false)
[2026-09-29T22:19:26.092Z DEBUG blacksilk_p2p::net::headers] peer 1: 1 headers up to height 144 accepted (new: false)
[2026-09-29T22:19:27.430Z DEBUG blacksilk_p2p::net::headers] peer 3: 1 headers up to height 145 accepted (new: true)
[2026-09-29T22:19:27.495Z DEBUG blacksilk_p2p::net::blocks] peer 3: block 0e7ec3a1eb42 at height 145 received
[2026-09-29T22:19:27.578Z DEBUG blacksilk_p2p::net::headers] peer 4: 1 headers up to height 145 accepted (new: false)
[2026-09-29T22:19:27.679Z DEBUG blacksilk_p2p::net::headers] peer 1: 1 headers up to height 145 accepted (new: false)
[2026-09-29T22:19:29.370Z DEBUG blacksilk_p2p::net::headers] peer 3: 1 headers up to height 146 accepted (new: true)
[2026-09-29T22:19:29.442Z DEBUG blacksilk_p2p::net::blocks] peer 3: block b9b25565c080 at height 146 received
[2026-09-29T22:19:29.519Z DEBUG blacksilk_p2p::net::headers] peer 1: 1 headers up to height 146 accepted (new: false)
[2026-09-29T22:19:29.549Z DEBUG blacksilk_p2p::net::headers] peer 2: 1 headers up to height 146 accepted (new: false)
[2026-09-29T22:19:31.598Z DEBUG blacksilk_p2p::net::headers] peer 3: 1 headers up to height 147 accepted (new: true)
[2026-09-29T22:19:31.668Z DEBUG blacksilk_p2p::net::blocks] peer 3: block 10e317af3b4f at height 147 received
[2026-09-29T22:19:31.828Z DEBUG blacksilk_p2p::net::headers] peer 4: 1 headers up to height 147 accepted (new: false)
[2026-09-29T22:19:31.870Z DEBUG blacksilk_p2p::net::headers] peer 1: 1 headers up to height 147 accepted (new: false)
[2026-09-29T22:19:31.919Z DEBUG blacksilk_p2p::net::headers] peer 2: 1 headers up to height 147 accepted (new: false)
[2026-09-29T22:19:34.716Z DEBUG blacksilk_p2p::net::headers] peer 3: 1 headers up to height 148 accepted (new: true)
[2026-09-29T22:19:34.799Z DEBUG blacksilk_p2p::net::blocks] peer 3: block 532c10ce7dbc at height 148 received
[2026-09-29T22:19:34.979Z DEBUG blacksilk_p2p::net::headers] peer 4: 1 headers up to height 148 accepted (new: false)
[2026-09-29T22:19:35.022Z DEBUG blacksilk_p2p::net::headers] peer 1: 1 headers up to height 148 accepted (new: false)
[2026-09-29T22:19:35.042Z DEBUG blacksilk_p2p::net::headers] peer 2: 1 headers up to height 148 accepted (new: false)
[2026-09-29T22:19:36.283Z DEBUG blacksilk_p2p::net::headers] peer 3: 1 headers up to height 149 accepted (new: true)
[2026-09-29T22:19:36.354Z DEBUG blacksilk_p2p::net::blocks] peer 3: block 68b907d03184 at height 149 received
[2026-09-29T22:19:36.543Z DEBUG blacksilk_p2p::net::headers] peer 4: 1 headers up to height 149 accepted (new: false)
[2026-09-29T22:19:36.593Z DEBUG blacksilk_p2p::net::headers] peer 1: 1 headers up to height 149 accepted (new: false)
[2026-09-29T22:19:36.593Z DEBUG blacksilk_p2p::net::headers] peer 2: 1 headers up to height 149 accepted (new: false)
[2026-09-29T22:19:39.626Z DEBUG blacksilk_p2p::net::headers] peer 3: 1 headers up to height 150 accepted (new: true)
[2026-09-29T22:19:39.697Z DEBUG blacksilk_p2p::net::blocks] peer 3: block 5b9318fffdeb at height 150 received
[2026-09-29T22:19:39.973Z DEBUG blacksilk_p2p::net::headers] peer 2: 1 headers up to height 150 accepted (new: false)
[2026-09-29T22:19:39.973Z DEBUG blacksilk_p2p::net::headers] peer 1: 1 headers up to height 150 accepted (new: false)
[2026-09-29T22:19:39.996Z DEBUG blacksilk_p2p::net::headers] peer 4: 1 headers up to height 150 accepted (new: false)
[2026-09-29T22:19:44.878Z DEBUG blacksilk_p2p::net::headers] peer 3: 1 headers up to height 151 accepted (new: true)
[2026-09-29T22:19:44.975Z DEBUG blacksilk_p2p::net::blocks] peer 3: block 3d7337c56cd6 at height 151 received
[2026-09-29T22:19:44.977Z DEBUG blacksilk_p2p::net::headers] peer 1: 1 headers up to height 151 accepted (new: false)
[2026-09-29T22:19:45.221Z DEBUG blacksilk_p2p::net::headers] peer 2: 1 headers up to height 151 accepted (new: false)
[2026-09-29T22:19:45.262Z DEBUG blacksilk_p2p::net::headers] peer 4: 1 headers up to height 151 accepted (new: false)
[2026-09-29T22:19:47.421Z DEBUG blacksilk_p2p::net::headers] peer 3: 1 headers up to height 152 accepted (new: true)
[2026-09-29T22:19:47.489Z DEBUG blacksilk_p2p::net::blocks] peer 3: block cfb0beaa6707 at height 152 received
[2026-09-29T22:19:49.354Z DEBUG blacksilk_p2p::net::headers] peer 3: 1 headers up to height 153 accepted (new: true)
[2026-09-29T22:19:49.429Z DEBUG blacksilk_p2p::net::blocks] peer 3: block 5f104d1dbf32 at height 153 received
[2026-09-29T22:19:49.596Z DEBUG blacksilk_p2p::net::headers] peer 2: 1 headers up to height 153 accepted (new: false)
[2026-09-29T22:19:49.637Z DEBUG blacksilk_p2p::net::headers] peer 1: 1 headers up to height 153 accepted (new: false)
[2026-09-29T22:19:49.678Z DEBUG blacksilk_p2p::net::headers] peer 4: 1 headers up to height 153 accepted (new: false)
[2026-09-29T22:19:51.430Z DEBUG blacksilk_p2p::net::headers] peer 3: 1 headers up to height 154 accepted (new: true)
[2026-09-29T22:19:51.507Z DEBUG blacksilk_p2p::net::blocks] peer 3: block bc448aa758de at height 154 received
[2026-09-29T22:19:51.510Z DEBUG blacksilk_p2p::net::headers] peer 1: 1 headers up to height 154 accepted (new: false)
[2026-09-29T22:19:51.684Z DEBUG blacksilk_p2p::net::headers] peer 2: 1 headers up to height 154 accepted (new: false)
[2026-09-29T22:19:51.732Z DEBUG blacksilk_p2p::net::headers] peer 4: 1 headers up to height 154 accepted (new: false)
[2026-09-29T22:19:53.613Z DEBUG blacksilk_p2p::net::headers] peer 3: 1 headers up to height 155 accepted (new: true)
[2026-09-29T22:19:53.685Z DEBUG blacksilk_p2p::net::blocks] peer 3: block f25b1f9109de at height 155 received
[2026-09-29T22:19:53.768Z DEBUG blacksilk_p2p::net::headers] peer 2: 1 headers up to height 155 accepted (new: false)
[2026-09-29T22:19:53.846Z DEBUG blacksilk_p2p::net::headers] peer 4: 1 headers up to height 155 accepted (new: false)
[2026-09-29T22:19:58.243Z DEBUG blacksilk_p2p::net::headers] peer 3: 1 headers up to height 156 accepted (new: true)
[2026-09-29T22:19:58.331Z DEBUG blacksilk_p2p::net::blocks] peer 3: block f5f5f4c06f04 at height 156 received
[2026-09-29T22:19:59.617Z DEBUG blacksilk_p2p::net::headers] peer 3: 1 headers up to height 157 accepted (new: true)
[2026-09-29T22:19:59.662Z DEBUG blacksilk_p2p::net::blocks] peer 3: block c7ff2452012f at height 157 received
[2026-09-29T22:19:59.719Z DEBUG blacksilk_p2p::net::headers] peer 1: 1 headers up to height 157 accepted (new: false)
[2026-09-29T22:19:59.756Z DEBUG blacksilk_p2p::net::headers] peer 2: 1 headers up to height 157 accepted (new: false)
[2026-09-29T22:20:01.845Z DEBUG blacksilk_p2p::net::headers] peer 3: 1 headers up to height 158 accepted (new: true)
[2026-09-29T22:20:01.928Z DEBUG blacksilk_p2p::net::blocks] peer 3: block fc386b6d6e9b at height 158 received
[2026-09-29T22:20:02.049Z DEBUG blacksilk_p2p::net::headers] peer 4: 1 headers up to height 158 accepted (new: false)
[2026-09-29T22:20:02.112Z DEBUG blacksilk_p2p::net::headers] peer 1: 1 headers up to height 158 accepted (new: false)
[2026-09-29T22:20:02.148Z DEBUG blacksilk_p2p::net::headers] peer 2: 1 headers up to height 158 accepted (new: false)
[2026-09-29T22:20:05.006Z DEBUG blacksilk_p2p::net::headers] peer 3: 1 headers up to height 159 accepted (new: true)
[2026-09-29T22:20:05.068Z DEBUG blacksilk_p2p::net::blocks] peer 3: block 6ac2e8940648 at height 159 received
[2026-09-29T22:20:05.220Z DEBUG blacksilk_p2p::net::headers] peer 4: 1 headers up to height 159 accepted (new: false)
[2026-09-29T22:20:06.451Z DEBUG blacksilk_p2p::net::headers] peer 3: 1 headers up to height 160 accepted (new: true)
[2026-09-29T22:20:06.513Z DEBUG blacksilk_p2p::net::blocks] peer 3: block a8e23624d285 at height 160 received
[2026-09-29T22:20:06.618Z DEBUG blacksilk_p2p::net::headers] peer 1: 1 headers up to height 160 accepted (new: false)
[2026-09-29T22:20:06.673Z DEBUG blacksilk_p2p::net::headers] peer 2: 1 headers up to height 160 accepted (new: false)
[2026-09-29T22:20:14.704Z DEBUG blacksilk_p2p::net::headers] peer 3: 1 headers up to height 161 accepted (new: true)
[2026-09-29T22:20:14.793Z DEBUG blacksilk_p2p::net::blocks] peer 3: block f4d450c50bbd at height 161 received
[2026-09-29T22:20:14.853Z DEBUG blacksilk_p2p::net::headers] peer 4: 1 headers up to height 161 accepted (new: false)
[2026-09-29T22:20:17.036Z DEBUG blacksilk_p2p::net::headers] peer 3: 1 headers up to height 162 accepted (new: true)
[2026-09-29T22:20:17.103Z DEBUG blacksilk_p2p::net::blocks] peer 3: block 587982fa466d at height 162 received
[2026-09-29T22:20:17.184Z DEBUG blacksilk_p2p::net::headers] peer 2: 1 headers up to height 162 accepted (new: false)
[2026-09-29T22:20:17.223Z DEBUG blacksilk_p2p::net::headers] peer 4: 1 headers up to height 162 accepted (new: false)
[2026-09-29T22:20:28.552Z DEBUG blacksilk_p2p::net::headers] peer 3: 1 headers up to height 163 accepted (new: true)
[2026-09-29T22:20:28.612Z DEBUG blacksilk_p2p::net::blocks] peer 3: block 32e74e72e680 at height 163 received
[2026-09-29T22:20:28.712Z DEBUG blacksilk_p2p::net::headers] peer 2: 1 headers up to height 163 accepted (new: false)
[2026-09-29T22:20:28.733Z DEBUG blacksilk_p2p::net::headers] peer 4: 1 headers up to height 163 accepted (new: false)
[2026-09-29T22:20:31.689Z DEBUG blacksilk_p2p::net::headers] peer 3: 1 headers up to height 164 accepted (new: true)
[2026-09-29T22:20:31.777Z DEBUG blacksilk_p2p::net::blocks] peer 3: block 162de93287c0 at height 164 received
[2026-09-29T22:20:31.811Z DEBUG blacksilk_p2p::net::headers] peer 2: 1 headers up to height 164 accepted (new: false)
[2026-09-29T22:20:31.855Z DEBUG blacksilk_p2p::net::headers] peer 4: 1 headers up to height 164 accepted (new: false)
[2026-09-29T22:20:31.913Z DEBUG blacksilk_p2p::net::headers] peer 1: 1 headers up to height 164 accepted (new: false)
[2026-09-29T22:20:34.519Z DEBUG blacksilk_p2p::net::headers] peer 3: 1 headers up to height 165 accepted (new: true)
[2026-09-29T22:20:34.584Z DEBUG blacksilk_p2p::net::blocks] peer 3: block 24353026c510 at height 165 received
[2026-09-29T22:20:34.685Z DEBUG blacksilk_p2p::net::headers] peer 2: 1 headers up to height 165 accepted (new: false)
[2026-09-29T22:20:34.723Z DEBUG blacksilk_p2p::net::headers] peer 4: 1 headers up to height 165 accepted (new: false)
[2026-09-29T22:20:34.787Z DEBUG blacksilk_p2p::net::headers] peer 1: 1 headers up to height 165 accepted (new: false)
[2026-09-29T22:20:36.608Z DEBUG blacksilk_p2p::net::headers] peer 3: 1 headers up to height 166 accepted (new: true)
[2026-09-29T22:20:36.670Z DEBUG blacksilk_p2p::net::blocks] peer 3: block 766d83aa3c31 at height 166 received
[2026-09-29T22:20:36.755Z DEBUG blacksilk_p2p::net::headers] peer 2: 1 headers up to height 166 accepted (new: false)
[2026-09-29T22:20:36.838Z DEBUG blacksilk_p2p::net::headers] peer 4: 1 headers up to height 166 accepted (new: false)
[2026-09-29T22:20:36.856Z DEBUG blacksilk_p2p::net::headers] peer 1: 1 headers up to height 166 accepted (new: false)
[2026-09-29T22:20:42.131Z DEBUG blacksilk_p2p::net::headers] peer 3: 1 headers up to height 167 accepted (new: true)
[2026-09-29T22:20:42.193Z DEBUG blacksilk_p2p::net::blocks] peer 3: block 8f35a969dd1f at height 167 received
[2026-09-29T22:20:42.326Z DEBUG blacksilk_p2p::net::headers] peer 2: 1 headers up to height 167 accepted (new: false)
[2026-09-29T22:20:42.358Z DEBUG blacksilk_p2p::net::headers] peer 4: 1 headers up to height 167 accepted (new: false)
[2026-09-29T22:20:42.358Z DEBUG blacksilk_p2p::net::headers] peer 1: 1 headers up to height 167 accepted (new: false)
[2026-09-29T22:20:43.145Z DEBUG blacksilk_p2p::net::headers] peer 3: 1 headers up to height 168 accepted (new: true)
[2026-09-29T22:20:43.198Z DEBUG blacksilk_p2p::net::blocks] peer 3: block 357d53485a60 at height 168 received
[2026-09-29T22:20:43.348Z DEBUG blacksilk_p2p::net::headers] peer 2: 1 headers up to height 168 accepted (new: false)
[2026-09-29T22:20:43.402Z DEBUG blacksilk_p2p::net::headers] peer 4: 1 headers up to height 168 accepted (new: false)
[2026-09-29T22:20:43.402Z DEBUG blacksilk_p2p::net::headers] peer 1: 1 headers up to height 168 accepted (new: false)
[2026-09-29T22:20:44.604Z DEBUG blacksilk_p2p::net::headers] peer 3: 1 headers up to height 169 accepted (new: true)
[2026-09-29T22:20:44.666Z DEBUG blacksilk_p2p::net::blocks] peer 3: block 49e4ad00c47c at height 169 received
[2026-09-29T22:20:44.723Z DEBUG blacksilk_p2p::net::headers] peer 1: 1 headers up to height 169 accepted (new: false)
[2026-09-29T22:20:58.550Z DEBUG blacksilk_p2p::net::headers] peer 3: 1 headers up to height 170 accepted (new: true)
[2026-09-29T22:20:58.618Z DEBUG blacksilk_p2p::net::blocks] peer 3: block 179faced448a at height 170 received
[2026-09-29T22:20:58.779Z DEBUG blacksilk_p2p::net::headers] peer 2: 1 headers up to height 170 accepted (new: false)
[2026-09-29T22:20:58.821Z DEBUG blacksilk_p2p::net::headers] peer 4: 1 headers up to height 170 accepted (new: false)
[2026-09-29T22:20:58.839Z DEBUG blacksilk_p2p::net::headers] peer 1: 1 headers up to height 170 accepted (new: false)
[2026-09-29T22:21:16.148Z DEBUG blacksilk_p2p::net::headers] peer 3: 1 headers up to height 171 accepted (new: true)
[2026-09-29T22:21:16.222Z DEBUG blacksilk_p2p::net::blocks] peer 3: block 25a02052b7fc at height 171 received
[2026-09-29T22:21:16.249Z DEBUG blacksilk_p2p::net::headers] peer 4: 1 headers up to height 171 accepted (new: false)
[2026-09-29T22:21:18.683Z DEBUG blacksilk_p2p::net::headers] peer 3: 1 headers up to height 172 accepted (new: true)
[2026-09-29T22:21:18.743Z DEBUG blacksilk_p2p::net::blocks] peer 3: block 8b5317f3173e at height 172 received
[2026-09-29T22:21:18.855Z DEBUG blacksilk_p2p::net::headers] peer 4: 1 headers up to height 172 accepted (new: false)
[2026-09-29T22:21:18.950Z DEBUG blacksilk_p2p::net::headers] peer 2: 1 headers up to height 172 accepted (new: false)
[2026-09-29T22:21:18.951Z DEBUG blacksilk_p2p::net::headers] peer 1: 1 headers up to height 172 accepted (new: false)
[2026-09-29T22:21:27.276Z DEBUG blacksilk_p2p::net::headers] peer 3: 1 headers up to height 173 accepted (new: true)
[2026-09-29T22:21:27.350Z DEBUG blacksilk_p2p::net::blocks] peer 3: block 084493464f30 at height 173 received
[2026-09-29T22:21:27.533Z DEBUG blacksilk_p2p::net::headers] peer 1: 1 headers up to height 173 accepted (new: false)
[2026-09-29T22:21:27.550Z DEBUG blacksilk_p2p::net::headers] peer 2: 1 headers up to height 173 accepted (new: false)
[2026-09-29T22:21:42.643Z DEBUG blacksilk_p2p::net::headers] peer 3: 1 headers up to height 174 accepted (new: true)
[2026-09-29T22:21:42.706Z DEBUG blacksilk_p2p::net::blocks] peer 3: block 30d4439b85b9 at height 174 received
[2026-09-29T22:21:42.819Z DEBUG blacksilk_p2p::net::headers] peer 4: 1 headers up to height 174 accepted (new: false)
[2026-09-29T22:21:42.919Z DEBUG blacksilk_p2p::net::headers] peer 1: 1 headers up to height 174 accepted (new: false)
[2026-09-29T22:21:42.919Z DEBUG blacksilk_p2p::net::headers] peer 2: 1 headers up to height 174 accepted (new: false)
[2026-09-29T22:21:43.720Z DEBUG blacksilk_p2p::net::headers] peer 3: 1 headers up to height 175 accepted (new: true)
[2026-09-29T22:21:43.802Z DEBUG blacksilk_p2p::net::blocks] peer 3: block c4b23abbe1ee at height 175 received
[2026-09-29T22:21:43.863Z DEBUG blacksilk_p2p::net::headers] peer 4: 1 headers up to height 175 accepted (new: false)
[2026-09-29T22:21:43.981Z DEBUG blacksilk_p2p::net::headers] peer 1: 1 headers up to height 175 accepted (new: false)
[2026-09-29T22:21:43.981Z DEBUG blacksilk_p2p::net::headers] peer 2: 1 headers up to height 175 accepted (new: false)
[2026-09-29T22:21:46.015Z DEBUG blacksilk_p2p::net::headers] peer 3: 1 headers up to height 176 accepted (new: true)
[2026-09-29T22:21:46.070Z DEBUG blacksilk_p2p::net::blocks] peer 3: block d4df5bacd469 at height 176 received
[2026-09-29T22:21:46.214Z DEBUG blacksilk_p2p::net::headers] peer 4: 1 headers up to height 176 accepted (new: false)
[2026-09-29T22:21:46.318Z DEBUG blacksilk_p2p::net::headers] peer 2: 1 headers up to height 176 accepted (new: false)
[2026-09-29T22:21:46.318Z DEBUG blacksilk_p2p::net::headers] peer 1: 1 headers up to height 176 accepted (new: false)
[2026-09-29T22:21:53.950Z DEBUG blacksilk_p2p::net::headers] peer 3: 1 headers up to height 177 accepted (new: true)
[2026-09-29T22:21:54.023Z DEBUG blacksilk_p2p::net::blocks] peer 3: block ffc9a560f1e7 at height 177 received
[2026-09-29T22:21:54.076Z DEBUG blacksilk_p2p::net::headers] peer 4: 1 headers up to height 177 accepted (new: false)
[2026-09-29T22:21:54.172Z DEBUG blacksilk_p2p::net::headers] peer 2: 1 headers up to height 177 accepted (new: false)
[2026-09-29T22:21:54.172Z DEBUG blacksilk_p2p::net::headers] peer 1: 1 headers up to height 177 accepted (new: false)
[2026-09-29T22:21:55.260Z DEBUG blacksilk_p2p::net::headers] peer 3: 1 headers up to height 178 accepted (new: true)
[2026-09-29T22:21:55.318Z DEBUG blacksilk_p2p::net::blocks] peer 3: block 383b40f1f967 at height 178 received
[2026-09-29T22:21:55.379Z DEBUG blacksilk_p2p::net::headers] peer 4: 1 headers up to height 178 accepted (new: false)
[2026-09-29T22:21:55.465Z DEBUG blacksilk_p2p::net::headers] peer 1: 1 headers up to height 178 accepted (new: false)
[2026-09-29T22:21:55.477Z DEBUG blacksilk_p2p::net::headers] peer 2: 1 headers up to height 178 accepted (new: false)
[2026-09-29T22:21:58.634Z DEBUG blacksilk_p2p::net::headers] peer 3: 1 headers up to height 179 accepted (new: true)
[2026-09-29T22:21:58.698Z DEBUG blacksilk_p2p::net::blocks] peer 3: block 6b6079aa6a02 at height 179 received
[2026-09-29T22:21:58.830Z DEBUG blacksilk_p2p::net::headers] peer 2: 1 headers up to height 179 accepted (new: false)
[2026-09-29T22:21:58.850Z DEBUG blacksilk_p2p::net::headers] peer 1: 1 headers up to height 179 accepted (new: false)
[2026-09-29T22:22:01.671Z DEBUG blacksilk_p2p::net::headers] peer 3: 1 headers up to height 180 accepted (new: true)
[2026-09-29T22:22:01.753Z DEBUG blacksilk_p2p::net::blocks] peer 3: block 0de1d9170656 at height 180 received
[2026-09-29T22:22:01.854Z DEBUG blacksilk_p2p::net::headers] peer 4: 1 headers up to height 180 accepted (new: false)
[2026-09-29T22:22:01.952Z DEBUG blacksilk_p2p::net::headers] peer 2: 1 headers up to height 180 accepted (new: false)
[2026-09-29T22:22:01.976Z DEBUG blacksilk_p2p::net::headers] peer 1: 1 headers up to height 180 accepted (new: false)
[2026-09-29T22:22:05.112Z DEBUG blacksilk_p2p::net::headers] peer 3: 1 headers up to height 181 accepted (new: true)
[2026-09-29T22:22:05.195Z DEBUG blacksilk_p2p::net::blocks] peer 3: block 5137f7a73746 at height 181 received
[2026-09-29T22:22:05.345Z DEBUG blacksilk_p2p::net::headers] peer 1: 1 headers up to height 181 accepted (new: false)
[2026-09-29T22:22:05.345Z DEBUG blacksilk_p2p::net::headers] peer 2: 1 headers up to height 181 accepted (new: false)
[2026-09-29T22:22:11.689Z DEBUG blacksilk_p2p::net::headers] peer 3: 1 headers up to height 182 accepted (new: true)
[2026-09-29T22:22:11.768Z DEBUG blacksilk_p2p::net::blocks] peer 3: block 84261e278b17 at height 182 received
[2026-09-29T22:22:11.869Z DEBUG blacksilk_p2p::net::headers] peer 1: 1 headers up to height 182 accepted (new: false)
[2026-09-29T22:22:19.145Z DEBUG blacksilk_p2p::net::headers] peer 3: 1 headers up to height 183 accepted (new: true)
[2026-09-29T22:22:19.203Z DEBUG blacksilk_p2p::net::blocks] peer 3: block 242338fbef90 at height 183 received
[2026-09-29T22:22:19.349Z DEBUG blacksilk_p2p::net::headers] peer 4: 1 headers up to height 183 accepted (new: false)
[2026-09-29T22:22:19.390Z DEBUG blacksilk_p2p::net::headers] peer 2: 1 headers up to height 183 accepted (new: false)
[2026-09-29T22:22:24.203Z DEBUG blacksilk_p2p::net::headers] peer 3: 1 headers up to height 184 accepted (new: true)
[2026-09-29T22:22:24.288Z DEBUG blacksilk_p2p::net::blocks] peer 3: block 19c284172414 at height 184 received
[2026-09-29T22:22:24.353Z DEBUG blacksilk_p2p::net::headers] peer 2: 1 headers up to height 184 accepted (new: false)
[2026-09-29T22:22:27.885Z DEBUG blacksilk_p2p::net::headers] peer 3: 1 headers up to height 185 accepted (new: true)
[2026-09-29T22:22:27.976Z DEBUG blacksilk_p2p::net::blocks] peer 3: block d629e46b5075 at height 185 received
[2026-09-29T22:22:28.017Z DEBUG blacksilk_p2p::net::headers] peer 4: 1 headers up to height 185 accepted (new: false)
[2026-09-29T22:22:28.077Z DEBUG blacksilk_p2p::net::headers] peer 1: 1 headers up to height 185 accepted (new: false)
[2026-09-29T22:22:28.078Z DEBUG blacksilk_p2p::net::headers] peer 2: 1 headers up to height 185 accepted (new: false)
[2026-09-29T22:22:36.485Z DEBUG blacksilk_p2p::net::headers] peer 3: 1 headers up to height 186 accepted (new: true)
[2026-09-29T22:22:36.548Z DEBUG blacksilk_p2p::net::blocks] peer 3: block 4c820da9b19b at height 186 received
[2026-09-29T22:22:51.320Z DEBUG blacksilk_p2p::net::headers] peer 3: 1 headers up to height 187 accepted (new: true)
[2026-09-29T22:22:51.403Z DEBUG blacksilk_p2p::net::blocks] peer 3: block 8eaf952a20c2 at height 187 received
[2026-09-29T22:22:51.582Z DEBUG blacksilk_p2p::net::headers] peer 1: 1 headers up to height 187 accepted (new: false)
[2026-09-29T22:22:51.627Z DEBUG blacksilk_p2p::net::headers] peer 4: 1 headers up to height 187 accepted (new: false)
[2026-09-29T22:22:51.627Z DEBUG blacksilk_p2p::net::headers] peer 2: 1 headers up to height 187 accepted (new: false)
[2026-09-29T22:22:58.887Z DEBUG blacksilk_p2p::net::headers] peer 3: 1 headers up to height 188 accepted (new: true)
[2026-09-29T22:22:58.979Z DEBUG blacksilk_p2p::net::blocks] peer 3: block 6da6b5a8fa5f at height 188 received
[2026-09-29T22:22:59.143Z DEBUG blacksilk_p2p::net::headers] peer 1: 1 headers up to height 188 accepted (new: false)
[2026-09-29T22:22:59.220Z DEBUG blacksilk_p2p::net::headers] peer 2: 1 headers up to height 188 accepted (new: false)
[2026-09-29T22:22:59.240Z DEBUG blacksilk_p2p::net::headers] peer 4: 1 headers up to height 188 accepted (new: false)
[2026-09-29T22:23:00.688Z DEBUG blacksilk_p2p::net::headers] peer 3: 1 headers up to height 189 accepted (new: true)
[2026-09-29T22:23:00.745Z DEBUG blacksilk_p2p::net::blocks] peer 3: block 82521f8140f0 at height 189 received
[2026-09-29T22:23:00.986Z DEBUG blacksilk_p2p::net::headers] peer 1: 1 headers up to height 189 accepted (new: false)
[2026-09-29T22:23:01.025Z DEBUG blacksilk_p2p::net::headers] peer 4: 1 headers up to height 189 accepted (new: false)
[2026-09-29T22:23:01.025Z DEBUG blacksilk_p2p::net::headers] peer 2: 1 headers up to height 189 accepted (new: false)
[2026-09-29T22:23:10.087Z DEBUG blacksilk_p2p::net::headers] peer 3: 1 headers up to height 190 accepted (new: true)
[2026-09-29T22:23:10.146Z DEBUG blacksilk_p2p::net::blocks] peer 3: block 4d103fd2ce86 at height 190 received
[2026-09-29T22:23:10.177Z DEBUG blacksilk_p2p::net::headers] peer 2: 1 headers up to height 190 accepted (new: false)
[2026-09-29T22:23:10.326Z DEBUG blacksilk_p2p::net::headers] peer 1: 1 headers up to height 190 accepted (new: false)
[2026-09-29T22:23:10.411Z DEBUG blacksilk_p2p::net::headers] peer 4: 1 headers up to height 190 accepted (new: false)
[2026-09-29T22:23:11.163Z DEBUG blacksilk_p2p::net::headers] peer 3: 1 headers up to height 191 accepted (new: true)
[2026-09-29T22:23:11.242Z DEBUG blacksilk_p2p::net::blocks] peer 3: block ade18f4efbca at height 191 received
[2026-09-29T22:23:11.328Z DEBUG blacksilk_p2p::net::headers] peer 1: 1 headers up to height 191 accepted (new: false)
[2026-09-29T22:23:11.462Z DEBUG blacksilk_p2p::net::headers] peer 4: 1 headers up to height 191 accepted (new: false)
[2026-09-29T22:23:11.479Z DEBUG blacksilk_p2p::net::headers] peer 2: 1 headers up to height 191 accepted (new: false)
[2026-09-29T22:23:14.556Z DEBUG blacksilk_p2p::net::headers] peer 3: 1 headers up to height 192 accepted (new: true)
[2026-09-29T22:23:14.613Z DEBUG blacksilk_p2p::net::blocks] peer 3: block e2666e69bbb9 at height 192 received
[2026-09-29T22:23:14.751Z DEBUG blacksilk_p2p::net::headers] peer 1: 1 headers up to height 192 accepted (new: false)
[2026-09-29T22:23:14.876Z DEBUG blacksilk_p2p::net::headers] peer 4: 1 headers up to height 192 accepted (new: false)
[2026-09-29T22:23:14.876Z DEBUG blacksilk_p2p::net::headers] peer 2: 1 headers up to height 192 accepted (new: false)
[2026-09-29T22:23:20.291Z DEBUG blacksilk_p2p::net::headers] peer 3: 1 headers up to height 193 accepted (new: true)
[2026-09-29T22:23:20.342Z DEBUG blacksilk_p2p::net::blocks] peer 3: block 2cfe695bf809 at height 193 received
[2026-09-29T22:23:20.491Z DEBUG blacksilk_p2p::net::headers] peer 1: 1 headers up to height 193 accepted (new: false)
[2026-09-29T22:23:20.609Z DEBUG blacksilk_p2p::net::headers] peer 2: 1 headers up to height 193 accepted (new: false)
[2026-09-29T22:23:20.609Z DEBUG blacksilk_p2p::net::headers] peer 4: 1 headers up to height 193 accepted (new: false)
[2026-09-29T22:23:26.126Z DEBUG blacksilk_p2p::net::headers] peer 3: 1 headers up to height 194 accepted (new: true)
[2026-09-29T22:23:26.185Z DEBUG blacksilk_p2p::net::blocks] peer 3: block 53bdf606c0c4 at height 194 received
[2026-09-29T22:23:26.236Z DEBUG blacksilk_p2p::net::headers] peer 1: 1 headers up to height 194 accepted (new: false)
[2026-09-29T22:23:26.403Z DEBUG blacksilk_p2p::net::headers] peer 4: 1 headers up to height 194 accepted (new: false)
[2026-09-29T22:23:26.419Z DEBUG blacksilk_p2p::net::headers] peer 2: 1 headers up to height 194 accepted (new: false)
[2026-09-29T22:23:28.886Z DEBUG blacksilk_p2p::net::headers] peer 3: 1 headers up to height 195 accepted (new: true)
[2026-09-29T22:23:28.960Z DEBUG blacksilk_p2p::net::blocks] peer 3: block d7ae0afaadaf at height 195 received
[2026-09-29T22:23:29.041Z DEBUG blacksilk_p2p::net::headers] peer 2: 1 headers up to height 195 accepted (new: false)
[2026-09-29T22:23:29.097Z DEBUG blacksilk_p2p::net::headers] peer 1: 1 headers up to height 195 accepted (new: false)
[2026-09-29T22:23:29.264Z DEBUG blacksilk_p2p::net::headers] peer 4: 1 headers up to height 195 accepted (new: false)
[2026-09-29T22:23:54.245Z DEBUG blacksilk_p2p::net::headers] peer 3: 1 headers up to height 196 accepted (new: true)
[2026-09-29T22:23:54.311Z DEBUG blacksilk_p2p::net::blocks] peer 3: block 4a4f7a009fc9 at height 196 received
[2026-09-29T22:23:54.389Z DEBUG blacksilk_p2p::net::headers] peer 2: 1 headers up to height 196 accepted (new: false)
[2026-09-29T22:23:54.389Z DEBUG blacksilk_p2p::net::headers] peer 4: 1 headers up to height 196 accepted (new: false)
[2026-09-29T22:24:05.246Z DEBUG blacksilk_p2p::net::headers] peer 3: 1 headers up to height 197 accepted (new: true)
[2026-09-29T22:24:05.307Z DEBUG blacksilk_p2p::net::blocks] peer 3: block bc72962935b7 at height 197 received
[2026-09-29T22:24:06.411Z DEBUG blacksilk_p2p::net::headers] peer 3: 1 headers up to height 198 accepted (new: true)
[2026-09-29T22:24:06.481Z DEBUG blacksilk_p2p::net::blocks] peer 3: block 0ce551b2ce18 at height 198 received
[2026-09-29T22:24:06.617Z DEBUG blacksilk_p2p::net::headers] peer 1: 1 headers up to height 198 accepted (new: false)
[2026-09-29T22:24:06.634Z DEBUG blacksilk_p2p::net::headers] peer 2: 1 headers up to height 198 accepted (new: false)
[2026-09-29T22:24:06.634Z DEBUG blacksilk_p2p::net::headers] peer 4: 1 headers up to height 198 accepted (new: false)
[2026-09-29T22:24:09.055Z DEBUG blacksilk_p2p::net::headers] peer 3: 1 headers up to height 199 accepted (new: true)
[2026-09-29T22:24:09.119Z DEBUG blacksilk_p2p::net::blocks] peer 3: block 87e53f00e6d4 at height 199 received
[2026-09-29T22:24:09.212Z DEBUG blacksilk_p2p::net::headers] peer 1: 1 headers up to height 199 accepted (new: false)
[2026-09-29T22:24:09.245Z DEBUG blacksilk_p2p::net::headers] peer 4: 1 headers up to height 199 accepted (new: false)
[2026-09-29T22:24:09.245Z DEBUG blacksilk_p2p::net::headers] peer 2: 1 headers up to height 199 accepted (new: false)
[2026-09-29T22:24:12.655Z DEBUG blacksilk_p2p::net::headers] peer 3: 1 headers up to height 200 accepted (new: true)
[2026-09-29T22:24:12.725Z DEBUG blacksilk_p2p::net::blocks] peer 3: block 269bcb76ebff at height 200 received
[2026-09-29T22:24:12.841Z DEBUG blacksilk_p2p::net::headers] peer 1: 1 headers up to height 200 accepted (new: false)
[2026-09-29T22:24:12.928Z DEBUG blacksilk_p2p::net::headers] peer 4: 1 headers up to height 200 accepted (new: false)
[2026-09-29T22:24:12.928Z DEBUG blacksilk_p2p::net::headers] peer 2: 1 headers up to height 200 accepted (new: false)
[2026-09-29T22:24:16.057Z DEBUG blacksilk_p2p::net::headers] peer 3: 1 headers up to height 201 accepted (new: true)
[2026-09-29T22:24:16.109Z DEBUG blacksilk_p2p::net::blocks] peer 3: block 7068ed7d3340 at height 201 received
[2026-09-29T22:24:16.287Z DEBUG blacksilk_p2p::net::headers] peer 1: 1 headers up to height 201 accepted (new: false)
[2026-09-29T22:24:16.348Z DEBUG blacksilk_p2p::net::headers] peer 2: 1 headers up to height 201 accepted (new: false)
[2026-09-29T22:24:16.348Z DEBUG blacksilk_p2p::net::headers] peer 4: 1 headers up to height 201 accepted (new: false)
[2026-09-29T22:24:18.222Z DEBUG blacksilk_p2p::net::headers] peer 3: 1 headers up to height 202 accepted (new: true)
[2026-09-29T22:24:18.285Z DEBUG blacksilk_p2p::net::blocks] peer 3: block 960d74f5cae5 at height 202 received
[2026-09-29T22:24:18.387Z DEBUG blacksilk_p2p::net::headers] peer 1: 1 headers up to height 202 accepted (new: false)
[2026-09-29T22:24:18.432Z DEBUG blacksilk_p2p::net::headers] peer 4: 1 headers up to height 202 accepted (new: false)
[2026-09-29T22:24:18.467Z DEBUG blacksilk_p2p::net::headers] peer 2: 1 headers up to height 202 accepted (new: false)
[2026-09-29T22:24:37.874Z DEBUG blacksilk_p2p::net::headers] peer 3: 1 headers up to height 203 accepted (new: true)
[2026-09-29T22:24:37.946Z DEBUG blacksilk_p2p::net::blocks] peer 3: block bf5b66b67a21 at height 203 received
[2026-09-29T22:24:38.068Z DEBUG blacksilk_p2p::net::headers] peer 4: 1 headers up to height 203 accepted (new: false)
[2026-09-29T22:24:42.834Z DEBUG blacksilk_p2p::net::headers] peer 3: 1 headers up to height 204 accepted (new: true)
[2026-09-29T22:24:42.889Z DEBUG blacksilk_p2p::net::blocks] peer 3: block 2c1a705c3b42 at height 204 received
[2026-09-29T22:24:43.021Z DEBUG blacksilk_p2p::net::headers] peer 4: 1 headers up to height 204 accepted (new: false)
[2026-09-29T22:24:43.038Z DEBUG blacksilk_p2p::net::headers] peer 2: 1 headers up to height 204 accepted (new: false)
[2026-09-29T22:24:43.038Z DEBUG blacksilk_p2p::net::headers] peer 1: 1 headers up to height 204 accepted (new: false)
[2026-09-29T22:24:48.926Z DEBUG blacksilk_p2p::net::headers] peer 3: 1 headers up to height 205 accepted (new: true)
[2026-09-29T22:24:49.010Z DEBUG blacksilk_p2p::net::blocks] peer 3: block f8da14612995 at height 205 received
[2026-09-29T22:24:49.131Z DEBUG blacksilk_p2p::net::headers] peer 1: 1 headers up to height 205 accepted (new: false)
[2026-09-29T22:24:49.132Z DEBUG blacksilk_p2p::net::headers] peer 2: 1 headers up to height 205 accepted (new: false)
[2026-09-29T22:24:49.275Z DEBUG blacksilk_p2p::net::headers] peer 4: 1 headers up to height 205 accepted (new: false)
[2026-09-29T22:25:02.434Z DEBUG blacksilk_p2p::net::headers] peer 3: 1 headers up to height 206 accepted (new: true)
[2026-09-29T22:25:02.486Z DEBUG blacksilk_p2p::net::blocks] peer 3: block febf4571a5dc at height 206 received
[2026-09-29T22:25:15.784Z DEBUG blacksilk_p2p::net::headers] peer 3: 1 headers up to height 207 accepted (new: true)
[2026-09-29T22:25:15.836Z DEBUG blacksilk_p2p::net::blocks] peer 3: block 4cb72258f7c9 at height 207 received
[2026-09-29T22:25:29.396Z DEBUG blacksilk_p2p::net::headers] peer 3: 1 headers up to height 208 accepted (new: true)
[2026-09-29T22:25:29.462Z DEBUG blacksilk_p2p::net::blocks] peer 3: block 79b433fbab62 at height 208 received
[2026-09-29T22:25:43.123Z DEBUG blacksilk_p2p::net::headers] peer 3: 1 headers up to height 209 accepted (new: true)
[2026-09-29T22:25:43.145Z DEBUG blacksilk_p2p::net::headers] peer 1: 1 headers up to height 209 accepted (new: false)
[2026-09-29T22:25:43.174Z DEBUG blacksilk_p2p::net::blocks] peer 3: block 74a89c1efa38 at height 209 received
[2026-09-29T22:25:43.300Z DEBUG blacksilk_p2p::net::headers] peer 2: 1 headers up to height 209 accepted (new: false)
[2026-09-29T22:25:43.381Z DEBUG blacksilk_p2p::net::headers] peer 4: 1 headers up to height 209 accepted (new: false)
[2026-09-29T22:26:15.638Z DEBUG blacksilk_p2p::net::headers] peer 3: 1 headers up to height 210 accepted (new: true)
[2026-09-29T22:26:15.700Z DEBUG blacksilk_p2p::net::blocks] peer 3: block 8a1554a45064 at height 210 received
[2026-09-29T22:26:15.849Z DEBUG blacksilk_p2p::net::headers] peer 4: 1 headers up to height 210 accepted (new: false)
[2026-09-29T22:26:15.926Z DEBUG blacksilk_p2p::net::headers] peer 1: 1 headers up to height 210 accepted (new: false)
[2026-09-29T22:26:15.968Z DEBUG blacksilk_p2p::net::headers] peer 2: 1 headers up to height 210 accepted (new: false)
[2026-09-29T22:26:18.492Z DEBUG blacksilk_p2p::net::headers] peer 3: 1 headers up to height 211 accepted (new: true)
[2026-09-29T22:26:18.573Z DEBUG blacksilk_p2p::net::blocks] peer 3: block aec15c058ad2 at height 211 received
[2026-09-29T22:26:18.578Z DEBUG blacksilk_p2p::net::headers] peer 2: 1 headers up to height 211 accepted (new: false)
[2026-09-29T22:26:18.736Z DEBUG blacksilk_p2p::net::headers] peer 4: 1 headers up to height 211 accepted (new: false)
[2026-09-29T22:26:18.864Z DEBUG blacksilk_p2p::net::headers] peer 1: 1 headers up to height 211 accepted (new: false)
[2026-09-29T22:26:21.512Z DEBUG blacksilk_p2p::net::headers] peer 3: 1 headers up to height 212 accepted (new: true)
[2026-09-29T22:26:21.512Z DEBUG blacksilk_p2p::net::headers] peer 2: 1 headers up to height 212 accepted (new: false)
[2026-09-29T22:26:21.552Z DEBUG blacksilk_p2p::net::headers] peer 1: 1 headers up to height 212 accepted (new: false)
[2026-09-29T22:26:21.578Z DEBUG blacksilk_p2p::net::blocks] peer 3: block 732b43e059fa at height 212 received
[2026-09-29T22:26:21.641Z DEBUG blacksilk_p2p::net::headers] peer 4: 1 headers up to height 212 accepted (new: false)
[2026-09-29T22:26:24.716Z DEBUG blacksilk_p2p::net::headers] peer 3: 1 headers up to height 213 accepted (new: true)
[2026-09-29T22:26:24.765Z DEBUG blacksilk_p2p::net::headers] peer 1: 1 headers up to height 213 accepted (new: false)
[2026-09-29T22:26:24.797Z DEBUG blacksilk_p2p::net::blocks] peer 3: block 26cc1d09c161 at height 213 received
[2026-09-29T22:26:24.927Z DEBUG blacksilk_p2p::net::headers] peer 2: 1 headers up to height 213 accepted (new: false)
[2026-09-29T22:26:29.045Z DEBUG blacksilk_p2p::net::headers] peer 3: 1 headers up to height 214 accepted (new: true)
[2026-09-29T22:26:29.102Z DEBUG blacksilk_p2p::net::blocks] peer 3: block 7c9ef62c0379 at height 214 received
[2026-09-29T22:26:29.166Z DEBUG blacksilk_p2p::net::headers] peer 2: 1 headers up to height 214 accepted (new: false)
[2026-09-29T22:26:32.177Z DEBUG blacksilk_p2p::net::headers] peer 3: 1 headers up to height 215 accepted (new: true)
[2026-09-29T22:26:32.241Z DEBUG blacksilk_p2p::net::blocks] peer 3: block 954dbc2f6b79 at height 215 received
[2026-09-29T22:26:32.328Z DEBUG blacksilk_p2p::net::headers] peer 2: 1 headers up to height 215 accepted (new: false)
[2026-09-29T22:26:36.109Z DEBUG blacksilk_p2p::net::headers] peer 4: 1 headers up to height 216 accepted (new: true)
[2026-09-29T22:26:36.173Z DEBUG blacksilk_p2p::net::blocks] peer 4: block 67d46615194b at height 216 received
[2026-09-29T22:26:36.258Z DEBUG blacksilk_p2p::net::headers] peer 2: 1 headers up to height 216 accepted (new: false)
[2026-09-29T22:26:36.314Z DEBUG blacksilk_p2p::net::headers] peer 3: 1 headers up to height 216 accepted (new: false)
[2026-09-29T22:26:36.399Z DEBUG blacksilk_p2p::net::headers] peer 1: 1 headers up to height 216 accepted (new: false)
[2026-09-29T22:26:37.415Z DEBUG blacksilk_p2p::net::headers] peer 4: 1 headers up to height 217 accepted (new: true)
[2026-09-29T22:26:37.484Z DEBUG blacksilk_p2p::net::blocks] peer 4: block 21068b2fef6d at height 217 received
[2026-09-29T22:26:37.550Z DEBUG blacksilk_p2p::net::headers] peer 2: 1 headers up to height 217 accepted (new: false)
[2026-09-29T22:26:40.717Z DEBUG blacksilk_p2p::net::headers] peer 4: 1 headers up to height 218 accepted (new: true)
[2026-09-29T22:26:40.784Z DEBUG blacksilk_p2p::net::blocks] peer 4: block b2375e04e47a at height 218 received
[2026-09-29T22:26:40.865Z DEBUG blacksilk_p2p::net::headers] peer 1: 1 headers up to height 218 accepted (new: false)
[2026-09-29T22:26:40.908Z DEBUG blacksilk_p2p::net::headers] peer 3: 1 headers up to height 218 accepted (new: false)
[2026-09-29T22:26:41.027Z DEBUG blacksilk_p2p::net::headers] peer 2: 1 headers up to height 218 accepted (new: false)
[2026-09-29T22:26:45.480Z DEBUG blacksilk_p2p::net::headers] peer 4: 1 headers up to height 219 accepted (new: true)
[2026-09-29T22:26:45.580Z DEBUG blacksilk_p2p::net::blocks] peer 4: block 3dff1de71c91 at height 219 received
[2026-09-29T22:26:46.439Z DEBUG blacksilk_p2p::net::headers] peer 3: 1 headers up to height 219 accepted (new: true)
[2026-09-29T22:26:46.439Z DEBUG blacksilk_p2p::net::headers] peer 2: 1 headers up to height 219 accepted (new: false)
[2026-09-29T22:26:46.439Z DEBUG blacksilk_p2p::net::headers] peer 1: 1 headers up to height 219 accepted (new: false)
[2026-09-29T22:26:56.234Z DEBUG blacksilk_p2p::net::headers] peer 4: 1 headers up to height 220 accepted (new: true)
[2026-09-29T22:26:56.308Z DEBUG blacksilk_p2p::net::blocks] peer 4: block 728a27e3f78d at height 220 received
[2026-09-29T22:26:56.565Z DEBUG blacksilk_p2p::net::headers] peer 3: 1 headers up to height 220 accepted (new: false)
[2026-09-29T22:27:03.166Z DEBUG blacksilk_p2p::net::headers] peer 3: 1 headers up to height 221 accepted (new: true)
[2026-09-29T22:27:03.244Z DEBUG blacksilk_p2p::net::blocks] peer 3: block 0e74274ecdfa at height 221 received
[2026-09-29T22:27:03.365Z DEBUG blacksilk_p2p::net::headers] peer 4: 1 headers up to height 221 accepted (new: false)
[2026-09-29T22:27:03.430Z DEBUG blacksilk_p2p::net::headers] peer 2: 1 headers up to height 221 accepted (new: false)
[2026-09-29T22:27:09.506Z DEBUG blacksilk_p2p::net::headers] peer 3: 1 headers up to height 222 accepted (new: true)
[2026-09-29T22:27:09.568Z DEBUG blacksilk_p2p::net::blocks] peer 3: block 357a9e7c93bd at height 222 received
[2026-09-29T22:27:09.668Z DEBUG blacksilk_p2p::net::headers] peer 4: 1 headers up to height 222 accepted (new: false)
[2026-09-29T22:27:09.769Z DEBUG blacksilk_p2p::net::headers] peer 2: 1 headers up to height 222 accepted (new: false)
[2026-09-29T22:27:09.789Z DEBUG blacksilk_p2p::net::headers] peer 1: 1 headers up to height 222 accepted (new: false)
[2026-09-29T22:27:16.655Z DEBUG blacksilk_p2p::net::headers] peer 3: 1 headers up to height 223 accepted (new: true)
[2026-09-29T22:27:16.720Z DEBUG blacksilk_p2p::net::blocks] peer 3: block 07ff0e177baf at height 223 received
[2026-09-29T22:27:16.838Z DEBUG blacksilk_p2p::net::headers] peer 1: 1 headers up to height 223 accepted (new: false)
[2026-09-29T22:27:18.450Z DEBUG blacksilk_p2p::net::headers] peer 3: 1 headers up to height 224 accepted (new: true)
[2026-09-29T22:27:18.450Z DEBUG blacksilk_p2p::net::headers] peer 1: 1 headers up to height 224 accepted (new: false)
[2026-09-29T22:27:18.534Z DEBUG blacksilk_p2p::net::blocks] peer 3: block 2af4e4d8888d at height 224 received
[2026-09-29T22:27:18.736Z DEBUG blacksilk_p2p::net::headers] peer 2: 1 headers up to height 224 accepted (new: false)
[2026-09-29T22:27:18.849Z DEBUG blacksilk_p2p::net::headers] peer 4: 1 headers up to height 224 accepted (new: false)
[2026-09-29T22:27:25.164Z DEBUG blacksilk_p2p::net::headers] peer 4: 1 headers up to height 225 accepted (new: true)
[2026-09-29T22:27:25.241Z DEBUG blacksilk_p2p::net::blocks] peer 4: block 1c59ed914f10 at height 225 received
[2026-09-29T22:27:25.314Z DEBUG blacksilk_p2p::net::headers] peer 2: 1 headers up to height 225 accepted (new: false)
[2026-09-29T22:27:25.411Z DEBUG blacksilk_p2p::net::headers] peer 3: 1 headers up to height 225 accepted (new: false)
[2026-09-29T22:27:27.786Z DEBUG blacksilk_p2p::net::headers] peer 3: 1 headers up to height 226 accepted (new: true)
[2026-09-29T22:27:27.862Z DEBUG blacksilk_p2p::net::blocks] peer 3: block 86b964658c6d at height 226 received
[2026-09-29T22:27:28.648Z DEBUG blacksilk_p2p::net::headers] peer 4: 1 headers up to height 226 accepted (new: true)
[2026-09-29T22:27:28.669Z DEBUG blacksilk_p2p::net::headers] peer 1: 1 headers up to height 226 accepted (new: false)
[2026-09-29T22:27:28.669Z DEBUG blacksilk_p2p::net::headers] peer 2: 1 headers up to height 226 accepted (new: false)
[2026-09-29T22:27:31.905Z DEBUG blacksilk_p2p::net::headers] peer 3: 1 headers up to height 227 accepted (new: true)
[2026-09-29T22:27:31.986Z DEBUG blacksilk_p2p::net::blocks] peer 3: block fc04bbe4eacd at height 227 received
[2026-09-29T22:27:32.007Z DEBUG blacksilk_p2p::net::headers] peer 4: 1 headers up to height 227 accepted (new: false)
[2026-09-29T22:27:33.742Z DEBUG blacksilk_p2p::net::headers] peer 3: 1 headers up to height 228 accepted (new: true)
[2026-09-29T22:27:33.742Z DEBUG blacksilk_p2p::net::headers] peer 1: 1 headers up to height 228 accepted (new: false)
[2026-09-29T22:27:33.809Z DEBUG blacksilk_p2p::net::blocks] peer 3: block 3f228eaecd0d at height 228 received
[2026-09-29T22:27:33.825Z DEBUG blacksilk_p2p::net::headers] peer 2: 1 headers up to height 228 accepted (new: false)
[2026-09-29T22:27:33.846Z DEBUG blacksilk_p2p::net::headers] peer 4: 1 headers up to height 228 accepted (new: false)
[2026-09-29T22:27:37.131Z DEBUG blacksilk_p2p::net::headers] peer 3: 1 headers up to height 229 accepted (new: true)
[2026-09-29T22:27:37.169Z DEBUG blacksilk_p2p::net::headers] peer 1: 1 headers up to height 229 accepted (new: false)
[2026-09-29T22:27:37.204Z DEBUG blacksilk_p2p::net::blocks] peer 3: block 2a17f568a92b at height 229 received
[2026-09-29T22:27:37.275Z DEBUG blacksilk_p2p::net::headers] peer 4: 1 headers up to height 229 accepted (new: false)
[2026-09-29T22:27:48.591Z DEBUG blacksilk_p2p::net::headers] peer 3: 1 headers up to height 230 accepted (new: true)
[2026-09-29T22:27:48.663Z DEBUG blacksilk_p2p::net::blocks] peer 3: block 66755aedeec1 at height 230 received
[2026-09-29T22:27:48.753Z DEBUG blacksilk_p2p::net::headers] peer 2: 1 headers up to height 230 accepted (new: false)
[2026-09-29T22:27:51.289Z DEBUG blacksilk_p2p::net::headers] peer 3: 1 headers up to height 231 accepted (new: true)
[2026-09-29T22:27:51.363Z DEBUG blacksilk_p2p::net::blocks] peer 3: block e4fea1cf36b6 at height 231 received
[2026-09-29T22:27:51.417Z DEBUG blacksilk_p2p::net::headers] peer 4: 1 headers up to height 231 accepted (new: false)
[2026-09-29T22:28:03.716Z DEBUG blacksilk_p2p::net::headers] peer 4: 1 headers up to height 232 accepted (new: true)
[2026-09-29T22:28:03.801Z DEBUG blacksilk_p2p::net::blocks] peer 4: block da88adf9c7e7 at height 232 received
[2026-09-29T22:28:03.903Z DEBUG blacksilk_p2p::net::headers] peer 1: 1 headers up to height 232 accepted (new: false)
[2026-09-29T22:28:04.027Z DEBUG blacksilk_p2p::net::headers] peer 2: 1 headers up to height 232 accepted (new: false)
[2026-09-29T22:28:04.106Z DEBUG blacksilk_p2p::net::headers] peer 3: 1 headers up to height 232 accepted (new: false)
[2026-09-29T22:28:05.354Z DEBUG blacksilk_p2p::net::headers] peer 4: 1 headers up to height 233 accepted (new: true)
[2026-09-29T22:28:05.439Z DEBUG blacksilk_p2p::net::blocks] peer 4: block 64c806538d8f at height 233 received
[2026-09-29T22:28:05.522Z DEBUG blacksilk_p2p::net::headers] peer 1: 1 headers up to height 233 accepted (new: false)
[2026-09-29T22:28:05.611Z DEBUG blacksilk_p2p::net::headers] peer 2: 1 headers up to height 233 accepted (new: false)
[2026-09-29T22:28:11.071Z DEBUG blacksilk_p2p::net::headers] peer 4: 1 headers up to height 234 accepted (new: true)
[2026-09-29T22:28:11.071Z DEBUG blacksilk_p2p::net::headers] peer 1: 1 headers up to height 234 accepted (new: false)
[2026-09-29T22:28:11.144Z DEBUG blacksilk_p2p::net::blocks] peer 4: block 5b20991eb1d2 at height 234 received
[2026-09-29T22:28:11.246Z DEBUG blacksilk_p2p::net::headers] peer 3: 1 headers up to height 234 accepted (new: false)
[2026-09-29T22:28:14.468Z DEBUG blacksilk_p2p::net::headers] peer 4: 1 headers up to height 235 accepted (new: true)
[2026-09-29T22:28:14.533Z DEBUG blacksilk_p2p::net::blocks] peer 4: block cd64a1b432a5 at height 235 received
[2026-09-29T22:28:16.596Z DEBUG blacksilk_p2p::net::stem] stem tx 05f970cfaa89 -> peer 3
[2026-09-29T22:28:22.576Z DEBUG blacksilk_p2p::net::headers] peer 4: 1 headers up to height 236 accepted (new: true)
[2026-09-29T22:28:22.633Z DEBUG blacksilk_p2p::net::headers] peer 2: 1 headers up to height 236 accepted (new: false)
[2026-09-29T22:28:22.649Z DEBUG blacksilk_p2p::net::blocks] peer 4: block e928c5d7717b at height 236 received
[2026-09-29T22:28:22.733Z DEBUG blacksilk_p2p::net::headers] peer 3: 1 headers up to height 236 accepted (new: false)
[2026-09-29T22:28:22.880Z DEBUG blacksilk_p2p::net::headers] peer 1: 1 headers up to height 236 accepted (new: false)
[2026-09-29T22:28:24.508Z DEBUG blacksilk_p2p::net::headers] peer 4: 1 headers up to height 237 accepted (new: true)
[2026-09-29T22:28:24.571Z DEBUG blacksilk_p2p::net::blocks] peer 4: block aeacd677867e at height 237 received
[2026-09-29T22:28:24.744Z DEBUG blacksilk_p2p::net::headers] peer 1: 1 headers up to height 237 accepted (new: false)
[2026-09-29T22:28:24.781Z DEBUG blacksilk_p2p::net::headers] peer 2: 1 headers up to height 237 accepted (new: false)
[2026-09-29T22:28:27.582Z DEBUG blacksilk_p2p::net::headers] peer 3: 1 headers up to height 238 accepted (new: true)
[2026-09-29T22:28:27.657Z DEBUG blacksilk_p2p::net::blocks] peer 3: block 14bff59a90ba at height 238 received
[2026-09-29T22:28:32.008Z DEBUG blacksilk_p2p::net::headers] peer 4: 1 headers up to height 239 accepted (new: true)
[2026-09-29T22:28:32.082Z DEBUG blacksilk_p2p::net::blocks] peer 4: block 957dcc764735 at height 239 received
[2026-09-29T22:28:32.872Z DEBUG blacksilk_p2p::net::headers] peer 3: 1 headers up to height 239 accepted (new: true)
[2026-09-29T22:28:32.872Z DEBUG blacksilk_p2p::net::headers] peer 1: 1 headers up to height 239 accepted (new: false)
[2026-09-29T22:28:32.873Z DEBUG blacksilk_p2p::net::headers] peer 2: 1 headers up to height 239 accepted (new: false)
[2026-09-29T22:28:35.180Z DEBUG blacksilk_p2p::net::headers] peer 4: 1 headers up to height 240 accepted (new: true)
[2026-09-29T22:28:35.247Z DEBUG blacksilk_p2p::net::blocks] peer 4: block 8f500333f69d at height 240 received
[2026-09-29T22:28:35.350Z DEBUG blacksilk_p2p::net::headers] peer 3: 1 headers up to height 240 accepted (new: false)
[2026-09-29T22:28:42.992Z DEBUG blacksilk_p2p::net::headers] peer 4: 1 headers up to height 241 accepted (new: true)
[2026-09-29T22:28:43.060Z DEBUG blacksilk_p2p::net::blocks] peer 4: block c0f0f4f6b20f at height 241 received
[2026-09-29T22:28:43.818Z DEBUG blacksilk_p2p::net::headers] peer 3: 1 headers up to height 241 accepted (new: true)
[2026-09-29T22:28:43.818Z DEBUG blacksilk_p2p::net::headers] peer 1: 1 headers up to height 241 accepted (new: false)
[2026-09-29T22:28:43.819Z DEBUG blacksilk_p2p::net::headers] peer 2: 1 headers up to height 241 accepted (new: false)
[2026-09-29T22:28:50.339Z DEBUG blacksilk_p2p::net::headers] peer 4: 1 headers up to height 242 accepted (new: true)
[2026-09-29T22:28:50.404Z DEBUG blacksilk_p2p::net::blocks] peer 4: block 7319f7bd900f at height 242 received
[2026-09-29T22:28:56.675Z DEBUG blacksilk_p2p::net::stem] stem tx 9d9e039061d0 -> peer 3
[2026-09-29T22:29:06.873Z DEBUG blacksilk_p2p::net::headers] peer 4: 1 headers up to height 243 accepted (new: true)
[2026-09-29T22:29:06.951Z DEBUG blacksilk_p2p::net::blocks] peer 4: block 1359b11487fa at height 243 received
[2026-09-29T22:29:22.052Z DEBUG blacksilk_p2p::net::headers] peer 3: 1 headers up to height 244 accepted (new: true)
[2026-09-29T22:29:22.123Z DEBUG blacksilk_p2p::net::blocks] peer 3: block 42f362c34fd6 at height 244 received
[2026-09-29T22:29:22.206Z DEBUG blacksilk_p2p::net::headers] peer 1: 1 headers up to height 244 accepted (new: false)
[2026-09-29T22:29:22.224Z DEBUG blacksilk_p2p::net::headers] peer 2: 1 headers up to height 244 accepted (new: false)
[2026-09-29T22:29:28.835Z DEBUG blacksilk_p2p::net::headers] peer 4: 1 headers up to height 245 accepted (new: true)
[2026-09-29T22:29:28.902Z DEBUG blacksilk_p2p::net::blocks] peer 4: block c1b32928ca77 at height 245 received
[2026-09-29T22:29:28.988Z DEBUG blacksilk_p2p::net::headers] peer 3: 1 headers up to height 245 accepted (new: false)
[2026-09-29T22:29:29.024Z DEBUG blacksilk_p2p::net::headers] peer 2: 1 headers up to height 245 accepted (new: false)
[2026-09-29T22:29:29.025Z DEBUG blacksilk_p2p::net::headers] peer 1: 1 headers up to height 245 accepted (new: false)
[2026-09-29T22:29:41.962Z DEBUG blacksilk_p2p::net::headers] peer 3: 1 headers up to height 246 accepted (new: true)
[2026-09-29T22:29:42.038Z DEBUG blacksilk_p2p::net::blocks] peer 3: block ce824ca446b8 at height 246 received
[2026-09-29T22:29:42.214Z DEBUG blacksilk_p2p::net::headers] peer 1: 1 headers up to height 246 accepted (new: false)
[2026-09-29T22:29:42.214Z DEBUG blacksilk_p2p::net::headers] peer 2: 1 headers up to height 246 accepted (new: false)
[2026-09-29T22:29:52.000Z DEBUG blacksilk_p2p::net::headers] peer 3: 1 headers up to height 247 accepted (new: true)
[2026-09-29T22:29:52.071Z DEBUG blacksilk_p2p::net::blocks] peer 3: block affe84660aea at height 247 received
[2026-09-29T22:29:52.179Z DEBUG blacksilk_p2p::net::headers] peer 2: 1 headers up to height 247 accepted (new: false)
[2026-09-29T22:29:52.220Z DEBUG blacksilk_p2p::net::headers] peer 1: 1 headers up to height 247 accepted (new: false)
[2026-09-29T22:29:54.187Z DEBUG blacksilk_p2p::net::headers] peer 4: 1 headers up to height 248 accepted (new: true)
[2026-09-29T22:29:54.271Z DEBUG blacksilk_p2p::net::blocks] peer 4: block 604c806250cb at height 248 received
[2026-09-29T22:29:54.390Z DEBUG blacksilk_p2p::net::headers] peer 3: 1 headers up to height 248 accepted (new: false)
[2026-09-29T22:29:54.559Z DEBUG blacksilk_p2p::net::headers] peer 2: 1 headers up to height 248 accepted (new: false)
[2026-09-29T22:29:56.995Z DEBUG blacksilk_p2p::net::stem] stem tx 0518017ddec6 -> peer 2
[2026-09-29T22:30:03.342Z DEBUG blacksilk_p2p::net::headers] peer 3: 1 headers up to height 249 accepted (new: true)
[2026-09-29T22:30:03.416Z DEBUG blacksilk_p2p::net::blocks] peer 3: block 3209f2472350 at height 249 received
[2026-09-29T22:30:03.557Z DEBUG blacksilk_p2p::net::headers] peer 4: 1 headers up to height 249 accepted (new: false)
[2026-09-29T22:30:03.644Z DEBUG blacksilk_p2p::net::headers] peer 2: 1 headers up to height 249 accepted (new: false)
[2026-09-29T22:30:07.905Z DEBUG blacksilk_p2p::net::headers] peer 4: 1 headers up to height 250 accepted (new: true)
[2026-09-29T22:30:07.962Z DEBUG blacksilk_p2p::net::blocks] peer 4: block 1ee2e6aef61d at height 250 received
[2026-09-29T22:30:08.106Z DEBUG blacksilk_p2p::net::headers] peer 2: 1 headers up to height 250 accepted (new: false)
[2026-09-29T22:30:08.193Z DEBUG blacksilk_p2p::net::headers] peer 1: 1 headers up to height 250 accepted (new: false)
[2026-09-29T22:30:11.220Z DEBUG blacksilk_p2p::net::headers] peer 4: 1 headers up to height 251 accepted (new: true)
[2026-09-29T22:30:11.303Z DEBUG blacksilk_p2p::net::blocks] peer 4: block 0ae41df7e98a at height 251 received
[2026-09-29T22:30:11.326Z DEBUG blacksilk_p2p::net::headers] peer 1: 1 headers up to height 251 accepted (new: false)
[2026-09-29T22:30:11.453Z DEBUG blacksilk_p2p::net::headers] peer 3: 1 headers up to height 251 accepted (new: false)
[2026-09-29T22:30:11.518Z DEBUG blacksilk_p2p::net::headers] peer 2: 1 headers up to height 251 accepted (new: false)
[2026-09-29T22:30:18.267Z DEBUG blacksilk_p2p::net::headers] peer 3: 1 headers up to height 252 accepted (new: true)
[2026-09-29T22:30:18.347Z DEBUG blacksilk_p2p::net::blocks] peer 3: block ad4597de1ab5 at height 252 received
[2026-09-29T22:30:18.449Z DEBUG blacksilk_p2p::net::headers] peer 1: 1 headers up to height 252 accepted (new: false)
[2026-09-29T22:30:18.558Z DEBUG blacksilk_p2p::net::headers] peer 4: 1 headers up to height 252 accepted (new: false)
[2026-09-29T22:30:18.598Z DEBUG blacksilk_p2p::net::headers] peer 2: 1 headers up to height 252 accepted (new: false)
[2026-09-29T22:30:20.479Z DEBUG blacksilk_p2p::net::headers] peer 3: 1 headers up to height 253 accepted (new: true)
[2026-09-29T22:30:20.552Z DEBUG blacksilk_p2p::net::blocks] peer 3: block 971acdbca775 at height 253 received
[2026-09-29T22:30:20.684Z DEBUG blacksilk_p2p::net::headers] peer 4: 1 headers up to height 253 accepted (new: false)
[2026-09-29T22:30:20.684Z DEBUG blacksilk_p2p::net::headers] peer 2: 1 headers up to height 253 accepted (new: false)
[2026-09-29T22:30:33.865Z DEBUG blacksilk_p2p::net::headers] peer 4: 1 headers up to height 254 accepted (new: true)
[2026-09-29T22:30:33.938Z DEBUG blacksilk_p2p::net::blocks] peer 4: block b79689873190 at height 254 received
[2026-09-29T22:30:34.001Z DEBUG blacksilk_p2p::net::headers] peer 3: 1 headers up to height 254 accepted (new: false)
[2026-09-29T22:30:34.104Z DEBUG blacksilk_p2p::net::headers] peer 2: 1 headers up to height 254 accepted (new: false)
[2026-09-29T22:30:34.141Z DEBUG blacksilk_p2p::net::headers] peer 1: 1 headers up to height 254 accepted (new: false)
[2026-09-29T22:30:38.758Z DEBUG blacksilk_p2p::net::headers] peer 4: 1 headers up to height 255 accepted (new: true)
[2026-09-29T22:30:38.856Z DEBUG blacksilk_p2p::net::blocks] peer 4: block aa44a2762d4e at height 255 received
[2026-09-29T22:30:38.877Z DEBUG blacksilk_p2p::net::headers] peer 1: 1 headers up to height 255 accepted (new: false)
[2026-09-29T22:30:39.118Z DEBUG blacksilk_p2p::net::headers] peer 2: 1 headers up to height 255 accepted (new: false)
[2026-09-29T22:30:57.042Z DEBUG blacksilk_p2p::net::headers] peer 3: 1 headers up to height 256 accepted (new: true)
[2026-09-29T22:30:57.135Z DEBUG blacksilk_p2p::net::blocks] peer 3: block 0f6e6547b9c5 at height 256 received
[2026-09-29T22:30:57.196Z DEBUG blacksilk_p2p::net::headers] peer 1: 1 headers up to height 256 accepted (new: false)
[2026-09-29T22:30:57.196Z DEBUG blacksilk_p2p::net::headers] peer 2: 1 headers up to height 256 accepted (new: false)
[2026-09-29T22:30:57.208Z DEBUG blacksilk_p2p::net::headers] peer 4: 1 headers up to height 256 accepted (new: false)
[2026-09-29T22:31:00.296Z DEBUG blacksilk_p2p::net::headers] peer 4: 1 headers up to height 257 accepted (new: true)
[2026-09-29T22:31:00.355Z DEBUG blacksilk_p2p::net::blocks] peer 4: block a662d707939b at height 257 received
[2026-09-29T22:31:00.546Z DEBUG blacksilk_p2p::net::headers] peer 1: 1 headers up to height 257 accepted (new: false)
[2026-09-29T22:31:00.563Z DEBUG blacksilk_p2p::net::headers] peer 3: 1 headers up to height 257 accepted (new: false)
[2026-09-29T22:31:03.555Z DEBUG blacksilk_p2p::net::headers] peer 3: 1 headers up to height 258 accepted (new: true)
[2026-09-29T22:31:03.555Z DEBUG blacksilk_p2p::net::headers] peer 1: 1 headers up to height 258 accepted (new: false)
[2026-09-29T22:31:03.555Z DEBUG blacksilk_p2p::net::headers] peer 2: 1 headers up to height 258 accepted (new: false)
[2026-09-29T22:31:03.617Z DEBUG blacksilk_p2p::net::blocks] peer 3: block 9b5c797ed808 at height 258 received
[2026-09-29T22:31:03.725Z DEBUG blacksilk_p2p::net::headers] peer 4: 1 headers up to height 258 accepted (new: false)
[2026-09-29T22:31:08.947Z DEBUG blacksilk_p2p::net::headers] peer 3: 1 headers up to height 259 accepted (new: true)
[2026-09-29T22:31:08.977Z DEBUG blacksilk_p2p::net::headers] peer 4: 1 headers up to height 259 accepted (new: false)
[2026-09-29T22:31:09.023Z DEBUG blacksilk_p2p::net::blocks] peer 3: block 564ebb20800b at height 259 received
[2026-09-29T22:31:09.104Z DEBUG blacksilk_p2p::net::headers] peer 2: 1 headers up to height 259 accepted (new: false)
[2026-09-29T22:31:14.705Z DEBUG blacksilk_p2p::net::headers] peer 4: 1 headers up to height 260 accepted (new: true)
[2026-09-29T22:31:14.767Z DEBUG blacksilk_p2p::net::blocks] peer 4: block bde30cc57e6e at height 260 received
[2026-09-29T22:31:14.890Z DEBUG blacksilk_p2p::net::headers] peer 2: 1 headers up to height 260 accepted (new: false)
[2026-09-29T22:31:14.994Z DEBUG blacksilk_p2p::net::headers] peer 3: 1 headers up to height 260 accepted (new: false)
[2026-09-29T22:31:34.302Z DEBUG blacksilk_p2p::net::headers] peer 3: 1 headers up to height 261 accepted (new: true)
[2026-09-29T22:31:34.364Z DEBUG blacksilk_p2p::net::blocks] peer 3: block 8938397a5c62 at height 261 received
[2026-09-29T22:31:34.584Z DEBUG blacksilk_p2p::net::headers] peer 2: 1 headers up to height 261 accepted (new: false)
[2026-09-29T22:31:34.649Z DEBUG blacksilk_p2p::net::headers] peer 4: 1 headers up to height 261 accepted (new: false)
[2026-09-29T22:31:37.507Z DEBUG blacksilk_p2p::net::stem] stem tx acc8c6222089 -> peer 3
[2026-09-29T22:31:38.409Z DEBUG blacksilk_p2p::net::headers] peer 4: 1 headers up to height 262 accepted (new: true)
[2026-09-29T22:31:38.471Z DEBUG blacksilk_p2p::net::blocks] peer 4: block 070c7a895ab2 at height 262 received
[2026-09-29T22:31:38.555Z DEBUG blacksilk_p2p::net::headers] peer 2: 1 headers up to height 262 accepted (new: false)
[2026-09-29T22:31:38.588Z DEBUG blacksilk_p2p::net::headers] peer 1: 1 headers up to height 262 accepted (new: false)
[2026-09-29T22:31:45.806Z DEBUG blacksilk_p2p::net::headers] peer 3: 1 headers up to height 263 accepted (new: true)
[2026-09-29T22:31:45.888Z DEBUG blacksilk_p2p::net::blocks] peer 3: block b9eb5e11d41c at height 263 received
[2026-09-29T22:31:45.932Z DEBUG blacksilk_p2p::net::headers] peer 2: 1 headers up to height 263 accepted (new: false)
[2026-09-29T22:31:58.313Z DEBUG blacksilk_p2p::net::headers] peer 4: 1 headers up to height 264 accepted (new: true)
[2026-09-29T22:31:58.391Z DEBUG blacksilk_p2p::net::blocks] peer 4: block 1dd981feef98 at height 264 received
[2026-09-29T22:31:58.453Z DEBUG blacksilk_p2p::net::headers] peer 2: 1 headers up to height 264 accepted (new: false)
[2026-09-29T22:32:15.719Z DEBUG blacksilk_p2p::net::headers] peer 4: 1 headers up to height 265 accepted (new: true)
[2026-09-29T22:32:15.719Z DEBUG blacksilk_p2p::net::headers] peer 3: 1 headers up to height 265 accepted (new: false)
[2026-09-29T22:32:15.755Z DEBUG blacksilk_p2p::net::headers] peer 1: 1 headers up to height 265 accepted (new: false)
[2026-09-29T22:32:15.800Z DEBUG blacksilk_p2p::net::blocks] peer 4: block 532c0a66511f at height 265 received
[2026-09-29T22:32:15.917Z DEBUG blacksilk_p2p::net::headers] peer 2: 1 headers up to height 265 accepted (new: false)
[2026-09-29T22:32:24.925Z DEBUG blacksilk_p2p::net::headers] peer 4: 1 headers up to height 266 accepted (new: true)
[2026-09-29T22:32:25.000Z DEBUG blacksilk_p2p::net::blocks] peer 4: block 79422c5aaab3 at height 266 received
[2026-09-29T22:32:25.084Z DEBUG blacksilk_p2p::net::headers] peer 2: 1 headers up to height 266 accepted (new: false)
[2026-09-29T22:32:25.140Z DEBUG blacksilk_p2p::net::headers] peer 3: 1 headers up to height 266 accepted (new: false)
[2026-09-29T22:32:30.934Z DEBUG blacksilk_p2p::net::headers] peer 4: 1 headers up to height 267 accepted (new: true)
[2026-09-29T22:32:31.051Z DEBUG blacksilk_p2p::net::blocks] peer 4: block 34f825b54039 at height 267 received
[2026-09-29T22:32:31.864Z DEBUG blacksilk_p2p::net::headers] peer 3: 1 headers up to height 267 accepted (new: true)
[2026-09-29T22:32:31.864Z DEBUG blacksilk_p2p::net::headers] peer 1: 1 headers up to height 267 accepted (new: false)
[2026-09-29T22:32:31.864Z DEBUG blacksilk_p2p::net::headers] peer 2: 1 headers up to height 267 accepted (new: false)
[2026-09-29T22:32:34.299Z DEBUG blacksilk_p2p::net::headers] peer 4: 1 headers up to height 268 accepted (new: true)
[2026-09-29T22:32:34.371Z DEBUG blacksilk_p2p::net::blocks] peer 4: block 170fa2ae0154 at height 268 received
[2026-09-29T22:32:34.476Z DEBUG blacksilk_p2p::net::headers] peer 2: 1 headers up to height 268 accepted (new: false)
[2026-09-29T22:32:35.551Z DEBUG blacksilk_p2p::net::headers] peer 4: 1 headers up to height 269 accepted (new: true)
[2026-09-29T22:32:35.631Z DEBUG blacksilk_p2p::net::blocks] peer 4: block f662da8fc020 at height 269 received
[2026-09-29T22:32:35.811Z DEBUG blacksilk_p2p::net::headers] peer 2: 1 headers up to height 269 accepted (new: false)
[2026-09-29T22:32:46.455Z DEBUG blacksilk_p2p::net::headers] peer 4: 1 headers up to height 270 accepted (new: true)
[2026-09-29T22:32:46.456Z DEBUG blacksilk_p2p::net::headers] peer 3: 1 headers up to height 270 accepted (new: false)
[2026-09-29T22:32:46.514Z DEBUG blacksilk_p2p::net::blocks] peer 4: block ada46b10c693 at height 270 received
[2026-09-29T22:32:46.696Z DEBUG blacksilk_p2p::net::headers] peer 1: 1 headers up to height 270 accepted (new: false)
[2026-09-29T22:32:46.769Z DEBUG blacksilk_p2p::net::headers] peer 2: 1 headers up to height 270 accepted (new: false)
[2026-09-29T22:32:49.003Z DEBUG blacksilk_p2p::net::headers] peer 4: 1 headers up to height 271 accepted (new: true)
[2026-09-29T22:32:49.064Z DEBUG blacksilk_p2p::net::blocks] peer 4: block e3b446000001 at height 271 received
[2026-09-29T22:32:49.081Z DEBUG blacksilk_p2p::net::headers] peer 3: 1 headers up to height 271 accepted (new: false)
[2026-09-29T22:32:53.862Z DEBUG blacksilk_p2p::net::headers] peer 4: 1 headers up to height 272 accepted (new: true)
[2026-09-29T22:32:53.921Z DEBUG blacksilk_p2p::net::blocks] peer 4: block 579b0946f91e at height 272 received
[2026-09-29T22:32:54.121Z DEBUG blacksilk_p2p::net::headers] peer 2: 1 headers up to height 272 accepted (new: false)
[2026-09-29T22:32:57.927Z DEBUG blacksilk_p2p::net::stem] stem tx 597a5a167d91 -> peer 3
[2026-09-29T22:33:01.962Z DEBUG blacksilk_p2p::net::headers] peer 4: 1 headers up to height 273 accepted (new: true)
[2026-09-29T22:33:02.026Z DEBUG blacksilk_p2p::net::blocks] peer 4: block 42a7ecb96f35 at height 273 received
[2026-09-29T22:33:02.755Z DEBUG blacksilk_p2p::net::headers] peer 3: 1 headers up to height 273 accepted (new: true)
[2026-09-29T22:33:02.755Z DEBUG blacksilk_p2p::net::headers] peer 1: 1 headers up to height 273 accepted (new: false)
[2026-09-29T22:33:02.755Z DEBUG blacksilk_p2p::net::headers] peer 2: 1 headers up to height 273 accepted (new: false)
[2026-09-29T22:33:08.174Z DEBUG blacksilk_p2p::net::headers] peer 3: 1 headers up to height 274 accepted (new: true)
[2026-09-29T22:33:08.257Z DEBUG blacksilk_p2p::net::blocks] peer 3: block c72e91129ce2 at height 274 received
[2026-09-29T22:33:08.257Z DEBUG blacksilk_p2p::net::headers] peer 4: 1 headers up to height 274 accepted (new: false)
[2026-09-29T22:33:08.339Z DEBUG blacksilk_p2p::net::blocks] peer 4: block 4c735c870ed9 at height 273 received
[2026-09-29T22:33:08.347Z INFO  blacksilk_chain::manager::fork_choice] reorganization: disconnecting 1 block(s) above height 272
[2026-09-29T22:33:08.354Z INFO  blacksilk_chain::manager::fork_choice] mempool after the reorganization: Revalidation { checked: 0, invalid: 0, ring_changed: 0 }; returned transactions: Readmission { readmitted: 0, already_pooled: 0, other_rules: 0, conflicts: 0, invalid: 0, ring_changed: 0, no_room: 0, over_budget: 0 }; 0 beyond the readmission budget, not captured
[2026-09-29T22:33:08.354Z DEBUG blacksilk_p2p::net::headers] peer 2: 1 headers up to height 274 accepted (new: false)
[2026-09-29T22:33:08.579Z DEBUG blacksilk_p2p::net::headers] peer 1: 1 headers up to height 274 accepted (new: false)
[2026-09-29T22:33:10.993Z DEBUG blacksilk_p2p::net::headers] peer 4: 1 headers up to height 275 accepted (new: true)
[2026-09-29T22:33:11.082Z DEBUG blacksilk_p2p::net::blocks] peer 4: block dae579677202 at height 275 received
[2026-09-29T22:33:11.226Z DEBUG blacksilk_p2p::net::headers] peer 2: 1 headers up to height 275 accepted (new: false)
[2026-09-29T22:33:11.226Z DEBUG blacksilk_p2p::net::headers] peer 1: 1 headers up to height 275 accepted (new: false)
[2026-09-29T22:33:13.089Z DEBUG blacksilk_p2p::net::headers] peer 4: 1 headers up to height 276 accepted (new: true)
[2026-09-29T22:33:13.089Z DEBUG blacksilk_p2p::net::headers] peer 2: 1 headers up to height 276 accepted (new: false)
[2026-09-29T22:33:13.179Z DEBUG blacksilk_p2p::net::blocks] peer 4: block d3145e1982a2 at height 276 received
[2026-09-29T22:33:13.278Z DEBUG blacksilk_p2p::net::headers] peer 3: 1 headers up to height 276 accepted (new: false)
[2026-09-29T22:33:13.278Z DEBUG blacksilk_p2p::net::headers] peer 1: 1 headers up to height 276 accepted (new: false)
[2026-09-29T22:33:30.405Z DEBUG blacksilk_p2p::net::headers] peer 4: 1 headers up to height 277 accepted (new: true)
[2026-09-29T22:33:30.455Z DEBUG blacksilk_p2p::net::blocks] peer 4: block f254cb6dddb3 at height 277 received
[2026-09-29T22:33:30.563Z DEBUG blacksilk_p2p::net::headers] peer 2: 1 headers up to height 277 accepted (new: false)
[2026-09-29T22:33:30.580Z DEBUG blacksilk_p2p::net::headers] peer 3: 1 headers up to height 277 accepted (new: false)
[2026-09-29T22:33:30.581Z DEBUG blacksilk_p2p::net::headers] peer 1: 1 headers up to height 277 accepted (new: false)
[2026-09-29T22:33:38.174Z DEBUG blacksilk_p2p::net::stem] stem tx 4fc5b4065b50 -> peer 3
[2026-09-29T22:33:38.581Z DEBUG blacksilk_p2p::net::headers] peer 4: 1 headers up to height 278 accepted (new: true)
[2026-09-29T22:33:38.726Z DEBUG blacksilk_p2p::net::blocks] peer 4: block f1fd3046e82a at height 278 received
[2026-09-29T22:33:38.994Z DEBUG blacksilk_p2p::net::headers] peer 2: 1 headers up to height 278 accepted (new: false)
[2026-09-29T22:33:38.994Z DEBUG blacksilk_p2p::net::headers] peer 1: 1 headers up to height 278 accepted (new: false)
[2026-09-29T22:33:38.994Z DEBUG blacksilk_p2p::net::headers] peer 3: 1 headers up to height 278 accepted (new: false)
[2026-09-29T22:33:46.681Z DEBUG blacksilk_p2p::net::headers] peer 3: 1 headers up to height 279 accepted (new: true)
[2026-09-29T22:33:46.755Z DEBUG blacksilk_p2p::net::blocks] peer 3: block 44b1d76f7456 at height 279 received
[2026-09-29T22:33:46.821Z DEBUG blacksilk_p2p::net::headers] peer 2: 1 headers up to height 279 accepted (new: false)
[2026-09-29T22:33:46.847Z DEBUG blacksilk_p2p::net::headers] peer 1: 1 headers up to height 279 accepted (new: false)
[2026-09-29T22:33:51.883Z DEBUG blacksilk_p2p::net::headers] peer 4: 1 headers up to height 280 accepted (new: true)
[2026-09-29T22:33:51.953Z DEBUG blacksilk_p2p::net::blocks] peer 4: block f0119f6f6ad6 at height 280 received
[2026-09-29T22:33:52.041Z DEBUG blacksilk_p2p::net::headers] peer 2: 1 headers up to height 280 accepted (new: false)
[2026-09-29T22:33:52.101Z DEBUG blacksilk_p2p::net::headers] peer 1: 1 headers up to height 280 accepted (new: false)
[2026-09-29T22:33:52.126Z DEBUG blacksilk_p2p::net::headers] peer 3: 1 headers up to height 280 accepted (new: false)
[2026-09-29T22:33:53.724Z DEBUG blacksilk_p2p::net::headers] peer 4: 1 headers up to height 281 accepted (new: true)
[2026-09-29T22:33:53.816Z DEBUG blacksilk_p2p::net::blocks] peer 4: block f83054a98f79 at height 281 received
[2026-09-29T22:33:53.893Z DEBUG blacksilk_p2p::net::headers] peer 2: 1 headers up to height 281 accepted (new: false)
[2026-09-29T22:34:10.501Z DEBUG blacksilk_p2p::net::headers] peer 3: 1 headers up to height 282 accepted (new: true)
[2026-09-29T22:34:10.576Z DEBUG blacksilk_p2p::net::blocks] peer 3: block 89884f41c60c at height 282 received
[2026-09-29T22:34:10.635Z DEBUG blacksilk_p2p::net::headers] peer 1: 1 headers up to height 282 accepted (new: false)
[2026-09-29T22:34:13.982Z DEBUG blacksilk_p2p::net::headers] peer 4: 1 headers up to height 283 accepted (new: true)
[2026-09-29T22:34:14.040Z DEBUG blacksilk_p2p::net::blocks] peer 4: block 696ac4e5790c at height 283 received
[2026-09-29T22:34:20.851Z DEBUG blacksilk_p2p::net::headers] peer 3: 1 headers up to height 284 accepted (new: true)
[2026-09-29T22:34:20.939Z DEBUG blacksilk_p2p::net::blocks] peer 3: block 1c7d2b42013c at height 284 received
[2026-09-29T22:34:21.122Z DEBUG blacksilk_p2p::net::headers] peer 4: 1 headers up to height 284 accepted (new: false)
[2026-09-29T22:34:21.184Z DEBUG blacksilk_p2p::net::headers] peer 1: 1 headers up to height 284 accepted (new: false)
[2026-09-29T22:34:21.184Z DEBUG blacksilk_p2p::net::headers] peer 2: 1 headers up to height 284 accepted (new: false)
[2026-09-29T22:34:31.295Z DEBUG blacksilk_p2p::net::headers] peer 3: 1 headers up to height 285 accepted (new: true)
[2026-09-29T22:34:31.357Z DEBUG blacksilk_p2p::net::blocks] peer 3: block 0bd4890a776b at height 285 received
[2026-09-29T22:34:31.462Z DEBUG blacksilk_p2p::net::headers] peer 2: 1 headers up to height 285 accepted (new: false)
[2026-09-29T22:34:31.592Z DEBUG blacksilk_p2p::net::headers] peer 4: 1 headers up to height 285 accepted (new: false)
[2026-09-29T22:34:31.592Z DEBUG blacksilk_p2p::net::headers] peer 1: 1 headers up to height 285 accepted (new: false)
[2026-09-29T22:34:37.810Z DEBUG blacksilk_p2p::net::headers] peer 4: 1 headers up to height 286 accepted (new: true)
[2026-09-29T22:34:37.886Z DEBUG blacksilk_p2p::net::blocks] peer 4: block e6ca01934560 at height 286 received
[2026-09-29T22:34:37.948Z DEBUG blacksilk_p2p::net::headers] peer 1: 1 headers up to height 286 accepted (new: false)
[2026-09-29T22:34:38.008Z DEBUG blacksilk_p2p::net::headers] peer 2: 1 headers up to height 286 accepted (new: false)
[2026-09-29T22:34:38.179Z DEBUG blacksilk_p2p::net::headers] peer 3: 1 headers up to height 286 accepted (new: false)
[2026-09-29T22:34:42.862Z DEBUG blacksilk_p2p::net::headers] peer 3: 1 headers up to height 287 accepted (new: true)
[2026-09-29T22:34:42.862Z DEBUG blacksilk_p2p::net::headers] peer 1: 1 headers up to height 287 accepted (new: false)
[2026-09-29T22:34:42.862Z DEBUG blacksilk_p2p::net::headers] peer 4: 1 headers up to height 287 accepted (new: false)
[2026-09-29T22:34:42.938Z DEBUG blacksilk_p2p::net::blocks] peer 3: block 09cafc5f5327 at height 287 received
[2026-09-29T22:34:57.624Z DEBUG blacksilk_p2p::net::headers] peer 4: 1 headers up to height 288 accepted (new: true)
[2026-09-29T22:34:57.683Z DEBUG blacksilk_p2p::net::blocks] peer 4: block 74206e071f15 at height 288 received
[2026-09-29T22:34:57.885Z DEBUG blacksilk_p2p::net::headers] peer 3: 1 headers up to height 288 accepted (new: false)
[2026-09-29T22:34:59.297Z DEBUG blacksilk_p2p::net::headers] peer 4: 1 headers up to height 289 accepted (new: true)
[2026-09-29T22:34:59.364Z DEBUG blacksilk_p2p::net::blocks] peer 4: block ff970295808a at height 289 received
[2026-09-29T22:34:59.451Z DEBUG blacksilk_p2p::net::headers] peer 3: 1 headers up to height 289 accepted (new: false)
[2026-09-29T22:35:10.160Z DEBUG blacksilk_p2p::net::headers] peer 4: 1 headers up to height 290 accepted (new: true)
[2026-09-29T22:35:10.236Z DEBUG blacksilk_p2p::net::blocks] peer 4: block d7e98f99069b at height 290 received
[2026-09-29T22:35:10.310Z DEBUG blacksilk_p2p::net::headers] peer 2: 1 headers up to height 290 accepted (new: false)
[2026-09-29T22:35:10.470Z DEBUG blacksilk_p2p::net::headers] peer 3: 1 headers up to height 290 accepted (new: false)
[2026-09-29T22:35:18.757Z DEBUG blacksilk_p2p::net::stem] fluff tx 14144decdcf0
[2026-09-29T22:35:38.839Z DEBUG blacksilk_p2p::net::stem] stem tx df1155526c13 -> peer 3
[2026-09-29T22:35:52.156Z DEBUG blacksilk_p2p::net::headers] peer 4: 1 headers up to height 291 accepted (new: true)
[2026-09-29T22:35:52.242Z DEBUG blacksilk_p2p::net::blocks] peer 4: block 41dd58517b5e at height 291 received
[2026-09-29T22:35:52.384Z DEBUG blacksilk_p2p::net::headers] peer 2: 1 headers up to height 291 accepted (new: false)
[2026-09-29T22:36:15.517Z DEBUG blacksilk_p2p::net::headers] peer 3: 1 headers up to height 292 accepted (new: true)
[2026-09-29T22:36:15.584Z DEBUG blacksilk_p2p::net::blocks] peer 3: block 0d4a823f8cb1 at height 292 received
[2026-09-29T22:36:19.033Z DEBUG blacksilk_p2p::net::headers] peer 3: 1 headers up to height 293 accepted (new: true)
[2026-09-29T22:36:19.112Z DEBUG blacksilk_p2p::net::blocks] peer 3: block b3d480955736 at height 293 received
[2026-09-29T22:36:19.112Z DEBUG blacksilk_p2p::net::headers] peer 4: 1 headers up to height 293 accepted (new: false)
[2026-09-29T22:36:19.150Z DEBUG blacksilk_p2p::net::headers] peer 1: 1 headers up to height 293 accepted (new: false)
[2026-09-29T22:36:22.136Z DEBUG blacksilk_p2p::net::headers] peer 3: 1 headers up to height 294 accepted (new: true)
[2026-09-29T22:36:22.208Z DEBUG blacksilk_p2p::net::blocks] peer 3: block 37afcd19de7b at height 294 received
[2026-09-29T22:36:22.257Z DEBUG blacksilk_p2p::net::headers] peer 1: 1 headers up to height 294 accepted (new: false)
[2026-09-29T22:36:28.153Z DEBUG blacksilk_p2p::net::headers] peer 3: 1 headers up to height 295 accepted (new: true)
[2026-09-29T22:36:28.229Z DEBUG blacksilk_p2p::net::blocks] peer 3: block e5cb2141f8aa at height 295 received
[2026-09-29T22:36:28.270Z DEBUG blacksilk_p2p::net::headers] peer 1: 1 headers up to height 295 accepted (new: false)
[2026-09-29T22:36:28.311Z DEBUG blacksilk_p2p::net::headers] peer 2: 1 headers up to height 295 accepted (new: false)
[2026-09-29T22:36:31.913Z DEBUG blacksilk_p2p::net::headers] peer 3: 1 headers up to height 296 accepted (new: true)
[2026-09-29T22:36:31.981Z DEBUG blacksilk_p2p::net::blocks] peer 3: block f7ad80fe2900 at height 296 received
[2026-09-29T22:36:32.165Z DEBUG blacksilk_p2p::net::headers] peer 4: 1 headers up to height 296 accepted (new: false)
[2026-09-29T22:36:32.196Z DEBUG blacksilk_p2p::net::headers] peer 1: 1 headers up to height 296 accepted (new: false)
[2026-09-29T22:36:37.881Z DEBUG blacksilk_p2p::net::headers] peer 3: 1 headers up to height 297 accepted (new: true)
[2026-09-29T22:36:37.965Z DEBUG blacksilk_p2p::net::blocks] peer 3: block 35e8d196c85a at height 297 received
[2026-09-29T22:36:41.035Z DEBUG blacksilk_p2p::net::headers] peer 3: 1 headers up to height 298 accepted (new: true)
[2026-09-29T22:36:41.113Z DEBUG blacksilk_p2p::net::blocks] peer 3: block 7d598f582353 at height 298 received
[2026-09-29T22:36:41.164Z DEBUG blacksilk_p2p::net::headers] peer 1: 1 headers up to height 298 accepted (new: false)
[2026-09-29T22:37:00.013Z DEBUG blacksilk_p2p::net::headers] peer 4: 1 headers up to height 299 accepted (new: true)
[2026-09-29T22:37:00.124Z DEBUG blacksilk_p2p::net::blocks] peer 4: block cc9ff5225904 at height 299 received
[2026-09-29T22:37:04.732Z DEBUG blacksilk_p2p::net::headers] peer 3: 1 headers up to height 300 accepted (new: true)
[2026-09-29T22:37:04.803Z DEBUG blacksilk_p2p::net::blocks] peer 3: block 92e5301dd3de at height 300 received
[2026-09-29T22:37:04.884Z DEBUG blacksilk_p2p::net::headers] peer 1: 1 headers up to height 300 accepted (new: false)
[2026-09-29T22:37:04.928Z DEBUG blacksilk_p2p::net::headers] peer 2: 1 headers up to height 300 accepted (new: false)
[2026-09-29T22:37:04.947Z DEBUG blacksilk_p2p::net::headers] peer 4: 1 headers up to height 300 accepted (new: false)
[2026-09-29T22:37:18.004Z DEBUG blacksilk_p2p::net::headers] peer 3: 1 headers up to height 301 accepted (new: true)
[2026-09-29T22:37:18.080Z DEBUG blacksilk_p2p::net::blocks] peer 3: block e89de3a07d29 at height 301 received
[2026-09-29T22:37:18.222Z DEBUG blacksilk_p2p::net::headers] peer 1: 1 headers up to height 301 accepted (new: false)
[2026-09-29T22:37:19.419Z DEBUG blacksilk_p2p::net::stem] stem tx bdb68b0193d3 -> peer 3
[2026-09-29T22:37:24.462Z DEBUG blacksilk_p2p::net::headers] peer 3: 1 headers up to height 302 accepted (new: true)
[2026-09-29T22:37:24.477Z DEBUG blacksilk_p2p::net::headers] peer 4: 1 headers up to height 302 accepted (new: false)
[2026-09-29T22:37:24.532Z DEBUG blacksilk_p2p::net::blocks] peer 3: block 91b81606742e at height 302 received
[2026-09-29T22:37:24.596Z DEBUG blacksilk_p2p::net::headers] peer 2: 1 headers up to height 302 accepted (new: false)
[2026-09-29T22:37:24.778Z DEBUG blacksilk_p2p::net::headers] peer 1: 1 headers up to height 302 accepted (new: false)
[2026-09-29T22:37:28.462Z DEBUG blacksilk_p2p::net::headers] peer 4: 1 headers up to height 303 accepted (new: true)
[2026-09-29T22:37:28.519Z DEBUG blacksilk_p2p::net::blocks] peer 4: block f771b04ae969 at height 303 received
[2026-09-29T22:37:28.736Z DEBUG blacksilk_p2p::net::headers] peer 1: 1 headers up to height 303 accepted (new: false)
[2026-09-29T22:37:32.022Z DEBUG blacksilk_p2p::net::headers] peer 4: 1 headers up to height 304 accepted (new: true)
[2026-09-29T22:37:32.090Z DEBUG blacksilk_p2p::net::blocks] peer 4: block fa6f7c83e142 at height 304 received
[2026-09-29T22:37:32.204Z DEBUG blacksilk_p2p::net::headers] peer 2: 1 headers up to height 304 accepted (new: false)
[2026-09-29T22:37:32.204Z DEBUG blacksilk_p2p::net::headers] peer 1: 1 headers up to height 304 accepted (new: false)
[2026-09-29T22:37:44.698Z DEBUG blacksilk_p2p::net::headers] peer 4: 1 headers up to height 305 accepted (new: true)
[2026-09-29T22:37:44.760Z DEBUG blacksilk_p2p::net::blocks] peer 4: block f4e2e8e1f864 at height 305 received
[2026-09-29T22:37:44.793Z DEBUG blacksilk_p2p::net::headers] peer 2: 1 headers up to height 305 accepted (new: false)
[2026-09-29T22:37:44.907Z DEBUG blacksilk_p2p::net::headers] peer 3: 1 headers up to height 305 accepted (new: false)
[2026-09-29T22:37:44.985Z DEBUG blacksilk_p2p::net::headers] peer 1: 1 headers up to height 305 accepted (new: false)
[2026-09-29T22:37:56.595Z DEBUG blacksilk_p2p::net::headers] peer 4: 1 headers up to height 306 accepted (new: true)
[2026-09-29T22:37:56.653Z DEBUG blacksilk_p2p::net::blocks] peer 4: block f7e6d05e37c5 at height 306 received
[2026-09-29T22:38:17.953Z DEBUG blacksilk_p2p::net::headers] peer 4: 1 headers up to height 307 accepted (new: true)
[2026-09-29T22:38:17.953Z DEBUG blacksilk_p2p::net::headers] peer 3: 1 headers up to height 307 accepted (new: false)
[2026-09-29T22:38:18.026Z DEBUG blacksilk_p2p::net::blocks] peer 4: block 676ae40a84d1 at height 307 received
[2026-09-29T22:38:18.123Z DEBUG blacksilk_p2p::net::headers] peer 2: 1 headers up to height 307 accepted (new: false)
[2026-09-29T22:38:18.219Z DEBUG blacksilk_p2p::net::headers] peer 1: 1 headers up to height 307 accepted (new: false)
[2026-09-29T22:38:24.015Z DEBUG blacksilk_p2p::net::headers] peer 4: 1 headers up to height 308 accepted (new: true)
[2026-09-29T22:38:24.093Z DEBUG blacksilk_p2p::net::blocks] peer 4: block c13cadab7b35 at height 308 received
[2026-09-29T22:38:24.664Z DEBUG blacksilk_p2p::net::headers] peer 3: 1 headers up to height 308 accepted (new: true)
[2026-09-29T22:38:24.664Z DEBUG blacksilk_p2p::net::headers] peer 1: 1 headers up to height 308 accepted (new: false)
[2026-09-29T22:38:24.664Z DEBUG blacksilk_p2p::net::headers] peer 2: 1 headers up to height 308 accepted (new: false)
[2026-09-29T22:38:28.962Z DEBUG blacksilk_p2p::net::headers] peer 4: 1 headers up to height 309 accepted (new: true)
[2026-09-29T22:38:29.042Z DEBUG blacksilk_p2p::net::blocks] peer 4: block df4e6a7dee76 at height 309 received
[2026-09-29T22:38:29.062Z DEBUG blacksilk_p2p::net::headers] peer 2: 1 headers up to height 309 accepted (new: false)
[2026-09-29T22:38:29.266Z DEBUG blacksilk_p2p::net::headers] peer 3: 1 headers up to height 309 accepted (new: false)
[2026-09-29T22:38:29.298Z DEBUG blacksilk_p2p::net::headers] peer 1: 1 headers up to height 309 accepted (new: false)
[2026-09-29T22:38:31.378Z DEBUG blacksilk_p2p::net::headers] peer 3: 1 headers up to height 310 accepted (new: true)
[2026-09-29T22:38:31.418Z DEBUG blacksilk_p2p::net::headers] peer 4: 1 headers up to height 310 accepted (new: false)
[2026-09-29T22:38:31.418Z DEBUG blacksilk_p2p::net::headers] peer 2: 1 headers up to height 310 accepted (new: false)
[2026-09-29T22:38:31.449Z DEBUG blacksilk_p2p::net::blocks] peer 3: block 7ea1aa4c0fcb at height 310 received
[2026-09-29T22:38:31.729Z DEBUG blacksilk_p2p::net::headers] peer 1: 1 headers up to height 310 accepted (new: false)
[2026-09-29T22:38:37.001Z DEBUG blacksilk_p2p::net::headers] peer 3: 1 headers up to height 311 accepted (new: true)
[2026-09-29T22:38:37.071Z DEBUG blacksilk_p2p::net::blocks] peer 3: block 76780adc5e50 at height 311 received
[2026-09-29T22:38:37.684Z DEBUG blacksilk_p2p::net::headers] peer 4: 1 headers up to height 311 accepted (new: true)
[2026-09-29T22:38:37.684Z DEBUG blacksilk_p2p::net::headers] peer 1: 1 headers up to height 311 accepted (new: false)
[2026-09-29T22:38:37.684Z DEBUG blacksilk_p2p::net::headers] peer 2: 1 headers up to height 311 accepted (new: false)
[2026-09-29T22:38:38.494Z DEBUG blacksilk_p2p::net::headers] peer 3: 1 headers up to height 312 accepted (new: true)
[2026-09-29T22:38:38.544Z DEBUG blacksilk_p2p::net::headers] peer 4: 1 headers up to height 312 accepted (new: false)
[2026-09-29T22:38:38.553Z DEBUG blacksilk_p2p::net::headers] peer 2: 1 headers up to height 312 accepted (new: false)
[2026-09-29T22:38:38.562Z DEBUG blacksilk_p2p::net::blocks] peer 3: block 95fd1cc32190 at height 312 received
[2026-09-29T22:38:38.819Z DEBUG blacksilk_p2p::net::headers] peer 1: 1 headers up to height 312 accepted (new: false)
[2026-09-29T22:38:55.670Z DEBUG blacksilk_p2p::net::headers] peer 4: 1 headers up to height 313 accepted (new: true)
[2026-09-29T22:38:55.741Z DEBUG blacksilk_p2p::net::blocks] peer 4: block 089f6fcb8ad2 at height 313 received
[2026-09-29T22:38:55.868Z DEBUG blacksilk_p2p::net::headers] peer 1: 1 headers up to height 313 accepted (new: false)
[2026-09-29T22:38:55.909Z DEBUG blacksilk_p2p::net::headers] peer 2: 1 headers up to height 313 accepted (new: false)
[2026-09-29T22:38:56.021Z DEBUG blacksilk_p2p::net::headers] peer 3: 1 headers up to height 313 accepted (new: false)
[2026-09-29T22:38:59.708Z DEBUG blacksilk_p2p::net::stem] fluff tx 8604d7420e76
[2026-09-29T22:39:13.197Z DEBUG blacksilk_p2p::net::headers] peer 4: 1 headers up to height 314 accepted (new: true)
[2026-09-29T22:39:13.263Z DEBUG blacksilk_p2p::net::blocks] peer 4: block 222902831f05 at height 314 received
[2026-09-29T22:39:13.434Z DEBUG blacksilk_p2p::net::headers] peer 2: 1 headers up to height 314 accepted (new: false)
[2026-09-29T22:39:13.463Z DEBUG blacksilk_p2p::net::headers] peer 1: 1 headers up to height 314 accepted (new: false)
[2026-09-29T22:39:13.540Z DEBUG blacksilk_p2p::net::headers] peer 3: 1 headers up to height 314 accepted (new: false)
[2026-09-29T22:39:14.401Z DEBUG blacksilk_p2p::net::headers] peer 4: 1 headers up to height 315 accepted (new: true)
[2026-09-29T22:39:14.468Z DEBUG blacksilk_p2p::net::blocks] peer 4: block 3f637a67a0ca at height 315 received
[2026-09-29T22:39:14.628Z DEBUG blacksilk_p2p::net::headers] peer 3: 1 headers up to height 315 accepted (new: false)
[2026-09-29T22:39:25.182Z DEBUG blacksilk_p2p::net::headers] peer 4: 1 headers up to height 316 accepted (new: true)
[2026-09-29T22:39:25.270Z DEBUG blacksilk_p2p::net::blocks] peer 4: block dea5652be8fd at height 316 received
[2026-09-29T22:39:38.066Z DEBUG blacksilk_p2p::net::headers] peer 4: 1 headers up to height 317 accepted (new: true)
[2026-09-29T22:39:38.137Z DEBUG blacksilk_p2p::net::blocks] peer 4: block 31f60375c6ff at height 317 received
[2026-09-29T22:39:43.242Z DEBUG blacksilk_p2p::net::headers] peer 3: 1 headers up to height 318 accepted (new: true)
[2026-09-29T22:39:43.308Z DEBUG blacksilk_p2p::net::blocks] peer 3: block 887f8eb0269d at height 318 received
[2026-09-29T22:39:43.417Z DEBUG blacksilk_p2p::net::headers] peer 4: 1 headers up to height 318 accepted (new: false)
[2026-09-29T22:39:59.182Z DEBUG blacksilk_p2p::net::headers] peer 4: 1 headers up to height 319 accepted (new: true)
[2026-09-29T22:39:59.242Z DEBUG blacksilk_p2p::net::blocks] peer 4: block 5a6d954c3d47 at height 319 received
[2026-09-29T22:40:01.278Z DEBUG blacksilk_p2p::net::headers] peer 4: 1 headers up to height 320 accepted (new: true)
[2026-09-29T22:40:01.340Z DEBUG blacksilk_p2p::net::blocks] peer 4: block d1276a663fce at height 320 received
[2026-09-29T22:40:01.564Z DEBUG blacksilk_p2p::net::headers] peer 2: 1 headers up to height 320 accepted (new: false)
[2026-09-29T22:40:01.564Z DEBUG blacksilk_p2p::net::headers] peer 1: 1 headers up to height 320 accepted (new: false)
[2026-09-29T22:40:01.620Z DEBUG blacksilk_p2p::net::headers] peer 3: 1 headers up to height 320 accepted (new: false)
[2026-09-29T22:40:17.862Z DEBUG blacksilk_p2p::net::headers] peer 3: 1 headers up to height 321 accepted (new: true)
[2026-09-29T22:40:17.862Z DEBUG blacksilk_p2p::net::headers] peer 4: 1 headers up to height 321 accepted (new: false)
[2026-09-29T22:40:17.900Z DEBUG blacksilk_p2p::net::headers] peer 2: 1 headers up to height 321 accepted (new: false)
[2026-09-29T22:40:17.923Z DEBUG blacksilk_p2p::net::blocks] peer 3: block f47657fbe4e9 at height 321 received
[2026-09-29T22:40:17.936Z DEBUG blacksilk_p2p::net::headers] peer 1: 1 headers up to height 321 accepted (new: false)
[2026-09-29T22:40:20.166Z DEBUG blacksilk_p2p::net::stem] fluff tx 01257cfe055f
[2026-09-29T22:40:30.419Z DEBUG blacksilk_p2p::net::headers] peer 4: 1 headers up to height 322 accepted (new: true)
[2026-09-29T22:40:30.488Z DEBUG blacksilk_p2p::net::blocks] peer 4: block 477b6a6ad9e1 at height 322 received
[2026-09-29T22:40:30.620Z DEBUG blacksilk_p2p::net::headers] peer 2: 1 headers up to height 322 accepted (new: false)
[2026-09-29T22:40:30.703Z DEBUG blacksilk_p2p::net::headers] peer 1: 1 headers up to height 322 accepted (new: false)
[2026-09-29T22:40:54.423Z DEBUG blacksilk_p2p::net::headers] peer 4: 1 headers up to height 323 accepted (new: true)
[2026-09-29T22:40:54.491Z DEBUG blacksilk_p2p::net::blocks] peer 4: block e4a7337e7f81 at height 323 received
[2026-09-29T22:40:54.683Z DEBUG blacksilk_p2p::net::headers] peer 3: 1 headers up to height 323 accepted (new: false)
[2026-09-29T22:40:54.759Z DEBUG blacksilk_p2p::net::headers] peer 1: 1 headers up to height 323 accepted (new: false)
[2026-09-29T22:40:54.759Z DEBUG blacksilk_p2p::net::headers] peer 2: 1 headers up to height 323 accepted (new: false)
[2026-09-29T22:41:18.623Z DEBUG blacksilk_p2p::net::headers] peer 4: 1 headers up to height 324 accepted (new: true)
[2026-09-29T22:41:18.704Z DEBUG blacksilk_p2p::net::blocks] peer 4: block 21cc4f5c1530 at height 324 received
[2026-09-29T22:41:18.872Z DEBUG blacksilk_p2p::net::headers] peer 1: 1 headers up to height 324 accepted (new: false)
[2026-09-29T22:41:34.469Z DEBUG blacksilk_p2p::net::headers] peer 3: 1 headers up to height 325 accepted (new: true)
[2026-09-29T22:41:34.534Z DEBUG blacksilk_p2p::net::blocks] peer 3: block 0b29b3fd83a7 at height 325 received
[2026-09-29T22:41:34.704Z DEBUG blacksilk_p2p::net::headers] peer 1: 1 headers up to height 325 accepted (new: false)
[2026-09-29T22:41:34.704Z DEBUG blacksilk_p2p::net::headers] peer 2: 1 headers up to height 325 accepted (new: false)
[2026-09-29T22:41:34.740Z DEBUG blacksilk_p2p::net::headers] peer 4: 1 headers up to height 325 accepted (new: false)
[2026-09-29T22:41:36.530Z DEBUG blacksilk_p2p::net::headers] peer 3: 1 headers up to height 326 accepted (new: true)
[2026-09-29T22:41:36.588Z DEBUG blacksilk_p2p::net::blocks] peer 3: block 8e1e22837c93 at height 326 received
[2026-09-29T22:41:42.699Z DEBUG blacksilk_p2p::net::headers] peer 3: 1 headers up to height 327 accepted (new: true)
[2026-09-29T22:41:42.757Z DEBUG blacksilk_p2p::net::blocks] peer 3: block 119658842ad9 at height 327 received
[2026-09-29T22:41:42.848Z DEBUG blacksilk_p2p::net::headers] peer 4: 1 headers up to height 327 accepted (new: false)
[2026-09-29T22:41:42.957Z DEBUG blacksilk_p2p::net::headers] peer 2: 1 headers up to height 327 accepted (new: false)
[2026-09-29T22:41:56.130Z DEBUG blacksilk_p2p::net::headers] peer 4: 1 headers up to height 328 accepted (new: true)
[2026-09-29T22:41:56.131Z DEBUG blacksilk_p2p::net::headers] peer 3: 1 headers up to height 328 accepted (new: false)
[2026-09-29T22:41:56.202Z DEBUG blacksilk_p2p::net::blocks] peer 4: block e1a747297ad0 at height 328 received
[2026-09-29T22:42:04.811Z DEBUG blacksilk_p2p::net::headers] peer 3: 1 headers up to height 329 accepted (new: true)
[2026-09-29T22:42:04.811Z DEBUG blacksilk_p2p::net::headers] peer 2: 1 headers up to height 329 accepted (new: false)
[2026-09-29T22:42:04.872Z DEBUG blacksilk_p2p::net::blocks] peer 3: block 6caba085e91f at height 329 received
[2026-09-29T22:42:05.033Z DEBUG blacksilk_p2p::net::headers] peer 1: 1 headers up to height 329 accepted (new: false)
[2026-09-29T22:42:13.888Z DEBUG blacksilk_p2p::net::headers] peer 4: 1 headers up to height 330 accepted (new: true)
[2026-09-29T22:42:13.888Z DEBUG blacksilk_p2p::net::headers] peer 2: 1 headers up to height 330 accepted (new: false)
[2026-09-29T22:42:13.888Z DEBUG blacksilk_p2p::net::headers] peer 1: 1 headers up to height 330 accepted (new: false)
[2026-09-29T22:42:13.982Z DEBUG blacksilk_p2p::net::blocks] peer 4: block 7351d61aaa17 at height 330 received
[2026-09-29T22:42:14.246Z DEBUG blacksilk_p2p::net::headers] peer 3: 1 headers up to height 330 accepted (new: false)
[2026-09-29T22:42:16.267Z DEBUG blacksilk_p2p::net::headers] peer 4: 1 headers up to height 331 accepted (new: true)
[2026-09-29T22:42:16.336Z DEBUG blacksilk_p2p::net::blocks] peer 4: block 5c7256cfdfdf at height 331 received
[2026-09-29T22:42:16.403Z DEBUG blacksilk_p2p::net::headers] peer 3: 1 headers up to height 331 accepted (new: false)
[2026-09-29T22:42:16.537Z DEBUG blacksilk_p2p::net::headers] peer 1: 1 headers up to height 331 accepted (new: false)
[2026-09-29T22:42:16.568Z DEBUG blacksilk_p2p::net::headers] peer 2: 1 headers up to height 331 accepted (new: false)
[2026-09-29T22:42:33.927Z DEBUG blacksilk_p2p::net::headers] peer 4: 1 headers up to height 332 accepted (new: true)
[2026-09-29T22:42:34.018Z DEBUG blacksilk_p2p::net::blocks] peer 4: block 12d3ac19acf1 at height 332 received
[2026-09-29T22:42:34.054Z DEBUG blacksilk_p2p::net::headers] peer 2: 1 headers up to height 332 accepted (new: false)
[2026-09-29T22:42:34.196Z DEBUG blacksilk_p2p::net::headers] peer 3: 1 headers up to height 332 accepted (new: false)
[2026-09-29T22:42:34.218Z DEBUG blacksilk_p2p::net::headers] peer 1: 1 headers up to height 332 accepted (new: false)
[2026-09-29T22:42:40.835Z DEBUG blacksilk_p2p::net::stem] fluff tx fc463eb68e09
[2026-09-29T22:42:43.573Z DEBUG blacksilk_p2p::net::headers] peer 3: 1 headers up to height 333 accepted (new: true)
[2026-09-29T22:42:43.649Z DEBUG blacksilk_p2p::net::blocks] peer 3: block 75fa3bc7d780 at height 333 received
[2026-09-29T22:42:43.679Z DEBUG blacksilk_p2p::net::headers] peer 2: 1 headers up to height 333 accepted (new: false)
[2026-09-29T22:42:43.918Z DEBUG blacksilk_p2p::net::headers] peer 1: 1 headers up to height 333 accepted (new: false)
[2026-09-29T22:42:43.918Z DEBUG blacksilk_p2p::net::headers] peer 4: 1 headers up to height 333 accepted (new: false)
[2026-09-29T22:42:52.006Z DEBUG blacksilk_p2p::net::headers] peer 4: 1 headers up to height 334 accepted (new: true)
[2026-09-29T22:42:52.051Z DEBUG blacksilk_p2p::net::headers] peer 3: 1 headers up to height 334 accepted (new: false)
[2026-09-29T22:42:52.092Z DEBUG blacksilk_p2p::net::blocks] peer 4: block 76c40fd0b6c5 at height 334 received
[2026-09-29T22:42:52.307Z DEBUG blacksilk_p2p::net::headers] peer 1: 1 headers up to height 334 accepted (new: false)
[2026-09-29T22:42:52.326Z DEBUG blacksilk_p2p::net::headers] peer 2: 1 headers up to height 334 accepted (new: false)
[2026-09-29T22:43:21.046Z DEBUG blacksilk_p2p::net::stem] stem tx 4812da226590 -> peer 2
[2026-09-29T22:43:41.109Z DEBUG blacksilk_p2p::net::stem] stem tx f83207617b3e -> peer 2
[2026-09-29T22:44:01.173Z DEBUG blacksilk_p2p::net::stem] stem tx 0fea55fe32e4 -> peer 3
[2026-09-29T22:44:05.550Z DEBUG blacksilk_p2p::net::headers] peer 4: 1 headers up to height 335 accepted (new: true)
[2026-09-29T22:44:05.628Z DEBUG blacksilk_p2p::net::blocks] peer 4: block acd1cfdc9f7f at height 335 received
[2026-09-29T22:44:05.709Z DEBUG blacksilk_p2p::net::headers] peer 3: 1 headers up to height 335 accepted (new: false)
[2026-09-29T22:44:05.729Z DEBUG blacksilk_p2p::net::headers] peer 2: 1 headers up to height 335 accepted (new: false)
[2026-09-29T22:44:05.912Z DEBUG blacksilk_p2p::net::headers] peer 1: 1 headers up to height 335 accepted (new: false)
[2026-09-29T22:44:14.780Z DEBUG blacksilk_p2p::net::headers] peer 4: 1 headers up to height 336 accepted (new: true)
[2026-09-29T22:44:14.874Z DEBUG blacksilk_p2p::net::blocks] peer 4: block 242df5ef9109 at height 336 received
[2026-09-29T22:44:14.979Z DEBUG blacksilk_p2p::net::headers] peer 2: 1 headers up to height 336 accepted (new: false)
[2026-09-29T22:44:14.979Z DEBUG blacksilk_p2p::net::headers] peer 3: 1 headers up to height 336 accepted (new: false)
[2026-09-29T22:44:15.057Z DEBUG blacksilk_p2p::net::headers] peer 1: 1 headers up to height 336 accepted (new: false)
[2026-09-29T22:44:21.629Z DEBUG blacksilk_p2p::net::headers] peer 4: 1 headers up to height 337 accepted (new: true)
[2026-09-29T22:44:21.696Z DEBUG blacksilk_p2p::net::blocks] peer 4: block 2e8f7b64c815 at height 337 received
[2026-09-29T22:44:21.836Z DEBUG blacksilk_p2p::net::headers] peer 3: 1 headers up to height 337 accepted (new: false)
[2026-09-29T22:44:21.852Z DEBUG blacksilk_p2p::net::headers] peer 2: 1 headers up to height 337 accepted (new: false)
[2026-09-29T22:44:21.898Z DEBUG blacksilk_p2p::net::headers] peer 1: 1 headers up to height 337 accepted (new: false)
[2026-09-29T22:44:22.882Z DEBUG blacksilk_p2p::net::headers] peer 4: 1 headers up to height 338 accepted (new: true)
[2026-09-29T22:44:22.952Z DEBUG blacksilk_p2p::net::blocks] peer 4: block bcbf0acecda2 at height 338 received
[2026-09-29T22:44:27.225Z DEBUG blacksilk_p2p::net::headers] peer 3: 1 headers up to height 339 accepted (new: true)
[2026-09-29T22:44:27.293Z DEBUG blacksilk_p2p::net::blocks] peer 3: block 5fd3d44cf2bf at height 339 received
[2026-09-29T22:44:27.416Z DEBUG blacksilk_p2p::net::headers] peer 1: 1 headers up to height 339 accepted (new: false)
[2026-09-29T22:44:27.432Z DEBUG blacksilk_p2p::net::headers] peer 2: 1 headers up to height 339 accepted (new: false)
[2026-09-29T22:44:27.492Z DEBUG blacksilk_p2p::net::headers] peer 4: 1 headers up to height 339 accepted (new: false)
[2026-09-29T22:44:44.903Z DEBUG blacksilk_p2p::net::headers] peer 4: 1 headers up to height 340 accepted (new: true)
[2026-09-29T22:44:44.985Z DEBUG blacksilk_p2p::net::blocks] peer 4: block aa5d7687e6d2 at height 340 received
[2026-09-29T22:44:55.145Z DEBUG blacksilk_p2p::net::headers] peer 4: 1 headers up to height 341 accepted (new: true)
[2026-09-29T22:44:55.224Z DEBUG blacksilk_p2p::net::blocks] peer 4: block e955d53ae3a0 at height 341 received
[2026-09-29T22:45:08.490Z DEBUG blacksilk_p2p::net::headers] peer 3: 1 headers up to height 342 accepted (new: true)
[2026-09-29T22:45:08.549Z DEBUG blacksilk_p2p::net::blocks] peer 3: block 14559cf96a55 at height 342 received
[2026-09-29T22:45:08.671Z DEBUG blacksilk_p2p::net::headers] peer 2: 1 headers up to height 342 accepted (new: false)
[2026-09-29T22:45:08.672Z DEBUG blacksilk_p2p::net::headers] peer 1: 1 headers up to height 342 accepted (new: false)
[2026-09-29T22:45:18.329Z DEBUG blacksilk_p2p::net::headers] peer 4: 1 headers up to height 343 accepted (new: true)
[2026-09-29T22:45:18.408Z DEBUG blacksilk_p2p::net::blocks] peer 4: block 5d90aa77d44b at height 343 received
[2026-09-29T22:45:18.571Z DEBUG blacksilk_p2p::net::headers] peer 3: 1 headers up to height 343 accepted (new: false)
[2026-09-29T22:45:18.652Z DEBUG blacksilk_p2p::net::headers] peer 1: 1 headers up to height 343 accepted (new: false)
[2026-09-29T22:45:18.652Z DEBUG blacksilk_p2p::net::headers] peer 2: 1 headers up to height 343 accepted (new: false)
[2026-09-29T22:45:23.106Z DEBUG blacksilk_p2p::net::headers] peer 4: 1 headers up to height 344 accepted (new: true)
[2026-09-29T22:45:23.180Z DEBUG blacksilk_p2p::net::blocks] peer 4: block 4b3ab4877d56 at height 344 received
[2026-09-29T22:45:23.283Z DEBUG blacksilk_p2p::net::headers] peer 3: 1 headers up to height 344 accepted (new: false)
[2026-09-29T22:45:23.408Z DEBUG blacksilk_p2p::net::headers] peer 1: 1 headers up to height 344 accepted (new: false)
[2026-09-29T22:45:23.408Z DEBUG blacksilk_p2p::net::headers] peer 2: 1 headers up to height 344 accepted (new: false)
[2026-09-29T22:45:50.356Z DEBUG blacksilk_p2p::net::headers] peer 3: 1 headers up to height 345 accepted (new: true)
[2026-09-29T22:45:50.423Z DEBUG blacksilk_p2p::net::blocks] peer 3: block 047675cb4b84 at height 345 received
[2026-09-29T22:45:50.586Z DEBUG blacksilk_p2p::net::headers] peer 4: 1 headers up to height 345 accepted (new: false)
[2026-09-29T22:45:53.315Z DEBUG blacksilk_p2p::net::headers] peer 4: 1 headers up to height 346 accepted (new: true)
[2026-09-29T22:45:53.370Z DEBUG blacksilk_p2p::net::blocks] peer 4: block e0cc2418d60b at height 346 received
[2026-09-29T22:45:53.547Z DEBUG blacksilk_p2p::net::headers] peer 3: 1 headers up to height 346 accepted (new: false)
[2026-09-29T22:46:01.586Z DEBUG blacksilk_p2p::net::headers] peer 3: 1 headers up to height 347 accepted (new: true)
[2026-09-29T22:46:01.666Z DEBUG blacksilk_p2p::net::blocks] peer 3: block 81f6b71683f9 at height 347 received
[2026-09-29T22:46:01.847Z DEBUG blacksilk_p2p::net::headers] peer 4: 1 headers up to height 347 accepted (new: false)
[2026-09-29T22:46:01.847Z DEBUG blacksilk_p2p::net::headers] peer 2: 1 headers up to height 347 accepted (new: false)
[2026-09-29T22:46:01.863Z DEBUG blacksilk_p2p::net::headers] peer 1: 1 headers up to height 347 accepted (new: false)
[2026-09-29T22:46:04.696Z DEBUG blacksilk_p2p::net::headers] peer 3: 1 headers up to height 348 accepted (new: true)
[2026-09-29T22:46:04.787Z DEBUG blacksilk_p2p::net::blocks] peer 3: block 4e3ed15148cb at height 348 received
[2026-09-29T22:46:06.615Z DEBUG blacksilk_p2p::net::headers] peer 3: 1 headers up to height 349 accepted (new: true)
[2026-09-29T22:46:06.697Z DEBUG blacksilk_p2p::net::blocks] peer 3: block 2663badaa698 at height 349 received
[2026-09-29T22:46:06.880Z DEBUG blacksilk_p2p::net::headers] peer 1: 1 headers up to height 349 accepted (new: false)
[2026-09-29T22:46:21.879Z DEBUG blacksilk_p2p::net::stem] stem tx a08c660cff1d -> peer 2
[2026-09-29T22:46:29.244Z DEBUG blacksilk_p2p::net::headers] peer 3: 1 headers up to height 350 accepted (new: true)
[2026-09-29T22:46:29.310Z DEBUG blacksilk_p2p::net::blocks] peer 3: block efe53eea78fa at height 350 received
[2026-09-29T22:46:29.472Z DEBUG blacksilk_p2p::net::headers] peer 2: 1 headers up to height 350 accepted (new: false)
[2026-09-29T22:46:29.492Z DEBUG blacksilk_p2p::net::headers] peer 4: 1 headers up to height 350 accepted (new: false)
[2026-09-29T22:46:29.571Z DEBUG blacksilk_p2p::net::headers] peer 1: 1 headers up to height 350 accepted (new: false)
[2026-09-29T22:46:35.172Z DEBUG blacksilk_p2p::net::headers] peer 4: 1 headers up to height 351 accepted (new: true)
[2026-09-29T22:46:35.239Z DEBUG blacksilk_p2p::net::blocks] peer 4: block 5fd3e86a783b at height 351 received
[2026-09-29T22:46:35.280Z DEBUG blacksilk_p2p::net::headers] peer 2: 1 headers up to height 351 accepted (new: false)
[2026-09-29T22:46:35.358Z DEBUG blacksilk_p2p::net::headers] peer 1: 1 headers up to height 351 accepted (new: false)
[2026-09-29T22:46:42.031Z DEBUG blacksilk_p2p::net::stem] stem tx 54c1de673ced -> peer 3
[2026-09-29T22:46:47.888Z DEBUG blacksilk_p2p::net::headers] peer 4: 1 headers up to height 352 accepted (new: true)
[2026-09-29T22:46:47.953Z DEBUG blacksilk_p2p::net::blocks] peer 4: block 60f01eddb2ec at height 352 received
[2026-09-29T22:46:48.151Z DEBUG blacksilk_p2p::net::headers] peer 3: 1 headers up to height 352 accepted (new: false)
[2026-09-29T22:46:48.195Z DEBUG blacksilk_p2p::net::headers] peer 2: 1 headers up to height 352 accepted (new: false)
[2026-09-29T22:46:48.276Z DEBUG blacksilk_p2p::net::headers] peer 1: 1 headers up to height 352 accepted (new: false)
[2026-09-29T22:46:49.686Z DEBUG blacksilk_p2p::net::headers] peer 4: 1 headers up to height 353 accepted (new: true)
[2026-09-29T22:46:49.780Z DEBUG blacksilk_p2p::net::blocks] peer 4: block 2b98b4457a83 at height 353 received
[2026-09-29T22:46:58.316Z DEBUG blacksilk_p2p::net::headers] peer 3: 1 headers up to height 354 accepted (new: true)
[2026-09-29T22:46:58.399Z DEBUG blacksilk_p2p::net::blocks] peer 3: block 368e0cd3cf3a at height 354 received
[2026-09-29T22:46:58.515Z DEBUG blacksilk_p2p::net::headers] peer 1: 1 headers up to height 354 accepted (new: false)
[2026-09-29T22:47:02.182Z DEBUG blacksilk_p2p::net::stem] stem tx a1a8a380ed62 -> peer 2
[2026-09-29T22:47:04.374Z DEBUG blacksilk_p2p::net::maintenance] embargo expired for 54c1de673ced
[2026-09-29T22:47:04.380Z DEBUG blacksilk_p2p::net::stem] fluff tx 54c1de673ced
[2026-09-29T22:47:07.219Z DEBUG blacksilk_p2p::net::headers] peer 4: 1 headers up to height 355 accepted (new: true)
[2026-09-29T22:47:07.287Z DEBUG blacksilk_p2p::net::blocks] peer 4: block c7541d449f21 at height 355 received
[2026-09-29T22:47:07.368Z DEBUG blacksilk_p2p::net::headers] peer 3: 1 headers up to height 355 accepted (new: false)
[2026-09-29T22:47:07.388Z DEBUG blacksilk_p2p::net::headers] peer 2: 1 headers up to height 355 accepted (new: false)
[2026-09-29T22:47:07.448Z DEBUG blacksilk_p2p::net::headers] peer 1: 1 headers up to height 355 accepted (new: false)
[2026-09-29T22:47:13.855Z DEBUG blacksilk_p2p::net::headers] peer 4: 1 headers up to height 356 accepted (new: true)
[2026-09-29T22:47:13.917Z DEBUG blacksilk_p2p::net::blocks] peer 4: block 3898835d6c6a at height 356 received
[2026-09-29T22:47:14.042Z DEBUG blacksilk_p2p::net::headers] peer 1: 1 headers up to height 356 accepted (new: false)
[2026-09-29T22:47:22.058Z DEBUG blacksilk_p2p::net::headers] peer 4: 1 headers up to height 357 accepted (new: true)
[2026-09-29T22:47:22.127Z DEBUG blacksilk_p2p::net::blocks] peer 4: block 758c3fe6895f at height 357 received
[2026-09-29T22:47:22.311Z DEBUG blacksilk_p2p::net::headers] peer 3: 1 headers up to height 357 accepted (new: false)
[2026-09-29T22:47:22.420Z DEBUG blacksilk_p2p::net::stem] stem tx 91e20dd94ca1 -> peer 3
[2026-09-29T22:47:37.273Z DEBUG blacksilk_p2p::net::headers] peer 4: 1 headers up to height 358 accepted (new: true)
[2026-09-29T22:47:37.351Z DEBUG blacksilk_p2p::net::blocks] peer 4: block 8235b2ff8b6e at height 358 received
[2026-09-29T22:47:37.471Z DEBUG blacksilk_p2p::net::headers] peer 2: 1 headers up to height 358 accepted (new: false)
[2026-09-29T22:47:37.493Z DEBUG blacksilk_p2p::net::headers] peer 1: 1 headers up to height 358 accepted (new: false)
[2026-09-29T22:47:37.591Z DEBUG blacksilk_p2p::net::headers] peer 3: 1 headers up to height 358 accepted (new: false)
[2026-09-29T22:47:39.134Z DEBUG blacksilk_p2p::net::headers] peer 4: 1 headers up to height 359 accepted (new: true)
[2026-09-29T22:47:39.215Z DEBUG blacksilk_p2p::net::blocks] peer 4: block 1d87919f1fe1 at height 359 received
[2026-09-29T22:47:39.425Z DEBUG blacksilk_p2p::net::headers] peer 3: 1 headers up to height 359 accepted (new: false)
[2026-09-29T22:47:42.545Z DEBUG blacksilk_p2p::net::stem] stem tx 622e4a81dba0 -> peer 3
[2026-09-29T22:47:45.582Z DEBUG blacksilk_p2p::net::headers] peer 3: 1 headers up to height 360 accepted (new: true)
[2026-09-29T22:47:45.659Z DEBUG blacksilk_p2p::net::blocks] peer 3: block ef4abddf8a42 at height 360 received
[2026-09-29T22:47:50.250Z DEBUG blacksilk_p2p::net::maintenance] embargo expired for a1a8a380ed62
[2026-09-29T22:47:50.256Z DEBUG blacksilk_p2p::net::stem] fluff tx a1a8a380ed62
[2026-09-29T22:47:50.967Z DEBUG blacksilk_p2p::net::headers] peer 3: 1 headers up to height 361 accepted (new: true)
[2026-09-29T22:47:51.037Z DEBUG blacksilk_p2p::net::blocks] peer 3: block b875f3ec2379 at height 361 received
[2026-09-29T22:47:56.315Z DEBUG blacksilk_p2p::net::headers] peer 4: 1 headers up to height 362 accepted (new: true)
[2026-09-29T22:47:56.389Z DEBUG blacksilk_p2p::net::blocks] peer 4: block eda0fe7fed64 at height 362 received
[2026-09-29T22:47:56.464Z DEBUG blacksilk_p2p::net::headers] peer 2: 1 headers up to height 362 accepted (new: false)
[2026-09-29T22:47:56.480Z DEBUG blacksilk_p2p::net::headers] peer 3: 1 headers up to height 362 accepted (new: false)
[2026-09-29T22:47:56.530Z DEBUG blacksilk_p2p::net::headers] peer 1: 1 headers up to height 362 accepted (new: false)
[2026-09-29T22:48:07.602Z DEBUG blacksilk_p2p::net::maintenance] embargo expired for 622e4a81dba0
[2026-09-29T22:48:07.608Z DEBUG blacksilk_p2p::net::stem] fluff tx 622e4a81dba0
[2026-09-29T22:48:11.205Z DEBUG blacksilk_p2p::net::headers] peer 3: 1 headers up to height 363 accepted (new: true)
[2026-09-29T22:48:11.262Z DEBUG blacksilk_p2p::net::blocks] peer 3: block 945c2806957c at height 363 received
[2026-09-29T22:48:17.084Z DEBUG blacksilk_p2p::net::headers] peer 4: 1 headers up to height 364 accepted (new: true)
[2026-09-29T22:48:17.135Z DEBUG blacksilk_p2p::net::blocks] peer 4: block a3ee1ae0c717 at height 364 received
[2026-09-29T22:48:17.375Z DEBUG blacksilk_p2p::net::headers] peer 3: 1 headers up to height 364 accepted (new: false)
[2026-09-29T22:48:17.375Z DEBUG blacksilk_p2p::net::headers] peer 2: 1 headers up to height 364 accepted (new: false)
[2026-09-29T22:48:19.698Z DEBUG blacksilk_p2p::net::headers] peer 4: 1 headers up to height 365 accepted (new: true)
[2026-09-29T22:48:19.759Z DEBUG blacksilk_p2p::net::blocks] peer 4: block d6ef831cc554 at height 365 received
[2026-09-29T22:48:19.972Z DEBUG blacksilk_p2p::net::headers] peer 2: 1 headers up to height 365 accepted (new: false)
[2026-09-29T22:48:19.987Z DEBUG blacksilk_p2p::net::headers] peer 3: 1 headers up to height 365 accepted (new: false)
[2026-09-29T22:48:21.319Z DEBUG blacksilk_p2p::net::headers] peer 4: 1 headers up to height 366 accepted (new: true)
[2026-09-29T22:48:21.392Z DEBUG blacksilk_p2p::net::blocks] peer 4: block 3308e704cf65 at height 366 received
[2026-09-29T22:48:21.524Z DEBUG blacksilk_p2p::net::headers] peer 3: 1 headers up to height 366 accepted (new: false)
[2026-09-29T22:48:21.562Z DEBUG blacksilk_p2p::net::headers] peer 2: 1 headers up to height 366 accepted (new: false)
[2026-09-29T22:48:21.585Z DEBUG blacksilk_p2p::net::headers] peer 1: 1 headers up to height 366 accepted (new: false)
[2026-09-29T22:48:22.746Z DEBUG blacksilk_p2p::net::stem] stem tx a82a406d4d91 -> peer 3
[2026-09-29T22:48:25.456Z DEBUG blacksilk_p2p::net::headers] peer 4: 1 headers up to height 367 accepted (new: true)
[2026-09-29T22:48:25.527Z DEBUG blacksilk_p2p::net::blocks] peer 4: block 0b84f6f8a596 at height 367 received
[2026-09-29T22:48:25.663Z DEBUG blacksilk_p2p::net::headers] peer 3: 1 headers up to height 367 accepted (new: false)
[2026-09-29T22:48:25.728Z DEBUG blacksilk_p2p::net::headers] peer 2: 1 headers up to height 367 accepted (new: false)
[2026-09-29T22:48:25.743Z DEBUG blacksilk_p2p::net::headers] peer 1: 1 headers up to height 367 accepted (new: false)
[2026-09-29T22:48:30.964Z DEBUG blacksilk_p2p::net::headers] peer 4: 1 headers up to height 368 accepted (new: true)
[2026-09-29T22:48:31.035Z DEBUG blacksilk_p2p::net::blocks] peer 4: block b968ca371ecc at height 368 received
[2026-09-29T22:48:31.091Z DEBUG blacksilk_p2p::net::headers] peer 3: 1 headers up to height 368 accepted (new: false)
[2026-09-29T22:48:31.139Z DEBUG blacksilk_p2p::net::headers] peer 2: 1 headers up to height 368 accepted (new: false)
[2026-09-29T22:48:31.171Z DEBUG blacksilk_p2p::net::headers] peer 1: 1 headers up to height 368 accepted (new: false)
[2026-09-29T22:48:35.284Z DEBUG blacksilk_p2p::net::headers] peer 4: 1 headers up to height 369 accepted (new: true)
[2026-09-29T22:48:35.351Z DEBUG blacksilk_p2p::net::blocks] peer 4: block 53df939ba13f at height 369 received
[2026-09-29T22:48:35.471Z DEBUG blacksilk_p2p::net::headers] peer 3: 1 headers up to height 369 accepted (new: false)
[2026-09-29T22:48:35.596Z DEBUG blacksilk_p2p::net::headers] peer 2: 1 headers up to height 369 accepted (new: false)
[2026-09-29T22:48:35.596Z DEBUG blacksilk_p2p::net::headers] peer 1: 1 headers up to height 369 accepted (new: false)
[2026-09-29T22:48:44.104Z DEBUG blacksilk_p2p::net::headers] peer 4: 1 headers up to height 370 accepted (new: true)
[2026-09-29T22:48:44.152Z DEBUG blacksilk_p2p::net::blocks] peer 4: block 5d171c08791f at height 370 received
[2026-09-29T22:48:44.347Z DEBUG blacksilk_p2p::net::headers] peer 3: 1 headers up to height 370 accepted (new: false)
[2026-09-29T22:48:44.399Z DEBUG blacksilk_p2p::net::headers] peer 2: 1 headers up to height 370 accepted (new: false)
[2026-09-29T22:48:44.431Z DEBUG blacksilk_p2p::net::headers] peer 1: 1 headers up to height 370 accepted (new: false)
[2026-09-29T22:48:53.173Z DEBUG blacksilk_p2p::net::headers] peer 4: 1 headers up to height 371 accepted (new: true)
[2026-09-29T22:48:53.238Z DEBUG blacksilk_p2p::net::blocks] peer 4: block 8de0dc359674 at height 371 received
[2026-09-29T22:48:53.473Z DEBUG blacksilk_p2p::net::headers] peer 2: 1 headers up to height 371 accepted (new: false)
[2026-09-29T22:48:53.473Z DEBUG blacksilk_p2p::net::headers] peer 3: 1 headers up to height 371 accepted (new: false)
[2026-09-29T22:48:53.504Z DEBUG blacksilk_p2p::net::headers] peer 1: 1 headers up to height 371 accepted (new: false)
[2026-09-29T22:48:56.522Z DEBUG blacksilk_p2p::net::headers] peer 3: 1 headers up to height 372 accepted (new: true)
[2026-09-29T22:48:56.582Z DEBUG blacksilk_p2p::net::blocks] peer 3: block 114003634d8a at height 372 received
[2026-09-29T22:48:56.654Z DEBUG blacksilk_p2p::net::headers] peer 4: 1 headers up to height 372 accepted (new: false)
[2026-09-29T22:48:56.654Z DEBUG blacksilk_p2p::net::headers] peer 1: 1 headers up to height 372 accepted (new: false)
[2026-09-29T22:48:58.352Z DEBUG blacksilk_p2p::net::headers] peer 3: 1 headers up to height 373 accepted (new: true)
[2026-09-29T22:48:58.425Z DEBUG blacksilk_p2p::net::blocks] peer 3: block 78df1e55d2fc at height 373 received
[2026-09-29T22:48:58.483Z DEBUG blacksilk_p2p::net::headers] peer 4: 1 headers up to height 373 accepted (new: false)
[2026-09-29T22:48:58.498Z DEBUG blacksilk_p2p::net::headers] peer 1: 1 headers up to height 373 accepted (new: false)
[2026-09-29T22:49:07.268Z DEBUG blacksilk_p2p::net::headers] peer 3: 1 headers up to height 374 accepted (new: true)
[2026-09-29T22:49:07.341Z DEBUG blacksilk_p2p::net::blocks] peer 3: block 28986a2228b2 at height 374 received
[2026-09-29T22:49:07.408Z DEBUG blacksilk_p2p::net::headers] peer 1: 1 headers up to height 374 accepted (new: false)
[2026-09-29T22:49:07.408Z DEBUG blacksilk_p2p::net::headers] peer 2: 1 headers up to height 374 accepted (new: false)
[2026-09-29T22:49:07.425Z DEBUG blacksilk_p2p::net::headers] peer 4: 1 headers up to height 374 accepted (new: false)
[2026-09-29T22:49:23.391Z DEBUG blacksilk_p2p::net::stem] stem tx 6154eb4d3a83 -> peer 3
[2026-09-29T22:49:23.536Z DEBUG blacksilk_p2p::net::headers] peer 4: 1 headers up to height 375 accepted (new: true)
[2026-09-29T22:49:23.612Z DEBUG blacksilk_p2p::net::blocks] peer 4: block 07d21e0968cb at height 375 received
[2026-09-29T22:49:23.696Z DEBUG blacksilk_p2p::net::headers] peer 2: 1 headers up to height 375 accepted (new: false)
[2026-09-29T22:49:23.696Z DEBUG blacksilk_p2p::net::headers] peer 1: 1 headers up to height 375 accepted (new: false)
[2026-09-29T22:49:23.716Z DEBUG blacksilk_p2p::net::headers] peer 3: 1 headers up to height 375 accepted (new: false)
[2026-09-29T22:49:27.034Z DEBUG blacksilk_p2p::net::headers] peer 4: 1 headers up to height 376 accepted (new: true)
[2026-09-29T22:49:27.104Z DEBUG blacksilk_p2p::net::blocks] peer 4: block 4bd37c5c49a1 at height 376 received
[2026-09-29T22:49:27.147Z DEBUG blacksilk_p2p::net::headers] peer 1: 1 headers up to height 376 accepted (new: false)
[2026-09-29T22:49:27.171Z DEBUG blacksilk_p2p::net::headers] peer 2: 1 headers up to height 376 accepted (new: false)
[2026-09-29T22:49:27.171Z DEBUG blacksilk_p2p::net::headers] peer 3: 1 headers up to height 376 accepted (new: false)
[2026-09-29T22:49:42.240Z DEBUG blacksilk_p2p::net::headers] peer 3: 1 headers up to height 377 accepted (new: true)
[2026-09-29T22:49:42.318Z DEBUG blacksilk_p2p::net::blocks] peer 3: block 8bd80e1c685d at height 377 received
[2026-09-29T22:49:43.407Z DEBUG blacksilk_p2p::net::stem] stem tx fcf0fb18b546 -> peer 3
[2026-09-29T22:50:00.151Z DEBUG blacksilk_p2p::net::headers] peer 3: 1 headers up to height 378 accepted (new: true)
[2026-09-29T22:50:00.208Z DEBUG blacksilk_p2p::net::blocks] peer 3: block ccacff5a7b42 at height 378 received
[2026-09-29T22:50:00.834Z DEBUG blacksilk_p2p::net::headers] peer 4: 1 headers up to height 378 accepted (new: true)
[2026-09-29T22:50:00.834Z DEBUG blacksilk_p2p::net::headers] peer 2: 1 headers up to height 378 accepted (new: false)
[2026-09-29T22:50:00.834Z DEBUG blacksilk_p2p::net::headers] peer 1: 1 headers up to height 378 accepted (new: false)
[2026-09-29T22:50:01.797Z DEBUG blacksilk_p2p::net::headers] peer 4: 1 headers up to height 379 accepted (new: true)
[2026-09-29T22:50:01.880Z DEBUG blacksilk_p2p::net::blocks] peer 4: block 63a9a0dbb960 at height 379 received
[2026-09-29T22:50:01.948Z DEBUG blacksilk_p2p::net::blocks] peer 3: block c5894c534669 at height 378 received
[2026-09-29T22:50:01.951Z INFO  blacksilk_chain::manager::fork_choice] reorganization: disconnecting 1 block(s) above height 377
[2026-09-29T22:50:01.958Z INFO  blacksilk_chain::manager::fork_choice] mempool after the reorganization: Revalidation { checked: 0, invalid: 0, ring_changed: 0 }; returned transactions: Readmission { readmitted: 0, already_pooled: 0, other_rules: 0, conflicts: 0, invalid: 1, ring_changed: 0, no_room: 0, over_budget: 0 }; 0 beyond the readmission budget, not captured
[2026-09-29T22:50:01.958Z DEBUG blacksilk_p2p::net::headers] peer 2: 1 headers up to height 379 accepted (new: false)
[2026-09-29T22:50:02.005Z DEBUG blacksilk_p2p::net::headers] peer 3: 1 headers up to height 379 accepted (new: false)
[2026-09-29T22:50:02.193Z DEBUG blacksilk_p2p::net::headers] peer 1: 1 headers up to height 379 accepted (new: false)
[2026-09-29T22:50:03.419Z DEBUG blacksilk_p2p::net::stem] stem tx 1a58ce76d48e -> peer 2
[2026-09-29T22:50:05.460Z DEBUG blacksilk_p2p::net::headers] peer 4: 1 headers up to height 380 accepted (new: true)
[2026-09-29T22:50:05.535Z DEBUG blacksilk_p2p::net::blocks] peer 4: block abedb40242a3 at height 380 received
[2026-09-29T22:50:05.568Z DEBUG blacksilk_p2p::net::headers] peer 2: 1 headers up to height 380 accepted (new: false)
[2026-09-29T22:50:05.605Z DEBUG blacksilk_p2p::net::headers] peer 3: 1 headers up to height 380 accepted (new: false)
[2026-09-29T22:50:05.808Z DEBUG blacksilk_p2p::net::headers] peer 1: 1 headers up to height 380 accepted (new: false)
[2026-09-29T22:50:18.918Z DEBUG blacksilk_p2p::net::maintenance] embargo expired for 1a58ce76d48e
[2026-09-29T22:50:18.922Z DEBUG blacksilk_p2p::net::stem] fluff tx 1a58ce76d48e
[2026-09-29T22:50:32.683Z DEBUG blacksilk_p2p::net::headers] peer 4: 1 headers up to height 381 accepted (new: true)
[2026-09-29T22:50:32.756Z DEBUG blacksilk_p2p::net::blocks] peer 4: block 672e45622107 at height 381 received
[2026-09-29T22:50:32.937Z DEBUG blacksilk_p2p::net::headers] peer 3: 1 headers up to height 381 accepted (new: false)
[2026-09-29T22:50:32.938Z DEBUG blacksilk_p2p::net::headers] peer 2: 1 headers up to height 381 accepted (new: false)
[2026-09-29T22:50:32.985Z DEBUG blacksilk_p2p::net::headers] peer 1: 1 headers up to height 381 accepted (new: false)
[2026-09-29T22:50:35.168Z DEBUG blacksilk_p2p::net::headers] peer 3: 1 headers up to height 382 accepted (new: true)
[2026-09-29T22:50:35.233Z DEBUG blacksilk_p2p::net::blocks] peer 3: block 137d9e47ac0c at height 382 received
[2026-09-29T22:50:35.324Z DEBUG blacksilk_p2p::net::headers] peer 1: 1 headers up to height 382 accepted (new: false)
[2026-09-29T22:50:35.435Z DEBUG blacksilk_p2p::net::headers] peer 4: 1 headers up to height 382 accepted (new: false)
[2026-09-29T22:50:35.541Z DEBUG blacksilk_p2p::net::headers] peer 2: 1 headers up to height 382 accepted (new: false)
[2026-09-29T22:50:41.211Z DEBUG blacksilk_p2p::net::headers] peer 3: 1 headers up to height 383 accepted (new: true)
[2026-09-29T22:50:41.288Z DEBUG blacksilk_p2p::net::blocks] peer 3: block d04184a22fb7 at height 383 received
[2026-09-29T22:50:41.908Z DEBUG blacksilk_p2p::net::headers] peer 4: 1 headers up to height 383 accepted (new: true)
[2026-09-29T22:50:41.908Z DEBUG blacksilk_p2p::net::headers] peer 2: 1 headers up to height 383 accepted (new: false)
[2026-09-29T22:50:41.908Z DEBUG blacksilk_p2p::net::headers] peer 1: 1 headers up to height 383 accepted (new: false)
[2026-09-29T22:50:43.684Z DEBUG blacksilk_p2p::net::stem] stem tx 2bfc5196c9ed -> peer 2
[2026-09-29T22:51:03.869Z DEBUG blacksilk_p2p::net::stem] stem tx e134f29fac4c -> peer 2
[2026-09-29T22:51:04.125Z DEBUG blacksilk_p2p::net::headers] peer 4: 1 headers up to height 384 accepted (new: true)
[2026-09-29T22:51:04.195Z DEBUG blacksilk_p2p::net::blocks] peer 4: block 3eedb352c8b6 at height 384 received
[2026-09-29T22:51:04.262Z DEBUG blacksilk_p2p::net::blocks] peer 3: block bdc745391f92 at height 383 received
[2026-09-29T22:51:04.264Z INFO  blacksilk_chain::manager::fork_choice] reorganization: disconnecting 1 block(s) above height 382
[2026-09-29T22:51:04.269Z INFO  blacksilk_chain::manager::fork_choice] mempool after the reorganization: Revalidation { checked: 0, invalid: 0, ring_changed: 0 }; returned transactions: Readmission { readmitted: 0, already_pooled: 0, other_rules: 0, conflicts: 0, invalid: 0, ring_changed: 0, no_room: 0, over_budget: 0 }; 0 beyond the readmission budget, not captured
[2026-09-29T22:51:04.377Z DEBUG blacksilk_p2p::net::headers] peer 2: 1 headers up to height 384 accepted (new: false)
[2026-09-29T22:51:04.377Z DEBUG blacksilk_p2p::net::headers] peer 1: 1 headers up to height 384 accepted (new: false)
[2026-09-29T22:51:04.377Z DEBUG blacksilk_p2p::net::headers] peer 3: 1 headers up to height 384 accepted (new: false)
[2026-09-29T22:51:15.112Z DEBUG blacksilk_p2p::net::headers] peer 3: 1 headers up to height 385 accepted (new: true)
[2026-09-29T22:51:15.167Z DEBUG blacksilk_p2p::net::blocks] peer 3: block 6ba6717d0b68 at height 385 received
[2026-09-29T22:51:15.262Z DEBUG blacksilk_p2p::net::headers] peer 2: 1 headers up to height 385 accepted (new: false)
[2026-09-29T22:51:23.809Z DEBUG blacksilk_p2p::net::maintenance] embargo expired for e134f29fac4c
[2026-09-29T22:51:23.817Z DEBUG blacksilk_p2p::net::stem] fluff tx e134f29fac4c
[2026-09-29T22:51:40.102Z DEBUG blacksilk_p2p::net::maintenance] embargo expired for 2bfc5196c9ed
[2026-09-29T22:51:40.108Z DEBUG blacksilk_p2p::net::stem] fluff tx 2bfc5196c9ed
[2026-09-29T22:51:40.591Z DEBUG blacksilk_p2p::net::headers] peer 3: 1 headers up to height 386 accepted (new: true)
[2026-09-29T22:51:40.673Z DEBUG blacksilk_p2p::net::blocks] peer 3: block 31ea22e4e914 at height 386 received
[2026-09-29T22:51:40.854Z DEBUG blacksilk_p2p::net::headers] peer 4: 1 headers up to height 386 accepted (new: false)
[2026-09-29T22:51:40.936Z DEBUG blacksilk_p2p::net::headers] peer 1: 1 headers up to height 386 accepted (new: false)
[2026-09-29T22:51:40.936Z DEBUG blacksilk_p2p::net::headers] peer 2: 1 headers up to height 386 accepted (new: false)
[2026-09-29T22:51:53.190Z DEBUG blacksilk_p2p::net::headers] peer 4: 1 headers up to height 387 accepted (new: true)
[2026-09-29T22:51:53.248Z DEBUG blacksilk_p2p::net::blocks] peer 4: block 12e308ed7a9b at height 387 received
[2026-09-29T22:51:53.385Z DEBUG blacksilk_p2p::net::headers] peer 1: 1 headers up to height 387 accepted (new: false)
[2026-09-29T22:51:53.400Z DEBUG blacksilk_p2p::net::headers] peer 2: 1 headers up to height 387 accepted (new: false)
[2026-09-29T22:51:53.504Z DEBUG blacksilk_p2p::net::headers] peer 3: 1 headers up to height 387 accepted (new: false)
[2026-09-29T22:52:05.390Z DEBUG blacksilk_p2p::net::headers] peer 3: 1 headers up to height 388 accepted (new: true)
[2026-09-29T22:52:05.390Z DEBUG blacksilk_p2p::net::headers] peer 2: 1 headers up to height 388 accepted (new: false)
[2026-09-29T22:52:05.449Z DEBUG blacksilk_p2p::net::blocks] peer 3: block 0db0c225cbe6 at height 388 received
[2026-09-29T22:52:05.649Z DEBUG blacksilk_p2p::net::headers] peer 1: 1 headers up to height 388 accepted (new: false)
[2026-09-29T22:52:05.725Z DEBUG blacksilk_p2p::net::headers] peer 4: 1 headers up to height 388 accepted (new: false)
[2026-09-29T22:52:15.504Z DEBUG blacksilk_p2p::net::headers] peer 4: 1 headers up to height 389 accepted (new: true)
[2026-09-29T22:52:15.565Z DEBUG blacksilk_p2p::net::blocks] peer 4: block 6e175b175a97 at height 389 received
[2026-09-29T22:52:15.674Z DEBUG blacksilk_p2p::net::headers] peer 3: 1 headers up to height 389 accepted (new: false)
[2026-09-29T22:52:24.094Z DEBUG blacksilk_p2p::net::stem] stem tx c752dcf63dd3 -> peer 2
[2026-09-29T22:52:37.644Z DEBUG blacksilk_p2p::net::headers] peer 4: 1 headers up to height 390 accepted (new: true)
[2026-09-29T22:52:37.644Z DEBUG blacksilk_p2p::net::headers] peer 1: 1 headers up to height 390 accepted (new: false)
[2026-09-29T22:52:37.706Z DEBUG blacksilk_p2p::net::headers] peer 2: 1 headers up to height 390 accepted (new: false)
[2026-09-29T22:52:37.707Z DEBUG blacksilk_p2p::net::blocks] peer 4: block 5fc09c5b7b0f at height 390 received
[2026-09-29T22:52:37.741Z DEBUG blacksilk_p2p::net::headers] peer 3: 1 headers up to height 390 accepted (new: false)
[2026-09-29T22:52:44.243Z DEBUG blacksilk_p2p::net::headers] peer 4: 1 headers up to height 391 accepted (new: true)
[2026-09-29T22:52:44.243Z DEBUG blacksilk_p2p::net::headers] peer 3: 1 headers up to height 391 accepted (new: false)
[2026-09-29T22:52:44.300Z DEBUG blacksilk_p2p::net::blocks] peer 4: block fbcb6a4f21f2 at height 391 received
[2026-09-29T22:52:44.533Z DEBUG blacksilk_p2p::net::headers] peer 2: 1 headers up to height 391 accepted (new: false)
[2026-09-29T22:52:44.581Z DEBUG blacksilk_p2p::net::headers] peer 1: 1 headers up to height 391 accepted (new: false)
[2026-09-29T22:52:51.525Z DEBUG blacksilk_p2p::net::headers] peer 3: 1 headers up to height 392 accepted (new: true)
[2026-09-29T22:52:51.563Z DEBUG blacksilk_p2p::net::headers] peer 4: 1 headers up to height 392 accepted (new: false)
[2026-09-29T22:52:51.577Z DEBUG blacksilk_p2p::net::headers] peer 2: 1 headers up to height 392 accepted (new: false)
[2026-09-29T22:52:51.596Z DEBUG blacksilk_p2p::net::blocks] peer 3: block aa896abfabbb at height 392 received
[2026-09-29T22:52:51.599Z DEBUG blacksilk_p2p::net::headers] peer 1: 1 headers up to height 392 accepted (new: false)
[2026-09-29T22:52:52.114Z DEBUG blacksilk_p2p::net::maintenance] embargo expired for c752dcf63dd3
[2026-09-29T22:52:52.121Z DEBUG blacksilk_p2p::net::stem] fluff tx c752dcf63dd3
[2026-09-29T22:52:57.132Z DEBUG blacksilk_p2p::net::headers] peer 4: 1 headers up to height 393 accepted (new: true)
[2026-09-29T22:52:57.193Z DEBUG blacksilk_p2p::net::blocks] peer 4: block f8078c3dad67 at height 393 received
[2026-09-29T22:52:57.289Z DEBUG blacksilk_p2p::net::headers] peer 3: 1 headers up to height 393 accepted (new: false)
[2026-09-29T22:52:57.322Z DEBUG blacksilk_p2p::net::headers] peer 2: 1 headers up to height 393 accepted (new: false)
[2026-09-29T22:53:04.474Z DEBUG blacksilk_p2p::net::stem] stem tx a69b645dbd9f -> peer 2
[2026-09-29T22:53:08.585Z DEBUG blacksilk_p2p::net::headers] peer 4: 1 headers up to height 394 accepted (new: true)
[2026-09-29T22:53:08.659Z DEBUG blacksilk_p2p::net::blocks] peer 4: block f99e34b5f189 at height 394 received
[2026-09-29T22:53:08.863Z DEBUG blacksilk_p2p::net::headers] peer 2: 1 headers up to height 394 accepted (new: false)
[2026-09-29T22:53:08.883Z DEBUG blacksilk_p2p::net::headers] peer 1: 1 headers up to height 394 accepted (new: false)
[2026-09-29T22:53:14.396Z DEBUG blacksilk_p2p::net::headers] peer 4: 1 headers up to height 395 accepted (new: true)
[2026-09-29T22:53:14.464Z DEBUG blacksilk_p2p::net::blocks] peer 4: block dddea8eaae28 at height 395 received
[2026-09-29T22:53:14.611Z DEBUG blacksilk_p2p::net::headers] peer 2: 1 headers up to height 395 accepted (new: false)
[2026-09-29T22:53:16.698Z DEBUG blacksilk_p2p::net::headers] peer 3: 1 headers up to height 396 accepted (new: true)
[2026-09-29T22:53:17.076Z DEBUG blacksilk_p2p::net::blocks] peer 3: block cce0558cfc7e at height 396 received
[2026-09-29T22:53:17.218Z DEBUG blacksilk_p2p::net::headers] peer 4: 1 headers up to height 396 accepted (new: false)
[2026-09-29T22:53:17.268Z DEBUG blacksilk_p2p::net::headers] peer 1: 1 headers up to height 396 accepted (new: false)
[2026-09-29T22:53:23.888Z DEBUG blacksilk_p2p::net::headers] peer 4: 1 headers up to height 397 accepted (new: true)
[2026-09-29T22:53:23.963Z DEBUG blacksilk_p2p::net::blocks] peer 4: block 0a37d3beb5f6 at height 397 received
[2026-09-29T22:53:24.147Z DEBUG blacksilk_p2p::net::headers] peer 1: 1 headers up to height 397 accepted (new: false)
[2026-09-29T22:53:24.588Z DEBUG blacksilk_p2p::net::stem] stem tx 81005f486e01 -> peer 2
[2026-09-29T22:53:27.392Z DEBUG blacksilk_p2p::net::headers] peer 3: 1 headers up to height 398 accepted (new: true)
[2026-09-29T22:53:27.418Z DEBUG blacksilk_p2p::net::headers] peer 4: 1 headers up to height 398 accepted (new: false)
[2026-09-29T22:53:27.471Z DEBUG blacksilk_p2p::net::blocks] peer 3: block 2a794036f4a8 at height 398 received
[2026-09-29T22:53:27.535Z DEBUG blacksilk_p2p::net::headers] peer 1: 1 headers up to height 398 accepted (new: false)
[2026-09-29T22:53:32.991Z DEBUG blacksilk_p2p::net::headers] peer 4: 1 headers up to height 399 accepted (new: true)
[2026-09-29T22:53:33.062Z DEBUG blacksilk_p2p::net::blocks] peer 4: block 20787b1a1c6f at height 399 received
[2026-09-29T22:53:33.229Z DEBUG blacksilk_p2p::net::headers] peer 1: 1 headers up to height 399 accepted (new: false)
[2026-09-29T22:53:33.297Z DEBUG blacksilk_p2p::net::headers] peer 3: 1 headers up to height 399 accepted (new: false)
[2026-09-29T22:53:33.312Z DEBUG blacksilk_p2p::net::headers] peer 2: 1 headers up to height 399 accepted (new: false)
[2026-09-29T22:53:44.785Z DEBUG blacksilk_p2p::net::stem] stem tx 0aacb426ed9c -> peer 3
[2026-09-29T22:53:50.374Z DEBUG blacksilk_p2p::net::headers] peer 3: 1 headers up to height 400 accepted (new: true)
[2026-09-29T22:53:50.437Z DEBUG blacksilk_p2p::net::blocks] peer 3: block dcc558d29294 at height 400 received
[2026-09-29T22:53:50.446Z DEBUG blacksilk_p2p::net::headers] peer 1: 1 headers up to height 400 accepted (new: false)
[2026-09-29T22:53:50.556Z DEBUG blacksilk_p2p::net::headers] peer 2: 1 headers up to height 400 accepted (new: false)
[2026-09-29T22:53:50.603Z DEBUG blacksilk_p2p::net::headers] peer 4: 1 headers up to height 400 accepted (new: false)
[2026-09-29T22:53:52.684Z DEBUG blacksilk_p2p::net::headers] peer 4: 1 headers up to height 401 accepted (new: true)
[2026-09-29T22:53:52.752Z DEBUG blacksilk_p2p::net::blocks] peer 4: block 8d138eee5cc9 at height 401 received
[2026-09-29T22:53:52.876Z DEBUG blacksilk_p2p::net::headers] peer 3: 1 headers up to height 401 accepted (new: false)
[2026-09-29T22:53:52.929Z DEBUG blacksilk_p2p::net::headers] peer 2: 1 headers up to height 401 accepted (new: false)
[2026-09-29T22:53:57.725Z DEBUG blacksilk_p2p::net::headers] peer 3: 1 headers up to height 402 accepted (new: true)
[2026-09-29T22:53:57.790Z DEBUG blacksilk_p2p::net::blocks] peer 3: block 92990bbb5c44 at height 402 received
[2026-09-29T22:53:57.908Z DEBUG blacksilk_p2p::net::headers] peer 2: 1 headers up to height 402 accepted (new: false)
[2026-09-29T22:53:58.050Z DEBUG blacksilk_p2p::net::headers] peer 1: 1 headers up to height 402 accepted (new: false)
[2026-09-29T22:54:04.901Z DEBUG blacksilk_p2p::net::stem] stem tx 4c74177b7892 -> peer 3
[2026-09-29T22:54:11.022Z DEBUG blacksilk_p2p::net::headers] peer 4: 1 headers up to height 403 accepted (new: true)
[2026-09-29T22:54:11.081Z DEBUG blacksilk_p2p::net::blocks] peer 4: block 240af780bc59 at height 403 received
[2026-09-29T22:54:11.187Z DEBUG blacksilk_p2p::net::headers] peer 2: 1 headers up to height 403 accepted (new: false)
[2026-09-29T22:54:15.397Z DEBUG blacksilk_p2p::net::headers] peer 4: 1 headers up to height 404 accepted (new: true)
[2026-09-29T22:54:15.458Z DEBUG blacksilk_p2p::net::blocks] peer 4: block 69e34cff4ea5 at height 404 received
[2026-09-29T22:54:15.461Z DEBUG blacksilk_p2p::net::headers] peer 3: 1 headers up to height 404 accepted (new: false)
[2026-09-29T22:54:20.090Z DEBUG blacksilk_p2p::net::headers] peer 4: 1 headers up to height 405 accepted (new: true)
[2026-09-29T22:54:20.090Z DEBUG blacksilk_p2p::net::headers] peer 3: 1 headers up to height 405 accepted (new: false)
[2026-09-29T22:54:20.098Z DEBUG blacksilk_p2p::net::headers] peer 2: 1 headers up to height 405 accepted (new: false)
[2026-09-29T22:54:20.145Z DEBUG blacksilk_p2p::net::blocks] peer 4: block 23cf1c4d2255 at height 405 received
[2026-09-29T22:54:25.103Z DEBUG blacksilk_p2p::net::stem] stem tx d2824b63b4e5 -> peer 3
[2026-09-29T22:54:48.415Z DEBUG blacksilk_p2p::net::headers] peer 4: 1 headers up to height 406 accepted (new: true)
[2026-09-29T22:54:48.479Z DEBUG blacksilk_p2p::net::blocks] peer 4: block 91d6f3560aac at height 406 received
[2026-09-29T22:54:50.504Z DEBUG blacksilk_p2p::net::headers] peer 3: 1 headers up to height 406 accepted (new: true)
[2026-09-29T22:54:50.504Z DEBUG blacksilk_p2p::net::headers] peer 2: 1 headers up to height 406 accepted (new: false)
[2026-09-29T22:54:50.504Z DEBUG blacksilk_p2p::net::headers] peer 1: 1 headers up to height 406 accepted (new: false)
[2026-09-29T22:55:05.079Z DEBUG blacksilk_p2p::net::stem] stem tx 81de0f12241b -> peer 2
[2026-09-29T22:55:16.136Z DEBUG blacksilk_p2p::net::headers] peer 4: 1 headers up to height 407 accepted (new: true)
[2026-09-29T22:55:16.231Z DEBUG blacksilk_p2p::net::blocks] peer 4: block 94af676d913d at height 407 received
[2026-09-29T22:55:16.894Z DEBUG blacksilk_p2p::net::headers] peer 3: 1 headers up to height 407 accepted (new: true)
[2026-09-29T22:55:16.894Z DEBUG blacksilk_p2p::net::headers] peer 2: 1 headers up to height 407 accepted (new: false)
[2026-09-29T22:55:16.894Z DEBUG blacksilk_p2p::net::headers] peer 1: 1 headers up to height 407 accepted (new: false)
[2026-09-29T22:55:19.314Z DEBUG blacksilk_p2p::net::headers] peer 4: 1 headers up to height 408 accepted (new: true)
[2026-09-29T22:55:19.404Z DEBUG blacksilk_p2p::net::blocks] peer 4: block 342415939bc1 at height 408 received
[2026-09-29T22:55:21.400Z DEBUG blacksilk_p2p::net::maintenance] embargo expired for 81de0f12241b
[2026-09-29T22:55:21.406Z DEBUG blacksilk_p2p::net::stem] fluff tx 81de0f12241b
[2026-09-29T22:55:21.871Z DEBUG blacksilk_p2p::net::headers] peer 4: 1 headers up to height 409 accepted (new: true)
[2026-09-29T22:55:21.946Z DEBUG blacksilk_p2p::net::blocks] peer 4: block 1c9037158823 at height 409 received
[2026-09-29T22:55:22.083Z DEBUG blacksilk_p2p::net::headers] peer 3: 1 headers up to height 409 accepted (new: false)
[2026-09-29T22:55:22.214Z DEBUG blacksilk_p2p::net::headers] peer 2: 1 headers up to height 409 accepted (new: false)
[2026-09-29T22:55:25.018Z DEBUG blacksilk_p2p::net::headers] peer 3: 1 headers up to height 410 accepted (new: true)
[2026-09-29T22:55:25.086Z DEBUG blacksilk_p2p::net::blocks] peer 3: block a465b868108c at height 410 received
[2026-09-29T22:55:25.186Z DEBUG blacksilk_p2p::net::headers] peer 1: 1 headers up to height 410 accepted (new: false)
[2026-09-29T22:55:28.510Z DEBUG blacksilk_p2p::net::headers] peer 3: 1 headers up to height 411 accepted (new: true)
[2026-09-29T22:55:28.588Z DEBUG blacksilk_p2p::net::blocks] peer 3: block df6f961eb436 at height 411 received
[2026-09-29T22:55:28.668Z DEBUG blacksilk_p2p::net::headers] peer 4: 1 headers up to height 411 accepted (new: false)
[2026-09-29T22:55:28.839Z DEBUG blacksilk_p2p::net::headers] peer 1: 1 headers up to height 411 accepted (new: false)
[2026-09-29T22:55:33.778Z DEBUG blacksilk_p2p::net::headers] peer 3: 1 headers up to height 412 accepted (new: true)
[2026-09-29T22:55:33.855Z DEBUG blacksilk_p2p::net::blocks] peer 3: block b5f83b35efd2 at height 412 received
[2026-09-29T22:55:33.875Z DEBUG blacksilk_p2p::net::headers] peer 4: 1 headers up to height 412 accepted (new: false)
[2026-09-29T22:55:33.933Z DEBUG blacksilk_p2p::net::headers] peer 2: 1 headers up to height 412 accepted (new: false)
[2026-09-29T22:55:34.133Z DEBUG blacksilk_p2p::net::headers] peer 1: 1 headers up to height 412 accepted (new: false)
[2026-09-29T22:55:43.208Z DEBUG blacksilk_p2p::net::headers] peer 4: 1 headers up to height 413 accepted (new: true)
[2026-09-29T22:55:43.265Z DEBUG blacksilk_p2p::net::blocks] peer 4: block e6b7d7c1d130 at height 413 received
[2026-09-29T22:55:43.298Z DEBUG blacksilk_p2p::net::headers] peer 2: 1 headers up to height 413 accepted (new: false)
[2026-09-29T22:55:43.315Z DEBUG blacksilk_p2p::net::headers] peer 1: 1 headers up to height 413 accepted (new: false)
[2026-09-29T22:55:45.244Z DEBUG blacksilk_p2p::net::stem] stem tx f101287a4a79 -> peer 3
[2026-09-29T22:55:52.365Z DEBUG blacksilk_p2p::net::headers] peer 3: 1 headers up to height 414 accepted (new: true)
[2026-09-29T22:55:52.428Z DEBUG blacksilk_p2p::net::blocks] peer 3: block 67d927f0fbbf at height 414 received
[2026-09-29T22:55:52.479Z DEBUG blacksilk_p2p::net::headers] peer 1: 1 headers up to height 414 accepted (new: false)
[2026-09-29T22:55:52.595Z DEBUG blacksilk_p2p::net::headers] peer 4: 1 headers up to height 414 accepted (new: false)
[2026-09-29T22:55:52.662Z DEBUG blacksilk_p2p::net::headers] peer 2: 1 headers up to height 414 accepted (new: false)
[2026-09-29T22:55:53.814Z DEBUG blacksilk_p2p::net::headers] peer 3: 1 headers up to height 415 accepted (new: true)
[2026-09-29T22:55:53.891Z DEBUG blacksilk_p2p::net::blocks] peer 3: block 22dd913c52ec at height 415 received
[2026-09-29T22:55:53.909Z DEBUG blacksilk_p2p::net::headers] peer 4: 1 headers up to height 415 accepted (new: false)
[2026-09-29T22:55:53.982Z DEBUG blacksilk_p2p::net::headers] peer 2: 1 headers up to height 415 accepted (new: false)
[2026-09-29T22:56:02.293Z DEBUG blacksilk_p2p::net::maintenance] embargo expired for f101287a4a79
[2026-09-29T22:56:02.299Z DEBUG blacksilk_p2p::net::stem] fluff tx f101287a4a79
[2026-09-29T22:56:05.178Z DEBUG blacksilk_p2p::net::stem] stem tx 917f4bdb3f70 -> peer 2
[2026-09-29T22:56:07.171Z DEBUG blacksilk_p2p::net::headers] peer 3: 1 headers up to height 416 accepted (new: true)
[2026-09-29T22:56:07.235Z DEBUG blacksilk_p2p::net::blocks] peer 3: block b0513aa9e2f5 at height 416 received
[2026-09-29T22:56:07.474Z DEBUG blacksilk_p2p::net::headers] peer 4: 1 headers up to height 416 accepted (new: false)
[2026-09-29T22:56:07.539Z DEBUG blacksilk_p2p::net::headers] peer 2: 1 headers up to height 416 accepted (new: false)
[2026-09-29T22:56:15.498Z DEBUG blacksilk_p2p::net::headers] peer 3: 1 headers up to height 417 accepted (new: true)
[2026-09-29T22:56:15.563Z DEBUG blacksilk_p2p::net::blocks] peer 3: block 112f836e28a3 at height 417 received
[2026-09-29T22:56:15.843Z DEBUG blacksilk_p2p::net::headers] peer 2: 1 headers up to height 417 accepted (new: false)
[2026-09-29T22:56:15.866Z DEBUG blacksilk_p2p::net::headers] peer 1: 1 headers up to height 417 accepted (new: false)
[2026-09-29T22:56:15.866Z DEBUG blacksilk_p2p::net::headers] peer 4: 1 headers up to height 417 accepted (new: false)
[2026-09-29T22:56:21.438Z DEBUG blacksilk_p2p::net::headers] peer 4: 1 headers up to height 418 accepted (new: true)
[2026-09-29T22:56:21.439Z DEBUG blacksilk_p2p::net::headers] peer 2: 1 headers up to height 418 accepted (new: false)
[2026-09-29T22:56:21.439Z DEBUG blacksilk_p2p::net::headers] peer 1: 1 headers up to height 418 accepted (new: false)
[2026-09-29T22:56:21.493Z DEBUG blacksilk_p2p::net::blocks] peer 4: block 53ccabebba38 at height 418 received
[2026-09-29T22:56:21.660Z DEBUG blacksilk_p2p::net::headers] peer 3: 1 headers up to height 418 accepted (new: false)
[2026-09-29T22:56:25.277Z DEBUG blacksilk_p2p::net::stem] stem tx 38bb8d0ab5d5 -> peer 2
[2026-09-29T22:56:31.467Z DEBUG blacksilk_p2p::net::headers] peer 4: 1 headers up to height 419 accepted (new: true)
[2026-09-29T22:56:31.539Z DEBUG blacksilk_p2p::net::blocks] peer 4: block a5d8aebb1a85 at height 419 received
[2026-09-29T22:56:31.690Z DEBUG blacksilk_p2p::net::headers] peer 2: 1 headers up to height 419 accepted (new: false)
[2026-09-29T22:56:31.756Z DEBUG blacksilk_p2p::net::headers] peer 3: 1 headers up to height 419 accepted (new: false)
[2026-09-29T22:56:33.400Z DEBUG blacksilk_p2p::net::headers] peer 4: 1 headers up to height 420 accepted (new: true)
[2026-09-29T22:56:33.455Z DEBUG blacksilk_p2p::net::blocks] peer 4: block fec8fcb095cd at height 420 received
[2026-09-29T22:56:33.627Z DEBUG blacksilk_p2p::net::headers] peer 3: 1 headers up to height 420 accepted (new: false)
[2026-09-29T22:56:45.416Z DEBUG blacksilk_p2p::net::stem] stem tx 30adceefe3a9 -> peer 3
[2026-09-29T22:56:50.769Z DEBUG blacksilk_p2p::net::headers] peer 4: 1 headers up to height 421 accepted (new: true)
[2026-09-29T22:56:50.833Z DEBUG blacksilk_p2p::net::blocks] peer 4: block 5b7a29651b03 at height 421 received
[2026-09-29T22:56:50.971Z DEBUG blacksilk_p2p::net::headers] peer 2: 1 headers up to height 421 accepted (new: false)
[2026-09-29T22:56:51.072Z DEBUG blacksilk_p2p::net::headers] peer 3: 1 headers up to height 421 accepted (new: false)
[2026-09-29T22:56:51.112Z DEBUG blacksilk_p2p::net::headers] peer 1: 1 headers up to height 421 accepted (new: false)
[2026-09-29T22:56:54.370Z DEBUG blacksilk_p2p::net::headers] peer 3: 1 headers up to height 422 accepted (new: true)
[2026-09-29T22:56:54.425Z DEBUG blacksilk_p2p::net::blocks] peer 3: block 9c32e81175ca at height 422 received
[2026-09-29T22:57:05.680Z DEBUG blacksilk_p2p::net::stem] stem tx 3f75c1347604 -> peer 3
[2026-09-29T22:57:07.432Z DEBUG blacksilk_p2p::net::headers] peer 4: 1 headers up to height 423 accepted (new: true)
[2026-09-29T22:57:07.511Z DEBUG blacksilk_p2p::net::blocks] peer 4: block d724e434597d at height 423 received
[2026-09-29T22:57:07.571Z DEBUG blacksilk_p2p::net::headers] peer 3: 1 headers up to height 423 accepted (new: false)
[2026-09-29T22:57:07.626Z DEBUG blacksilk_p2p::net::headers] peer 1: 1 headers up to height 423 accepted (new: false)
[2026-09-29T22:57:15.182Z DEBUG blacksilk_p2p::net::headers] peer 4: 1 headers up to height 424 accepted (new: true)
[2026-09-29T22:57:15.265Z DEBUG blacksilk_p2p::net::blocks] peer 4: block 53491c385daf at height 424 received
[2026-09-29T22:57:15.361Z DEBUG blacksilk_p2p::net::headers] peer 2: 1 headers up to height 424 accepted (new: false)
[2026-09-29T22:57:15.487Z DEBUG blacksilk_p2p::net::headers] peer 3: 1 headers up to height 424 accepted (new: false)
[2026-09-29T22:57:15.553Z DEBUG blacksilk_p2p::net::headers] peer 1: 1 headers up to height 424 accepted (new: false)
[2026-09-29T22:57:25.781Z DEBUG blacksilk_p2p::net::stem] stem tx 078dd100e715 -> peer 3
[2026-09-29T22:57:26.258Z DEBUG blacksilk_p2p::net::headers] peer 3: 1 headers up to height 425 accepted (new: true)
[2026-09-29T22:57:26.323Z DEBUG blacksilk_p2p::net::blocks] peer 3: block 322df7b896cb at height 425 received
[2026-09-29T22:57:26.426Z DEBUG blacksilk_p2p::net::headers] peer 2: 1 headers up to height 425 accepted (new: false)
[2026-09-29T22:57:26.525Z DEBUG blacksilk_p2p::net::headers] peer 4: 1 headers up to height 425 accepted (new: false)
[2026-09-29T22:57:26.571Z DEBUG blacksilk_p2p::net::headers] peer 1: 1 headers up to height 425 accepted (new: false)
[2026-09-29T22:57:38.511Z DEBUG blacksilk_p2p::net::maintenance] embargo expired for 3f75c1347604
[2026-09-29T22:57:38.517Z DEBUG blacksilk_p2p::net::stem] fluff tx 3f75c1347604
[2026-09-29T22:57:44.076Z DEBUG blacksilk_p2p::net::headers] peer 4: 1 headers up to height 426 accepted (new: true)
[2026-09-29T22:57:44.134Z DEBUG blacksilk_p2p::net::blocks] peer 4: block 2d585b9d2700 at height 426 received
[2026-09-29T22:57:44.341Z DEBUG blacksilk_p2p::net::headers] peer 1: 1 headers up to height 426 accepted (new: false)
[2026-09-29T22:57:45.665Z DEBUG blacksilk_p2p::net::stem] stem tx 0fa659e38350 -> peer 2
[2026-09-29T22:57:46.464Z DEBUG blacksilk_p2p::net::headers] peer 4: 1 headers up to height 427 accepted (new: true)
[2026-09-29T22:57:46.534Z DEBUG blacksilk_p2p::net::blocks] peer 4: block 2c1308e7183b at height 427 received
[2026-09-29T22:57:46.613Z DEBUG blacksilk_p2p::net::headers] peer 3: 1 headers up to height 427 accepted (new: false)
[2026-09-29T22:57:46.736Z DEBUG blacksilk_p2p::net::headers] peer 1: 1 headers up to height 427 accepted (new: false)
[2026-09-29T22:57:49.941Z DEBUG blacksilk_p2p::net::headers] peer 4: 1 headers up to height 428 accepted (new: true)
[2026-09-29T22:57:50.016Z DEBUG blacksilk_p2p::net::blocks] peer 4: block 9cb70d9d9f42 at height 428 received
[2026-09-29T22:57:50.067Z DEBUG blacksilk_p2p::net::headers] peer 3: 1 headers up to height 428 accepted (new: false)
[2026-09-29T22:57:50.178Z DEBUG blacksilk_p2p::net::headers] peer 1: 1 headers up to height 428 accepted (new: false)
[2026-09-29T22:57:52.306Z DEBUG blacksilk_p2p::net::headers] peer 3: 1 headers up to height 429 accepted (new: true)
[2026-09-29T22:57:52.370Z DEBUG blacksilk_p2p::net::blocks] peer 3: block de2eb4e41a1b at height 429 received
[2026-09-29T22:57:54.711Z DEBUG blacksilk_p2p::net::headers] peer 3: 1 headers up to height 430 accepted (new: true)
[2026-09-29T22:57:54.767Z DEBUG blacksilk_p2p::net::blocks] peer 3: block 8a3b2a006d0e at height 430 received
[2026-09-29T22:57:54.848Z DEBUG blacksilk_p2p::net::headers] peer 4: 1 headers up to height 430 accepted (new: false)
[2026-09-29T22:57:54.928Z DEBUG blacksilk_p2p::net::headers] peer 1: 1 headers up to height 430 accepted (new: false)
[2026-09-29T22:57:58.676Z DEBUG blacksilk_p2p::net::headers] peer 4: 1 headers up to height 431 accepted (new: true)
[2026-09-29T22:57:58.750Z DEBUG blacksilk_p2p::net::blocks] peer 4: block 19034d148c8a at height 431 received
[2026-09-29T22:57:58.811Z DEBUG blacksilk_p2p::net::headers] peer 3: 1 headers up to height 431 accepted (new: false)
[2026-09-29T22:57:58.852Z DEBUG blacksilk_p2p::net::headers] peer 1: 1 headers up to height 431 accepted (new: false)
[2026-09-29T22:58:05.574Z DEBUG blacksilk_p2p::net::headers] peer 3: 1 headers up to height 432 accepted (new: true)
[2026-09-29T22:58:05.636Z DEBUG blacksilk_p2p::net::blocks] peer 3: block b754e0ef8e70 at height 432 received
[2026-09-29T22:58:05.786Z DEBUG blacksilk_p2p::net::headers] peer 2: 1 headers up to height 432 accepted (new: false)
[2026-09-29T22:58:05.916Z DEBUG blacksilk_p2p::net::headers] peer 1: 1 headers up to height 432 accepted (new: false)
[2026-09-29T22:58:05.929Z DEBUG blacksilk_p2p::net::headers] peer 4: 1 headers up to height 432 accepted (new: false)
[2026-09-29T22:58:05.995Z DEBUG blacksilk_p2p::net::stem] stem tx 7066fc039f8d -> peer 3
[2026-09-29T22:58:20.606Z DEBUG blacksilk_p2p::net::headers] peer 3: 1 headers up to height 433 accepted (new: true)
[2026-09-29T22:58:20.688Z DEBUG blacksilk_p2p::net::blocks] peer 3: block 5dc4c0eeb23d at height 433 received
[2026-09-29T22:58:20.794Z DEBUG blacksilk_p2p::net::headers] peer 2: 1 headers up to height 433 accepted (new: false)
[2026-09-29T22:58:20.876Z DEBUG blacksilk_p2p::net::headers] peer 4: 1 headers up to height 433 accepted (new: false)
[2026-09-29T22:58:20.937Z DEBUG blacksilk_p2p::net::headers] peer 1: 1 headers up to height 433 accepted (new: false)
[2026-09-29T22:58:24.973Z DEBUG blacksilk_p2p::net::headers] peer 4: 1 headers up to height 434 accepted (new: true)
[2026-09-29T22:58:25.056Z DEBUG blacksilk_p2p::net::blocks] peer 4: block 409f43702dd7 at height 434 received
[2026-09-29T22:58:25.155Z DEBUG blacksilk_p2p::net::headers] peer 1: 1 headers up to height 434 accepted (new: false)
[2026-09-29T22:58:25.155Z DEBUG blacksilk_p2p::net::headers] peer 3: 1 headers up to height 434 accepted (new: false)
[2026-09-29T22:58:26.155Z DEBUG blacksilk_p2p::net::stem] stem tx 719abfda3d21 -> peer 3
[2026-09-29T22:58:46.076Z DEBUG blacksilk_p2p::net::headers] peer 4: 1 headers up to height 435 accepted (new: true)
[2026-09-29T22:58:46.086Z DEBUG blacksilk_p2p::net::stem] stem tx 4498efd81162 -> peer 2
[2026-09-29T22:58:46.151Z DEBUG blacksilk_p2p::net::blocks] peer 4: block bbefead341bd at height 435 received
[2026-09-29T22:58:46.166Z DEBUG blacksilk_p2p::net::headers] peer 3: 1 headers up to height 435 accepted (new: false)
[2026-09-29T22:58:46.223Z DEBUG blacksilk_p2p::net::headers] peer 1: 1 headers up to height 435 accepted (new: false)
[2026-09-29T22:58:46.406Z DEBUG blacksilk_p2p::net::headers] peer 2: 1 headers up to height 435 accepted (new: false)
[2026-09-29T22:59:01.322Z DEBUG blacksilk_p2p::net::headers] peer 4: 1 headers up to height 436 accepted (new: true)
[2026-09-29T22:59:01.439Z DEBUG blacksilk_p2p::net::blocks] peer 4: block 0fead32e4276 at height 436 received
[2026-09-29T22:59:01.700Z DEBUG blacksilk_p2p::net::maintenance] embargo expired for 4498efd81162
[2026-09-29T22:59:01.706Z DEBUG blacksilk_p2p::net::stem] fluff tx 4498efd81162
[2026-09-29T22:59:01.950Z DEBUG blacksilk_p2p::net::headers] peer 3: 1 headers up to height 436 accepted (new: true)
[2026-09-29T22:59:01.950Z DEBUG blacksilk_p2p::net::headers] peer 2: 1 headers up to height 436 accepted (new: false)
[2026-09-29T22:59:01.950Z DEBUG blacksilk_p2p::net::headers] peer 1: 1 headers up to height 436 accepted (new: false)
[2026-09-29T22:59:11.862Z DEBUG blacksilk_p2p::net::headers] peer 3: 1 headers up to height 437 accepted (new: true)
[2026-09-29T22:59:11.925Z DEBUG blacksilk_p2p::net::blocks] peer 3: block 92666a252b22 at height 437 received
[2026-09-29T22:59:11.946Z DEBUG blacksilk_p2p::net::blocks] peer 1: block 16c2fbd912ac at height 436 received
[2026-09-29T22:59:11.949Z INFO  blacksilk_chain::manager::fork_choice] reorganization: disconnecting 1 block(s) above height 435
[2026-09-29T22:59:11.959Z INFO  blacksilk_chain::manager::fork_choice] mempool after the reorganization: Revalidation { checked: 0, invalid: 0, ring_changed: 0 }; returned transactions: Readmission { readmitted: 0, already_pooled: 0, other_rules: 0, conflicts: 0, invalid: 1, ring_changed: 0, no_room: 0, over_budget: 0 }; 0 beyond the readmission budget, not captured
[2026-09-29T22:59:11.965Z DEBUG blacksilk_p2p::net::headers] peer 1: 1 headers up to height 437 accepted (new: false)
[2026-09-29T22:59:11.985Z DEBUG blacksilk_p2p::net::headers] peer 4: 1 headers up to height 437 accepted (new: false)
[2026-09-29T22:59:12.267Z DEBUG blacksilk_p2p::net::headers] peer 2: 1 headers up to height 437 accepted (new: false)
[2026-09-29T22:59:21.854Z DEBUG blacksilk_p2p::net::headers] peer 3: 1 headers up to height 438 accepted (new: true)
[2026-09-29T22:59:21.933Z DEBUG blacksilk_p2p::net::blocks] peer 3: block 49d5f0c3113c at height 438 received
[2026-09-29T22:59:22.039Z DEBUG blacksilk_p2p::net::headers] peer 4: 1 headers up to height 438 accepted (new: false)
[2026-09-29T22:59:22.054Z DEBUG blacksilk_p2p::net::headers] peer 2: 1 headers up to height 438 accepted (new: false)
[2026-09-29T22:59:22.201Z DEBUG blacksilk_p2p::net::headers] peer 1: 1 headers up to height 438 accepted (new: false)
[2026-09-29T22:59:27.596Z DEBUG blacksilk_p2p::net::headers] peer 3: 1 headers up to height 439 accepted (new: true)
[2026-09-29T22:59:27.680Z DEBUG blacksilk_p2p::net::blocks] peer 3: block 115807524d43 at height 439 received
[2026-09-29T22:59:27.824Z DEBUG blacksilk_p2p::net::headers] peer 4: 1 headers up to height 439 accepted (new: false)
[2026-09-29T22:59:30.289Z DEBUG blacksilk_p2p::net::headers] peer 3: 1 headers up to height 440 accepted (new: true)
[2026-09-29T22:59:30.359Z DEBUG blacksilk_p2p::net::blocks] peer 3: block d05284e3bb00 at height 440 received
[2026-09-29T22:59:38.200Z DEBUG blacksilk_p2p::net::headers] peer 4: 1 headers up to height 441 accepted (new: true)
[2026-09-29T22:59:38.277Z DEBUG blacksilk_p2p::net::blocks] peer 4: block 25797a767583 at height 441 received
[2026-09-29T22:59:38.456Z DEBUG blacksilk_p2p::net::headers] peer 1: 1 headers up to height 441 accepted (new: false)
[2026-09-29T22:59:38.558Z DEBUG blacksilk_p2p::net::headers] peer 3: 1 headers up to height 441 accepted (new: false)
[2026-09-29T22:59:49.222Z DEBUG blacksilk_p2p::net::headers] peer 3: 1 headers up to height 442 accepted (new: true)
[2026-09-29T22:59:49.304Z DEBUG blacksilk_p2p::net::blocks] peer 3: block c69d55b9a195 at height 442 received
[2026-09-29T22:59:49.425Z DEBUG blacksilk_p2p::net::headers] peer 2: 1 headers up to height 442 accepted (new: false)
[2026-09-29T22:59:49.425Z DEBUG blacksilk_p2p::net::headers] peer 4: 1 headers up to height 442 accepted (new: false)
[2026-09-29T22:59:49.451Z DEBUG blacksilk_p2p::net::headers] peer 1: 1 headers up to height 442 accepted (new: false)
[2026-09-29T23:00:12.892Z DEBUG blacksilk_p2p::net::headers] peer 3: 1 headers up to height 443 accepted (new: true)
[2026-09-29T23:00:12.968Z DEBUG blacksilk_p2p::net::blocks] peer 3: block 9aa86dbb054d at height 443 received
[2026-09-29T23:00:19.570Z DEBUG blacksilk_p2p::net::headers] peer 4: 1 headers up to height 444 accepted (new: true)
[2026-09-29T23:00:19.631Z DEBUG blacksilk_p2p::net::blocks] peer 4: block 6daeeba6d076 at height 444 received
[2026-09-29T23:00:19.786Z DEBUG blacksilk_p2p::net::headers] peer 1: 1 headers up to height 444 accepted (new: false)
[2026-09-29T23:00:46.916Z DEBUG blacksilk_p2p::net::stem] stem tx 12dcd8eaa677 -> peer 3
[2026-09-29T23:00:47.867Z DEBUG blacksilk_p2p::net::headers] peer 4: 1 headers up to height 445 accepted (new: true)
[2026-09-29T23:00:47.928Z DEBUG blacksilk_p2p::net::blocks] peer 4: block 62b6bc832f4b at height 445 received
[2026-09-29T23:00:48.065Z DEBUG blacksilk_p2p::net::headers] peer 3: 1 headers up to height 445 accepted (new: false)
[2026-09-29T23:00:48.135Z DEBUG blacksilk_p2p::net::headers] peer 2: 1 headers up to height 445 accepted (new: false)
[2026-09-29T23:00:48.213Z DEBUG blacksilk_p2p::net::headers] peer 1: 1 headers up to height 445 accepted (new: false)
[2026-09-29T23:00:52.924Z DEBUG blacksilk_p2p::net::headers] peer 3: 1 headers up to height 446 accepted (new: true)
[2026-09-29T23:00:53.003Z DEBUG blacksilk_p2p::net::blocks] peer 3: block 261204d5a73c at height 446 received
[2026-09-29T23:00:53.163Z DEBUG blacksilk_p2p::net::headers] peer 2: 1 headers up to height 446 accepted (new: false)
[2026-09-29T23:00:53.163Z DEBUG blacksilk_p2p::net::headers] peer 4: 1 headers up to height 446 accepted (new: false)
[2026-09-29T23:00:55.045Z DEBUG blacksilk_p2p::net::headers] peer 3: 1 headers up to height 447 accepted (new: true)
[2026-09-29T23:00:55.104Z DEBUG blacksilk_p2p::net::blocks] peer 3: block 0dfe4bfb13f1 at height 447 received
[2026-09-29T23:00:55.267Z DEBUG blacksilk_p2p::net::headers] peer 4: 1 headers up to height 447 accepted (new: false)
[2026-09-29T23:00:55.267Z DEBUG blacksilk_p2p::net::headers] peer 2: 1 headers up to height 447 accepted (new: false)
[2026-09-29T23:00:58.909Z DEBUG blacksilk_p2p::net::maintenance] embargo expired for 12dcd8eaa677
[2026-09-29T23:00:58.913Z DEBUG blacksilk_p2p::net::stem] fluff tx 12dcd8eaa677
[2026-09-29T23:01:07.123Z DEBUG blacksilk_p2p::net::stem] stem tx 6c81949a80f2 -> peer 3
[2026-09-29T23:01:16.641Z DEBUG blacksilk_p2p::net::headers] peer 4: 1 headers up to height 448 accepted (new: true)
[2026-09-29T23:01:16.708Z DEBUG blacksilk_p2p::net::blocks] peer 4: block bbcded829235 at height 448 received
[2026-09-29T23:01:16.809Z DEBUG blacksilk_p2p::net::headers] peer 2: 1 headers up to height 448 accepted (new: false)
[2026-09-29T23:01:22.528Z DEBUG blacksilk_p2p::net::maintenance] embargo expired for 6c81949a80f2
[2026-09-29T23:01:22.534Z DEBUG blacksilk_p2p::net::stem] fluff tx 6c81949a80f2
[2026-09-29T23:01:28.904Z DEBUG blacksilk_p2p::net::headers] peer 3: 1 headers up to height 449 accepted (new: true)
[2026-09-29T23:01:28.965Z DEBUG blacksilk_p2p::net::blocks] peer 3: block c24a7149ff79 at height 449 received
[2026-09-29T23:01:29.102Z DEBUG blacksilk_p2p::net::headers] peer 1: 1 headers up to height 449 accepted (new: false)
[2026-09-29T23:01:29.143Z DEBUG blacksilk_p2p::net::headers] peer 2: 1 headers up to height 449 accepted (new: false)
[2026-09-29T23:01:29.207Z DEBUG blacksilk_p2p::net::headers] peer 4: 1 headers up to height 449 accepted (new: false)
[2026-09-29T23:01:47.263Z DEBUG blacksilk_p2p::net::stem] stem tx 6ec4f95c04c9 -> peer 3
[2026-09-29T23:01:48.044Z DEBUG blacksilk_p2p::net::headers] peer 3: 1 headers up to height 450 accepted (new: true)
[2026-09-29T23:01:48.127Z DEBUG blacksilk_p2p::net::blocks] peer 3: block 7ec33d0f8d43 at height 450 received
[2026-09-29T23:01:48.658Z DEBUG blacksilk_p2p::net::headers] peer 4: 1 headers up to height 450 accepted (new: true)
[2026-09-29T23:01:48.658Z DEBUG blacksilk_p2p::net::headers] peer 1: 1 headers up to height 450 accepted (new: false)
[2026-09-29T23:01:48.658Z DEBUG blacksilk_p2p::net::headers] peer 2: 1 headers up to height 450 accepted (new: false)
[2026-09-29T23:01:49.766Z DEBUG blacksilk_p2p::net::headers] peer 3: 1 headers up to height 451 accepted (new: true)
[2026-09-29T23:01:49.826Z DEBUG blacksilk_p2p::net::blocks] peer 3: block 415a4af16859 at height 451 received
[2026-09-29T23:01:49.904Z DEBUG blacksilk_p2p::net::headers] peer 1: 1 headers up to height 451 accepted (new: false)
[2026-09-29T23:01:49.925Z DEBUG blacksilk_p2p::net::headers] peer 4: 1 headers up to height 451 accepted (new: false)
[2026-09-29T23:01:49.985Z DEBUG blacksilk_p2p::net::headers] peer 2: 1 headers up to height 451 accepted (new: false)
[2026-09-29T23:01:55.286Z DEBUG blacksilk_p2p::net::headers] peer 4: 1 headers up to height 452 accepted (new: true)
[2026-09-29T23:01:55.343Z DEBUG blacksilk_p2p::net::blocks] peer 4: block 12a3f20d471a at height 452 received
[2026-09-29T23:01:55.467Z DEBUG blacksilk_p2p::net::headers] peer 3: 1 headers up to height 452 accepted (new: false)
[2026-09-29T23:01:55.504Z DEBUG blacksilk_p2p::net::headers] peer 2: 1 headers up to height 452 accepted (new: false)
[2026-09-29T23:02:02.646Z DEBUG blacksilk_p2p::net::headers] peer 4: 1 headers up to height 453 accepted (new: true)
[2026-09-29T23:02:02.727Z DEBUG blacksilk_p2p::net::blocks] peer 4: block 821f7fed617c at height 453 received
[2026-09-29T23:02:02.786Z DEBUG blacksilk_p2p::net::headers] peer 1: 1 headers up to height 453 accepted (new: false)
[2026-09-29T23:02:02.786Z DEBUG blacksilk_p2p::net::headers] peer 3: 1 headers up to height 453 accepted (new: false)
[2026-09-29T23:02:02.884Z DEBUG blacksilk_p2p::net::headers] peer 2: 1 headers up to height 453 accepted (new: false)
[2026-09-29T23:02:03.988Z DEBUG blacksilk_p2p::net::headers] peer 4: 1 headers up to height 454 accepted (new: true)
[2026-09-29T23:02:04.066Z DEBUG blacksilk_p2p::net::blocks] peer 4: block 274059fedda8 at height 454 received
[2026-09-29T23:02:04.108Z DEBUG blacksilk_p2p::net::headers] peer 3: 1 headers up to height 454 accepted (new: false)
[2026-09-29T23:02:04.142Z DEBUG blacksilk_p2p::net::headers] peer 1: 1 headers up to height 454 accepted (new: false)
[2026-09-29T23:02:04.231Z DEBUG blacksilk_p2p::net::headers] peer 2: 1 headers up to height 454 accepted (new: false)
[2026-09-29T23:02:07.390Z DEBUG blacksilk_p2p::net::headers] peer 3: 1 headers up to height 455 accepted (new: true)
[2026-09-29T23:02:07.448Z DEBUG blacksilk_p2p::net::blocks] peer 3: block 752d972d5b12 at height 455 received
[2026-09-29T23:02:07.458Z DEBUG blacksilk_p2p::net::stem] stem tx c589dad3cf0e -> peer 3
[2026-09-29T23:02:07.542Z DEBUG blacksilk_p2p::net::headers] peer 4: 1 headers up to height 455 accepted (new: false)
[2026-09-29T23:02:07.589Z DEBUG blacksilk_p2p::net::headers] peer 1: 1 headers up to height 455 accepted (new: false)
[2026-09-29T23:02:07.670Z DEBUG blacksilk_p2p::net::headers] peer 2: 1 headers up to height 455 accepted (new: false)
[2026-09-29T23:02:24.140Z DEBUG blacksilk_p2p::net::headers] peer 3: 1 headers up to height 456 accepted (new: true)
[2026-09-29T23:02:24.211Z DEBUG blacksilk_p2p::net::blocks] peer 3: block 0a8c252d13e2 at height 456 received
[2026-09-29T23:02:24.258Z DEBUG blacksilk_p2p::net::headers] peer 2: 1 headers up to height 456 accepted (new: false)
[2026-09-29T23:02:27.161Z DEBUG blacksilk_p2p::net::headers] peer 4: 1 headers up to height 457 accepted (new: true)
[2026-09-29T23:02:27.243Z DEBUG blacksilk_p2p::net::blocks] peer 4: block 57a70d784821 at height 457 received
[2026-09-29T23:02:27.318Z DEBUG blacksilk_p2p::net::headers] peer 1: 1 headers up to height 457 accepted (new: false)
[2026-09-29T23:02:27.402Z DEBUG blacksilk_p2p::net::headers] peer 2: 1 headers up to height 457 accepted (new: false)
[2026-09-29T23:02:27.445Z DEBUG blacksilk_p2p::net::headers] peer 3: 1 headers up to height 457 accepted (new: false)
[2026-09-29T23:02:27.451Z DEBUG blacksilk_p2p::net::stem] stem tx 34d1db9c61d8 -> peer 3
[2026-09-29T23:02:47.484Z DEBUG blacksilk_p2p::net::stem] stem tx c0ade1c47507 -> peer 3
[2026-09-29T23:02:55.477Z DEBUG blacksilk_p2p::net::headers] peer 4: 1 headers up to height 458 accepted (new: true)
[2026-09-29T23:02:55.560Z DEBUG blacksilk_p2p::net::blocks] peer 4: block c159ccdb9214 at height 458 received
[2026-09-29T23:02:59.911Z DEBUG blacksilk_p2p::net::headers] peer 3: 1 headers up to height 459 accepted (new: true)
[2026-09-29T23:02:59.987Z DEBUG blacksilk_p2p::net::blocks] peer 3: block c944d3ec48dc at height 459 received
[2026-09-29T23:03:00.063Z DEBUG blacksilk_p2p::net::headers] peer 2: 1 headers up to height 459 accepted (new: false)
[2026-09-29T23:03:07.578Z DEBUG blacksilk_p2p::net::stem] stem tx 172d57612d95 -> peer 3
[2026-09-29T23:03:15.050Z DEBUG blacksilk_p2p::net::headers] peer 3: 1 headers up to height 460 accepted (new: true)
[2026-09-29T23:03:15.117Z DEBUG blacksilk_p2p::net::blocks] peer 3: block 8a1ed3d647f6 at height 460 received
[2026-09-29T23:03:15.320Z DEBUG blacksilk_p2p::net::headers] peer 1: 1 headers up to height 460 accepted (new: false)
[2026-09-29T23:03:15.338Z DEBUG blacksilk_p2p::net::headers] peer 2: 1 headers up to height 460 accepted (new: false)
[2026-09-29T23:03:25.852Z DEBUG blacksilk_p2p::net::headers] peer 4: 1 headers up to height 461 accepted (new: true)
[2026-09-29T23:03:25.924Z DEBUG blacksilk_p2p::net::blocks] peer 4: block 4bd0fa978bc7 at height 461 received
[2026-09-29T23:03:26.088Z DEBUG blacksilk_p2p::net::headers] peer 1: 1 headers up to height 461 accepted (new: false)
[2026-09-29T23:03:26.111Z DEBUG blacksilk_p2p::net::headers] peer 2: 1 headers up to height 461 accepted (new: false)
[2026-09-29T23:03:26.212Z DEBUG blacksilk_p2p::net::headers] peer 3: 1 headers up to height 461 accepted (new: false)
[2026-09-29T23:03:27.695Z DEBUG blacksilk_p2p::net::stem] stem tx bb230e4e7c8c -> peer 3
[2026-09-29T23:03:32.653Z DEBUG blacksilk_p2p::net::headers] peer 4: 1 headers up to height 462 accepted (new: true)
[2026-09-29T23:03:32.725Z DEBUG blacksilk_p2p::net::blocks] peer 4: block f6b5470f0577 at height 462 received
[2026-09-29T23:03:32.765Z DEBUG blacksilk_p2p::net::headers] peer 3: 1 headers up to height 462 accepted (new: false)
[2026-09-29T23:03:32.887Z DEBUG blacksilk_p2p::net::headers] peer 1: 1 headers up to height 462 accepted (new: false)
[2026-09-29T23:03:32.967Z DEBUG blacksilk_p2p::net::headers] peer 2: 1 headers up to height 462 accepted (new: false)
[2026-09-29T23:03:37.143Z DEBUG blacksilk_p2p::net::headers] peer 4: 1 headers up to height 463 accepted (new: true)
[2026-09-29T23:03:37.203Z DEBUG blacksilk_p2p::net::blocks] peer 4: block 1ab477aad596 at height 463 received
[2026-09-29T23:03:37.362Z DEBUG blacksilk_p2p::net::headers] peer 1: 1 headers up to height 463 accepted (new: false)
[2026-09-29T23:03:37.424Z DEBUG blacksilk_p2p::net::headers] peer 2: 1 headers up to height 463 accepted (new: false)
[2026-09-29T23:03:37.504Z DEBUG blacksilk_p2p::net::headers] peer 3: 1 headers up to height 463 accepted (new: false)
[2026-09-29T23:03:38.749Z DEBUG blacksilk_p2p::net::maintenance] embargo expired for 172d57612d95
[2026-09-29T23:03:38.754Z DEBUG blacksilk_p2p::net::stem] fluff tx 172d57612d95
[2026-09-29T23:03:39.517Z DEBUG blacksilk_p2p::net::headers] peer 3: 1 headers up to height 464 accepted (new: true)
[2026-09-29T23:03:39.605Z DEBUG blacksilk_p2p::net::blocks] peer 3: block e0f0562be4ab at height 464 received
[2026-09-29T23:03:39.727Z DEBUG blacksilk_p2p::net::headers] peer 1: 1 headers up to height 464 accepted (new: false)
[2026-09-29T23:03:39.808Z DEBUG blacksilk_p2p::net::headers] peer 2: 1 headers up to height 464 accepted (new: false)
[2026-09-29T23:03:47.852Z DEBUG blacksilk_p2p::net::stem] stem tx 531503eb4973 -> peer 3
[2026-09-29T23:03:58.935Z DEBUG blacksilk_p2p::net::headers] peer 3: 1 headers up to height 465 accepted (new: true)
[2026-09-29T23:03:59.009Z DEBUG blacksilk_p2p::net::blocks] peer 3: block cde02243aed8 at height 465 received
[2026-09-29T23:03:59.138Z DEBUG blacksilk_p2p::net::headers] peer 4: 1 headers up to height 465 accepted (new: false)
[2026-09-29T23:03:59.213Z DEBUG blacksilk_p2p::net::headers] peer 1: 1 headers up to height 465 accepted (new: false)
[2026-09-29T23:03:59.282Z DEBUG blacksilk_p2p::net::headers] peer 2: 1 headers up to height 465 accepted (new: false)
[2026-09-29T23:04:07.828Z DEBUG blacksilk_p2p::net::stem] stem tx eea43e3c2375 -> peer 3
[2026-09-29T23:04:23.711Z DEBUG blacksilk_p2p::net::headers] peer 4: 1 headers up to height 466 accepted (new: true)
[2026-09-29T23:04:23.787Z DEBUG blacksilk_p2p::net::blocks] peer 4: block d4ca322300b4 at height 466 received
[2026-09-29T23:04:23.989Z DEBUG blacksilk_p2p::net::headers] peer 1: 1 headers up to height 466 accepted (new: false)
[2026-09-29T23:04:23.989Z DEBUG blacksilk_p2p::net::headers] peer 2: 1 headers up to height 466 accepted (new: false)
[2026-09-29T23:04:24.045Z DEBUG blacksilk_p2p::net::headers] peer 3: 1 headers up to height 466 accepted (new: false)
[2026-09-29T23:04:27.922Z DEBUG blacksilk_p2p::net::stem] stem tx aec6efa8052d -> peer 2
[2026-09-29T23:04:32.693Z DEBUG blacksilk_p2p::net::headers] peer 4: 1 headers up to height 467 accepted (new: true)
[2026-09-29T23:04:32.770Z DEBUG blacksilk_p2p::net::blocks] peer 4: block 4666e415a663 at height 467 received
[2026-09-29T23:04:32.933Z DEBUG blacksilk_p2p::net::headers] peer 1: 1 headers up to height 467 accepted (new: false)
[2026-09-29T23:04:32.996Z DEBUG blacksilk_p2p::net::headers] peer 2: 1 headers up to height 467 accepted (new: false)
[2026-09-29T23:04:40.575Z DEBUG blacksilk_p2p::net::headers] peer 4: 1 headers up to height 468 accepted (new: true)
[2026-09-29T23:04:40.643Z DEBUG blacksilk_p2p::net::blocks] peer 4: block 2e59b11054d6 at height 468 received
[2026-09-29T23:04:40.700Z DEBUG blacksilk_p2p::net::headers] peer 3: 1 headers up to height 468 accepted (new: false)
[2026-09-29T23:04:40.786Z DEBUG blacksilk_p2p::net::headers] peer 1: 1 headers up to height 468 accepted (new: false)
[2026-09-29T23:04:40.904Z DEBUG blacksilk_p2p::net::headers] peer 2: 1 headers up to height 468 accepted (new: false)
[2026-09-29T23:04:41.105Z DEBUG blacksilk_p2p::net::maintenance] embargo expired for aec6efa8052d
[2026-09-29T23:04:41.109Z DEBUG blacksilk_p2p::net::stem] fluff tx aec6efa8052d
[2026-09-29T23:04:46.381Z DEBUG blacksilk_p2p::net::headers] peer 3: 1 headers up to height 469 accepted (new: true)
[2026-09-29T23:04:46.462Z DEBUG blacksilk_p2p::net::blocks] peer 3: block 89c87c69e37b at height 469 received
[2026-09-29T23:04:46.668Z DEBUG blacksilk_p2p::net::headers] peer 1: 1 headers up to height 469 accepted (new: false)
[2026-09-29T23:04:46.729Z DEBUG blacksilk_p2p::net::headers] peer 4: 1 headers up to height 469 accepted (new: false)
[2026-09-29T23:04:46.729Z DEBUG blacksilk_p2p::net::headers] peer 2: 1 headers up to height 469 accepted (new: false)
[2026-09-29T23:04:48.034Z DEBUG blacksilk_p2p::net::stem] stem tx 51b1caf2511e -> peer 2
[2026-09-29T23:04:53.186Z DEBUG blacksilk_p2p::net::headers] peer 4: 1 headers up to height 470 accepted (new: true)
[2026-09-29T23:04:53.259Z DEBUG blacksilk_p2p::net::blocks] peer 4: block ccebcc1e7c89 at height 470 received
[2026-09-29T23:04:53.346Z DEBUG blacksilk_p2p::net::headers] peer 2: 1 headers up to height 470 accepted (new: false)
[2026-09-29T23:04:53.366Z DEBUG blacksilk_p2p::net::headers] peer 3: 1 headers up to height 470 accepted (new: false)
[2026-09-29T23:04:53.483Z DEBUG blacksilk_p2p::net::headers] peer 1: 1 headers up to height 470 accepted (new: false)
[2026-09-29T23:05:00.845Z DEBUG blacksilk_p2p::net::headers] peer 4: 1 headers up to height 471 accepted (new: true)
[2026-09-29T23:05:00.923Z DEBUG blacksilk_p2p::net::blocks] peer 4: block 0f2abd189e9c at height 471 received
[2026-09-29T23:05:01.000Z DEBUG blacksilk_p2p::net::headers] peer 2: 1 headers up to height 471 accepted (new: false)
[2026-09-29T23:05:01.020Z DEBUG blacksilk_p2p::net::headers] peer 3: 1 headers up to height 471 accepted (new: false)
[2026-09-29T23:05:06.923Z DEBUG blacksilk_p2p::net::headers] peer 4: 1 headers up to height 472 accepted (new: true)
[2026-09-29T23:05:07.004Z DEBUG blacksilk_p2p::net::blocks] peer 4: block a528b9d96250 at height 472 received
[2026-09-29T23:05:07.060Z DEBUG blacksilk_p2p::net::headers] peer 2: 1 headers up to height 472 accepted (new: false)
[2026-09-29T23:05:07.061Z DEBUG blacksilk_p2p::net::headers] peer 3: 1 headers up to height 472 accepted (new: false)
[2026-09-29T23:05:07.962Z DEBUG blacksilk_p2p::net::stem] stem tx f085139750ad -> peer 2
[2026-09-29T23:05:27.789Z DEBUG blacksilk_p2p::net::headers] peer 4: 1 headers up to height 473 accepted (new: true)
[2026-09-29T23:05:27.848Z DEBUG blacksilk_p2p::net::blocks] peer 4: block e4fdeeb9f012 at height 473 received
[2026-09-29T23:05:27.909Z DEBUG blacksilk_p2p::net::headers] peer 3: 1 headers up to height 473 accepted (new: false)
[2026-09-29T23:05:27.985Z DEBUG blacksilk_p2p::net::stem] stem tx 4168a9aff884 -> peer 2
[2026-09-29T23:05:28.063Z DEBUG blacksilk_p2p::net::headers] peer 1: 1 headers up to height 473 accepted (new: false)
[2026-09-29T23:05:29.102Z DEBUG blacksilk_p2p::net::headers] peer 4: 1 headers up to height 474 accepted (new: true)
[2026-09-29T23:05:29.158Z DEBUG blacksilk_p2p::net::blocks] peer 4: block fb6f50a86e0e at height 474 received
[2026-09-29T23:05:29.240Z DEBUG blacksilk_p2p::net::headers] peer 3: 1 headers up to height 474 accepted (new: false)
[2026-09-29T23:05:29.407Z DEBUG blacksilk_p2p::net::headers] peer 1: 1 headers up to height 474 accepted (new: false)
[2026-09-29T23:05:29.486Z DEBUG blacksilk_p2p::net::headers] peer 2: 1 headers up to height 474 accepted (new: false)
[2026-09-29T23:05:48.115Z DEBUG blacksilk_p2p::net::stem] stem tx c9055ca11bf9 -> peer 2
[2026-09-29T23:06:08.195Z DEBUG blacksilk_p2p::net::stem] stem tx 70caf69eaaa9 -> peer 2
[2026-09-29T23:06:09.192Z DEBUG blacksilk_p2p::net::headers] peer 4: 1 headers up to height 475 accepted (new: true)
[2026-09-29T23:06:09.271Z DEBUG blacksilk_p2p::net::blocks] peer 4: block b99d2a84e4c0 at height 475 received
[2026-09-29T23:06:09.352Z DEBUG blacksilk_p2p::net::headers] peer 1: 1 headers up to height 475 accepted (new: false)
[2026-09-29T23:06:09.373Z DEBUG blacksilk_p2p::net::headers] peer 3: 1 headers up to height 475 accepted (new: false)
[2026-09-29T23:06:12.486Z DEBUG blacksilk_p2p::net::headers] peer 4: 1 headers up to height 476 accepted (new: true)
[2026-09-29T23:06:12.566Z DEBUG blacksilk_p2p::net::blocks] peer 4: block 366a7d1a5aa3 at height 476 received
[2026-09-29T23:06:12.822Z DEBUG blacksilk_p2p::net::headers] peer 3: 1 headers up to height 476 accepted (new: false)
[2026-09-29T23:06:12.859Z DEBUG blacksilk_p2p::net::headers] peer 2: 1 headers up to height 476 accepted (new: false)
[2026-09-29T23:06:31.144Z DEBUG blacksilk_p2p::net::headers] peer 3: 1 headers up to height 477 accepted (new: true)
[2026-09-29T23:06:31.211Z DEBUG blacksilk_p2p::net::blocks] peer 3: block 63a563986aca at height 477 received
[2026-09-29T23:06:31.289Z DEBUG blacksilk_p2p::net::headers] peer 4: 1 headers up to height 477 accepted (new: false)
[2026-09-29T23:06:31.289Z DEBUG blacksilk_p2p::net::headers] peer 2: 1 headers up to height 477 accepted (new: false)
[2026-09-29T23:06:31.491Z DEBUG blacksilk_p2p::net::headers] peer 1: 1 headers up to height 477 accepted (new: false)
[2026-09-29T23:06:36.717Z DEBUG blacksilk_p2p::net::headers] peer 3: 1 headers up to height 478 accepted (new: true)
[2026-09-29T23:06:36.788Z DEBUG blacksilk_p2p::net::blocks] peer 3: block 4261345acedf at height 478 received
[2026-09-29T23:06:36.813Z DEBUG blacksilk_p2p::net::headers] peer 4: 1 headers up to height 478 accepted (new: false)
[2026-09-29T23:06:36.828Z DEBUG blacksilk_p2p::net::headers] peer 2: 1 headers up to height 478 accepted (new: false)
[2026-09-29T23:06:37.052Z DEBUG blacksilk_p2p::net::headers] peer 1: 1 headers up to height 478 accepted (new: false)
[2026-09-29T23:06:48.646Z DEBUG blacksilk_p2p::net::headers] peer 3: 1 headers up to height 479 accepted (new: true)
[2026-09-29T23:06:48.719Z DEBUG blacksilk_p2p::net::blocks] peer 3: block a936ed52cf9c at height 479 received
[2026-09-29T23:06:48.762Z DEBUG blacksilk_p2p::net::headers] peer 2: 1 headers up to height 479 accepted (new: false)
[2026-09-29T23:06:48.824Z DEBUG blacksilk_p2p::net::headers] peer 1: 1 headers up to height 479 accepted (new: false)
[2026-09-29T23:06:49.132Z DEBUG blacksilk_p2p::net::headers] peer 4: 1 headers up to height 479 accepted (new: false)
[2026-09-29T23:06:50.592Z DEBUG blacksilk_p2p::net::stem] stem tx babab1e0324f -> peer 2
[2026-09-29T23:06:54.266Z DEBUG blacksilk_p2p::net::headers] peer 4: 1 headers up to height 480 accepted (new: true)
[2026-09-29T23:06:54.337Z DEBUG blacksilk_p2p::net::blocks] peer 4: block 61b9c31a2f3f at height 480 received
[2026-09-29T23:06:54.593Z DEBUG blacksilk_p2p::net::headers] peer 2: 1 headers up to height 480 accepted (new: false)
[2026-09-29T23:06:54.636Z DEBUG blacksilk_p2p::net::headers] peer 1: 1 headers up to height 480 accepted (new: false)
[2026-09-29T23:07:10.800Z DEBUG blacksilk_p2p::net::stem] stem tx 6b2904cb5af8 -> peer 2
[2026-09-29T23:07:17.360Z DEBUG blacksilk_p2p::net::headers] peer 4: 1 headers up to height 481 accepted (new: true)
[2026-09-29T23:07:17.436Z DEBUG blacksilk_p2p::net::blocks] peer 4: block d7fac813f864 at height 481 received
[2026-09-29T23:07:17.526Z DEBUG blacksilk_p2p::net::headers] peer 1: 1 headers up to height 481 accepted (new: false)
[2026-09-29T23:07:30.773Z DEBUG blacksilk_p2p::net::stem] stem tx d7209cab5009 -> peer 2
[2026-09-29T23:07:32.419Z DEBUG blacksilk_p2p::net::headers] peer 4: 1 headers up to height 482 accepted (new: true)
[2026-09-29T23:07:32.493Z DEBUG blacksilk_p2p::net::blocks] peer 4: block 57d3d8ec3963 at height 482 received
[2026-09-29T23:07:32.516Z DEBUG blacksilk_p2p::net::headers] peer 1: 1 headers up to height 482 accepted (new: false)
[2026-09-29T23:07:32.670Z DEBUG blacksilk_p2p::net::headers] peer 3: 1 headers up to height 482 accepted (new: false)
[2026-09-29T23:07:32.692Z DEBUG blacksilk_p2p::net::headers] peer 2: 1 headers up to height 482 accepted (new: false)
[2026-09-29T23:07:39.390Z DEBUG blacksilk_p2p::net::headers] peer 3: 1 headers up to height 483 accepted (new: true)
[2026-09-29T23:07:39.453Z DEBUG blacksilk_p2p::net::blocks] peer 3: block 86473013abc1 at height 483 received
[2026-09-29T23:07:39.534Z DEBUG blacksilk_p2p::net::headers] peer 2: 1 headers up to height 483 accepted (new: false)
[2026-09-29T23:07:39.635Z DEBUG blacksilk_p2p::net::headers] peer 4: 1 headers up to height 483 accepted (new: false)
[2026-09-29T23:07:39.636Z DEBUG blacksilk_p2p::net::headers] peer 1: 1 headers up to height 483 accepted (new: false)
[2026-09-29T23:07:41.230Z DEBUG blacksilk_p2p::net::headers] peer 3: 1 headers up to height 484 accepted (new: true)
[2026-09-29T23:07:41.298Z DEBUG blacksilk_p2p::net::blocks] peer 3: block 4584886e99d4 at height 484 received
[2026-09-29T23:07:41.409Z DEBUG blacksilk_p2p::net::headers] peer 2: 1 headers up to height 484 accepted (new: false)
[2026-09-29T23:07:41.494Z DEBUG blacksilk_p2p::net::headers] peer 1: 1 headers up to height 484 accepted (new: false)
[2026-09-29T23:07:41.535Z DEBUG blacksilk_p2p::net::headers] peer 4: 1 headers up to height 484 accepted (new: false)
[2026-09-29T23:07:51.066Z DEBUG blacksilk_p2p::net::stem] stem tx 4e14d787c4ba -> peer 2
[2026-09-29T23:07:51.186Z DEBUG blacksilk_p2p::net::headers] peer 3: 1 headers up to height 485 accepted (new: true)
[2026-09-29T23:07:51.267Z DEBUG blacksilk_p2p::net::blocks] peer 3: block 908fadb31de0 at height 485 received
[2026-09-29T23:07:51.427Z DEBUG blacksilk_p2p::net::headers] peer 2: 1 headers up to height 485 accepted (new: false)
[2026-09-29T23:07:51.467Z DEBUG blacksilk_p2p::net::headers] peer 1: 1 headers up to height 485 accepted (new: false)
[2026-09-29T23:07:51.548Z DEBUG blacksilk_p2p::net::headers] peer 4: 1 headers up to height 485 accepted (new: false)
[2026-09-29T23:08:01.697Z DEBUG blacksilk_p2p::net::headers] peer 3: 1 headers up to height 486 accepted (new: true)
[2026-09-29T23:08:01.779Z DEBUG blacksilk_p2p::net::blocks] peer 3: block 87cb09332e21 at height 486 received
[2026-09-29T23:08:02.002Z DEBUG blacksilk_p2p::net::headers] peer 2: 1 headers up to height 486 accepted (new: false)
[2026-09-29T23:08:02.046Z DEBUG blacksilk_p2p::net::headers] peer 4: 1 headers up to height 486 accepted (new: false)
[2026-09-29T23:08:02.047Z DEBUG blacksilk_p2p::net::headers] peer 1: 1 headers up to height 486 accepted (new: false)
[2026-09-29T23:08:03.074Z DEBUG blacksilk_p2p::net::maintenance] embargo expired for d7209cab5009
[2026-09-29T23:08:03.078Z DEBUG blacksilk_p2p::net::stem] fluff tx d7209cab5009
[2026-09-29T23:08:09.478Z DEBUG blacksilk_p2p::net::headers] peer 4: 1 headers up to height 487 accepted (new: true)
[2026-09-29T23:08:09.543Z DEBUG blacksilk_p2p::net::blocks] peer 4: block 23b37a126809 at height 487 received
[2026-09-29T23:08:09.640Z DEBUG blacksilk_p2p::net::headers] peer 1: 1 headers up to height 487 accepted (new: false)
[2026-09-29T23:08:09.640Z DEBUG blacksilk_p2p::net::headers] peer 2: 1 headers up to height 487 accepted (new: false)
[2026-09-29T23:08:10.854Z DEBUG blacksilk_p2p::net::headers] peer 4: 1 headers up to height 488 accepted (new: true)
[2026-09-29T23:08:10.920Z DEBUG blacksilk_p2p::net::blocks] peer 4: block 96c4607e969f at height 488 received
[2026-09-29T23:08:10.958Z DEBUG blacksilk_p2p::net::headers] peer 1: 1 headers up to height 488 accepted (new: false)
[2026-09-29T23:08:11.096Z DEBUG blacksilk_p2p::net::headers] peer 3: 1 headers up to height 488 accepted (new: false)
[2026-09-29T23:08:11.228Z DEBUG blacksilk_p2p::net::stem] stem tx bb9e7ae97ef7 -> peer 2
[2026-09-29T23:08:31.389Z DEBUG blacksilk_p2p::net::stem] stem tx bac0f7e495f7 -> peer 2
[2026-09-29T23:08:31.554Z DEBUG blacksilk_p2p::net::headers] peer 3: 1 headers up to height 489 accepted (new: true)
[2026-09-29T23:08:31.636Z DEBUG blacksilk_p2p::net::blocks] peer 3: block efb0121e7299 at height 489 received
[2026-09-29T23:08:31.741Z DEBUG blacksilk_p2p::net::headers] peer 4: 1 headers up to height 489 accepted (new: false)
[2026-09-29T23:08:31.761Z DEBUG blacksilk_p2p::net::headers] peer 1: 1 headers up to height 489 accepted (new: false)
[2026-09-29T23:08:31.782Z DEBUG blacksilk_p2p::net::headers] peer 2: 1 headers up to height 489 accepted (new: false)
[2026-09-29T23:08:34.491Z DEBUG blacksilk_p2p::net::headers] peer 4: 1 headers up to height 490 accepted (new: true)
[2026-09-29T23:08:34.562Z DEBUG blacksilk_p2p::net::blocks] peer 4: block f0cf0a7b7649 at height 490 received
[2026-09-29T23:08:34.639Z DEBUG blacksilk_p2p::net::headers] peer 1: 1 headers up to height 490 accepted (new: false)
[2026-09-29T23:08:34.663Z DEBUG blacksilk_p2p::net::headers] peer 2: 1 headers up to height 490 accepted (new: false)
[2026-09-29T23:08:34.805Z DEBUG blacksilk_p2p::net::headers] peer 3: 1 headers up to height 490 accepted (new: false)
[2026-09-29T23:08:42.587Z DEBUG blacksilk_p2p::net::headers] peer 3: 1 headers up to height 491 accepted (new: true)
[2026-09-29T23:08:42.663Z DEBUG blacksilk_p2p::net::blocks] peer 3: block 9e17df43fa5a at height 491 received
[2026-09-29T23:08:42.785Z DEBUG blacksilk_p2p::net::headers] peer 1: 1 headers up to height 491 accepted (new: false)
[2026-09-29T23:08:44.555Z DEBUG blacksilk_p2p::net::maintenance] embargo expired for bac0f7e495f7
[2026-09-29T23:08:44.561Z DEBUG blacksilk_p2p::net::stem] fluff tx bac0f7e495f7
[2026-09-29T23:08:50.277Z DEBUG blacksilk_p2p::net::headers] peer 3: 1 headers up to height 492 accepted (new: true)
[2026-09-29T23:08:50.363Z DEBUG blacksilk_p2p::net::blocks] peer 3: block c1519e0f124a at height 492 received
[2026-09-29T23:08:50.425Z DEBUG blacksilk_p2p::net::headers] peer 4: 1 headers up to height 492 accepted (new: false)
[2026-09-29T23:08:50.426Z DEBUG blacksilk_p2p::net::headers] peer 1: 1 headers up to height 492 accepted (new: false)
[2026-09-29T23:08:50.441Z DEBUG blacksilk_p2p::net::headers] peer 2: 1 headers up to height 492 accepted (new: false)
[2026-09-29T23:08:51.362Z DEBUG blacksilk_p2p::net::stem] stem tx cf2d532e7e87 -> peer 2
[2026-09-29T23:08:58.943Z DEBUG blacksilk_p2p::net::headers] peer 3: 1 headers up to height 493 accepted (new: true)
[2026-09-29T23:08:59.022Z DEBUG blacksilk_p2p::net::blocks] peer 3: block 2b13a7c3f689 at height 493 received
[2026-09-29T23:08:59.102Z DEBUG blacksilk_p2p::net::headers] peer 4: 1 headers up to height 493 accepted (new: false)
[2026-09-29T23:08:59.102Z DEBUG blacksilk_p2p::net::headers] peer 2: 1 headers up to height 493 accepted (new: false)
[2026-09-29T23:08:59.121Z DEBUG blacksilk_p2p::net::headers] peer 1: 1 headers up to height 493 accepted (new: false)
[2026-09-29T23:09:02.155Z DEBUG blacksilk_p2p::net::headers] peer 4: 1 headers up to height 494 accepted (new: true)
[2026-09-29T23:09:02.227Z DEBUG blacksilk_p2p::net::blocks] peer 4: block 650058b6c86a at height 494 received
[2026-09-29T23:09:02.286Z DEBUG blacksilk_p2p::net::headers] peer 2: 1 headers up to height 494 accepted (new: false)
[2026-09-29T23:09:02.313Z DEBUG blacksilk_p2p::net::headers] peer 1: 1 headers up to height 494 accepted (new: false)
[2026-09-29T23:09:02.557Z DEBUG blacksilk_p2p::net::headers] peer 3: 1 headers up to height 494 accepted (new: false)
[2026-09-29T23:09:11.647Z DEBUG blacksilk_p2p::net::stem] stem tx 9a641110bfb3 -> peer 2
[2026-09-29T23:09:16.720Z DEBUG blacksilk_p2p::net::headers] peer 3: 1 headers up to height 495 accepted (new: true)
[2026-09-29T23:09:16.801Z DEBUG blacksilk_p2p::net::headers] peer 2: 1 headers up to height 495 accepted (new: false)
[2026-09-29T23:09:16.801Z DEBUG blacksilk_p2p::net::blocks] peer 3: block 788a6617da37 at height 495 received
[2026-09-29T23:09:16.841Z DEBUG blacksilk_p2p::net::headers] peer 4: 1 headers up to height 495 accepted (new: false)
[2026-09-29T23:09:16.841Z DEBUG blacksilk_p2p::net::headers] peer 1: 1 headers up to height 495 accepted (new: false)
[2026-09-29T23:09:20.608Z DEBUG blacksilk_p2p::net::headers] peer 3: 1 headers up to height 496 accepted (new: true)
[2026-09-29T23:09:20.694Z DEBUG blacksilk_p2p::net::blocks] peer 3: block 6c29c2d8035e at height 496 received
[2026-09-29T23:09:20.775Z DEBUG blacksilk_p2p::net::headers] peer 4: 1 headers up to height 496 accepted (new: false)
[2026-09-29T23:09:20.815Z DEBUG blacksilk_p2p::net::headers] peer 1: 1 headers up to height 496 accepted (new: false)
[2026-09-29T23:09:20.955Z DEBUG blacksilk_p2p::net::headers] peer 2: 1 headers up to height 496 accepted (new: false)
[2026-09-29T23:09:27.241Z DEBUG blacksilk_p2p::net::maintenance] embargo expired for 9a641110bfb3
[2026-09-29T23:09:27.244Z DEBUG blacksilk_p2p::net::stem] fluff tx 9a641110bfb3
[2026-09-29T23:09:31.722Z DEBUG blacksilk_p2p::net::stem] stem tx aa7dd8c415b6 -> peer 2
[2026-09-29T23:09:35.981Z DEBUG blacksilk_p2p::net::headers] peer 4: 1 headers up to height 497 accepted (new: true)
[2026-09-29T23:09:36.047Z DEBUG blacksilk_p2p::net::blocks] peer 4: block b7bcb02be4c9 at height 497 received
[2026-09-29T23:09:36.201Z DEBUG blacksilk_p2p::net::headers] peer 2: 1 headers up to height 497 accepted (new: false)
[2026-09-29T23:09:50.379Z DEBUG blacksilk_p2p::net::headers] peer 3: 1 headers up to height 498 accepted (new: true)
[2026-09-29T23:09:50.447Z DEBUG blacksilk_p2p::net::blocks] peer 3: block e6b9ec16429b at height 498 received
[2026-09-29T23:09:50.534Z DEBUG blacksilk_p2p::net::headers] peer 4: 1 headers up to height 498 accepted (new: false)
[2026-09-29T23:09:50.579Z DEBUG blacksilk_p2p::net::headers] peer 1: 1 headers up to height 498 accepted (new: false)
[2026-09-29T23:09:50.659Z DEBUG blacksilk_p2p::net::headers] peer 2: 1 headers up to height 498 accepted (new: false)
[2026-09-29T23:09:51.710Z DEBUG blacksilk_p2p::net::stem] stem tx 3d83dbb92c9f -> peer 2
[2026-09-29T23:09:54.073Z DEBUG blacksilk_p2p::net::headers] peer 4: 1 headers up to height 499 accepted (new: true)
[2026-09-29T23:09:54.151Z DEBUG blacksilk_p2p::net::blocks] peer 4: block 83312586edb9 at height 499 received
[2026-09-29T23:09:54.270Z DEBUG blacksilk_p2p::net::headers] peer 1: 1 headers up to height 499 accepted (new: false)
[2026-09-29T23:09:54.372Z DEBUG blacksilk_p2p::net::headers] peer 2: 1 headers up to height 499 accepted (new: false)
[2026-09-29T23:09:54.410Z DEBUG blacksilk_p2p::net::headers] peer 3: 1 headers up to height 499 accepted (new: false)
[2026-09-29T23:09:58.617Z DEBUG blacksilk_p2p::net::headers] peer 4: 1 headers up to height 500 accepted (new: true)
[2026-09-29T23:09:58.682Z DEBUG blacksilk_p2p::net::blocks] peer 4: block 4cc4e6f373d6 at height 500 received
[2026-09-29T23:09:58.872Z DEBUG blacksilk_p2p::net::headers] peer 3: 1 headers up to height 500 accepted (new: false)
[2026-09-29T23:09:58.872Z DEBUG blacksilk_p2p::net::headers] peer 2: 1 headers up to height 500 accepted (new: false)
[2026-09-29T23:10:01.051Z DEBUG blacksilk_p2p::net::headers] peer 4: 1 headers up to height 501 accepted (new: true)
[2026-09-29T23:10:01.122Z DEBUG blacksilk_p2p::net::blocks] peer 4: block 413195035cc3 at height 501 received
[2026-09-29T23:10:01.876Z DEBUG blacksilk_p2p::net::headers] peer 3: 1 headers up to height 501 accepted (new: true)
[2026-09-29T23:10:01.876Z DEBUG blacksilk_p2p::net::headers] peer 2: 1 headers up to height 501 accepted (new: false)
[2026-09-29T23:10:01.876Z DEBUG blacksilk_p2p::net::headers] peer 1: 1 headers up to height 501 accepted (new: false)
[2026-09-29T23:10:03.446Z DEBUG blacksilk_p2p::net::headers] peer 3: 1 headers up to height 502 accepted (new: true)
[2026-09-29T23:10:03.513Z DEBUG blacksilk_p2p::net::blocks] peer 3: block 491e6ea9a536 at height 501 received
[2026-09-29T23:10:03.513Z DEBUG blacksilk_p2p::net::blocks] peer 3: block 840f3fb297d7 at height 502 received
[2026-09-29T23:10:03.526Z INFO  blacksilk_chain::manager::fork_choice] reorganization: disconnecting 1 block(s) above height 500
[2026-09-29T23:10:03.527Z INFO  blacksilk_chain::manager::fork_choice] mempool after the reorganization: Revalidation { checked: 0, invalid: 0, ring_changed: 0 }; returned transactions: Readmission { readmitted: 0, already_pooled: 0, other_rules: 0, conflicts: 0, invalid: 0, ring_changed: 0, no_room: 0, over_budget: 0 }; 0 beyond the readmission budget, not captured
[2026-09-29T23:10:03.674Z DEBUG blacksilk_p2p::net::headers] peer 2: 1 headers up to height 502 accepted (new: false)
[2026-09-29T23:10:05.883Z DEBUG blacksilk_p2p::net::headers] peer 3: 1 headers up to height 503 accepted (new: true)
[2026-09-29T23:10:05.955Z DEBUG blacksilk_p2p::net::blocks] peer 3: block faf11e515c57 at height 503 received
[2026-09-29T23:10:06.059Z DEBUG blacksilk_p2p::net::headers] peer 2: 1 headers up to height 503 accepted (new: false)
[2026-09-29T23:10:06.151Z DEBUG blacksilk_p2p::net::headers] peer 4: 1 headers up to height 503 accepted (new: false)
[2026-09-29T23:10:06.151Z DEBUG blacksilk_p2p::net::headers] peer 1: 1 headers up to height 503 accepted (new: false)
[2026-09-29T23:10:11.839Z DEBUG blacksilk_p2p::net::stem] stem tx 69a841dc804f -> peer 2
[2026-09-29T23:10:16.621Z DEBUG blacksilk_p2p::net::headers] peer 3: 1 headers up to height 504 accepted (new: true)
[2026-09-29T23:10:16.693Z DEBUG blacksilk_p2p::net::blocks] peer 3: block 3629bec33bad at height 504 received
[2026-09-29T23:10:29.530Z DEBUG blacksilk_p2p::net::headers] peer 3: 1 headers up to height 505 accepted (new: true)
[2026-09-29T23:10:29.612Z DEBUG blacksilk_p2p::net::blocks] peer 3: block e607f5a986f8 at height 505 received
[2026-09-29T23:10:30.225Z DEBUG blacksilk_p2p::net::headers] peer 4: 1 headers up to height 505 accepted (new: true)
[2026-09-29T23:10:30.225Z DEBUG blacksilk_p2p::net::headers] peer 2: 1 headers up to height 505 accepted (new: false)
[2026-09-29T23:10:30.225Z DEBUG blacksilk_p2p::net::headers] peer 1: 1 headers up to height 505 accepted (new: false)
[2026-09-29T23:10:31.891Z DEBUG blacksilk_p2p::net::stem] stem tx c4fae199ab5e -> peer 2
[2026-09-29T23:10:35.497Z DEBUG blacksilk_p2p::net::headers] peer 4: 1 headers up to height 506 accepted (new: true)
[2026-09-29T23:10:35.559Z DEBUG blacksilk_p2p::net::blocks] peer 4: block fbf240298d42 at height 506 received
[2026-09-29T23:10:36.046Z DEBUG blacksilk_p2p::net::headers] peer 3: 1 headers up to height 506 accepted (new: false)
[2026-09-29T23:10:36.168Z DEBUG blacksilk_p2p::net::headers] peer 2: 1 headers up to height 506 accepted (new: false)
[2026-09-29T23:10:36.249Z DEBUG blacksilk_p2p::net::blocks] peer 3: block ae0cb5f5d5a0 at height 505 received
[2026-09-29T23:10:36.253Z INFO  blacksilk_chain::manager::fork_choice] reorganization: disconnecting 1 block(s) above height 504
[2026-09-29T23:10:36.254Z INFO  blacksilk_chain::manager::fork_choice] mempool after the reorganization: Revalidation { checked: 0, invalid: 0, ring_changed: 0 }; returned transactions: Readmission { readmitted: 0, already_pooled: 0, other_rules: 0, conflicts: 0, invalid: 0, ring_changed: 0, no_room: 0, over_budget: 0 }; 0 beyond the readmission budget, not captured
[2026-09-29T23:10:40.334Z DEBUG blacksilk_p2p::net::headers] peer 3: 1 headers up to height 507 accepted (new: true)
[2026-09-29T23:10:40.396Z DEBUG blacksilk_p2p::net::blocks] peer 3: block 1bfad6aa5ebd at height 507 received
[2026-09-29T23:10:40.951Z DEBUG blacksilk_p2p::net::headers] peer 4: 1 headers up to height 507 accepted (new: true)
[2026-09-29T23:10:40.951Z DEBUG blacksilk_p2p::net::headers] peer 2: 1 headers up to height 507 accepted (new: false)
[2026-09-29T23:10:40.952Z DEBUG blacksilk_p2p::net::headers] peer 1: 1 headers up to height 507 accepted (new: false)
[2026-09-29T23:10:45.095Z DEBUG blacksilk_p2p::net::headers] peer 3: 1 headers up to height 508 accepted (new: true)
[2026-09-29T23:10:45.174Z DEBUG blacksilk_p2p::net::blocks] peer 3: block 127002dadfc1 at height 508 received
[2026-09-29T23:10:46.424Z DEBUG blacksilk_p2p::net::headers] peer 3: 1 headers up to height 509 accepted (new: true)
[2026-09-29T23:10:46.503Z DEBUG blacksilk_p2p::net::blocks] peer 3: block 029f3cac8b02 at height 509 received
[2026-09-29T23:11:00.817Z DEBUG blacksilk_p2p::net::headers] peer 3: 1 headers up to height 510 accepted (new: true)
[2026-09-29T23:11:00.891Z DEBUG blacksilk_p2p::net::blocks] peer 3: block 2935beaae0af at height 510 received
[2026-09-29T23:11:00.972Z DEBUG blacksilk_p2p::net::headers] peer 4: 1 headers up to height 510 accepted (new: false)
[2026-09-29T23:11:02.709Z DEBUG blacksilk_p2p::net::headers] peer 3: 1 headers up to height 511 accepted (new: true)
[2026-09-29T23:11:02.782Z DEBUG blacksilk_p2p::net::blocks] peer 3: block 3971110b2c28 at height 511 received
[2026-09-29T23:11:02.805Z DEBUG blacksilk_p2p::net::headers] peer 1: 1 headers up to height 511 accepted (new: false)
[2026-09-29T23:11:06.118Z DEBUG blacksilk_p2p::net::headers] peer 4: 1 headers up to height 512 accepted (new: true)
[2026-09-29T23:11:06.193Z DEBUG blacksilk_p2p::net::blocks] peer 4: block d2ecff04c899 at height 512 received
[2026-09-29T23:11:06.255Z DEBUG blacksilk_p2p::net::headers] peer 1: 1 headers up to height 512 accepted (new: false)
[2026-09-29T23:11:06.255Z DEBUG blacksilk_p2p::net::headers] peer 2: 1 headers up to height 512 accepted (new: false)
[2026-09-29T23:11:06.275Z DEBUG blacksilk_p2p::net::headers] peer 3: 1 headers up to height 512 accepted (new: false)
[2026-09-29T23:11:24.554Z DEBUG blacksilk_p2p::net::headers] peer 3: 1 headers up to height 513 accepted (new: true)
[2026-09-29T23:11:24.625Z DEBUG blacksilk_p2p::net::blocks] peer 3: block 4d582548db7e at height 513 received
[2026-09-29T23:11:24.645Z DEBUG blacksilk_p2p::net::headers] peer 2: 1 headers up to height 513 accepted (new: false)
[2026-09-29T23:11:24.730Z DEBUG blacksilk_p2p::net::headers] peer 4: 1 headers up to height 513 accepted (new: false)
[2026-09-29T23:11:24.731Z DEBUG blacksilk_p2p::net::headers] peer 1: 1 headers up to height 513 accepted (new: false)
[2026-09-29T23:11:27.746Z DEBUG blacksilk_p2p::net::headers] peer 3: 1 headers up to height 514 accepted (new: true)
[2026-09-29T23:11:27.829Z DEBUG blacksilk_p2p::net::blocks] peer 3: block 2eebab0e6e47 at height 514 received
[2026-09-29T23:11:27.857Z DEBUG blacksilk_p2p::net::headers] peer 4: 1 headers up to height 514 accepted (new: false)
[2026-09-29T23:11:27.914Z DEBUG blacksilk_p2p::net::headers] peer 1: 1 headers up to height 514 accepted (new: false)
[2026-09-29T23:11:28.015Z DEBUG blacksilk_p2p::net::headers] peer 2: 1 headers up to height 514 accepted (new: false)
[2026-09-29T23:11:29.630Z DEBUG blacksilk_p2p::net::headers] peer 3: 1 headers up to height 515 accepted (new: true)
[2026-09-29T23:11:29.705Z DEBUG blacksilk_p2p::net::blocks] peer 3: block 1f72fdf4d7a8 at height 515 received
[2026-09-29T23:11:29.771Z DEBUG blacksilk_p2p::net::headers] peer 4: 1 headers up to height 515 accepted (new: false)
[2026-09-29T23:11:29.810Z DEBUG blacksilk_p2p::net::headers] peer 1: 1 headers up to height 515 accepted (new: false)
[2026-09-29T23:11:29.873Z DEBUG blacksilk_p2p::net::headers] peer 2: 1 headers up to height 515 accepted (new: false)
[2026-09-29T23:11:41.514Z DEBUG blacksilk_p2p::net::headers] peer 4: 1 headers up to height 516 accepted (new: true)
[2026-09-29T23:11:41.596Z DEBUG blacksilk_p2p::net::blocks] peer 4: block 7e05144c33db at height 516 received
[2026-09-29T23:11:41.651Z DEBUG blacksilk_p2p::net::headers] peer 3: 1 headers up to height 516 accepted (new: false)
[2026-09-29T23:11:41.693Z DEBUG blacksilk_p2p::net::headers] peer 2: 1 headers up to height 516 accepted (new: false)
[2026-09-29T23:11:45.008Z DEBUG blacksilk_p2p::net::headers] peer 3: 1 headers up to height 517 accepted (new: true)
[2026-09-29T23:11:45.081Z DEBUG blacksilk_p2p::net::blocks] peer 3: block 9b5aca61b2b5 at height 517 received
[2026-09-29T23:11:45.121Z DEBUG blacksilk_p2p::net::headers] peer 1: 1 headers up to height 517 accepted (new: false)
[2026-09-29T23:11:45.159Z DEBUG blacksilk_p2p::net::headers] peer 2: 1 headers up to height 517 accepted (new: false)
[2026-09-29T23:11:51.865Z DEBUG blacksilk_p2p::net::headers] peer 4: 1 headers up to height 518 accepted (new: true)
[2026-09-29T23:11:51.929Z DEBUG blacksilk_p2p::net::blocks] peer 4: block a33c630cd86f at height 518 received
[2026-09-29T23:11:51.970Z DEBUG blacksilk_p2p::net::headers] peer 1: 1 headers up to height 518 accepted (new: false)
[2026-09-29T23:11:52.001Z DEBUG blacksilk_p2p::net::headers] peer 2: 1 headers up to height 518 accepted (new: false)
[2026-09-29T23:12:13.275Z DEBUG blacksilk_p2p::net::headers] peer 3: 1 headers up to height 519 accepted (new: true)
[2026-09-29T23:12:13.363Z DEBUG blacksilk_p2p::net::blocks] peer 3: block 1d41dca81d3d at height 519 received
[2026-09-29T23:12:13.495Z DEBUG blacksilk_p2p::net::headers] peer 4: 1 headers up to height 519 accepted (new: false)
[2026-09-29T23:12:13.544Z DEBUG blacksilk_p2p::net::headers] peer 1: 1 headers up to height 519 accepted (new: false)
[2026-09-29T23:12:44.848Z DEBUG blacksilk_p2p::net::headers] peer 3: 1 headers up to height 520 accepted (new: true)
[2026-09-29T23:12:44.963Z DEBUG blacksilk_p2p::net::blocks] peer 3: block 0a502f45fcfe at height 520 received
[2026-09-29T23:12:45.672Z DEBUG blacksilk_p2p::net::headers] peer 4: 1 headers up to height 520 accepted (new: true)
[2026-09-29T23:12:45.673Z DEBUG blacksilk_p2p::net::headers] peer 2: 1 headers up to height 520 accepted (new: false)
[2026-09-29T23:12:45.673Z DEBUG blacksilk_p2p::net::headers] peer 1: 1 headers up to height 520 accepted (new: false)
[2026-09-29T23:13:12.452Z DEBUG blacksilk_p2p::net::headers] peer 4: 1 headers up to height 521 accepted (new: true)
[2026-09-29T23:13:12.512Z DEBUG blacksilk_p2p::net::blocks] peer 4: block f8e5c558e258 at height 520 received
[2026-09-29T23:13:12.529Z DEBUG blacksilk_p2p::net::blocks] peer 4: block 1227604c6023 at height 521 received
[2026-09-29T23:13:12.531Z INFO  blacksilk_chain::manager::fork_choice] reorganization: disconnecting 1 block(s) above height 519
[2026-09-29T23:13:12.537Z INFO  blacksilk_chain::manager::fork_choice] mempool after the reorganization: Revalidation { checked: 1, invalid: 0, ring_changed: 0 }; returned transactions: Readmission { readmitted: 0, already_pooled: 0, other_rules: 0, conflicts: 0, invalid: 2, ring_changed: 0, no_room: 0, over_budget: 0 }; 0 beyond the readmission budget, not captured
[2026-09-29T23:13:12.655Z DEBUG blacksilk_p2p::net::headers] peer 2: 1 headers up to height 521 accepted (new: false)
[2026-09-29T23:13:20.772Z DEBUG blacksilk_p2p::net::headers] peer 3: 1 headers up to height 522 accepted (new: true)
[2026-09-29T23:13:20.830Z DEBUG blacksilk_p2p::net::blocks] peer 3: block 1790bf184d5b at height 522 received
[2026-09-29T23:13:21.036Z DEBUG blacksilk_p2p::net::headers] peer 1: 1 headers up to height 522 accepted (new: false)
[2026-09-29T23:13:21.056Z DEBUG blacksilk_p2p::net::headers] peer 4: 1 headers up to height 522 accepted (new: false)
[2026-09-29T23:13:21.073Z DEBUG blacksilk_p2p::net::headers] peer 2: 1 headers up to height 522 accepted (new: false)
[2026-09-29T23:13:38.802Z DEBUG blacksilk_p2p::net::headers] peer 4: 1 headers up to height 523 accepted (new: true)
[2026-09-29T23:13:38.873Z DEBUG blacksilk_p2p::net::blocks] peer 4: block 1a791bb4139e at height 523 received
[2026-09-29T23:13:38.940Z DEBUG blacksilk_p2p::net::headers] peer 1: 1 headers up to height 523 accepted (new: false)
[2026-09-29T23:13:44.611Z DEBUG blacksilk_p2p::net::headers] peer 4: 1 headers up to height 524 accepted (new: true)
[2026-09-29T23:13:44.672Z DEBUG blacksilk_p2p::net::blocks] peer 4: block 42d05926732b at height 524 received
[2026-09-29T23:13:44.752Z DEBUG blacksilk_p2p::net::headers] peer 2: 1 headers up to height 524 accepted (new: false)
[2026-09-29T23:13:44.752Z DEBUG blacksilk_p2p::net::headers] peer 1: 1 headers up to height 524 accepted (new: false)
[2026-09-29T23:13:44.816Z DEBUG blacksilk_p2p::net::headers] peer 3: 1 headers up to height 524 accepted (new: false)
[2026-09-29T23:13:50.233Z DEBUG blacksilk_p2p::net::headers] peer 3: 1 headers up to height 525 accepted (new: true)
[2026-09-29T23:13:50.299Z DEBUG blacksilk_p2p::net::blocks] peer 3: block 617f9dd8f3e4 at height 525 received
[2026-09-29T23:13:50.562Z DEBUG blacksilk_p2p::net::headers] peer 4: 1 headers up to height 525 accepted (new: false)
[2026-09-29T23:13:50.562Z DEBUG blacksilk_p2p::net::headers] peer 2: 1 headers up to height 525 accepted (new: false)
[2026-09-29T23:13:50.563Z DEBUG blacksilk_p2p::net::headers] peer 1: 1 headers up to height 525 accepted (new: false)
[2026-09-29T23:14:04.378Z DEBUG blacksilk_p2p::net::headers] peer 3: 1 headers up to height 526 accepted (new: true)
[2026-09-29T23:14:04.457Z DEBUG blacksilk_p2p::net::blocks] peer 3: block a2513a20e7e7 at height 526 received
[2026-09-29T23:14:04.558Z DEBUG blacksilk_p2p::net::headers] peer 2: 1 headers up to height 526 accepted (new: false)
[2026-09-29T23:14:04.760Z DEBUG blacksilk_p2p::net::headers] peer 4: 1 headers up to height 526 accepted (new: false)
[2026-09-29T23:14:08.867Z DEBUG blacksilk_p2p::net::headers] peer 4: 1 headers up to height 527 accepted (new: true)
[2026-09-29T23:14:08.867Z DEBUG blacksilk_p2p::net::headers] peer 2: 1 headers up to height 527 accepted (new: false)
[2026-09-29T23:14:08.954Z DEBUG blacksilk_p2p::net::blocks] peer 4: block ec06940e0aa8 at height 527 received
[2026-09-29T23:14:08.992Z DEBUG blacksilk_p2p::net::headers] peer 3: 1 headers up to height 527 accepted (new: false)
[2026-09-29T23:14:09.136Z DEBUG blacksilk_p2p::net::headers] peer 1: 1 headers up to height 527 accepted (new: false)
[2026-09-29T23:14:17.424Z DEBUG blacksilk_p2p::net::headers] peer 3: 1 headers up to height 528 accepted (new: true)
[2026-09-29T23:14:17.501Z DEBUG blacksilk_p2p::net::blocks] peer 3: block 95211b4184c9 at height 528 received
[2026-09-29T23:14:17.523Z DEBUG blacksilk_p2p::net::headers] peer 2: 1 headers up to height 528 accepted (new: false)
[2026-09-29T23:14:17.583Z DEBUG blacksilk_p2p::net::headers] peer 1: 1 headers up to height 528 accepted (new: false)
[2026-09-29T23:14:17.583Z DEBUG blacksilk_p2p::net::headers] peer 4: 1 headers up to height 528 accepted (new: false)
[2026-09-29T23:14:23.406Z DEBUG blacksilk_p2p::net::headers] peer 4: 1 headers up to height 529 accepted (new: true)
[2026-09-29T23:14:23.481Z DEBUG blacksilk_p2p::net::blocks] peer 4: block 8b1a04bb691b at height 529 received
[2026-09-29T23:14:50.973Z DEBUG blacksilk_p2p::net::headers] peer 4: 1 headers up to height 530 accepted (new: true)
[2026-09-29T23:14:51.053Z DEBUG blacksilk_p2p::net::blocks] peer 4: block 5c547ff14fd9 at height 530 received
[2026-09-29T23:14:51.110Z DEBUG blacksilk_p2p::net::headers] peer 3: 1 headers up to height 530 accepted (new: false)
[2026-09-29T23:14:55.257Z DEBUG blacksilk_p2p::net::headers] peer 3: 1 headers up to height 531 accepted (new: true)
[2026-09-29T23:14:55.339Z DEBUG blacksilk_p2p::net::blocks] peer 3: block f3920a3e24f0 at height 531 received
[2026-09-29T23:14:55.339Z DEBUG blacksilk_p2p::net::headers] peer 1: 1 headers up to height 531 accepted (new: false)
[2026-09-29T23:14:55.442Z DEBUG blacksilk_p2p::net::headers] peer 2: 1 headers up to height 531 accepted (new: false)
[2026-09-29T23:14:55.564Z DEBUG blacksilk_p2p::net::headers] peer 4: 1 headers up to height 531 accepted (new: false)
[2026-09-29T23:15:08.329Z DEBUG blacksilk_p2p::net::headers] peer 3: 1 headers up to height 532 accepted (new: true)
[2026-09-29T23:15:08.405Z DEBUG blacksilk_p2p::net::blocks] peer 3: block 74f85a9c5ab9 at height 532 received
[2026-09-29T23:15:08.449Z DEBUG blacksilk_p2p::net::headers] peer 4: 1 headers up to height 532 accepted (new: false)
[2026-09-29T23:15:08.511Z DEBUG blacksilk_p2p::net::headers] peer 1: 1 headers up to height 532 accepted (new: false)
[2026-09-29T23:15:09.648Z DEBUG blacksilk_p2p::net::headers] peer 3: 1 headers up to height 533 accepted (new: true)
[2026-09-29T23:15:09.725Z DEBUG blacksilk_p2p::net::blocks] peer 3: block ee2b76fd414a at height 533 received
[2026-09-29T23:15:09.794Z DEBUG blacksilk_p2p::net::headers] peer 1: 1 headers up to height 533 accepted (new: false)
[2026-09-29T23:15:14.211Z DEBUG blacksilk_p2p::net::headers] peer 4: 1 headers up to height 534 accepted (new: true)
[2026-09-29T23:15:14.288Z DEBUG blacksilk_p2p::net::headers] peer 1: 1 headers up to height 534 accepted (new: false)
[2026-09-29T23:15:14.288Z DEBUG blacksilk_p2p::net::headers] peer 3: 1 headers up to height 534 accepted (new: false)
[2026-09-29T23:15:14.288Z DEBUG blacksilk_p2p::net::blocks] peer 4: block 9c068a858542 at height 534 received
[2026-09-29T23:15:17.082Z DEBUG blacksilk_p2p::net::headers] peer 3: 1 headers up to height 535 accepted (new: true)
[2026-09-29T23:15:17.140Z DEBUG blacksilk_p2p::net::headers] peer 1: 1 headers up to height 535 accepted (new: false)
[2026-09-29T23:15:17.140Z DEBUG blacksilk_p2p::net::blocks] peer 3: block 85eb376ae16c at height 535 received
[2026-09-29T23:15:21.497Z DEBUG blacksilk_p2p::net::headers] peer 3: 1 headers up to height 536 accepted (new: true)
[2026-09-29T23:15:21.560Z DEBUG blacksilk_p2p::net::blocks] peer 3: block 769a8439bb9c at height 536 received
[2026-09-29T23:15:21.620Z DEBUG blacksilk_p2p::net::headers] peer 1: 1 headers up to height 536 accepted (new: false)
[2026-09-29T23:15:24.701Z DEBUG blacksilk_p2p::net::headers] peer 3: 1 headers up to height 537 accepted (new: true)
[2026-09-29T23:15:24.760Z DEBUG blacksilk_p2p::net::blocks] peer 3: block e18c061c8436 at height 537 received
[2026-09-29T23:15:24.784Z DEBUG blacksilk_p2p::net::headers] peer 1: 1 headers up to height 537 accepted (new: false)
[2026-09-29T23:15:30.928Z DEBUG blacksilk_p2p::net::headers] peer 3: 1 headers up to height 538 accepted (new: true)
[2026-09-29T23:15:31.005Z DEBUG blacksilk_p2p::net::blocks] peer 3: block 3f72dfdbeb07 at height 538 received
[2026-09-29T23:15:31.167Z DEBUG blacksilk_p2p::net::headers] peer 2: 1 headers up to height 538 accepted (new: false)
[2026-09-29T23:15:31.191Z DEBUG blacksilk_p2p::net::headers] peer 4: 1 headers up to height 538 accepted (new: false)
[2026-09-29T23:15:31.191Z DEBUG blacksilk_p2p::net::headers] peer 1: 1 headers up to height 538 accepted (new: false)
[2026-09-29T23:15:39.720Z DEBUG blacksilk_p2p::net::headers] peer 4: 1 headers up to height 539 accepted (new: true)
[2026-09-29T23:15:39.804Z DEBUG blacksilk_p2p::net::blocks] peer 4: block f052d5bbcf5f at height 539 received
[2026-09-29T23:15:39.864Z DEBUG blacksilk_p2p::net::headers] peer 3: 1 headers up to height 539 accepted (new: false)
[2026-09-29T23:15:39.864Z DEBUG blacksilk_p2p::net::headers] peer 1: 1 headers up to height 539 accepted (new: false)
[2026-09-29T23:15:44.961Z DEBUG blacksilk_p2p::net::headers] peer 4: 1 headers up to height 540 accepted (new: true)
[2026-09-29T23:15:45.035Z DEBUG blacksilk_p2p::net::blocks] peer 4: block c6b43fe9912c at height 540 received
[2026-09-29T23:15:45.140Z DEBUG blacksilk_p2p::net::headers] peer 1: 1 headers up to height 540 accepted (new: false)
[2026-09-29T23:15:45.333Z DEBUG blacksilk_p2p::net::headers] peer 2: 1 headers up to height 540 accepted (new: false)
[2026-09-29T23:15:47.646Z DEBUG blacksilk_p2p::net::headers] peer 4: 1 headers up to height 541 accepted (new: true)
[2026-09-29T23:15:47.748Z DEBUG blacksilk_p2p::net::headers] peer 2: 1 headers up to height 541 accepted (new: false)
[2026-09-29T23:15:47.757Z DEBUG blacksilk_p2p::net::blocks] peer 4: block 596964581e8a at height 541 received
[2026-09-29T23:15:53.150Z DEBUG blacksilk_p2p::net::headers] peer 3: 1 headers up to height 542 accepted (new: true)
[2026-09-29T23:15:53.230Z DEBUG blacksilk_p2p::net::blocks] peer 3: block 5c397d8df253 at height 542 received
[2026-09-29T23:15:53.348Z DEBUG blacksilk_p2p::net::headers] peer 2: 1 headers up to height 542 accepted (new: false)
[2026-09-29T23:15:53.432Z DEBUG blacksilk_p2p::net::headers] peer 1: 1 headers up to height 542 accepted (new: false)
[2026-09-29T23:15:53.432Z DEBUG blacksilk_p2p::net::headers] peer 4: 1 headers up to height 542 accepted (new: false)
[2026-09-29T23:16:18.153Z DEBUG blacksilk_p2p::net::headers] peer 3: 1 headers up to height 543 accepted (new: true)
[2026-09-29T23:16:18.236Z DEBUG blacksilk_p2p::net::blocks] peer 3: block d20a14a2a6c5 at height 543 received
[2026-09-29T23:16:23.579Z DEBUG blacksilk_p2p::net::headers] peer 3: 1 headers up to height 544 accepted (new: true)
[2026-09-29T23:16:23.655Z DEBUG blacksilk_p2p::net::blocks] peer 3: block 9e89f1c40cc2 at height 544 received
[2026-09-29T23:16:23.701Z DEBUG blacksilk_p2p::net::headers] peer 1: 1 headers up to height 544 accepted (new: false)
[2026-09-29T23:16:23.701Z DEBUG blacksilk_p2p::net::headers] peer 2: 1 headers up to height 544 accepted (new: false)
[2026-09-29T23:16:23.758Z DEBUG blacksilk_p2p::net::headers] peer 4: 1 headers up to height 544 accepted (new: false)
[2026-09-29T23:16:44.313Z DEBUG blacksilk_p2p::net::addr_relay] peer 3: addr with 1 entries
[2026-09-29T23:16:44.373Z DEBUG blacksilk_p2p::net::addr_relay] peer 2: addr with 1 entries
[2026-09-29T23:16:44.373Z DEBUG blacksilk_p2p::net::addr_relay] peer 1: addr with 1 entries
[2026-09-29T23:16:46.454Z INFO  blacksilk_p2p::net::conn] connected inbound peer 127.0.0.1:14192 (height 8)
