unix,partitioned,heights,header_heights,tips,mempools,peers,rss_mb,difficulties,phase
1790635749,false,0/0/0/0,0/0/0/0,087d6fd4/087d6fd4/087d6fd4/087d6fd4,0/0/0/0,4/4/4/4,266/266/266/266/2342,1/1/1/1,warmup
1790635767,false,0/0/0/0,0/0/0/0,087d6fd4/087d6fd4/087d6fd4/087d6fd4,0/0/0/0,4/4/4/4,266/266/266/266/2342,1/1/1/1,warmup
1790635782,false,0/0/0/0,0/0/0/0,087d6fd4/087d6fd4/087d6fd4/087d6fd4,0/0/0/0,4/4/4/4,266/266/266/266/2342,1/1/1/1,warmup
1790635798,false,0/0/0/0,0/0/0/0,087d6fd4/087d6fd4/087d6fd4/087d6fd4,0/0/0/0,4/4/4/4,266/266/266/266/2342,1/1/1/1,warmup
1790635812,false,0/0/0/0,0/0/0/0,087d6fd4/087d6fd4/087d6fd4/087d6fd4,0/0/0/0,4/4/4/4,266/266/266/266/2342,1/1/1/1,warmup
1790635825,false,0/0/0/0,0/0/0/0,087d6fd4/087d6fd4/087d6fd4/087d6fd4,0/0/0/0,4/4/4/4,266/266/266/266/2342,1/1/1/1,warmup
1790635839,false,0/0/0/0,0/0/0/0,087d6fd4/087d6fd4/087d6fd4/087d6fd4,0/0/0/0,4/4/4/4,266/266/266/266/2342,1/1/1/1,warmup
1790635851,false,0/0/0/0,0/0/0/0,087d6fd4/087d6fd4/087d6fd4/087d6fd4,0/0/0/0,4/4/4/4,266/266/266/266/2342,1/1/1/1,warmup
1790635871,false,0/0/0/0,0/0/0/0,087d6fd4/087d6fd4/087d6fd4/087d6fd4,0/0/0/0,4/4/4/4,266/266/266/266/2342,1/1/1/1,warmup
1790635883,false,0/0/0/0,0/0/0/0,087d6fd4/087d6fd4/087d6fd4/087d6fd4,0/0/0/0,4/4/4/4,266/266/266/266/2342,1/1/1/1,warmup
1790635904,false,0/0/0/0,0/0/0/0,087d6fd4/087d6fd4/087d6fd4/087d6fd4,0/0/0/0,4/4/4/4,266/266/266/266/2342,1/1/1/1,warmup
1790635920,false,0/0/0/0,0/0/0/0,087d6fd4/087d6fd4/087d6fd4/087d6fd4,0/0/0/0,4/4/4/4,266/266/266/266/2342,1/1/1/1,warmup
1790635937,false,0/0/0/0,0/0/0/0,087d6fd4/087d6fd4/087d6fd4/087d6fd4,0/0/0/0,4/4/4/4,266/266/266/266/2342,1/1/1/1,warmup
1790635950,false,0/0/0/0,0/0/0/0,087d6fd4/087d6fd4/087d6fd4/087d6fd4,0/0/0/0,4/4/4/4,266/266/266/266/2342,1/1/1/1,warmup
1790635965,false,0/0/0/0,0/0/0/0,087d6fd4/087d6fd4/087d6fd4/087d6fd4,0/0/0/0,4/4/4/4,266/266/266/266/2342,1/1/1/1,warmup
1790635981,false,0/0/0/0,0/0/0/0,087d6fd4/087d6fd4/087d6fd4/087d6fd4,0/0/0/0,4/4/4/4,266/266/266/266/2342,1/1/1/1,warmup
1790635998,false,0/0/0/0,0/0/0/0,087d6fd4/087d6fd4/087d6fd4/087d6fd4,0/0/0/0,4/4/4/4,266/266/266/266/2342,1/1/1/1,warmup
1790636013,false,0/0/0/0,0/0/0/0,087d6fd4/087d6fd4/087d6fd4/087d6fd4,0/0/0/0,4/4/4/4,266/266/266/266/2342,1/1/1/1,warmup
1790636029,false,0/0/0/0,0/0/0/0,087d6fd4/087d6fd4/087d6fd4/087d6fd4,0/0/0/0,4/4/4/4,266/266/266/266/2342,1/1/1/1,warmup
1790636037,false,0/0/0/0,0/0/0/0,087d6fd4/087d6fd4/087d6fd4/087d6fd4,0/0/0/0,4/4/4/4,266/266/266/266/2342,1/1/1/1,warmup
1790636055,false,8/7/7/7,8/7/7/7,637d6647/34e6061d/34e6061d/34e6061d,0/0/0/0,4/4/4/4,269/267/269/269/2086,1/1/1/1,warmup
1790636070,false,24/23/23/23,24/23/23/23,5ff245dd/e646752e/e646752e/e646752e,0/0/0/0,4/4/4/4,267/269/269/267/2086,1/1/1/1,warmup
1790636087,false,44/42/42/42,44/42/42/43,2a6f7459/8f8e2b48/8f8e2b48/8f8e2b48,0/0/0/0,4/4/4/4,269/269/267/267/2086,1/1/1/1,warmup
1790636100,false,62/61/61/61,62/61/61/61,f8b784d9/97071304/97071304/97071304,0/0/0/0,4/4/4/4,267/269/267/269/2090,1/1/1/1,warmup
1790636115,false,80/79/79/79,80/79/79/79,7681a80a/eb229dbd/eb229dbd/eb229dbd,0/0/0/0,4/4/4/4,267/269/267/267/2086,2/2/2/2,warmup
1790636132,false,98/97/97/97,98/97/97/97,775ac8ce/98210727/98210727/98210727,0/0/0/0,4/4/4/4,269/269/267/267/2088,2/2/2/2,warmup
1790636146,false,115/115/115/115,115/115/115/115,fdb2bd8f/fdb2bd8f/fdb2bd8f/fdb2bd8f,0/0/0/0,4/4/4/4,267/269/267/267/2086,3/3/3/3,warmup
1790636161,false,134/133/133/133,134/133/133/133,e5ae50f6/901f049c/901f049c/901f049c,0/0/0/0,4/4/4/4,270/267/267/269/2091,4/3/3/3,warmup
1790636187,false,147/146/146/146,147/146/146/146,fab20d6a/f8b071aa/f8b071aa/f8b071aa,0/0/0/0,4/4/4/4,270/269/267/269/2091,5/4/4/4,warmup
1790636195,false,157/156/156/156,157/156/156/156,2adc0410/d5114b0a/d5114b0a/d5114b0a,0/0/0/0,4/4/4/4,270/269/269/267/2087,6/5/5/5,warmup
1790636210,false,169/168/168/168,169/168/168/168,d05c7fa4/0b496a4e/0b496a4e/0b496a4e,0/0/0/0,4/4/4/4,270/267/267/267/2091,7/7/7/7,warmup
1790636224,false,182/181/181/181,182/181/181/181,32389be3/46eb29e7/46eb29e7/46eb29e7,0/0/0/0,4/4/4/4,270/267/267/267/2087,9/9/9/9,warmup
1790636237,false,193/192/192/192,193/192/192/192,697f3d77/f6e227fc/f6e227fc/f6e227fc,0/0/0/0,4/4/4/4,270/267/267/267/2091,11/11/11/11,warmup
1790636253,false,204/203/203/203,204/203/203/203,e13d79bd/66ae6595/66ae6595/66ae6595,0/0/0/0,4/4/4/4,270/267/267/267/2087,14/13/13/13,warmup
1790636269,false,217/217/217/217,217/217/217/217,bafaf5fc/bafaf5fc/bafaf5fc/bafaf5fc,0/0/0/0,4/4/4/4,270/267/267/270/2087,18/18/18/18,warmup
1790636287,false,229/228/228/228,229/228/228/228,1248e85f/5c1f4d98/5c1f4d98/5c1f4d98,0/0/0/0,4/4/4/4,270/268/268/268/2087,23/22/22/22,warmup
1790636300,false,240/240/240/240,240/240/240/240,84128f31/84128f31/84128f31/84128f31,0/0/0/0,4/4/4/4,270/268/268/268/2091,28/28/28/28,warmup
1790636315,false,249/248/248/248,249/248/248/248,eeb817f7/91accf84/91accf84/91accf84,0/0/0/0,4/4/4/4,268/268/268/268/2087,34/34/34/34,warmup
1790636331,false,258/258/258/258,258/258/258/258,8ea5205b/8ea5205b/8ea5205b/8ea5205b,0/0/0/0,4/4/4/4,270/268/268/268/2087,41/41/41/41,warmup
1790636347,false,266/265/265/265,266/265/265/265,353f4da8/c82a8147/c82a8147/c82a8147,0/0/0/0,4/4/4/4,268/268/268/268/2087,49/48/48/48,warmup
1790636362,false,271/271/271/271,271/271/271/271,e8e356cf/e8e356cf/e8e356cf/e8e356cf,0/0/0/0,4/4/4/4,268/268/268/268/2091,54/54/54/54,warmup
1790636378,false,276/275/275/275,276/276/276/276,7598f519/e3207634/e3207634/e3207634,0/0/0/0,4/4/4/4,270/268/268/268/2091,60/59/59/59,warmup
1790636394,false,283/282/282/282,283/282/282/282,9655ccfa/8fb08876/8fb08876/8fb08876,0/0/0/0,4/4/4/4,268/268/268/268/2091,69/68/68/68,warmup
1790636413,false,287/287/287/287,287/287/287/287,4c8cace6/4c8cace6/4c8cace6/4c8cace6,0/0/0/0,4/4/4/4,268/268/268/268/2091,75/75/75/75,warmup
1790636424,false,289/289/289/289,289/289/289/289,c399c06c/c399c06c/c399c06c/c399c06c,0/0/0/0,4/4/4/4,268/268/268/268/2091,78/78/78/78,warmup
1790636439,false,291/291/291/291,291/291/291/291,71ef17b5/71ef17b5/71ef17b5/71ef17b5,0/0/0/0,4/4/4/4,268/268/268/268/2091,82/82/82/82,warmup
1790636454,false,293/293/293/293,293/293/293/293,9a589130/9a589130/9a589130/9a589130,0/0/0/0,4/4/4/4,268/268/268/268/2091,85/85/85/85,warmup
1790636470,false,296/296/296/296,296/296/296/296,08b8f06c/08b8f06c/08b8f06c/08b8f06c,0/0/0/0,4/4/4/4,268/268/268/268/2091,91/91/91/91,warmup
1790636487,false,297/297/297/297,297/297/297/297,29d90243/29d90243/29d90243/29d90243,0/0/0/0,4/4/4/4,270/268/268/268/2091,93/93/93/93,warmup
1790636502,false,301/300/300/300,301/300/300/300,67806109/ad349ddf/ad349ddf/ad349ddf,0/0/0/0,4/4/4/4,268/268/267/268/2091,101/99/99/99,warmup
1790636517,false,304/304/304/304,304/304/304/304,41cf0930/41cf0930/41cf0930/41cf0930,0/0/0/0,4/4/4/4,268/268/267/268/2091,107/107/107/107,warmup
1790636533,false,308/307/307/308,308/308/307/308,3899122b/f2a4f94d/f2a4f94d/3899122b,0/0/0/0,4/4/4/4,268/268/267/268/2091,116/114/114/116,warmup
1790636550,false,312/311/311/311,312/311/311/311,b5b8f1c7/b9e4b9e9/b9e4b9e9/b9e4b9e9,0/0/0/0,4/4/4/4,268/268/267/268/2091,126/124/124/124,warmup
1790636565,false,315/314/314/314,315/314/314/314,6c103e3d/e26d6433/e26d6433/e26d6433,0/0/0/0,4/4/4/4,268/268/267/268/2091,135/132/132/132,warmup
1790636580,false,317/316/316/316,317/316/316/316,2740d61f/377e567b/377e567b/377e567b,0/0/0/0,4/4/4/4,268/268/267/268/2091,140/137/137/137,warmup
1790636596,false,319/318/318/318,319/318/319/318,aecac1a1/1b6de774/1b6de774/1b6de774,0/0/0/0,4/4/4/4,268/268/267/268/2087,146/143/143/143,warmup
1790636612,false,325/324/324/324,325/325/325/325,1ba3d25c/41d1d5aa/41d1d5aa/41d1d5aa,0/0/0/0,4/4/4/4,268/268/267/268/2087,166/162/162/162,warmup
1790636628,false,326/326/326/326,326/326/326/326,9ed09a26/9ed09a26/9ed09a26/9ed09a26,0/0/0/0,4/4/4/4,270/268/267/268/2091,169/169/169/169,warmup
1790636642,false,328/328/328/328,328/328/328/328,639e2b35/639e2b35/639e2b35/639e2b35,0/0/0/0,4/4/4/4,268/268/267/268/2087,176/176/176/176,warmup
1790636665,false,331/331/331/331,331/331/331/331,52509b87/52509b87/52509b87/52509b87,0/0/0/0,4/4/4/4,268/268/267/268/2091,188/188/188/188,warmup
1790636673,false,331/331/331/331,331/331/331/331,52509b87/52509b87/52509b87/52509b87,0/0/0/0,4/4/4/4,268/268/267/268/2091,188/188/188/188,warmup
1790636688,false,333/333/333/333,333/333/333/333,b4b5bd18/b4b5bd18/b4b5bd18/b4b5bd18,0/0/0/0,4/4/4/4,268/268/267/268/2091,196/196/196/196,warmup
1790636705,false,336/336/336/336,336/336/336/336,bd501145/bd501145/bd501145/bd501145,0/0/0/0,4/4/4/4,268/268/268/268/2091,208/208/208/208,warmup
1790636722,false,336/336/336/336,336/336/336/336,bd501145/bd501145/bd501145/bd501145,0/0/0/0,4/4/4/4,268/268/268/268/2091,208/208/208/208,warmup
1790636741,false,336/336/336/336,336/336/336/336,bd501145/bd501145/bd501145/bd501145,0/0/0/0,4/4/4/4,268/268/268/270/2091,208/208/208/208,warmup
1790636756,false,338/338/338/338,338/338/338/338,9ef083b0/9ef083b0/9ef083b0/9ef083b0,0/0/0/0,4/4/4/4,268/268/268/268/2091,217/217/217/217,warmup
1790636769,false,341/341/341/341,341/341/341/341,d4d19503/d4d19503/d4d19503/d4d19503,0/0/0/0,4/4/4/4,268/268/268/268/2091,224/224/224/224,warmup
1790636786,false,342/342/342/342,342/342/342/342,9426f8d5/9426f8d5/9426f8d5/9426f8d5,0/0/0/0,4/4/4/4,268/268/268/268/2091,224/224/224/224,warmup
1790636802,false,342/342/342/342,342/342/342/342,9426f8d5/9426f8d5/9426f8d5/9426f8d5,0/0/0/0,4/4/4/4,268/268/268/268/2091,224/224/224/224,warmup
1790636811,false,343/343/343/343,343/343/343/343,d0479fa2/d0479fa2/d0479fa2/d0479fa2,0/0/0/0,4/4/4/4,268/268/268/268/2091/264,224/224/224/224,connected
1790636826,false,345/345/345/345,345/345/345/345,e2fdda5c/e2fdda5c/e2fdda5c/e2fdda5c,0/0/0/0,4/4/4/4,268/268/268/268/2091/264,203/203/203/203,connected
1790636839,false,347/347/347/347,347/347/347/347,6d9d1c0c/6d9d1c0c/6d9d1c0c/6d9d1c0c,0/0/0/0,4/4/4/4,268/268/268/268/2091/264,201/201/201/201,connected
1790636853,false,347/347/347/347,347/347/347/347,6d9d1c0c/6d9d1c0c/6d9d1c0c/6d9d1c0c,0/0/0/0,4/4/4/4,268/268/268/268/2091/264,201/201/201/201,connected
1790636870,false,347/347/347/347,347/347/347/347,6d9d1c0c/6d9d1c0c/6d9d1c0c/6d9d1c0c,0/0/0/0,4/4/4/4,268/268/268/268/2091/264,201/201/201/201,connected
1790636882,false,347/347/347/347,347/347/347/347,6d9d1c0c/6d9d1c0c/6d9d1c0c/6d9d1c0c,0/0/0/0,4/4/4/4,268/268/268/268/2091/264,201/201/201/201,connected
1790636896,false,348/348/348/348,348/348/348/348,57331c6c/57331c6c/57331c6c/57331c6c,0/0/0/0,4/4/4/4,268/268/268/268/2091/264,202/202/202/202,connected
1790636913,false,349/349/349/349,349/349/349/349,b0bacbf9/b0bacbf9/b0bacbf9/b0bacbf9,0/0/0/0,4/4/4/4,268/268/268/268/2091/264,169/169/169/169,connected
1790636926,false,351/350/350/350,351/350/350/350,cdb44498/737fb6dc/737fb6dc/737fb6dc,0/0/0/0,4/4/4/4,268/268/268/268/2091/264,157/164/164/164,connected
1790636940,false,351/351/351/351,351/351/351/351,cdb44498/cdb44498/cdb44498/cdb44498,0/0/0/0,4/4/4/4,268/268/268/268/2091/264,157/157/157/157,connected
1790636956,false,354/354/354/354,354/354/354/354,f493fe1d/f493fe1d/f493fe1d/f493fe1d,0/0/0/0,4/4/4/4,268/268/268/268/2091/264,156/156/156/156,connected
1790636969,false,356/356/356/356,356/356/356/356,2ace7264/2ace7264/2ace7264/2ace7264,0/0/0/0,4/4/4/4,270/268/268/268/2091/264,159/159/159/159,connected
1790636986,false,358/358/358/358,358/358/358/358,e5119bae/e5119bae/e5119bae/e5119bae,0/0/0/0,4/4/4/4,268/268/268/268/2091/264,163/163/163/163,connected
1790637001,false,359/359/359/359,359/359/359/359,7e8653ea/7e8653ea/7e8653ea/7e8653ea,0/0/0/0,4/4/4/4,268/268/268/268/2091/264,166/166/166/166,connected
1790637015,false,359/359/359/359,359/359/359/359,7e8653ea/7e8653ea/7e8653ea/7e8653ea,0/0/0/0,4/4/4/4,268/268/268/268/2091/264,166/166/166/166,connected
1790637030,false,361/361/361/361,361/361/361/361,e8299aaf/e8299aaf/e8299aaf/e8299aaf,0/0/0/0,4/4/4/4,268/268/268/268/2091/265,153/153/153/153,connected
1790637045,false,363/363/363/363,363/363/363/363,f9051ed7/f9051ed7/f9051ed7/f9051ed7,1/1/1/1,4/4/4/4,268/268/268/268/2087/265,154/154/154/154,connected
1790637062,false,366/366/365/366,366/366/366/366,1fc68220/1fc68220/c3162dbd/1fc68220,0/0/0/0,4/4/4/4,268/268/268/268/2091/265,160/160/158/160,connected
1790637075,false,366/366/366/366,366/366/366/366,1fc68220/1fc68220/1fc68220/1fc68220,0/0/0/0,4/4/4/4,268/268/268/268/2087/265,160/160/160/160,connected
1790637091,false,369/368/368/368,369/368/368/368,c6d6b78b/b1fda82d/b1fda82d/b1fda82d,0/0/0/0,4/4/4/4,268/268/268/268/2087/265,160/158/158/158,connected
1790637106,false,370/370/370/370,370/370/370/370,dfed0c29/dfed0c29/dfed0c29/dfed0c29,0/0/0/0,4/4/4/4,268/268/268/268/2091/265,162/162/162/162,connected
1790637128,false,370/370/370/370,370/370/370/370,dfed0c29/dfed0c29/dfed0c29/dfed0c29,1/1/1/1,4/4/4/4,268/268/268/268/2091/265,162/162/162/162,connected
1790637146,false,371/371/371/371,371/371/371/371,8a4a8252/8a4a8252/8a4a8252/8a4a8252,1/1/1/1,4/4/4/4,268/268/270/268/2087/265,165/165/165/165,connected
1790637160,false,373/373/373/373,373/373/373/373,2ae62f82/2ae62f82/2ae62f82/2ae62f82,0/0/0/0,4/4/4/4,268/268/268/268/2091/265,154/154/154/154,connected
1790637173,false,375/375/375/375,375/375/375/375,c891e49b/c891e49b/c891e49b/c891e49b,0/0/0/0,4/4/4/4,270/268/268/268/2091/265,158/158/158/158,connected
1790637191,false,376/376/376/376,376/376/376/376,5c0e351e/5c0e351e/5c0e351e/5c0e351e,0/0/0/0,4/4/4/4,268/268/268/268/2091/265,157/157/157/157,connected
1790637205,false,376/376/376/376,376/376/376/376,5c0e351e/5c0e351e/5c0e351e/5c0e351e,0/0/0/0,4/4/4/4,268/268/268/268/2091/265,157/157/157/157,connected
1790637221,false,377/377/377/377,377/377/377/377,8d59aac2/8d59aac2/8d59aac2/8d59aac2,0/0/0/0,4/4/4/4,268/268/268/270/2091/265,160/160/160/160,connected
1790637234,false,378/378/378/378,378/378/378/378,eae7ce28/eae7ce28/eae7ce28/eae7ce28,0/0/0/0,4/4/4/4,268/268/268/268/2087/265,152/152/152/152,connected
1790637250,false,381/381/381/381,381/381/381/381,e03e323f/e03e323f/e03e323f/e03e323f,0/0/0/0,4/4/4/4,268/268/268/268/2091/265,151/151/151/151,connected
1790637264,false,383/383/383/383,383/383/383/383,c60aa6fd/c60aa6fd/c60aa6fd/c60aa6fd,0/0/0/0,4/4/4/4,270/270/268/269/2091/265,156/156/156/156,connected
1790637281,false,385/385/385/385,385/385/385/385,59996671/59996671/59996671/59996671,0/0/0/0,4/4/4/4,268/268/268/268/2087/265,158/158/158/158,connected
1790637293,false,386/386/386/386,386/386/386/386,b69ecbd1/b69ecbd1/b69ecbd1/b69ecbd1,0/0/0/0,4/4/4/4,268/268/268/271/2091/265,161/161/161/161,connected
1790637308,false,389/389/389/389,389/389/389/389,11af93ed/11af93ed/11af93ed/11af93ed,0/0/0/0,4/4/4/4,269/268/268/269/2091/265,160/160/160/160,connected
1790637324,false,390/390/390/390,390/390/390/390,12a25fb4/12a25fb4/12a25fb4/12a25fb4,1/1/1/1,4/4/4/4,268/268/270/269/2091/265,163/163/163/163,connected
1790637337,false,392/392/392/392,392/392/392/392,4a5833c4/4a5833c4/4a5833c4/4a5833c4,0/0/0/0,4/4/4/4,269/268/268/269/2091/265,162/162/162/162,connected
1790637354,false,394/394/394/394,394/394/394/394,39bd8771/39bd8771/39bd8771/39bd8771,0/0/0/0,4/4/4/4,269/268/268/269/2091/265,164/164/164/164,connected
1790637374,false,395/395/395/395,395/395/395/395,643f1c2a/643f1c2a/643f1c2a/643f1c2a,0/0/0/0,4/4/4/4,269/268/268/269/2091/265,166/166/166/166,connected
1790637391,false,398/398/398/398,398/398/398/398,19e09c2c/19e09c2c/19e09c2c/19e09c2c,0/0/0/0,4/4/4/4,271/268/268/269/2091/265,167/167/167/167,connected
1790637397,false,400/400/400/400,400/400/400/400,59d6f721/59d6f721/59d6f721/59d6f721,0/0/0/0,4/4/4/4,269/268/268/269/2091/265,172/172/172/172,connected
1790637420,false,400/400/400/400,400/400/400/400,59d6f721/59d6f721/59d6f721/59d6f721,0/0/0/0,4/4/4/4,269/268/268/269/2091/265,172/172/172/172,connected
1790637429,false,403/402/402/402,403/403/402/402,995b9495/891858c4/891858c4/891858c4,0/0/0/0,4/4/4/4,269/268/268/269/2091/265,170/171/171/171,connected
1790637442,false,404/404/404/404,404/404/404/404,97f68bf6/97f68bf6/97f68bf6/97f68bf6,0/0/0/0,4/4/4/4,269/268/268/269/2091/265,173/173/173/173,connected
1790637458,false,405/405/405/405,405/405/405/405,618dae46/618dae46/618dae46/618dae46,0/0/0/0,4/4/4/4,269/268/270/269/2091/265,175/175/175/175,connected
1790637477,false,408/408/408/408,408/408/408/408,89c103ad/89c103ad/89c103ad/89c103ad,0/0/0/0,4/4/4/4,271/268/269/269/2091/265,176/176/176/176,connected
1790637494,false,410/410/410/410,410/410/410/410,724a8730/724a8730/724a8730/724a8730,0/0/0/0,4/4/4/4,269/268/268/269/2087/265,181/181/181/181,connected
1790637505,false,412/412/412/412,412/412/412/412,d18224f9/d18224f9/d18224f9/d18224f9,0/0/0/0,4/4/4/4,269/268/268/269/2087/265,181/181/181/181,connected
1790637522,false,414/413/414/413,414/414/414/414,e1c08363/e70a2e3d/e1c08363/e70a2e3d,0/0/0/0,4/4/4/4,269/268/268/269/2091/265,182/183/182/183,connected
1790637534,false,414/414/414/414,414/414/414/414,e1c08363/e1c08363/e1c08363/e1c08363,0/0/0/0,4/4/4/4,269/268/268/269/2091/265,182/182/182/182,connected
1790637547,false,414/414/414/414,414/414/414/414,e1c08363/e1c08363/e1c08363/e1c08363,0/0/0/0,4/4/4/4,269/268/268/269/2091/265,182/182/182/182,connected
1790637559,false,416/416/416/416,416/416/416/416,b915d9a3/b915d9a3/b915d9a3/b915d9a3,0/0/0/0,4/4/4/4,269/268/269/269/2091/265,168/168/168/168,connected
1790637575,false,420/419/419/419,420/419/419/419,531f5628/fa875df0/fa875df0/fa875df0,0/0/0/0,4/4/4/4,269/268/268/269/2091/265,172/170/170/170,connected
1790637589,false,420/420/420/420,420/420/420/420,531f5628/531f5628/531f5628/531f5628,0/0/0/0,4/4/4/4,269/268/268/268/2087/265,172/172/172/172,connected
1790637604,false,423/423/423/423,423/423/423/423,3cafc456/3cafc456/3cafc456/3cafc456,0/0/0/0,4/4/4/4,269/268/268/268/2091/265,177/177/177/177,connected
1790637619,false,424/424/424/424,424/424/424/424,6b5405ef/6b5405ef/6b5405ef/6b5405ef,0/0/0/0,4/4/4/4,269/268/268/268/2091/265,179/179/179/179,connected
1790637635,false,424/424/424/424,424/424/424/424,6b5405ef/6b5405ef/6b5405ef/6b5405ef,0/0/0/0,4/4/4/4,269/268/268/268/2091/265,179/179/179/179,connected
1790637650,false,427/427/427/427,427/427/427/427,c3564549/c3564549/c3564549/c3564549,0/0/0/0,4/4/4/4,269/268/269/268/2091/265,172/172/172/172,connected
1790637665,false,428/428/428/428,428/428/428/428,d983250a/d983250a/d983250a/d983250a,1/1/1/0,4/4/4/4,269/268/269/269/2091/265,174/174/174/174,connected
1790637680,false,430/430/430/430,430/430/430/430,1b99821f/1b99821f/1b99821f/1b99821f,0/0/0/0,4/4/4/4,269/268/269/269/2091/265,177/177/177/177,connected
1790637695,false,430/430/430/430,430/430/430/430,1b99821f/1b99821f/1b99821f/1b99821f,0/0/0/0,4/4/4/4,269/268/269/269/2091/265,177/177/177/177,connected
1790637711,false,433/432/432/432,433/432/432/432,29ad1b4c/3fad56c8/3fad56c8/3fad56c8,0/0/0/0,4/4/4/4,269/268/268/269/2091/265,171/170/170/170,connected
1790637725,false,434/434/434/434,434/434/434/434,6e8716ca/6e8716ca/6e8716ca/6e8716ca,1/1/1/1,4/4/4/4,269/268/269/269/2091/265,173/173/173/173,connected
1790637740,false,436/436/436/436,436/436/436/436,5b44faba/5b44faba/5b44faba/5b44faba,0/0/0/0,4/4/4/4,269/269/269/268/2091/265,177/177/177/177,connected
1790637756,false,437/436/436/436,437/436/436/436,39d486b9/5b44faba/5b44faba/5b44faba,0/0/0/0,4/4/4/4,269/269/269/268/2091/265,177/177/177/177,connected
1790637770,false,439/439/439/439,439/439/439/439,6b1d552c/6b1d552c/6b1d552c/6b1d552c,0/0/0/0,4/4/4/4,269/269/269/268/2091/265,176/176/176/176,connected
1790637785,false,440/440/440/440,440/440/440/440,9fe4063c/9fe4063c/9fe4063c/9fe4063c,0/0/0/0,4/4/4/4,269/268/269/268/2087/265,177/177/177/177,connected
1790637802,false,441/441/441/441,441/441/441/441,8e5960ba/8e5960ba/8e5960ba/8e5960ba,0/0/0/0,4/4/4/4,269/268/269/268/2091/265,179/179/179/179,connected
1790637816,false,442/442/442/442,442/442/442/442,06e22944/06e22944/06e22944/06e22944,0/0/0/0,4/4/4/4,269/269/268/268/2087/265,178/178/178/178,connected
1790637832,false,445/444/444/444,445/444/444/444,fac6e8b2/217b3115/217b3115/217b3115,0/0/0/0,4/4/4/4,269/269/268/269/2091/265,172/173/173/173,connected
1790637846,false,446/446/446/446,446/446/446/446,240df7a4/240df7a4/240df7a4/240df7a4,0/0/0/0,4/4/4/4,269/269/269/269/2091/265,174/174/174/174,connected
1790637861,false,446/446/446/446,446/446/446/446,240df7a4/240df7a4/240df7a4/240df7a4,0/0/0/0,4/4/4/4,269/269/269/269/2091/265,174/174/174/174,connected
1790637876,false,449/449/449/449,449/449/449/449,5452c347/5452c347/5452c347/5452c347,0/0/0/0,4/4/4/4,269/269/269/269/2091/265,170/170/170/170,connected
1790637891,false,450/450/450/450,450/450/450/450,962f6193/962f6193/962f6193/962f6193,1/1/1/1,4/4/4/4,269/269/269/269/2091/265,172/172/172/172,connected
1790637906,false,451/451/451/451,451/451/451/451,ab6b3f2b/ab6b3f2b/ab6b3f2b/ab6b3f2b,0/0/0/0,4/4/4/4,269/269/269/269/2091/265,175/175/175/175,connected
1790637921,false,453/453/453/453,453/453/453/453,bd4937b6/bd4937b6/bd4937b6/bd4937b6,0/0/0/0,4/4/4/4,269/269/269/269/2091/265,172/172/172/172,connected
1790637936,false,454/454/454/454,454/454/454/454,f642b70c/f642b70c/f642b70c/f642b70c,0/0/0/0,4/4/4/4,269/269/269/269/2091/265,174/174/174/174,connected
1790637951,false,456/455/455/455,456/455/455/456,965c16f8/9cc837c5/9cc837c5/9cc837c5,0/1/1/1,4/4/4/4,269/269/269/269/2087/265,168/171/171/171,connected
1790637967,false,458/458/458/458,458/458/458/458,c942ae5f/c942ae5f/c942ae5f/c942ae5f,0/0/0/0,4/4/4/4,269/269/269/269/2091/265,173/173/173/173,connected
1790637983,false,462/461/461/461,462/461/461/461,d66976a0/39b3dddc/39b3dddc/39b3dddc,0/0/0/0,4/4/4/4,269/271/271/269/2091/263,181/178/178/178,connected
1790637997,false,465/465/465/465,465/465/465/465,7daf345e/7daf345e/7daf345e/7daf345e,0/0/0/0,4/4/4/4,269/269/269/269/2091/265,189/189/189/189,connected
1790638012,false,466/466/466/466,466/466/466/466,1df4e72f/1df4e72f/1df4e72f/1df4e72f,1/1/1/1,4/4/4/4,269/269/269/269/2091/265,191/191/191/191,connected
1790638027,false,469/469/469/469,469/469/469/469,ccc90cdd/ccc90cdd/ccc90cdd/ccc90cdd,0/0/0/0,4/4/4/4,269/269/269/269/2091/265,197/197/197/197,connected
1790638042,false,473/473/473/473,473/473/473/473,63d0e864/63d0e864/63d0e864/63d0e864,0/0/0/0,4/4/4/4,269/269/269/269/2091/265,208/208/208/208,connected
1790638057,false,476/476/476/475,476/476/476/476,cdd4cf43/cdd4cf43/cdd4cf43/ba86da4e,0/0/0/0,4/4/4/4,269/269/269/269/2091/265,218/218/218/215,connected
1790638072,false,478/478/478/478,478/478/478/478,7caa57dd/7caa57dd/7caa57dd/7caa57dd,0/0/0/0,4/4/4/4,269/269/269/269/2091/265,225/225/225/225,connected
1790638088,false,480/479/479/479,480/479/479/479,0f996e11/62d138fe/62d138fe/62d138fe,0/0/0/0,4/4/4/4,269/269/269/269/2091/265,231/229/229/229,connected
1790638103,false,480/480/480/480,480/480/480/480,0f996e11/0f996e11/0f996e11/0f996e11,1/1/1/1,4/4/4/4,269/269/269/269/2091/265,231/231/231/231,connected
1790638118,false,482/482/482/482,482/482/482/482,88dff376/88dff376/88dff376/88dff376,0/0/0/0,4/4/4/4,269/269/269/269/2091/265,223/223/223/223,connected
1790638133,false,484/484/484/484,484/484/484/484,7aef0d88/7aef0d88/7aef0d88/7aef0d88,1/0/0/0,4/4/4/4,269/269/269/269/2091/265,229/229/229/229,connected
1790638148,false,486/486/486/486,486/486/486/486,c39d8276/c39d8276/c39d8276/c39d8276,0/0/0/0,4/4/4/4,269/269/269/269/2091/265,231/231/231/231,connected
1790638163,false,487/487/487/487,487/487/487/487,c79e15db/c79e15db/c79e15db/c79e15db,0/0/0/0,4/4/4/4,269/269/269/269/2091/265,235/235/235/235,connected
1790638178,false,489/489/489/489,489/489/489/489,24e742ce/24e742ce/24e742ce/24e742ce,0/0/0/0,4/4/4/4,269/269/269/269/2091/265,234/234/234/234,connected
1790638193,false,489/489/489/489,489/489/489/489,24e742ce/24e742ce/24e742ce/24e742ce,0/0/0/0,4/4/4/4,269/269/269/269/2091/265,234/234/234/234,connected
1790638209,false,491/491/491/491,491/491/491/491,62ccd53d/62ccd53d/62ccd53d/62ccd53d,0/0/0/0,4/4/4/4,271/269/269/269/2091/265,223/223/223/223,connected
1790638224,false,494/494/494/494,494/494/494/494,4dd1f06e/4dd1f06e/4dd1f06e/4dd1f06e,0/0/0/0,4/4/4/4,269/269/269/269/2091/265,233/233/233/233,connected
1790638238,false,495/495/495/495,495/495/495/495,795fc74e/795fc74e/795fc74e/795fc74e,1/1/1/1,4/4/4/4,269/269/269/269/2091/265,237/237/237/237,connected
1790638260,false,496/496/496/496,496/496/496/496,fb4ebb73/fb4ebb73/fb4ebb73/fb4ebb73,1/1/1/1,4/4/4/4,269/269/269/269/2091/265,238/238/238/238,connected
1790638274,false,497/497/497/497,497/497/497/497,6a92b588/6a92b588/6a92b588/6a92b588,0/0/0/0,4/4/4/4,269/269/269/269/2089/265,234/234/234/234,connected
1790638283,false,501/501/501/501,501/501/501/501,36665ed8/36665ed8/36665ed8/36665ed8,0/0/0/0,4/4/4/4,269/269/269/269/2091/265,237/237/237/237,connected
1790638305,false,501/501/501/501,501/501/501/501,36665ed8/36665ed8/36665ed8/36665ed8,1/1/1/1,4/4/4/4,269/269/269/269/2091/265,237/237/237/237,connected
1790638317,false,502/502/502/502,502/502/502/502,496ad513/496ad513/496ad513/496ad513,0/0/0/0,4/4/4/4,269/269/269/269/2091/265,241/241/241/241,connected
1790638336,false,504/504/504/504,504/504/504/504,c6ed785b/c6ed785b/c6ed785b/c6ed785b,0/0/0/0,4/4/4/4,269/269/269/269/2091/265,232/232/232/232,connected
1790638350,false,504/504/504/504,504/504/504/504,c6ed785b/c6ed785b/c6ed785b/c6ed785b,0/0/0/0,4/4/4/4,269/269/269/269/2091/265,232/232/232/232,connected
1790638361,false,506/506/506/506,506/506/506/506,695965e7/695965e7/695965e7/695965e7,0/0/0/0,4/4/4/4,269/269/269/269/2091/265,221/221/221/221,connected
1790638374,false,506/506/506/506,506/506/506/506,695965e7/695965e7/695965e7/695965e7,0/0/0/0,4/4/4/4,269/269/269/269/2091/265,221/221/221/221,connected
1790638390,false,509/509/509/509,509/509/509/509,f7da73d6/f7da73d6/f7da73d6/f7da73d6,0/0/0/0,4/4/4/4,269/269/269/269/2091/265,220/220/220/220,connected
1790638408,false,509/509/509/509,509/509/509/509,f7da73d6/f7da73d6/f7da73d6/f7da73d6,0/0/0/0,4/4/4/4,269/269/269/269/2091/265,220/220/220/220,connected
1790638421,false,510/510/510/510,510/510/510/510,38b649d8/38b649d8/38b649d8/38b649d8,1/1/1/1,4/4/4/4,269/269/269/269/2091/265,223/223/223/223,connected
1790638435,false,510/510/510/510,510/510/510/510,38b649d8/38b649d8/38b649d8/38b649d8,2/1/1/2,4/4/4/4,271/269/269/269/2091/265,223/223/223/223,connected
1790638450,false,514/514/514/514,514/514/514/514,7906daa1/7906daa1/7906daa1/7906daa1,0/0/0/0,4/4/4/4,270/269/269/269/2091/265,213/213/213/213,connected
1790638465,false,516/516/516/516,516/516/516/516,e3589e7f/e3589e7f/e3589e7f/e3589e7f,1/1/1/1,4/4/4/4,270/269/270/270/2091/265,219/219/219/219,connected
1790638482,false,517/517/517/517,517/517/517/517,cd1a616d/cd1a616d/cd1a616d/cd1a616d,0/1/0/0,4/4/4/4,270/269/270/270/2091/265,222/222/222/222,connected
1790638497,false,518/518/518/518,518/518/518/518,03cecc7a/03cecc7a/03cecc7a/03cecc7a,0/0/0/0,4/4/4/4,270/269/270/270/2087/265,222/222/222/222,connected
1790638510,false,520/520/520/520,520/520/520/520,6d2779e9/6d2779e9/6d2779e9/6d2779e9,2/2/2/2,4/4/4/4,270/269/271/269/2091/263,220/220/220/220,connected
1790638525,false,521/521/521/521,521/521/521/521,e9de9632/e9de9632/e9de9632/e9de9632,0/0/0/0,4/4/4/4,270/269/270/270/2091/265,223/223/223/223,connected
1790638540,false,525/525/525/525,525/525/525/525,40659b22/40659b22/40659b22/40659b22,0/1/0/0,4/4/4/4,269/269/270/270/2091/265,223/223/223/223,connected
1790638555,false,525/525/525/525,525/525/525/525,40659b22/40659b22/40659b22/40659b22,1/1/1/1,4/4/4/4,270/269/270/270/2091/265,223/223/223/223,connected
1790638571,false,527/527/527/527,527/527/527/527,c8402cad/c8402cad/c8402cad/c8402cad,0/0/0/0,4/4/4/4,270/269/270/269/2091/265,219/219/219/219,connected
1790638586,false,531/531/531/531,531/531/531/531,4e58ad2b/4e58ad2b/4e58ad2b/4e58ad2b,0/0/0/0,4/4/4/4,270/269/270/269/2091/265,231/231/231/231,connected
1790638601,false,534/534/534/534,534/534/534/534,2e29e6bb/2e29e6bb/2e29e6bb/2e29e6bb,0/0/0/0,4/4/4/4,272/269/270/269/2091/265,241/241/241/241,connected
1790638616,false,537/536/536/536,537/536/536/536,5a80a024/0033b217/0033b217/0033b217,0/0/0/0,4/4/4/4,270/269/270/269/2091/265,252/248/248/248,connected
1790638631,false,539/538/538/538,539/538/538/538,8178f421/26ca0b5a/26ca0b5a/26ca0b5a,0/1/2/1,4/4/4/4,270/269/270/270/2091/265,260/256/256/256,connected
1790638646,false,542/542/542/542,542/542/542/542,20252719/20252719/20252719/20252719,1/1/1/1,4/4/4/4,270/269/270/270/2091/265,272/272/272/272,connected
1790638670,false,544/544/544/544,544/544/544/544,ec7dd03d/ec7dd03d/ec7dd03d/ec7dd03d,0/1/0/0,4/4/4/4,270/269/270/270/2091/265,281/281/281/281,connected
1790638681,false,546/545/545/545,546/545/545/545,a0765e9d/fa5c0140/fa5c0140/fa5c0140,0/0/0/0,4/4/4/4,270/269/270/270/2091/265,285/285/285/285,connected
1790638692,false,546/546/546/546,546/546/546/546,a0765e9d/a0765e9d/a0765e9d/a0765e9d,0/0/0/0,4/4/4/4,270/270/270/270/2091/265,285/285/285/285,connected
1790638707,false,547/547/547/547,547/547/547/547,7a6eff39/7a6eff39/7a6eff39/7a6eff39,2/1/2/2,4/4/4/4,270/270/270/270/2091/265,290/290/290/290,connected
1790638721,false,548/548/548/548,548/548/548/548,53cf9aa2/53cf9aa2/53cf9aa2/53cf9aa2,1/1/1/1,4/4/4/4,270/270/270/270/2091/265,270/270/270/270,connected
1790638736,false,550/550/550/550,550/550/550/550,668af8f8/668af8f8/668af8f8/668af8f8,0/0/0/0,4/4/4/4,270/270/270/270/2091/265,272/272/272/272,connected
1790638752,false,551/551/551/551,551/551/551/551,b5852c28/b5852c28/b5852c28/b5852c28,0/0/0/0,4/4/4/4,270/270/270/270/2091/265,276/276/276/276,connected
1790638767,false,552/552/552/552,552/552/552/552,2c268216/2c268216/2c268216/2c268216,1/1/1/1,4/4/4/4,270/270/270/270/2091/265,268/268/268/268,connected
1790638782,false,553/553/553/553,553/553/553/553,8544cfe9/8544cfe9/8544cfe9/8544cfe9,0/0/0/0,4/4/4/4,270/270/270/270/2091/265,269/269/269/269,connected
1790638798,false,554/554/554/554,554/554/554/554,4f5ed128/4f5ed128/4f5ed128/4f5ed128,1/1/1/1,4/4/4/4,272/270/270/270/2091/265,261/261/261/261,connected
1790638812,false,559/558/558/558,559/559/558/558,b3f5cdf4/27bee44a/27bee44a/27bee44a,0/0/0/0,4/4/4/4,270/269/270/270/2087/265,271/267/267/267,connected
1790638827,false,561/561/561/561,561/561/561/561,c45a6751/c45a6751/c45a6751/c45a6751,0/0/0/0,4/4/4/4,270/269/270/270/2091/265,279/279/279/279,connected
1790638843,false,563/563/563/563,563/563/563/563,3236b3ae/3236b3ae/3236b3ae/3236b3ae,1/1/1/1,4/4/4/4,270/269/270/270/2091/265,288/288/288/288,connected
1790638860,false,564/563/563/563,564/563/563/563,8120b678/3236b3ae/3236b3ae/3236b3ae,0/1/1/1,4/4/4/4,270/269/270/270/2091/265,291/288/288/288,connected
1790638882,false,565/565/565/565,565/565/565/565,cf80ebc6/cf80ebc6/cf80ebc6/cf80ebc6,0/0/0/0,4/4/4/4,270/270/270/270/2091/265,285/285/285/285,connected
1790638898,false,566/566/566/566,566/566/566/566,4a6eb3ed/4a6eb3ed/4a6eb3ed/4a6eb3ed,1/1/1/1,4/4/4/4,270/270/270/270/2091/265,281/281/281/281,connected
1790638913,false,567/567/567/567,567/567/567/567,26ea8a25/26ea8a25/26ea8a25/26ea8a25,0/0/0/0,4/4/4/4,270/270/270/270/2091/265,282/282/282/282,connected
1790638922,false,568/568/568/568,568/568/568/568,8c182761/8c182761/8c182761/8c182761,0/0/0/0,4/4/4/4,270/270/270/269/2091/265,282/282/282/282,connected
1790638934,false,571/571/571/571,571/571/571/571,14ff59fc/14ff59fc/14ff59fc/14ff59fc,0/0/0/0,4/4/4/4,270/269/270/269/2087/265,275/275/275/275,connected
1790638949,false,572/572/572/572,572/572/572/572,81f8f3bc/81f8f3bc/81f8f3bc/81f8f3bc,1/1/1/1,4/4/4/4,270/269/270/269/2091/265,279/279/279/279,connected
1790638964,false,574/574/574/574,574/574/574/574,96dbcb59/96dbcb59/96dbcb59/96dbcb59,0/0/0/0,4/4/4/4,270/269/270/269/2091/265,283/283/283/283,connected
1790638979,false,574/574/574/574,574/574/574/574,96dbcb59/96dbcb59/96dbcb59/96dbcb59,1/1/1/1,4/4/4/4,270/269/270/269/2091/265,283/283/283/283,connected
1790638994,false,574/574/574/574,574/574/574/574,96dbcb59/96dbcb59/96dbcb59/96dbcb59,1/1/1/1,4/4/4/4,270/269/270/269/2091/265,283/283/283/283,connected
1790639010,false,575/574/574/574,575/574/574/574,44daccf0/96dbcb59/96dbcb59/96dbcb59,0/2/2/2,4/4/4/4,270/269/270/269/2091/265,282/283/283/283,connected
1790639024,false,577/577/577/577,577/577/577/577,8656b366/8656b366/8656b366/8656b366,0/0/0/0,4/4/4/4,270/269/270/269/2091/265,256/256/256/256,connected
1790639039,false,577/577/577/577,577/577/577/577,8656b366/8656b366/8656b366/8656b366,1/1/1/1,4/4/4/4,270/269/270/269/2091/265,256/256/256/256,connected
1790639054,false,578/578/578/578,578/578/578/578,5daa07ad/5daa07ad/5daa07ad/5daa07ad,0/0/0/0,4/4/4/4,270/269/270/269/2091/265,260/260/260/260,connected
1790639069,false,579/579/579/579,579/579/579/579,af699837/af699837/af699837/af699837,0/0/0/0,4/4/4/4,270/269/270/269/2091/265,244/244/244/244,connected
1790639084,false,581/581/581/581,581/581/581/581,5ee2d76f/5ee2d76f/5ee2d76f/5ee2d76f,0/0/0/0,4/4/4/4,270/269/270/269/2091/265,243/243/243/243,connected
1790639100,false,583/582/582/582,583/582/582/582,fc447237/2f8b1dca/2f8b1dca/2f8b1dca,1/1/1/1,4/4/4/4,270/271/270/269/2091/265,241/246/246/246,connected
1790639114,false,583/583/583/583,583/583/583/583,fc447237/fc447237/fc447237/fc447237,3/3/3/3,4/4/4/4,270/269/270/269/2091/265,241/241/241/241,connected
1790639130,false,583/583/583/583,583/583/583/583,fc447237/fc447237/fc447237/fc447237,3/3/3/3,4/4/4/4,270/270/270/269/2091/265,241/241/241/241,connected
1790639145,false,586/586/586/586,586/586/586/586,f6ca7ab2/f6ca7ab2/f6ca7ab2/f6ca7ab2,1/1/1/1,4/4/4/4,272/270/270/270/2091/263,234/234/234/234,connected
1790639160,false,588/588/588/588,588/588/588/588,fc9a1563/fc9a1563/fc9a1563/fc9a1563,1/1/1/1,4/4/4/4,270/270/270/270/2091/265,240/240/240/240,connected
1790639175,false,589/589/589/589,589/589/589/589,9bd51762/9bd51762/9bd51762/9bd51762,0/0/0/0,4/4/4/4,270/270/270/270/2091/265,243/243/243/243,connected
1790639190,false,590/590/590/590,590/590/590/590,32826de6/32826de6/32826de6/32826de6,0/0/0/0,4/4/4/4,270/270/270/270/2091/265,240/240/240/240,connected
1790639205,false,591/591/591/591,591/591/591/591,ec52f79f/ec52f79f/ec52f79f/ec52f79f,1/1/1/1,4/4/4/4,270/270/270/270/2091/265,238/238/238/238,connected
1790639221,false,592/591/591/591,592/591/591/591,3f8b70a0/ec52f79f/ec52f79f/ec52f79f,0/1/1/1,4/4/4/4,270/270/270/270/2091/265,235/238/238/238,connected
1790639235,false,594/594/594/594,594/594/594/594,ae38e2a4/ae38e2a4/ae38e2a4/ae38e2a4,1/1/0/1,4/4/4/4,270/270/270/270/2091/265,230/230/230/230,connected
1790639250,false,596/596/596/596,596/596/596/596,cb4dea14/cb4dea14/cb4dea14/cb4dea14,0/0/0/0,4/4/4/4,270/270/270/270/2091/265,235/235/235/235,connected
1790639266,false,597/597/597/597,597/597/597/597,d5426f05/d5426f05/d5426f05/d5426f05,0/0/0/0,4/4/4/4,271/270/270/270/2091/265,233/233/233/233,connected
1790639282,false,599/598/598/598,599/598/598/598,85101584/9f694d51/9f694d51/9f694d51,0/0/0/0,4/4/4/4,271/270/270/270/2091/265,230/236/236/236,connected
1790639296,false,600/600/600/600,600/600/600/600,f44b2e35/f44b2e35/837bb361/f44b2e35,1/1/1/1,4/4/4/4,271/270/270/270/2091/265,233/233/233/233,connected
1790639311,false,601/601/601/601,601/601/601/601,b820ed42/b820ed42/b820ed42/b820ed42,0/0/0/0,4/4/4/4,271/270/270/270/2091/265,236/236/236/236,connected
1790639326,false,602/602/602/602,602/602/602/602,8477f131/8477f131/8477f131/8477f131,1/1/1/1,4/4/4/4,271/270/270/270/2091/265,234/234/234/234,connected
1790639341,false,602/602/602/602,602/602/602/602,8477f131/8477f131/8477f131/8477f131,2/2/2/2,4/4/4/4,271/270/270/270/2091/265,234/234/234/234,connected
1790639356,false,602/602/602/602,602/602/602/602,8477f131/8477f131/8477f131/8477f131,2/2/2/2,4/4/4/4,271/270/270/270/2091/265,234/234/234/234,connected
1790639371,false,605/605/605/605,605/605/605/605,cf9515e1/cf9515e1/cf9515e1/cf9515e1,1/1/1/1,4/4/4/4,271/270/270/270/2091/265,216/216/216/216,connected
1790639387,false,608/607/607/607,608/607/607/607,d8edf68b/8467e9e4/8467e9e4/8467e9e4,0/0/0/0,4/4/4/4,273/270/270/270/2091/265,222/220/220/220,connected
1790639401,false,612/612/612/612,612/612/612/612,07a6adc3/07a6adc3/07a6adc3/07a6adc3,0/0/0/0,4/4/4/4,271/270/270/270/2091/265,233/233/233/233,connected
1790639417,false,614/614/614/614,614/614/614/614,d4240adb/d4240adb/d4240adb/d4240adb,0/0/0/0,4/4/4/4,271/270/270/269/2087/265,239/239/239/239,connected
1790639432,false,615/615/615/615,615/615/615/615,63e16c0a/63e16c0a/63e16c0a/63e16c0a,0/0/0/0,4/4/4/4,271/270/270/269/2091/265,242/242/242/242,connected
1790639447,false,616/616/616/616,616/616/616/616,659f0737/659f0737/659f0737/659f0737,0/0/0/0,4/4/4/4,271/270/270/270/2091/265,245/245/245/245,connected
1790639462,false,617/617/617/617,617/617/617/617,d39b0732/d39b0732/d39b0732/d39b0732,0/0/0/0,4/4/4/4,271/270/270/270/2091/265,240/240/240/240,connected
1790639477,false,619/619/619/619,619/619/619/619,d3270426/d3270426/d3270426/d3270426,1/1/1/1,4/4/4/4,271/270/270/270/2091/265,232/232/232/232,connected
1790639492,false,619/619/619/619,619/619/619/619,d3270426/d3270426/d3270426/d3270426,1/1/1/1,4/4/4/4,271/270/270/270/2091/265,232/232/232/232,connected
1790639507,true,621/621/621/621,621/621/621/621,b4911fa5/b4911fa5/b4911fa5/b4911fa5,0/0/0/0,1/1/1/1,271/270/270/270/2091/265,230/230/230/230,partition
1790639523,true,622/622/621/621,622/622/621/621,dcd5ea7e/dcd5ea7e/b4911fa5/b4911fa5,1/1/0/0,1/1/1/1,270/269/269/269/2091/265,232/232/230/230,partition
1790639538,true,625/625/621/621,625/625/621/621,8138e07e/8138e07e/b4911fa5/b4911fa5,0/0/0/0,1/1/1/1,270/269/269/269/2087/265,233/233/230/230,partition
1790639553,true,628/628/621/621,628/628/621/621,47dbc576/47dbc576/b4911fa5/b4911fa5,1/1/1/1,1/1/1/1,270/269/269/269/2091/265,242/242/230/230,partition
1790639568,true,631/631/621/621,631/631/621/621,447b401d/447b401d/b4911fa5/b4911fa5,0/0/1/1,1/1/1/1,270/269/269/269/2091/265,252/252/230/230,partition
1790639583,true,631/631/621/621,631/631/621/621,447b401d/447b401d/b4911fa5/b4911fa5,1/1/1/1,1/1/1/1,270/269/269/269/2091/265,252/252/230/230,partition
1790639598,true,632/632/621/621,632/632/621/621,6d40a919/6d40a919/b4911fa5/b4911fa5,0/0/1/1,1/1/1/1,270/269/269/269/2091/265,255/255/230/230,partition
1790639613,true,632/632/622/622,632/632/622/622,6d40a919/6d40a919/c3b4c64b/c3b4c64b,0/0/1/1,1/1/1/1,270/269/269/269/2091/265,255/255/232/232,partition
1790639628,true,633/633/622/622,633/633/622/622,8c9395e1/8c9395e1/c3b4c64b/c3b4c64b,0/0/1/1,1/1/1/1,270/269/269/269/2091/265,249/249/232/232,partition
1790639643,true,634/634/622/622,634/634/622/622,4577486c/4577486c/c3b4c64b/c3b4c64b,0/0/1/1,1/1/1/1,270/269/269/269/2091/265,236/236/232/232,partition
1790639658,true,636/636/622/622,636/636/622/622,3b513753/3b513753/c3b4c64b/c3b4c64b,0/1/2/2,1/1/1/1,270/269/269/269/2091/265,231/231/232/232,partition
1790639674,true,637/637/622/622,637/637/622/622,d1793bd8/d1793bd8/c3b4c64b/c3b4c64b,0/0/2/2,1/1/1/1,270/269/269/269/2091/265,232/232/232/232,partition
1790639689,false,640/640/640/640,640/640/640/640,d94896b8/d94896b8/d94896b8/d94896b8,2/0/2/2,2/1/2/1,270/269/270/269/2091/265,235/235/235/235,heal
1790639704,false,644/644/644/644,644/644/644/644,031a4cd1/031a4cd1/031a4cd1/031a4cd1,0/1/0/0,4/4/4/4,270/270/270/269/2091/265,246/246/246/246,heal
1790639719,false,646/646/646/646,646/646/646/646,4eeab1c4/4eeab1c4/4eeab1c4/4eeab1c4,0/0/0/0,4/4/4/4,270/269/270/270/2087/265,252/252/252/252,heal
1790639734,false,652/651/651/651,652/651/651/651,9c5cb25c/94a6f336/94a6f336/94a6f336,0/0/1/1,4/4/4/4,270/271/272/272/2091/265,274/270/270/270,heal
1790639749,false,655/655/655/655,655/655/655/655,fd5e4a22/fd5e4a22/fd5e4a22/fd5e4a22,0/0/0/0,4/4/4/4,271/269/270/270/2091/265,287/287/287/287,connected
1790639764,false,655/655/655/655,655/655/655/655,fd5e4a22/fd5e4a22/fd5e4a22/fd5e4a22,1/1/1/1,4/4/4/4,271/269/270/270/2091/265,287/287/287/287,connected
1790639779,false,658/658/658/658,658/658/658/658,72e90f92/72e90f92/72e90f92/72e90f92,0/0/0/0,4/4/4/4,271/269/270/270/2091/265,302/302/302/302,connected
1790639795,false,659/659/659/659,659/659/659/659,c3db35e9/c3db35e9/c3db35e9/c3db35e9,1/1/1/1,4/4/4/4,270/269/270/270/2091/265,307/307/307/307,connected
1790639810,false,660/660/660/660,660/660/660/660,76137edd/76137edd/76137edd/76137edd,1/0/0/0,4/4/4/4,271/269/270/270/2091/265,312/312/312/312,connected
1790639825,false,661/661/661/661,661/661/661/661,eeef4f47/eeef4f47/eeef4f47/eeef4f47,0/0/0/0,4/4/4/4,271/269/270/270/2091/265,309/309/309/309,connected
1790639840,false,662/662/662/662,662/662/662/662,6d5b1326/6d5b1326/6d5b1326/6d5b1326,1/1/1/1,4/4/4/4,271/269/270/270/2091/265,297/297/297/297,connected
1790639855,false,664/664/664/664,664/664/664/664,d2a8e57c/d2a8e57c/d2a8e57c/d2a8e57c,0/0/0/0,4/4/4/4,270/270/270/270/2091/265,291/291/291/291,connected
1790639870,false,667/667/667/667,667/667/667/667,0eeaf8a7/0eeaf8a7/0eeaf8a7/0eeaf8a7,0/1/1/1,4/4/4/4,271/270/270/270/2087/265,302/302/302/302,connected
1790639885,false,672/671/671/671,672/671/671/671,99660526/82b43e51/82b43e51/82b43e51,0/1/1/1,4/4/4/4,271/270/270/270/2091/265,328/322/322/322,connected
1790639900,false,674/674/674/674,674/674/674/674,0a4246c9/0a4246c9/0a4246c9/0a4246c9,0/0/0/0,4/4/4/4,271/270/270/270/2091/265,339/339/339/339,connected
1790639915,false,676/676/676/676,676/676/676/676,281db25b/281db25b/281db25b/281db25b,0/0/0/1,4/4/4/4,271/270/270/270/2091/265,351/351/351/351,connected
1790639931,false,677/677/677/677,677/677/677/677,8a43155d/8a43155d/8a43155d/8a43155d,2/2/2/2,4/4/4/4,271/270/270/270/2091/265,357/357/357/357,connected
1790639946,false,677/677/677/677,677/677/677/677,8a43155d/8a43155d/8a43155d/8a43155d,4/4/4/4,4/4/4/4,271/270/270/270/2091/265,357/357/357/357,connected
1790639961,false,678/678/678/678,678/678/678/678,44a19851/44a19851/44a19851/44a19851,0/0/0/0,4/4/4/4,271/270/270/270/2091/265,364/364/364/364,connected
1790639976,false,678/678/678/678,678/678/678/678,44a19851/44a19851/44a19851/44a19851,1/1/1/1,4/4/4/4,271/270/270/270/2091/265,364/364/364/364,connected
1790639991,false,678/678/678/678,678/678/678/678,44a19851/44a19851/44a19851/44a19851,2/2/2/2,4/4/4/4,271/270/270/270/2091/265,364/364/364/364,connected
1790640006,false,678/678/678/678,678/678/678/678,44a19851/44a19851/44a19851/44a19851,3/3/3/3,4/4/4/4,271/270/270/270/2091/265,364/364/364/364,connected
1790640021,false,681/681/681/681,681/681/681/681,f2bead3b/f2bead3b/f2bead3b/f2bead3b,0/0/0/0,4/4/4/4,271/270/270/270/2091/265,295/295/295/295,connected
1790640036,false,681/681/681/681,681/681/681/681,f2bead3b/f2bead3b/f2bead3b/f2bead3b,1/1/1/1,4/4/4/4,271/270/270/270/2091/265,295/295/295/295,connected
1790640052,false,684/684/684/684,684/684/684/684,b2bd37d8/b2bd37d8/b2bd37d8/b2bd37d8,0/0/0/0,4/4/4/4,271/270/270/270/2091/265,290/290/290/290,connected
1790640066,false,687/687/687/687,687/687/687/687,da3837f6/da3837f6/da3837f6/da3837f6,0/0/0/0,4/4/4/4,271/270/270/270/2091/265,302/302/302/302,connected
1790640082,false,690/690/690/690,690/690/690/690,2fd70b9c/2fd70b9c/2fd70b9c/2fd70b9c,0/0/0/0,4/4/4/4,271/270/270/270/2091/265,316/316/316/316,connected
1790640097,false,690/690/690/690,690/690/690/690,2fd70b9c/2fd70b9c/2fd70b9c/2fd70b9c,1/1/1/1,4/4/4/4,271/270/270/270/2091/265,316/316/316/316,connected
1790640112,false,690/690/690/690,690/690/690/690,2fd70b9c/2fd70b9c/2fd70b9c/2fd70b9c,2/2/2/2,4/4/4/4,271/270/270/270/2091/265,316/316/316/316,connected
1790640127,false,692/692/692/692,692/692/692/692,7e4ad880/7e4ad880/7e4ad880/7e4ad880,1/1/1/1,4/4/4/4,271/270/270/270/2089/265,301/301/301/301,connected
1790640142,false,694/694/694/694,694/694/694/694,6339da3c/6339da3c/6339da3c/6339da3c,0/0/0/0,4/4/4/4,271/270/270/270/2091/265,305/305/305/305,connected
1790640157,false,695/694/694/694,695/694/694/694,e7efc35e/6339da3c/6339da3c/6339da3c,0/1/1/1,4/4/4/4,271/270/270/270/2091/265,306/305/305/305,connected
1790640172,false,696/696/696/696,696/696/696/696,1f308d29/1f308d29/1f308d29/1f308d29,1/1/1/1,4/4/4/4,271/270/270/270/2091/265,302/302/302/302,connected
1790640187,false,697/697/697/697,697/697/697/697,127799fd/127799fd/127799fd/127799fd,1/1/1/1,4/4/4/4,271/270/270/270/2091/265,301/301/301/301,connected
1790640202,false,698/698/698/698,698/698/698/698,9d052293/9d052293/9d052293/9d052293,0/0/0/0,4/4/4/4,271/270/270/270/2091/265,303/303/303/303,connected
1790640217,false,700/700/700/700,700/700/700/700,95218b33/95218b33/95218b33/95218b33,1/1/1/1,4/4/4/4,271/270/270/270/2091/265,291/291/291/291,connected
1790640233,false,700/700/700/700,700/700/700/700,95218b33/95218b33/95218b33/95218b33,2/2/2/2,4/4/4/4,271/270/270/270/2091/265,291/291/291/291,connected
1790640248,false,702/702/702/702,702/702/702/702,9b387ac3/9b387ac3/9b387ac3/9b387ac3,1/1/1/1,4/4/4/4,271/270/271/270/2091/265,278/278/278/278,connected
1790640263,false,703/703/703/703,703/703/703/703,4be138e4/4be138e4/4be138e4/4be138e4,0/0/0/0,4/4/4/4,271/270/271/270/2091/265,282/282/282/282,connected
1790640278,false,705/705/705/705,705/705/705/705,0ef8aa21/0ef8aa21/0ef8aa21/0ef8aa21,0/0/0/0,4/4/4/4,273/270/271/270/2087/265,280/280/280/280,connected
1790640293,false,708/708/708/708,708/708/708/708,89160d2c/89160d2c/89160d2c/89160d2c,0/0/0/0,4/4/4/4,273/270/271/270/2091/265,292/292/292/292,connected
1790640308,false,710/710/710/710,710/710/710/710,6f0c29bb/6f0c29bb/6f0c29bb/6f0c29bb,1/1/1/1,4/4/4/4,271/270/271/270/2091/265,300/300/300/300,connected
1790640323,false,710/710/710/710,710/710/710/710,6f0c29bb/6f0c29bb/6f0c29bb/6f0c29bb,1/1/1/1,4/4/4/4,271/270/271/270/2091/265,300/300/300/300,connected
1790640339,false,712/711/711/711,712/711/711/711,2a1ac6be/8c15f5d6/8c15f5d6/8c15f5d6,0/0/0/0,4/4/4/4,271/272/273/270/2091/265,286/304/304/304,connected
1790640354,false,713/713/713/713,713/713/713/713,dc47af65/dc47af65/dc47af65/dc47af65,0/0/0/0,4/4/4/4,271/270/271/270/2091/265,289/289/289/289,connected
1790640369,false,713/713/713/713,713/713/713/713,dc47af65/dc47af65/dc47af65/dc47af65,2/2/2/2,4/4/4/4,271/270/271/270/2091/265,289/289/289/289,connected
1790640384,false,717/717/717/717,717/717/717/717,a94655ca/a94655ca/a94655ca/a94655ca,0/0/0/0,4/4/4/4,271/270/271/270/2091/265,289/289/289/289,connected
1790640399,false,717/717/717/717,717/717/717/717,a94655ca/a94655ca/a94655ca/a94655ca,1/1/1/1,4/4/4/4,271/270/271/270/2091/265,289/289/289/289,connected
1790640414,false,719/719/719/719,719/719/719/719,81597d65/81597d65/81597d65/81597d65,0/0/0/0,4/4/4/4,271/270/271/270/2091/265,283/283/283/283,connected
1790640429,false,721/720/720/720,721/720/720/720,a82f793a/0700b8cb/0700b8cb/0700b8cb,1/1/1/1,4/4/4/4,271/272/271/270/2091/265,286/287/287/287,connected
1790640444,false,721/721/721/721,721/721/721/721,a82f793a/a82f793a/a82f793a/a82f793a,1/1/1/1,4/4/4/4,271/270/271/270/2091/265,286/286/286/286,connected
1790640459,false,722/722/722/722,722/722/722/722,e498c812/e498c812/e498c812/e498c812,1/1/1/1,4/4/4/4,271/270/271/270/2091/265,289/289/289/289,connected
1790640475,false,723/723/723/723,723/723/723/723,902b1e36/902b1e36/902b1e36/902b1e36,1/1/1/1,4/4/4/4,271/270/271/270/2091/265,285/285/285/285,connected
1790640490,false,724/724/724/724,724/724/724/724,afeb07bc/afeb07bc/afeb07bc/afeb07bc,1/1/1/1,4/4/4/4,271/270/271/272/2091/265,278/278/278/278,connected
1790640505,false,726/726/726/726,726/726/726/726,72c9d403/72c9d403/72c9d403/72c9d403,0/0/0/0,4/4/4/4,271/270/271/270/2091/265,277/277/277/277,connected
1790640520,false,729/729/729/729,729/729/729/729,9bff62d0/9bff62d0/9bff62d0/9bff62d0,0/0/0/0,4/4/4/4,271/270/271/270/2091/265,278/278/278/278,connected
1790640535,false,732/732/732/732,732/732/732/732,8c49f301/8c49f301/8c49f301/8c49f301,0/0/0/0,4/4/4/4,271/270/271/270/2091/265,289/289/289/289,connected
1790640551,false,734/734/734/734,734/734/734/734,babab0d0/babab0d0/babab0d0/babab0d0,0/0/0/0,4/4/4/4,271/270/271/270/2091/265,293/293/293/293,connected
1790640566,false,736/735/735/735,736/735/735/735,ee583738/dadb4e75/dadb4e75/dadb4e75,0/1/1/1,4/4/4/4,271/270/271/270/2091/265,300/297/297/297,connected
1790640581,false,736/736/736/736,736/736/736/736,ee583738/ee583738/ee583738/ee583738,0/0/0/0,4/4/4/4,271/270/271/270/2091/265,300/300/300/300,connected
1790640596,false,738/738/738/738,738/738/738/738,8350b3a6/8350b3a6/8350b3a6/8350b3a6,1/1/1/1,4/4/4/4,271/270/271/270/2091/265,292/292/292/292,connected
1790640611,false,739/739/739/739,739/739/739/739,cdc38826/cdc38826/cdc38826/cdc38826,1/1/1/1,4/4/4/4,271/270/271/270/2091/265,295/295/295/295,connected
1790640626,false,742/742/742/742,742/742/742/742,3ee75fba/3ee75fba/3ee75fba/3ee75fba,0/0/0/0,4/4/4/4,271/270/271/270/2091/265,298/298/298/298,connected
1790640641,false,743/742/742/742,743/742/742/742,a42a1240/3ee75fba/3ee75fba/3ee75fba,0/2/2/2,4/4/4/4,271/270/271/270/2091/265,301/298/298/298,connected
1790640656,false,745/745/745/745,745/745/745/745,65e2fdf2/65e2fdf2/65e2fdf2/65e2fdf2,0/0/0/0,4/4/4/4,271/270/271/270/2091/265,300/300/300/300,connected
1790640671,false,747/747/747/747,747/747/747/747,7803d7fb/7803d7fb/7803d7fb/7803d7fb,0/0/0/0,4/4/4/4,273/270/271/270/2087/265,300/300/300/300,connected
1790640686,false,748/748/748/748,748/748/748/748,cd0a36b3/cd0a36b3/cd0a36b3/cd0a36b3,1/0/0/1,4/4/4/4,271/270/271/270/2091/265,304/304/304/304,connected
1790640702,false,749/749/749/749,749/749/749/749,040dd02c/040dd02c/040dd02c/040dd02c,1/1/1/1,4/4/4/4,271/270/271/270/2091/265,308/308/308/308,connected
1790640717,false,752/752/752/752,752/752/752/752,2eb6dacb/2eb6dacb/2eb6dacb/2eb6dacb,0/0/0/0,4/4/4/4,271/270/271/270/2091/265,302/302/302/302,connected
1790640733,false,753/753/753/753,753/753/753/753,97eb6e8f/97eb6e8f/97eb6e8f/97eb6e8f,1/0/1/1,4/4/4/4,273/270/271/272/2091/265,306/306/306/306,connected
1790640747,false,755/755/755/755,755/755/755/755,d1919acd/d1919acd/d1919acd/d1919acd,0/0/0/0,4/4/4/4,271/270/271/270/2091/265,312/312/312/312,connected
1790640763,false,755/755/755/755,755/755/755/755,d1919acd/d1919acd/d1919acd/d1919acd,1/1/1/0,4/4/4/4,271/270/271/270/2091/265,312/312/312/312,connected
1790640777,false,756/756/756/756,756/756/756/756,161a3447/161a3447/161a3447/161a3447,1/1/1/1,4/4/4/4,271/270/271/270/2091/265,316/316/316/316,connected
1790640792,false,756/756/756/756,756/756/756/756,161a3447/161a3447/161a3447/161a3447,2/2/2/2,4/4/4/4,271/270/271/270/2091/265,316/316/316/316,connected
1790640808,false,757/757/757/757,757/757/757/757,5a371394/5a371394/5a371394/5a371394,0/0/0/0,4/4/4/4,273/270/271/270/2091/265,301/301/301/301,connected
1790640822,false,758/758/758/758,758/758/758/758,8c7173e0/8c7173e0/8c7173e0/8c7173e0,1/1/1/1,4/4/4/4,271/270/271/270/2091/265,285/285/285/285,connected
1790640837,false,758/758/758/758,758/758/758/758,8c7173e0/8c7173e0/8c7173e0/8c7173e0,1/1/1/1,4/4/4/4,271/270/271/270/2087/265,285/285/285/285,connected
1790640853,false,761/761/761/761,761/761/761/761,0d54cd84/0d54cd84/0d54cd84/0d54cd84,1/1/1/1,4/4/4/4,271/270/271/270/2091/265,274/274/274/274,connected
1790640868,false,762/762/762/762,762/762/762/762,6aa5c69a/6aa5c69a/6aa5c69a/6aa5c69a,0/0/0/0,4/4/4/4,271/270/271/270/2091/265,277/277/277/277,connected
1790640883,false,764/764/764/764,764/764/764/764,32d4a368/32d4a368/32d4a368/32d4a368,0/0/0/0,4/4/4/4,274/270/271/270/2091/265,272/272/272/272,connected
1790640898,false,765/765/765/765,765/765/765/765,5b1b2f7d/5b1b2f7d/5b1b2f7d/5b1b2f7d,0/0/0/0,4/4/4/4,271/270/271/270/2091/265,276/276/276/276,connected
1790640913,false,766/766/766/766,766/766/766/766,3caed753/3caed753/3caed753/3caed753,1/1/1/1,4/4/4/4,272/270/271/270/2091/265,279/279/279/279,connected
1790640929,false,766/766/766/766,766/766/766/766,3caed753/3caed753/3caed753/3caed753,1/1/1/1,4/4/4/4,272/270/271/270/2091/265,279/279/279/279,connected
1790640943,false,768/768/768/768,768/768/768/768,abe42ce2/abe42ce2/abe42ce2/abe42ce2,1/1/1/1,4/4/4/4,272/271/271/271/2091/265,258/258/258/258,connected
1790640958,false,769/769/769/769,769/769/769/769,1629d997/1629d997/1629d997/1629d997,1/1/1/1,4/4/4/4,272/271/271/271/2091/265,261/261/261/261,connected
1790640973,false,771/771/771/771,771/771/771/771,971a7a5d/971a7a5d/971a7a5d/971a7a5d,1/0/1/1,4/4/4/4,272/271/271/271/2091/265,261/261/261/261,connected
1790640990,false,772/772/772/772,772/772/772/772,39e3f7d9/39e3f7d9/39e3f7d9/39e3f7d9,1/1/1/1,4/4/4/4,272/271/271/271/2091/265,264/264/264/264,connected
1790641004,false,772/772/772/772,772/772/772/772,39e3f7d9/39e3f7d9/39e3f7d9/39e3f7d9,1/1/1/1,4/4/4/4,272/271/271/271/2091/265,264/264/264/264,connected
1790641019,false,774/774/774/774,774/774/774/774,7c5fad64/7c5fad64/7c5fad64/7c5fad64,0/0/0/0,4/4/4/4,272/271/271/271/2091/265,253/253/253/253,connected
1790641034,false,774/774/774/774,774/774/774/774,7c5fad64/7c5fad64/7c5fad64/7c5fad64,0/0/0/0,4/4/4/4,272/271/271/271/2091/265,253/253/253/253,connected
1790641049,false,776/776/776/776,776/776/776/776,0e2eb811/0e2eb811/0e2eb811/0e2eb811,1/0/1/0,4/4/4/4,272/271/271/271/2091/265,246/246/246/246,connected
1790641066,false,777/777/777/777,777/777/777/777,a42cbe64/a42cbe64/a42cbe64/a42cbe64,0/0/0/0,4/4/4/4,274/271/271/270/2091/265,247/247/247/247,connected
1790641079,false,779/779/779/779,779/779/779/779,0cc1b8c2/0cc1b8c2/0cc1b8c2/0cc1b8c2,1/1/1/1,4/4/4/4,272/271/271/270/2091/265,245/245/245/245,connected
1790641094,false,780/780/780/780,780/780/780/780,ece08c8c/ece08c8c/ece08c8c/ece08c8c,1/1/1/1,4/4/4/4,272/271/271/270/2091/265,248/248/248/248,connected
1790641109,false,781/781/781/781,781/781/781/781,2e0c79a0/2e0c79a0/2e0c79a0/2e0c79a0,1/1/1/1,4/4/4/4,272/271/271/270/2091/265,249/249/249/249,connected
1790641125,false,782/782/782/782,782/782/782/782,3aa9d3e1/3aa9d3e1/3aa9d3e1/3aa9d3e1,0/0/0/0,4/4/4/4,272/271/271/271/2091/265,245/245/245/245,connected
1790641140,false,782/782/782/782,782/782/782/782,3aa9d3e1/3aa9d3e1/3aa9d3e1/3aa9d3e1,1/1/1/1,4/4/4/4,272/271/271/271/2091/265,245/245/245/245,connected
1790641155,false,784/784/784/784,784/784/784/784,ae1c97a0/ae1c97a0/ae1c97a0/ae1c97a0,0/0/0/0,4/4/4/4,272/271/271/270/2091/265,231/231/231/231,connected
1790641170,false,784/784/784/784,784/784/784/784,ae1c97a0/ae1c97a0/ae1c97a0/ae1c97a0,0/0/0/0,4/4/4/4,272/271/271/270/2091/265,231/231/231/231,connected
1790641185,false,784/784/784/784,784/784/784/784,ae1c97a0/ae1c97a0/ae1c97a0/ae1c97a0,0/0/0/0,4/4/4/4,272/271/271/270/2091/265,231/231/231/231,connected
1790641200,false,785/785/785/785,785/785/785/785,b43e308a/b43e308a/b43e308a/b43e308a,0/0/0/0,4/4/4/4,272/271/271/270/2091/265,234/234/234/234,connected
1790641215,false,788/787/787/787,788/787/787/787,6aa7229e/01c2f028/01c2f028/01c2f028,0/0/0/0,4/4/4/4,272/271/271/270/2091/265,219/219/219/219,connected
1790641230,false,789/789/789/789,789/789/789/789,7926fd61/7926fd61/7926fd61/7926fd61,0/0/0/0,4/4/4/4,272/271/271/270/2091/265,221/221/221/221,connected
1790641245,false,790/790/790/790,790/790/790/790,40c96b3f/40c96b3f/40c96b3f/40c96b3f,3/3/2/3,4/4/4/4,272/271/271/270/2091/265,223/223/223/223,connected
1790641260,false,792/792/792/792,792/792/792/792,4f0ff0e2/4f0ff0e2/4f0ff0e2/4f0ff0e2,0/0/0/0,4/4/4/4,272/271/271/271/2087/265,218/218/218/218,connected
1790641275,false,795/794/794/794,795/795/795/794,6b715d6c/f8d37142/f8d37142/f8d37142,0/0/0/0,4/4/4/4,272/271/271/271/2091/265,222/223/223/223,connected
1790641290,false,795/795/795/795,795/795/795/795,6b715d6c/6b715d6c/6b715d6c/6b715d6c,1/1/1/1,4/4/4/4,272/271/271/271/2091/265,222/222/222/222,connected
1790641306,false,796/796/796/796,796/796/796/796,a506a9ee/a506a9ee/a506a9ee/a506a9ee,0/0/0/0,4/4/4/4,272/271/271/271/2091/265,224/224/224/224,connected
1790641321,false,799/799/799/799,799/799/799/799,4ae87a35/4ae87a35/4ae87a35/4ae87a35,0/0/0/0,4/4/4/4,272/271/270/271/2091/265,221/221/221/221,connected
1790641336,false,803/803/803/803,803/803/803/803,127b685d/127b685d/127b685d/127b685d,1/1/1/1,4/4/4/4,271/270/270/270/2091/265,231/231/231/231,connected
1790641351,false,804/804/804/804,804/804/804/804,eaa73eba/eaa73eba/eaa73eba/eaa73eba,0/0/0/0,4/4/4/4,271/270/270/270/2091/265,234/234/234/234,connected
1790641366,false,809/809/809/809,809/809/809/809,737c0e32/737c0e32/737c0e32/737c0e32,0/0/0/0,4/4/4/4,271/270/272/270/2091/265,248/248/248/248,connected
1790641381,false,812/812/812/812,812/812/812/812,c5c9c30e/c5c9c30e/c5c9c30e/c5c9c30e,0/0/0/0,4/4/4/4,271/270/270/270/2091/265,257/257/257/257,connected
1790641396,false,813/813/813/813,813/813/813/813,ebc0cb14/ebc0cb14/ebc0cb14/ebc0cb14,0/0/0/0,4/4/4/4,271/270/270/270/2091/265,261/261/261/261,connected
1790641411,false,815/815/815/815,815/815/815/815,a66d382d/a66d382d/a66d382d/a66d382d,0/0/0/0,4/4/4/4,271/270/270/270/2091/265,267/267/267/267,connected
1790641426,false,817/816/816/816,817/816/816/816,eb84bcbd/25197a45/25197a45/25197a45,0/0/0/0,4/4/4/4,271/272/272/270/2091/265,268/266/266/266,connected
1790641441,false,818/818/818/818,818/818/818/818,d3920ca1/d3920ca1/d3920ca1/d3920ca1,0/0/0/0,4/4/4/4,271/270/270/270/2091/265,270/270/270/270,connected
1790641456,false,819/819/819/819,819/819/819/819,494d6f00/494d6f00/494d6f00/494d6f00,0/0/0/0,4/4/4/4,271/270/270/270/2091/265,266/266/266/266,connected
1790641472,false,821/821/821/821,821/821/821/821,a3858be9/a3858be9/a3858be9/a3858be9,1/1/1/1,4/4/4/4,271/270/270/270/2091/265,264/264/264/264,connected
1790641487,false,821/821/821/821,821/821/821/821,a3858be9/a3858be9/a3858be9/a3858be9,2/2/2/2,4/4/4/4,271/270/270/270/2091/265,264/264/264/264,connected
1790641502,false,823/823/823/823,823/823/823/823,faed1981/faed1981/faed1981/faed1981,0/0/0/0,4/4/4/4,271/270/270/270/2091/265,260/260/260/260,connected
1790641517,false,824/824/824/824,824/824/824/824,8914c85f/8914c85f/8914c85f/8914c85f,1/1/1/1,4/4/4/4,271/270/270/270/2091/265,260/260/260/260,connected
1790641532,false,824/824/824/824,824/824/824/824,8914c85f/8914c85f/8914c85f/8914c85f,1/2/1/2,4/4/4/4,271/270/270/270/2091/265,260/260/260/260,connected
1790641548,false,825/824/824/824,825/824/824/824,4e840f87/8914c85f/8914c85f/8914c85f,0/4/4/3,4/4/4/4,271/270/270/270/2091/265,259/260/260/260,connected
1790641564,false,825/825/825/825,825/825/825/825,4e840f87/4e840f87/4e840f87/4e840f87,1/1/1/1,4/4/4/4,271/270/270/270/2091/265,259/259/259/259,connected
1790641581,false,826/826/826/826,826/826/826/826,4eca53b7/4eca53b7/4eca53b7/4eca53b7,1/1/1/1,4/4/4/4,271/270/270/270/2091/265,243/243/243/243,connected
1790641597,false,828/827/827/827,828/827/827/827,cd84639b/b2eaa397/b2eaa397/b2eaa397,0/0/0/0,4/4/4/4,271/270/270/270/2091/265,227/232/232/232,connected
1790641615,false,829/829/829/829,829/829/829/829,007f4e49/007f4e49/007f4e49/007f4e49,0/0/0/0,4/4/4/4,271/270/270/270/2089/265,230/230/230/230,connected
1790641630,false,830/830/830/830,830/830/830/830,0299a29c/0299a29c/0299a29c/0299a29c,1/1/1/1,4/4/4/4,273/270/270/270/2089/265,233/233/233/233,connected
1790641646,false,832/832/832/832,832/832/832/832,a31fc98e/a31fc98e/a31fc98e/a31fc98e,0/0/0/0,4/4/4/4,271/270/270/270/2089/265,232/232/232/232,connected
1790641664,false,833/833/833/833,833/833/833/833,5b985548/5b985548/5b985548/5b985548,0/0/0/0,4/4/4/4,270/270/270/270/2088/265,233/233/233/233,connected
1790641674,false,835/834/834/834,835/834/835/834,077c29c9/5a66983a/5a66983a/5a66983a,1/2/2/2,4/4/4/4,271/270/270/270/2088/265,227/234/234/234,connected
1790641688,false,836/836/836/836,836/836/836/836,8afb6f1c/8afb6f1c/8afb6f1c/8afb6f1c,0/0/0/0,4/4/4/4,271/270/270/270/2088/265,230/230/230/230,connected
1790641705,false,836/836/836/836,836/836/836/836,8afb6f1c/8afb6f1c/8afb6f1c/8afb6f1c,0/0/0/0,4/4/4/4,271/270/270/270/2088/265,230/230/230/230,connected
1790641719,false,837/837/837/837,837/837/837/837,cc94385c/cc94385c/cc94385c/cc94385c,2/2/2/2,4/4/4/4,271/270/270/272/2088/265,228/228/228/228,connected
1790641733,false,838/838/838/838,838/838/838/838,2369d9da/2369d9da/2369d9da/2369d9da,0/0/0/0,4/4/4/4,271/269/270/272/2088/265,221/221/221/221,connected
1790641749,false,841/841/841/841,841/841/841/841,092f3aaf/092f3aaf/092f3aaf/092f3aaf,0/0/0/0,4/4/4/4,271/269/270/270/2088/265,220/220/220/220,connected
1790641765,false,842/842/842/842,842/842/842/842,e20e2260/e20e2260/e20e2260/e20e2260,1/1/2/1,4/4/4/4,271/270/270/270/2088/265,223/223/223/223,connected
1790641781,false,843/843/843/843,843/843/843/843,169657fa/169657fa/169657fa/169657fa,0/0/0/0,4/4/4/4,271/270/270/269/2088/265,223/223/223/223,connected
1790641797,false,844/843/843/844,844/843/843/844,53808be0/169657fa/169657fa/53808be0,1/1/1/1,4/4/4/4,271/270/270/270/2088/265,218/223/223/218,connected
1790641813,false,846/846/846/846,846/846/846/846,2f5e70cb/2f5e70cb/2f5e70cb/2f5e70cb,0/0/0/0,4/4/4/4,271/270/270/269/2088/265,215/215/215/215,connected
1790641825,false,850/849/849/849,850/849/849/849,ccc5c748/7d612f81/7d612f81/7d612f81,0/1/0/1,4/4/4/4,271/270/270/270/2088/265,224/221/221/221,connected
1790641837,false,851/851/851/851,851/851/851/851,08809f4a/08809f4a/08809f4a/08809f4a,1/1/1/1,4/4/4/4,271/270/270/270/2088/265,227/227/227/227,connected
1790641851,false,852/852/852/852,852/852/852/852,98bac895/98bac895/98bac895/98bac895,1/1/1/1,4/4/4/4,271/270/270/270/2088/265,230/230/230/230,connected
1790641865,false,853/853/853/853,853/853/853/853,5acf29b4/5acf29b4/5acf29b4/5acf29b4,0/0/0/0,4/4/4/4,271/270/270/270/2088/265,225/225/225/225,connected
1790641880,false,857/857/857/857,857/857/857/857,ad852924/ad852924/ad852924/ad852924,0/0/0/0,4/4/4/4,271/270/270/270/2088/265,229/229/229/229,connected
1790641895,false,858/858/858/858,858/858/858/858,d73873e1/d73873e1/d73873e1/d73873e1,1/1/1/1,4/4/4/4,271/270/270/270/2088/265,232/232/232/232,connected
1790641910,false,858/858/858/858,858/858/858/858,d73873e1/d73873e1/d73873e1/d73873e1,2/2/2/2,4/4/4/4,271/270/270/270/2086/265,232/232/232/232,connected
1790641926,false,859/859/859/859,859/859/859/859,fad68e4f/fad68e4f/fad68e4f/fad68e4f,1/1/1/1,4/4/4/4,271/270/270/270/2088/265,235/235/235/235,connected
1790641941,false,860/860/860/860,860/860/860/860,829be247/829be247/829be247/829be247,0/0/0/0,4/4/4/4,271/270/270/270/2088/265,229/229/229/229,connected
1790641956,false,863/862/862/862,863/862/862/862,3b2c33ec/1ee04cc6/1ee04cc6/1ee04cc6,0/0/0/0,4/4/4/4,271/270/270/270/2088/265,222/220/220/220,connected
1790641971,false,864/864/864/864,864/864/864/864,1b487f68/1b487f68/1b487f68/1b487f68,1/1/1/1,4/4/4/4,271/270/270/270/2088/265,225/225/225/225,connected
1790641986,false,868/868/868/868,868/868/868/868,42ba73be/42ba73be/42ba73be/42ba73be,0/0/0/0,4/4/4/4,271/270/270/270/2088/265,232/232/232/232,connected
1790642001,false,872/872/872/872,872/872/872/872,aad2324c/aad2324c/aad2324c/aad2324c,0/0/0/0,4/4/4/4,271/270/270/270/2088/265,245/245/245/245,connected
1790642016,false,874/874/874/874,874/874/874/874,e472ed58/e472ed58/e472ed58/e472ed58,1/1/1/1,4/4/4/4,271/270/270/270/2088/265,251/251/251/251,connected
1790642031,false,875/875/875/875,875/875/875/875,18fd2dd4/18fd2dd4/18fd2dd4/18fd2dd4,1/1/1/1,4/4/4/4,271/270/270/270/2088/265,255/255/255/255,connected
1790642046,false,878/878/878/878,878/878/878/878,0e5f72f3/0e5f72f3/0e5f72f3/0e5f72f3,0/0/0/0,4/4/4/4,271/270/270/270/2088/265,261/261/261/261,connected
1790642062,false,878/878/878/878,878/878/878/878,0e5f72f3/0e5f72f3/0e5f72f3/0e5f72f3,1/1/1/1,4/4/4/4,273/270/270/272/2088/265,261/261/261/261,connected
1790642076,false,881/881/881/881,881/881/881/881,b77d3c5f/b77d3c5f/b77d3c5f/b77d3c5f,1/1/1/1,4/4/4/4,271/270/270/270/2088/265,265/265/265/265,connected
1790642092,false,882/882/882/882,882/882/882/882,9a4edbc4/9a4edbc4/9a4edbc4/9a4edbc4,1/1/1/1,4/4/4/4,271/270/270/270/2088/265,269/269/269/269,connected
1790642106,false,884/884/884/884,884/884/884/884,b04264a9/b04264a9/b04264a9/b04264a9,0/0/0/0,4/4/4/4,271/270/270/270/2088/265,266/266/266/266,connected
1790642122,false,886/886/886/886,886/886/886/886,c81d8b7e/c81d8b7e/c81d8b7e/c81d8b7e,0/0/0/0,4/4/4/4,271/270/270/270/2084/265,270/270/270/270,connected
1790642137,false,888/888/888/888,888/888/888/888,18368cfd/18368cfd/18368cfd/18368cfd,1/1/1/1,4/4/4/4,271/270/271/270/2088/265,278/278/278/278,connected
1790642153,false,890/890/890/890,890/890/890/890,ef23ab7f/ef23ab7f/ef23ab7f/ef23ab7f,1/1/1/1,4/4/4/4,271/270/271/270/2088/265,277/277/277/277,connected
1790642167,false,891/891/891/891,891/891/891/891,6ab55f68/6ab55f68/6ab55f68/6ab55f68,1/1/1/1,4/4/4/4,271/270/271/270/2088/265,281/281/281/281,connected
1790642182,false,897/896/896/896,897/896/896/896,8806043b/0f0b1a30/0f0b1a30/0f0b1a30,0/0/0/0,4/4/4/4,272/272/275/271/2088/263,297/293/293/293,connected
1790642197,false,899/899/899/899,899/899/899/899,f55890b4/f55890b4/f55890b4/f55890b4,0/0/0/0,4/4/4/4,272/271/271/271/2088/265,307/307/307/307,connected
1790642212,false,901/901/901/901,901/901/901/901,2afa6d0c/2afa6d0c/2afa6d0c/2afa6d0c,1/1/1/1,4/4/4/4,272/271/271/271/2088/265,318/318/318/318,connected
1790642227,false,903/902/902/902,903/902/902/902,d4dd86e7/f661d2ec/f661d2ec/f661d2ec,0/1/1/1,4/4/4/4,272/273/273/271/2088/265,330/324/324/324,connected
1790642242,false,904/904/904/904,904/904/904/904,1833774a/1833774a/1833774a/1833774a,0/0/0/0,4/4/4/4,272/271/271/271/2088/265,331/331/331/331,connected
1790642258,false,907/907/907/907,907/907/907/907,5644ca9a/5644ca9a/5644ca9a/5644ca9a,1/1/1/1,4/4/4/4,272/271/271/271/2088/265,338/338/338/338,connected
1790642273,false,907/907/907/907,907/907/907/907,5644ca9a/5644ca9a/5644ca9a/5644ca9a,2/2/2/2,4/4/4/4,272/271/271/271/2088/265,338/338/338/338,connected
1790642288,false,907/907/907/907,907/907/907/907,5644ca9a/5644ca9a/5644ca9a/5644ca9a,2/2/2/2,4/4/4/4,272/271/271/271/2088/265,338/338/338/338,connected
1790642303,false,908/908/908/908,908/908/908/908,b67ed03c/b67ed03c/b67ed03c/b67ed03c,0/0/0/0,4/4/4/4,272/271/271/271/2088/265,344/344/344/344,connected
1790642318,false,909/909/909/909,909/909/909/909,c4b8fcfb/c4b8fcfb/c4b8fcfb/c4b8fcfb,1/1/1/1,4/4/4/4,272/271/271/271/2088/265,307/307/307/307,connected
1790642333,false,910/910/910/910,910/910/910/910,590d91c0/590d91c0/590d91c0/590d91c0,1/1/1/1,4/4/4/4,272/271/271/271/2088/265,310/310/310/310,connected
1790642348,false,914/914/914/914,914/914/914/914,0d604072/0d604072/0d604072/0d604072,0/0/0/0,4/4/4/4,272/271/271/271/2088/265,307/307/307/307,connected
1790642364,false,914/914/914/914,914/914/914/914,0d604072/0d604072/0d604072/0d604072,0/0/0/0,4/4/4/4,272/271/271/271/2088/265,307/307/307/307,connected
1790642378,false,916/916/916/916,916/916/916/916,c6605318/c6605318/c6605318/c6605318,1/1/1/1,4/4/4/4,272/271/271/271/2088/265,311/311/311/311,connected
1790642395,true,916/916/916/916,916/916/916/916,c6605318/c6605318/c6605318/c6605318,1/1/1/1,1/1/1/1,274/271/271/271/2088/265,311/311/311/311,partition
1790642409,true,918/918/917/917,918/918/917/917,b2440896/b2440896/08911892/08911892,0/0/0/0,1/1/1/1,272/271/271/271/2088/265,307/307/313/313,partition
1790642424,true,919/919/917/917,919/919/917/917,e0833599/e0833599/08911892/08911892,0/0/0/0,1/1/1/1,272/271/271/271/2088/265,301/301/313/313,partition
1790642439,true,921/921/917/917,921/921/917/917,1d51bc20/1d51bc20/08911892/08911892,0/1/1/1,1/1/1/1,272/271/271/271/2088/265,297/297/313/313,partition
1790642454,true,922/922/917/917,922/922/917/917,b1b1fd22/b1b1fd22/08911892/08911892,1/1/1/1,1/1/1/1,272/271/271/271/2088/265,301/301/313/313,partition
1790642470,true,923/922/917/917,923/922/917/917,e187b7e5/b1b1fd22/08911892/08911892,0/1/1/1,1/1/1/1,272/271/271/271/2088/265,305/301/313/313,partition
1790642486,true,925/925/917/917,925/925/917/917,51a5000e/51a5000e/08911892/08911892,0/0/3/3,1/1/1/1,272/271/271/271/2088/265,297/297/313/313,partition
1790642506,true,927/927/917/917,927/927/917/917,9a90ca43/9a90ca43/08911892/08911892,0/0/4/4,1/1/1/1,272/271/271/271/2088/265,296/296/313/313,partition
1790642515,true,928/928/917/917,928/928/917/917,0b89ba8a/0b89ba8a/08911892/08911892,0/0/5/5,1/1/1/1,272/271/271/271/2088/265,300/300/313/313,partition
1790642529,true,928/928/917/917,928/928/917/917,0b89ba8a/0b89ba8a/08911892/08911892,0/0/5/5,1/1/1/1,272/271/271/271/2088/265,300/300/313/313,partition
1790642546,true,928/928/917/917,928/928/917/917,0b89ba8a/0b89ba8a/08911892/08911892,0/0/7/7,1/1/1/1,271/271/271/271/2088/265,300/300/313/313,partition
1790642562,true,929/929/917/917,929/929/917/917,a4a1ac50/a4a1ac50/08911892/08911892,0/0/7/7,1/1/1/1,271/271/271/271/2088/265,302/302/313/313,partition
1790642578,false,930/930/930/929,930/930/930/929,35ed4b18/35ed4b18/35ed4b18/a4a1ac50,6/6/6/8,4/4/4/4,272/271/271/273/2088/265,270/270/270/302,heal
1790642591,false,932/932/932/932,932/932/932/932,950a6ea5/950a6ea5/950a6ea5/950a6ea5,0/0/0/0,4/4/4/4,272/271/271/271/2088/265,271/271/271/271,heal
1790642608,false,933/933/933/933,933/933/933/933,1ac7f102/1ac7f102/1ac7f102/1ac7f102,0/0/0/0,4/4/4/4,272/271/271/271/2088/265,268/268/268/268,heal
1790642621,false,933/933/933/933,933/933/933/933,1ac7f102/1ac7f102/1ac7f102/1ac7f102,1/1/0/1,4/4/4/4,272/271/271/271/2088/265,268/268/268/268,heal
1790642637,false,933/933/933/933,933/933/933/933,1ac7f102/1ac7f102/1ac7f102/1ac7f102,1/1/1/1,4/4/4/4,272/271/271/271/2088/265,268/268/268/268,connected
1790642650,false,933/933/933/933,933/933/933/933,1ac7f102/1ac7f102/1ac7f102/1ac7f102,2/2/2/2,4/4/4/4,272/271/271/271/2088/265,268/268/268/268,connected
1790642665,false,933/933/933/933,933/933/933/933,1ac7f102/1ac7f102/1ac7f102/1ac7f102,2/2/2/2,4/4/4/4,272/271/271/271/2088/265,268/268/268/268,connected
1790642680,false,934/934/934/934,934/934/934/934,e7e42646/e7e42646/e7e42646/e7e42646,2/2/2/2,4/4/4/4,272/271/271/271/2088/265,268/268/268/268,connected
1790642696,false,934/934/934/934,934/934/934/934,e7e42646/e7e42646/e7e42646/e7e42646,3/3/3/3,4/4/4/4,272/271/271/271/2088/265,268/268/268/268,connected
1790642711,false,935/935/935/935,935/935/935/935,464d027d/464d027d/464d027d/464d027d,1/1/1/1,4/4/4/4,272/271/271/271/2088/265,238/238/238/238,connected
1790642726,false,938/938/938/938,938/938/938/938,2476c130/2476c130/2476c130/2476c130,0/0/0/0,4/4/4/4,272/271/271/271/2088/265,227/227/227/227,connected
1790642741,false,941/941/941/941,941/941/941/941,61b71de1/61b71de1/61b71de1/61b71de1,0/0/0/0,4/4/4/4,272/271/271/271/2088/265,234/234/234/234,connected
1790642756,false,942/942/942/942,942/942/942/942,0cd9f848/0cd9f848/0cd9f848/0cd9f848,0/0/0/1,4/4/4/4,272/271/271/271/2088/265,237/237/237/237,connected
1790642771,false,943/942/942/942,943/942/942/942,0e0a48e7/0cd9f848/0cd9f848/0cd9f848,0/1/1/1,4/4/4/4,272/271/271/271/2088/265,240/237/237/237,connected
1790642786,false,945/945/945/945,945/945/945/945,ff5b3681/ff5b3681/ff5b3681/ff5b3681,0/0/0/0,4/4/4/4,272/271/271/271/2088/265,234/234/234/234,connected
1790642801,false,947/947/947/947,947/947/947/947,7f8f31a7/7f8f31a7/7f8f31a7/7f8f31a7,0/0/0/0,4/4/4/4,272/271/271/271/2088/265,239/239/239/239,connected
1790642816,false,948/948/948/948,948/948/948/948,24ff931a/24ff931a/24ff931a/24ff931a,1/0/0/0,4/4/4/4,272/271/271/271/2088/265,242/242/242/242,connected
1790642832,false,948/948/948/948,948/948/948/948,24ff931a/24ff931a/24ff931a/24ff931a,1/1/1/1,4/4/4/4,272/271/271/271/2088/265,242/242/242/242,connected
1790642847,false,950/950/950/950,950/950/950/950,cea63558/cea63558/cea63558/cea63558,0/0/0/0,4/4/4/4,271/270/271/271/2088/265,232/232/232/232,connected
1790642862,false,952/952/952/952,952/952/952/952,09f32e0c/09f32e0c/09f32e0c/09f32e0c,1/1/1/1,4/4/4/4,271/270/271/271/2084/265,235/235/235/235,connected
1790642877,false,956/956/956/956,956/956/956/956,222b63ae/222b63ae/222b63ae/222b63ae,0/0/0/0,4/4/4/4,272/270/271/271/2088/265,243/243/243/243,connected
1790642892,false,956/956/956/956,956/956/956/956,222b63ae/222b63ae/222b63ae/222b63ae,0/0/0/0,4/4/4/4,272/270/271/271/2088/265,243/243/243/243,connected
1790642908,false,957/956/956/956,957/956/956/956,9b67f55f/222b63ae/222b63ae/222b63ae,0/0/0/0,4/4/4/4,272/270/271/271/2088/265,246/243/243/243,connected
1790642922,false,960/960/960/960,960/960/960/960,86a2117a/86a2117a/86a2117a/86a2117a,2/2/2/2,4/4/4/4,272/270/271/271/2088/265,241/241/241/241,connected
1790642937,false,962/962/962/962,962/962/962/962,ff2c9e73/ff2c9e73/ff2c9e73/ff2c9e73,1/1/1/1,4/4/4/4,272/270/271/271/2088/265,247/247/247/247,connected
1790642953,false,966/966/966/966,966/966/966/966,6725986f/6725986f/6725986f/6725986f,0/0/0/0,4/4/4/4,272/270/271/271/2088/265,259/259/259/259,connected
1790642968,false,966/966/966/966,966/966/966/966,6725986f/6725986f/6725986f/6725986f,1/1/1/1,4/4/4/4,272/270/271/271/2088/265,259/259/259/259,connected
1790642983,false,967/967/967/967,967/967/967/967,b53af027/b53af027/b53af027/b53af027,0/0/0/0,4/4/4/4,272/270/271/271/2088/265,262/262/262/262,connected
1790642998,false,968/968/968/968,968/968/968/968,dd1879eb/dd1879eb/dd1879eb/dd1879eb,1/0/1/1,4/4/4/4,272/271/271/271/2088/265,261/261/261/261,connected
1790643013,false,971/971/971/971,971/971/971/971,fec84e74/fec84e74/fec84e74/fec84e74,1/1/1/1,4/4/4/4,272/271/271/271/2088/265,257/257/257/257,connected
1790643028,false,972/972/972/972,972/972/972/972,ae5560cb/ae5560cb/ae5560cb/ae5560cb,0/0/0/0,4/4/4/4,272/271/271/271/2088/265,260/260/260/260,connected
1790643043,false,972/972/972/972,972/972/972/972,ae5560cb/ae5560cb/ae5560cb/ae5560cb,0/0/0/0,4/4/4/4,272/271/271/271/2088/265,260/260/260/260,connected
1790643058,false,975/975/975/975,975/975/975/975,6239c3f7/6239c3f7/6239c3f7/6239c3f7,0/1/1/1,4/4/4/4,272/271/271/271/2088/265,252/252/252/252,connected
1790643074,false,977/977/977/977,977/977/977/977,6547dc9b/6547dc9b/6547dc9b/6547dc9b,1/1/1/1,4/4/4/4,272/271/271/271/2088/265,259/259/259/259,connected
1790643089,false,978/978/978/978,978/978/978/978,9e3ee12f/9e3ee12f/9e3ee12f/9e3ee12f,1/1/1/1,4/4/4/4,272/271/271/271/2088/265,262/262/262/262,connected
1790643105,false,978/978/978/978,978/978/978/978,9e3ee12f/9e3ee12f/9e3ee12f/9e3ee12f,1/1/1/1,4/4/4/4,272/271/271/271/2088/265,262/262/262/262,connected
1790643119,false,980/979/979/979,980/979/979/979,809d4841/746eceb8/746eceb8/746eceb8,0/1/1/1,4/4/4/4,272/273/271/271/2088/265,248/261/261/261,connected
1790643135,false,984/984/984/984,984/984/984/984,9640bd68/9640bd68/9640bd68/9640bd68,0/0/0/0,4/4/4/4,272/271/271/271/2088/265,256/256/256/256,connected
1790643151,false,985/985/985/985,985/985/985/985,8606975f/8606975f/8606975f/8606975f,0/0/0/0,4/4/4/4,272/271/271/271/2088/265,259/259/259/259,connected
1790643164,false,986/986/986/986,986/986/986/986,3695a64f/3695a64f/3695a64f/3695a64f,1/1/1/1,4/4/4/4,272/271/271/271/2088/265,263/263/263/263,connected
1790643180,false,987/987/987/987,987/987/987/987,378e4411/378e4411/378e4411/378e4411,1/1/1/1,4/4/4/4,272/271/271/271/2088/265,263/263/263/263,connected
1790643194,false,988/988/988/988,988/988/988/988,9d78c3c2/9d78c3c2/9d78c3c2/9d78c3c2,1/1/1/1,4/4/4/4,272/271/271/271/2088/265,258/258/258/258,connected
1790643209,false,990/990/990/990,990/990/990/990,e93171e0/e93171e0/e93171e0/e93171e0,0/0/0/0,4/4/4/4,272/271/271/271/2088/265,253/253/253/253,connected
1790643224,false,990/990/990/990,990/990/990/990,e93171e0/e93171e0/e93171e0/e93171e0,1/1/1/1,4/4/4/4,272/271/271/271/2088/263,253/253/253/253,connected
1790643241,false,991/991/991/991,991/991/991/991,4528ef05/4528ef05/4528ef05/4528ef05,0/0/0/0,4/4/4/4,272/271/271/271/2088/265,253/253/253/253,connected
1790643257,false,993/993/993/993,993/993/993/993,d417bb89/d417bb89/d417bb89/d417bb89,0/0/0/0,4/4/4/4,272/271/271/271/2088/265,243/243/243/243,connected
1790643270,false,994/994/994/994,994/994/994/994,c348af5e/c348af5e/c348af5e/c348af5e,0/0/0/0,4/4/4/4,272/271/271/271/2088/265,245/245/245/245,connected
1790643286,false,994/994/994/994,994/994/994/994,c348af5e/c348af5e/c348af5e/c348af5e,0/0/0/0,4/4/4/4,272/271/271/271/2086/265,245/245/245/245,connected
1790643304,false,995/995/995/995,995/995/995/995,b01aa36d/b01aa36d/b01aa36d/b01aa36d,2/2/2/1,4/4/4/4,272/271/271/271/2088/265,243/243/243/243,connected
1790643316,false,995/995/995/995,995/995/995/995,b01aa36d/b01aa36d/b01aa36d/b01aa36d,2/2/2/2,4/4/4/4,272/271/271/271/2088/265,243/243/243/243,connected
1790643332,false,995/995/995/995,995/995/995/995,b01aa36d/b01aa36d/b01aa36d/b01aa36d,3/3/3/3,4/4/4/4,272/271/271/271/2088/265,243/243/243/243,connected
1790643348,false,996/995/995/995,996/995/995/995,9edf0f9f/b01aa36d/b01aa36d/b01aa36d,0/3/3/3,4/4/4/4,272/271/271/271/2088/265,234/243/243/243,connected
1790643363,false,997/996/996/996,997/996/996/996,ee295a6f/9edf0f9f/9edf0f9f/9edf0f9f,1/1/1/1,4/4/4/4,272/271/271/271/2088/265,210/234/234/234,connected
1790643377,false,998/998/998/998,998/998/998/998,e1e3afd1/e1e3afd1/e1e3afd1/e1e3afd1,0/0/0/0,4/4/4/4,272/271/271/271/2088/265,209/209/209/209,connected
1790643395,false,999/999/999/999,999/999/999/999,1ff67c72/1ff67c72/1ff67c72/1ff67c72,0/0/0/0,4/4/4/4,274/271/273/271/2088/265,209/209/209/209,connected
1790643408,false,1003/1003/1003/1003,1003/1003/1003/1003,7b83fcae/7b83fcae/7b83fcae/7b83fcae,0/0/0/0,4/4/4/4,272/271/271/271/2084/265,212/212/212/212,connected
1790643421,false,1005/1005/1005/1005,1005/1005/1005/1005,b22b5711/b22b5711/b22b5711/b22b5711,0/0/0/0,4/4/4/4,272/271/271/271/2084/265,216/216/216/216,connected
1790643439,false,1008/1008/1008/1008,1008/1008/1008/1008,ce57d9b5/ce57d9b5/ce57d9b5/ce57d9b5,0/1/0/0,4/4/4/4,272/271/271/271/2088/265,224/224/224/224,connected
1790643453,false,1009/1009/1009/1009,1009/1009/1009/1009,024d703c/024d703c/024d703c/024d703c,0/0/0/0,4/4/4/4,272/271/271/271/2084/265,227/227/227/227,connected
1790643470,false,1011/1010/1010/1010,1011/1010/1010/1010,e8d51a24/1382a583/1382a583/1382a583,0/0/0/0,4/4/4/4,272/271/271/271/2084/265,227/226/226/226,connected
1790643484,false,1014/1014/1014/1014,1014/1014/1014/1014,7fcb02a5/7fcb02a5/7fcb02a5/7fcb02a5,1/0/1/0,4/4/4/4,272/271/271/271/2088/265,231/231/231/231,connected
1790643499,false,1017/1016/1016/1016,1017/1016/1016/1016,70ce7717/16b3ee51/16b3ee51/16b3ee51,0/0/0/0,4/4/4/4,272/271/271/271/2088/265,240/237/237/237,connected
1790643518,false,1020/1019/1019/1019,1020/1019/1019/1019,cd25ade7/25c9900d/25c9900d/25c9900d,0/0/0/0,4/4/4/4,272/271/271/271/2088/265,247/244/244/244,connected
1790643531,false,1023/1023/1023/1023,1023/1023/1023/1023,538852f1/538852f1/538852f1/538852f1,2/2/2/2,4/4/4/4,272/271/271/271/2088/265,258/258/258/258,connected
1790643547,false,1025/1024/1024/1024,1025/1024/1024/1024,5ffd0506/2172bad6/2172bad6/2172bad6,0/0/0/0,4/4/4/4,272/271/271/271/2088/265,264/261/261/261,connected
1790643559,false,1026/1026/1026/1026,1026/1026/1026/1026,af7da429/af7da429/af7da429/af7da429,0/0/0/0,4/4/4/4,272/271/271/271/2088/265,267/267/267/267,connected
1790643574,false,1028/1028/1028/1028,1028/1028/1028/1028,9b025677/9b025677/9b025677/9b025677,0/0/0/0,4/4/4/4,272/271/271/271/2088/265,267/267/267/267,connected
1790643589,false,1030/1030/1030/1030,1030/1030/1030/1030,39273a70/39273a70/39273a70/39273a70,2/2/2/2,4/4/4/4,272/271/272/271/2088/265,273/273/273/273,connected
1790643603,false,1030/1030/1030/1030,1030/1030/1030/1030,39273a70/39273a70/39273a70/39273a70,3/2/2/2,4/4/4/4,272/271/272/271/2084/265,273/273/273/273,connected
1790643618,false,1032/1032/1032/1032,1032/1032/1032/1032,eeb94463/eeb94463/eeb94463/eeb94463,0/0/0/0,4/4/4/4,272/271/272/272/2088/265,264/264/264/264,connected
1790643634,false,1034/1034/1034/1034,1034/1034/1034/1034,1f9c44bd/1f9c44bd/1f9c44bd/1f9c44bd,0/0/0/0,4/4/4/4,272/271/272/272/2088/265,265/265/265/265,connected
1790643651,false,1036/1036/1036/1036,1036/1036/1036/1036,d1dafc7f/d1dafc7f/d1dafc7f/d1dafc7f,0/0/0/0,4/4/4/4,272/271/272/272/2086/265,269/269/269/269,connected
1790643666,false,1036/1036/1036/1036,1036/1036/1036/1036,d1dafc7f/d1dafc7f/d1dafc7f/d1dafc7f,1/1/1/0,4/4/4/4,272/271/272/272/2088/265,269/269/269/269,connected
1790643682,false,1037/1037/1037/1037,1037/1037/1037/1037,d57a080b/d57a080b/d57a080b/d57a080b,0/0/0/0,4/4/4/4,273/271/272/272/2088/265,273/273/273/273,connected
1790643694,false,1037/1037/1037/1037,1037/1037/1037/1037,d57a080b/d57a080b/d57a080b/d57a080b,2/2/2/2,4/4/4/4,273/271/272/272/2088/265,273/273/273/273,connected
1790643710,false,1039/1039/1039/1039,1039/1039/1039/1039,3306c607/3306c607/3306c607/3306c607,0/0/0/0,4/4/4/4,273/271/272/272/2088/265,249/249/249/249,connected
1790643724,false,1039/1039/1039/1039,1039/1039/1039/1039,3306c607/3306c607/3306c607/3306c607,0/0/0/0,4/4/4/4,273/271/272/272/2088/265,249/249/249/249,connected
1790643739,false,1040/1040/1040/1040,1040/1040/1040/1040,3d81ab89/3d81ab89/3d81ab89/3d81ab89,0/0/0/0,4/4/4/4,272/271/271/271/2088/265,252/252/252/252,connected
1790643755,false,1042/1042/1042/1042,1042/1042/1042/1042,1f6bd477/1f6bd477/1f6bd477/1f6bd477,0/0/0/0,4/4/4/4,272/271/271/271/2088/265,239/239/239/239,connected
1790643771,false,1042/1042/1042/1042,1042/1042/1042/1042,1f6bd477/1f6bd477/1f6bd477/1f6bd477,1/1/1/1,4/4/4/4,272/271/271/271/2088/265,239/239/239/239,connected
1790643785,false,1044/1044/1044/1044,1044/1044/1044/1044,7446e387/7446e387/7446e387/7446e387,0/0/0/0,4/4/4/4,272/271/271/271/2088/265,234/234/234/234,connected
1790643801,false,1044/1044/1044/1044,1044/1044/1044/1044,7446e387/7446e387/7446e387/7446e387,0/0/0/0,4/4/4/4,272/271/271/271/2088/265,234/234/234/234,connected
1790643814,false,1044/1044/1044/1044,1044/1044/1044/1044,7446e387/7446e387/7446e387/7446e387,2/2/2/2,4/4/4/4,272/271/271/271/2088/265,234/234/234/234,connected
1790643829,false,1044/1044/1044/1044,1044/1044/1044/1044,7446e387/7446e387/7446e387/7446e387,2/2/2/2,4/4/4/4,272/271/271/271/2084/265,234/234/234/234,connected
1790643845,false,1045/1045/1045/1045,1045/1045/1045/1045,7c39ab7c/7c39ab7c/7c39ab7c/7c39ab7c,1/0/0/0,4/4/4/4,272/271/271/271/2088/265,235/235/235/235,connected
1790643860,false,1045/1045/1045/1045,1045/1045/1045/1045,7c39ab7c/7c39ab7c/7c39ab7c/7c39ab7c,2/2/2/2,4/4/4/4,272/271/271/271/2088/265,235/235/235/235,connected
1790643875,false,1047/1047/1047/1047,1047/1047/1047/1047,07fb6c14/07fb6c14/07fb6c14/07fb6c14,0/0/0/0,4/4/4/4,272/271/271/271/2088/265,200/200/200/200,connected
1790643890,false,1048/1048/1048/1048,1048/1048/1048/1048,d09f7de6/d09f7de6/d09f7de6/d09f7de6,1/1/1/1,4/4/4/4,272/271/271/271/2088/265,202/202/202/202,connected
1790643905,false,1051/1051/1051/1051,1051/1051/1051/1051,92152549/92152549/92152549/92152549,0/0/0/0,4/4/4/4,272/271/271/271/2084/265,206/206/206/206,connected
1790643920,false,1052/1052/1052/1052,1052/1052/1052/1052,556c66ce/556c66ce/556c66ce/556c66ce,0/0/0/0,4/4/4/4,272/271/271/271/2088/265,208/208/208/208,connected
1790643935,false,1056/1056/1056/1056,1056/1056/1056/1056,a9181416/a9181416/a9181416/a9181416,0/0/0/0,4/4/4/4,272/271/271/271/2088/265,212/212/212/212,connected
1790643959,false,1056/1056/1056/1056,1056/1056/1056/1056,a9181416/a9181416/a9181416/a9181416,0/0/0/0,4/4/4/4,274/271/271/271/2088/265,212/212/212/212,connected
1790643968,false,1059/1059/1059/1059,1059/1059/1059/1059,849efe8d/849efe8d/849efe8d/849efe8d,0/1/0/0,4/4/4/4,272/271/271/271/2088/265,216/216/216/216,connected
1790643982,false,1060/1060/1060/1060,1060/1060/1060/1060,5451657a/5451657a/5451657a/5451657a,0/0/0/0,4/4/4/4,272/271/271/271/2088/265,217/217/217/217,connected
1790643996,false,1062/1062/1062/1062,1062/1062/1062/1062,3b84e8ba/3b84e8ba/3b84e8ba/3b84e8ba,0/0/0/0,4/4/4/4,272/271/271/271/2084/265,217/217/217/217,connected
1790644011,false,1066/1065/1065/1065,1066/1065/1065/1065,1d51e450/a431f539/a431f539/a431f539,0/1/1/1,4/4/4/4,272/271/271/271/2088/265,226/223/223/223,connected
1790644026,false,1069/1069/1069/1069,1069/1069/1069/1069,20f578bf/20f578bf/20f578bf/20f578bf,1/0/0/0,4/4/4/4,272/271/271/271/2088/265,235/235/235/235,connected
1790644041,false,1069/1069/1069/1069,1069/1069/1069/1069,20f578bf/20f578bf/20f578bf/20f578bf,1/1/1/1,4/4/4/4,272/271/271/271/2088/265,235/235/235/235,connected
1790644056,false,1073/1072/1073/1072,1073/1073/1073/1073,9601e681/d8ae22d7/9601e681/d8ae22d7,0/0/0/0,4/4/4/4,272/271/271/271/2088/265,238/235/238/235,connected
1790644071,false,1074/1074/1074/1074,1074/1074/1074/1074,1929abab/1929abab/1929abab/1929abab,1/1/1/1,4/4/4/4,272/271/271/271/2088/265,241/241/241/241,connected
1790644086,false,1077/1077/1077/1077,1077/1077/1077/1077,57ba4977/57ba4977/57ba4977/57ba4977,0/0/0/0,4/4/4/4,272/271/271/271/2088/265,251/251/251/251,connected
1790644101,false,1078/1078/1078/1078,1078/1078/1078/1078,b70f1fa4/b70f1fa4/b70f1fa4/b70f1fa4,0/0/0/0,4/4/4/4,272/271/271/271/2088/265,255/255/255/255,connected
1790644116,false,1080/1080/1080/1080,1080/1080/1080/1080,3b493e80/3b493e80/3b493e80/3b493e80,0/0/0/0,4/4/4/4,272/271/271/271/2088/265,253/253/253/253,connected
1790644131,false,1080/1080/1080/1080,1080/1080/1080/1080,3b493e80/3b493e80/3b493e80/3b493e80,0/0/0/0,4/4/4/4,272/271/271/271/2088/265,253/253/253/253,connected
1790644147,false,1080/1080/1080/1080,1080/1080/1080/1080,3b493e80/3b493e80/3b493e80/3b493e80,1/1/1/1,4/4/4/4,274/271/271/271/2088/265,253/253/253/253,connected
1790644162,false,1083/1082/1082/1082,1083/1082/1082/1082,3c63a2d7/06093677/06093677/06093677,0/0/0/0,4/4/4/4,272/271/271/271/2088/263,240/238/238/238,connected
1790644177,false,1086/1086/1086/1086,1086/1086/1086/1086,c637bb44/c637bb44/c637bb44/c637bb44,0/0/0/0,4/4/4/4,272/271/271/271/2088/265,248/248/248/248,connected
1790644192,false,1086/1086/1086/1086,1086/1086/1086/1086,c637bb44/c637bb44/c637bb44/c637bb44,1/1/1/1,4/4/4/4,272/271/271/271/2088/265,248/248/248/248,connected
1790644207,false,1087/1086/1086/1086,1087/1086/1086/1086,f98acd93/c637bb44/c637bb44/c637bb44,0/1/1/1,4/4/4/4,272/271/271/271/2088/265,251/248/248/248,connected
1790644222,false,1088/1088/1088/1088,1088/1088/1088/1088,875493de/875493de/875493de/875493de,0/0/0/0,4/4/4/4,272/271/271/271/2088/265,238/238/238/238,connected
1790644237,false,1089/1089/1089/1089,1089/1089/1089/1089,5728b5e0/5728b5e0/5728b5e0/5728b5e0,0/0/0/0,4/4/4/4,272/271/271/271/2088/265,237/237/237/237,connected
1790644252,false,1094/1094/1094/1094,1094/1094/1094/1094,d8e28584/d8e28584/d8e28584/d8e28584,0/0/0/0,4/4/4/4,272/271/271/271/2088/265,245/245/245/245,connected
1790644268,false,1095/1095/1095/1095,1095/1095/1095/1095,5cee2e5b/5cee2e5b/5cee2e5b/5cee2e5b,0/0/0/0,4/4/4/4,272/271/271/271/2088/265,249/249/249/249,connected
1790644283,false,1095/1095/1095/1095,1095/1095/1095/1095,5cee2e5b/5cee2e5b/5cee2e5b/5cee2e5b,1/1/1/2,4/4/4/4,272/271/271/271/2088/265,249/249/249/249,connected
1790644298,false,1096/1096/1096/1096,1096/1096/1096/1096,46804b8d/46804b8d/46804b8d/46804b8d,1/1/1/1,4/4/4/4,272/271/271/271/2088/265,252/252/252/252,connected
1790644313,false,1099/1099/1099/1099,1099/1099/1099/1099,8b7ae2f7/8b7ae2f7/8b7ae2f7/8b7ae2f7,1/1/1/1,4/4/4/4,273/271/271/271/2088/265,243/243/243/243,connected
1790644328,false,1100/1100/1100/1100,1100/1100/1100/1100,1cace36b/1cace36b/1cace36b/1cace36b,1/1/1/1,4/4/4/4,273/271/271/271/2088/265,247/247/247/247,connected
1790644343,false,1101/1101/1101/1101,1101/1101/1101/1101,7d80ca27/7d80ca27/7d80ca27/7d80ca27,0/0/0/0,4/4/4/4,272/271/271/271/2088/265,248/248/248/248,connected
1790644358,false,1103/1103/1103/1103,1103/1103/1103/1103,7c61f70e/7c61f70e/7c61f70e/7c61f70e,1/1/1/1,4/4/4/4,272/271/271/271/2088/265,246/246/246/246,connected
1790644373,false,1103/1103/1103/1103,1103/1103/1103/1103,7c61f70e/7c61f70e/7c61f70e/7c61f70e,1/1/1/1,4/4/4/4,272/271/271/271/2088/265,246/246/246/246,connected
1790644388,false,1104/1104/1104/1104,1104/1104/1104/1104,c4036784/c4036784/c4036784/c4036784,2/1/1/2,4/4/4/4,272/271/271/271/2088/265,249/249/249/249,connected
1790644403,false,1106/1105/1105/1105,1106/1105/1105/1105,cd12eeaa/0c12f848/0c12f848/0c12f848,0/0/0/0,4/4/4/4,272/271/271/271/2088/265,233/233/233/233,connected
1790644418,false,1107/1107/1107/1107,1107/1107/1107/1107,f1ac484a/f1ac484a/f1ac484a/f1ac484a,0/0/0/0,4/4/4/4,272/271/271/271/2088/265,235/235/235/235,connected
1790644433,false,1110/1109/1109/1109,1110/1110/1110/1110,5566c597/1af09905/1af09905/1af09905,0/0/0/0,4/4/4/4,272/271/271/271/2088/265,236/235/235/235,connected
1790644448,false,1110/1110/1110/1110,1110/1110/1110/1110,5566c597/5566c597/5566c597/5566c597,1/1/1/2,4/4/4/4,272/271/271/271/2088/265,236/236/236/236,connected
1790644463,false,1110/1110/1110/1110,1110/1110/1110/1110,5566c597/5566c597/5566c597/5566c597,2/2/2/2,4/4/4/4,272/271/271/271/2088/265,236/236/236/236,connected
1790644479,false,1113/1113/1113/1113,1113/1113/1113/1113,ad167ca5/ad167ca5/ad167ca5/ad167ca5,0/0/0/0,4/4/4/4,272/271/271/271/2088/265,227/227/227/227,connected
1790644494,false,1115/1115/1115/1115,1115/1115/1115/1115,5641c099/5641c099/5641c099/5641c099,0/0/0/0,4/4/4/4,272/271/271/271/2088/265,233/233/233/233,connected
1790644509,false,1115/1115/1115/1115,1115/1115/1115/1115,5641c099/5641c099/5641c099/5641c099,1/1/1/1,4/4/4/4,272/271/271/271/2088/265,233/233/233/233,connected
1790644524,false,1116/1116/1116/1116,1116/1116/1116/1116,c0c2b5d1/c0c2b5d1/c0c2b5d1/c0c2b5d1,0/0/0/0,4/4/4/4,272/271/271/271/2088/265,236/236/236/236,connected
1790644539,false,1118/1118/1118/1118,1118/1118/1118/1118,9ebec7da/9ebec7da/9ebec7da/9ebec7da,1/1/1/1,4/4/4/4,272/271/271/271/2088/265,227/227/227/227,connected
1790644554,false,1118/1118/1118/1118,1118/1118/1118/1118,9ebec7da/9ebec7da/9ebec7da/9ebec7da,2/2/2/2,4/4/4/4,272/271/271/271/2088/265,227/227/227/227,connected
1790644569,false,1119/1119/1119/1119,1119/1119/1119/1119,9c93cc74/9c93cc74/9c93cc74/9c93cc74,1/1/1/1,4/4/4/4,272/271/271/271/2088/265,230/230/230/230,connected
1790644584,false,1123/1123/1122/1122,1123/1123/1123/1123,171b85af/171b85af/dbae9d0c/dbae9d0c,0/0/0/0,4/4/4/4,272/271/271/271/2088/265,225/225/223/223,connected
1790644599,false,1125/1125/1125/1125,1125/1125/1125/1125,391c36e3/391c36e3/391c36e3/391c36e3,0/0/0/0,4/4/4/4,272/271/271/271/2088/265,230/230/230/230,connected
1790644615,false,1128/1128/1128/1128,1128/1128/1128/1128,84246832/84246832/84246832/84246832,0/0/0/0,4/4/4/4,272/271/271/271/2088/265,234/234/234/234,connected
1790644630,false,1129/1129/1129/1129,1129/1129/1129/1129,fbf6f865/fbf6f865/fbf6f865/fbf6f865,0/0/0/0,4/4/4/4,272/271/271/271/2088/265,237/237/237/237,connected
1790644645,false,1130/1130/1130/1130,1130/1130/1130/1130,d1ac1368/d1ac1368/d1ac1368/d1ac1368,0/0/0/0,4/4/4/4,272/271/271/271/2088/265,241/241/241/241,connected
1790644660,false,1133/1133/1133/1133,1133/1133/1133/1133,6c08a5de/6c08a5de/6c08a5de/6c08a5de,0/0/0/0,4/4/4/4,272/271/271/271/2088/265,241/241/241/241,connected
1790644675,false,1133/1133/1133/1133,1133/1133/1133/1133,6c08a5de/6c08a5de/6c08a5de/6c08a5de,1/1/1/1,4/4/4/4,272/271/271/271/2088/265,241/241/241/241,connected
1790644690,false,1133/1133/1133/1133,1133/1133/1133/1133,6c08a5de/6c08a5de/6c08a5de/6c08a5de,2/2/2/2,4/4/4/4,272/271/271/271/2088/265,241/241/241/241,connected
1790644706,false,1135/1134/1134/1134,1135/1134/1134/1134,d4902c03/3b171bb8/95b6959b/3b171bb8,0/0/0/0,4/4/4/4,272/271/271/271/2088/265,224/244/244/244,connected
1790644720,false,1135/1135/1135/1135,1135/1135/1135/1135,d4902c03/d4902c03/d4902c03/d4902c03,0/0/0/0,4/4/4/4,272/271/271/271/2088/265,224/224/224/224,connected
1790644736,false,1136/1135/1135/1135,1136/1135/1135/1135,076ab605/d4902c03/d4902c03/d4902c03,1/1/1/1,4/4/4/4,272/271/271/271/2088/265,226/224/224/224,connected
1790644750,false,1136/1136/1136/1136,1136/1136/1136/1136,076ab605/076ab605/076ab605/076ab605,2/2/2/2,4/4/4/4,272/271/271/271/2088/265,226/226/226/226,connected
1790644765,false,1139/1139/1139/1139,1139/1139/1139/1139,dbb49ac3/dbb49ac3/dbb49ac3/dbb49ac3,0/0/0/0,4/4/4/4,272/271/271/271/2088/265,213/213/213/213,connected
1790644781,false,1141/1141/1141/1141,1141/1141/1141/1141,5761bc28/5761bc28/5761bc28/5761bc28,1/1/1/1,4/4/4/4,272/271/271/271/2084/265,218/218/218/218,connected
1790644795,false,1143/1143/1143/1143,1143/1143/1143/1143,186c3f1b/186c3f1b/186c3f1b/186c3f1b,1/1/1/1,4/4/4/4,272/271/271/271/2088/265,223/223/223/223,connected
1790644811,false,1143/1143/1143/1143,1143/1143/1143/1143,186c3f1b/186c3f1b/186c3f1b/186c3f1b,1/2/1/2,4/4/4/4,272/271/271/271/2088/265,223/223/223/223,connected
1790644826,false,1143/1143/1143/1143,1143/1143/1143/1143,186c3f1b/186c3f1b/186c3f1b/186c3f1b,2/2/2/2,4/4/4/4,272/271/271/271/2088/265,223/223/223/223,connected
1790644841,false,1144/1143/1143/1143,1144/1143/1143/1143,0bcf1afa/186c3f1b/186c3f1b/186c3f1b,0/2/2/2,4/4/4/4,272/271/271/271/2088/265,226/223/223/223,connected
1790644857,false,1146/1145/1145/1145,1146/1145/1145/1145,b0d655c4/b6b37be1/b6b37be1/b6b37be1,0/0/0/0,4/4/4/4,272/271/271/271/2088/265,202/204/204/204,connected
1790644871,false,1146/1146/1146/1146,1146/1146/1146/1146,b0d655c4/b0d655c4/b0d655c4/b0d655c4,0/0/0/0,4/4/4/4,272/271/271/271/2088/265,202/202/202/202,connected
1790644887,false,1148/1148/1148/1148,1148/1148/1148/1148,ee88dbaf/ee88dbaf/ee88dbaf/ee88dbaf,0/0/0/0,4/4/4/4,274/271/271/271/2088/265,202/202/202/202,connected
1790644901,false,1151/1151/1151/1151,1151/1151/1151/1151,d33e675a/d33e675a/d33e675a/d33e675a,0/0/0/1,4/4/4/4,274/271/271/271/2084/265,209/209/209/209,connected
1790644917,false,1153/1153/1153/1153,1153/1153/1153/1153,3892b6f3/3892b6f3/3892b6f3/3892b6f3,0/0/0/1,4/4/4/4,272/271/271/271/2088/265,213/213/213/213,connected
1790644932,false,1156/1156/1156/1156,1156/1156/1156/1156,b3151f32/b3151f32/b3151f32/b3151f32,1/1/1/1,4/4/4/4,272/271/271/271/2088/265,216/216/216/216,connected
1790644947,false,1158/1158/1158/1158,1158/1158/1158/1158,e5b4601b/e5b4601b/e5b4601b/e5b4601b,0/0/0/0,4/4/4/4,272/271/271/271/2088/265,220/220/220/220,connected
1790644962,false,1158/1158/1158/1158,1158/1158/1158/1158,e5b4601b/e5b4601b/e5b4601b/e5b4601b,2/2/2/2,4/4/4/4,272/271/271/271/2088/265,220/220/220/220,connected
1790644977,false,1159/1159/1159/1159,1159/1159/1159/1159,1317ae76/1317ae76/1317ae76/1317ae76,0/0/0/0,4/4/4/4,272/271/271/271/2084/265,221/221/221/221,connected
1790644992,false,1162/1162/1162/1162,1162/1162/1162/1162,df9dff2f/df9dff2f/df9dff2f/df9dff2f,0/0/0/0,4/4/4/4,272/271/271/271/2088/265,216/216/216/216,connected
1790645007,false,1164/1164/1164/1164,1164/1164/1164/1164,0999a303/0999a303/0999a303/0999a303,0/0/0/0,4/4/4/4,272/271/271/271/2088/265,222/222/222/222,connected
1790645022,false,1165/1165/1165/1165,1165/1165/1165/1165,1f9ec742/1f9ec742/1f9ec742/1f9ec742,2/2/1/2,4/4/4/4,272/271/271/271/2088/265,222/222/222/222,connected
1790645037,false,1168/1168/1168/1168,1168/1168/1168/1168,ad1531ff/ad1531ff/ad1531ff/ad1531ff,0/0/0/0,4/4/4/4,272/271/271/271/2088/265,225/225/225/225,connected
1790645053,false,1170/1169/1169/1169,1170/1169/1169/1169,c98f279e/b0e27276/b0e27276/b0e27276,0/0/0/0,4/4/4/4,272/271/272/271/2086/265,225/228/228/228,connected
1790645068,false,1173/1173/1173/1173,1173/1173/1173/1173,a01d5da3/a01d5da3/a01d5da3/a01d5da3,0/0/0/0,4/4/4/4,272/271/272/271/2088/265,234/234/234/234,connected
1790645083,false,1177/1177/1177/1177,1177/1177/1177/1177,f1861ad1/f1861ad1/f1861ad1/f1861ad1,1/1/1/1,4/4/4/4,272/271/272/271/2088/265,248/248/248/248,connected
1790645098,false,1178/1178/1178/1178,1178/1178/1178/1178,1f60472a/1f60472a/1f60472a/1f60472a,0/1/1/1,4/4/4/4,272/271/272/271/2088/265,252/252/252/252,connected
1790645113,false,1180/1179/1179/1179,1180/1179/1179/1179,b3acb26a/4e341acc/4e341acc/4e341acc,0/1/1/1,4/4/4/4,272/273/272/271/2088/265,258/255/255/255,connected
1790645128,false,1181/1180/1180/1180,1181/1180/1180/1180,0a28b08a/b3acb26a/b3acb26a/b3acb26a,0/0/0/0,4/4/4/4,272/271/272/271/2088/265,259/258/258/258,connected
1790645143,false,1181/1181/1181/1181,1181/1181/1181/1181,0a28b08a/0a28b08a/0a28b08a/0a28b08a,2/2/2/1,4/4/4/4,272/271/272/271/2088/265,259/259/259/259,connected
1790645158,false,1182/1182/1182/1182,1182/1182/1182/1182,9694ae33/9694ae33/9694ae33/9694ae33,0/0/0/0,4/4/4/4,272/271/272/271/2088/265,255/255/255/255,connected
1790645173,false,1183/1183/1183/1183,1183/1183/1183/1183,4a02532e/4a02532e/4a02532e/4a02532e,0/0/0/0,4/4/4/4,272/271/272/271/2088/265,241/241/241/241,connected
1790645188,false,1185/1185/1185/1185,1185/1185/1185/1185,9ceedece/9ceedece/9ceedece/9ceedece,1/1/1/1,4/4/4/4,272/271/272/271/2088/265,239/239/239/239,connected
1790645203,false,1186/1186/1186/1186,1186/1186/1186/1186,aedfbd54/aedfbd54/76956115/aedfbd54,2/2/1/2,4/4/4/4,274/271/272/271/2088/265,241/241/241/241,connected
1790645219,false,1187/1187/1187/1187,1187/1187/1187/1187,73406690/73406690/73406690/73406690,1/1/1/1,4/4/4/4,272/271/272/271/2088/265,244/244/244/244,connected
1790645234,false,1190/1190/1190/1190,1190/1190/1190/1190,5ef6ee76/5ef6ee76/5ef6ee76/5ef6ee76,0/1/1/1,4/4/4/4,272/271/272/271/2088/265,240/240/240/240,connected
1790645249,false,1190/1190/1190/1190,1190/1190/1190/1190,5ef6ee76/5ef6ee76/5ef6ee76/5ef6ee76,1/1/1/1,4/4/4/4,272/271/272/271/2088/265,240/240/240/240,connected
1790645264,true,1190/1190/1190/1190,1190/1190/1190/1190,5ef6ee76/5ef6ee76/5ef6ee76/5ef6ee76,1/1/1/1,1/1/1/1,274/272/272/271/2088/265,240/240/240/240,partition
1790645279,true,1193/1193/1190/1190,1193/1193/1190/1190,076e4994/076e4994/5ef6ee76/5ef6ee76,0/1/3/3,1/1/1/1,272/272/272/271/2088/265,233/233/240/240,partition
1790645294,true,1193/1193/1190/1190,1193/1193/1190/1190,076e4994/076e4994/5ef6ee76/5ef6ee76,1/1/3/3,1/1/1/1,272/272/272/271/2088/265,233/233/240/240,partition
1790645309,true,1196/1196/1190/1190,1196/1196/1190/1190,ca21ec90/ca21ec90/5ef6ee76/5ef6ee76,0/0/3/3,1/1/1/1,272/272/272/271/2088/265,229/229/240/240,partition
1790645324,true,1196/1196/1190/1190,1196/1196/1190/1190,ca21ec90/ca21ec90/5ef6ee76/5ef6ee76,0/0/3/3,1/1/1/1,272/272/272/271/2088/265,229/229/240/240,partition
1790645339,true,1197/1197/1190/1190,1197/1197/1190/1190,d741e221/d741e221/5ef6ee76/5ef6ee76,1/1/3/3,1/1/1/1,272/272/272/271/2088/265,232/232/240/240,partition
1790645355,true,1201/1201/1190/1190,1201/1201/1190/1190,d5bbd4b1/d5bbd4b1/5ef6ee76/5ef6ee76,0/0/5/5,1/1/1/1,272/272/272/271/2088/265,229/229/240/240,partition
1790645370,true,1202/1202/1190/1190,1202/1202/1190/1190,337f6a51/337f6a51/5ef6ee76/5ef6ee76,0/0/5/5,1/1/1/1,272/272/272/271/2088/265,232/232/240/240,partition
1790645385,true,1203/1203/1190/1190,1203/1203/1190/1190,bb5b8020/bb5b8020/5ef6ee76/5ef6ee76,0/0/5/6,1/1/1/1,272/272/272/271/2088/265,235/235/240/240,partition
1790645400,true,1204/1204/1191/1191,1204/1204/1191/1191,8792debf/8792debf/5c1bee37/5c1bee37,2/2/1/1,1/1/1/1,272/272/272/271/2088/265,232/232/243/243,partition
1790645415,true,1205/1205/1191/1191,1205/1205/1191/1191,b325bf7b/b325bf7b/5c1bee37/5c1bee37,1/1/1/1,1/1/1/1,272/272/272/271/2088/265,231/231/243/243,partition
1790645430,true,1206/1206/1192/1192,1206/1206/1192/1192,c31578a2/c31578a2/b19edd4b/b19edd4b,0/0/0/0,1/1/1/1,272/272/272/271/2088/265,224/224/213/213,partition
1790645448,false,1207/1207/1192/1192,1207/1207/1198/1192,8a841c52/8a841c52/b19edd4b/b19edd4b,0/1/0/0,2/1/2/1,272/272/272/274/2088/265,226/226/213/213,heal
1790645460,false,1208/1208/1208/1208,1208/1208/1208/1208,1207d1f4/1207d1f4/1207d1f4/1207d1f4,4/4/4/4,4/4/4/4,273/272/272/272/2088/265,223/223/223/223,heal
1790645476,false,1211/1210/1210/1210,1211/1210/1210/1210,fb408a6e/faf2fd34/faf2fd34/faf2fd34,1/0/1/1,4/4/4/4,273/272/272/272/2088/265,219/218/218/218,heal
1790645490,false,1212/1212/1212/1212,1212/1212/1212/1212,21f535de/21f535de/21f535de/21f535de,1/1/1/1,4/4/4/4,273/272/272/272/2088/265,222/222/222/222,heal
1790645505,false,1213/1213/1213/1213,1213/1213/1213/1213,4625707c/4625707c/4625707c/4625707c,0/0/0/0,4/4/4/4,273/272/272/272/2088/265,225/225/225/225,connected
1790645521,false,1217/1217/1217/1217,1217/1217/1217/1217,72197fde/72197fde/72197fde/72197fde,1/1/1/1,4/4/4/4,273/272/272/272/2088/265,224/224/224/224,connected
1790645536,false,1219/1219/1219/1219,1219/1219/1219/1219,f945e933/f945e933/f945e933/f945e933,0/0/0/0,4/4/4/4,273/271/272/272/2088/265,230/230/230/230,connected
1790645551,false,1219/1219/1219/1219,1219/1219/1219/1219,f945e933/f945e933/f945e933/f945e933,1/1/1/1,4/4/4/4,273/272/272/272/2088/265,230/230/230/230,connected
1790645566,false,1219/1219/1219/1219,1219/1219/1219/1219,f945e933/f945e933/f945e933/f945e933,2/2/2/2,4/4/4/4,273/272/272/272/2088/265,230/230/230/230,connected
1790645581,false,1220/1220/1220/1220,1220/1220/1220/1220,36202483/36202483/36202483/36202483,0/0/0/0,4/4/4/4,273/272/272/272/2084/265,233/233/233/233,connected
1790645596,false,1222/1222/1222/1222,1222/1222/1222/1222,a7a94cc3/a7a94cc3/a7a94cc3/a7a94cc3,0/0/0/0,4/4/4/4,273/272/272/272/2088/265,218/218/218/218,connected
1790645611,false,1224/1224/1224/1224,1224/1224/1224/1224,cc743eac/cc743eac/cc743eac/cc743eac,0/0/0/0,4/4/4/4,273/272/272/272/2088/265,219/219/219/219,connected
1790645626,false,1226/1226/1226/1226,1226/1226/1226/1226,10c6483f/10c6483f/10c6483f/10c6483f,0/0/0/0,4/4/4/4,273/272/272/272/2084/265,223/223/223/223,connected
1790645642,false,1228/1228/1228/1228,1228/1228/1228/1228,f14b7ab3/f14b7ab3/f14b7ab3/f14b7ab3,0/0/0/0,4/4/4/4,275/272/272/272/2088/265,226/226/226/226,connected
1790645657,false,1231/1230/1230/1230,1231/1230/1230/1230,45b5b09a/e9682130/e9682130/e9682130,0/2/2/2,4/4/4/4,273/272/272/272/2088/265,235/232/232/232,connected
1790645672,false,1232/1232/1232/1232,1232/1232/1232/1232,1efc827d/1efc827d/1efc827d/1efc827d,0/1/1/1,4/4/4/4,273/272/272/272/2088/265,233/233/233/233,connected
1790645687,false,1232/1232/1232/1232,1232/1232/1232/1232,1efc827d/1efc827d/1efc827d/1efc827d,2/2/2/2,4/4/4/4,273/272/272/272/2088/265,233/233/233/233,connected
1790645702,false,1234/1233/1233/1233,1234/1233/1233/1233,04e43d0e/f712c464/f712c464/f712c464,0/0/0/0,4/4/4/4,273/272/275/273/2088/265,223/236/236/236,connected
1790645717,false,1236/1236/1236/1236,1236/1236/1236/1236,4199a7af/4199a7af/4199a7af/4199a7af,1/1/1/1,4/4/4/4,273/272/273/272/2088/265,226/226/226/226,connected
1790645732,false,1237/1237/1237/1237,1237/1237/1237/1237,ed84a122/ed84a122/ed84a122/ed84a122,0/0/0/0,4/4/4/4,273/272/273/272/2088/265,228/228/228/228,connected
1790645747,false,1237/1237/1237/1237,1237/1237/1237/1237,ed84a122/ed84a122/ed84a122/ed84a122,0/0/0/0,4/4/4/4,273/272/275/272/2088/265,228/228/228/228,connected
1790645762,false,1240/1240/1240/1240,1240/1240/1240/1240,0a4ff0bc/0a4ff0bc/0a4ff0bc/0a4ff0bc,0/0/0/0,4/4/4/4,273/272/273/272/2088/265,222/222/222/222,connected
1790645777,false,1242/1242/1242/1242,1242/1242/1242/1242,b170a66b/b170a66b/b170a66b/b170a66b,0/0/0/0,4/4/4/4,273/272/273/272/2088/265,226/226/226/226,connected
1790645792,false,1243/1243/1243/1243,1243/1243/1243/1243,3c1eaaa4/3c1eaaa4/3c1eaaa4/3c1eaaa4,1/1/1/1,4/4/4/4,273/272/273/272/2088/265,229/229/229/229,connected
1790645808,false,1244/1244/1244/1244,1244/1244/1244/1244,44516743/44516743/44516743/44516743,1/0/1/1,4/4/4/4,275/272/273/272/2088/265,230/230/230/230,connected
1790645822,false,1246/1246/1246/1246,1246/1246/1246/1246,e3ee42ea/e3ee42ea/e3ee42ea/e3ee42ea,0/0/0/0,4/4/4/4,273/272/273/272/2088/265,228/228/228/228,connected
1790645837,false,1246/1246/1246/1246,1246/1246/1246/1246,e3ee42ea/e3ee42ea/e3ee42ea/e3ee42ea,1/1/1/1,4/4/4/4,273/272/273/272/2088/265,228/228/228/228,connected
1790645852,false,1247/1247/1247/1247,1247/1247/1247/1247,89a18257/89a18257/89a18257/89a18257,1/1/1/1,4/4/4/4,273/272/273/272/2088/265,225/225/225/225,connected
1790645868,false,1248/1248/1248/1248,1248/1248/1248/1248,3e42de89/3e42de89/3e42de89/3e42de89,0/0/0/0,4/4/4/4,273/272/273/272/2088/265,219/219/219/219,connected
1790645883,false,1249/1249/1249/1249,1249/1249/1249/1249,18c3fdfa/18c3fdfa/18c3fdfa/18c3fdfa,1/1/1/1,4/4/4/4,273/272/273/272/2088/265,212/212/212/212,connected
1790645898,false,1253/1253/1253/1253,1253/1253/1253/1253,0884c247/0884c247/0884c247/0884c247,0/0/0/0,4/4/4/4,273/272/273/272/2088/265,217/217/217/217,connected
1790645913,false,1255/1255/1255/1255,1255/1255/1255/1255,fa4d58d8/fa4d58d8/fa4d58d8/fa4d58d8,1/1/1/1,4/4/4/4,273/272/273/272/2088/265,222/222/222/222,connected
1790645928,false,1256/1256/1256/1256,1256/1256/1256/1256,bfdd1abf/bfdd1abf/bfdd1abf/bfdd1abf,2/2/2/2,4/4/4/4,273/272/273/272/2088/265,224/224/224/224,connected
1790645944,false,1259/1259/1259/1259,1259/1259/1259/1259,a1f70095/a1f70095/a1f70095/a1f70095,0/0/0/0,4/4/4/4,275/272/273/272/2088/265,228/228/228/228,connected
1790645958,false,1262/1262/1262/1262,1262/1262/1262/1262,d6802d68/d6802d68/d6802d68/d6802d68,1/1/1/1,4/4/4/4,273/272/273/272/2088/263,237/237/237/237,connected
1790645974,false,1265/1265/1265/1265,1265/1265/1265/1265,50da1fa0/50da1fa0/50da1fa0/50da1fa0,0/0/0/0,4/4/4/4,273/272/272/272/2088/265,245/245/245/245,connected
1790645989,false,1265/1265/1265/1265,1265/1265/1265/1265,50da1fa0/50da1fa0/50da1fa0/50da1fa0,1/1/1/1,4/4/4/4,273/272/272/272/2088/265,245/245/245/245,connected
1790646004,false,1267/1266/1266/1266,1267/1267/1266/1267,5f6fceaf/e85d278d/e85d278d/e85d278d,0/0/0/0,4/4/4/4,273/272/272/272/2086/265,241/249/249/249,connected
1790646019,false,1269/1269/1269/1269,1269/1269/1269/1269,4dbc52a9/4dbc52a9/4dbc52a9/4dbc52a9,2/2/2/2,4/4/4/4,273/272/272/272/2088/265,245/245/245/245,connected
1790646034,false,1270/1270/1270/1270,1270/1270/1270/1270,dc840cc1/dc840cc1/dc840cc1/dc840cc1,0/0/0/0,4/4/4/4,273/272/272/272/2088/265,248/248/248/248,connected
1790646049,false,1272/1272/1272/1272,1272/1272/1272/1272,b1ba7702/b1ba7702/b1ba7702/b1ba7702,1/1/1/1,4/4/4/4,273/272/272/272/2088/265,245/245/245/245,connected
1790646064,false,1272/1272/1272/1272,1272/1272/1272/1272,b1ba7702/b1ba7702/b1ba7702/b1ba7702,2/2/2/2,4/4/4/4,273/272/272/272/2088/265,245/245/245/245,connected
1790646079,false,1276/1276/1275/1275,1276/1276/1276/1276,cf00fdc5/cf00fdc5/e1bd5156/e1bd5156,0/0/1/1,4/4/4/4,273/272/272/272/2088/265,241/241/238/238,connected
1790646094,false,1277/1277/1277/1277,1277/1277/1277/1277,a2796e0c/a2796e0c/a2796e0c/a2796e0c,1/1/1/1,4/4/4/4,273/272/272/272/2088/265,245/245/245/245,connected
1790646109,false,1279/1279/1279/1279,1279/1279/1279/1279,a79997c7/a79997c7/a79997c7/a79997c7,0/0/0/0,4/4/4/4,273/272/272/272/2088/265,252/252/252/252,connected
1790646125,false,1280/1280/1280/1280,1280/1280/1280/1280,dc58e226/dc58e226/dc58e226/dc58e226,0/0/0/0,4/4/4/4,275/272/272/272/2088/265,255/255/255/255,connected
1790646140,false,1284/1284/1284/1284,1284/1284/1284/1284,7e9d8731/7e9d8731/7e9d8731/7e9d8731,0/1/0/0,4/4/4/4,273/272/272/272/2088/265,261/261/261/261,connected
1790646155,false,1285/1284/1284/1284,1285/1284/1284/1284,2786738f/7e9d8731/7e9d8731/7e9d8731,1/2/2/2,4/4/4/4,273/272/272/272/2088/265,265/261/261/261,connected
1790646170,false,1287/1287/1287/1287,1287/1287/1287/1287,a072c58d/a072c58d/a072c58d/a072c58d,0/0/0/0,4/4/4/4,273/272/272/272/2088/265,265/265/265/265,connected
1790646185,false,1288/1288/1288/1288,1288/1288/1288/1288,61f6aad2/61f6aad2/61f6aad2/61f6aad2,1/1/1/1,4/4/4/4,273/272/272/272/2088/265,269/269/269/269,connected
1790646200,false,1289/1289/1289/1289,1289/1289/1289/1289,f523f1b7/f523f1b7/f523f1b7/f523f1b7,0/0/0/0,4/4/4/4,273/272/272/272/2088/265,269/269/269/269,connected
1790646215,false,1290/1290/1290/1290,1290/1290/1290/1290,bf4c1913/bf4c1913/bf4c1913/bf4c1913,0/0/1/0,4/4/4/4,273/272/272/272/2088/265,260/260/260/260,connected
1790646231,false,1291/1291/1291/1291,1291/1291/1291/1291,98858632/98858632/98858632/98858632,0/0/0/0,4/4/4/4,273/272/272/272/2086/265,257/257/257/257,connected
1790646246,false,1291/1291/1291/1291,1291/1291/1291/1291,98858632/98858632/98858632/98858632,1/1/1/1,4/4/4/4,273/272/272/272/2088/265,257/257/257/257,connected
1790646261,false,1292/1292/1292/1292,1292/1292/1292/1292,e891be3b/e891be3b/e891be3b/e891be3b,0/0/0/0,4/4/4/4,273/272/273/272/2088/265,254/254/254/254,connected
1790646276,false,1294/1294/1294/1294,1294/1294/1294/1294,46a47aa2/46a47aa2/46a47aa2/46a47aa2,0/0/0/0,4/4/4/4,273/272/273/272/2088/265,244/244/244/244,connected
1790646291,false,1296/1296/1296/1296,1296/1296/1296/1296,9f6a0c78/9f6a0c78/9f6a0c78/9f6a0c78,1/0/1/0,4/4/4/4,273/272/273/272/2088/265,243/243/243/243,connected
1790646306,false,1297/1297/1297/1297,1297/1297/1297/1297,d3484b9b/d3484b9b/d3484b9b/d3484b9b,0/1/1/1,4/4/4/4,273/272/273/272/2088/265,246/246/246/246,connected
1790646321,false,1298/1298/1298/1298,1298/1298/1298/1298,e32cf070/e32cf070/e32cf070/e32cf070,0/0/0/0,4/4/4/4,273/273/273/272/2088/265,248/248/248/248,connected
1790646336,false,1299/1299/1299/1299,1299/1299/1299/1299,23c209ed/23c209ed/23c209ed/23c209ed,1/1/1/1,4/4/4/4,273/273/273/272/2088/265,240/240/240/240,connected
1790646351,false,1301/1301/1301/1301,1301/1301/1301/1301,1129ecc5/1129ecc5/1129ecc5/1129ecc5,1/2/1/2,4/4/4/4,273/273/273/272/2088/265,240/240/240/240,connected
1790646367,false,1302/1302/1302/1302,1302/1302/1302/1302,9f7f9d4f/9f7f9d4f/9f7f9d4f/9f7f9d4f,0/0/0/0,4/4/4/4,275/273/273/272/2088/265,243/243/243/243,connected
1790646381,false,1306/1306/1306/1306,1306/1306/1306/1306,98208389/98208389/98208389/98208389,1/1/1/1,4/4/4/4,273/273/273/272/2088/265,248/248/248/248,connected
1790646396,false,1306/1306/1306/1306,1306/1306/1306/1306,98208389/98208389/98208389/98208389,1/1/1/1,4/4/4/4,273/273/273/272/2084/265,248/248/248/248,connected
1790646411,false,1310/1310/1310/1310,1310/1310/1310/1310,6d38d13b/6d38d13b/6d38d13b/6d38d13b,0/1/1/1,4/4/4/4,273/273/273/272/2088/265,254/254/254/254,connected
1790646426,false,1311/1311/1311/1311,1311/1311/1311/1311,6d0ddb46/6d0ddb46/6d0ddb46/6d0ddb46,1/1/1/1,4/4/4/4,274/273/273/272/2088/265,257/257/257/257,connected
1790646441,false,1312/1312/1312/1312,1312/1312/1312/1312,f159f283/f159f283/f159f283/f159f283,1/1/1/1,4/4/4/4,274/273/273/272/2088/265,260/260/260/260,connected
1790646457,false,1314/1314/1314/1314,1314/1314/1314/1314,d7c5ca72/d7c5ca72/d7c5ca72/d7c5ca72,0/0/0/0,4/4/4/4,274/273/273/272/2088/265,253/253/253/253,connected
1790646472,false,1315/1315/1315/1315,1315/1315/1315/1315,60d599b5/60d599b5/60d599b5/60d599b5,0/0/0/0,4/4/4/4,276/273/273/272/2088/265,257/257/257/257,connected
1790646487,false,1317/1317/1317/1317,1317/1317/1317/1317,69d496b0/69d496b0/69d496b0/69d496b0,1/1/1/1,4/4/4/4,274/273/273/272/2088/265,256/256/256/256,connected
1790646502,false,1319/1319/1319/1319,1319/1319/1319/1319,36516eee/36516eee/36516eee/36516eee,1/1/1/1,4/4/4/4,274/273/273/272/2088/265,259/259/259/259,connected
1790646517,false,1320/1320/1320/1320,1320/1320/1320/1320,70a4abda/8941ba4d/8941ba4d/8941ba4d,0/0/0/0,4/4/4/4,274/273/273/272/2088/265,263/263/263/263,connected
1790646532,false,1322/1322/1322/1322,1322/1322/1322/1322,4a905b0f/4a905b0f/4a905b0f/4a905b0f,1/0/2/1,4/4/4/4,274/273/273/272/2088/265,254/254/254/254,connected
1790646547,false,1324/1324/1324/1324,1324/1324/1324/1324,1776dab1/1776dab1/1776dab1/1776dab1,0/0/0/0,4/4/4/4,274/272/273/272/2088/265,259/259/259/259,connected
1790646562,false,1327/1327/1327/1327,1327/1327/1327/1327,1b8e8706/1b8e8706/1b8e8706/1b8e8706,0/0/0/0,4/4/4/4,274/272/273/272/2088/265,270/270/270/270,connected
1790646577,false,1328/1328/1328/1328,1328/1328/1328/1328,e8cb37fb/e8cb37fb/e8cb37fb/e8cb37fb,0/0/0/0,4/4/4/4,274/272/273/272/2088/265,273/273/273/273,connected
1790646592,false,1330/1330/1330/1330,1330/1330/1330/1330,2799a065/2799a065/2799a065/2799a065,0/0/0/0,4/4/4/4,274/273/273/273/2088/265,269/269/269/269,connected
1790646607,false,1335/1335/1335/1335,1335/1335/1335/1335,4897c55f/4897c55f/4897c55f/4897c55f,0/0/0/0,4/4/4/4,274/273/273/273/2088/265,289/289/289/289,connected
1790646622,false,1335/1335/1335/1335,1335/1335/1335/1335,4897c55f/4897c55f/4897c55f/4897c55f,1/1/1/1,4/4/4/4,274/273/273/273/2088/265,289/289/289/289,connected
1790646638,false,1336/1336/1336/1336,1336/1336/1336/1336,a9fcd35f/a9fcd35f/a9fcd35f/a9fcd35f,1/1/1/1,4/4/4/4,274/273/273/273/2088/265,293/293/293/293,connected
1790646653,false,1338/1338/1338/1338,1338/1338/1338/1338,f2874941/f2874941/f2874941/f2874941,0/0/0/0,4/4/4/4,274/273/273/273/2088/265,290/290/290/290,connected
1790646668,false,1338/1338/1338/1338,1338/1338/1338/1338,f2874941/f2874941/f2874941/f2874941,1/0/1/1,4/4/4/4,274/273/273/273/2088/265,290/290/290/290,connected
1790646683,false,1341/1341/1341/1341,1341/1341/1341/1341,5c71dc76/5c71dc76/5c71dc76/5c71dc76,0/0/0/0,4/4/4/4,274/273/273/273/2088/265,281/281/281/281,connected
1790646698,false,1341/1341/1341/1341,1341/1341/1341/1341,5c71dc76/5c71dc76/5c71dc76/5c71dc76,0/0/0/0,4/4/4/4,274/273/273/273/2088/265,281/281/281/281,connected
1790646713,false,1342/1342/1342/1342,1342/1342/1342/1342,a6ea4441/a6ea4441/a6ea4441/a6ea4441,1/1/1/1,4/4/4/4,274/273/273/273/2088/265,285/285/285/285,connected
1790646728,false,1342/1342/1342/1342,1342/1342/1342/1342,a6ea4441/a6ea4441/a6ea4441/a6ea4441,2/2/2/1,4/4/4/4,274/273/273/273/2088/265,285/285/285/285,connected
1790646743,false,1343/1343/1343/1343,1343/1343/1343/1343,8f7b05fa/8f7b05fa/8f7b05fa/8f7b05fa,0/0/0/0,4/4/4/4,274/273/273/273/2088/265,277/277/277/277,connected
1790646759,false,1345/1345/1345/1345,1345/1345/1345/1345,37ceeb8d/37ceeb8d/37ceeb8d/37ceeb8d,1/1/1/0,4/4/4/4,276/273/273/273/2088/265,256/256/256/256,connected
1790646774,false,1346/1346/1346/1346,1346/1346/1346/1346,7268e8f6/7268e8f6/7268e8f6/7268e8f6,1/1/1/1,4/4/4/4,274/273/273/273/2088/265,259/259/259/259,connected
1790646789,false,1348/1348/1348/1348,1348/1348/1348/1348,11f3b333/11f3b333/11f3b333/11f3b333,0/0/0/0,4/4/4/4,274/273/273/273/2088/265,261/261/261/261,connected
1790646805,false,1350/1349/1349/1349,1350/1349/1349/1349,757ccbd2/e9dfcd4a/e9dfcd4a/e9dfcd4a,0/1/0/1,4/4/4/4,276/273/273/273/2088/265,259/264/264/264,connected
1790646819,false,1355/1355/1355/1355,1355/1355/1355/1355,6e08bb73/6e08bb73/6e08bb73/6e08bb73,0/0/0/0,4/4/4/4,274/273/273/273/2088/265,276/276/276/276,connected
1790646834,false,1355/1355/1355/1355,1355/1355/1355/1355,6e08bb73/6e08bb73/6e08bb73/6e08bb73,1/1/1/1,4/4/4/4,274/273/273/273/2088/265,276/276/276/276,connected
1790646849,false,1355/1355/1355/1355,1355/1355/1355/1355,6e08bb73/6e08bb73/6e08bb73/6e08bb73,2/2/2/2,4/4/4/4,274/273/273/273/2088/265,276/276/276/276,connected
1790646864,false,1356/1356/1356/1356,1356/1356/1356/1356,6174fe7c/6174fe7c/6174fe7c/6174fe7c,0/0/0/0,4/4/4/4,274/273/273/273/2088/265,280/280/280/280,connected
1790646879,false,1356/1356/1356/1356,1356/1356/1356/1356,6174fe7c/6174fe7c/6174fe7c/6174fe7c,2/2/2/2,4/4/4/4,274/273/273/273/2088/265,280/280/280/280,connected
1790646895,false,1357/1356/1356/1356,1357/1356/1356/1356,34c8fd54/6174fe7c/6174fe7c/6174fe7c,0/3/3/3,4/4/4/4,274/273/273/273/2088/265,265/280/280/280,connected
1790646910,false,1358/1357/1357/1357,1358/1357/1357/1357,04e091c5/34c8fd54/34c8fd54/34c8fd54,0/0/0/0,4/4/4/4,274/273/273/273/2088/265,250/265/265/265,connected
1790646925,false,1359/1359/1359/1359,1359/1359/1359/1359,2c674888/2c674888/2c674888/2c674888,1/1/1/1,4/4/4/4,274/273/273/273/2088/265,248/248/248/248,connected
1790646940,false,1360/1360/1360/1360,1360/1360/1360/1360,7e2316eb/7e2316eb/7e2316eb/7e2316eb,1/1/1/1,4/4/4/4,274/273/273/273/2088/265,251/251/251/251,connected
1790646955,false,1362/1361/1361/1361,1362/1361/1361/1361,37ee4751/657f5100/657f5100/657f5100,0/0/0/0,4/4/4/4,274/273/273/273/2088/265,239/239/239/239,connected
1790646970,false,1364/1364/1364/1364,1364/1364/1364/1364,22f9c8ca/22f9c8ca/22f9c8ca/22f9c8ca,0/0/0/0,4/4/4/4,274/273/273/273/2088/265,244/244/244/244,connected
1790646985,false,1366/1366/1366/1366,1366/1366/1366/1366,933548fd/933548fd/933548fd/933548fd,0/0/0/0,4/4/4/4,274/273/273/273/2088/265,249/249/249/249,connected
1790647001,false,1370/1369/1369/1369,1370/1369/1369/1369,164c85a1/2c2e2afd/2c2e2afd/2c2e2afd,0/1/1/1,4/4/4/4,274/273/273/273/2088/265,257/254/254/254,connected
1790647016,false,1371/1371/1371/1371,1371/1371/1371/1371,dde49466/dde49466/dde49466/dde49466,0/0/0/0,4/4/4/4,276/273/273/273/2088/265,261/261/261/261,connected
1790647031,false,1374/1374/1374/1374,1374/1374/1374/1374,85ce2a52/85ce2a52/85ce2a52/85ce2a52,0/0/0/0,4/4/4/4,274/273/273/273/2088/265,272/272/272/272,connected
1790647046,false,1374/1374/1374/1374,1374/1374/1374/1374,85ce2a52/85ce2a52/85ce2a52/85ce2a52,1/1/1/1,4/4/4/4,274/273/273/273/2084/265,272/272/272/272,connected
1790647061,false,1375/1375/1375/1375,1375/1375/1375/1375,94d9f780/94d9f780/94d9f780/94d9f780,0/1/1/0,4/4/4/4,274/273/273/273/2088/265,274/274/274/274,connected
1790647076,false,1376/1376/1376/1376,1376/1376/1376/1376,1bcc11d5/1bcc11d5/1bcc11d5/1bcc11d5,1/1/1/1,4/4/4/4,274/273/273/273/2088/265,268/268/268/268,connected
1790647092,false,1379/1378/1378/1378,1379/1379/1379/1379,65eb3793/9a799b09/9a799b09/9a799b09,0/0/0/0,4/4/4/4,276/273/273/273/2088/265,266/262/262/262,connected
1790647106,false,1381/1381/1381/1381,1381/1381/1381/1381,5cebf1b1/5cebf1b1/5cebf1b1/5cebf1b1,0/0/0/0,4/4/4/4,274/273/273/273/2088/265,269/269/269/269,connected
1790647121,false,1381/1381/1381/1381,1381/1381/1381/1381,5cebf1b1/5cebf1b1/5cebf1b1/5cebf1b1,1/1/1/1,4/4/4/4,276/273/273/273/2088/265,269/269/269/269,connected
1790647136,false,1384/1384/1385/1384,1384/1384/1385/1384,65eda911/65eda911/5d84e378/65eda911,0/0/0/0,4/4/4/4,274/273/273/275/2088/265,266/266/269/266,connected
1790647151,false,1387/1387/1387/1387,1387/1387/1387/1387,c6b22dc6/c6b22dc6/c6b22dc6/c6b22dc6,1/1/1/1,4/4/4/4,274/273/273/273/2088/265,277/277/277/277,connected
1790647166,false,1389/1389/1389/1389,1389/1389/1389/1389,b7ac3689/b7ac3689/b7ac3689/b7ac3689,0/0/0/0,4/4/4/4,274/273/273/273/2088/265,279/279/279/279,connected
1790647181,false,1390/1390/1390/1390,1390/1390/1390/1390,516695bb/516695bb/516695bb/516695bb,1/1/1/1,4/4/4/4,274/273/273/273/2088/265,283/283/283/283,connected
1790647196,false,1391/1391/1391/1391,1391/1391/1391/1391,76f80a41/76f80a41/76f80a41/76f80a41,0/0/0/0,4/4/4/4,274/273/273/273/2088/265,284/284/284/284,connected
1790647212,false,1393/1393/1393/1393,1393/1393/1393/1393,b3b0ae80/b3b0ae80/b3b0ae80/b3b0ae80,0/0/0/0,4/4/4/4,274/273/273/273/2088/265,283/283/283/283,connected
1790647227,false,1393/1393/1393/1393,1393/1393/1393/1393,b3b0ae80/b3b0ae80/b3b0ae80/b3b0ae80,2/2/2/2,4/4/4/4,274/273/273/273/2084/265,283/283/283/283,connected
1790647242,false,1395/1395/1395/1395,1395/1395/1395/1395,db9abee9/db9abee9/db9abee9/db9abee9,1/1/1/1,4/4/4/4,274/273/273/273/2088/265,276/276/276/276,connected
1790647257,false,1396/1396/1396/1396,1396/1396/1396/1396,abc619f2/abc619f2/abc619f2/abc619f2,0/0/0/0,4/4/4/4,274/273/273/273/2084/265,280/280/280/280,connected
1790647272,false,1398/1398/1398/1398,1398/1398/1398/1398,c8107af5/c8107af5/c8107af5/c8107af5,0/0/0/0,4/4/4/4,274/273/273/273/2088/265,273/273/273/273,connected
1790647287,false,1401/1401/1401/1401,1401/1401/1401/1401,26bbb006/26bbb006/26bbb006/26bbb006,0/0/0/0,4/4/4/4,274/273/273/273/2088/265,279/279/279/279,connected
1790647302,false,1403/1402/1402/1402,1403/1402/1402/1402,020b0793/6a6e9ea1/6a6e9ea1/6a6e9ea1,1/1/1/0,4/4/4/4,274/273/273/273/2088/265,281/283/283/283,connected
1790647317,false,1405/1405/1405/1405,1405/1405/1405/1405,77ff9464/77ff9464/77ff9464/77ff9464,0/0/0/0,4/4/4/4,274/273/273/273/2088/265,289/289/289/289,connected
1790647332,false,1406/1406/1406/1406,1406/1406/1406/1406,39e422e2/39e422e2/39e422e2/39e422e2,1/1/1/1,4/4/4/4,274/273/273/273/2088/265,292/292/292/292,connected
1790647347,false,1407/1407/1407/1407,1407/1407/1407/1407,1f5f9523/1f5f9523/1f5f9523/1f5f9523,1/1/1/1,4/4/4/4,274/273/273/273/2088/265,294/294/294/294,connected
1790647363,false,1409/1409/1409/1409,1409/1409/1409/1409,9a601a48/9a601a48/9a601a48/9a601a48,2/1/1/1,4/4/4/4,274/273/273/273/2088/265,285/285/285/285,connected
1790647378,false,1410/1410/1409/1409,1410/1410/1410/1410,1ba58d1c/1ba58d1c/9a601a48/9a601a48,0/0/2/2,4/4/4/4,274/273/273/273/2088/265,287/287/285/285,connected
1790647393,false,1411/1411/1410/1410,1411/1411/1411/1411,47cde56e/47cde56e/1ba58d1c/1ba58d1c,0/0/1/1,4/4/4/4,274/273/273/273/2088/265,281/281/287/287,connected
1790647408,false,1417/1417/1417/1417,1417/1417/1417/1417,d50f5b98/d50f5b98/d50f5b98/d50f5b98,0/0/0/0,4/4/4/4,274/273/273/273/2088/265,300/300/300/300,connected
1790647423,false,1419/1419/1419/1419,1419/1419/1419/1419,ffd7942f/ffd7942f/ffd7942f/ffd7942f,1/1/0/1,4/4/4/4,274/273/273/273/2088/265,309/309/309/309,connected
1790647438,false,1419/1419/1419/1419,1419/1419/1419/1419,ffd7942f/ffd7942f/ffd7942f/ffd7942f,2/3/3/3,4/4/4/4,274/273/274/273/2088/265,309/309/309/309,connected
1790647455,false,1420/1420/1420/1420,1420/1420/1420/1420,3f8ce953/3f8ce953/3f8ce953/3f8ce953,0/0/0/0,4/4/4/4,274/273/274/274/2088/265,314/314/314/314,connected
1790647469,false,1421/1421/1421/1421,1421/1421/1421/1421,ecbae4c0/ecbae4c0/ecbae4c0/ecbae4c0,0/0/0/0,4/4/4/4,274/273/274/274/2088/265,310/310/310/310,connected
1790647484,false,1422/1422/1422/1422,1422/1422/1422/1422,6fdcaea9/6fdcaea9/6fdcaea9/6fdcaea9,0/0/0/0,4/4/4/4,274/273/274/274/2088/265,299/299/299/299,connected
1790647499,false,1424/1424/1424/1424,1424/1424/1424/1424,09a3d0fa/09a3d0fa/09a3d0fa/09a3d0fa,1/1/1/1,4/4/4/4,274/273/274/274/2088/265,299/299/299/299,connected
1790647514,false,1424/1424/1424/1424,1424/1424/1424/1424,09a3d0fa/09a3d0fa/09a3d0fa/09a3d0fa,1/2/1/1,4/4/4/4,276/273/274/274/2084/265,299/299/299/299,connected
1790647529,false,1425/1425/1425/1425,1425/1425/1425/1425,63a14f03/63a14f03/63a14f03/63a14f03,3/3/3/3,4/4/4/4,274/273/274/274/2088/265,300/300/300/300,connected
1790647544,false,1426/1426/1426/1426,1426/1426/1426/1426,3d464b5e/3d464b5e/3d464b5e/3d464b5e,0/0/0/0,4/4/4/4,274/273/274/274/2088/265,294/294/294/294,connected
1790647560,false,1426/1426/1426/1426,1426/1426/1426/1426,3d464b5e/3d464b5e/3d464b5e/3d464b5e,0/0/0/0,4/4/4/4,274/273/274/274/2088/265,294/294/294/294,connected
1790647575,false,1427/1426/1426/1426,1427/1426/1426/1426,57b03b40/3d464b5e/3d464b5e/3d464b5e,1/1/1/1,4/4/4/4,274/275/274/274/2088/265,286/294/294/294,connected
1790647590,false,1430/1430/1430/1430,1430/1430/1430/1430,07d9f954/07d9f954/07d9f954/07d9f954,0/0/0/0,4/4/4/4,274/273/274/274/2088/265,271/271/271/271,connected
1790647605,false,1431/1431/1431/1431,1431/1431/1431/1431,a49a247c/a49a247c/a49a247c/a49a247c,0/0/0/0,4/4/4/4,274/273/274/274/2088/265,274/274/274/274,connected
1790647620,false,1433/1433/1433/1433,1433/1433/1433/1433,5b239010/5b239010/5b239010/5b239010,1/1/1/1,4/4/4/4,274/273/274/274/2088/265,276/276/276/276,connected
1790647635,false,1435/1435/1435/1435,1435/1435/1435/1435,15e5143f/15e5143f/15e5143f/15e5143f,0/0/0/0,4/4/4/4,274/273/274/274/2088/265,276/276/276/276,connected
1790647650,false,1438/1438/1438/1438,1438/1438/1438/1438,60c99ace/60c99ace/60c99ace/60c99ace,0/0/0/0,4/4/4/4,274/273/274/274/2088/265,284/284/284/284,connected
1790647668,false,1441/1441/1441/1441,1441/1441/1441/1441,9cbd3920/9cbd3920/9cbd3920/9cbd3920,0/0/0/0,4/4/4/4,274/273/274/274/2088/265,296/296/296/296,connected
1790647686,false,1442/1442/1442/1442,1442/1442/1442/1442,595c7fe3/595c7fe3/595c7fe3/595c7fe3,0/0/0/0,4/4/4/4,274/273/274/274/2088/265,300/300/300/300,connected
1790647700,false,1443/1443/1443/1443,1443/1443/1443/1443,8849cf5c/8849cf5c/8849cf5c/8849cf5c,0/0/0/0,4/4/4/4,274/273/274/274/2088/265,298/298/298/298,connected
1790647712,false,1443/1443/1443/1443,1443/1443/1443/1443,8849cf5c/8849cf5c/8849cf5c/8849cf5c,1/0/1/1,4/4/4/4,275/273/274/274/2088/265,298/298/298/298,connected
1790647731,false,1443/1443/1443/1443,1443/1443/1443/1443,8849cf5c/8849cf5c/8849cf5c/8849cf5c,2/2/2/2,4/4/4/4,275/273/274/274/2088/265,298/298/298/298,connected
1790647749,false,1443/1443/1443/1443,1443/1443/1443/1443,8849cf5c/8849cf5c/8849cf5c/8849cf5c,3/3/3/3,4/4/4/4,275/273/274/274/2088/265,298/298/298/298,connected
1790647762,false,1444/1444/1444/1444,1444/1444/1444/1444,59a8436e/59a8436e/59a8436e/59a8436e,1/1/1/1,4/4/4/4,275/273/274/274/2088/265,293/293/293/293,connected
1790647775,false,1447/1447/1447/1447,1447/1447/1447/1447,8c7e93f7/8c7e93f7/8c7e93f7/8c7e93f7,0/0/0/0,4/4/4/4,277/275/274/274/2088/265,261/261/261/261,connected
1790647792,false,1450/1450/1450/1450,1450/1450/1450/1450,27cbc880/27cbc880/27cbc880/27cbc880,0/0/0/0,4/4/4/4,275/273/274/274/2088/265,271/271/271/271,connected
1790647807,false,1451/1451/1451/1451,1451/1451/1451/1451,56b51ac3/56b51ac3/56b51ac3/56b51ac3,2/2/2/2,4/4/4/4,275/274/274/274/2088/265,275/275/275/275,connected
1790647824,false,1451/1451/1451/1451,1451/1451/1451/1451,56b51ac3/56b51ac3/56b51ac3/56b51ac3,4/3/3/3,4/4/4/4,275/274/274/274/2088/265,275/275/275/275,connected
1790647840,false,1451/1451/1451/1451,1451/1451/1451/1451,56b51ac3/56b51ac3/56b51ac3/56b51ac3,4/4/4/4,4/4/4/4,275/274/274/274/2088/265,275/275/275/275,connected
1790647852,false,1453/1453/1453/1453,1453/1453/1453/1453,4815f6ef/4815f6ef/4815f6ef/4815f6ef,0/0/0/0,4/4/4/4,275/274/274/274/2088/265,258/258/258/258,connected
1790647866,false,1454/1454/1454/1454,1454/1454/1454/1454,01998572/01998572/080a8baf/01998572,0/0/0/0,4/4/4/4,275/274/274/274/2088/265,259/259/259/259,connected
1790647877,false,1454/1454/1454/1454,1454/1454/1454/1454,01998572/01998572/080a8baf/01998572,2/2/2/2,4/4/4/4,275/274/274/274/2088/265,259/259/259/259,connected
1790647895,false,1455/1455/1455/1455,1455/1455/1455/1455,6d561af7/6d561af7/6d561af7/6d561af7,0/0/0/0,4/4/4/4,275/274/274/274/2088/265,260/260/260/260,connected
1790647907,false,1456/1456/1456/1456,1456/1456/1456/1456,31e36cf6/31e36cf6/31e36cf6/31e36cf6,0/0/0/0,4/4/4/4,275/274/274/274/2088/265,243/243/243/243,connected
1790647922,false,1457/1457/1457/1457,1457/1457/1457/1457,57fa25f3/57fa25f3/57fa25f3/57fa25f3,2/1/1/1,4/4/4/4,275/274/274/274/2088/265,239/239/239/239,connected
1790647942,false,1458/1457/1458/1457,1458/1458/1458/1458,46779b8f/57fa25f3/46779b8f/57fa25f3,0/2/0/2,4/4/4/4,275/274/274/274/2088/265,240/239/240/239,connected
1790647953,false,1459/1459/1459/1459,1459/1459/1459/1459,058cf86d/058cf86d/058cf86d/058cf86d,0/0/0/0,4/4/4/4,275/274/274/274/2088/265,235/235/235/235,connected
1790647968,false,1461/1461/1461/1461,1461/1461/1461/1461,aa863646/aa863646/aa863646/aa863646,0/0/0/0,4/4/4/4,275/274/274/274/2088/265,235/235/235/235,connected
1790647983,false,1462/1462/1462/1462,1462/1462/1462/1462,3e43ede3/3e43ede3/3e43ede3/3e43ede3,0/0/0/0,4/4/4/4,275/274/274/274/2088/265,236/236/236/236,connected
1790647998,false,1466/1464/1464/1464,1466/1465/1465/1465,19da0353/c571a0bf/c571a0bf/c571a0bf,0/0/0/0,4/4/4/4,275/276/278/276/2088/263,237/233/233/233,connected
1790648013,false,1467/1467/1467/1467,1467/1467/1467/1467,a731a9ea/a731a9ea/a731a9ea/a731a9ea,0/0/0/0,4/4/4/4,275/274/274/274/2088/265,240/240/240/240,connected
1790648029,false,1469/1469/1469/1469,1469/1469/1469/1469,c8775ac9/c8775ac9/c8775ac9/c8775ac9,1/1/1/1,4/4/4/4,275/274/274/274/2088/265,244/244/244/244,connected
1790648053,false,1472/1472/1472/1472,1472/1472/1472/1472,13c28e0b/13c28e0b/13c28e0b/13c28e0b,1/2/1/2,4/4/4/4,275/274/274/274/2088/265,250/250/250/250,connected
1790648064,false,1472/1472/1472/1472,1472/1472/1472/1472,13c28e0b/13c28e0b/13c28e0b/13c28e0b,2/2/2/2,4/4/4/4,275/274/274/274/2088/265,250/250/250/250,connected
1790648080,false,1472/1472/1472/1472,1472/1472/1472/1472,13c28e0b/13c28e0b/13c28e0b/13c28e0b,2/2/2/2,4/4/4/4,275/274/274/274/2088/265,250/250/250/250,connected
1790648093,false,1474/1474/1474/1474,1474/1474/1474/1474,fe5d0819/fe5d0819/fe5d0819/fe5d0819,2/2/2/2,4/4/4/4,275/274/274/274/2084/265,239/239/239/239,connected
1790648108,false,1476/1476/1476/1476,1476/1476/1476/1476,300e3f8d/300e3f8d/300e3f8d/300e3f8d,0/0/0/0,4/4/4/4,275/274/275/274/2088/265,242/242/242/242,connected
1790648123,false,1477/1477/1477/1477,1477/1477/1477/1477,6752d180/6752d180/6752d180/6752d180,0/0/0/0,4/4/4/4,275/274/275/274/2086/265,243/243/243/243,connected
1790648139,false,1478/1478/1478/1478,1478/1478/1478/1478,046ce893/046ce893/046ce893/046ce893,0/0/1/0,4/4/4/4,275/274/275/274/2088/265,242/242/242/242,connected
1790648155,true,1479/1479/1478/1478,1479/1479/1478/1478,7342f510/7342f510/046ce893/046ce893,0/0/1/1,1/1/1/1,275/274/275/274/2088/265,240/240/242/242,partition
1790648167,true,1479/1479/1478/1478,1479/1479/1478/1478,7342f510/7342f510/046ce893/046ce893,1/1/2/2,1/1/1/1,275/276/275/274/2088/265,240/240/242/242,partition
1790648185,true,1481/1481/1478/1478,1481/1481/1478/1478,2e8eb965/2e8eb965/046ce893/046ce893,0/0/2/2,1/1/1/1,275/274/275/274/2088/265,229/229/242/242,partition
1790648202,true,1482/1482/1478/1478,1482/1482/1478/1478,460c5b38/460c5b38/046ce893/046ce893,1/1/2/2,1/1/1/1,275/274/275/274/2088/265,231/231/242/242,partition
1790648219,true,1482/1482/1478/1478,1482/1482/1478/1478,460c5b38/460c5b38/046ce893/046ce893,1/1/3/4,1/1/1/1,275/276/275/274/2084/265,231/231/242/242,partition
1790648234,true,1485/1485/1478/1478,1485/1485/1478/1478,88e34677/88e34677/046ce893/046ce893,0/0/4/4,1/1/1/1,275/274/275/274/2088/265,222/222/242/242,partition
1790648247,true,1485/1485/1478/1478,1485/1485/1478/1478,88e34677/88e34677/046ce893/046ce893,0/0/4/4,1/1/1/1,277/276/275/274/2088/265,222/222/242/242,partition
1790648263,true,1487/1487/1478/1478,1487/1487/1478/1478,97835c1e/97835c1e/046ce893/046ce893,0/0/4/5,1/1/1/1,275/274/275/274/2088/265,221/221/242/242,partition
1790648274,true,1488/1488/1478/1478,1488/1488/1478/1478,acb2f7e6/acb2f7e6/046ce893/046ce893,0/0/5/5,1/1/1/1,275/274/275/274/2084/265,224/224/242/242,partition
1790648286,true,1488/1488/1478/1478,1488/1488/1478/1478,acb2f7e6/acb2f7e6/046ce893/046ce893,0/0/5/5,1/1/1/1,275/274/275/274/2079/265,224/224/242/242,partition
1790648300,true,1490/1490/1478/1478,1490/1490/1478/1478,f57ce3b8/f57ce3b8/046ce893/046ce893,0/0/5/6,1/1/1/1,275/274/203/203/2072/265,212/212/242/242,partition
1790648317,true,1490/1490/1478/1478,1490/1490/1478/1478,f57ce3b8/f57ce3b8/046ce893/046ce893,0/0/6/6,1/1/1/1,275/274/203/203/2079/265,212/212/242/242,partition
1790648332,false,1493/1493/1486/1479,1493/1493/1486/1479,5169542b/5169542b/0b916477/3cf35d75,2/2/4/0,4/2/4/4,275/274/275/274/2085/265,212/212/225/240,heal
1790648346,false,1495/1495/1495/1495,1495/1495/1495/1495,17115b76/17115b76/17115b76/17115b76,1/1/1/1,4/4/4/4,275/274/275/274/2086/265,213/213/213/213,heal
1790648360,false,1495/1495/1495/1495,1495/1495/1495/1495,17115b76/17115b76/17115b76/17115b76,2/1/1/2,4/4/4/4,275/274/275/274/2086/265,213/213/213/213,heal
1790648376,false,1496/1496/1496/1496,1496/1496/1496/1496,2513b203/2513b203/2513b203/2513b203,0/0/0/0,4/4/4/4,275/274/275/274/2087/265,214/214/214/214,heal
1790648391,false,1496/1496/1496/1496,1496/1496/1496/1496,2513b203/2513b203/2513b203/2513b203,0/0/0/0,4/4/4/4,275/274/275/274/2087/265,214/214/214/214,connected
1790648406,false,1499/1499/1499/1499,1499/1499/1499/1499,ae278908/ae278908/ae278908/ae278908,1/1/1/1,4/4/4/4,275/274/275/274/2087/265,203/203/203/203,connected
1790648421,false,1502/1502/1502/1502,1502/1502/1502/1502,2bc6f09d/2bc6f09d/2bc6f09d/2bc6f09d,0/1/0/1,4/4/4/4,275/274/275/274/2087/265,209/209/209/209,connected
1790648436,false,1506/1506/1506/1506,1506/1506/1506/1506,ad418a72/ad418a72/ad418a72/ad418a72,0/0/0/0,4/4/4/4,275/274/275/274/2087/265,218/218/218/218,connected
1790648451,false,1507/1507/1507/1507,1507/1507/1507/1507,94824668/94824668/94824668/94824668,0/0/0/0,4/4/4/4,275/274/275/274/2087/265,221/221/221/221,connected
1790648467,false,1511/1510/1510/1510,1511/1510/1510/1510,734ec32f/df70d1fa/df70d1fa/df70d1fa,1/1/1/1,4/4/4/4,275/274/275/274/2087/265,228/225/225/225,connected
1790648482,false,1512/1512/1512/1512,1512/1512/1512/1512,114dbfe0/114dbfe0/114dbfe0/114dbfe0,1/1/0/1,4/4/4/4,277/274/275/274/2083/265,231/231/231/231,connected
1790648497,false,1514/1514/1514/1514,1514/1514/1514/1514,3008bad1/3008bad1/3008bad1/3008bad1,0/0/0/0,4/4/4/4,275/274/275/274/2087/265,237/237/237/237,connected
1790648512,false,1514/1514/1514/1514,1514/1514/1514/1514,3008bad1/3008bad1/3008bad1/3008bad1,1/1/1/1,4/4/4/4,275/274/275/274/2087/265,237/237/237/237,connected
1790648528,false,1517/1516/1516/1516,1517/1516/1516/1516,62bcc4d8/84678ad0/84678ad0/84678ad0,0/0/0/0,4/4/4/4,275/274/275/274/2087/265,228/225/225/225,connected
1790648542,false,1518/1518/1518/1518,1518/1518/1518/1518,2dae5641/2dae5641/2dae5641/2dae5641,1/1/1/1,4/4/4/4,275/274/275/274/2087/265,230/230/230/230,connected
1790648557,false,1519/1519/1519/1519,1519/1519/1519/1519,ab185652/ab185652/ab185652/ab185652,0/0/0/0,4/4/4/4,275/274/275/274/2087/265,232/232/232/232,connected
1790648573,false,1523/1523/1523/1523,1523/1523/1523/1523,7c139c58/7c139c58/7c139c58/7c139c58,0/0/0/0,4/4/4/4,275/274/275/274/2087/265,239/239/239/239,connected
1790648589,false,1525/1525/1524/1525,1525/1525/1525/1525,75f0e21f/75f0e21f/02a57806/75f0e21f,0/0/0/0,4/4/4/4,275/274/275/274/2087/265,245/245/242/245,connected
1790648614,false,1525/1525/1525/1525,1525/1525/1525/1525,75f0e21f/75f0e21f/75f0e21f/75f0e21f,2/1/2/2,4/4/4/4,276/274/275/274/2088/265,245/245/245/245,connected
1790648618,false,1525/1525/1525/1525,1525/1525/1525/1525,75f0e21f/75f0e21f/75f0e21f/75f0e21f,2/2/2/2,4/4/4/4,275/274/275/274/2088/265,245/245/245/245,connected
1790648641,false,1525/1525/1525/1525,1525/1525/1525/1525,75f0e21f/75f0e21f/75f0e21f/75f0e21f,2/2/2/2,4/4/4/4,275/274/275/274/2084/265,245/245/245/245,connected
1790648649,false,1527/1526/1526/1526,1527/1527/1527/1526,0d8a044b/90690506/90690506/90690506,0/0/0/0,4/4/4/4,276/274/275/274/2088/265,220/249/249/249,connected
1790648663,false,1528/1528/1528/1528,1528/1528/1528/1528,6de5e39c/6de5e39c/6de5e39c/6de5e39c,0/0/0/0,4/4/4/4,276/274/275/274/2088/265,222/222/222/222,connected
1790648678,false,1530/1530/1530/1530,1530/1530/1530/1530,8ee76eb6/8ee76eb6/8ee76eb6/8ee76eb6,0/0/0/0,4/4/4/4,276/275/275/274/2088/265,218/218/218/218,connected
1790648693,false,1531/1531/1531/1531,1531/1531/1531/1531,c9c92017/c9c92017/c9c92017/c9c92017,0/0/0/0,4/4/4/4,276/275/275/274/2088/265,221/221/221/221,connected
1790648708,false,1532/1532/1532/1532,1532/1532/1532/1532,6e90139d/6e90139d/6e90139d/6e90139d,0/0/0/0,4/4/4/4,276/275/275/274/2088/265,224/224/224/224,connected
1790648724,false,1535/1535/1535/1535,1535/1535/1535/1535,3c6af406/3c6af406/3c6af406/3c6af406,1/1/1/1,4/4/4/4,276/275/275/274/2088/265,222/222/222/222,connected
1790648739,false,1537/1537/1537/1537,1537/1537/1537/1537,172cff15/172cff15/172cff15/172cff15,1/1/1/1,4/4/4/4,276/275/275/274/2088/265,227/227/227/227,connected
1790648754,false,1537/1537/1537/1537,1537/1537/1537/1537,172cff15/172cff15/172cff15/172cff15,1/1/1/1,4/4/4/4,276/275/275/274/2088/265,227/227/227/227,connected
1790648769,false,1538/1537/1537/1537,1538/1538/1538/1538,457437b9/172cff15/172cff15/172cff15,0/2/2/2,4/4/4/4,276/275/275/274/2088/265,228/227/227/227,connected
1790648784,false,1538/1538/1538/1538,1538/1538/1538/1538,457437b9/457437b9/457437b9/457437b9,1/1/1/1,4/4/4/4,275/274/274/274/2088/265,228/228/228/228,connected
1790648799,false,1541/1541/1541/1541,1541/1541/1541/1541,eb587d9d/eb587d9d/eb587d9d/eb587d9d,0/0/0/0,4/4/4/4,275/274/274/274/2088/265,212/212/212/212,connected
1790648815,false,1542/1542/1542/1542,1542/1542/1542/1542,be4e5d7c/be4e5d7c/be4e5d7c/be4e5d7c,0/0/0/0,4/4/4/4,277/274/274/274/2088/265,215/215/215/215,connected
1790648829,false,1544/1544/1544/1544,1544/1544/1544/1544,021770b9/021770b9/021770b9/021770b9,0/0/0/0,4/4/4/4,275/274/274/274/2088/265,218/218/218/218,connected
1790648844,false,1546/1546/1546/1546,1546/1546/1546/1546,d931a042/d931a042/d931a042/d931a042,0/0/0/0,4/4/4/4,275/274/277/274/2088/263,214/214/214/214,connected
1790648859,false,1550/1550/1550/1550,1550/1550/1550/1550,fc49debe/fc49debe/fc49debe/fc49debe,0/1/1/1,4/4/4/4,275/274/275/274/2088/265,225/225/225/225,connected
1790648874,false,1552/1551/1551/1551,1552/1551/1551/1551,08622469/22b1fbc7/22b1fbc7/22b1fbc7,1/0/0/0,4/4/4/4,275/276/275/274/2088/265,231/228/228/228,connected
1790648890,false,1554/1554/1554/1554,1554/1554/1554/1554,f5aebca8/f5aebca8/f5aebca8/f5aebca8,0/0/0/0,4/4/4/4,275/274/275/274/2088/265,238/238/238/238,connected
1790648907,false,1555/1555/1555/1555,1555/1555/1555/1555,84aba5c5/84aba5c5/84aba5c5/84aba5c5,0/0/0/0,4/4/4/4,275/274/275/274/2088/265,241/241/241/241,connected
1790648933,false,1557/1556/1556/1556,1557/1556/1557/1557,92b3a85e/bcb32df0/c8c340ee/bcb32df0,0/1/1/1,4/4/4/4,275/274/274/274/2088/265,238/245/245/245,connected
1790648936,false,1557/1557/1557/1557,1557/1557/1557/1557,92b3a85e/92b3a85e/92b3a85e/92b3a85e,0/0/0/0,4/4/4/4,275/274/274/274/2088/265,238/238/238/238,connected
1790648959,false,1559/1559/1559/1559,1559/1559/1559/1559,51721815/51721815/51721815/51721815,1/1/1/1,4/4/4/4,275/274/274/274/2088/265,236/236/236/236,connected
1790648966,false,1561/1560/1560/1560,1561/1561/1560/1561,984defc9/68cb7a78/68cb7a78/68cb7a78,0/0/0/0,4/4/4/4,275/274/274/274/2088/265,237/235/235/235,connected
1790648984,false,1561/1561/1561/1561,1561/1561/1561/1561,984defc9/984defc9/984defc9/984defc9,0/1/1/1,4/4/4/4,275/274/274/274/2088/265,237/237/237/237,connected
1790649010,false,1562/1562/1562/1562,1562/1562/1562/1562,9eac590e/9eac590e/9eac590e/9eac590e,0/0/0/0,4/4/4/4,275/274/274/276/2088/265,237/237/237/237,connected
1790649014,false,1565/1564/1564/1564,1565/1564/1564/1564,919d9043/f5d64406/f5d64406/f5d64406,0/0/0/0,4/4/4/4,275/274/274/274/2088/265,232/230/230/230,connected
1790649039,false,1565/1565/1565/1565,1565/1565/1565/1565,919d9043/919d9043/919d9043/919d9043,0/0/0/0,4/4/4/4,275/274/274/274/2088/265,232/232/232/232,connected
1790649045,false,1565/1565/1565/1565,1565/1565/1565/1565,919d9043/919d9043/919d9043/919d9043,1/1/1/1,4/4/4/4,275/274/274/274/2088/263,232/232/232/232,connected
1790649057,false,1565/1565/1565/1565,1565/1565/1565/1565,919d9043/919d9043/919d9043/919d9043,1/1/1/1,4/4/4/4,277/274/274/274/2088/265,232/232/232/232,connected
1790649072,false,1570/1569/1569/1569,1570/1569/1569/1569,32c2c762/a04ccaa6/a04ccaa6/a04ccaa6,1/1/1/1,4/4/4/4,275/274/274/274/2084/265,221/218/218/218,connected
1790649087,false,1573/1573/1573/1573,1573/1573/1573/1573,35ea91bd/35ea91bd/35ea91bd/35ea91bd,0/0/0/0,4/4/4/4,275/274/274/274/2088/265,230/230/230/230,connected
1790649102,false,1574/1574/1574/1574,1574/1574/1574/1574,a5582f00/a5582f00/a5582f00/a5582f00,1/1/1/1,4/4/4/4,275/274/274/274/2084/265,233/233/233/233,connected
1790649117,false,1576/1576/1576/1576,1576/1576/1576/1576,1ad0f19b/1ad0f19b/1ad0f19b/1ad0f19b,1/1/1/1,4/4/4/4,277/274/274/276/2088/265,239/239/239/239,connected
1790649132,false,1579/1579/1579/1579,1579/1579/1579/1579,77a65c7f/77a65c7f/77a65c7f/77a65c7f,0/0/0/0,4/4/4/4,275/274/275/274/2088/265,245/245/245/245,connected
1790649148,false,1581/1581/1581/1581,1581/1581/1581/1581,6e9b8e1f/6e9b8e1f/6e9b8e1f/6e9b8e1f,0/0/1/0,4/4/4/4,275/274/275/274/2088/265,248/248/248/248,connected
1790649172,false,1581/1581/1581/1581,1581/1581/1581/1581,6e9b8e1f/6e9b8e1f/6e9b8e1f/6e9b8e1f,1/1/1/1,4/4/4/4,275/274/275/274/2088/265,248/248/248/248,connected
1790649178,false,1581/1581/1581/1581,1581/1581/1581/1581,6e9b8e1f/6e9b8e1f/6e9b8e1f/6e9b8e1f,2/3/2/2,4/4/4/4,275/274/275/274/2088/265,248/248/248/248,connected
1790649192,false,1584/1584/1584/1584,1584/1584/1584/1584,6c4edc31/6c4edc31/6c4edc31/6c4edc31,0/0/0/0,4/4/4/4,275/274/275/275/2088/265,232/232/232/232,connected
1790649208,false,1586/1586/1586/1586,1586/1586/1586/1586,7cb3668c/7cb3668c/7cb3668c/7cb3668c,0/0/0/0,4/4/4/4,275/274/275/275/2088/265,238/238/238/238,connected
1790649223,false,1588/1588/1588/1588,1588/1588/1588/1588,8f5f1515/8f5f1515/8f5f1515/8f5f1515,1/1/1/1,4/4/4/4,275/274/275/275/2088/265,245/245/245/245,connected
1790649238,false,1590/1590/1590/1590,1590/1590/1590/1590,48a56faa/48a56faa/48a56faa/48a56faa,1/1/1/1,4/4/4/4,275/275/275/275/2088/265,247/247/247/247,connected
1790649253,false,1593/1593/1593/1593,1593/1593/1593/1593,4fb400ad/4fb400ad/4fb400ad/4fb400ad,0/0/0/0,4/4/4/4,275/275/275/275/2088/265,255/255/255/255,connected
1790649268,false,1594/1594/1594/1594,1594/1594/1594/1594,607c6457/607c6457/607c6457/607c6457,1/1/1/1,4/4/4/4,275/275/275/275/2088/265,258/258/258/258,connected
1790649283,false,1597/1597/1597/1597,1597/1597/1597/1597,63a6b621/63a6b621/63a6b621/63a6b621,0/1/0/0,4/4/4/4,275/275/275/275/2088/265,264/264/264/264,connected
1790649298,false,1599/1599/1599/1599,1599/1599/1599/1599,ae228910/ae228910/ae228910/ae228910,0/0/0/0,4/4/4/4,275/275/275/275/2088/265,270/270/270/270,connected
1790649313,false,1602/1602/1602/1602,1602/1602/1602/1602,a9ab21a4/a9ab21a4/a9ab21a4/a9ab21a4,0/0/0/0,4/4/4/4,275/275/275/275/2088/265,280/280/280/280,connected
1790649335,false,1604/1604/1604/1604,1604/1604/1604/1604,92c1220b/92c1220b/92c1220b/92c1220b,0/0/0/0,4/4/4/4,275/275/275/275/2084/265,289/289/289/289,connected
1790649349,false,1605/1605/1605/1605,1605/1605/1605/1605,a9c2eb79/a9c2eb79/a9c2eb79/a9c2eb79,2/1/2/2,4/4/4/4,275/275/275/275/2084/265,293/293/293/293,connected
1790649367,false,1606/1606/1606/1606,1606/1606/1606/1606,0f83e057/0f83e057/0f83e057/0f83e057,0/0/0/0,4/4/4/4,275/275/275/275/2088/265,291/291/291/291,connected
1790649376,false,1607/1607/1607/1607,1607/1607/1607/1607,021377c0/021377c0/021377c0/021377c0,0/0/0/0,4/4/4/4,275/275/275/275/2088/265,287/287/287/287,connected
1790649391,false,1607/1607/1607/1607,1607/1607/1607/1607,021377c0/021377c0/021377c0/021377c0,0/0/0/0,4/4/4/4,275/275/275/275/2084/265,287/287/287/287,connected
1790649405,false,1610/1609/1609/1609,1610/1609/1609/1609,7d40f2cb/d30a0697/d30a0697/d30a0697,0/0/0/0,4/4/4/4,276/275/275/275/2088/265,267/269/269/269,connected
1790649420,false,1610/1610/1610/1610,1610/1610/1610/1610,7d40f2cb/7d40f2cb/7d40f2cb/7d40f2cb,1/1/1/1,4/4/4/4,275/275/275/275/2088/265,267/267/267/267,connected
1790649438,false,1610/1610/1610/1610,1610/1610/1610/1610,7d40f2cb/7d40f2cb/7d40f2cb/7d40f2cb,3/3/3/3,4/4/4/4,276/275/275/275/2088/265,267/267/267/267,connected
1790649449,false,1612/1612/1612/1612,1612/1612/1612/1612,3565df0b/3565df0b/3565df0b/3565df0b,1/1/1/1,4/4/4/4,276/275/275/275/2088/265,256/256/256/256,connected
1790649465,false,1614/1614/1614/1614,1614/1614/1614/1614,06ac0d82/06ac0d82/06ac0d82/06ac0d82,0/0/0/0,4/4/4/4,276/275/275/275/2084/265,259/259/259/259,connected
1790649481,false,1616/1616/1616/1616,1616/1616/1616/1616,fc1dea9a/d7e769f6/d7e769f6/d7e769f6,0/0/0/0,4/4/4/4,276/275/275/275/2086/265,264/264/264/264,connected
1790649500,false,1619/1618/1618/1618,1619/1618/1618/1618,e3a12f97/ae40adb5/ae40adb5/ae40adb5,0/1/1/1,4/4/4/4,278/275/277/275/2088/265,269/265/265/265,connected
1790649513,false,1621/1621/1621/1621,1621/1621/1621/1621,589b3423/589b3423/589b3423/589b3423,1/1/1/1,4/4/4/4,276/275/275/275/2088/265,276/276/276/276,connected
1790649525,false,1622/1622/1622/1622,1622/1622/1622/1622,692bc5bd/692bc5bd/692bc5bd/692bc5bd,0/0/0/0,4/4/4/4,276/275/275/275/2088/265,280/280/280/280,connected
1790649540,false,1624/1624/1624/1624,1624/1624/1624/1624,de47da8b/de47da8b/de47da8b/de47da8b,0/0/0/0,4/4/4/4,276/275/275/275/2088/265,275/275/275/275,connected
1790649556,false,1626/1626/1626/1626,1626/1626/1626/1626,707fde71/707fde71/707fde71/707fde71,1/1/1/1,4/4/4/4,278/275/275/275/2088/265,283/283/283/283,connected
1790649579,false,1629/1629/1629/1629,1629/1629/1629/1629,dea671bc/dea671bc/dea671bc/dea671bc,1/1/2/1,4/4/4/4,276/275/275/275/2088/265,290/290/290/290,connected
1790649594,false,1630/1630/1630/1630,1630/1630/1630/1630,3d00b25f/3d00b25f/3d00b25f/3d00b25f,0/0/0/0,4/4/4/4,276/275/275/275/2088/265,295/295/295/295,connected
1790649607,false,1631/1631/1631/1631,1631/1631/1631/1631,21cbbd76/21cbbd76/21cbbd76/21cbbd76,1/1/1/1,4/4/4/4,276/275/275/275/2088/265,297/297/297/297,connected
1790649623,false,1632/1632/1632/1632,1632/1632/1632/1632,7a888fa9/7a888fa9/7a888fa9/7a888fa9,0/0/0/0,4/4/4/4,276/275/275/275/2088/265,294/294/294/294,connected
1790649637,false,1632/1632/1632/1632,1632/1632/1632/1632,7a888fa9/7a888fa9/7a888fa9/7a888fa9,1/1/1/1,4/4/4/4,278/275/275/275/2088/265,294/294/294/294,connected
1790649653,false,1633/1633/1633/1633,1633/1633/1633/1633,9fc308e7/9fc308e7/9fc308e7/9fc308e7,1/1/1/1,4/4/4/4,276/275/275/275/2088/265,287/287/287/287,connected
1790649667,false,1633/1633/1633/1633,1633/1633/1633/1633,9fc308e7/9fc308e7/9fc308e7/9fc308e7,1/2/2/2,4/4/4/4,278/277/275/275/2088/265,287/287/287/287,connected
1790649684,false,1634/1634/1634/1634,1634/1634/1634/1634,2651d7a1/2651d7a1/2651d7a1/2651d7a1,1/1/1/1,4/4/4/4,276/275/275/275/2088/263,276/276/276/276,connected
1790649700,false,1636/1636/1636/1636,1636/1636/1636/1636,c30d7eea/c30d7eea/c30d7eea/c30d7eea,1/1/1/1,4/4/4/4,276/275/277/275/2088/265,259/259/259/259,connected
1790649714,false,1637/1637/1637/1637,1637/1637/1637/1637,141f141d/141f141d/141f141d/141f141d,0/0/0/0,4/4/4/4,276/275/275/275/2088/265,258/258/258/258,connected
1790649727,false,1637/1637/1637/1637,1637/1637/1637/1637,141f141d/141f141d/141f141d/141f141d,1/1/1/1,4/4/4/4,276/275/275/275/2088/265,258/258/258/258,connected
1790649745,false,1637/1637/1637/1637,1637/1637/1637/1637,141f141d/141f141d/141f141d/141f141d,2/2/2/2,4/4/4/4,276/275/275/275/2088/265,258/258/258/258,connected
1790649761,false,1639/1639/1639/1639,1639/1639/1639/1639,520e82d2/520e82d2/520e82d2/520e82d2,1/1/1/1,4/4/4/4,276/275/275/275/2088/265,240/240/240/240,connected
1790649776,false,1639/1639/1639/1639,1639/1639/1639/1639,520e82d2/520e82d2/520e82d2/520e82d2,1/1/1/1,4/4/4/4,276/275/275/275/2088/265,240/240/240/240,connected
1790649789,false,1639/1639/1639/1639,1639/1639/1639/1639,520e82d2/520e82d2/520e82d2/520e82d2,2/2/2/2,4/4/4/4,276/275/275/275/2088/265,240/240/240/240,connected
1790649807,false,1641/1641/1641/1641,1641/1641/1641/1641,4dbde230/4dbde230/4dbde230/4dbde230,0/0/0/0,4/4/4/4,276/275/275/275/2088/265,223/223/223/223,connected
1790649822,false,1641/1641/1641/1641,1641/1641/1641/1641,4dbde230/4dbde230/4dbde230/4dbde230,1/1/1/1,4/4/4/4,276/275/275/275/2088/265,223/223/223/223,connected
1790649835,false,1641/1641/1641/1641,1641/1641/1641/1641,4dbde230/4dbde230/4dbde230/4dbde230,1/1/1/1,4/4/4/4,276/275/275/275/2088/265,223/223/223/223,connected
1790649851,false,1641/1641/1641/1641,1641/1641/1641/1641,4dbde230/4dbde230/4dbde230/4dbde230,2/2/2/2,4/4/4/4,276/275/275/275/2088/265,223/223/223/223,connected
1790649858,false,1642/1642/1642/1642,1642/1642/1642/1642,a7540a4b/a7540a4b/a7540a4b/a7540a4b,0/0/0/0,4/4/4/4,276/275/275/275/2088/265,224/224/224/224,connected
1790649872,false,1642/1642/1642/1642,1642/1642/1642/1642,a7540a4b/a7540a4b/a7540a4b/a7540a4b,0/0/0/0,4/4/4/4,276/275/275/275/2088/265,224/224/224/224,connected
1790649888,false,1644/1644/1644/1644,1644/1644/1644/1644,b9cba85c/b9cba85c/b9cba85c/b9cba85c,0/0/0/0,4/4/4/4,276/275/275/275/2088/265,196/196/196/196,connected
1790649904,false,1645/1644/1644/1644,1645/1645/1645/1645,0e02cc6a/b9cba85c/b9cba85c/b9cba85c,0/0/0/0,4/4/4/4,276/275/275/275/2088/265,197/196/196/196,connected
1790649918,false,1646/1646/1646/1646,1646/1646/1646/1646,82d91301/82d91301/82d91301/82d91301,0/0/1/0,4/4/4/4,276/275/275/275/2088/265,194/194/194/194,connected
1790649933,false,1647/1647/1647/1647,1647/1647/1647/1647,6c0fa213/6c0fa213/6c0fa213/6c0fa213,0/0/0/0,4/4/4/4,276/275/275/275/2088/265,196/196/196/196,connected
1790649948,false,1648/1648/1648/1648,1648/1648/1648/1648,60ebb5d8/60ebb5d8/60ebb5d8/60ebb5d8,1/1/1/1,4/4/4/4,276/275/275/275/2088/265,193/193/193/193,connected
1790649964,false,1650/1650/1650/1650,1650/1650/1650/1650,d34eb001/d34eb001/d34eb001/d34eb001,0/0/0/0,4/4/4/4,276/275/275/275/2088/265,190/190/190/190,connected
1790649987,false,1651/1650/1650/1650,1651/1650/1650/1650,4ded060a/d34eb001/d34eb001/d34eb001,0/1/1/1,4/4/4/4,276/275/275/275/2088/265,192/190/190/190,connected
1790649998,false,1652/1651/1651/1651,1652/1651/1651/1651,cdb8525a/4ded060a/4ded060a/4ded060a,0/0/0/0,4/4/4/4,276/275/275/275/2084/265,188/192/192/192,connected
1790650009,false,1655/1654/1654/1654,1655/1654/1654/1654,89ba25b6/7f7c25a4/7f7c25a4/7f7c25a4,0/1/1/1,4/4/4/4,278/275/276/275/2088/265,191/189/189/189,connected
1790650024,false,1657/1656/1656/1656,1657/1656/1656/1656,b2585fc7/6beb01aa/6beb01aa/6beb01aa,0/0/0/0,4/4/4/4,276/275/276/275/2088/265,194/192/192/192,connected
1790650039,false,1658/1658/1658/1658,1658/1658/1658/1658,89d0b8bd/89d0b8bd/89d0b8bd/89d0b8bd,1/1/1/1,4/4/4/4,276/275/276/275/2088/265,195/195/195/195,connected
1790650054,false,1659/1659/1659/1659,1659/1659/1659/1659,dbe509fd/dbe509fd/dbe509fd/dbe509fd,1/1/1/2,4/4/4/4,276/275/276/275/2088/265,193/193/193/193,connected
1790650069,false,1661/1661/1661/1661,1661/1661/1661/1661,58f21bf3/58f21bf3/58f21bf3/58f21bf3,0/0/0/0,4/4/4/4,276/275/276/275/2088/265,193/193/193/193,connected
1790650083,false,1662/1662/1662/1662,1662/1662/1662/1662,18f2f714/18f2f714/18f2f714/18f2f714,0/1/1/1,4/4/4/4,276/275/276/275/2088/265,196/196/196/196,connected
1790650099,false,1663/1663/1663/1663,1663/1663/1663/1663,83611f36/83611f36/83611f36/83611f36,2/2/2/2,4/4/4/4,276/275/276/275/2088/265,196/196/196/196,connected
1790650115,false,1664/1664/1664/1664,1664/1664/1664/1664,870a33a4/870a33a4/870a33a4/870a33a4,0/0/0/0,4/4/4/4,279/275/278/275/2088/265,194/194/194/194,connected
1790650131,false,1666/1666/1666/1666,1666/1666/1666/1666,17bf7db5/17bf7db5/17bf7db5/17bf7db5,0/0/0/0,4/4/4/4,277/275/276/275/2088/265,189/189/189/189,connected
1790650147,false,1666/1666/1666/1666,1666/1666/1666/1666,17bf7db5/17bf7db5/17bf7db5/17bf7db5,1/1/1/1,4/4/4/4,277/275/276/275/2088/265,189/189/189/189,connected
1790650159,false,1668/1668/1668/1668,1668/1668/1668/1668,fe78a577/fe78a577/fe78a577/fe78a577,0/0/0/0,4/4/4/4,277/275/276/275/2088/265,186/186/186/186,connected
1790650180,false,1670/1670/1670/1670,1670/1670/1670/1670,4d2a7901/4d2a7901/4d2a7901/4d2a7901,0/0/0/0,4/4/4/4,277/275/276/277/2088/265,187/187/187/187,connected
1790650189,false,1674/1674/1674/1674,1674/1674/1674/1674,86d0322a/86d0322a/86d0322a/86d0322a,0/0/0/0,4/4/4/4,277/275/276/275/2088/265,195/195/195/195,connected
1790650207,false,1676/1676/1676/1676,1676/1676/1676/1676,2ff90bec/2ff90bec/2ff90bec/2ff90bec,0/0/0/0,4/4/4/4,279/275/278/275/2088/265,199/199/199/199,connected
1790650229,false,1677/1677/1677/1677,1677/1677/1677/1677,81d6c4c7/81d6c4c7/81d6c4c7/81d6c4c7,0/0/0/0,4/4/4/4,276/275/276/275/2088/265,200/200/200/200,connected
1790650243,false,1677/1677/1677/1677,1677/1677/1677/1677,81d6c4c7/81d6c4c7/81d6c4c7/81d6c4c7,2/2/2/2,4/4/4/4,277/275/276/275/2088/265,200/200/200/200,connected
1790650258,false,1681/1680/1680/1680,1681/1680/1680/1680,fbda70a5/615138c5/615138c5/615138c5,0/1/1/1,4/4/4/4,277/275/276/275/2088/265,197/195/195/195,connected
1790650271,false,1683/1682/1682/1682,1683/1682/1682/1682,d28ea4fd/15e1942e/15e1942e/15e1942e,0/1/1/1,4/4/4/4,279/275/276/275/2084/265,202/200/200/200,connected
1790650288,false,1686/1686/1686/1686,1686/1686/1686/1686,965dccf8/965dccf8/965dccf8/965dccf8,0/0/0/0,4/4/4/4,277/275/276/277/2088/265,208/208/208/208,connected
1790650304,false,1689/1688/1688/1688,1689/1688/1688/1688,3e6ff0c4/4e2f336b/4e2f336b/4e2f336b,1/1/1/1,4/4/4/4,277/275/276/275/2088/265,216/214/214/214,connected
1790650318,false,1691/1691/1691/1691,1691/1691/1691/1691,69fa26bf/69fa26bf/69fa26bf/69fa26bf,0/1/1/1,4/4/4/4,277/275/276/275/2088/265,218/218/218/218,connected
1790650334,false,1691/1691/1691/1691,1691/1691/1691/1691,69fa26bf/69fa26bf/69fa26bf/69fa26bf,1/1/1/1,4/4/4/4,277/275/276/275/2088/265,218/218/218/218,connected
1790650349,false,1692/1692/1692/1692,1692/1692/1692/1692,c1d5bc8f/c1d5bc8f/c1d5bc8f/c1d5bc8f,0/0/0/0,4/4/4/4,277/275/276/275/2088/263,221/221/221/221,connected
1790650365,false,1693/1693/1693/1693,1693/1693/1693/1693,d0d6a5f7/d0d6a5f7/d0d6a5f7/d0d6a5f7,0/0/0/0,4/4/4/4,277/275/276/275/2088/265,214/214/214/214,connected
1790650379,false,1694/1694/1694/1694,1694/1694/1694/1694,becc7519/becc7519/becc7519/becc7519,0/0/0/0,4/4/4/4,277/275/276/275/2088/265,209/209/209/209,connected
1790650394,false,1694/1694/1694/1694,1694/1694/1694/1694,becc7519/becc7519/becc7519/becc7519,1/1/1/1,4/4/4/4,277/275/276/275/2088/265,209/209/209/209,connected
1790650401,false,1694/1694/1694/1694,1694/1694/1694/1694,becc7519/becc7519/becc7519/becc7519,2/2/2/2,4/4/4/4,277/275/276/275/2088/265,209/209/209/209,connected
1790650416,false,1694/1694/1694/1694,1694/1694/1694/1694,becc7519/becc7519/becc7519/becc7519,2/2/3/2,4/4/4/4,277/275/276/275/2084/265,209/209/209/209,connected
1790650433,false,1696/1696/1696/1696,1696/1696/1696/1696,bfaaa145/bfaaa145/bfaaa145/bfaaa145,1/1/1/1,4/4/4/4,279/275/276/275/2088/265,189/189/189/189,connected
1790650446,false,1700/1700/1700/1700,1700/1700/1700/1700,4d6b5d4e/4d6b5d4e/4d6b5d4e/4d6b5d4e,0/0/0/0,4/4/4/4,277/275/276/276/2088/265,194/194/194/194,connected
1790650465,false,1702/1702/1702/1702,1702/1702/1702/1702,ce3e2ff6/ce3e2ff6/ce3e2ff6/ce3e2ff6,1/1/1/1,4/4/4/4,277/275/276/276/2084/265,199/199/199/199,connected
1790650483,false,1704/1704/1704/1704,1704/1704/1704/1704,9079b69f/9079b69f/9079b69f/9079b69f,1/1/0/1,4/4/4/4,277/275/276/276/2088/265,202/202/202/202,connected
1790650492,false,1706/1706/1706/1706,1706/1706/1706/1706,d9e51c09/d9e51c09/d9e51c09/d9e51c09,0/0/0/0,4/4/4/4,277/275/276/276/2088/265,202/202/202/202,connected
1790650506,false,1706/1706/1706/1706,1706/1706/1706/1706,d9e51c09/d9e51c09/d9e51c09/d9e51c09,1/1/1/1,4/4/4/4,277/275/276/276/2088/265,202/202/202/202,connected
1790650525,false,1710/1709/1709/1709,1710/1709/1709/1709,dad1ad33/6866fc21/6866fc21/6866fc21,0/0/0/0,4/4/4/4,277/276/276/276/2088/265,204/202/202/202,connected
1790650538,false,1711/1711/1711/1711,1711/1711/1711/1711,8859fc6c/8859fc6c/8859fc6c/8859fc6c,0/0/0/1,4/4/4/4,277/276/276/276/2084/265,207/207/207/207,connected
1790650553,false,1714/1714/1714/1714,1714/1714/1714/1714,7703f99d/7703f99d/7703f99d/7703f99d,0/0/0/0,4/4/4/4,277/276/276/276/2088/265,214/214/214/214,connected
1790650571,false,1714/1714/1714/1714,1714/1714/1714/1714,7703f99d/7703f99d/7703f99d/7703f99d,1/1/1/1,4/4/4/4,279/276/276/276/2088/265,214/214/214/214,connected
1790650584,false,1715/1715/1715/1715,1715/1715/1715/1715,1e0f0dee/1e0f0dee/1e0f0dee/1e0f0dee,1/1/1/1,4/4/4/4,277/276/276/276/2088/265,217/217/217/217,connected
1790650597,false,1717/1717/1717/1717,1717/1717/1717/1717,c472e271/c472e271/c472e271/c472e271,0/0/1/0,4/4/4/4,277/276/276/276/2084/265,209/209/209/209,connected
1790650613,false,1719/1719/1719/1719,1719/1719/1719/1719,a2eb9ab9/a2eb9ab9/a2eb9ab9/a2eb9ab9,0/0/0/0,4/4/4/4,277/276/276/276/2088/265,212/212/212/212,connected
1790650629,false,1720/1720/1720/1720,1720/1720/1720/1720,b2acde75/b2acde75/b2acde75/b2acde75,1/1/1/1,4/4/4/4,277/276/276/276/2088/265,215/215/215/215,connected
1790650645,false,1720/1720/1720/1720,1720/1720/1720/1720,b2acde75/b2acde75/b2acde75/b2acde75,2/2/2/2,4/4/4/4,277/276/276/276/2088/265,215/215/215/215,connected
1790650659,false,1723/1722/1723/1722,1723/1722/1723/1723,f9f5e88d/2bcf1617/f9f5e88d/2bcf1617,0/0/1/0,4/4/4/4,277/276/276/276/2088/265,207/204/207/204,connected
1790650673,false,1725/1725/1725/1725,1725/1725/1725/1725,a955d341/a955d341/a955d341/a955d341,0/0/0/0,4/4/4/4,277/276/276/276/2088/265,210/210/210/210,connected
1790650690,false,1727/1726/1726/1726,1727/1726/1726/1726,011047d2/16048d90/16048d90/16048d90,0/0/0/0,4/4/4/4,277/276/276/276/2088/265,211/213/213/213,connected
1790650704,false,1729/1729/1729/1729,1729/1729/1729/1729,a8dfad5a/a8dfad5a/a8dfad5a/a8dfad5a,0/0/0/0,4/4/4/4,277/276/276/276/2088/265,216/216/216/216,connected
1790650719,false,1730/1730/1730/1730,1730/1730/1730/1730,19007165/19007165/19007165/19007165,0/0/0/0,4/4/4/4,277/276/276/276/2088/265,219/219/219/219,connected
1790650733,false,1731/1731/1731/1731,1731/1731/1731/1731,a3aad8bd/49c27065/49c27065/49c27065,0/0/0/0,4/4/4/4,277/276/276/276/2088/265,219/219/219/219,connected
1790650748,false,1733/1733/1733/1733,1733/1733/1733/1733,c613d74f/c613d74f/c613d74f/c613d74f,1/1/1/1,4/4/4/4,277/276/276/276/2088/265,213/213/213/213,connected
1790650763,false,1734/1734/1734/1734,1734/1734/1734/1734,e741dc9a/e741dc9a/e741dc9a/e741dc9a,1/1/1/1,4/4/4/4,277/276/276/276/2088/265,216/216/216/216,connected
1790650778,false,1736/1736/1736/1736,1736/1736/1736/1736,abc11be5/abc11be5/abc11be5/abc11be5,0/0/0/0,4/4/4/4,277/276/276/276/2088/265,212/212/212/212,connected
1790650793,false,1736/1736/1736/1736,1736/1736/1736/1736,abc11be5/abc11be5/abc11be5/abc11be5,1/1/1/1,4/4/4/4,277/276/276/276/2088/265,212/212/212/212,connected
1790650808,false,1736/1736/1736/1736,1736/1736/1736/1736,abc11be5/abc11be5/abc11be5/abc11be5,2/2/2/2,4/4/4/4,277/276/276/276/2088/265,212/212/212/212,connected
1790650823,false,1736/1736/1736/1736,1736/1736/1736/1736,abc11be5/abc11be5/abc11be5/abc11be5,3/3/3/3,4/4/4/4,277/276/276/276/2088/265,212/212/212/212,connected
1790650839,false,1739/1739/1739/1739,1739/1739/1739/1739,86693489/86693489/86693489/86693489,0/0/0/0,4/4/4/4,277/276/276/276/2088/265,194/194/194/194,connected
1790650853,false,1740/1740/1740/1740,1740/1740/1740/1740,56a28c05/56a28c05/56a28c05/56a28c05,0/0/0/0,4/4/4/4,277/276/276/276/2088/265,196/196/196/196,connected
1790650868,false,1741/1741/1741/1741,1741/1741/1741/1741,55bb8bef/55bb8bef/55bb8bef/55bb8bef,1/1/1/1,4/4/4/4,277/276/276/276/2088/265,197/197/197/197,connected
1790650884,false,1743/1743/1743/1743,1743/1743/1743/1743,0c889884/0c889884/0c889884/0c889884,1/1/1/1,4/4/4/4,277/276/276/276/2088/265,197/197/197/197,connected
1790650899,false,1743/1743/1743/1743,1743/1743/1743/1743,0c889884/0c889884/0c889884/0c889884,2/1/2/3,4/4/4/4,277/276/276/276/2088/265,197/197/197/197,connected
1790650915,false,1744/1744/1744/1744,1744/1744/1744/1744,ebd023b0/ebd023b0/ebd023b0/ebd023b0,1/1/1/1,4/4/4/4,277/276/276/276/2084/265,197/197/197/197,connected
1790650929,false,1745/1745/1745/1745,1745/1745/1745/1745,d9966253/d9966253/d9966253/d9966253,1/1/1/1,4/4/4/4,277/276/276/276/2088/265,189/189/189/189,connected
1790650944,false,1746/1746/1746/1746,1746/1746/1746/1746,491ac1ae/491ac1ae/491ac1ae/491ac1ae,0/0/0/0,4/4/4/4,277/276/276/276/2088/265,189/189/189/189,connected
1790650959,false,1749/1749/1749/1749,1749/1749/1749/1749,a3eac7c0/a3eac7c0/a3eac7c0/a3eac7c0,0/1/1/1,4/4/4/4,277/276/276/276/2088/265,184/184/184/184,connected
1790650974,false,1749/1749/1749/1749,1749/1749/1749/1749,a3eac7c0/a3eac7c0/a3eac7c0/a3eac7c0,2/2/2/2,4/4/4/4,277/276/276/276/2088/265,184/184/184/184,connected
1790650989,false,1751/1751/1751/1751,1751/1751/1751/1751,437806c2/437806c2/437806c2/437806c2,0/0/0/0,4/4/4/4,277/276/276/276/2084/265,180/180/180/180,connected
1790651004,false,1753/1753/1753/1753,1753/1753/1753/1753,610b6816/610b6816/610b6816/610b6816,0/0/0/0,4/4/4/4,277/276/276/276/2088/265,184/184/184/184,connected
1790651019,false,1758/1758/1758/1758,1758/1758/1758/1758,041ecb27/041ecb27/041ecb27/041ecb27,1/1/1/2,4/4/4/4,277/276/277/276/2088/265,195/195/195/195,connected
1790651034,true,1758/1758/1758/1758,1758/1758/1758/1758,041ecb27/041ecb27/041ecb27/041ecb27,2/2/2/2,1/1/1/1,277/276/277/276/2088/265,195/195/195/195,partition
1790651049,true,1759/1759/1758/1758,1759/1759/1758/1758,d8d5e5f0/d8d5e5f0/041ecb27/041ecb27,1/1/2/2,1/1/1/1,276/276/277/276/2084/265,197/197/195/195,partition
1790651064,true,1761/1761/1758/1758,1761/1761/1758/1758,5aa1f927/5aa1f927/041ecb27/041ecb27,1/1/2/2,1/1/1/1,276/276/277/276/2088/265,195/195/195/195,partition
1790651080,true,1761/1761/1758/1758,1761/1761/1758/1758,5aa1f927/5aa1f927/041ecb27/041ecb27,1/1/3/3,1/1/1/1,276/276/277/276/2088/265,195/195/195/195,partition
1790651095,true,1765/1765/1758/1758,1765/1765/1758/1758,280f4fc7/280f4fc7/041ecb27/041ecb27,0/0/3/3,1/1/1/1,276/276/277/276/2088/265,193/193/195/195,partition
1790651110,true,1765/1765/1758/1758,1765/1765/1758/1758,280f4fc7/280f4fc7/041ecb27/041ecb27,1/1/3/3,1/1/1/1,276/276/277/276/2088/265,193/193/195/195,partition
1790651125,true,1767/1767/1758/1758,1767/1767/1758/1758,05b2221c/05b2221c/041ecb27/041ecb27,0/0/4/4,1/1/1/1,276/276/277/276/2088/265,194/194/195/195,partition
1790651140,true,1768/1768/1758/1758,1768/1768/1758/1758,874abd5b/874abd5b/041ecb27/041ecb27,0/0/4/4,1/1/1/1,276/276/277/276/2088/265,196/196/195/195,partition
1790651155,true,1771/1771/1758/1758,1771/1771/1758/1758,ae0a2ccf/ae0a2ccf/041ecb27/041ecb27,0/0/4/4,1/1/1/1,276/276/277/276/2088/265,197/197/195/195,partition
1790651171,true,1773/1773/1758/1758,1773/1773/1758/1758,62cea9ee/62cea9ee/041ecb27/041ecb27,0/0/4/4,1/1/1/1,276/276/277/276/2088/265,202/202/195/195,partition
1790651185,true,1776/1776/1758/1758,1776/1776/1758/1758,e3d9e3a1/e3d9e3a1/041ecb27/041ecb27,0/0/4/4,1/1/1/1,277/276/277/276/2088/265,205/205/195/195,partition
1790651201,true,1780/1780/1758/1758,1780/1780/1758/1758,c0d2a262/c0d2a262/041ecb27/041ecb27,0/0/4/5,1/1/1/1,277/276/277/276/2088/265,217/217/195/195,partition
1790651218,false,1781/1781/1766/1758,1781/1781/1766/1766,802c6535/802c6535/31ec2465/041ecb27,1/1/3/5,4/4/4/4,278/277/278/277/2084/266,220/220/195/195,heal
1790651231,false,1782/1782/1782/1782,1782/1782/1782/1782,f2add2a6/f2add2a6/f2add2a6/f2add2a6,1/1/1/1,4/4/4/4,280/277/278/277/2084/266,223/223/223/223,heal
1790651246,false,1785/1785/1785/1785,1785/1785/1785/1785,9495e96d/9495e96d/9495e96d/9495e96d,0/0/0/0,4/4/4/4,278/277/278/277/2088/266,227/227/227/227,heal
1790651261,false,1787/1787/1787/1787,1787/1787/1787/1787,f8aed681/f8aed681/f8aed681/f8aed681,0/0/0/0,4/4/4/4,278/277/278/277/2088/266,231/231/231/231,heal
1790651276,false,1789/1789/1789/1789,1789/1789/1789/1789,155f15ad/155f15ad/155f15ad/155f15ad,0/0/0/0,4/4/4/4,278/277/278/277/2088/266,238/238/238/238,connected
1790651291,false,1791/1791/1791/1791,1791/1791/1791/1791,5e52be4f/5e52be4f/5e52be4f/5e52be4f,0/0/0/0,4/4/4/4,278/277/278/277/2088/266,236/236/236/236,connected
1790651307,false,1794/1793/1793/1793,1794/1793/1793/1793,a8a6c9d9/d2cf07ed/d2cf07ed/d2cf07ed,0/0/0/0,4/4/4/4,278/278/278/277/2088/266,242/239/239/239,connected
1790651321,false,1796/1796/1796/1796,1796/1796/1796/1796,5cef9552/5cef9552/5cef9552/5cef9552,1/1/1/1,4/4/4/4,278/278/278/277/2088/266,249/249/249/249,connected
1790651336,false,1798/1798/1798/1798,1798/1798/1798/1798,750b6e36/750b6e36/750b6e36/750b6e36,0/0/0/0,4/4/4/4,278/278/278/277/2088/266,254/254/254/254,connected
1790651352,false,1798/1798/1798/1798,1798/1798/1798/1798,750b6e36/750b6e36/750b6e36/750b6e36,1/1/1/1,4/4/4/4,278/278/278/277/2088/266,254/254/254/254,connected
1790651367,false,1799/1799/1799/1799,1799/1799/1799/1799,01ac412a/01ac412a/01ac412a/01ac412a,2/2/2/2,4/4/4/4,278/278/278/277/2088/266,258/258/258/258,connected
1790651383,false,1801/1801/1801/1801,1801/1801/1801/1801,e3551233/e3551233/e3551233/e3551233,1/1/1/1,4/4/4/4,278/278/278/277/2088/266,249/249/249/249,connected
1790651398,false,1804/1803/1803/1803,1804/1803/1803/1803,dd9fddd6/2d7ca7c9/2d7ca7c9/2d7ca7c9,0/0/0/0,4/4/4/4,278/278/278/277/2088/265,254/250/250/250,connected
1790651412,false,1805/1805/1805/1805,1805/1805/1805/1805,ef4572f5/ef4572f5/ef4572f5/ef4572f5,1/1/1/1,4/4/4/4,278/278/278/277/2088/266,258/258/258/258,connected
1790651427,false,1806/1806/1806/1806,1806/1806/1806/1806,81f6fbde/81f6fbde/81f6fbde/81f6fbde,1/1/1/1,4/4/4/4,278/278/278/277/2088/266,262/262/262/262,connected
1790651442,false,1807/1807/1807/1807,1807/1807/1807/1807,86e5af77/86e5af77/86e5af77/86e5af77,1/0/1/0,4/4/4/4,278/278/278/277/2088/266,255/255/255/255,connected
1790651457,false,1808/1808/1808/1808,1808/1808/1808/1808,e9ce7ac1/e9ce7ac1/e9ce7ac1/e9ce7ac1,0/0/0/0,4/4/4/4,278/278/278/277/2088/266,256/256/256/256,connected
1790651472,false,1809/1809/1809/1809,1809/1809/1809/1809,9048326e/9048326e/9048326e/9048326e,0/0/0/0,4/4/4/4,278/278/278/277/2088/266,248/248/248/248,connected
1790651488,false,1812/1811/1811/1811,1812/1811/1811/1811,455d04a8/121ed40f/121ed40f/121ed40f,0/1/1/1,4/4/4/4,278/278/278/277/2084/266,248/244/244/244,connected
1790651503,false,1817/1816/1816/1816,1817/1816/1816/1816,bb8ecb8a/4ee8ab04/4ee8ab04/4ee8ab04,1/1/1/0,4/4/4/4,278/278/278/277/2088/266,266/262/262/262,connected
1790651518,false,1818/1818/1818/1818,1818/1818/1818/1818,c77ff4a3/c77ff4a3/c77ff4a3/c77ff4a3,0/0/0/0,4/4/4/4,280/277/278/277/2088/265,270/270/270/270,connected
1790651533,false,1821/1821/1821/1821,1821/1821/1821/1821,226f0773/226f0773/226f0773/226f0773,0/0/0/0,4/4/4/4,278/277/278/277/2088/265,284/284/284/284,connected
1790651548,false,1822/1821/1821/1821,1822/1822/1822/1822,a795c1e9/226f0773/226f0773/226f0773,0/0/0/0,4/4/4/4,278/277/278/277/2088/265,289/284/284/284,connected
1790651563,false,1826/1826/1826/1826,1826/1826/1826/1826,458218c2/458218c2/458218c2/458218c2,2/1/2/1,4/4/4/4,280/277/278/277/2088/265,295/295/295/295,connected
1790651578,false,1828/1827/1827/1827,1828/1827/1827/1827,9d2f7bba/1623131a/1623131a/1623131a,0/1/1/1,4/4/4/4,278/280/280/279/2088/265,304/299/299/299,connected
1790651593,false,1831/1831/1831/1831,1831/1831/1831/1831,8a791fe4/8a791fe4/8a791fe4/8a791fe4,0/0/0/0,4/4/4/4,278/278/278/277/2088/265,318/318/318/318,connected
1790651608,false,1834/1833/1833/1833,1834/1833/1833/1833,236b16cb/57e0716c/57e0716c/57e0716c,0/1/1/1,4/4/4/4,278/280/280/277/2088/265,335/329/329/329,connected
1790651623,false,1835/1835/1835/1835,1835/1835/1835/1835,d1381ab2/d1381ab2/d1381ab2/d1381ab2,1/1/1/1,4/4/4/4,278/278/278/277/2088/265,341/341/341/341,connected
1790651638,false,1836/1836/1836/1836,1836/1836/1836/1836,3ee75f42/3ee75f42/3ee75f42/3ee75f42,0/0/0/0,4/4/4/4,280/278/278/277/2088/266,347/347/347/347,connected
1790651653,false,1838/1838/1838/1838,1838/1838/1838/1838,b0367df5/b0367df5/b0367df5/b0367df5,0/0/0/0,4/4/4/4,278/278/278/277/2088/266,337/337/337/337,connected
1790651668,false,1839/1839/1839/1839,1839/1839/1839/1839,602eb904/602eb904/602eb904/602eb904,1/1/1/1,4/4/4/4,278/278/278/277/2088/266,342/342/342/342,connected
1790651683,false,1841/1841/1841/1841,1841/1841/1841/1841,2e11a25c/2e11a25c/2e11a25c/2e11a25c,0/0/0/0,4/4/4/4,278/278/278/277/2088/266,334/334/334/334,connected
1790651699,false,1841/1841/1841/1841,1841/1841/1841/1841,2e11a25c/2e11a25c/2e11a25c/2e11a25c,1/1/1/1,4/4/4/4,278/278/278/277/2088/266,334/334/334/334,connected
1790651714,false,1842/1842/1842/1842,1842/1842/1842/1842,f83f722f/f83f722f/f83f722f/f83f722f,1/1/1/1,4/4/4/4,278/278/278/277/2088/266,340/340/340/340,connected
1790651729,false,1843/1843/1843/1843,1843/1843/1843/1843,6eb2137a/6eb2137a/6eb2137a/6eb2137a,0/0/0/0,4/4/4/4,278/278/278/277/2088/266,319/319/319/319,connected
1790651744,false,1843/1843/1843/1843,1843/1843/1843/1843,6eb2137a/6eb2137a/6eb2137a/6eb2137a,1/1/1/1,4/4/4/4,278/278/278/277/2088/266,319/319/319/319,connected
1790651761,false,1845/1845/1845/1845,1845/1845/1845/1845,c298f9f9/c298f9f9/c298f9f9/c298f9f9,0/0/0/0,4/4/4/4,280/278/278/279/2088/265,296/296/296/296,connected
1790651780,false,1848/1848/1848/1848,1848/1848/1848/1848,185b77ca/185b77ca/185b77ca/185b77ca,1/1/1/1,4/4/4/4,278/278/278/277/2088/266,309/309/309/309,connected
1790651794,false,1849/1849/1849/1849,1849/1849/1849/1849,8b1719af/8b1719af/8b1719af/8b1719af,1/1/1/1,4/4/4/4,278/278/278/277/2088/266,313/313/313/313,connected
1790651814,false,1849/1849/1849/1849,1849/1849/1849/1849,8b1719af/8b1719af/8b1719af/8b1719af,1/1/1/1,4/4/4/4,278/278/278/277/2088/266,313/313/313/313,connected
1790651833,false,1849/1849/1849/1849,1849/1849/1849/1849,8b1719af/8b1719af/8b1719af/8b1719af,2/2/2/2,4/4/4/4,278/278/278/277/2088/266,313/313/313/313,connected
1790651837,false,1849/1849/1849/1849,1849/1849/1849/1849,8b1719af/8b1719af/8b1719af/8b1719af,2/2/3/2,4/4/4/4,278/278/278/277/2088/266,313/313/313/313,connected
1790651858,false,1851/1850/1850/1850,1851/1850/1850/1850,22e47a53/b5bf6307/b5bf6307/b5bf6307,0/0/0/0,4/4/4/4,280/278/280/277/2088/266,272/312/312/312,connected
1790651869,false,1853/1853/1853/1853,1853/1853/1853/1853,565145c1/565145c1/565145c1/565145c1,1/1/1/1,4/4/4/4,278/280/280/277/2088/266,278/278/278/278,connected
1790651889,false,1855/1855/1855/1855,1855/1855/1855/1855,1117d90b/1117d90b/1117d90b/1117d90b,0/0/0/0,4/4/4/4,278/278/278/277/2088/265,283/283/283/283,connected
1790651896,false,1856/1856/1856/1856,1856/1856/1856/1856,89a392d3/89a392d3/89a392d3/89a392d3,0/0/0/0,4/4/4/4,278/278/278/277/2088/266,285/285/285/285,connected
1790651916,false,1856/1856/1856/1856,1856/1856/1856/1856,89a392d3/89a392d3/89a392d3/89a392d3,2/1/2/2,4/4/4/4,278/278/278/277/2088/265,285/285/285/285,connected
1790651932,false,1857/1857/1857/1857,1857/1857/1857/1857,2dc8293d/2dc8293d/2dc8293d/2dc8293d,1/1/1/1,4/4/4/4,278/278/278/277/2088/266,287/287/287/287,connected
1790651945,false,1858/1857/1857/1857,1858/1857/1857/1857,5e349d36/2dc8293d/2dc8293d/2dc8293d,0/1/1/1,4/4/4/4,278/278/278/277/2088/266,266/287/287/287,connected
1790651962,false,1858/1858/1858/1858,1858/1858/1858/1858,5e349d36/5e349d36/5e349d36/5e349d36,0/0/0/0,4/4/4/4,278/278/278/279/2088/266,266/266/266/266,connected
1790651973,false,1861/1861/1861/1861,1861/1861/1861/1861,a00e4a4d/a00e4a4d/a00e4a4d/a00e4a4d,0/0/0/0,4/4/4/4,278/278/278/277/2088/266,262/262/262/262,connected
1790651986,false,1861/1861/1861/1861,1861/1861/1861/1861,a00e4a4d/a00e4a4d/a00e4a4d/a00e4a4d,0/0/0/1,4/4/4/4,278/278/278/277/2088/266,262/262/262/262,connected
1790652001,false,1863/1863/1863/1863,1863/1863/1863/1863,e6142243/e6142243/e6142243/e6142243,0/0/0/0,4/4/4/4,278/278/278/277/2088/266,253/253/253/253,connected
1790652016,false,1866/1866/1866/1866,1866/1866/1866/1866,f6e97b14/f6e97b14/f6e97b14/f6e97b14,0/0/0/0,4/4/4/4,278/278/278/277/2088/266,263/263/263/263,connected
1790652037,false,1868/1868/1868/1868,1868/1868/1868/1868,dde1f431/dde1f431/dde1f431/dde1f431,0/0/0/0,4/4/4/4,278/278/278/277/2088/266,264/264/264/264,connected
1790652046,false,1868/1868/1868/1868,1868/1868/1868/1868,dde1f431/dde1f431/dde1f431/dde1f431,1/1/1/1,4/4/4/4,278/278/278/277/2088/266,264/264/264/264,connected
1790652061,false,1869/1869/1869/1869,1869/1869/1869/1869,832018ab/832018ab/832018ab/832018ab,0/0/0/0,4/4/4/4,278/278/278/277/2088/266,268/268/268/268,connected
1790652076,false,1873/1872/1872/1872,1873/1872/1872/1872,bfcb7a49/304d74fb/304d74fb/304d74fb,1/2/2/2,4/4/4/4,278/280/280/277/2088/265,264/261/261/261,connected
1790652092,false,1875/1875/1875/1875,1875/1875/1875/1875,3b5ed597/3b5ed597/3b5ed597/3b5ed597,0/0/0/0,4/4/4/4,278/278/278/277/2088/266,271/271/271/271,connected
1790652107,false,1878/1878/1878/1878,1878/1878/1878/1878,970b9fec/970b9fec/970b9fec/970b9fec,0/0/0/0,4/4/4/4,278/278/278/277/2088/266,282/282/282/282,connected
1790652127,false,1880/1879/1879/1879,1880/1879/1879/1879,d818d6bf/7e1e632d/7e1e632d/7e1e632d,1/1/1/1,4/4/4/4,278/278/278/277/2088/266,287/286/286/286,connected
1790652143,false,1881/1881/1881/1881,1881/1881/1881/1881,18537343/18537343/18537343/18537343,0/0/0/0,4/4/4/4,278/278/278/277/2088/265,291/291/291/291,connected
1790652157,false,1881/1881/1881/1881,1881/1881/1881/1881,18537343/18537343/18537343/18537343,1/1/1/1,4/4/4/4,278/278/278/277/2088/266,291/291/291/291,connected
1790652173,false,1882/1882/1882/1882,1882/1882/1882/1882,a39dd5bd/a39dd5bd/a39dd5bd/a39dd5bd,0/0/0/1,4/4/4/4,278/278/278/277/2088/266,295/295/295/295,connected
1790652186,false,1882/1882/1882/1882,1882/1882/1882/1882,a39dd5bd/a39dd5bd/a39dd5bd/a39dd5bd,1/1/1/1,4/4/4/4,280/278/278/277/2088/266,295/295/295/295,connected
1790652201,false,1883/1883/1883/1883,1883/1883/1883/1883,3455f404/3455f404/3455f404/3455f404,1/1/1/1,4/4/4/4,278/278/278/277/2088/266,281/281/281/281,connected
1790652216,false,1885/1884/1884/1884,1885/1884/1884/1884,b1a9f909/27da8b72/27da8b72/27da8b72,0/1/1/1,4/4/4/4,279/278/278/277/2088/266,262/268/268/268,connected
1790652230,false,1886/1886/1886/1886,1886/1886/1886/1886,d841d1ab/d841d1ab/d841d1ab/d841d1ab,0/0/0/0,4/4/4/4,279/278/278/277/2088/266,262/262/262/262,connected
1790652245,false,1887/1887/1887/1887,1887/1887/1887/1887,ca8b040e/ca8b040e/ca8b040e/ca8b040e,0/0/0/0,4/4/4/4,279/280/278/277/2088/266,261/261/261/261,connected
1790652263,false,1889/1888/1888/1888,1889/1888/1888/1888,157e899b/5da65a4d/5da65a4d/5da65a4d,0/1/1/1,4/4/4/4,279/278/278/277/2088/266,263/259/259/259,connected
1790652281,false,1889/1889/1889/1889,1889/1889/1889/1889,157e899b/157e899b/157e899b/157e899b,0/1/0/0,4/4/4/4,279/278/278/277/2088/266,263/263/263/263,connected
1790652295,false,1890/1890/1890/1890,1890/1890/1890/1890,fe137df3/fe137df3/fe137df3/fe137df3,0/0/0/0,4/4/4/4,279/278/278/278/2088/266,260/260/260/260,connected
1790652314,false,1890/1890/1890/1890,1890/1890/1890/1890,fe137df3/fe137df3/fe137df3/fe137df3,0/0/0/0,4/4/4/4,279/278/278/278/2088/266,260/260/260/260,connected
1790652325,false,1892/1892/1892/1892,1892/1892/1892/1892,f8cc4a8f/f8cc4a8f/f8cc4a8f/f8cc4a8f,0/0/0/1,4/4/4/4,279/278/278/278/2088/266,244/244/244/244,connected
1790652339,false,1892/1892/1892/1892,1892/1892/1892/1892,f8cc4a8f/f8cc4a8f/f8cc4a8f/f8cc4a8f,2/2/2/2,4/4/4/4,279/278/278/278/2088/266,244/244/244/244,connected
1790652360,false,1892/1892/1892/1892,1892/1892/1892/1892,f8cc4a8f/f8cc4a8f/f8cc4a8f/f8cc4a8f,3/3/3/3,4/4/4/4,281/278/271/271/2088/266,244/244/244/244,connected
1790652364,false,1896/1895/1895/1895,1896/1895/1895/1895,4c6f7810/f8f0ae65/f8f0ae65/f8f0ae65,1/0/1/1,4/4/4/4,279/278/271/271/1700/266,234/232/232/232,connected
1790652385,false,1896/1896/1896/1896,1896/1896/1896/1896,4c6f7810/4c6f7810/4c6f7810/4c6f7810,1/1/1/1,4/4/4/4,279/278/271/271/1612/266,234/234/234/234,connected
1790652394,false,1896/1896/1896/1896,1896/1896/1896/1896,4c6f7810/4c6f7810/4c6f7810/4c6f7810,1/2/2/2,4/4/4/4,281/278/271/271/2029/266,234/234/234/234,connected
1790652409,false,1900/1899/1899/1899,1900/1900/1900/1899,24fabc99/9fddb65c/9fddb65c/9fddb65c,1/1/1/1,4/4/4/4,279/278/271/271/2081/265,234/232/232/232,connected
1790652424,false,1902/1901/1901/1901,1902/1901/1901/1901,e3038580/a8bbf3c4/a8bbf3c4/a8bbf3c4,1/1/1/1,4/4/4/4,279/280/273/273/2084/265,238/237/237/237,connected
1790652439,false,1902/1902/1902/1902,1902/1902/1902/1902,e3038580/e3038580/e3038580/e3038580,1/1/1/1,4/4/4/4,279/278/271/271/2086/265,238/238/238/238,connected
1790652464,false,1903/1903/1903/1903,1903/1903/1903/1903,6c669d9b/6c669d9b/6c669d9b/6c669d9b,1/1/1/1,4/4/4/4,279/278/271/271/2086/265,240/240/240/240,connected
1790652487,false,1903/1903/1903/1903,1903/1903/1903/1903,6c669d9b/6c669d9b/6c669d9b/6c669d9b,1/1/1/1,4/4/4/4,279/278/271/271/2087/265,240/240/240/240,connected
1790652497,false,1904/1904/1904/1904,1904/1904/1904/1904,f40c3b81/f40c3b81/f40c3b81/f40c3b81,2/2/2/2,4/4/4/4,279/278/271/271/2087/265,230/230/230/230,connected
1790652503,false,1904/1904/1904/1904,1904/1904/1904/1904,f40c3b81/f40c3b81/f40c3b81/f40c3b81,2/2/2/2,4/4/4/4,279/278/271/271/2087/265,230/230/230/230,connected
1790652530,false,1904/1904/1904/1904,1904/1904/1904/1904,f40c3b81/f40c3b81/f40c3b81/f40c3b81,3/3/3/3,4/4/4/4,279/278/271/271/2087/265,230/230/230/230,connected
1790652536,false,1905/1904/1904/1904,1905/1904/1904/1904,0d887ff2/f40c3b81/f40c3b81/f40c3b81,0/3/3/3,4/4/4/4,281/280/271/271/2087/265,227/230/230/230,connected
1790652556,false,1906/1906/1906/1906,1906/1906/1906/1906,4acab37a/4acab37a/4acab37a/4acab37a,1/1/1/1,4/4/4/4,279/280/271/271/2087/265,205/205/205/205,connected
1790652575,false,1908/1908/1908/1908,1908/1908/1908/1908,35325512/35325512/35325512/35325512,1/1/1/1,4/4/4/4,279/278/271/271/2087/265,207/207/207/207,connected
1790652588,false,1908/1908/1908/1908,1908/1908/1908/1908,35325512/35325512/35325512/35325512,1/1/1/1,4/4/4/4,279/278/271/271/2087/265,207/207/207/207,connected
1790652598,false,1909/1909/1909/1909,1909/1909/1909/1909,9ee81649/9ee81649/9ee81649/9ee81649,1/0/0/2,4/4/4/4,281/278/271/271/2087/265,206/206/206/206,connected
1790652619,false,1912/1912/1912/1912,1912/1912/1912/1912,b29c260e/b29c260e/b29c260e/b29c260e,0/0/0/0,4/4/4/4,279/278/271/271/2083/265,200/200/200/200,connected
1790652625,false,1914/1914/1914/1914,1914/1914/1914/1914,4c413b77/4c413b77/9d0a7528/4c413b77,0/0/0/0,4/4/4/4,279/278/271/271/2087/265,201/201/201/201,connected
1790652644,false,1914/1914/1914/1914,1914/1914/1914/1914,4c413b77/4c413b77/9d0a7528/4c413b77,1/1/1/1,4/4/4/4,279/278/271/271/2088/265,201/201/201/201,connected
1790652661,false,1915/1915/1915/1915,1915/1915/1915/1915,413c0a67/413c0a67/413c0a67/413c0a67,0/0/0/0,4/4/4/4,279/278/271/271/2088/265,203/203/203/203,connected
1790652682,false,1915/1915/1915/1915,1915/1915/1915/1915,413c0a67/413c0a67/413c0a67/413c0a67,1/2/1/2,4/4/4/4,279/278/271/271/2088/265,203/203/203/203,connected
1790652690,false,1915/1915/1915/1915,1915/1915/1915/1915,413c0a67/413c0a67/413c0a67/413c0a67,2/2/2/2,4/4/4/4,279/278/271/271/2088/265,203/203/203/203,connected
1790652712,false,1917/1917/1917/1917,1917/1917/1917/1917,bd0b5eab/bd0b5eab/bd0b5eab/bd0b5eab,0/0/0/0,4/4/4/4,279/278/271/271/2088/265,183/183/183/183,connected
1790652721,false,1917/1917/1917/1917,1917/1917/1917/1917,bd0b5eab/bd0b5eab/bd0b5eab/bd0b5eab,0/1/0/0,4/4/4/4,279/278/271/271/2088/265,183/183/183/183,connected
1790652731,false,1917/1917/1917/1917,1917/1917/1917/1917,bd0b5eab/bd0b5eab/bd0b5eab/bd0b5eab,2/2/2/2,4/4/4/4,279/278/271/271/2088/265,183/183/183/183,connected
1790652749,false,1917/1917/1917/1917,1917/1917/1917/1917,bd0b5eab/bd0b5eab/bd0b5eab/bd0b5eab,2/2/2/2,4/4/4/4,281/278/271/271/2084/265,183/183/183/183,connected
1790652774,false,1919/1919/1919/1919,1919/1919/1919/1919,23abffa4/23abffa4/23abffa4/23abffa4,1/1/1/1,4/4/4/4,281/278/271/273/2088/265,172/172/172/172,connected
1790652780,false,1921/1921/1921/1921,1921/1921/1921/1921,7b4e1217/7b4e1217/7b4e1217/7b4e1217,1/1/1/1,4/4/4/4,279/278/271/271/2088/265,174/174/174/174,connected
1790652806,false,1922/1922/1922/1922,1922/1922/1922/1922,23b568f0/23b568f0/23b568f0/23b568f0,1/1/1/1,4/4/4/4,279/278/271/273/2088/265,176/176/176/176,connected
1790652812,false,1923/1923/1923/1923,1923/1923/1923/1923,097feba8/097feba8/097feba8/097feba8,1/1/1/1,4/4/4/4,279/278/273/271/2088/265,174/174/174/174,connected
1790652824,false,1924/1924/1924/1924,1924/1924/1924/1924,6ef95f2b/6ef95f2b/6ef95f2b/6ef95f2b,0/0/0/0,4/4/4/4,279/278/271/271/2088/265,172/172/172/172,connected
1790652838,false,1927/1927/1927/1927,1927/1927/1927/1927,714a02a9/714a02a9/714a02a9/714a02a9,0/0/0/0,4/4/4/4,279/278/271/271/2088/265,169/169/169/169,connected
1790652861,false,1928/1927/1927/1927,1928/1927/1927/1927,18ef44bc/714a02a9/714a02a9/714a02a9,0/0/0/0,4/4/4/4,279/278/271/271/2086/265,170/169/169/169,connected
1790652882,false,1930/1930/1930/1930,1930/1930/1930/1930,4e915780/4e915780/4e915780/4e915780,1/1/1/1,4/4/4/4,279/278/271/271/2088/265,170/170/170/170,connected
1790652888,false,1931/1931/1931/1931,1931/1931/1931/1931,fe93c52a/fe93c52a/fe93c52a/fe93c52a,1/1/1/1,4/4/4/4,279/278/271/271/2088/265,172/172/172/172,connected
1790652906,false,1932/1932/1932/1932,1932/1932/1932/1932,b0da7cf6/b0da7cf6/b0da7cf6/b0da7cf6,0/0/0/0,4/4/4/4,279/278/273/271/2088/265,173/173/173/173,connected
1790652924,false,1933/1933/1933/1933,1933/1933/1933/1933,c282be88/c282be88/c282be88/c282be88,0/0/0/1,4/4/4/4,279/278/271/273/2088/265,169/169/169/169,connected
1790652931,false,1935/1935/1935/1935,1935/1935/1935/1935,26e58d3a/26e58d3a/26e58d3a/26e58d3a,0/0/0/0,4/4/4/4,279/278/271/271/2088/265,167/167/167/167,connected
1790652959,false,1935/1935/1935/1935,1935/1935/1935/1935,26e58d3a/26e58d3a/26e58d3a/26e58d3a,0/0/0/0,4/4/4/4,279/278/271/271/2088/265,167/167/167/167,connected
1790652964,false,1935/1935/1935/1935,1935/1935/1935/1935,26e58d3a/26e58d3a/26e58d3a/26e58d3a,0/0/0/0,4/4/4/4,279/278/271/271/2088/265,167/167/167/167,connected
1790652983,false,1935/1935/1935/1935,1935/1935/1935/1935,26e58d3a/26e58d3a/26e58d3a/26e58d3a,0/0/0/0,4/4/4/4,279/278/271/271/2088/265,167/167/167/167,connected
1790653006,false,1936/1935/1935/1935,1936/1935/1935/1935,a0d617fa/26e58d3a/26e58d3a/26e58d3a,0/2/1/1,4/4/4/4,279/278/271/271/2088/265,167/167/167/167,connected
1790653012,false,1937/1937/1937/1937,1937/1937/1937/1937,601b9726/601b9726/601b9726/601b9726,1/1/1/1,4/4/4/4,279/280/271/271/2088/265,152/152/152/152,connected
1790653039,false,1939/1939/1939/1939,1939/1939/1939/1939,b9b068df/b9b068df/b9b068df/b9b068df,0/0/0/0,4/4/4/4,279/278/271/271/2088/265,152/152/152/152,connected
1790653044,false,1941/1940/1940/1940,1941/1940/1940/1940,336a2e0d/946401a5/946401a5/946401a5,0/0/0/0,4/4/4/4,279/278/271/271/2088/265,154/153/153/153,connected
1790653057,false,1942/1941/1941/1941,1942/1941/1941/1941,09df5569/336a2e0d/336a2e0d/336a2e0d,1/1/1/1,4/4/4/4,279/278/271/271/2088/265,152/154/154/154,connected
1790653088,false,1942/1942/1942/1942,1942/1942/1942/1942,09df5569/09df5569/11939d57/09df5569,2/2/2/2,4/4/4/4,279/280/271/273/2088/265,152/152/152/152,connected
1790653096,false,1944/1944/1944/1944,1944/1944/1944/1944,d855b3e8/d855b3e8/d855b3e8/d855b3e8,1/1/1/1,4/4/4/4,279/278/271/273/2084/265,149/149/149/149,connected
1790653124,false,1948/1948/1948/1948,1948/1948/1948/1948,f1ed93cc/f1ed93cc/f1ed93cc/f1ed93cc,0/0/0/0,4/4/4/4,279/278/271/271/2088/265,151/151/151/151,connected
1790653130,false,1949/1949/1949/1949,1949/1949/1949/1949,c933cb56/c933cb56/c933cb56/c933cb56,1/1/1/1,4/4/4/4,279/278/271/271/2084/265,153/153/153/153,connected
1790653149,false,1950/1950/1950/1950,1950/1950/1950/1950,fc1f9739/fc1f9739/fc1f9739/fc1f9739,1/1/1/1,4/4/4/4,279/278/271/271/2088/265,154/154/154/154,connected
1790653172,false,1950/1950/1950/1950,1950/1950/1950/1950,fc1f9739/fc1f9739/fc1f9739/fc1f9739,1/1/1/1,4/4/4/4,279/278/271/271/2088/265,154/154/154/154,connected
1790653177,false,1951/1951/1951/1951,1951/1951/1951/1951,34b7db3a/34b7db3a/34b7db3a/34b7db3a,0/0/0/0,4/4/4/4,279/278/271/271/2088/265,152/152/152/152,connected
1790653205,false,1952/1952/1952/1952,1952/1952/1952/1952,bb4ba52e/bb4ba52e/bb4ba52e/bb4ba52e,0/0/0/0,4/4/4/4,279/278/271/271/2088/265,145/145/145/145,connected
1790653210,false,1953/1953/1953/1953,1953/1953/1953/1953,1c8e65c2/1c8e65c2/1c8e65c2/1c8e65c2,1/1/1/1,4/4/4/4,279/278/271/271/2088/265,141/141/141/141,connected
1790653221,false,1953/1953/1953/1953,1953/1953/1953/1953,1c8e65c2/1c8e65c2/1c8e65c2/1c8e65c2,1/1/1/1,4/4/4/4,279/278/271/271/2088/265,141/141/141/141,connected
1790653254,false,1955/1955/1955/1955,1955/1955/1955/1955,cefe348c/cefe348c/cefe348c/cefe348c,0/1/0/1,4/4/4/4,279/278/272/273/2088/265,135/135/135/135,connected
1790653261,false,1958/1958/1958/1958,1958/1958/1958/1958,140d5e56/140d5e56/140d5e56/140d5e56,0/0/0/0,4/4/4/4,280/278/272/271/2088/265,138/138/138/138,connected
1790653289,false,1959/1959/1959/1959,1959/1959/1959/1959,29948f13/29948f13/29948f13/29948f13,0/0/0/0,4/4/4/4,279/278/272/271/2088/265,139/139/139/139,connected
1790653295,false,1961/1961/1961/1961,1961/1961/1961/1961,b12ab706/b12ab706/b12ab706/b12ab706,0/0/0/0,4/4/4/4,280/278/272/271/2088/265,137/137/137/137,connected
1790653306,false,1961/1961/1961/1961,1961/1961/1961/1961,b12ab706/b12ab706/b12ab706/b12ab706,0/0/0/0,4/4/4/4,279/278/272/271/2088/265,137/137/137/137,connected
1790653320,false,1963/1963/1963/1963,1963/1963/1963/1963,91139a89/91139a89/91139a89/91139a89,0/0/0/0,4/4/4/4,279/278/272/271/2088/265,132/132/132/132,connected
1790653335,false,1965/1965/1965/1965,1965/1965/1965/1965,e5587930/e5587930/e5587930/e5587930,1/1/0/1,4/4/4/4,279/278/272/271/2088/265,134/134/134/134,connected
1790653350,false,1966/1965/1965/1965,1966/1965/1965/1965,7d077360/e5587930/e5587930/e5587930,0/2/2/2,4/4/4/4,279/278/272/271/2088/265,135/134/134/134,connected
1790653366,false,1969/1968/1968/1968,1969/1968/1968/1968,fd812f59/ccc87160/ccc87160/ccc87160,0/1/0/0,4/4/4/4,279/278/272/271/2088/265,134/133/133/133,connected
1790653380,false,1971/1971/1971/1971,1971/1971/1971/1971,4b43ea29/4b43ea29/4b43ea29/4b43ea29,0/0/0/0,4/4/4/4,279/278/272/271/2088/265,137/137/137/137,connected
1790653395,false,1973/1973/1973/1973,1973/1973/1973/1973,f144014b/f144014b/f144014b/f144014b,2/2/2/2,4/4/4/4,279/278/272/271/2088/265,140/140/140/140,connected
1790653410,false,1977/1977/1977/1977,1977/1977/1977/1977,f0ee0d66/f0ee0d66/f0ee0d66/f0ee0d66,0/0/0/0,4/4/4/4,279/278/272/271/2088/265,144/144/144/144,connected
1790653425,false,1979/1979/1979/1979,1979/1979/1979/1979,a053446b/a053446b/a053446b/a053446b,0/0/0/0,4/4/4/4,279/278/272/271/2088/265,147/147/147/147,connected
1790653440,false,1983/1983/1983/1983,1983/1983/1983/1983,47f13278/47f13278/47f13278/47f13278,0/0/0/0,4/4/4/4,279/278/272/271/2084/265,155/155/155/155,connected
1790653456,false,1985/1985/1984/1984,1985/1985/1985/1985,521bf7b2/521bf7b2/34db1c7d/34db1c7d,1/0/2/2,4/4/4/4,279/278/272/271/2088/265,159/159/157/157,connected
1790653471,false,1988/1988/1988/1988,1988/1988/1988/1988,6278cc16/6278cc16/6278cc16/6278cc16,0/0/0/0,4/4/4/4,279/278/272/271/2088/265,165/165/165/165,connected
1790653486,false,1990/1990/1990/1990,1990/1990/1990/1990,3647d8a9/3647d8a9/3647d8a9/3647d8a9,0/1/1/1,4/4/4/4,279/278/272/271/2088/265,170/170/170/170,connected
1790653501,false,1993/1993/1993/1993,1993/1993/1993/1993,4388ad7b/4388ad7b/4388ad7b/4388ad7b,0/0/0/0,4/4/4/4,280/278/272/271/2088/265,178/178/178/178,connected
1790653516,false,1997/1997/1997/1997,1997/1997/1997/1997,9a47283f/9a47283f/9a47283f/9a47283f,0/0/0/0,4/4/4/4,280/278/272/271/2086/265,190/190/190/190,connected
1790653532,false,2000/1999/1999/1999,2000/1999/1999/1999,06b4215e/643fa5d7/643fa5d7/643fa5d7,1/1/1/1,4/4/4/4,280/278/272/271/2088/265,201/197/197/197,connected
1790653546,false,2001/2001/2001/2001,2001/2001/2001/2001,0cbe3c56/0cbe3c56/0cbe3c56/0cbe3c56,2/2/2/2,4/4/4/4,279/278/272/271/2088/265,205/205/205/205,connected
1790653562,false,2003/2003/2003/2003,2003/2003/2003/2003,aca2d6ea/aca2d6ea/aca2d6ea/aca2d6ea,0/0/0/0,4/4/4/4,280/278/272/272/2088/265,205/205/205/205,connected
1790653577,false,2004/2004/2004/2004,2004/2004/2004/2004,adda5067/adda5067/adda5067/adda5067,0/0/0/0,4/4/4/4,280/278/272/272/2088/265,209/209/209/209,connected
1790653592,false,2005/2005/2005/2005,2005/2005/2005/2005,3e919cdf/3e919cdf/3e919cdf/3e919cdf,0/0/0/0,4/4/4/4,280/278/272/272/2088/265,208/208/208/208,connected
1790653607,false,2006/2006/2006/2006,2006/2006/2006/2006,bdc90569/bdc90569/bdc90569/bdc90569,0/0/0/0,4/4/4/4,280/278/272/272/2088/265,200/200/200/200,connected
1790653622,false,2010/2010/2010/2010,2010/2010/2010/2010,6a8101d1/6a8101d1/6a8101d1/6a8101d1,0/0/0/0,4/4/4/4,280/278/272/272/2088/265,210/210/210/210,connected
1790653637,false,2014/2014/2014/2014,2014/2014/2014/2014,f5c8f7fb/f5c8f7fb/f5c8f7fb/f5c8f7fb,2/2/2/2,4/4/4/4,280/278/272/272/2088/265,227/227/227/227,connected
1790653652,false,2015/2015/2015/2015,2015/2015/2015/2015,bc6f8735/bc6f8735/bc6f8735/bc6f8735,0/0/0/0,4/4/4/4,280/279/272/272/2088/265,231/231/231/231,connected
1790653667,false,2017/2017/2017/2017,2017/2017/2017/2017,7ed2f9ea/7ed2f9ea/7ed2f9ea/7ed2f9ea,1/1/1/1,4/4/4/4,280/279/272/272/2088/265,235/235/235/235,connected
1790653682,false,2019/2019/2019/2019,2019/2019/2019/2019,3c6d9d76/3c6d9d76/3c6d9d76/3c6d9d76,1/1/1/1,4/4/4/4,282/279/272/272/2084/265,243/243/243/243,connected
1790653698,false,2022/2022/2022/2022,2022/2022/2022/2022,ede24092/ede24092/ede24092/ede24092,0/0/0/0,4/4/4/4,280/279/272/272/2088/265,254/254/254/254,connected
1790653713,false,2022/2022/2022/2022,2022/2022/2022/2022,ede24092/ede24092/ede24092/ede24092,0/0/0/0,4/4/4/4,280/279/272/272/2088/265,254/254/254/254,connected
1790653728,false,2024/2024/2024/2024,2024/2024/2024/2024,1461affa/1461affa/1461affa/1461affa,1/1/1/1,4/4/4/4,280/279/272/272/2088/265,244/244/244/244,connected
1790653743,false,2026/2026/2026/2026,2026/2026/2026/2026,77f0cb8e/77f0cb8e/77f0cb8e/77f0cb8e,0/0/0/0,4/4/4/4,280/279/272/272/2088/265,253/253/253/253,connected
1790653758,false,2026/2026/2026/2026,2026/2026/2026/2026,77f0cb8e/77f0cb8e/77f0cb8e/77f0cb8e,2/2/1/2,4/4/4/4,280/279/272/272/2088/265,253/253/253/253,connected
1790653773,false,2029/2029/2029/2029,2029/2029/2029/2029,a94516c3/a94516c3/a94516c3/a94516c3,0/0/0/0,4/4/4/4,280/279/272/272/2088/265,243/243/243/243,connected
1790653788,false,2030/2030/2030/2030,2030/2030/2030/2030,78f0e6c0/78f0e6c0/78f0e6c0/78f0e6c0,1/1/0/0,4/4/4/4,280/279/272/272/2088/265,248/248/248/248,connected
1790653803,false,2031/2031/2031/2031,2031/2031/2031/2031,e7f59822/e7f59822/e7f59822/e7f59822,0/0/0/0,4/4/4/4,280/279/272/272/2088/265,252/252/252/252,connected
1790653818,false,2034/2034/2034/2034,2034/2034/2034/2034,1b2d63f0/1b2d63f0/1b2d63f0/1b2d63f0,0/0/0/0,4/4/4/4,280/279/272/272/2088/265,251/251/251/251,connected
1790653833,false,2035/2035/2035/2035,2035/2035/2035/2035,26699727/26699727/26699727/26699727,0/0/0/0,4/4/4/4,280/279/272/272/2088/265,255/255/255/255,connected
1790653848,false,2036/2036/2036/2036,2036/2036/2036/2036,cd388c9c/cd388c9c/cd388c9c/cd388c9c,1/1/1/1,4/4/4/4,280/279/272/272/2084/265,259/259/259/259,connected
1790653864,false,2039/2039/2039/2039,2039/2039/2039/2039,d9841169/d9841169/d9841169/d9841169,0/0/0/0,4/4/4/4,280/279/272/272/2088/265,250/250/250/250,connected
1790653879,false,2040/2040/2040/2040,2040/2040/2040/2040,39a4d208/39a4d208/39a4d208/39a4d208,0/1/0/0,4/4/4/4,280/279/272/272/2088/265,254/254/254/254,connected
1790653894,false,2041/2041/2041/2041,2041/2041/2041/2041,212fb0dc/212fb0dc/212fb0dc/212fb0dc,1/0/1/0,4/4/4/4,280/279/272/272/2088/265,258/258/258/258,connected
1790653909,true,2043/2043/2043/2043,2043/2043/2043/2043,87f6e4ab/87f6e4ab/87f6e4ab/87f6e4ab,0/0/0/0,1/1/1/1,282/279/272/272/2084/265,248/248/248/248,partition
1790653924,true,2044/2044/2043/2043,2044/2044/2043/2043,f61f983f/f61f983f/87f6e4ab/87f6e4ab,0/0/1/1,1/1/1/1,280/279/272/272/2088/265,251/251/248/248,partition
1790653939,true,2046/2046/2043/2043,2046/2046/2043/2043,c6f2efbe/c6f2efbe/87f6e4ab/87f6e4ab,0/0/1/1,1/1/1/1,280/279/272/272/2088/265,248/248/248/248,partition
1790653967,true,2048/2048/2043/2043,2048/2048/2043/2043,3bbf6fb8/3bbf6fb8/87f6e4ab/87f6e4ab,0/0/1/1,1/1/1/1,536/535/272/272/4424/265,247/247/248/248,partition
1790653980,true,2048/2048/2043/2043,2048/2048/2043/2043,3bbf6fb8/3bbf6fb8/87f6e4ab/87f6e4ab,0/0/1/2,1/1/1/1,536/537/272/272/4424/265,247/247/248/248,partition
1790653992,true,2049/2049/2043/2043,2049/2049/2043/2043,07e7f2f0/07e7f2f0/87f6e4ab/87f6e4ab,0/0/2/2,1/1/1/1,536/535/272/272/4425/265,251/251/248/248,partition
1790654008,true,2051/2051/2043/2043,2051/2051/2043/2043,c8e677a4/c8e677a4/87f6e4ab/87f6e4ab,0/0/2/2,1/1/1/1,536/535/272/272/4424/265,238/238/248/248,partition
1790654028,true,2051/2051/2043/2043,2051/2051/2043/2043,c8e677a4/c8e677a4/87f6e4ab/87f6e4ab,0/1/2/2,1/1/1/1,536/535/272/272/4420/265,238/238/248/248,partition
1790654042,true,2052/2052/2043/2043,2052/2052/2043/2043,52a2e67a/52a2e67a/87f6e4ab/87f6e4ab,0/0/2/2,1/1/1/1,536/535/272/272/4425/265,242/242/248/248,partition
1790654057,true,2052/2052/2043/2043,2052/2052/2043/2043,52a2e67a/52a2e67a/87f6e4ab/87f6e4ab,0/0/2/2,1/1/1/1,536/535/272/272/4420/265,242/242/248/248,partition
1790654073,true,2053/2053/2043/2043,2053/2053/2043/2043,5c85dbbb/5c85dbbb/87f6e4ab/87f6e4ab,0/1/3/3,1/1/1/1,536/535/272/272/4425/265,229/229/248/248,partition
1790654087,true,2055/2055/2043/2043,2055/2055/2043/2043,241e9f81/241e9f81/87f6e4ab/87f6e4ab,1/3/3/3,1/1/1/1,536/537/272/272/4425/265,217/217/248/248,partition
1790654104,false,2056/2056/2044/2044,2056/2056/2044/2044,1e0db94d/1e0db94d/cb6cfd07/cb6cfd07,2/2/0/0,3/3/4/2,537/535/529/529/4425/522,220/220/251/251,heal
1790654116,false,2057/2057/2057/2057,2057/2057/2057/2057,55e68da7/55e68da7/55e68da7/55e68da7,3/3/3/3,4/4/4/4,537/536/529/529/4425/522,220/220/220/220,heal
1790654132,false,2058/2058/2058/2058,2058/2058/2058/2058,14fd610b/14fd610b/14fd610b/14fd610b,0/0/0/0,4/4/4/4,537/536/529/529/4425/522,216/216/216/216,heal
1790654147,false,2058/2058/2058/2058,2058/2058/2058/2058,14fd610b/14fd610b/14fd610b/14fd610b,0/1/2/1,4/4/4/4,537/536/529/529/4421/521,216/216/216/216,heal
1790654163,false,2060/2060/2060/2060,2060/2060/2060/2060,1083eeb3/1083eeb3/1083eeb3/1083eeb3,0/0/0/0,4/4/4/4,537/536/529/529/4425/522,202/202/202/202,connected
1790654176,false,2062/2062/2062/2062,2062/2062/2062/2062,c9bcc3dd/c9bcc3dd/c9bcc3dd/c9bcc3dd,1/1/1/1,4/4/4/4,537/536/529/529/4425/522,205/205/205/205,connected
1790654191,false,2062/2062/2062/2062,2062/2062/2062/2062,c9bcc3dd/c9bcc3dd/c9bcc3dd/c9bcc3dd,1/1/1/1,4/4/4/4,537/536/529/529/4425/521,205/205/205/205,connected
1790654208,false,2062/2062/2062/2062,2062/2062/2062/2062,c9bcc3dd/c9bcc3dd/c9bcc3dd/c9bcc3dd,1/2/2/1,4/4/4/4,537/536/529/529/4425/522,205/205/205/205,connected
1790654222,false,2062/2062/2062/2062,2062/2062/2062/2062,c9bcc3dd/c9bcc3dd/c9bcc3dd/c9bcc3dd,2/2/2/2,4/4/4/4,537/536/529/529/4387/522,205/205/205/205,connected
1790654237,false,2063/2063/2063/2063,2063/2063/2063/2063,580bcd74/580bcd74/580bcd74/580bcd74,0/0/0/0,4/4/4/4,537/535/531/529/4272/521,208/208/208/208,connected
1790654252,false,2065/2065/2065/2065,2065/2065/2065/2065,75437ca0/75437ca0/75437ca0/75437ca0,0/1/1/0,4/4/4/4,537/535/529/528/4282/522,186/186/186/186,connected
1790654268,false,2067/2067/2067/2067,2067/2067/2067/2067,e9edde09/e9edde09/e9edde09/e9edde09,0/0/0/0,4/4/4/4,537/535/529/528/4390/522,186/186/186/186,connected
1790654272,false,2069/2069/2069/2069,2069/2069/2069/2069,dc8cfca2/dc8cfca2/dc8cfca2/dc8cfca2,0/0/0/0,4/4/4/4,537/535/529/528/4169/522,191/191/191/191,connected
1790654286,false,2070/2070/2070/2070,2070/2070/2070/2070,7b9ef586/7b9ef586/7b9ef586/7b9ef586,0/0/0/0,4/4/4/4,537/535/529/528/4169/522,191/191/191/191,connected
1790654301,false,2071/2071/2071/2071,2071/2071/2071/2071,c99320e2/c99320e2/c99320e2/c99320e2,2/2/1/2,4/4/4/4,537/535/529/528/4169/522,191/191/191/191,connected
1790654317,false,2073/2073/2073/2073,2073/2073/2073/2073,5e08a038/5e08a038/5e08a038/5e08a038,0/0/0/0,4/4/4/4,537/535/529/528/4169/522,189/189/189/189,connected
1790654332,false,2076/2076/2076/2076,2076/2076/2076/2076,9dab7422/9dab7422/9dab7422/9dab7422,0/0/0/0,4/4/4/4,537/535/529/528/4169/522,194/194/194/194,connected
1790654347,false,2081/2080/2080/2080,2081/2080/2080/2080,54345e75/e7b47dc0/e7b47dc0/e7b47dc0,0/1/1/1,4/4/4/4,537/537/529/528/4169/522,205/203/203/203,connected
1790654362,false,2084/2084/2084/2084,2084/2084/2084/2084,136b288c/136b288c/136b288c/136b288c,0/0/0/0,4/4/4/4,537/535/529/528/4169/522,213/213/213/213,connected
1790654377,false,2085/2085/2085/2085,2085/2085/2085/2085,e35fbd81/e35fbd81/e35fbd81/e35fbd81,1/1/1/1,4/4/4/4,537/535/529/528/4169/522,216/216/216/216,connected
1790654392,false,2090/2090/2090/2090,2090/2090/2090/2090,514b497c/514b497c/514b497c/514b497c,1/1/1/0,4/4/4/4,537/535/529/528/4169/522,231/231/231/231,connected
1790654407,false,2091/2091/2091/2091,2091/2091/2091/2091,8cb0faf2/8cb0faf2/8cb0faf2/8cb0faf2,0/1/1/1,4/4/4/4,537/535/529/528/4169/522,234/234/234/234,connected
1790654423,false,2092/2092/2092/2092,2092/2092/2092/2092,3f671ea5/3f671ea5/3f671ea5/3f671ea5,0/0/0/0,4/4/4/4,537/535/529/528/4169/522,238/238/238/238,connected
1790654438,false,2093/2093/2093/2093,2093/2093/2093/2093,e15d5f55/e15d5f55/e15d5f55/e15d5f55,1/1/0/0,4/4/4/4,539/536/529/530/4166/521,239/239/239/239,connected
1790654453,false,2095/2095/2095/2095,2095/2095/2095/2095,5e7d2550/5e7d2550/5e7d2550/5e7d2550,0/0/0/0,4/4/4/4,537/535/529/528/4168/522,236/236/236/236,connected
1790654469,false,2096/2096/2096/2096,2096/2096/2096/2096,dedc7ec0/dedc7ec0/dedc7ec0/dedc7ec0,0/1/1/1,4/4/4/4,539/535/529/528/4168/522,239/239/239/239,connected
1790654484,false,2097/2097/2097/2097,2097/2097/2097/2097,709bd0c6/709bd0c6/709bd0c6/709bd0c6,1/1/1/1,4/4/4/4,539/535/529/528/4168/522,235/235/235/235,connected
1790654498,false,2098/2098/2098/2098,2098/2098/2098/2098,f5275db9/f5275db9/f5275db9/f5275db9,1/1/1/1,4/4/4/4,537/535/529/528/4168/522,238/238/238/238,connected
1790654513,false,2101/2101/2101/2101,2101/2101/2101/2101,5341418b/5341418b/5341418b/5341418b,0/0/0/0,4/4/4/4,537/535/529/528/4168/522,229/229/229/229,connected
1790654528,false,2102/2102/2102/2102,2102/2102/2102/2102,ca398d81/ca398d81/ca398d81/ca398d81,1/1/1/1,4/4/4/4,537/535/529/528/4168/522,232/232/232/232,connected
1790654544,false,2103/2103/2103/2103,2103/2103/2103/2103,dc748c4e/dc748c4e/dc748c4e/dc748c4e,1/1/1/1,4/4/4/4,537/535/529/528/4168/522,236/236/236/236,connected
1790654559,false,2104/2104/2104/2104,2104/2104/2104/2104,a43e7308/a43e7308/a43e7308/a43e7308,0/0/0/0,4/4/4/4,539/535/529/528/4168/521,232/232/232/232,connected
1790654574,false,2107/2106/2106/2106,2107/2106/2106/2106,cd2b4011/c8eea7a9/c8eea7a9/c8eea7a9,0/0/0/0,4/4/4/4,537/535/529/528/4168/521,230/227/227/227,connected
1790654589,false,2109/2109/2109/2109,2109/2109/2109/2109,2a23ce59/2a23ce59/2a23ce59/2a23ce59,0/0/0/0,4/4/4/4,537/535/529/528/4168/522,232/232/232/232,connected
1790654604,false,2109/2109/2109/2109,2109/2109/2109/2109,2a23ce59/2a23ce59/2a23ce59/2a23ce59,0/0/0/0,4/4/4/4,537/535/529/528/4168/522,232/232/232/232,connected
1790654619,false,2112/2111/2111/2111,2112/2111/2111/2111,9da046df/7326d160/7326d160/7326d160,0/0/1/0,4/4/4/4,537/535/529/528/4168/522,230/227/227/227,connected
1790654634,false,2115/2115/2115/2115,2115/2115/2115/2115,16d602b1/16d602b1/16d602b1/16d602b1,1/1/1/1,4/4/4/4,537/535/529/528/4164/522,239/239/239/239,connected
1790654649,false,2116/2116/2116/2116,2116/2116/2116/2116,01b887f4/01b887f4/01b887f4/01b887f4,0/0/0/0,4/4/4/4,537/535/529/528/4168/522,243/243/243/243,connected
1790654664,false,2116/2116/2116/2116,2116/2116/2116/2116,01b887f4/01b887f4/01b887f4/01b887f4,1/1/1/1,4/4/4/4,537/535/529/528/4168/522,243/243/243/243,connected
1790654680,false,2120/2119/2119/2119,2120/2119/2119/2119,f50fa25e/510860ea/510860ea/510860ea,0/0/0/0,4/4/4/4,537/535/529/528/4168/522,244/240/240/240,connected
1790654695,false,2121/2121/2121/2121,2121/2121/2121/2121,19b3b9e7/19b3b9e7/19b3b9e7/19b3b9e7,2/1/1/1,4/4/4/4,537/535/529/528/4168/522,247/247/247/247,connected
1790654710,false,2121/2121/2121/2121,2121/2121/2121/2121,19b3b9e7/19b3b9e7/19b3b9e7/19b3b9e7,3/3/3/3,4/4/4/4,537/535/529/529/4168/522,247/247/247/247,connected
1790654725,false,2123/2123/2123/2123,2123/2123/2123/2123,83cc8c1d/83cc8c1d/83cc8c1d/83cc8c1d,0/0/0/0,4/4/4/4,537/535/529/529/4168/522,241/241/241/241,connected
1790654740,false,2125/2125/2125/2125,2125/2125/2125/2125,a1e06d49/a1e06d49/a1e06d49/a1e06d49,0/0/0/0,4/4/4/4,537/535/529/529/4168/522,242/242/242/242,connected
1790654756,false,2128/2127/2127/2127,2128/2127/2127/2127,fc03ded9/52e52468/52e52468/52e52468,0/1/1/1,4/4/4/4,537/535/529/529/4168/522,249/247/247/247,connected
1790654770,false,2130/2130/2130/2130,2130/2130/2130/2130,68df272d/68df272d/68df272d/68df272d,0/0/0/0,4/4/4/4,537/535/529/529/4168/522,256/256/256/256,connected
1790654785,false,2130/2130/2130/2130,2130/2130/2130/2130,68df272d/68df272d/68df272d/68df272d,2/2/2/2,4/4/4/4,537/535/529/529/4168/522,256/256/256/256,connected
1790654800,false,2130/2130/2130/2130,2130/2130/2130/2130,68df272d/68df272d/68df272d/68df272d,3/3/3/3,4/4/4/4,537/535/529/529/4168/522,256/256/256/256,connected
1790654816,false,2131/2131/2131/2131,2131/2131/2131/2131,6f865ae3/6f865ae3/6f865ae3/6f865ae3,1/1/1/1,4/4/4/4,537/535/529/529/4168/522,260/260/260/260,connected
1790654831,false,2133/2133/2133/2133,2133/2133/2133/2133,e97abb1b/e97abb1b/e97abb1b/e97abb1b,0/0/0/0,4/4/4/4,537/536/529/529/4168/522,231/231/231/231,connected
1790654846,false,2134/2134/2134/2134,2134/2134/2134/2134,3794e7d8/3794e7d8/3794e7d8/3794e7d8,0/0/0/0,4/4/4/4,537/536/529/529/4168/522,234/234/234/234,connected
1790654861,false,2135/2135/2135/2135,2135/2135/2135/2135,573658ba/573658ba/573658ba/573658ba,2/0/2/1,4/4/4/4,537/536/529/529/4168/522,238/238/238/238,connected
1790654876,false,2136/2136/2136/2136,2136/2136/2136/2136,c94dfad4/c94dfad4/c94dfad4/c94dfad4,0/0/0/0,4/4/4/4,537/536/529/529/4168/522,233/233/233/233,connected
1790654891,false,2139/2138/2138/2138,2139/2138/2138/2138,205c67f1/74b95c90/74b95c90/74b95c90,0/0/0/0,4/4/4/4,537/536/529/529/4164/522,232/231/231/231,connected
1790654907,false,2143/2142/2142/2142,2143/2142/2142/2142,fffaacbf/b7b29254/b7b29254/b7b29254,0/0/0/0,4/4/4/4,537/536/529/529/4168/522,245/241/241/241,connected
1790654921,false,2144/2144/2144/2144,2144/2144/2144/2144,60e6088c/60e6088c/60e6088c/60e6088c,1/1/1/1,4/4/4/4,537/536/529/529/4168/522,248/248/248/248,connected
1790654937,false,2145/2145/2145/2145,2145/2145/2145/2145,3d26ae6b/3d26ae6b/3d26ae6b/3d26ae6b,0/0/0/0,4/4/4/4,539/536/529/529/4164/522,251/251/251/251,connected
1790654951,false,2148/2148/2148/2148,2148/2148/2148/2148,4992fbda/4992fbda/4992fbda/4992fbda,0/0/0/0,4/4/4/4,537/536/529/529/4168/522,257/257/257/257,connected
1790654967,false,2149/2149/2149/2149,2149/2149/2149/2149,4d6ad195/4d6ad195/4d6ad195/4d6ad195,1/1/1/1,4/4/4/4,537/536/529/529/4168/522,261/261/261/261,connected
1790654982,false,2150/2150/2150/2150,2150/2150/2150/2150,41cbef13/41cbef13/41cbef13/41cbef13,0/0/0/0,4/4/4/4,537/536/529/529/4168/522,257/257/257/257,connected
1790654997,false,2152/2152/2152/2152,2152/2152/2152/2152,f3562d29/f3562d29/f3562d29/f3562d29,0/0/0/0,4/4/4/4,537/536/529/529/4168/522,252/252/252/252,connected
1790655012,false,2152/2152/2152/2152,2152/2152/2152/2152,f3562d29/f3562d29/f3562d29/f3562d29,1/1/1/1,4/4/4/4,537/536/529/529/4168/522,252/252/252/252,connected
1790655027,false,2153/2153/2153/2153,2153/2153/2153/2153,68d3fa02/68d3fa02/68d3fa02/68d3fa02,2/2/2/2,4/4/4/4,537/536/529/529/4168/520,255/255/255/255,connected
1790655042,false,2156/2156/2156/2156,2156/2156/2156/2156,b863f38f/b863f38f/b863f38f/b863f38f,1/1/1/1,4/4/4/4,537/536/529/529/4168/522,248/248/248/248,connected
1790655057,false,2158/2157/2157/2157,2158/2157/2157/2157,f71a1d87/29012c03/29012c03/29012c03,0/0/0/0,4/4/4/4,537/536/529/529/4168/522,252/251/251/251,connected
1790655072,false,2159/2159/2159/2159,2159/2159/2159/2159,6fa3128f/6fa3128f/6fa3128f/6fa3128f,0/0/0/0,4/4/4/4,537/536/529/529/4168/522,252/252/252/252,connected
1790655087,false,2161/2161/2161/2161,2161/2161/2161/2161,304f2051/304f2051/304f2051/304f2051,0/0/0/0,4/4/4/4,537/536/529/529/4168/522,248/248/248/248,connected
1790655102,false,2164/2164/2164/2164,2164/2164/2164/2164,1281a7b3/1281a7b3/1281a7b3/1281a7b3,1/1/1/1,4/4/4/4,537/536/529/529/4168/522,259/259/259/259,connected
1790655118,false,2164/2164/2164/2164,2164/2164/2164/2164,1281a7b3/1281a7b3/1281a7b3/1281a7b3,2/2/2/2,4/4/4/4,537/536/529/529/4168/522,259/259/259/259,connected
1790655133,false,2164/2164/2164/2164,2164/2164/2164/2164,1281a7b3/1281a7b3/1281a7b3/1281a7b3,2/2/2/2,4/4/4/4,537/536/529/529/4168/522,259/259/259/259,connected
1790655148,false,2164/2164/2164/2164,2164/2164/2164/2164,1281a7b3/1281a7b3/1281a7b3/1281a7b3,3/3/3/3,4/4/4/4,537/536/529/529/4168/522,259/259/259/259,connected
1790655163,false,2165/2165/2165/2165,2165/2165/2165/2165,742615b3/742615b3/742615b3/742615b3,1/1/1/1,4/4/4/4,537/536/529/529/4168/522,262/262/262/262,connected
1790655178,false,2166/2166/2167/2166,2166/2166/2167/2166,e56dc0be/e56dc0be/d2a5d575/e56dc0be,0/1/0/0,4/4/4/4,539/536/529/529/4168/522,236/236/232/236,connected
1790655193,false,2168/2168/2168/2168,2168/2168/2168/2168,faa63428/faa63428/faa63428/faa63428,2/2/2/2,4/4/4/4,537/536/529/529/4168/522,231/231/231/231,connected
1790655208,false,2169/2169/2169/2169,2169/2169/2169/2169,deaa8994/deaa8994/deaa8994/deaa8994,0/0/0/0,4/4/4/4,537/536/529/529/4168/522,234/234/234/234,connected
1790655223,false,2169/2169/2169/2169,2169/2169/2169/2169,deaa8994/deaa8994/deaa8994/deaa8994,0/0/0/0,4/4/4/4,537/536/529/529/4168/522,234/234/234/234,connected
1790655239,false,2171/2171/2171/2171,2171/2171/2171/2171,3d02cd56/3d02cd56/3d02cd56/3d02cd56,0/0/0/0,4/4/4/4,537/536/529/529/4168/522,223/223/223/223,connected
1790655254,false,2172/2172/2172/2172,2172/2172/2172/2172,46a775ec/46a775ec/46a775ec/46a775ec,1/1/1/1,4/4/4/4,537/536/529/529/4168/522,226/226/226/226,connected
1790655269,false,2173/2173/2173/2173,2173/2173/2173/2173,68e6c488/68e6c488/68e6c488/68e6c488,1/1/1/1,4/4/4/4,537/536/529/529/4168/522,220/220/220/220,connected
1790655284,false,2175/2174/2174/2174,2175/2174/2174/2174,e14b9937/e1e49f13/e1e49f13/e1e49f13,0/0/0/0,4/4/4/4,537/536/529/529/4168/522,215/222/222/222,connected
1790655299,false,2177/2177/2177/2177,2177/2177/2177/2177,a1ff6382/a1ff6382/a1ff6382/a1ff6382,0/0/0/0,4/4/4/4,537/536/529/529/4168/522,219/219/219/219,connected
1790655314,false,2177/2177/2177/2177,2177/2177/2177/2177,a1ff6382/a1ff6382/a1ff6382/a1ff6382,2/2/2/2,4/4/4/4,537/536/529/529/4168/522,219/219/219/219,connected
1790655329,false,2179/2179/2179/2179,2179/2179/2179/2179,2c0363f5/2c0363f5/2c0363f5/2c0363f5,0/0/0/0,4/4/4/4,537/536/529/529/4168/522,214/214/214/214,connected
1790655344,false,2179/2179/2179/2179,2179/2179/2179/2179,2c0363f5/2c0363f5/2c0363f5/2c0363f5,2/2/2/2,4/4/4/4,537/536/529/529/4168/522,214/214/214/214,connected
1790655359,false,2181/2181/2181/2181,2181/2181/2181/2181,0abf5dba/0abf5dba/0abf5dba/0abf5dba,0/0/0/0,4/4/4/4,537/536/529/529/4168/522,212/212/212/212,connected
1790655374,false,2183/2183/2183/2183,2183/2183/2183/2183,4ae3260a/4ae3260a/4ae3260a/4ae3260a,0/0/0/0,4/4/4/4,537/536/529/529/4168/522,214/214/214/214,connected
1790655389,false,2184/2184/2184/2184,2184/2184/2184/2184,e26b0737/e26b0737/e26b0737/e26b0737,2/2/2/2,4/4/4/4,537/536/529/529/4168/522,217/217/217/217,connected
1790655404,false,2187/2187/2187/2187,2187/2187/2187/2187,eea62688/eea62688/eea62688/eea62688,1/1/1/1,4/4/4/4,537/536/529/529/4168/522,213/213/213/213,connected
1790655419,false,2188/2188/2188/2188,2188/2188/2188/2188,973b9548/973b9548/973b9548/973b9548,0/0/0/0,4/4/4/4,537/536/529/529/4168/522,215/215/215/215,connected
1790655434,false,2191/2191/2191/2191,2191/2191/2191/2191,4a44ff51/4a44ff51/4a44ff51/4a44ff51,0/0/0/0,4/4/4/4,537/536/529/529/4168/522,223/223/223/223,connected
1790655449,false,2192/2192/2192/2192,2192/2192/2192/2192,818cdb48/818cdb48/818cdb48/818cdb48,1/1/1/1,4/4/4/4,537/536/529/529/4164/522,226/226/226/226,connected
1790655465,false,2195/2195/2195/2195,2195/2195/2195/2195,8a2d9af9/8a2d9af9/8a2d9af9/8a2d9af9,1/1/1/1,4/4/4/4,537/536/529/529/4168/522,227/227/227/227,connected
1790655480,false,2197/2197/2197/2197,2197/2197/2197/2197,5b3f4d65/5b3f4d65/5b3f4d65/5b3f4d65,0/0/0/0,4/4/4/4,537/536/529/529/4168/522,231/231/231/231,connected
1790655496,false,2200/2199/2200/2199,2200/2199/2200/2199,628a78e2/97a4a080/a6b08b27/97a4a080,0/0/0/0,4/4/4/4,539/538/529/529/4168/522,236/233/236/233,connected
1790655510,false,2201/2201/2201/2201,2201/2201/2201/2201,cc3035bf/cc3035bf/cc3035bf/cc3035bf,0/0/0/0,4/4/4/4,537/536/529/529/4168/522,239/239/239/239,connected
1790655525,false,2203/2203/2203/2203,2203/2203/2203/2203,eecface5/eecface5/eecface5/eecface5,1/1/1/1,4/4/4/4,537/536/529/529/4168/522,238/238/238/238,connected
1790655540,false,2203/2203/2203/2203,2203/2203/2203/2203,eecface5/eecface5/eecface5/eecface5,1/1/1/1,4/4/4/4,537/536/529/529/4168/522,238/238/238/238,connected
1790655556,false,2206/2206/2206/2206,2206/2206/2206/2206,81492b72/81492b72/81492b72/81492b72,0/0/0/0,4/4/4/4,539/536/529/529/4168/522,238/238/238/238,connected
1790655571,false,2207/2207/2207/2207,2207/2207/2207/2207,4348f70f/4348f70f/4348f70f/4348f70f,1/1/1/1,4/4/4/4,537/538/529/529/4168/522,241/241/241/241,connected
1790655586,false,2211/2211/2211/2211,2211/2211/2211/2211,c9f80b1e/c9f80b1e/c9f80b1e/c9f80b1e,0/0/0/0,4/4/4/4,537/536/529/529/4168/522,252/252/252/252,connected
1790655601,false,2213/2213/2213/2213,2213/2213/2213/2213,9f174398/9f174398/9f174398/9f174398,0/0/0/0,4/4/4/4,537/536/529/529/4168/522,258/258/258/258,connected
1790655616,false,2215/2215/2215/2215,2215/2215/2215/2215,156764bf/156764bf/156764bf/156764bf,0/0/0/0,4/4/4/4,537/536/529/529/4168/522,263/263/263/263,connected
1790655631,false,2216/2216/2216/2216,2216/2216/2216/2216,f8ad09ba/f8ad09ba/f8ad09ba/f8ad09ba,0/0/0/0,4/4/4/4,537/536/529/529/4168/522,265/265/265/265,connected
1790655646,false,2218/2218/2218/2218,2218/2218/2218/2218,59f120a8/59f120a8/59f120a8/59f120a8,0/0/0/0,4/4/4/4,538/536/529/529/4168/522,262/262/262/262,connected
1790655661,false,2221/2221/2221/2221,2221/2221/2221/2221,faf333bc/faf333bc/faf333bc/faf333bc,0/0/0/0,4/4/4/4,538/536/529/529/4168/522,272/272/272/272,connected
1790655676,false,2223/2223/2223/2223,2223/2223/2223/2223,eba9d327/eba9d327/eba9d327/eba9d327,1/0/1/1,4/4/4/4,538/536/529/529/4168/522,277/277/277/277,connected
1790655691,false,2223/2223/2223/2223,2223/2223/2223/2223,eba9d327/eba9d327/eba9d327/eba9d327,2/2/2/2,4/4/4/4,537/536/529/529/4168/522,277/277/277/277,connected
1790655706,false,2224/2224/2224/2224,2224/2224/2224/2224,fea40d64/fea40d64/fea40d64/fea40d64,1/0/1/0,4/4/4/4,538/536/529/529/4168/522,281/281/281/281,connected
1790655722,false,2227/2226/2226/2226,2227/2226/2226/2226,8499ca58/5a30fcf9/5a30fcf9/5a30fcf9,0/0/0/0,4/4/4/4,538/536/529/529/4168/522,265/267/267/267,connected
1790655737,false,2229/2229/2229/2229,2229/2229/2229/2229,a4d1dc24/a4d1dc24/a4d1dc24/a4d1dc24,0/0/0/0,4/4/4/4,537/536/529/529/4168/522,273/273/273/273,connected
1790655752,false,2229/2229/2229/2229,2229/2229/2229/2229,a4d1dc24/a4d1dc24/a4d1dc24/a4d1dc24,0/0/0/0,4/4/4/4,538/536/529/529/4168/522,273/273/273/273,connected
1790655767,false,2233/2233/2233/2233,2233/2233/2233/2233,9d87e324/9d87e324/9d87e324/9d87e324,0/0/0/0,4/4/4/4,538/536/529/529/4168/522,277/277/277/277,connected
1790655782,false,2233/2233/2233/2233,2233/2233/2233/2233,9d87e324/9d87e324/9d87e324/9d87e324,0/0/0/0,4/4/4/4,538/536/529/529/4168/522,277/277/277/277,connected
1790655797,false,2233/2233/2234/2233,2233/2233/2234/2233,9d87e324/9d87e324/fa1afc0a/9d87e324,1/1/0/1,4/4/4/4,538/536/529/529/4168/522,277/277/281/277,connected
1790655812,false,2234/2234/2234/2234,2234/2234/2234/2234,fa1afc0a/fa1afc0a/fa1afc0a/fa1afc0a,1/1/1/1,4/4/4/4,538/536/529/529/4168/522,281/281/281/281,connected
1790655827,false,2234/2234/2234/2234,2234/2234/2234/2234,fa1afc0a/fa1afc0a/fa1afc0a/fa1afc0a,2/2/2/2,4/4/4/4,538/536/529/529/4168/522,281/281/281/281,connected
1790655842,false,2236/2236/2236/2236,2236/2236/2236/2236,ab69a9b0/ab69a9b0/ab69a9b0/ab69a9b0,1/1/1/1,4/4/4/4,538/536/530/529/4168/522,248/248/248/248,connected
1790655857,false,2238/2238/2238/2238,2238/2238/2238/2238,de409ca3/de409ca3/de409ca3/de409ca3,0/0/0/0,4/4/4/4,538/536/530/529/4169/522,255/255/255/255,connected
1790655872,false,2240/2240/2240/2240,2240/2240/2240/2240,f5e221d3/f5e221d3/f5e221d3/f5e221d3,1/1/1/1,4/4/4/4,538/536/530/529/4169/522,260/260/260/260,connected
1790655888,false,2240/2240/2240/2240,2240/2240/2240/2240,f5e221d3/f5e221d3/f5e221d3/f5e221d3,2/2/2/2,4/4/4/4,540/536/530/529/4169/522,260/260/260/260,connected
1790655903,false,2243/2243/2243/2243,2243/2243/2243/2243,bcbc2c99/bcbc2c99/bcbc2c99/bcbc2c99,0/0/0/0,4/4/4/4,538/536/530/529/4169/522,255/255/255/255,connected
1790655918,false,2244/2244/2244/2244,2244/2244/2244/2244,ea6156ef/ea6156ef/ea6156ef/ea6156ef,0/0/0/0,4/4/4/4,538/536/530/529/4169/522,259/259/259/259,connected
1790655934,false,2247/2246/2246/2246,2247/2246/2246/2246,c3dce56d/2ce050bc/2ce050bc/2ce050bc,0/0/0/0,4/4/4/4,538/536/530/529/4169/522,262/259/259/259,connected
1790655948,false,2248/2248/2248/2248,2248/2248/2248/2248,1c76e396/1c76e396/1c76e396/1c76e396,0/0/0/0,4/4/4/4,538/536/530/529/4169/522,263/263/263/263,connected
1790655963,false,2250/2250/2250/2250,2250/2250/2250/2250,7ac886b9/7ac886b9/7ac886b9/7ac886b9,0/0/0/0,4/4/4/4,538/536/530/529/4169/522,259/259/259/259,connected
1790655979,false,2251/2251/2251/2251,2251/2251/2251/2251,01ef1bbc/ad35770a/ad35770a/ad35770a,0/0/0/0,4/4/4/4,538/537/530/529/4169/522,263/263/263/263,connected
1790655994,false,2253/2253/2253/2253,2253/2253/2253/2253,53849619/53849619/53849619/53849619,0/0/0/0,4/4/4/4,538/537/530/529/4169/522,263/263/263/263,connected
1790656009,false,2253/2253/2253/2253,2253/2253/2253/2253,53849619/53849619/53849619/53849619,2/2/2/2,4/4/4/4,538/537/530/529/4169/522,263/263/263/263,connected
1790656024,false,2254/2254/2254/2254,2254/2254/2254/2254,c32c5705/c32c5705/c32c5705/c32c5705,0/0/0/0,4/4/4/4,538/537/530/529/4169/522,267/267/267/267,connected
1790656039,false,2255/2255/2255/2255,2255/2255/2255/2255,2b935698/2b935698/2b935698/2b935698,1/1/1/1,4/4/4/4,538/537/530/531/4164/522,253/253/253/253,connected
1790656054,false,2257/2257/2257/2257,2257/2257/2257/2257,5261db90/5261db90/5261db90/5261db90,0/0/0/0,4/4/4/4,538/537/530/529/2088/265,253/253/253/253,connected
1790656069,false,2259/2258/2258/2258,2259/2259/2258/2258,5de3f178/d2734c9d/d2734c9d/d2734c9d,0/0/0/0,4/4/4/4,538/537/530/529/2088/265,255/256/256/256,connected
1790656085,false,2261/2260/2261/2260,2261/2260/2261/2260,9d91c846/2875d786/4fb84657/2875d786,1/0/1/0,4/4/4/4,538/539/530/529/2088/266,254/253/254/253,connected
1790656099,false,2263/2263/2263/2263,2263/2263/2263/2263,44ec052b/44ec052b/44ec052b/44ec052b,1/1/1/1,4/4/4/4,538/537/530/529/2088/266,257/257/257/257,connected
1790656114,false,2263/2263/2263/2263,2263/2263/2263/2263,44ec052b/44ec052b/44ec052b/44ec052b,2/2/2/2,4/4/4/4,538/537/530/529/2088/266,257/257/257/257,connected
1790656129,false,2264/2264/2264/2264,2264/2264/2264/2264,1e53b271/1e53b271/1e53b271/1e53b271,0/0/0/0,4/4/4/4,538/537/530/529/2088/266,261/261/261/261,connected
1790656144,false,2265/2265/2265/2265,2265/2265/2265/2265,acf21dde/acf21dde/acf21dde/acf21dde,0/1/1/1,4/4/4/4,538/537/530/529/2084/266,251/251/251/251,connected
1790656160,false,2268/2268/2268/2268,2268/2268/2268/2268,89f09a2e/89f09a2e/89f09a2e/89f09a2e,1/1/1/1,4/4/4/4,538/537/530/529/2088/266,253/253/253/253,connected
1790656175,false,2269/2269/2269/2269,2269/2269/2269/2269,edfdd995/edfdd995/edfdd995/edfdd995,0/0/0/0,4/4/4/4,538/537/530/529/2088/266,253/253/253/253,connected
1790656190,false,2271/2271/2271/2271,2271/2271/2271/2271,01044567/01044567/01044567/01044567,0/0/0/0,4/4/4/4,538/537/530/529/2088/266,252/252/252/252,connected
1790656205,false,2274/2273/2273/2273,2274/2273/2273/2273,c3c34674/876d58ab/876d58ab/876d58ab,0/0/0/0,4/4/4/4,538/537/530/529/2088/266,259/256/256/256,connected
1790656220,false,2276/2276/2276/2276,2276/2276/2276/2276,83b2682e/83b2682e/83b2682e/83b2682e,0/0/0/0,4/4/4/4,538/537/530/529/2088/266,266/266/266/266,connected
1790656235,false,2280/2280/2280/2280,2280/2280/2280/2280,7dbc8ecb/7dbc8ecb/7dbc8ecb/7dbc8ecb,1/1/1/1,4/4/4/4,538/537/530/529/2088/266,278/278/278/278,connected
1790656250,false,2281/2281/2281/2281,2281/2281/2281/2281,82bdd2a1/82bdd2a1/82bdd2a1/82bdd2a1,2/2/2/2,4/4/4/4,538/537/530/529/2088/266,282/282/282/282,connected
1790656265,false,2284/2283/2283/2283,2284/2283/2283/2283,3a7bda6e/ac733154/ac733154/ac733154,0/0/0/0,4/4/4/4,538/537/530/530/2088/266,286/283/283/283,connected
1790656281,false,2285/2284/2284/2284,2285/2284/2284/2284,85471bb5/3a7bda6e/3a7bda6e/3a7bda6e,0/0/0/0,4/4/4/4,538/537/530/530/2088/266,291/286/286/286,connected
1790656296,false,2286/2285/2285/2285,2286/2285/2285/2285,ffcb8b7c/85471bb5/85471bb5/85471bb5,1/1/1/1,4/4/4/4,538/537/530/530/2088/266,291/291/291/291,connected
1790656310,false,2287/2287/2287/2287,2287/2287/2287/2287,16abb603/16abb603/16abb603/16abb603,1/1/1/1,4/4/4/4,538/537/530/530/2088/266,286/286/286/286,connected
1790656326,false,2289/2289/2289/2289,2289/2289/2289/2289,ab129eb7/ab129eb7/ab129eb7/ab129eb7,0/0/0/0,4/4/4/4,538/537/530/530/2088/266,282/282/282/282,connected
1790656341,false,2291/2291/2291/2291,2291/2291/2291/2291,456f9b0a/456f9b0a/456f9b0a/456f9b0a,0/0/0/0,4/4/4/4,538/537/530/530/2088/266,285/285/285/285,connected
1790656356,false,2294/2294/2294/2294,2294/2294/2294/2294,c012beb5/c012beb5/c012beb5/c012beb5,1/1/1/1,4/4/4/4,538/537/530/530/2088/266,297/297/297/297,connected
1790656371,false,2295/2295/2295/2295,2295/2295/2295/2295,a54be506/a54be506/a54be506/a54be506,1/1/1/1,4/4/4/4,538/537/530/530/2089/266,302/302/302/302,connected
1790656386,false,2297/2297/2297/2297,2297/2297/2297/2297,98777e11/98777e11/98777e11/98777e11,1/1/1/1,4/4/4/4,538/537/530/530/2089/266,305/305/305/305,connected
1790656401,false,2297/2297/2297/2297,2297/2297/2297/2297,98777e11/98777e11/98777e11/98777e11,2/2/2/2,4/4/4/4,538/537/530/530/2089/266,305/305/305/305,connected
1790656416,false,2297/2297/2297/2297,2297/2297/2297/2297,98777e11/98777e11/98777e11/98777e11,2/2/2/2,4/4/4/4,538/537/530/530/2089/266,305/305/305/305,connected
1790656431,false,2300/2300/2300/2300,2300/2300/2300/2300,865a7901/865a7901/4391e262/865a7901,0/0/1/0,4/4/4/4,538/539/530/532/2089/266,286/286/286/286,connected
1790656446,false,2302/2302/2302/2302,2302/2302/2302/2302,c060981d/c060981d/c060981d/c060981d,0/0/0/0,4/4/4/4,538/537/530/530/2084/266,290/290/290/290,connected
1790656461,false,2305/2304/2304/2304,2305/2304/2304/2304,2f46945d/f377e30c/f377e30c/f377e30c,0/0/0/0,4/4/4/4,538/537/530/530/2089/266,297/298/298/298,connected
1790656477,false,2307/2306/2307/2306,2307/2306/2307/2306,14d09120/164b690f/2770750d/164b690f,0/0/0/0,4/4/4/4,538/539/532/532/2089/266,303/302/303/302,connected
1790656492,false,2307/2307/2307/2307,2307/2307/2307/2307,14d09120/2770750d/2770750d/2770750d,1/1/1/1,4/4/4/4,538/537/530/530/2089/266,303/303/303/303,connected
1790656507,false,2307/2307/2307/2307,2307/2307/2307/2307,14d09120/2770750d/2770750d/2770750d,1/1/1/1,4/4/4/4,538/537/530/530/2089/266,303/303/303/303,connected
1790656522,false,2309/2309/2309/2309,2309/2309/2309/2309,8bf8a6bf/8bf8a6bf/8bf8a6bf/8bf8a6bf,0/1/0/1,4/4/4/4,538/537/530/530/2089/266,289/289/289/289,connected
1790656537,false,2311/2311/2311/2311,2311/2311/2311/2311,f2a5a033/f2a5a033/f2a5a033/f2a5a033,0/0/0/0,4/4/4/4,538/537/530/530/2089/266,292/292/292/292,connected
1790656552,false,2311/2311/2311/2311,2311/2311/2311/2311,f2a5a033/f2a5a033/f2a5a033/f2a5a033,1/2/2/1,4/4/4/4,538/537/530/530/2089/266,292/292/292/292,connected
1790656567,false,2312/2312/2312/2312,2312/2312/2312/2312,b89ab420/b89ab420/b89ab420/b89ab420,0/0/0/0,4/4/4/4,538/537/530/530/2089/266,296/296/296/296,connected
1790656582,false,2312/2312/2312/2312,2312/2312/2312/2312,b89ab420/b89ab420/b89ab420/b89ab420,1/1/1/1,4/4/4/4,538/537/530/530/2089/266,296/296/296/296,connected
1790656598,false,2313/2313/2313/2313,2313/2313/2313/2313,544ae258/544ae258/544ae258/544ae258,0/0/0/0,4/4/4/4,538/537/530/530/2089/266,276/276/276/276,connected
1790656613,false,2317/2317/2317/2317,2317/2317/2317/2317,5410a354/5410a354/5410a354/5410a354,0/0/0/0,4/4/4/4,538/537/530/530/2089/266,271/271/271/271,connected
1790656628,false,2318/2318/2318/2318,2318/2318/2318/2318,c2ad522d/c2ad522d/c2ad522d/c2ad522d,1/1/1/1,4/4/4/4,538/537/530/530/2089/266,274/274/274/274,connected
1790656643,false,2318/2318/2318/2318,2318/2318/2318/2318,c2ad522d/c2ad522d/c2ad522d/c2ad522d,2/2/2/2,4/4/4/4,538/537/530/530/2089/266,274/274/274/274,connected
1790656658,false,2318/2318/2318/2318,2318/2318/2318/2318,c2ad522d/c2ad522d/c2ad522d/c2ad522d,3/3/3/3,4/4/4/4,540/537/530/530/2085/266,274/274/274/274,connected
1790656673,false,2321/2321/2321/2321,2321/2321/2321/2321,1ac3f83e/1ac3f83e/1ac3f83e/1ac3f83e,1/0/1/0,4/4/4/4,538/537/530/530/2089/266,262/262/262/262,connected
1790656688,false,2323/2323/2323/2323,2323/2323/2323/2323,99f33d35/99f33d35/99f33d35/99f33d35,0/0/0/0,4/4/4/4,538/537/530/530/2089/266,267/267/267/267,connected
1790656703,false,2323/2323/2323/2323,2323/2323/2323/2323,99f33d35/99f33d35/99f33d35/99f33d35,0/0/0/0,4/4/4/4,538/537/530/530/2089/266,267/267/267/267,connected
1790656718,false,2324/2324/2324/2324,2324/2324/2324/2324,c957419a/c957419a/c957419a/c957419a,0/0/0/0,4/4/4/4,540/537/530/530/2089/266,270/270/270/270,connected
1790656734,false,2328/2328/2328/2328,2328/2328/2328/2328,3fd8f18c/3fd8f18c/3fd8f18c/3fd8f18c,0/0/0/0,4/4/4/4,538/537/530/530/2085/266,265/265/265/265,connected
1790656749,false,2330/2330/2330/2330,2330/2330/2330/2330,bede88f3/bede88f3/bede88f3/bede88f3,0/0/0/0,4/4/4/4,538/537/530/530/2089/266,272/272/272/272,connected
1790656764,false,2332/2332/2332/2332,2332/2332/2332/2332,41d21297/41d21297/41d21297/41d21297,0/0/0/0,4/4/4/4,538/537/530/530/2089/266,277/277/277/277,connected
1790656779,false,2332/2332/2332/2332,2332/2332/2332/2332,41d21297/41d21297/41d21297/41d21297,0/0/0/0,4/4/4/4,538/537/530/530/2089/266,277/277/277/277,connected
1790656794,true,2333/2333/2332/2332,2333/2333/2332/2332,a28a9214/a28a9214/41d21297/41d21297,0/0/0/0,1/1/1/1,538/537/530/530/2089/266,280/280/277/277,partition
1790656809,true,2334/2334/2332/2332,2334/2334/2332/2332,63aefec4/63aefec4/41d21297/41d21297,0/0/0/0,1/1/1/1,539/537/530/530/2089/266,264/264/277/277,partition
1790656824,true,2336/2336/2332/2332,2336/2336/2332/2332,ced368fe/ced368fe/41d21297/41d21297,1/1/1/0,1/1/1/1,539/537/530/530/2089/266,264/264/277/277,partition
1790656839,true,2339/2339/2332/2332,2339/2339/2332/2332,d7b7ab3a/d7b7ab3a/41d21297/41d21297,0/0/2/2,1/1/1/1,539/537/530/530/2089/266,270/270/277/277,partition
1790656854,true,2340/2340/2332/2332,2340/2340/2332/2332,5e6177a8/5e6177a8/41d21297/41d21297,1/1/2/3,1/1/1/1,539/537/530/530/2089/266,274/274/277/277,partition
1790656869,true,2341/2341/2332/2332,2341/2341/2332/2332,32f98223/32f98223/41d21297/41d21297,0/1/3/3,1/1/1/1,539/537/530/530/2089/266,277/277/277/277,partition
1790656885,true,2343/2342/2332/2332,2343/2342/2332/2332,abd327d2/8e6e2e7d/41d21297/41d21297,0/1/3/3,1/1/1/1,539/537/530/530/2089/266,266/276/277/277,partition
1790656900,true,2344/2344/2332/2332,2344/2344/2332/2332,48882444/48882444/41d21297/41d21297,3/3/3/3,1/1/1/1,539/537/530/530/2089/266,269/269/277/277,partition
1790656915,true,2348/2348/2332/2332,2348/2348/2332/2332,a8996d18/a8996d18/41d21297/41d21297,0/0/4/4,1/1/1/1,539/537/530/530/2089/266,276/276/277/277,partition
1790656930,true,2351/2351/2332/2332,2351/2351/2332/2332,5ed08417/5ed08417/41d21297/41d21297,0/0/4/4,1/1/1/1,539/537/530/530/2089/266,287/287/277/277,partition
1790656945,true,2354/2354/2332/2332,2354/2354/2332/2332,50274506/50274506/41d21297/41d21297,0/0/5/5,1/1/1/1,539/537/530/530/2089/266,299/299/277/277,partition
1790656960,true,2358/2358/2332/2332,2358/2358/2332/2332,350f2fc4/350f2fc4/41d21297/41d21297,0/0/5/5,1/1/1/1,539/537/530/530/2089/266,317/317/277/277,partition
1790656975,false,2358/2358/2332/2332,2358/2358/2332/2332,350f2fc4/350f2fc4/41d21297/41d21297,0/1/5/6,1/1/1/1,539/537/530/530/2089/266,317/317/277/277,heal
1790656991,false,2358/2358/2358/2358,2358/2358/2358/2358,350f2fc4/350f2fc4/350f2fc4/350f2fc4,5/5/5/5,4/4/4/4,541/537/531/531/2085/266,317/317/317/317,heal
1790657006,false,2360/2360/2360/2360,2360/2360/2360/2360,ce7b56ed/ce7b56ed/ce7b56ed/ce7b56ed,0/0/0/0,4/4/4/4,539/538/531/531/2089/266,314/314/314/314,heal
1790657021,false,2360/2360/2360/2360,2360/2360/2360/2360,ce7b56ed/ce7b56ed/ce7b56ed/ce7b56ed,1/1/1/1,4/4/4/4,539/538/531/531/2089/266,314/314/314/314,heal
1790657036,false,2360/2360/2360/2360,2360/2360/2360/2360,ce7b56ed/ce7b56ed/ce7b56ed/ce7b56ed,2/2/2/2,4/4/4/4,539/538/531/531/2088/266,314/314/314/314,connected
1790657051,false,2361/2361/2361/2361,2361/2361/2361/2361,ada47d57/ada47d57/ada47d57/ada47d57,1/1/1/0,4/4/4/4,539/538/531/531/2088/266,310/310/310/310,connected
1790657066,false,2361/2361/2361/2361,2361/2361/2361/2361,ada47d57/ada47d57/ada47d57/ada47d57,1/2/2/2,4/4/4/4,539/538/531/531/2088/266,310/310/310/310,connected
1790657093,false,2362/2362/2362/2362,2362/2362/2362/2362,16b6fc08/16b6fc08/4bfd13db/16b6fc08,1/1/0/1,4/4/4/4,539/538/531/531/2088/266,284/284/284/284,connected
1790657109,false,2362/2362/2362/2362,2362/2362/2362/2362,16b6fc08/16b6fc08/4bfd13db/16b6fc08,1/1/0/1,4/4/4/4,539/538/531/531/2089/266,284/284/284/284,connected
1790657127,false,2362/2362/2362/2362,2362/2362/2362/2362,16b6fc08/16b6fc08/4bfd13db/16b6fc08,1/1/0/2,4/4/4/4,539/538/531/531/2088/266,284/284/284/284,connected
1790657140,false,2363/2363/2363/2363,2363/2363/2363/2363,99831075/99831075/99831075/99831075,0/0/0/0,4/4/4/4,539/538/531/531/2088/266,276/276/276/276,connected
1790657159,false,2363/2363/2363/2363,2363/2363/2363/2363,99831075/99831075/99831075/99831075,0/1/0/1,4/4/4/4,539/538/531/531/2088/266,276/276/276/276,connected
1790657160,false,2363/2363/2363/2363,2363/2363/2363/2363,99831075/99831075/99831075/99831075,1/1/1/1,4/4/4/4,539/538/531/531/2088/266,276/276/276/276,connected
1790657188,false,2364/2364/2364/2364,2364/2364/2364/2364,6bf7dd2a/6bf7dd2a/6bf7dd2a/6bf7dd2a,1/2/2/2,4/4/4/4,539/538/531/531/2088/266,249/249/249/249,connected
1790657200,false,2365/2365/2365/2365,2365/2365/2365/2365,e489fdc7/e489fdc7/e489fdc7/e489fdc7,0/0/0/0,4/4/4/4,539/538/531/531/2088/266,226/226/226/226,connected
1790657217,false,2365/2365/2365/2365,2365/2365/2365/2365,e489fdc7/e489fdc7/e489fdc7/e489fdc7,0/0/0/0,4/4/4/4,539/538/531/531/2088/266,226/226/226/226,connected
1790657236,false,2366/2366/2366/2366,2366/2366/2366/2366,3a86d82b/3a86d82b/3a86d82b/3a86d82b,0/0/0/0,4/4/4/4,539/538/531/531/2088/266,224/224/224/224,connected
1790657242,false,2366/2366/2366/2366,2366/2366/2366/2366,3a86d82b/3a86d82b/3a86d82b/3a86d82b,2/2/2/2,4/4/4/4,539/538/531/531/2088/266,224/224/224/224,connected
1790657252,false,2367/2367/2367/2367,2367/2367/2367/2367,021a65ce/021a65ce/021a65ce/021a65ce,1/1/1/1,4/4/4/4,539/538/531/531/2088/266,220/220/220/220,connected
1790657267,false,2369/2369/2369/2369,2369/2369/2369/2369,6f166918/6f166918/6f166918/6f166918,0/0/0/0,4/4/4/4,539/538/531/531/2088/266,204/204/204/204,connected
1790657282,false,2372/2372/2372/2372,2372/2372/2372/2372,0b301a01/0b301a01/0b301a01/0b301a01,0/0/0/0,4/4/4/4,539/538/531/531/2089/266,210/210/210/210,connected
1790657297,false,2373/2373/2373/2373,2373/2373/2373/2373,517598b1/517598b1/517598b1/517598b1,1/1/1/1,4/4/4/4,539/538/531/531/2084/266,212/212/212/212,connected
1790657313,false,2374/2374/2374/2374,2374/2374/2374/2374,cb3554d7/cb3554d7/cb3554d7/cb3554d7,1/1/1/1,4/4/4/4,539/538/531/531/2089/266,214/214/214/214,connected
1790657328,false,2376/2376/2376/2376,2376/2376/2376/2376,33da772a/33da772a/33da772a/33da772a,0/0/0/0,4/4/4/4,539/538/531/531/2089/266,211/211/211/211,connected
1790657343,false,2377/2377/2377/2377,2377/2377/2377/2377,91fe550e/91fe550e/91fe550e/91fe550e,1/0/0/0,4/4/4/4,539/538/531/531/2089/266,211/211/211/211,connected
1790657358,false,2380/2380/2380/2380,2380/2380/2380/2380,d5bde1da/d5bde1da/d5bde1da/d5bde1da,0/0/0/0,4/4/4/4,539/538/531/531/2089/266,213/213/213/213,connected
1790657373,false,2383/2383/2383/2383,2383/2383/2383/2383,9526e61c/9526e61c/9526e61c/9526e61c,1/1/1/1,4/4/4/4,539/538/531/531/2089/266,219/219/219/219,connected
1790657388,false,2384/2384/2384/2384,2384/2384/2384/2384,938b14c8/938b14c8/f99b438e/938b14c8,0/0/0/0,4/4/4/4,539/538/531/531/2089/266,222/222/222/222,connected
1790657403,false,2384/2384/2384/2384,2384/2384/2384/2384,938b14c8/938b14c8/f99b438e/938b14c8,0/0/0/0,4/4/4/4,539/538/531/531/2089/266,222/222/222/222,connected
1790657418,false,2387/2387/2387/2387,2387/2387/2387/2387,1d127632/1d127632/1d127632/1d127632,0/0/0/0,4/4/4/4,539/538/531/531/2089/266,216/216/216/216,connected
1790657433,false,2389/2389/2389/2389,2389/2389/2389/2389,946a899b/946a899b/946a899b/946a899b,0/0/0/0,4/4/4/4,539/538/531/531/2089/266,221/221/221/221,connected
1790657448,false,2389/2389/2389/2389,2389/2389/2389/2389,946a899b/946a899b/946a899b/946a899b,1/1/1/1,4/4/4/4,539/538/531/531/2087/266,221/221/221/221,connected
1790657463,false,2392/2392/2392/2392,2392/2392/2392/2392,9d5c1a7d/9d5c1a7d/9d5c1a7d/9d5c1a7d,1/1/1/1,4/4/4/4,539/538/531/531/2089/266,219/219/219/219,connected
1790657479,false,2394/2393/2393/2393,2394/2393/2393/2393,acfe5ce2/7182bd46/7182bd46/7182bd46,0/0/0/0,4/4/4/4,539/538/531/531/2089/266,224/221/221/221,connected
1790657494,false,2394/2394/2394/2394,2394/2394/2394/2394,acfe5ce2/acfe5ce2/acfe5ce2/acfe5ce2,1/1/1/1,4/4/4/4,539/538/531/531/2089/266,224/224/224/224,connected
1790657509,false,2396/2395/2395/2395,2396/2395/2395/2395,691e9b73/bd272ce7/bd272ce7/bd272ce7,0/1/1/1,4/4/4/4,539/540/531/531/2089/266,220/225/225/225,connected
1790657524,false,2397/2397/2397/2397,2397/2397/2397/2397,5fee807b/5fee807b/5fee807b/5fee807b,0/0/0/0,4/4/4/4,539/538/531/531/2089/266,218/218/218/218,connected
1790657539,false,2399/2398/2398/2398,2399/2398/2398/2398,d5bf2f50/c89326d2/c89326d2/c89326d2,0/0/0/0,4/4/4/4,539/538/531/531/2089/266,217/221/221/221,connected
1790657554,false,2402/2402/2402/2402,2402/2402/2402/2402,8d0a243d/8d0a243d/8d0a243d/8d0a243d,1/1/1/1,4/4/4/4,539/538/531/531/2089/266,225/225/225/225,connected
1790657570,false,2404/2403/2403/2403,2404/2403/2403/2403,8306493a/98242902/98242902/98242902,0/0/0/0,4/4/4/4,539/538/531/531/2089/266,224/228/228/228,connected
1790657584,false,2405/2405/2405/2405,2405/2405/2405/2405,f567e027/f567e027/f567e027/f567e027,1/0/1/0,4/4/4/4,539/538/531/531/2089/266,227/227/227/227,connected
1790657600,false,2406/2406/2406/2406,2406/2406/2406/2406,f4781044/c834b57e/c834b57e/c834b57e,1/1/1/1,4/4/4/4,539/538/531/531/2089/266,228/228/228/228,connected
1790657615,false,2409/2409/2409/2409,2409/2409/2409/2409,6001d7b6/6001d7b6/1f004a29/1f004a29,0/0/0/0,4/4/4/4,539/538/531/531/2089/266,230/230/230/230,connected
1790657630,false,2412/2412/2412/2412,2412/2412/2412/2412,36c06be8/36c06be8/36c06be8/36c06be8,1/1/1/1,4/4/4/4,539/538/531/531/2089/266,237/237/237/237,connected
1790657645,false,2413/2413/2413/2413,2413/2413/2413/2413,1615b746/1615b746/1615b746/1615b746,0/0/0/0,4/4/4/4,539/538/531/531/2089/266,241/241/241/241,connected
1790657661,false,2415/2414/2414/2414,2415/2414/2414/2414,5287a6b7/f4c897ce/f4c897ce/f4c897ce,0/0/0/0,4/4/4/4,539/538/531/531/2089/266,237/244/244/244,connected
1790657675,false,2415/2415/2415/2415,2415/2415/2415/2415,5287a6b7/5287a6b7/5287a6b7/5287a6b7,1/1/1/1,4/4/4/4,539/538/531/531/2089/266,237/237/237/237,connected
1790657690,false,2415/2415/2415/2415,2415/2415/2415/2415,5287a6b7/5287a6b7/5287a6b7/5287a6b7,1/1/1/1,4/4/4/4,539/538/531/531/2089/266,237/237/237/237,connected
1790657705,false,2418/2418/2418/2418,2418/2418/2418/2418,f2b6481a/f2b6481a/f2b6481a/f2b6481a,1/1/1/1,4/4/4/4,539/538/531/531/2088/266,230/230/230/230,connected
1790657721,false,2419/2419/2419/2419,2419/2419/2419/2419,6c3f3d2a/6c3f3d2a/6c3f3d2a/6c3f3d2a,2/2/2/2,4/4/4/4,541/538/531/531/2088/266,233/233/233/233,connected
1790657736,false,2420/2420/2420/2420,2420/2420/2420/2420,1eba880a/1eba880a/1eba880a/1eba880a,2/2/2/2,4/4/4/4,539/538/531/531/2086/266,236/236/236/236,connected
1790657751,false,2421/2421/2421/2421,2421/2421/2421/2421,e15f984d/e15f984d/e15f984d/e15f984d,1/1/1/1,4/4/4/4,539/538/532/531/2089/266,236/236/236/236,connected
1790657766,false,2423/2423/2423/2423,2423/2423/2423/2423,db700c30/db700c30/db700c30/db700c30,1/1/1/1,4/4/4/4,539/538/532/531/2089/266,225/225/225/225,connected
1790657781,false,2426/2425/2425/2425,2426/2425/2425/2425,5166b3b8/3d9d42ce/3d9d42ce/3d9d42ce,0/0/0/1,4/4/4/4,539/540/532/533/2089/266,234/231/231/231,connected
1790657797,false,2427/2427/2427/2427,2427/2427/2427/2427,54554f0d/54554f0d/54554f0d/54554f0d,0/0/0/0,4/4/4/4,541/538/532/531/2089/266,234/234/234/234,connected
1790657811,false,2430/2430/2430/2430,2430/2430/2430/2430,5992f734/5992f734/5992f734/5992f734,0/0/0/0,4/4/4/4,539/538/532/531/2089/266,239/239/239/239,connected
1790657826,false,2432/2432/2432/2432,2432/2432/2432/2432,465041a2/465041a2/465041a2/465041a2,0/0/1/0,4/4/4/4,539/538/532/531/2089/266,242/242/242/242,connected
1790657842,false,2432/2432/2432/2432,2432/2432/2432/2432,465041a2/465041a2/465041a2/465041a2,1/1/1/1,4/4/4/4,539/538/532/531/2089/266,242/242/242/242,connected
1790657857,false,2432/2432/2432/2432,2432/2432/2432/2432,465041a2/465041a2/465041a2/465041a2,2/2/2/2,4/4/4/4,539/538/531/531/2088/266,242/242/242/242,connected
1790657872,false,2433/2433/2433/2433,2433/2433/2433/2433,292d9240/292d9240/292d9240/292d9240,0/0/0/0,4/4/4/4,541/538/531/531/2089/266,245/245/245/245,connected
1790657887,false,2435/2435/2435/2435,2435/2435/2435/2435,5f9bdd2f/5f9bdd2f/5f9bdd2f/5f9bdd2f,0/0/0/1,4/4/4/4,539/538/531/531/2089/266,229/229/229/229,connected
1790657902,false,2435/2435/2435/2435,2435/2435/2435/2435,5f9bdd2f/5f9bdd2f/5f9bdd2f/5f9bdd2f,2/2/2/2,4/4/4/4,539/538/531/531/2089/266,229/229/229/229,connected
1790657917,false,2437/2437/2437/2437,2437/2437/2437/2437,ec74abb8/ec74abb8/ec74abb8/ec74abb8,0/0/0/0,4/4/4/4,539/538/531/531/2089/266,220/220/220/220,connected
1790657932,false,2440/2440/2440/2440,2440/2440/2440/2440,75fc9de9/75fc9de9/75fc9de9/75fc9de9,0/0/0/0,4/4/4/4,539/538/531/531/2089/266,225/225/225/225,connected
1790657947,false,2441/2441/2441/2441,2441/2441/2441/2441,e9707774/e9707774/e9707774/e9707774,1/1/1/1,4/4/4/4,539/538/531/531/2089/266,228/228/228/228,connected
1790657962,false,2444/2444/2444/2444,2444/2444/2444/2444,5826ff8b/5826ff8b/5826ff8b/5826ff8b,1/0/1/0,4/4/4/4,539/538/531/531/2089/266,233/233/233/233,connected
1790657978,false,2445/2445/2445/2445,2445/2445/2445/2445,d5b3d8d0/d5b3d8d0/d5b3d8d0/d5b3d8d0,0/0/0/0,4/4/4/4,541/538/531/531/2089/266,235/235/235/235,connected
1790657992,false,2448/2448/2448/2448,2448/2448/2448/2448,69e62359/69e62359/69e62359/69e62359,1/1/1/1,4/4/4/4,539/538/532/531/2089/266,238/238/238/238,connected
1790658008,false,2449/2449/2449/2449,2449/2449/2449/2449,c0e83fce/c0e83fce/c0e83fce/c0e83fce,1/1/1/1,4/4/4/4,539/538/532/531/2087/266,242/242/242/242,connected
1790658023,false,2451/2451/2451/2451,2451/2451/2451/2451,a8cc8bfd/a8cc8bfd/a8cc8bfd/a8cc8bfd,0/0/0/0,4/4/4/4,539/538/532/531/2089/266,242/242/242/242,connected
1790658038,false,2453/2453/2453/2453,2453/2453/2453/2453,2d1f0a33/2d1f0a33/2d1f0a33/2d1f0a33,1/1/1/1,4/4/4/4,539/538/532/531/2089/266,243/243/243/243,connected
1790658053,false,2453/2453/2453/2453,2453/2453/2453/2453,2d1f0a33/2d1f0a33/2d1f0a33/2d1f0a33,1/1/1/1,4/4/4/4,539/538/532/531/2089/266,243/243/243/243,connected
1790658068,false,2454/2454/2454/2454,2454/2454/2454/2454,e3c55f2a/e3c55f2a/e3c55f2a/e3c55f2a,1/1/1/1,4/4/4/4,539/538/532/531/2089/266,246/246/246/246,connected
1790658083,false,2457/2457/2457/2457,2457/2457/2457/2457,8c5f876c/8c5f876c/8c5f876c/8c5f876c,1/0/1/0,4/4/4/4,539/538/532/531/2089/266,234/234/234/234,connected
1790658098,false,2458/2458/2458/2458,2458/2458/2458/2458,eebf5b84/eebf5b84/eebf5b84/eebf5b84,0/0/0/0,4/4/4/4,539/538/532/531/2089/266,237/237/237/237,connected
1790658113,false,2459/2459/2459/2459,2459/2459/2459/2459,8fb48625/8fb48625/8fb48625/8fb48625,1/1/1/1,4/4/4/4,539/538/532/531/2089/266,241/241/241/241,connected
1790658128,false,2460/2460/2460/2460,2460/2460/2460/2460,5126a505/5126a505/5126a505/5126a505,0/0/0/0,4/4/4/4,541/538/532/531/2085/266,239/239/239/239,connected
1790658144,false,2462/2462/2462/2462,2462/2462/2462/2462,23f30c1a/23f30c1a/23f30c1a/23f30c1a,1/0/1/0,4/4/4/4,539/538/532/531/2089/266,235/235/235/235,connected
1790658159,false,2464/2464/2464/2464,2464/2464/2464/2464,12175ab2/12175ab2/12175ab2/12175ab2,1/1/1/1,4/4/4/4,539/539/532/531/2089/266,236/236/236/236,connected
1790658174,false,2467/2466/2466/2466,2467/2466/2466/2466,bc1c5375/858b0637/858b0637/858b0637,0/0/0/0,4/4/4/4,539/541/532/531/2089/266,245/242/242/242,connected
1790658189,false,2467/2467/2467/2467,2467/2467/2467/2467,bc1c5375/bc1c5375/bc1c5375/bc1c5375,1/0/1/1,4/4/4/4,539/539/532/531/2089/266,245/245/245/245,connected
1790658204,false,2468/2467/2467/2467,2468/2467/2467/2467,7ad6d840/bc1c5375/bc1c5375/bc1c5375,0/2/2/2,4/4/4/4,540/539/532/531/2089/266,247/245/245/245,connected
1790658219,false,2470/2470/2470/2470,2470/2470/2470/2470,65646593/65646593/65646593/65646593,0/0/0/0,4/4/4/4,542/539/532/531/2085/266,234/234/234/234,connected
1790658234,false,2473/2473/2473/2473,2473/2473/2473/2473,ab443afc/ab443afc/ab443afc/ab443afc,0/0/0/0,4/4/4/4,540/539/532/531/2089/266,244/244/244/244,connected
1790658249,false,2475/2475/2475/2475,2475/2475/2475/2475,d22abed5/d22abed5/d22abed5/d22abed5,1/0/0/1,4/4/4/4,539/539/532/531/2089/264,245/245/245/245,connected
1790658265,false,2479/2478/2478/2478,2479/2478/2478/2478,9d67624c/1100a21d/1100a21d/1100a21d,0/0/0/0,4/4/4/4,540/539/532/531/2089/266,259/255/255/255,connected
1790658279,false,2482/2482/2482/2482,2482/2482/2482/2482,b02fac65/b02fac65/b02fac65/b02fac65,0/0/0/0,4/4/4/4,540/539/532/531/2089/266,271/271/271/271,connected
1790658295,false,2483/2483/2483/2483,2483/2483/2483/2483,c64de6c8/c64de6c8/c64de6c8/c64de6c8,0/0/0/0,4/4/4/4,540/539/532/531/2089/266,275/275/275/275,connected
1790658310,false,2484/2484/2484/2484,2484/2484/2484/2484,8259b86a/8259b86a/8259b86a/8259b86a,0/0/0/0,4/4/4/4,540/539/532/531/2089/266,278/278/278/278,connected
1790658325,false,2484/2484/2484/2484,2484/2484/2484/2484,8259b86a/8259b86a/8259b86a/8259b86a,0/0/0/0,4/4/4/4,539/539/532/531/2089/266,278/278/278/278,connected
1790658340,false,2486/2486/2486/2486,2486/2486/2486/2486,7fc9ca9f/7fc9ca9f/7fc9ca9f/7fc9ca9f,0/0/0/0,4/4/4/4,540/539/532/531/2089/266,259/259/259/259,connected
1790658355,false,2487/2487/2487/2487,2487/2487/2487/2487,d7a33b50/d7a33b50/d7a33b50/d7a33b50,0/0/0/0,4/4/4/4,539/539/532/531/2089/266,263/263/263/263,connected
1790658370,false,2487/2487/2487/2487,2487/2487/2487/2487,d7a33b50/d7a33b50/d7a33b50/d7a33b50,2/2/2/2,4/4/4/4,539/539/532/531/2089/266,263/263/263/263,connected
1790658385,false,2489/2489/2489/2489,2489/2489/2489/2489,240386f3/240386f3/240386f3/240386f3,1/1/1/1,4/4/4/4,540/539/532/531/2089/266,251/251/251/251,connected
1790658400,false,2490/2490/2490/2490,2490/2490/2490/2490,43bd5f1b/43bd5f1b/43bd5f1b/43bd5f1b,0/0/0/0,4/4/4/4,540/539/532/531/2089/266,251/251/251/251,connected
1790658415,false,2491/2491/2491/2491,2491/2491/2491/2491,2331a879/2331a879/2331a879/2331a879,0/0/0/0,4/4/4/4,540/539/532/531/2089/266,254/254/254/254,connected
1790658431,false,2493/2493/2493/2493,2493/2493/2493/2493,edf0278f/edf0278f/edf0278f/edf0278f,1/1/1/1,4/4/4/4,540/539/532/531/2085/266,248/248/248/248,connected
1790658446,false,2496/2496/2496/2496,2496/2496/2496/2496,18853071/18853071/18853071/18853071,0/0/0/0,4/4/4/4,540/539/532/531/2089/266,255/255/255/255,connected
1790658461,false,2496/2496/2496/2496,2496/2496/2496/2496,18853071/18853071/18853071/18853071,0/0/0/0,4/4/4/4,540/539/532/531/2089/266,255/255/255/255,connected
1790658476,false,2498/2498/2498/2498,2498/2498/2498/2498,e51bd46f/e51bd46f/e51bd46f/e51bd46f,0/0/0/0,4/4/4/4,540/539/532/531/2085/266,252/252/252/252,connected
1790658491,false,2499/2499/2499/2499,2499/2499/2499/2499,2959a50b/2959a50b/2959a50b/2959a50b,1/1/1/1,4/4/4/4,540/539/532/531/2089/266,255/255/255/255,connected
1790658506,false,2500/2500/2500/2500,2500/2500/2500/2500,7a5d93c6/7a5d93c6/7a5d93c6/7a5d93c6,1/2/1/2,4/4/4/4,540/539/532/531/2089/266,257/257/257/257,connected
1790658521,false,2502/2502/2502/2502,2502/2502/2502/2502,72d16801/72d16801/72d16801/72d16801,0/0/0/1,4/4/4/4,540/539/532/531/2089/266,247/247/247/247,connected
1790658536,false,2506/2505/2505/2505,2506/2505/2505/2505,11a955da/44fb303e/44fb303e/44fb303e,1/1/1/1,4/4/4/4,540/539/532/532/2089/266,260/258/258/258,connected
1790658551,false,2507/2507/2507/2507,2507/2507/2507/2507,d338167a/d338167a/d338167a/d338167a,0/0/0/0,4/4/4/4,540/539/532/532/2089/266,263/263/263/263,connected
1790658567,false,2510/2509/2509/2509,2510/2509/2509/2509,eabcb9bc/645944a9/645944a9/645944a9,0/0/0/0,4/4/4/4,540/539/532/532/2089/266,267/263/263/263,connected
1790658581,false,2513/2513/2513/2513,2513/2513/2513/2513,dede3d86/dede3d86/dede3d86/dede3d86,1/1/1/1,4/4/4/4,540/539/532/532/2089/266,279/279/279/279,connected
1790658596,false,2514/2514/2514/2514,2514/2514/2514/2514,09815d76/09815d76/09815d76/09815d76,0/0/0/0,4/4/4/4,540/539/532/532/2089/266,283/283/283/283,connected
1790658612,false,2515/2515/2515/2515,2515/2515/2515/2515,344da627/344da627/344da627/344da627,0/0/0/0,4/4/4/4,540/539/532/532/2089/266,284/284/284/284,connected
1790658627,false,2516/2516/2516/2516,2516/2516/2516/2516,6888b033/6888b033/6888b033/6888b033,0/0/0/0,4/4/4/4,540/539/532/532/2089/266,288/288/288/288,connected
1790658642,false,2517/2517/2517/2517,2517/2517/2517/2517,cac89a8f/cac89a8f/cac89a8f/cac89a8f,0/0/0/0,4/4/4/4,540/539/532/532/2089/266,275/275/275/275,connected
1790658657,false,2518/2518/2518/2518,2518/2518/2518/2518,e29b48f7/e29b48f7/e29b48f7/e29b48f7,2/1/1/2,4/4/4/4,540/539/532/532/2089/266,275/275/275/275,connected
1790658672,false,2518/2518/2518/2518,2518/2518/2518/2518,e29b48f7/e29b48f7/e29b48f7/e29b48f7,2/2/2/2,4/4/4/4,540/539/532/532/2089/266,275/275/275/275,connected
1790658687,false,2520/2520/2520/2520,2520/2520/2520/2520,70f7a0ad/70f7a0ad/70f7a0ad/70f7a0ad,0/0/0/0,4/4/4/4,540/539/532/532/2089/266,252/252/252/252,connected
1790658702,false,2522/2522/2522/2522,2522/2522/2522/2522,4796ca5e/4796ca5e/4796ca5e/4796ca5e,2/2/2/2,4/4/4/4,540/539/532/532/2085/266,259/259/259/259,connected
1790658717,false,2525/2525/2525/2525,2525/2525/2525/2525,8e4a1890/8e4a1890/8e4a1890/8e4a1890,1/1/1/1,4/4/4/4,540/539/532/532/2089/266,270/270/270/270,connected
1790658732,false,2527/2527/2527/2527,2527/2527/2527/2527,248a76db/248a76db/248a76db/248a76db,0/0/0/0,4/4/4/4,540/539/532/532/2085/266,276/276/276/276,connected
1790658747,false,2529/2529/2529/2529,2529/2529/2529/2529,05acd3ae/05acd3ae/05acd3ae/05acd3ae,1/1/1/0,4/4/4/4,540/539/532/532/2089/266,281/281/281/281,connected
1790658762,false,2530/2530/2530/2530,2530/2530/2530/2530,1dffe6ad/1dffe6ad/1dffe6ad/1dffe6ad,0/0/0/0,4/4/4/4,540/539/532/532/2089/266,286/286/286/286,connected
1790658777,false,2533/2533/2533/2533,2533/2533/2533/2533,5de9785b/5de9785b/5de9785b/5de9785b,0/1/1/1,4/4/4/4,540/539/532/532/2089/266,284/284/284/284,connected
1790658792,false,2534/2534/2534/2534,2534/2534/2534/2534,1087c2d3/1087c2d3/1087c2d3/1087c2d3,1/1/1/1,4/4/4/4,540/539/532/532/2089/266,288/288/288/288,connected
1790658808,false,2535/2535/2535/2535,2535/2535/2535/2535,2e6b7dd1/2e6b7dd1/2e6b7dd1/2e6b7dd1,0/0/0/0,4/4/4/4,540/539/532/532/2089/266,292/292/292/292,connected
1790658824,false,2536/2536/2537/2536,2536/2536/2537/2536,73b937dd/73b937dd/94fe0967/73b937dd,1/1/0/1,4/4/4/4,540/539/532/532/2089/266,282/282/280/282,connected
1790658838,false,2538/2538/2538/2538,2538/2538/2538/2538,5caa734b/5caa734b/5caa734b/5caa734b,1/1/1/1,4/4/4/4,540/539/532/532/2089/266,284/284/284/284,connected
1790658853,false,2538/2538/2538/2538,2538/2538/2538/2538,5caa734b/5caa734b/5caa734b/5caa734b,1/1/1/1,4/4/4/4,540/539/532/532/2089/266,284/284/284/284,connected
1790658868,false,2540/2540/2540/2540,2540/2540/2540/2540,d3f3d4e2/d3f3d4e2/d3f3d4e2/d3f3d4e2,0/0/0/0,4/4/4/4,540/539/532/532/2089/266,272/272/272/272,connected
1790658883,false,2541/2541/2541/2541,2541/2541/2541/2541,230f226d/230f226d/230f226d/230f226d,1/1/1/1,4/4/4/4,540/539/532/532/2089/266,273/273/273/273,connected
1790658899,false,2542/2542/2542/2542,2542/2542/2542/2542,01acc959/01acc959/01acc959/01acc959,1/1/1/1,4/4/4/4,542/539/532/532/2089/266,270/270/270/270,connected
1790658913,false,2543/2543/2543/2543,2543/2543/2543/2543,22d799c1/22d799c1/22d799c1/22d799c1,1/1/1/1,4/4/4/4,540/539/532/532/2089/266,268/268/268/268,connected
1790658929,false,2544/2543/2543/2543,2544/2543/2543/2543,3e76c1e7/22d799c1/22d799c1/22d799c1,0/2/2/2,4/4/4/4,540/539/532/532/2089/266,272/268/268/268,connected
1790658944,false,2546/2546/2546/2546,2546/2546/2546/2546,efbdd71c/efbdd71c/efbdd71c/efbdd71c,0/0/0/0,4/4/4/4,540/539/532/532/2089/266,259/259/259/259,connected
1790658959,false,2548/2548/2548/2548,2548/2548/2548/2548,6943ccd7/6943ccd7/6943ccd7/6943ccd7,0/0/0/0,4/4/4/4,540/539/532/532/2089/266,265/265/265/265,connected
1790658974,false,2548/2548/2548/2548,2548/2548/2548/2548,6943ccd7/6943ccd7/6943ccd7/6943ccd7,0/0/0/0,4/4/4/4,540/539/532/532/2089/266,265/265/265/265,connected
1790658989,false,2549/2549/2549/2549,2549/2549/2549/2549,551036da/551036da/551036da/551036da,0/0/0/0,4/4/4/4,540/539/532/532/2089/266,263/263/263/263,connected
1790659004,false,2558/2558/2558/2558,2558/2558/2558/2558,308c1f91/308c1f91/308c1f91/308c1f91,0/0/0/0,4/4/4/4,540/539/532/532/2085/266,282/282/282/282,connected
1790659019,false,2560/2560/2560/2560,2560/2560/2560/2560,db8133fc/db8133fc/db8133fc/db8133fc,1/1/1/1,4/4/4/4,540/539/532/532/2089/266,290/290/290/290,connected
1790659034,false,2561/2561/2561/2561,2561/2561/2561/2561,de9f1e22/de9f1e22/de9f1e22/de9f1e22,0/0/0/0,4/4/4/4,540/539/532/532/2089/266,294/294/294/294,connected
1790659049,false,2563/2563/2563/2563,2563/2563/2563/2563,1c83a113/1c83a113/1c83a113/1c83a113,0/0/0/0,4/4/4/4,540/539/532/532/2089/266,303/303/303/303,connected
1790659064,false,2566/2566/2566/2566,2566/2566/2566/2566,54baddda/54baddda/54baddda/54baddda,1/1/1/1,4/4/4/4,540/539/532/532/2089/266,317/317/317/317,connected
1790659079,false,2567/2567/2567/2567,2567/2567/2567/2567,c409c365/c409c365/c409c365/c409c365,1/1/1/1,4/4/4/4,540/539/532/532/2089/266,322/322/322/322,connected
1790659094,false,2567/2567/2567/2567,2567/2567/2567/2567,c409c365/c409c365/c409c365/c409c365,1/1/1/1,4/4/4/4,540/539/532/532/2089/266,322/322/322/322,connected
1790659109,false,2568/2568/2568/2568,2568/2568/2568/2568,470de29c/470de29c/470de29c/470de29c,0/0/0/0,4/4/4/4,540/539/532/532/2089/266,327/327/327/327,connected
1790659124,false,2570/2570/2570/2570,2570/2570/2570/2570,825e22e1/825e22e1/825e22e1/825e22e1,0/0/0/0,4/4/4/4,540/539/532/532/2089/266,309/309/309/309,connected
1790659140,false,2572/2572/2572/2572,2572/2572/2572/2572,1d8773ca/1d8773ca/1d8773ca/1d8773ca,2/1/2/2,4/4/4/4,540/539/532/532/2089/266,314/314/314/314,connected
1790659155,false,2572/2572/2572/2572,2572/2572/2572/2572,1d8773ca/1d8773ca/1d8773ca/1d8773ca,2/2/2/2,4/4/4/4,540/539/532/532/2089/266,314/314/314/314,connected
1790659170,false,2573/2573/2573/2573,2573/2573/2573/2573,9d043527/9d043527/9d043527/9d043527,0/1/1/1,4/4/4/4,540/539/532/532/2089/266,314/314/314/314,connected
1790659185,false,2575/2575/2575/2575,2575/2575/2575/2575,ec306fe9/ec306fe9/ec306fe9/ec306fe9,0/0/0/0,4/4/4/4,540/539/532/532/2089/266,303/303/303/303,connected
1790659200,false,2576/2576/2576/2576,2576/2576/2576/2576,72ebdf1c/72ebdf1c/72ebdf1c/72ebdf1c,1/1/1/1,4/4/4/4,540/539/532/532/2089/266,306/306/306/306,connected
1790659215,false,2578/2578/2578/2578,2578/2578/2578/2578,9746956f/9746956f/9746956f/9746956f,0/0/0/0,4/4/4/4,540/539/532/532/2089/266,297/297/297/297,connected
1790659230,false,2580/2580/2580/2580,2580/2580/2580/2580,994f077e/994f077e/994f077e/994f077e,0/0/0/0,4/4/4/4,540/539/532/532/2089/266,303/303/303/303,connected
1790659245,false,2583/2583/2583/2583,2583/2583/2583/2583,404aeb9e/404aeb9e/404aeb9e/404aeb9e,1/1/1/1,4/4/4/4,540/539/532/532/2089/266,309/309/309/309,connected
1790659261,false,2585/2585/2585/2585,2585/2585/2585/2585,9a012440/9a012440/9a012440/9a012440,0/0/0/0,4/4/4/4,540/539/532/532/2089/266,316/316/316/316,connected
1790659276,false,2587/2587/2587/2587,2587/2587/2587/2587,4534d698/4534d698/4534d698/4534d698,0/1/0/0,4/4/4/4,540/539/532/532/2089/266,325/325/325/325,connected
1790659291,false,2588/2588/2588/2588,2588/2588/2588/2588,dc4caa27/dc4caa27/dc4caa27/dc4caa27,1/1/1/1,4/4/4/4,540/539/532/532/2089/266,330/330/330/330,connected
1790659306,false,2588/2588/2588/2588,2588/2588/2588/2588,dc4caa27/dc4caa27/dc4caa27/dc4caa27,1/2/1/2,4/4/4/4,540/539/532/532/2089/266,330/330/330/330,connected
1790659321,false,2588/2588/2588/2588,2588/2588/2588/2588,dc4caa27/dc4caa27/dc4caa27/dc4caa27,2/3/2/3,4/4/4/4,540/539/532/532/2089/266,330/330/330/330,connected
1790659336,false,2588/2588/2588/2588,2588/2588/2588/2588,dc4caa27/dc4caa27/dc4caa27/dc4caa27,3/3/3/3,4/4/4/4,542/539/532/532/2085/266,330/330/330/330,connected
1790659352,false,2590/2590/2590/2590,2590/2590/2590/2590,a20c9102/a20c9102/a20c9102/a20c9102,0/0/0/0,4/4/4/4,542/539/532/532/2089/266,290/290/290/290,connected
1790659367,false,2591/2591/2591/2591,2591/2591/2591/2591,e4caba9a/e4caba9a/e4caba9a/e4caba9a,0/0/0/0,4/4/4/4,540/539/532/532/2089/266,290/290/290/290,connected
1790659382,false,2592/2592/2592/2592,2592/2592/2592/2592,f1f6153d/f1f6153d/f1f6153d/f1f6153d,0/0/0/0,4/4/4/4,536/536/530/530/2089/266,294/294/294/294,connected
1790659397,false,2594/2594/2594/2594,2594/2594/2594/2594,ddbdcc91/ddbdcc91/ddbdcc91/ddbdcc91,2/2/2/2,4/4/4/4,536/536/530/530/2089/266,280/280/280/280,connected
1790659412,false,2594/2594/2594/2594,2594/2594/2594/2594,ddbdcc91/ddbdcc91/ddbdcc91/ddbdcc91,2/2/2/2,4/4/4/4,536/536/530/530/2089/266,280/280/280/280,connected
1790659427,false,2595/2595/2595/2595,2595/2595/2595/2595,fec696e9/fec696e9/fec696e9/fec696e9,0/0/0/0,4/4/4/4,536/536/530/530/2085/266,284/284/284/284,connected
1790659442,false,2598/2598/2598/2598,2598/2598/2598/2598,d4754598/d4754598/d4754598/d4754598,0/0/0/0,4/4/4/4,536/536/530/530/2089/266,275/275/275/275,connected
1790659457,false,2601/2601/2601/2601,2601/2601/2601/2601,8860b2a7/8860b2a7/8860b2a7/8860b2a7,0/0/0/0,4/4/4/4,536/536/530/530/2089/266,284/284/284/284,connected
1790659473,false,2603/2602/2602/2602,2603/2602/2602/2602,e874a85f/6655c6dc/6655c6dc/6655c6dc,0/1/1/1,4/4/4/4,536/538/532/532/2089/266,290/288/288/288,connected
1790659488,false,2606/2606/2606/2606,2606/2606/2606/2606,6613f8fc/6613f8fc/6613f8fc/6613f8fc,0/0/0/0,4/4/4/4,536/536/530/530/2089/266,301/301/301/301,connected
1790659503,false,2608/2608/2608/2608,2608/2608/2608/2608,1bd93fa3/1bd93fa3/1bd93fa3/1bd93fa3,0/0/0/0,4/4/4/4,536/536/530/530/2085/266,308/308/308/308,connected
1790659518,false,2611/2611/2611/2611,2611/2611/2611/2611,2e5ead3c/2e5ead3c/2e5ead3c/2e5ead3c,1/1/0/0,4/4/4/4,536/536/530/530/2089/266,321/321/321/321,connected
1790659535,false,2613/2613/2613/2613,2613/2613/2613/2613,e6f6a8a7/e6f6a8a7/e6f6a8a7/e6f6a8a7,1/1/1/1,4/4/4/4,536/536/530/530/2085/266,321/321/321/321,connected
1790659548,false,2617/2617/2617/2617,2617/2617/2617/2617,2823d28b/2823d28b/2823d28b/2823d28b,0/0/0/0,4/4/4/4,536/536/530/530/2089/266,341/341/341/341,connected
1790659563,false,2618/2618/2618/2618,2618/2618/2618/2618,c8e6e570/c8e6e570/c8e6e570/c8e6e570,0/0/0/0,4/4/4/4,536/536/530/530/2085/266,346/346/346/346,connected
1790659578,false,2620/2620/2620/2620,2620/2620/2620/2620,7492075b/7492075b/7492075b/7492075b,1/1/1/0,4/4/4/4,536/536/530/530/2089/266,356/356/356/356,connected
1790659593,false,2621/2621/2621/2621,2621/2621/2621/2621,2cb4eb54/2cb4eb54/2cb4eb54/2cb4eb54,0/0/0/0,4/4/4/4,536/536/530/530/2089/266,358/358/358/358,connected
1790659608,false,2622/2622/2622/2622,2622/2622/2622/2622,645987c6/645987c6/645987c6/645987c6,0/0/0/0,4/4/4/4,536/536/530/530/2089/266,359/359/359/359,connected
1790659624,false,2626/2626/2626/2626,2626/2626/2626/2626,8c59f708/8c59f708/8c59f708/8c59f708,0/1/0/0,4/4/4/4,538/536/532/532/2089/266,355/355/355/355,connected
1790659639,false,2630/2630/2630/2630,2630/2630/2630/2630,43ee8b32/43ee8b32/43ee8b32/43ee8b32,0/0/1/0,4/4/4/4,536/536/530/530/2089/266,377/377/377/377,connected
1790659654,false,2631/2631/2631/2631,2631/2631/2631/2631,a3710219/a3710219/a3710219/a3710219,0/0/0/0,4/4/4/4,536/536/530/530/2087/266,383/383/383/383,connected
1790659669,true,2633/2633/2633/2633,2633/2633/2633/2633,ef7cfae0/ef7cfae0/ef7cfae0/ef7cfae0,0/0/0/0,1/1/1/1,536/536/530/530/2089/266,396/396/396/396,partition
1790659684,true,2635/2635/2633/2633,2635/2635/2633/2633,11796f57/11796f57/ef7cfae0/ef7cfae0,0/0/1/1,1/1/1/1,536/536/530/530/2089/266,408/408/396/396,partition
1790659699,true,2635/2635/2633/2633,2635/2635/2633/2633,11796f57/11796f57/ef7cfae0/ef7cfae0,1/1/2/2,1/1/1/1,536/536/530/530/2089/266,408/408/396/396,partition
1790659714,true,2637/2637/2633/2633,2637/2637/2633/2633,bb9910cc/bb9910cc/ef7cfae0/ef7cfae0,0/0/2/2,1/1/1/1,536/536/530/530/2089/266,387/387/396/396,partition
1790659729,true,2637/2637/2633/2633,2637/2637/2633/2633,bb9910cc/bb9910cc/ef7cfae0/ef7cfae0,0/0/2/2,1/1/1/1,536/536/530/530/2089/266,387/387/396/396,partition
1790659744,true,2638/2638/2633/2633,2638/2638/2633/2633,1c6a682f/1c6a682f/ef7cfae0/ef7cfae0,0/0/2/2,1/1/1/1,536/536/530/530/2089/266,392/392/396/396,partition
1790659759,true,2639/2639/2633/2633,2639/2639/2633/2633,c384f5d3/c384f5d3/ef7cfae0/ef7cfae0,0/0/2/2,1/1/1/1,536/536/530/530/2089/266,375/375/396/396,partition
1790659774,true,2639/2639/2633/2633,2639/2639/2633/2633,c384f5d3/c384f5d3/ef7cfae0/ef7cfae0,1/1/3/3,1/1/1/1,536/536/531/530/2089/266,375/375/396/396,partition
1790659790,true,2639/2639/2633/2633,2639/2639/2633/2633,c384f5d3/c384f5d3/ef7cfae0/ef7cfae0,1/2/4/4,1/1/1/1,536/536/531/530/2089/266,375/375/396/396,partition
1790659805,true,2640/2640/2633/2633,2640/2640/2633/2633,cfe7a2b4/cfe7a2b4/ef7cfae0/ef7cfae0,0/0/4/5,1/1/1/1,536/536/531/530/2089/266,366/366/396/396,partition
1790659820,true,2640/2640/2633/2633,2640/2640/2633/2633,cfe7a2b4/cfe7a2b4/ef7cfae0/ef7cfae0,0/0/5/5,1/1/1/1,536/536/531/530/2089/266,366/366/396/396,partition
1790659835,true,2645/2644/2633/2633,2645/2644/2633/2633,cdc5c8c3/6b2b5ad1/ef7cfae0/ef7cfae0,0/0/6/6,1/1/1/1,536/536/531/530/2089/266,335/331/396/396,partition
1790659850,false,2645/2645/2633/2633,2645/2645/2633/2633,cdc5c8c3/cdc5c8c3/ef7cfae0/ef7cfae0,0/0/6/6,1/1/1/1,536/536/531/530/2089/266,335/335/396/396,heal
1790659865,false,2648/2648/2648/2648,2648/2648/2648/2648,b5c57e8e/b5c57e8e/b5c57e8e/b5c57e8e,6/6/6/6,4/4/4/4,536/536/531/530/2089/266,342/342/342/342,heal
1790659880,false,2649/2649/2649/2649,2649/2649/2649/2649,3b8b31a9/3b8b31a9/3b8b31a9/3b8b31a9,1/1/1/1,4/4/4/4,537/536/531/530/2089/266,347/347/347/347,heal
1790659895,false,2650/2650/2650/2650,2650/2650/2650/2650,d197a106/d197a106/d197a106/d197a106,0/0/0/0,4/4/4/4,537/536/531/531/2089/266,346/346/346/346,heal
1790659910,false,2651/2651/2651/2651,2651/2651/2651/2651,2b7e5ecb/2b7e5ecb/2b7e5ecb/2b7e5ecb,1/1/1/1,4/4/4/4,539/536/531/531/2085/266,346/346/346/346,connected
1790659926,false,2653/2652/2653/2652,2653/2653/2653/2653,89717fee/98e769c2/65a99901/98e769c2,0/1/0/1,4/4/4/4,537/538/531/533/2089/266,339/339/339/339,connected
1790659941,false,2654/2654/2654/2654,2654/2654/2654/2654,e77049c9/e77049c9/e77049c9/e77049c9,1/1/1/1,4/4/4/4,537/536/531/531/2089/266,336/336/336/336,connected
1790659956,false,2655/2655/2655/2655,2655/2655/2655/2655,99ef130f/99ef130f/99ef130f/99ef130f,0/0/0/0,4/4/4/4,537/536/531/531/2089/266,333/333/333/333,connected
1790659971,false,2658/2658/2658/2658,2658/2658/2658/2658,47c52686/47c52686/47c52686/47c52686,0/0/0/0,4/4/4/4,537/536/531/531/2089/266,338/338/338/338,connected
1790659986,false,2662/2662/2662/2662,2662/2662/2662/2662,f11ff8a0/f11ff8a0/f11ff8a0/f11ff8a0,0/0/0/0,4/4/4/4,537/536/531/531/2089/266,351/351/351/351,connected
1790660001,false,2662/2662/2662/2662,2662/2662/2662/2662,f11ff8a0/f11ff8a0/f11ff8a0/f11ff8a0,0/1/0/0,4/4/4/4,537/536/531/531/2089/266,351/351/351/351,connected
1790660016,false,2665/2665/2665/2665,2665/2665/2665/2665,a7bddf53/a7bddf53/a7bddf53/a7bddf53,0/0/0/0,4/4/4/4,537/536/531/531/2089/265,364/364/364/364,connected
1790660031,false,2668/2668/2668/2668,2668/2668/2668/2668,a9ce8e11/a9ce8e11/a9ce8e11/a9ce8e11,0/0/0/0,4/4/4/4,537/536/531/531/2089/265,371/371/371/371,connected
1790660048,false,2670/2669/2669/2669,2670/2669/2669/2669,b9b2d9ac/2db13494/2db13494/2db13494,0/1/1/1,4/4/4/4,537/538/531/531/2089/265,381/376/376/376,connected
1790660062,false,2672/2672/2672/2672,2672/2672/2672/2672,715066fc/715066fc/715066fc/715066fc,2/2/2/2,4/4/4/4,537/536/531/531/2089/265,390/390/390/390,connected
1790660077,false,2673/2673/2673/2673,2673/2673/2673/2673,14e80fc4/14e80fc4/14e80fc4/14e80fc4,0/0/0/0,4/4/4/4,537/536/531/531/2089/265,396/396/396/396,connected
1790660092,false,2674/2674/2674/2674,2674/2674/2674/2674,aedcb596/aedcb596/aedcb596/aedcb596,1/1/1/1,4/4/4/4,537/536/531/531/2089/265,387/387/387/387,connected
1790660107,false,2674/2674/2674/2674,2674/2674/2674/2674,aedcb596/aedcb596/aedcb596/aedcb596,2/1/2/1,4/4/4/4,537/536/531/531/2089/265,387/387/387/387,connected
1790660122,false,2674/2674/2674/2674,2674/2674/2674/2674,aedcb596/aedcb596/aedcb596/aedcb596,3/3/3/3,4/4/4/4,537/536/531/531/2089/266,387/387/387/387,connected
1790660137,false,2678/2678/2678/2678,2678/2678/2678/2678,e618e1e2/e618e1e2/e618e1e2/e618e1e2,0/0/0/0,4/4/4/4,539/536/531/531/2085/266,363/363/363/363,connected
1790660153,false,2679/2679/2679/2679,2679/2679/2679/2679,b5ac0212/b5ac0212/b5ac0212/b5ac0212,1/1/1/1,4/4/4/4,537/536/531/531/2089/266,368/368/368/368,connected
1790660168,false,2680/2679/2679/2679,2680/2679/2679/2679,1e4ae6b8/b5ac0212/b5ac0212/b5ac0212,0/2/2/2,4/4/4/4,537/536/531/531/2089/266,373/368/368/368,connected
1790660182,false,2681/2681/2681/2681,2681/2681/2681/2681,f6f91cc2/f6f91cc2/f6f91cc2/f6f91cc2,1/1/1/1,4/4/4/4,537/536/531/531/2089/266,364/364/364/364,connected
1790660198,false,2681/2681/2681/2681,2681/2681/2681/2681,f6f91cc2/f6f91cc2/f6f91cc2/f6f91cc2,1/1/1/1,4/4/4/4,537/536/531/531/2089/266,364/364/364/364,connected
1790660212,false,2681/2681/2681/2681,2681/2681/2681/2681,f6f91cc2/f6f91cc2/f6f91cc2/f6f91cc2,2/1/2/2,4/4/4/4,537/536/531/531/2089/266,364/364/364/364,connected
1790660228,false,2681/2681/2681/2681,2681/2681/2681/2681,f6f91cc2/f6f91cc2/f6f91cc2/f6f91cc2,2/2/2/2,4/4/4/4,537/536/531/531/2087/266,364/364/364/364,connected
1790660243,false,2681/2681/2681/2681,2681/2681/2681/2681,f6f91cc2/f6f91cc2/f6f91cc2/f6f91cc2,2/2/2/2,4/4/4/4,537/536/531/531/2089/266,364/364/364/364,connected
1790660258,false,2683/2683/2683/2683,2683/2683/2683/2683,3e498f69/3e498f69/3e498f69/3e498f69,0/0/0/0,4/4/4/4,537/536/531/531/2089/266,324/324/324/324,connected
1790660273,false,2684/2684/2684/2684,2684/2684/2684/2684,0d8c697e/0d8c697e/0d8c697e/0d8c697e,0/0/0/0,4/4/4/4,537/536/531/526/2089/266,326/326/326/326,connected
1790660288,false,2684/2684/2684/2684,2684/2684/2684/2684,0d8c697e/0d8c697e/0d8c697e/0d8c697e,1/1/1/1,4/4/4/4,532/531/527/526/2089/266,326/326/326/326,connected
1790660303,false,2685/2684/2684/2684,2685/2684/2684/2684,a79d9dd9/0d8c697e/0d8c697e/0d8c697e,0/1/1/1,4/4/4/4,532/531/527/526/2089/266,322/326/326/326,connected
1790660318,false,2685/2685/2685/2685,2685/2685/2685/2685,a79d9dd9/a79d9dd9/a79d9dd9/a79d9dd9,1/1/1/1,4/4/4/4,532/531/527/526/2089/266,322/322/322/322,connected
1790660333,false,2685/2685/2685/2685,2685/2685/2685/2685,a79d9dd9/a79d9dd9/a79d9dd9/a79d9dd9,2/2/1/2,4/4/4/4,532/531/527/526/2089/266,322/322/322/322,connected
1790660350,false,2685/2685/2685/2685,2685/2685/2685/2685,a79d9dd9/a79d9dd9/a79d9dd9/a79d9dd9,3/3/3/3,4/4/4/4,532/533/527/526/2089/266,322/322/322/322,connected
1790660364,false,2686/2686/2686/2686,2686/2686/2686/2686,71e9116d/71e9116d/71e9116d/71e9116d,0/0/0/0,4/4/4/4,532/531/527/526/2089/266,304/304/304/304,connected
1790660379,false,2687/2687/2687/2687,2687/2687/2687/2687,26eacf62/26eacf62/26eacf62/26eacf62,0/0/0/0,4/4/4/4,532/531/527/526/2089/266,284/284/284/284,connected
1790660394,false,2687/2687/2687/2687,2687/2687/2687/2687,26eacf62/26eacf62/26eacf62/26eacf62,1/1/1/1,4/4/4/4,532/531/527/526/2089/266,284/284/284/284,connected
1790660409,false,2687/2687/2687/2687,2687/2687/2687/2687,26eacf62/26eacf62/26eacf62/26eacf62,2/2/2/2,4/4/4/4,532/531/527/526/2085/266,284/284/284/284,connected
1790660424,false,2689/2689/2689/2689,2689/2689/2689/2689,d02b3998/d02b3998/d02b3998/d02b3998,1/1/1/1,4/4/4/4,532/531/527/526/2089/266,260/260/260/260,connected
1790660440,false,2689/2689/2689/2689,2689/2689/2689/2689,d02b3998/d02b3998/d02b3998/d02b3998,1/1/1/1,4/4/4/4,534/531/527/526/2089/266,260/260/260/260,connected
1790660454,false,2691/2691/2691/2691,2691/2691/2691/2691,69b2f9e8/69b2f9e8/69b2f9e8/69b2f9e8,0/0/0/0,4/4/4/4,532/531/527/526/2089/266,256/256/256/256,connected
1790660469,false,2691/2691/2691/2691,2691/2691/2691/2691,69b2f9e8/69b2f9e8/69b2f9e8/69b2f9e8,0/0/0/0,4/4/4/4,532/531/527/526/2089/266,256/256/256/256,connected
1790660485,false,2692/2692/2692/2692,2692/2692/2692/2692,64533558/64533558/64533558/64533558,1/1/0/1,4/4/4/4,532/531/527/526/2089/266,259/259/259/259,connected
1790660500,false,2693/2693/2693/2693,2693/2693/2693/2693,95f37c69/95f37c69/95f37c69/95f37c69,1/1/1/1,4/4/4/4,532/531/527/526/2089/266,250/250/250/250,connected
1790660515,false,2695/2695/2695/2695,2695/2695/2695/2695,2cafdc55/2cafdc55/2cafdc55/2cafdc55,1/1/1/1,4/4/4/4,532/531/527/526/2089/266,246/246/246/246,connected
1790660531,false,2695/2695/2695/2695,2695/2695/2695/2695,2cafdc55/2cafdc55/2cafdc55/2cafdc55,1/1/1/1,4/4/4/4,534/531/527/526/2089/266,246/246/246/246,connected
1790660546,false,2700/2700/2700/2700,2700/2700/2700/2700,436c0575/436c0575/436c0575/436c0575,0/0/0/0,4/4/4/4,532/531/527/526/2089/266,249/249/249/249,connected
1790660560,false,2701/2701/2701/2701,2701/2701/2701/2701,4f0cafe3/4f0cafe3/4f0cafe3/4f0cafe3,0/0/0/0,4/4/4/4,532/531/527/526/2089/266,251/251/251/251,connected
1790660576,false,2702/2702/2702/2702,2702/2702/2702/2702,7c27f9bc/7c27f9bc/7c27f9bc/7c27f9bc,0/0/0/0,4/4/4/4,532/531/527/526/2089/266,254/254/254/254,connected
1790660591,false,2702/2702/2702/2702,2702/2702/2702/2702,7c27f9bc/7c27f9bc/7c27f9bc/7c27f9bc,0/0/0/0,4/4/4/4,532/531/527/526/2089/266,254/254/254/254,connected
1790660606,false,2704/2704/2704/2704,2704/2704/2704/2704,4a0cbf8a/4a0cbf8a/4a0cbf8a/4a0cbf8a,0/0/0/0,4/4/4/4,532/531/527/526/2089/266,241/241/241/241,connected
1790660621,false,2706/2706/2706/2706,2706/2706/2706/2706,8b02b28a/8b02b28a/8b02b28a/8b02b28a,0/0/0/1,4/4/4/4,532/531/527/526/2089/266,246/246/246/246,connected
1790660637,false,2708/2707/2707/2707,2708/2707/2707/2707,d7211701/961847ff/d228f73c/961847ff,0/0/0/0,4/4/4/4,532/531/527/526/2089/266,245/248/248/248,connected
1790660651,false,2711/2711/2711/2711,2711/2711/2711/2711,dd2f2538/dd2f2538/dd2f2538/dd2f2538,0/0/0/0,4/4/4/4,532/531/527/526/2088/266,252/252/252/252,connected
1790660667,false,2713/2713/2713/2713,2713/2713/2713/2713,5699b6c2/5699b6c2/5699b6c2/5699b6c2,0/0/0/0,4/4/4/4,534/531/529/526/2089/266,256/256/256/256,connected
1790660681,false,2715/2715/2715/2715,2715/2715/2715/2715,59dba8e8/59dba8e8/59dba8e8/59dba8e8,0/0/0/1,4/4/4/4,532/531/527/526/2089/266,262/262/262/262,connected
1790660697,false,2718/2717/2717/2717,2718/2717/2717/2717,85841db8/ab838777/ab838777/ab838777,0/0/0/0,4/4/4/4,532/531/527/526/2089/266,268/266/266/266,connected
1790660712,false,2722/2721/2721/2721,2722/2721/2721/2721,c9e6ce2b/376c1002/376c1002/376c1002,0/0/0/1,4/4/4/4,532/531/527/526/2085/266,278/275/275/275,connected
1790660726,false,2723/2723/2723/2723,2723/2723/2723/2723,51e954cb/51e954cb/51e954cb/51e954cb,1/1/1/1,4/4/4/4,532/531/527/526/2089/266,282/282/282/282,connected
1790660742,false,2726/2726/2726/2726,2726/2726/2726/2726,09235566/09235566/09235566/09235566,0/0/0/0,4/4/4/4,532/531/527/526/2089/266,292/292/292/292,connected
1790660757,false,2727/2727/2727/2727,2727/2727/2727/2727,fe9400cb/fe9400cb/fe9400cb/fe9400cb,1/1/1/1,4/4/4/4,532/531/527/526/2089/266,295/295/295/295,connected
1790660772,false,2727/2727/2727/2727,2727/2727/2727/2727,fe9400cb/fe9400cb/fe9400cb/fe9400cb,2/2/2/2,4/4/4/4,532/531/527/526/2089/266,295/295/295/295,connected
1790660787,false,2728/2728/2728/2728,2728/2728/2728/2728,5911fa3a/5911fa3a/5911fa3a/5911fa3a,0/0/0/0,4/4/4/4,532/531/527/526/2089/266,298/298/298/298,connected
1790660802,false,2729/2729/2729/2729,2729/2729/2729/2729,55537dd0/55537dd0/55537dd0/55537dd0,0/0/0/0,4/4/4/4,532/531/527/526/2089/266,278/278/278/278,connected
1790660818,false,2730/2729/2729/2729,2730/2729/2729/2729,c8465233/55537dd0/55537dd0/55537dd0,2/1/2/2,4/4/4/4,532/531/527/526/2089/266,276/278/278/278,connected
1790660833,false,2732/2732/2732/2732,2732/2732/2732/2732,fbad5d92/fbad5d92/fbad5d92/fbad5d92,1/1/1/1,4/4/4/4,532/531/527/526/2089/266,274/274/274/274,connected
1790660848,false,2733/2733/2733/2733,2733/2733/2733/2733,dff4f8d6/dff4f8d6/dff4f8d6/dff4f8d6,0/0/0/0,4/4/4/4,534/531/527/526/2089/266,278/278/278/278,connected
1790660863,false,2735/2735/2735/2735,2735/2735/2735/2735,2e0bfaaf/2e0bfaaf/2e0bfaaf/2e0bfaaf,1/1/1/1,4/4/4/4,532/531/527/526/2089/266,275/275/275/275,connected
1790660878,false,2736/2736/2736/2736,2736/2736/2736/2736,29df16b7/29df16b7/29df16b7/29df16b7,2/2/2/2,4/4/4/4,532/531/527/526/2089/266,278/278/278/278,connected
1790660893,false,2737/2737/2737/2737,2737/2737/2737/2737,dad444b4/dad444b4/dad444b4/dad444b4,0/0/0/0,4/4/4/4,532/532/527/527/2089/266,278/278/278/278,connected
1790660908,false,2738/2738/2738/2738,2738/2738/2738/2738,7b959f72/7b959f72/7b959f72/7b959f72,0/0/0/0,4/4/4/4,532/532/527/527/2089/266,273/273/273/273,connected
1790660923,false,2739/2739/2739/2739,2739/2739/2739/2739,fc859dab/fc859dab/fc859dab/fc859dab,0/0/0/0,4/4/4/4,532/532/527/527/2089/266,266/266/266/266,connected
1790660938,false,2740/2740/2740/2740,2740/2740/2740/2740,f9ef2089/f9ef2089/f9ef2089/f9ef2089,0/0/0/0,4/4/4/4,532/532/527/527/2089/266,266/266/266/266,connected
1790660953,false,2740/2740/2740/2740,2740/2740/2740/2740,f9ef2089/f9ef2089/f9ef2089/f9ef2089,3/3/3/3,4/4/4/4,532/532/527/527/2089/266,266/266/266/266,connected
1790660968,false,2742/2742/2742/2742,2742/2742/2742/2742,bb2bb519/bb2bb519/bb2bb519/bb2bb519,0/0/0/0,4/4/4/4,532/532/527/527/2089/266,251/251/251/251,connected
1790660985,false,2744/2744/2745/2744,2744/2744/2745/2744,c8580cb5/c8580cb5/5c25a3f5/c8580cb5,2/2/0/2,4/4/4/4,534/532/527/527/2089/266,256/256/259/256,connected
1790660998,false,2745/2745/2745/2745,2745/2745/2745/2745,914addee/5c25a3f5/5c25a3f5/5c25a3f5,1/1/1/1,4/4/4/4,532/532/527/527/2089/266,259/259/259/259,connected
1790661014,false,2746/2746/2746/2746,2746/2746/2746/2746,fcdfa3ac/fcdfa3ac/fcdfa3ac/fcdfa3ac,1/1/0/0,4/4/4/4,532/532/527/527/2089/266,259/259/259/259,connected
1790661029,false,2746/2746/2746/2746,2746/2746/2746/2746,fcdfa3ac/fcdfa3ac/fcdfa3ac/fcdfa3ac,1/1/1/1,4/4/4/4,532/532/527/527/2089/266,259/259/259/259,connected
1790661044,false,2746/2746/2746/2746,2746/2746/2746/2746,fcdfa3ac/fcdfa3ac/fcdfa3ac/fcdfa3ac,2/2/2/2,4/4/4/4,532/532/527/527/2085/266,259/259/259/259,connected
1790661059,false,2749/2749/2749/2749,2749/2749/2749/2749,262da6d5/262da6d5/262da6d5/262da6d5,0/0/0/0,4/4/4/4,532/532/527/527/2089/266,237/237/237/237,connected
1790661074,false,2752/2752/2752/2752,2752/2752/2752/2752,42b02947/42b02947/42b02947/42b02947,1/1/1/0,4/4/4/4,532/532/527/527/2089/266,243/243/243/243,connected
1790661089,false,2754/2754/2754/2754,2754/2754/2754/2754,db344e3e/db344e3e/db344e3e/db344e3e,0/0/0/0,4/4/4/4,532/532/527/527/2089/266,249/249/249/249,connected
1790661104,false,2755/2755/2755/2755,2755/2755/2755/2755,a9f913ad/a9f913ad/a9f913ad/a9f913ad,0/0/0/0,4/4/4/4,532/532/527/527/2089/266,249/249/249/249,connected
1790661119,false,2757/2757/2757/2757,2757/2757/2757/2757,9ae84cb9/9ae84cb9/9ae84cb9/9ae84cb9,1/1/1/1,4/4/4/4,532/532/527/527/2089/266,250/250/250/250,connected
1790661134,false,2758/2758/2758/2758,2758/2758/2758/2758,6b3091a8/6b3091a8/6b3091a8/6b3091a8,0/1/0/0,4/4/4/4,532/532/527/527/2089/266,252/252/252/252,connected
1790661150,false,2762/2762/2762/2762,2762/2762/2762/2762,920e9ff0/920e9ff0/920e9ff0/920e9ff0,0/0/0/0,4/4/4/4,532/532/527/527/2089/266,258/258/258/258,connected
1790661165,false,2766/2765/2765/2765,2766/2766/2766/2765,2c5cd563/3aadd9fb/3aadd9fb/3aadd9fb,0/0/0/0,4/4/4/4,532/532/527/527/2089/266,273/269/269/269,connected
1790661180,false,2766/2766/2766/2766,2766/2766/2766/2766,2c5cd563/2c5cd563/2c5cd563/2c5cd563,1/1/1/1,4/4/4/4,532/531/527/527/2089/266,273/273/273/273,connected
1790661195,false,2766/2766/2766/2766,2766/2766/2766/2766,2c5cd563/2c5cd563/2c5cd563/2c5cd563,1/1/1/1,4/4/4/4,532/531/527/527/2089/266,273/273/273/273,connected
1790661210,false,2768/2767/2767/2767,2768/2767/2767/2767,f353463b/f42952c3/f42952c3/f42952c3,0/0/0/0,4/4/4/4,532/531/527/527/2089/266,258/276/276/276,connected
1790661225,false,2769/2769/2769/2769,2769/2769/2769/2769,b5bb9c2f/b5bb9c2f/b5bb9c2f/b5bb9c2f,1/1/1/1,4/4/4/4,532/531/527/527/2089/266,261/261/261/261,connected
1790661240,false,2771/2771/2771/2771,2771/2771/2771/2771,f1f5574c/f1f5574c/f1f5574c/f1f5574c,1/1/1/1,4/4/4/4,532/532/527/527/2089/266,260/260/260/260,connected
1790661255,false,2773/2773/2773/2773,2773/2773/2773/2773,5ea4127f/5ea4127f/5ea4127f/5ea4127f,1/1/1/1,4/4/4/4,533/532/527/527/2089/266,264/264/264/264,connected
1790661270,false,2775/2775/2775/2775,2775/2775/2775/2775,830cd90e/830cd90e/830cd90e/830cd90e,0/0/0/0,4/4/4/4,533/532/527/527/2089/266,268/268/268/268,connected
1790661286,false,2778/2777/2777/2777,2778/2777/2777/2777,f6b86d48/03c052fc/03c052fc/03c052fc,0/0/0/0,4/4/4/4,533/532/527/527/2089/266,276/273/273/273,connected
1790661301,false,2778/2778/2778/2778,2778/2778/2778/2778,f6b86d48/f6b86d48/f6b86d48/f6b86d48,1/1/1/1,4/4/4/4,535/532/527/527/2085/266,276/276/276/276,connected
1790661316,false,2781/2781/2781/2781,2781/2781/2781/2781,0887b68e/0887b68e/0887b68e/0887b68e,0/0/0/0,4/4/4/4,533/532/527/527/2089/266,278/278/278/278,connected
1790661331,false,2784/2784/2784/2784,2784/2784/2784/2784,e52607ba/e52607ba/e52607ba/e52607ba,0/0/0/0,4/4/4/4,533/532/527/527/2089/266,287/287/287/287,connected
1790661346,false,2787/2787/2786/2787,2787/2787/2787/2787,c1a3d7fd/c1a3d7fd/714cd8b8/c1a3d7fd,0/0/1/0,4/4/4/4,533/532/527/527/2089/266,299/299/295/299,connected
1790661361,false,2787/2787/2787/2787,2787/2787/2787/2787,c1a3d7fd/c1a3d7fd/c1a3d7fd/c1a3d7fd,1/1/1/1,4/4/4/4,533/532/527/527/2089/266,299/299/299/299,connected
1790661376,false,2787/2787/2787/2787,2787/2787/2787/2787,c1a3d7fd/c1a3d7fd/c1a3d7fd/c1a3d7fd,2/2/2/2,4/4/4/4,533/532/527/527/2089/266,299/299/299/299,connected
1790661392,false,2788/2787/2787/2787,2788/2787/2787/2787,f67fe6f0/c1a3d7fd/c1a3d7fd/c1a3d7fd,0/2/2/2,4/4/4/4,533/532/527/527/2089/266,304/299/299/299,connected
1790661406,false,2789/2789/2789/2789,2789/2789/2789/2789,bd38f90e/bd38f90e/bd38f90e/bd38f90e,0/0/0/0,4/4/4/4,533/532/527/527/2089/266,277/277/277/277,connected
1790661421,false,2790/2790/2790/2790,2790/2790/2790/2790,2484dc9a/2484dc9a/2484dc9a/2484dc9a,0/0/0/0,4/4/4/4,533/532/527/527/2089/266,277/277/277/277,connected
1790661437,false,2792/2792/2792/2792,2792/2792/2792/2792,0b734ee3/0b734ee3/0b734ee3/0b734ee3,0/1/0/1,4/4/4/4,533/532/527/527/2089/266,271/271/271/271,connected
1790661452,false,2794/2794/2794/2794,2794/2794/2794/2794,732d1b07/732d1b07/732d1b07/732d1b07,0/0/0/0,4/4/4/4,533/532/527/527/2089/266,274/274/274/274,connected
1790661468,false,2797/2796/2796/2796,2797/2796/2796/2796,7027ec15/4fd5662c/4fd5662c/4fd5662c,0/0/0/0,4/4/4/4,533/532/527/527/2089/266,279/275/275/275,connected
1790661482,false,2799/2798/2798/2798,2799/2798/2798/2798,a00660bb/e6030a16/e6030a16/e6030a16,0/1/1/1,4/4/4/4,532/531/526/526/2089/266,287/283/283/283,connected
1790661497,false,2801/2801/2801/2801,2801/2801/2801/2801,45ff353a/45ff353a/45ff353a/45ff353a,0/0/0/0,4/4/4/4,532/531/526/526/2089/266,293/293/293/293,connected
1790661512,false,2804/2804/2804/2804,2804/2804/2804/2804,9826ef64/9826ef64/9826ef64/9826ef64,0/0/0/0,4/4/4/4,532/531/526/526/2089/266,305/305/305/305,connected
1790661535,false,2804/2804/2804/2804,2804/2804/2804/2804,9826ef64/9826ef64/9826ef64/9826ef64,2/2/2/2,4/4/4/4,532/531/526/526/2089/266,305/305/305/305,connected
1790661551,false,2804/2804/2804/2804,2804/2804/2804/2804,9826ef64/9826ef64/9826ef64/9826ef64,3/3/3/3,4/4/4/4,532/531/526/526/2089/266,305/305/305/305,connected
1790661560,false,2805/2805/2805/2805,2805/2805/2805/2805,8efa7f09/8efa7f09/8efa7f09/8efa7f09,1/1/1/1,4/4/4/4,532/531/527/526/2089/266,309/309/309/309,connected
1790661584,false,2806/2806/2806/2806,2806/2806/2806/2806,9c78aa98/9c78aa98/9c78aa98/9c78aa98,0/0/0/0,4/4/4/4,534/531/527/526/2089/266,282/282/282/282,connected
1790661590,false,2808/2808/2808/2808,2808/2808/2808/2808,a4af6c88/a4af6c88/a4af6c88/a4af6c88,1/1/1/0,4/4/4/4,532/531/527/526/2089/266,283/283/283/283,connected
1790661606,false,2808/2808/2808/2808,2808/2808/2808/2808,a4af6c88/a4af6c88/a4af6c88/a4af6c88,1/1/1/1,4/4/4/4,532/531/527/526/2089/266,283/283/283/283,connected
1790661630,false,2808/2808/2808/2808,2808/2808/2808/2808,a4af6c88/a4af6c88/a4af6c88/a4af6c88,2/2/2/2,4/4/4/4,532/531/527/526/2089/266,283/283/283/283,connected
1790661634,false,2808/2808/2808/2808,2808/2808/2808/2808,a4af6c88/a4af6c88/a4af6c88/a4af6c88,2/3/2/3,4/4/4/4,532/531/527/526/2087/266,283/283/283/283,connected
1790661658,false,2808/2808/2808/2808,2808/2808/2808/2808,a4af6c88/a4af6c88/a4af6c88/a4af6c88,3/3/3/3,4/4/4/4,532/531/527/527/2089/266,283/283/283/283,connected
1790661665,false,2809/2809/2809/2809,2809/2809/2809/2809,313deb65/313deb65/313deb65/313deb65,0/1/1/1,4/4/4/4,532/531/527/527/2089/266,283/283/283/283,connected
1790661678,false,2809/2809/2809/2809,2809/2809/2809/2809,313deb65/313deb65/313deb65/313deb65,1/1/1/1,4/4/4/4,532/531/527/527/2089/266,283/283/283/283,connected
1790661694,false,2812/2812/2812/2812,2812/2812/2812/2812,0282a472/0282a472/0282a472/0282a472,0/0/0/0,4/4/4/4,532/531/527/527/2088/266,239/239/239/239,connected
1790661709,false,2813/2813/2813/2813,2813/2813/2813/2813,5ad7f64a/5ad7f64a/5ad7f64a/5ad7f64a,0/0/0/0,4/4/4/4,532/531/527/527/2088/266,242/242/242/242,connected
1790661724,false,2814/2814/2814/2814,2814/2814/2814/2814,1fa617ee/1fa617ee/1fa617ee/1fa617ee,1/1/1/1,4/4/4/4,532/531/527/527/2086/266,243/243/243/243,connected
1790661739,false,2818/2818/2818/2818,2818/2818/2818/2818,4dbfd5f8/4dbfd5f8/4dbfd5f8/4dbfd5f8,0/0/0/0,4/4/4/4,534/532/527/527/2088/266,246/246/246/246,connected
1790661754,false,2820/2820/2820/2820,2820/2820/2820/2820,fc4bf007/fc4bf007/fc4bf007/fc4bf007,0/0/0/0,4/4/4/4,532/532/527/527/2088/266,252/252/252/252,connected
1790661769,false,2821/2821/2821/2821,2821/2821/2821/2821,1ffcacf6/1ffcacf6/1ffcacf6/1ffcacf6,0/0/0/0,4/4/4/4,532/532/527/527/2089/266,256/256/256/256,connected
1790661784,false,2825/2825/2825/2825,2825/2825/2825/2825,4b915975/4b915975/4b915975/4b915975,1/1/1/1,4/4/4/4,532/531/527/526/2089/265,261/261/261/261,connected
1790661807,false,2826/2826/2826/2826,2826/2826/2826/2826,f6b6dde0/f6b6dde0/f6b6dde0/f6b6dde0,0/0/0/0,4/4/4/4,532/531/527/526/2088/265,265/265/265/265,connected
1790661827,false,2826/2826/2826/2826,2826/2826/2826/2826,f6b6dde0/f6b6dde0/f6b6dde0/f6b6dde0,1/1/1/1,4/4/4/4,532/531/527/526/2089/265,265/265/265/265,connected
1790661839,false,2827/2827/2827/2827,2827/2827/2827/2827,a438ff63/a438ff63/a438ff63/a438ff63,0/1/0/1,4/4/4/4,532/531/527/526/2089/265,268/268/268/268,connected
1790661845,false,2827/2827/2827/2827,2827/2827/2827/2827,a438ff63/a438ff63/a438ff63/a438ff63,1/1/1/1,4/4/4/4,532/531/527/526/2089/265,268/268/268/268,connected
1790661872,false,2829/2829/2829/2829,2829/2829/2829/2829,dc3b4d9d/dc3b4d9d/dc3b4d9d/dc3b4d9d,1/1/1/1,4/4/4/4,532/531/527/526/2088/265,246/246/246/246,connected
1790661878,false,2829/2829/2829/2829,2829/2829/2829/2829,dc3b4d9d/dc3b4d9d/dc3b4d9d/dc3b4d9d,1/2/1/1,4/4/4/4,532/531/527/526/2088/265,246/246/246/246,connected
1790661903,false,2829/2829/2829/2829,2829/2829/2829/2829,dc3b4d9d/dc3b4d9d/dc3b4d9d/dc3b4d9d,2/2/2/2,4/4/4/4,532/531/527/526/2088/265,246/246/246/246,connected
1790661907,false,2829/2829/2829/2829,2829/2829/2829/2829,dc3b4d9d/dc3b4d9d/dc3b4d9d/dc3b4d9d,2/3/3/2,4/4/4/4,532/531/527/526/2088/265,246/246/246/246,connected
1790661934,false,2829/2829/2829/2829,2829/2829/2829/2829,dc3b4d9d/dc3b4d9d/dc3b4d9d/dc3b4d9d,3/3/3/3,4/4/4/4,532/531/527/526/2084/265,246/246/246/246,connected
1790661953,false,2830/2830/2830/2830,2830/2830/2830/2830,76346fae/76346fae/76346fae/76346fae,1/0/0/0,4/4/4/4,532/531/527/526/2088/265,249/249/249/249,connected
1790661959,false,2830/2830/2830/2830,2830/2830/2830/2830,76346fae/76346fae/76346fae/76346fae,1/1/1/1,4/4/4/4,532/531/527/526/2088/265,249/249/249/249,connected
1790661973,false,2832/2832/2832/2832,2832/2832/2832/2832,46fdfc23/46fdfc23/46fdfc23/46fdfc23,0/0/0/0,4/4/4/4,532/531/527/527/2089/265,211/211/211/211,connected
1790662005,false,2833/2833/2833/2833,2833/2833/2833/2833,523b4828/523b4828/523b4828/523b4828,1/1/1/1,4/4/4/4,394/385/400/497/2084/266,213/213/213/213,connected
