[2026-09-29T21:31:05.997Z INFO  blacksilk_node] blacksilk-node 0.1.0 commit 64d89d4a17e8abaa060c1146ea30a492c373f1c9
[2026-09-29T21:31:05.997Z INFO  blacksilk_node] regtest: genesis 087d6fd4efbc45eb0a895dd0680a7fd305208cae239b1b4275d7148b29a569b7, consensus fingerprint 5fb8ef8f74efa7631e2d9aa5f809fc0d9ab9273fdc54d45e5aad73f889c5e72b
[2026-09-29T21:31:05.997Z INFO  blacksilk_node] regtest: loading C:/bszkeval/w4-lab-scratch/run2\node1
[2026-09-29T21:31:06.009Z INFO  blacksilk_node] chain loaded in 12.1ms: height 0, tip 087d6fd4efbc45eb
[2026-09-29T21:31:06.012Z INFO  blacksilk_node] P2P listening on 127.0.0.1:52021
[2026-09-29T21:31:06.012Z INFO  blacksilk_node] RPC listening on http://127.0.0.1:52020
[2026-09-29T21:31:06.023Z WARN  blacksilk_node::cookie] the data directory C:/bszkeval/w4-lab-scratch/run2\node1 is outside your user profile: on Windows the RPC cookie is protected only by that directory's permissions; make sure other users cannot read it
[2026-09-29T21:31:06.024Z INFO  blacksilk_node::serve] RPC credential written to C:/bszkeval/w4-lab-scratch/run2\node1\rpc.cookie (clients read it: --rpc-cookie)
[2026-09-29T21:31:06.385Z INFO  blacksilk_p2p::net::conn] connected inbound peer 127.0.0.1:10634 (height 0)
[2026-09-29T21:31:06.389Z INFO  blacksilk_p2p::net::conn] connected inbound peer 127.0.0.1:10636 (height 0)
[2026-09-29T21:31:06.416Z INFO  blacksilk_p2p::net::conn] connected outbound peer 127.0.0.1:54043 (height 0)
[2026-09-29T21:31:06.416Z DEBUG blacksilk_p2p::net::addr_relay] peer 3: addr with 1 entries
[2026-09-29T21:31:06.416Z INFO  blacksilk_p2p::net::conn] connected outbound peer 127.0.0.1:54042 (height 0)
[2026-09-29T21:31:06.426Z DEBUG blacksilk_p2p::net::addr_relay] peer 4: addr with 1 entries
[2026-09-29T21:31:06.442Z DEBUG blacksilk_p2p::net::addr_relay] peer 1: getaddr answered with 4 addresses
[2026-09-29T21:31:06.442Z DEBUG blacksilk_p2p::net::addr_relay] peer 1: addr with 1 entries
[2026-09-29T21:31:06.453Z DEBUG blacksilk_p2p::net::addr_relay] peer 2: getaddr answered with 4 addresses
[2026-09-29T21:31:06.453Z DEBUG blacksilk_p2p::net::addr_relay] peer 2: addr with 1 entries
[2026-09-29T21:31:06.475Z DEBUG blacksilk_p2p::net::addr_relay] peer 1: addr with 1 entries
[2026-09-29T21:31:06.475Z DEBUG blacksilk_p2p::net::addr_relay] peer 127.0.0.1:10634: 1 addresses over the rate limit dropped
[2026-09-29T21:31:06.475Z DEBUG blacksilk_p2p::net::addr_relay] peer 1: addr with 1 entries
[2026-09-29T21:31:06.475Z DEBUG blacksilk_p2p::net::addr_relay] peer 127.0.0.1:10634: 1 addresses over the rate limit dropped
[2026-09-29T21:31:06.475Z DEBUG blacksilk_p2p::net::addr_relay] peer 4: addr with 4 entries
[2026-09-29T21:31:06.475Z DEBUG blacksilk_p2p::net::addr_relay] peer 3: addr with 4 entries
[2026-09-29T21:31:06.475Z DEBUG blacksilk_p2p::net::addr_relay] peer 3: addr with 1 entries
[2026-09-29T21:31:06.500Z DEBUG blacksilk_p2p::net::addr_relay] peer 2: addr with 1 entries
[2026-09-29T21:31:06.500Z DEBUG blacksilk_p2p::net::addr_relay] peer 127.0.0.1:10636: 1 addresses over the rate limit dropped
[2026-09-29T21:31:06.500Z DEBUG blacksilk_p2p::net::addr_relay] peer 4: addr with 1 entries
[2026-09-29T21:31:09.348Z INFO  blacksilk_chain::manager::template] caught up at height 0: block templates are served from now on
[2026-09-29T21:31:09.348Z DEBUG blacksilk_p2p::net::headers] peer 2: 1 headers up to height 1 accepted (new: true)
[2026-09-29T21:31:09.412Z DEBUG blacksilk_p2p::net::blocks] peer 2: block 3f083ee786d5 at height 1 received
[2026-09-29T21:31:09.483Z DEBUG blacksilk_p2p::net::headers] peer 4: 1 headers up to height 1 accepted (new: false)
[2026-09-29T21:31:09.516Z DEBUG blacksilk_p2p::net::headers] peer 1: 1 headers up to height 1 accepted (new: false)
[2026-09-29T21:31:09.516Z DEBUG blacksilk_p2p::net::headers] peer 3: 1 headers up to height 1 accepted (new: false)
[2026-09-29T21:31:10.394Z DEBUG blacksilk_p2p::net::headers] peer 2: 1 headers up to height 2 accepted (new: true)
[2026-09-29T21:31:10.464Z DEBUG blacksilk_p2p::net::blocks] peer 2: block 16bb0cd9c935 at height 2 received
[2026-09-29T21:31:10.548Z DEBUG blacksilk_p2p::net::headers] peer 4: 1 headers up to height 2 accepted (new: false)
[2026-09-29T21:31:10.548Z DEBUG blacksilk_p2p::net::headers] peer 3: 1 headers up to height 2 accepted (new: false)
[2026-09-29T21:31:10.581Z DEBUG blacksilk_p2p::net::headers] peer 1: 1 headers up to height 2 accepted (new: false)
[2026-09-29T21:31:11.695Z DEBUG blacksilk_p2p::net::headers] peer 2: 1 headers up to height 3 accepted (new: true)
[2026-09-29T21:31:11.743Z DEBUG blacksilk_p2p::net::blocks] peer 2: block 76d73e5b879d at height 3 received
[2026-09-29T21:31:11.848Z DEBUG blacksilk_p2p::net::headers] peer 4: 1 headers up to height 3 accepted (new: false)
[2026-09-29T21:31:11.848Z DEBUG blacksilk_p2p::net::headers] peer 3: 1 headers up to height 3 accepted (new: false)
[2026-09-29T21:31:11.893Z DEBUG blacksilk_p2p::net::headers] peer 1: 1 headers up to height 3 accepted (new: false)
[2026-09-29T21:31:12.696Z DEBUG blacksilk_p2p::net::headers] peer 2: 1 headers up to height 4 accepted (new: true)
[2026-09-29T21:31:12.754Z DEBUG blacksilk_p2p::net::blocks] peer 2: block 528400351317 at height 4 received
[2026-09-29T21:31:12.896Z DEBUG blacksilk_p2p::net::headers] peer 4: 1 headers up to height 4 accepted (new: false)
[2026-09-29T21:31:12.896Z DEBUG blacksilk_p2p::net::headers] peer 3: 1 headers up to height 4 accepted (new: false)
[2026-09-29T21:31:12.927Z DEBUG blacksilk_p2p::net::headers] peer 1: 1 headers up to height 4 accepted (new: false)
[2026-09-29T21:31:14.051Z DEBUG blacksilk_p2p::net::headers] peer 2: 1 headers up to height 5 accepted (new: true)
[2026-09-29T21:31:14.124Z DEBUG blacksilk_p2p::net::blocks] peer 2: block 2ed378073bee at height 5 received
[2026-09-29T21:31:14.186Z DEBUG blacksilk_p2p::net::headers] peer 4: 1 headers up to height 5 accepted (new: false)
[2026-09-29T21:31:14.186Z DEBUG blacksilk_p2p::net::headers] peer 3: 1 headers up to height 5 accepted (new: false)
[2026-09-29T21:31:15.060Z DEBUG blacksilk_p2p::net::headers] peer 2: 1 headers up to height 6 accepted (new: true)
[2026-09-29T21:31:15.132Z DEBUG blacksilk_p2p::net::blocks] peer 2: block 015c7c834f5a at height 6 received
[2026-09-29T21:31:15.254Z DEBUG blacksilk_p2p::net::headers] peer 4: 1 headers up to height 6 accepted (new: false)
[2026-09-29T21:31:15.254Z DEBUG blacksilk_p2p::net::headers] peer 3: 1 headers up to height 6 accepted (new: false)
[2026-09-29T21:31:15.287Z DEBUG blacksilk_p2p::net::headers] peer 1: 1 headers up to height 6 accepted (new: false)
[2026-09-29T21:31:16.114Z DEBUG blacksilk_p2p::net::headers] peer 2: 1 headers up to height 7 accepted (new: true)
[2026-09-29T21:31:16.187Z DEBUG blacksilk_p2p::net::blocks] peer 2: block e09057d018ad at height 7 received
[2026-09-29T21:31:16.289Z DEBUG blacksilk_p2p::net::headers] peer 4: 1 headers up to height 7 accepted (new: false)
[2026-09-29T21:31:16.289Z DEBUG blacksilk_p2p::net::headers] peer 3: 1 headers up to height 7 accepted (new: false)
[2026-09-29T21:31:17.409Z DEBUG blacksilk_p2p::net::headers] peer 2: 1 headers up to height 8 accepted (new: true)
[2026-09-29T21:31:17.475Z DEBUG blacksilk_p2p::net::blocks] peer 2: block 41c5bb406dea at height 8 received
[2026-09-29T21:31:17.576Z DEBUG blacksilk_p2p::net::headers] peer 3: 1 headers up to height 8 accepted (new: false)
[2026-09-29T21:31:17.620Z DEBUG blacksilk_p2p::net::headers] peer 4: 1 headers up to height 8 accepted (new: false)
[2026-09-29T21:31:17.620Z DEBUG blacksilk_p2p::net::headers] peer 1: 1 headers up to height 8 accepted (new: false)
[2026-09-29T21:31:18.701Z DEBUG blacksilk_p2p::net::headers] peer 2: 1 headers up to height 9 accepted (new: true)
[2026-09-29T21:31:18.755Z DEBUG blacksilk_p2p::net::blocks] peer 2: block 1315ac056965 at height 9 received
[2026-09-29T21:31:18.898Z DEBUG blacksilk_p2p::net::headers] peer 3: 1 headers up to height 9 accepted (new: false)
[2026-09-29T21:31:18.912Z DEBUG blacksilk_p2p::net::headers] peer 1: 1 headers up to height 9 accepted (new: false)
[2026-09-29T21:31:18.912Z DEBUG blacksilk_p2p::net::headers] peer 4: 1 headers up to height 9 accepted (new: false)
[2026-09-29T21:31:19.765Z DEBUG blacksilk_p2p::net::headers] peer 2: 1 headers up to height 10 accepted (new: true)
[2026-09-29T21:31:19.833Z DEBUG blacksilk_p2p::net::blocks] peer 2: block 37ea14d00e66 at height 10 received
[2026-09-29T21:31:19.932Z DEBUG blacksilk_p2p::net::headers] peer 3: 1 headers up to height 10 accepted (new: false)
[2026-09-29T21:31:19.932Z DEBUG blacksilk_p2p::net::headers] peer 4: 1 headers up to height 10 accepted (new: false)
[2026-09-29T21:31:19.948Z DEBUG blacksilk_p2p::net::headers] peer 1: 1 headers up to height 10 accepted (new: false)
[2026-09-29T21:31:20.801Z DEBUG blacksilk_p2p::net::headers] peer 2: 1 headers up to height 11 accepted (new: true)
[2026-09-29T21:31:20.867Z DEBUG blacksilk_p2p::net::blocks] peer 2: block b2fb3b25329e at height 11 received
[2026-09-29T21:31:20.950Z DEBUG blacksilk_p2p::net::headers] peer 3: 1 headers up to height 11 accepted (new: false)
[2026-09-29T21:31:20.950Z DEBUG blacksilk_p2p::net::headers] peer 4: 1 headers up to height 11 accepted (new: false)
[2026-09-29T21:31:20.981Z DEBUG blacksilk_p2p::net::headers] peer 1: 1 headers up to height 11 accepted (new: false)
[2026-09-29T21:31:22.114Z DEBUG blacksilk_p2p::net::headers] peer 2: 1 headers up to height 12 accepted (new: true)
[2026-09-29T21:31:22.181Z DEBUG blacksilk_p2p::net::blocks] peer 2: block 6cbb1ad767fb at height 12 received
[2026-09-29T21:31:22.250Z DEBUG blacksilk_p2p::net::headers] peer 3: 1 headers up to height 12 accepted (new: false)
[2026-09-29T21:31:22.269Z DEBUG blacksilk_p2p::net::headers] peer 1: 1 headers up to height 12 accepted (new: false)
[2026-09-29T21:31:23.102Z DEBUG blacksilk_p2p::net::headers] peer 2: 1 headers up to height 13 accepted (new: true)
[2026-09-29T21:31:23.168Z DEBUG blacksilk_p2p::net::blocks] peer 2: block 76b9e690f08e at height 13 received
[2026-09-29T21:31:23.304Z DEBUG blacksilk_p2p::net::headers] peer 1: 1 headers up to height 13 accepted (new: false)
[2026-09-29T21:31:23.304Z DEBUG blacksilk_p2p::net::headers] peer 3: 1 headers up to height 13 accepted (new: false)
[2026-09-29T21:31:23.304Z DEBUG blacksilk_p2p::net::headers] peer 4: 1 headers up to height 13 accepted (new: false)
[2026-09-29T21:31:24.530Z DEBUG blacksilk_p2p::net::headers] peer 2: 1 headers up to height 14 accepted (new: true)
[2026-09-29T21:31:24.603Z DEBUG blacksilk_p2p::net::blocks] peer 2: block cc6c00b65ef1 at height 14 received
[2026-09-29T21:31:24.855Z DEBUG blacksilk_p2p::net::headers] peer 4: 1 headers up to height 14 accepted (new: false)
[2026-09-29T21:31:24.855Z DEBUG blacksilk_p2p::net::headers] peer 1: 1 headers up to height 14 accepted (new: false)
[2026-09-29T21:31:24.855Z DEBUG blacksilk_p2p::net::headers] peer 3: 1 headers up to height 14 accepted (new: false)
[2026-09-29T21:31:25.708Z DEBUG blacksilk_p2p::net::headers] peer 2: 1 headers up to height 15 accepted (new: true)
[2026-09-29T21:31:25.767Z DEBUG blacksilk_p2p::net::blocks] peer 2: block 34104a54d76d at height 15 received
[2026-09-29T21:31:25.879Z DEBUG blacksilk_p2p::net::headers] peer 1: 1 headers up to height 15 accepted (new: false)
[2026-09-29T21:31:25.880Z DEBUG blacksilk_p2p::net::headers] peer 3: 1 headers up to height 15 accepted (new: false)
[2026-09-29T21:31:25.895Z DEBUG blacksilk_p2p::net::headers] peer 4: 1 headers up to height 15 accepted (new: false)
[2026-09-29T21:31:27.022Z DEBUG blacksilk_p2p::net::headers] peer 2: 1 headers up to height 16 accepted (new: true)
[2026-09-29T21:31:27.075Z DEBUG blacksilk_p2p::net::blocks] peer 2: block afc0a4efd7d4 at height 16 received
[2026-09-29T21:31:27.176Z DEBUG blacksilk_p2p::net::headers] peer 4: 1 headers up to height 16 accepted (new: false)
[2026-09-29T21:31:27.176Z DEBUG blacksilk_p2p::net::headers] peer 1: 1 headers up to height 16 accepted (new: false)
[2026-09-29T21:31:27.192Z DEBUG blacksilk_p2p::net::headers] peer 3: 1 headers up to height 16 accepted (new: false)
[2026-09-29T21:31:28.111Z DEBUG blacksilk_p2p::net::headers] peer 2: 1 headers up to height 17 accepted (new: true)
[2026-09-29T21:31:28.183Z DEBUG blacksilk_p2p::net::blocks] peer 2: block b3d2883b5c77 at height 17 received
[2026-09-29T21:31:28.214Z DEBUG blacksilk_p2p::net::headers] peer 4: 1 headers up to height 17 accepted (new: false)
[2026-09-29T21:31:28.476Z DEBUG blacksilk_p2p::net::headers] peer 1: 1 headers up to height 17 accepted (new: false)
[2026-09-29T21:31:28.476Z DEBUG blacksilk_p2p::net::headers] peer 3: 1 headers up to height 17 accepted (new: false)
[2026-09-29T21:31:29.374Z DEBUG blacksilk_p2p::net::headers] peer 2: 1 headers up to height 18 accepted (new: true)
[2026-09-29T21:31:29.430Z DEBUG blacksilk_p2p::net::blocks] peer 2: block 44b44083cd75 at height 18 received
[2026-09-29T21:31:29.528Z DEBUG blacksilk_p2p::net::headers] peer 3: 1 headers up to height 18 accepted (new: false)
[2026-09-29T21:31:29.528Z DEBUG blacksilk_p2p::net::headers] peer 4: 1 headers up to height 18 accepted (new: false)
[2026-09-29T21:31:29.528Z DEBUG blacksilk_p2p::net::headers] peer 1: 1 headers up to height 18 accepted (new: false)
[2026-09-29T21:31:30.405Z DEBUG blacksilk_p2p::net::headers] peer 2: 1 headers up to height 19 accepted (new: true)
[2026-09-29T21:31:30.478Z DEBUG blacksilk_p2p::net::blocks] peer 2: block 05657a8f685e at height 19 received
[2026-09-29T21:31:30.580Z DEBUG blacksilk_p2p::net::headers] peer 3: 1 headers up to height 19 accepted (new: false)
[2026-09-29T21:31:30.580Z DEBUG blacksilk_p2p::net::headers] peer 1: 1 headers up to height 19 accepted (new: false)
[2026-09-29T21:31:30.580Z DEBUG blacksilk_p2p::net::headers] peer 4: 1 headers up to height 19 accepted (new: false)
[2026-09-29T21:31:31.393Z DEBUG blacksilk_p2p::net::headers] peer 2: 1 headers up to height 20 accepted (new: true)
[2026-09-29T21:31:31.458Z DEBUG blacksilk_p2p::net::blocks] peer 2: block d90bebcb1d8e at height 20 received
[2026-09-29T21:31:31.632Z DEBUG blacksilk_p2p::net::headers] peer 4: 1 headers up to height 20 accepted (new: false)
[2026-09-29T21:31:31.632Z DEBUG blacksilk_p2p::net::headers] peer 1: 1 headers up to height 20 accepted (new: false)
[2026-09-29T21:31:31.632Z DEBUG blacksilk_p2p::net::headers] peer 3: 1 headers up to height 20 accepted (new: false)
[2026-09-29T21:31:32.740Z DEBUG blacksilk_p2p::net::headers] peer 2: 1 headers up to height 21 accepted (new: true)
[2026-09-29T21:31:32.841Z DEBUG blacksilk_p2p::net::blocks] peer 2: block 4f39648cc9d7 at height 21 received
[2026-09-29T21:31:32.919Z DEBUG blacksilk_p2p::net::headers] peer 3: 1 headers up to height 21 accepted (new: false)
[2026-09-29T21:31:32.919Z DEBUG blacksilk_p2p::net::headers] peer 1: 1 headers up to height 21 accepted (new: false)
[2026-09-29T21:31:32.919Z DEBUG blacksilk_p2p::net::headers] peer 4: 1 headers up to height 21 accepted (new: false)
[2026-09-29T21:31:33.767Z DEBUG blacksilk_p2p::net::headers] peer 2: 1 headers up to height 22 accepted (new: true)
[2026-09-29T21:31:33.833Z DEBUG blacksilk_p2p::net::blocks] peer 2: block ab3e4b80212b at height 22 received
[2026-09-29T21:31:33.952Z DEBUG blacksilk_p2p::net::headers] peer 3: 1 headers up to height 22 accepted (new: false)
[2026-09-29T21:31:33.952Z DEBUG blacksilk_p2p::net::headers] peer 1: 1 headers up to height 22 accepted (new: false)
[2026-09-29T21:31:33.952Z DEBUG blacksilk_p2p::net::headers] peer 4: 1 headers up to height 22 accepted (new: false)
[2026-09-29T21:31:34.812Z DEBUG blacksilk_p2p::net::headers] peer 2: 1 headers up to height 23 accepted (new: true)
[2026-09-29T21:31:34.889Z DEBUG blacksilk_p2p::net::blocks] peer 2: block 89e362a27cdb at height 23 received
[2026-09-29T21:31:34.986Z DEBUG blacksilk_p2p::net::headers] peer 4: 1 headers up to height 23 accepted (new: false)
[2026-09-29T21:31:34.986Z DEBUG blacksilk_p2p::net::headers] peer 3: 1 headers up to height 23 accepted (new: false)
[2026-09-29T21:31:34.986Z DEBUG blacksilk_p2p::net::headers] peer 1: 1 headers up to height 23 accepted (new: false)
[2026-09-29T21:31:36.082Z DEBUG blacksilk_p2p::net::headers] peer 2: 1 headers up to height 24 accepted (new: true)
[2026-09-29T21:31:36.137Z DEBUG blacksilk_p2p::net::blocks] peer 2: block 63f979d1fe80 at height 24 received
[2026-09-29T21:31:36.302Z DEBUG blacksilk_p2p::net::headers] peer 3: 1 headers up to height 24 accepted (new: false)
[2026-09-29T21:31:36.303Z DEBUG blacksilk_p2p::net::headers] peer 1: 1 headers up to height 24 accepted (new: false)
[2026-09-29T21:31:36.318Z DEBUG blacksilk_p2p::net::headers] peer 4: 1 headers up to height 24 accepted (new: false)
[2026-09-29T21:31:37.128Z DEBUG blacksilk_p2p::net::headers] peer 2: 1 headers up to height 25 accepted (new: true)
[2026-09-29T21:31:37.192Z DEBUG blacksilk_p2p::net::blocks] peer 2: block 058e25075ed0 at height 25 received
[2026-09-29T21:31:37.330Z DEBUG blacksilk_p2p::net::headers] peer 1: 1 headers up to height 25 accepted (new: false)
[2026-09-29T21:31:37.330Z DEBUG blacksilk_p2p::net::headers] peer 3: 1 headers up to height 25 accepted (new: false)
[2026-09-29T21:31:37.366Z DEBUG blacksilk_p2p::net::headers] peer 4: 1 headers up to height 25 accepted (new: false)
[2026-09-29T21:31:38.431Z DEBUG blacksilk_p2p::net::headers] peer 2: 1 headers up to height 26 accepted (new: true)
[2026-09-29T21:31:38.491Z DEBUG blacksilk_p2p::net::blocks] peer 2: block f1ccfb84f83d at height 26 received
[2026-09-29T21:31:38.642Z DEBUG blacksilk_p2p::net::headers] peer 1: 1 headers up to height 26 accepted (new: false)
[2026-09-29T21:31:38.642Z DEBUG blacksilk_p2p::net::headers] peer 3: 1 headers up to height 26 accepted (new: false)
[2026-09-29T21:31:38.676Z DEBUG blacksilk_p2p::net::headers] peer 4: 1 headers up to height 26 accepted (new: false)
[2026-09-29T21:31:39.416Z DEBUG blacksilk_p2p::net::headers] peer 2: 1 headers up to height 27 accepted (new: true)
[2026-09-29T21:31:39.476Z DEBUG blacksilk_p2p::net::blocks] peer 2: block be0c5ece82ff at height 27 received
[2026-09-29T21:31:39.692Z DEBUG blacksilk_p2p::net::headers] peer 1: 1 headers up to height 27 accepted (new: false)
[2026-09-29T21:31:39.693Z DEBUG blacksilk_p2p::net::headers] peer 3: 1 headers up to height 27 accepted (new: false)
[2026-09-29T21:31:39.743Z DEBUG blacksilk_p2p::net::headers] peer 4: 1 headers up to height 27 accepted (new: false)
[2026-09-29T21:31:40.740Z DEBUG blacksilk_p2p::net::headers] peer 2: 1 headers up to height 28 accepted (new: true)
[2026-09-29T21:31:40.815Z DEBUG blacksilk_p2p::net::blocks] peer 2: block 83dea9de0e20 at height 28 received
[2026-09-29T21:31:41.002Z DEBUG blacksilk_p2p::net::headers] peer 3: 1 headers up to height 28 accepted (new: false)
[2026-09-29T21:31:41.002Z DEBUG blacksilk_p2p::net::headers] peer 1: 1 headers up to height 28 accepted (new: false)
[2026-09-29T21:31:41.034Z DEBUG blacksilk_p2p::net::headers] peer 4: 1 headers up to height 28 accepted (new: false)
[2026-09-29T21:31:41.766Z DEBUG blacksilk_p2p::net::headers] peer 2: 1 headers up to height 29 accepted (new: true)
[2026-09-29T21:31:41.833Z DEBUG blacksilk_p2p::net::blocks] peer 2: block 4baf122265d7 at height 29 received
[2026-09-29T21:31:42.030Z DEBUG blacksilk_p2p::net::headers] peer 1: 1 headers up to height 29 accepted (new: false)
[2026-09-29T21:31:42.030Z DEBUG blacksilk_p2p::net::headers] peer 3: 1 headers up to height 29 accepted (new: false)
[2026-09-29T21:31:42.099Z DEBUG blacksilk_p2p::net::headers] peer 4: 1 headers up to height 29 accepted (new: false)
[2026-09-29T21:31:43.040Z DEBUG blacksilk_p2p::net::headers] peer 2: 1 headers up to height 30 accepted (new: true)
[2026-09-29T21:31:43.098Z DEBUG blacksilk_p2p::net::blocks] peer 2: block ef44171e23fe at height 30 received
[2026-09-29T21:31:44.056Z DEBUG blacksilk_p2p::net::headers] peer 2: 1 headers up to height 31 accepted (new: true)
[2026-09-29T21:31:44.111Z DEBUG blacksilk_p2p::net::blocks] peer 2: block 53adb8ca6eb8 at height 31 received
[2026-09-29T21:31:45.380Z DEBUG blacksilk_p2p::net::headers] peer 2: 1 headers up to height 32 accepted (new: true)
[2026-09-29T21:31:45.453Z DEBUG blacksilk_p2p::net::blocks] peer 2: block c29e673eff61 at height 32 received
[2026-09-29T21:31:46.469Z DEBUG blacksilk_p2p::net::headers] peer 2: 1 headers up to height 33 accepted (new: true)
[2026-09-29T21:31:46.537Z DEBUG blacksilk_p2p::net::blocks] peer 2: block 5e44af928e4b at height 33 received
[2026-09-29T21:31:46.719Z DEBUG blacksilk_p2p::net::headers] peer 3: 1 headers up to height 33 accepted (new: false)
[2026-09-29T21:31:46.720Z DEBUG blacksilk_p2p::net::headers] peer 1: 1 headers up to height 33 accepted (new: false)
[2026-09-29T21:31:46.758Z DEBUG blacksilk_p2p::net::headers] peer 4: 1 headers up to height 33 accepted (new: false)
[2026-09-29T21:31:47.761Z DEBUG blacksilk_p2p::net::headers] peer 2: 1 headers up to height 34 accepted (new: true)
[2026-09-29T21:31:47.823Z DEBUG blacksilk_p2p::net::blocks] peer 2: block faf782c24501 at height 34 received
[2026-09-29T21:31:48.030Z DEBUG blacksilk_p2p::net::headers] peer 3: 1 headers up to height 34 accepted (new: false)
[2026-09-29T21:31:48.048Z DEBUG blacksilk_p2p::net::headers] peer 1: 1 headers up to height 34 accepted (new: false)
[2026-09-29T21:31:48.057Z DEBUG blacksilk_p2p::net::headers] peer 4: 1 headers up to height 34 accepted (new: false)
[2026-09-29T21:31:48.793Z DEBUG blacksilk_p2p::net::headers] peer 2: 1 headers up to height 35 accepted (new: true)
[2026-09-29T21:31:48.874Z DEBUG blacksilk_p2p::net::blocks] peer 2: block b46453cd4ff7 at height 35 received
[2026-09-29T21:31:49.076Z DEBUG blacksilk_p2p::net::headers] peer 1: 1 headers up to height 35 accepted (new: false)
[2026-09-29T21:31:49.076Z DEBUG blacksilk_p2p::net::headers] peer 3: 1 headers up to height 35 accepted (new: false)
[2026-09-29T21:31:49.107Z DEBUG blacksilk_p2p::net::headers] peer 4: 1 headers up to height 35 accepted (new: false)
[2026-09-29T21:31:50.080Z DEBUG blacksilk_p2p::net::headers] peer 2: 1 headers up to height 36 accepted (new: true)
[2026-09-29T21:31:50.142Z DEBUG blacksilk_p2p::net::blocks] peer 2: block 19ec4a3f211d at height 36 received
[2026-09-29T21:31:50.371Z DEBUG blacksilk_p2p::net::headers] peer 1: 1 headers up to height 36 accepted (new: false)
[2026-09-29T21:31:50.377Z DEBUG blacksilk_p2p::net::headers] peer 3: 1 headers up to height 36 accepted (new: false)
[2026-09-29T21:31:50.409Z DEBUG blacksilk_p2p::net::headers] peer 4: 1 headers up to height 36 accepted (new: false)
[2026-09-29T21:31:51.125Z DEBUG blacksilk_p2p::net::headers] peer 2: 1 headers up to height 37 accepted (new: true)
[2026-09-29T21:31:51.211Z DEBUG blacksilk_p2p::net::blocks] peer 2: block 812bea4fa447 at height 37 received
[2026-09-29T21:31:51.398Z DEBUG blacksilk_p2p::net::headers] peer 1: 1 headers up to height 37 accepted (new: false)
[2026-09-29T21:31:51.429Z DEBUG blacksilk_p2p::net::headers] peer 3: 1 headers up to height 37 accepted (new: false)
[2026-09-29T21:31:51.446Z DEBUG blacksilk_p2p::net::headers] peer 4: 1 headers up to height 37 accepted (new: false)
[2026-09-29T21:31:52.486Z DEBUG blacksilk_p2p::net::headers] peer 2: 1 headers up to height 38 accepted (new: true)
[2026-09-29T21:31:52.547Z DEBUG blacksilk_p2p::net::blocks] peer 2: block 2117e5a5a6fe at height 38 received
[2026-09-29T21:31:52.710Z DEBUG blacksilk_p2p::net::headers] peer 1: 1 headers up to height 38 accepted (new: false)
[2026-09-29T21:31:52.760Z DEBUG blacksilk_p2p::net::headers] peer 3: 1 headers up to height 38 accepted (new: false)
[2026-09-29T21:31:52.761Z DEBUG blacksilk_p2p::net::headers] peer 4: 1 headers up to height 38 accepted (new: false)
[2026-09-29T21:31:53.799Z DEBUG blacksilk_p2p::net::headers] peer 2: 1 headers up to height 39 accepted (new: true)
[2026-09-29T21:31:53.851Z DEBUG blacksilk_p2p::net::blocks] peer 2: block 9162463c523b at height 39 received
[2026-09-29T21:31:53.994Z DEBUG blacksilk_p2p::net::headers] peer 1: 1 headers up to height 39 accepted (new: false)
[2026-09-29T21:31:54.080Z DEBUG blacksilk_p2p::net::headers] peer 4: 1 headers up to height 39 accepted (new: false)
[2026-09-29T21:31:54.080Z DEBUG blacksilk_p2p::net::headers] peer 3: 1 headers up to height 39 accepted (new: false)
[2026-09-29T21:31:55.021Z DEBUG blacksilk_p2p::net::headers] peer 2: 1 headers up to height 40 accepted (new: true)
[2026-09-29T21:31:55.078Z DEBUG blacksilk_p2p::net::blocks] peer 2: block 6c1e3cf4b788 at height 40 received
[2026-09-29T21:31:55.096Z DEBUG blacksilk_p2p::net::headers] peer 4: 1 headers up to height 40 accepted (new: false)
[2026-09-29T21:31:55.131Z DEBUG blacksilk_p2p::net::headers] peer 3: 1 headers up to height 40 accepted (new: false)
[2026-09-29T21:31:55.301Z DEBUG blacksilk_p2p::net::headers] peer 1: 1 headers up to height 40 accepted (new: false)
[2026-09-29T21:31:56.000Z DEBUG blacksilk_p2p::net::headers] peer 2: 1 headers up to height 41 accepted (new: true)
[2026-09-29T21:31:56.051Z DEBUG blacksilk_p2p::net::blocks] peer 2: block 9c1106924cf3 at height 41 received
[2026-09-29T21:31:57.135Z DEBUG blacksilk_p2p::net::headers] peer 2: 1 headers up to height 42 accepted (new: true)
[2026-09-29T21:31:57.203Z DEBUG blacksilk_p2p::net::blocks] peer 2: block ddef1482dec3 at height 42 received
[2026-09-29T21:31:57.393Z DEBUG blacksilk_p2p::net::headers] peer 1: 1 headers up to height 42 accepted (new: false)
[2026-09-29T21:31:57.423Z DEBUG blacksilk_p2p::net::headers] peer 4: 1 headers up to height 42 accepted (new: false)
[2026-09-29T21:31:57.488Z DEBUG blacksilk_p2p::net::headers] peer 3: 1 headers up to height 42 accepted (new: false)
[2026-09-29T21:31:58.308Z DEBUG blacksilk_p2p::net::headers] peer 2: 1 headers up to height 43 accepted (new: true)
[2026-09-29T21:31:58.361Z DEBUG blacksilk_p2p::net::blocks] peer 2: block 5a36eb4007b2 at height 43 received
[2026-09-29T21:31:58.518Z DEBUG blacksilk_p2p::net::headers] peer 3: 1 headers up to height 43 accepted (new: false)
[2026-09-29T21:31:59.662Z DEBUG blacksilk_p2p::net::headers] peer 2: 1 headers up to height 44 accepted (new: true)
[2026-09-29T21:31:59.724Z DEBUG blacksilk_p2p::net::blocks] peer 2: block 7688763a22e6 at height 44 received
[2026-09-29T21:31:59.832Z DEBUG blacksilk_p2p::net::headers] peer 3: 1 headers up to height 44 accepted (new: false)
[2026-09-29T21:32:00.695Z DEBUG blacksilk_p2p::net::headers] peer 2: 1 headers up to height 45 accepted (new: true)
[2026-09-29T21:32:00.751Z DEBUG blacksilk_p2p::net::blocks] peer 2: block a1f0ac22e29e at height 45 received
[2026-09-29T21:32:00.890Z DEBUG blacksilk_p2p::net::headers] peer 3: 1 headers up to height 45 accepted (new: false)
[2026-09-29T21:32:02.083Z DEBUG blacksilk_p2p::net::headers] peer 2: 1 headers up to height 46 accepted (new: true)
[2026-09-29T21:32:02.142Z DEBUG blacksilk_p2p::net::blocks] peer 2: block cec9ce749e2a at height 46 received
[2026-09-29T21:32:02.194Z DEBUG blacksilk_p2p::net::headers] peer 3: 1 headers up to height 46 accepted (new: false)
[2026-09-29T21:32:03.094Z DEBUG blacksilk_p2p::net::headers] peer 2: 1 headers up to height 47 accepted (new: true)
[2026-09-29T21:32:03.191Z DEBUG blacksilk_p2p::net::blocks] peer 2: block d1b66b5cf3f5 at height 47 received
[2026-09-29T21:32:04.348Z DEBUG blacksilk_p2p::net::headers] peer 2: 1 headers up to height 48 accepted (new: true)
[2026-09-29T21:32:04.410Z DEBUG blacksilk_p2p::net::blocks] peer 2: block 37949aa7fb2b at height 48 received
[2026-09-29T21:32:04.532Z DEBUG blacksilk_p2p::net::headers] peer 3: 1 headers up to height 48 accepted (new: false)
[2026-09-29T21:32:05.461Z DEBUG blacksilk_p2p::net::headers] peer 2: 1 headers up to height 49 accepted (new: true)
[2026-09-29T21:32:05.533Z DEBUG blacksilk_p2p::net::blocks] peer 2: block 744803a15fe6 at height 49 received
[2026-09-29T21:32:05.584Z DEBUG blacksilk_p2p::net::headers] peer 3: 1 headers up to height 49 accepted (new: false)
[2026-09-29T21:32:06.734Z DEBUG blacksilk_p2p::net::headers] peer 2: 1 headers up to height 50 accepted (new: true)
[2026-09-29T21:32:06.795Z DEBUG blacksilk_p2p::net::blocks] peer 2: block 6e3a3b45ad50 at height 50 received
[2026-09-29T21:32:06.828Z DEBUG blacksilk_p2p::net::headers] peer 4: 1 headers up to height 50 accepted (new: false)
[2026-09-29T21:32:06.914Z DEBUG blacksilk_p2p::net::headers] peer 3: 1 headers up to height 50 accepted (new: false)
[2026-09-29T21:32:07.798Z DEBUG blacksilk_p2p::net::headers] peer 2: 1 headers up to height 51 accepted (new: true)
[2026-09-29T21:32:07.860Z DEBUG blacksilk_p2p::net::blocks] peer 2: block db91f6858417 at height 51 received
[2026-09-29T21:32:07.932Z DEBUG blacksilk_p2p::net::headers] peer 3: 1 headers up to height 51 accepted (new: false)
[2026-09-29T21:32:09.041Z DEBUG blacksilk_p2p::net::headers] peer 2: 1 headers up to height 52 accepted (new: true)
[2026-09-29T21:32:09.112Z DEBUG blacksilk_p2p::net::blocks] peer 2: block ca359a867f72 at height 52 received
[2026-09-29T21:32:09.162Z DEBUG blacksilk_p2p::net::headers] peer 4: 1 headers up to height 52 accepted (new: false)
[2026-09-29T21:32:09.230Z DEBUG blacksilk_p2p::net::headers] peer 3: 1 headers up to height 52 accepted (new: false)
[2026-09-29T21:32:10.140Z DEBUG blacksilk_p2p::net::headers] peer 2: 1 headers up to height 53 accepted (new: true)
[2026-09-29T21:32:10.195Z DEBUG blacksilk_p2p::net::blocks] peer 2: block 47273ffa739b at height 53 received
[2026-09-29T21:32:11.439Z DEBUG blacksilk_p2p::net::headers] peer 2: 1 headers up to height 54 accepted (new: true)
[2026-09-29T21:32:11.509Z DEBUG blacksilk_p2p::net::blocks] peer 2: block f95aea0634f2 at height 54 received
[2026-09-29T21:32:11.560Z DEBUG blacksilk_p2p::net::headers] peer 3: 1 headers up to height 54 accepted (new: false)
[2026-09-29T21:32:12.543Z DEBUG blacksilk_p2p::net::headers] peer 2: 1 headers up to height 55 accepted (new: true)
[2026-09-29T21:32:12.610Z DEBUG blacksilk_p2p::net::blocks] peer 2: block 340ec7dfcb8a at height 55 received
[2026-09-29T21:32:12.746Z DEBUG blacksilk_p2p::net::headers] peer 1: 1 headers up to height 55 accepted (new: false)
[2026-09-29T21:32:12.827Z DEBUG blacksilk_p2p::net::headers] peer 4: 1 headers up to height 55 accepted (new: false)
[2026-09-29T21:32:12.891Z DEBUG blacksilk_p2p::net::headers] peer 3: 1 headers up to height 55 accepted (new: false)
[2026-09-29T21:32:13.776Z DEBUG blacksilk_p2p::net::headers] peer 2: 1 headers up to height 56 accepted (new: true)
[2026-09-29T21:32:13.846Z DEBUG blacksilk_p2p::net::blocks] peer 2: block 5f8d0aae7d09 at height 56 received
[2026-09-29T21:32:13.938Z DEBUG blacksilk_p2p::net::headers] peer 3: 1 headers up to height 56 accepted (new: false)
[2026-09-29T21:32:15.032Z DEBUG blacksilk_p2p::net::headers] peer 2: 1 headers up to height 57 accepted (new: true)
[2026-09-29T21:32:15.096Z DEBUG blacksilk_p2p::net::blocks] peer 2: block 00714fd78f83 at height 57 received
[2026-09-29T21:32:15.197Z DEBUG blacksilk_p2p::net::headers] peer 4: 1 headers up to height 57 accepted (new: false)
[2026-09-29T21:32:15.213Z DEBUG blacksilk_p2p::net::headers] peer 3: 1 headers up to height 57 accepted (new: false)
[2026-09-29T21:32:16.063Z DEBUG blacksilk_p2p::net::headers] peer 2: 1 headers up to height 58 accepted (new: true)
[2026-09-29T21:32:16.139Z DEBUG blacksilk_p2p::net::blocks] peer 2: block ff4f8dc4f3d3 at height 58 received
[2026-09-29T21:32:16.232Z DEBUG blacksilk_p2p::net::headers] peer 3: 1 headers up to height 58 accepted (new: false)
[2026-09-29T21:32:16.232Z DEBUG blacksilk_p2p::net::headers] peer 4: 1 headers up to height 58 accepted (new: false)
[2026-09-29T21:32:17.108Z DEBUG blacksilk_p2p::net::headers] peer 2: 1 headers up to height 59 accepted (new: true)
[2026-09-29T21:32:17.173Z DEBUG blacksilk_p2p::net::blocks] peer 2: block 5b825f0d7245 at height 59 received
[2026-09-29T21:32:17.269Z DEBUG blacksilk_p2p::net::headers] peer 3: 1 headers up to height 59 accepted (new: false)
[2026-09-29T21:32:17.285Z DEBUG blacksilk_p2p::net::headers] peer 4: 1 headers up to height 59 accepted (new: false)
[2026-09-29T21:32:18.364Z DEBUG blacksilk_p2p::net::headers] peer 2: 1 headers up to height 60 accepted (new: true)
[2026-09-29T21:32:18.435Z DEBUG blacksilk_p2p::net::blocks] peer 2: block 859b8a77f051 at height 60 received
[2026-09-29T21:32:18.503Z DEBUG blacksilk_p2p::net::headers] peer 1: 1 headers up to height 60 accepted (new: false)
[2026-09-29T21:32:18.571Z DEBUG blacksilk_p2p::net::headers] peer 4: 1 headers up to height 60 accepted (new: false)
[2026-09-29T21:32:18.571Z DEBUG blacksilk_p2p::net::headers] peer 3: 1 headers up to height 60 accepted (new: false)
[2026-09-29T21:32:19.404Z DEBUG blacksilk_p2p::net::headers] peer 2: 1 headers up to height 61 accepted (new: true)
[2026-09-29T21:32:19.455Z DEBUG blacksilk_p2p::net::blocks] peer 2: block fc3693941898 at height 61 received
[2026-09-29T21:32:19.573Z DEBUG blacksilk_p2p::net::headers] peer 1: 1 headers up to height 61 accepted (new: false)
[2026-09-29T21:32:19.605Z DEBUG blacksilk_p2p::net::headers] peer 4: 1 headers up to height 61 accepted (new: false)
[2026-09-29T21:32:19.605Z DEBUG blacksilk_p2p::net::headers] peer 3: 1 headers up to height 61 accepted (new: false)
[2026-09-29T21:32:20.740Z DEBUG blacksilk_p2p::net::headers] peer 2: 1 headers up to height 62 accepted (new: true)
[2026-09-29T21:32:20.808Z DEBUG blacksilk_p2p::net::blocks] peer 2: block 52156ecafa12 at height 62 received
[2026-09-29T21:32:20.882Z DEBUG blacksilk_p2p::net::headers] peer 1: 1 headers up to height 62 accepted (new: false)
[2026-09-29T21:32:20.909Z DEBUG blacksilk_p2p::net::headers] peer 3: 1 headers up to height 62 accepted (new: false)
[2026-09-29T21:32:20.909Z DEBUG blacksilk_p2p::net::headers] peer 4: 1 headers up to height 62 accepted (new: false)
[2026-09-29T21:32:21.766Z DEBUG blacksilk_p2p::net::headers] peer 2: 1 headers up to height 63 accepted (new: true)
[2026-09-29T21:32:21.823Z DEBUG blacksilk_p2p::net::blocks] peer 2: block 2714f493fb47 at height 63 received
[2026-09-29T21:32:21.941Z DEBUG blacksilk_p2p::net::headers] peer 1: 1 headers up to height 63 accepted (new: false)
[2026-09-29T21:32:21.973Z DEBUG blacksilk_p2p::net::headers] peer 3: 1 headers up to height 63 accepted (new: false)
[2026-09-29T21:32:21.974Z DEBUG blacksilk_p2p::net::headers] peer 4: 1 headers up to height 63 accepted (new: false)
[2026-09-29T21:32:23.080Z DEBUG blacksilk_p2p::net::headers] peer 2: 1 headers up to height 64 accepted (new: true)
[2026-09-29T21:32:23.156Z DEBUG blacksilk_p2p::net::blocks] peer 2: block 6b3530003102 at height 64 received
[2026-09-29T21:32:23.256Z DEBUG blacksilk_p2p::net::headers] peer 1: 1 headers up to height 64 accepted (new: false)
[2026-09-29T21:32:23.287Z DEBUG blacksilk_p2p::net::headers] peer 4: 1 headers up to height 64 accepted (new: false)
[2026-09-29T21:32:23.288Z DEBUG blacksilk_p2p::net::headers] peer 3: 1 headers up to height 64 accepted (new: false)
[2026-09-29T21:32:24.125Z DEBUG blacksilk_p2p::net::headers] peer 2: 1 headers up to height 65 accepted (new: true)
[2026-09-29T21:32:24.204Z DEBUG blacksilk_p2p::net::blocks] peer 2: block 0147e15fb99b at height 65 received
[2026-09-29T21:32:24.288Z DEBUG blacksilk_p2p::net::headers] peer 1: 1 headers up to height 65 accepted (new: false)
[2026-09-29T21:32:24.305Z DEBUG blacksilk_p2p::net::headers] peer 4: 1 headers up to height 65 accepted (new: false)
[2026-09-29T21:32:24.305Z DEBUG blacksilk_p2p::net::headers] peer 3: 1 headers up to height 65 accepted (new: false)
[2026-09-29T21:32:25.425Z DEBUG blacksilk_p2p::net::headers] peer 2: 1 headers up to height 66 accepted (new: true)
[2026-09-29T21:32:25.500Z DEBUG blacksilk_p2p::net::blocks] peer 2: block d2f66a8b6ed7 at height 66 received
[2026-09-29T21:32:25.618Z DEBUG blacksilk_p2p::net::headers] peer 1: 1 headers up to height 66 accepted (new: false)
[2026-09-29T21:32:25.618Z DEBUG blacksilk_p2p::net::headers] peer 4: 1 headers up to height 66 accepted (new: false)
[2026-09-29T21:32:25.619Z DEBUG blacksilk_p2p::net::headers] peer 3: 1 headers up to height 66 accepted (new: false)
[2026-09-29T21:32:26.427Z DEBUG blacksilk_p2p::net::headers] peer 2: 1 headers up to height 67 accepted (new: true)
[2026-09-29T21:32:26.509Z DEBUG blacksilk_p2p::net::blocks] peer 2: block 414fb799d583 at height 67 received
[2026-09-29T21:32:26.651Z DEBUG blacksilk_p2p::net::headers] peer 1: 1 headers up to height 67 accepted (new: false)
[2026-09-29T21:32:26.651Z DEBUG blacksilk_p2p::net::headers] peer 3: 1 headers up to height 67 accepted (new: false)
[2026-09-29T21:32:26.651Z DEBUG blacksilk_p2p::net::headers] peer 4: 1 headers up to height 67 accepted (new: false)
[2026-09-29T21:32:27.480Z DEBUG blacksilk_p2p::net::headers] peer 2: 1 headers up to height 68 accepted (new: true)
[2026-09-29T21:32:27.551Z DEBUG blacksilk_p2p::net::blocks] peer 2: block 74431727243b at height 68 received
[2026-09-29T21:32:27.669Z DEBUG blacksilk_p2p::net::headers] peer 4: 1 headers up to height 68 accepted (new: false)
[2026-09-29T21:32:27.692Z DEBUG blacksilk_p2p::net::headers] peer 1: 1 headers up to height 68 accepted (new: false)
[2026-09-29T21:32:27.692Z DEBUG blacksilk_p2p::net::headers] peer 3: 1 headers up to height 68 accepted (new: false)
[2026-09-29T21:32:28.807Z DEBUG blacksilk_p2p::net::headers] peer 2: 1 headers up to height 69 accepted (new: true)
[2026-09-29T21:32:28.871Z DEBUG blacksilk_p2p::net::blocks] peer 2: block 0a21db896899 at height 69 received
[2026-09-29T21:32:28.987Z DEBUG blacksilk_p2p::net::headers] peer 3: 1 headers up to height 69 accepted (new: false)
[2026-09-29T21:32:28.987Z DEBUG blacksilk_p2p::net::headers] peer 1: 1 headers up to height 69 accepted (new: false)
[2026-09-29T21:32:28.987Z DEBUG blacksilk_p2p::net::headers] peer 4: 1 headers up to height 69 accepted (new: false)
[2026-09-29T21:32:30.069Z DEBUG blacksilk_p2p::net::headers] peer 2: 1 headers up to height 70 accepted (new: true)
[2026-09-29T21:32:30.125Z DEBUG blacksilk_p2p::net::blocks] peer 2: block 8970e71edf8d at height 70 received
[2026-09-29T21:32:30.300Z DEBUG blacksilk_p2p::net::headers] peer 4: 1 headers up to height 70 accepted (new: false)
[2026-09-29T21:32:30.300Z DEBUG blacksilk_p2p::net::headers] peer 1: 1 headers up to height 70 accepted (new: false)
[2026-09-29T21:32:30.300Z DEBUG blacksilk_p2p::net::headers] peer 3: 1 headers up to height 70 accepted (new: false)
[2026-09-29T21:32:31.078Z DEBUG blacksilk_p2p::net::headers] peer 2: 1 headers up to height 71 accepted (new: true)
[2026-09-29T21:32:31.149Z DEBUG blacksilk_p2p::net::blocks] peer 2: block c806aab64f4a at height 71 received
[2026-09-29T21:32:31.350Z DEBUG blacksilk_p2p::net::headers] peer 3: 1 headers up to height 71 accepted (new: false)
[2026-09-29T21:32:31.350Z DEBUG blacksilk_p2p::net::headers] peer 1: 1 headers up to height 71 accepted (new: false)
[2026-09-29T21:32:31.350Z DEBUG blacksilk_p2p::net::headers] peer 4: 1 headers up to height 71 accepted (new: false)
[2026-09-29T21:32:32.377Z DEBUG blacksilk_p2p::net::headers] peer 2: 1 headers up to height 72 accepted (new: true)
[2026-09-29T21:32:32.443Z DEBUG blacksilk_p2p::net::blocks] peer 2: block d05476a70692 at height 72 received
[2026-09-29T21:32:32.627Z DEBUG blacksilk_p2p::net::headers] peer 4: 1 headers up to height 72 accepted (new: false)
[2026-09-29T21:32:32.627Z DEBUG blacksilk_p2p::net::headers] peer 1: 1 headers up to height 72 accepted (new: false)
[2026-09-29T21:32:32.627Z DEBUG blacksilk_p2p::net::headers] peer 3: 1 headers up to height 72 accepted (new: false)
[2026-09-29T21:32:33.419Z DEBUG blacksilk_p2p::net::headers] peer 2: 1 headers up to height 73 accepted (new: true)
[2026-09-29T21:32:33.493Z DEBUG blacksilk_p2p::net::blocks] peer 2: block 6a74c226b77e at height 73 received
[2026-09-29T21:32:33.645Z DEBUG blacksilk_p2p::net::headers] peer 1: 1 headers up to height 73 accepted (new: false)
[2026-09-29T21:32:33.645Z DEBUG blacksilk_p2p::net::headers] peer 4: 1 headers up to height 73 accepted (new: false)
[2026-09-29T21:32:33.661Z DEBUG blacksilk_p2p::net::headers] peer 3: 1 headers up to height 73 accepted (new: false)
[2026-09-29T21:32:34.847Z DEBUG blacksilk_p2p::net::headers] peer 2: 1 headers up to height 74 accepted (new: true)
[2026-09-29T21:32:34.912Z DEBUG blacksilk_p2p::net::blocks] peer 2: block 9272452c3e8b at height 74 received
[2026-09-29T21:32:34.972Z DEBUG blacksilk_p2p::net::headers] peer 4: 1 headers up to height 74 accepted (new: false)
[2026-09-29T21:32:34.972Z DEBUG blacksilk_p2p::net::headers] peer 3: 1 headers up to height 74 accepted (new: false)
[2026-09-29T21:32:34.973Z DEBUG blacksilk_p2p::net::headers] peer 1: 1 headers up to height 74 accepted (new: false)
[2026-09-29T21:32:35.776Z DEBUG blacksilk_p2p::net::headers] peer 2: 1 headers up to height 75 accepted (new: true)
[2026-09-29T21:32:35.846Z DEBUG blacksilk_p2p::net::blocks] peer 2: block 7f83adcb1ceb at height 75 received
[2026-09-29T21:32:35.975Z DEBUG blacksilk_p2p::net::headers] peer 4: 1 headers up to height 75 accepted (new: false)
[2026-09-29T21:32:35.991Z DEBUG blacksilk_p2p::net::headers] peer 1: 1 headers up to height 75 accepted (new: false)
[2026-09-29T21:32:36.006Z DEBUG blacksilk_p2p::net::headers] peer 3: 1 headers up to height 75 accepted (new: false)
[2026-09-29T21:32:37.029Z DEBUG blacksilk_p2p::net::headers] peer 2: 1 headers up to height 76 accepted (new: true)
[2026-09-29T21:32:37.099Z DEBUG blacksilk_p2p::net::blocks] peer 2: block 8cc0837c2090 at height 76 received
[2026-09-29T21:32:37.284Z DEBUG blacksilk_p2p::net::headers] peer 4: 1 headers up to height 76 accepted (new: false)
[2026-09-29T21:32:37.284Z DEBUG blacksilk_p2p::net::headers] peer 3: 1 headers up to height 76 accepted (new: false)
[2026-09-29T21:32:37.284Z DEBUG blacksilk_p2p::net::headers] peer 1: 1 headers up to height 76 accepted (new: false)
[2026-09-29T21:32:38.133Z DEBUG blacksilk_p2p::net::headers] peer 2: 1 headers up to height 77 accepted (new: true)
[2026-09-29T21:32:38.203Z DEBUG blacksilk_p2p::net::blocks] peer 2: block d926e34999ca at height 77 received
[2026-09-29T21:32:38.347Z DEBUG blacksilk_p2p::net::headers] peer 3: 1 headers up to height 77 accepted (new: false)
[2026-09-29T21:32:38.347Z DEBUG blacksilk_p2p::net::headers] peer 4: 1 headers up to height 77 accepted (new: false)
[2026-09-29T21:32:38.347Z DEBUG blacksilk_p2p::net::headers] peer 1: 1 headers up to height 77 accepted (new: false)
[2026-09-29T21:32:39.655Z DEBUG blacksilk_p2p::net::headers] peer 2: 1 headers up to height 78 accepted (new: true)
[2026-09-29T21:32:39.723Z DEBUG blacksilk_p2p::net::blocks] peer 2: block 6b0d99faed88 at height 78 received
[2026-09-29T21:32:39.915Z DEBUG blacksilk_p2p::net::headers] peer 3: 1 headers up to height 78 accepted (new: false)
[2026-09-29T21:32:39.915Z DEBUG blacksilk_p2p::net::headers] peer 1: 1 headers up to height 78 accepted (new: false)
[2026-09-29T21:32:39.915Z DEBUG blacksilk_p2p::net::headers] peer 4: 1 headers up to height 78 accepted (new: false)
[2026-09-29T21:32:40.956Z DEBUG blacksilk_p2p::net::headers] peer 2: 1 headers up to height 79 accepted (new: true)
[2026-09-29T21:32:41.027Z DEBUG blacksilk_p2p::net::blocks] peer 2: block 27da0764cbc7 at height 79 received
[2026-09-29T21:32:41.225Z DEBUG blacksilk_p2p::net::headers] peer 1: 1 headers up to height 79 accepted (new: false)
[2026-09-29T21:32:41.225Z DEBUG blacksilk_p2p::net::headers] peer 4: 1 headers up to height 79 accepted (new: false)
[2026-09-29T21:32:41.225Z DEBUG blacksilk_p2p::net::headers] peer 3: 1 headers up to height 79 accepted (new: false)
[2026-09-29T21:32:42.000Z DEBUG blacksilk_p2p::net::headers] peer 2: 1 headers up to height 80 accepted (new: true)
[2026-09-29T21:32:42.082Z DEBUG blacksilk_p2p::net::blocks] peer 2: block 2c98d221c8cb at height 80 received
[2026-09-29T21:32:42.265Z DEBUG blacksilk_p2p::net::headers] peer 3: 1 headers up to height 80 accepted (new: false)
[2026-09-29T21:32:42.265Z DEBUG blacksilk_p2p::net::headers] peer 4: 1 headers up to height 80 accepted (new: false)
[2026-09-29T21:32:42.265Z DEBUG blacksilk_p2p::net::headers] peer 1: 1 headers up to height 80 accepted (new: false)
[2026-09-29T21:32:43.826Z DEBUG blacksilk_p2p::net::headers] peer 2: 1 headers up to height 81 accepted (new: true)
[2026-09-29T21:32:43.901Z DEBUG blacksilk_p2p::net::blocks] peer 2: block 621cdc47121e at height 81 received
[2026-09-29T21:32:44.103Z DEBUG blacksilk_p2p::net::headers] peer 3: 1 headers up to height 81 accepted (new: false)
[2026-09-29T21:32:44.119Z DEBUG blacksilk_p2p::net::headers] peer 4: 1 headers up to height 81 accepted (new: false)
[2026-09-29T21:32:44.119Z DEBUG blacksilk_p2p::net::headers] peer 1: 1 headers up to height 81 accepted (new: false)
[2026-09-29T21:32:45.394Z DEBUG blacksilk_p2p::net::headers] peer 2: 1 headers up to height 82 accepted (new: true)
[2026-09-29T21:32:45.463Z DEBUG blacksilk_p2p::net::blocks] peer 2: block 869ce62c7ca6 at height 82 received
[2026-09-29T21:32:45.631Z DEBUG blacksilk_p2p::net::headers] peer 3: 1 headers up to height 82 accepted (new: false)
[2026-09-29T21:32:45.709Z DEBUG blacksilk_p2p::net::headers] peer 4: 1 headers up to height 82 accepted (new: false)
[2026-09-29T21:32:45.709Z DEBUG blacksilk_p2p::net::headers] peer 1: 1 headers up to height 82 accepted (new: false)
[2026-09-29T21:32:47.442Z DEBUG blacksilk_p2p::net::headers] peer 2: 1 headers up to height 83 accepted (new: true)
[2026-09-29T21:32:47.498Z DEBUG blacksilk_p2p::net::blocks] peer 2: block cceff2411083 at height 83 received
[2026-09-29T21:32:47.687Z DEBUG blacksilk_p2p::net::headers] peer 3: 1 headers up to height 83 accepted (new: false)
[2026-09-29T21:32:47.804Z DEBUG blacksilk_p2p::net::headers] peer 4: 1 headers up to height 83 accepted (new: false)
[2026-09-29T21:32:47.805Z DEBUG blacksilk_p2p::net::headers] peer 1: 1 headers up to height 83 accepted (new: false)
[2026-09-29T21:32:48.756Z DEBUG blacksilk_p2p::net::headers] peer 2: 1 headers up to height 84 accepted (new: true)
[2026-09-29T21:32:48.832Z DEBUG blacksilk_p2p::net::blocks] peer 2: block ce5c589195e9 at height 84 received
[2026-09-29T21:32:49.001Z DEBUG blacksilk_p2p::net::headers] peer 3: 1 headers up to height 84 accepted (new: false)
[2026-09-29T21:32:49.122Z DEBUG blacksilk_p2p::net::headers] peer 4: 1 headers up to height 84 accepted (new: false)
[2026-09-29T21:32:49.122Z DEBUG blacksilk_p2p::net::headers] peer 1: 1 headers up to height 84 accepted (new: false)
[2026-09-29T21:32:49.763Z DEBUG blacksilk_p2p::net::headers] peer 2: 1 headers up to height 85 accepted (new: true)
[2026-09-29T21:32:49.835Z DEBUG blacksilk_p2p::net::blocks] peer 2: block dcd0da87e919 at height 85 received
[2026-09-29T21:32:49.914Z DEBUG blacksilk_p2p::net::headers] peer 1: 1 headers up to height 85 accepted (new: false)
[2026-09-29T21:32:49.914Z DEBUG blacksilk_p2p::net::headers] peer 4: 1 headers up to height 85 accepted (new: false)
[2026-09-29T21:32:52.115Z DEBUG blacksilk_p2p::net::headers] peer 2: 1 headers up to height 86 accepted (new: true)
[2026-09-29T21:32:52.194Z DEBUG blacksilk_p2p::net::blocks] peer 2: block b923443b0da2 at height 86 received
[2026-09-29T21:32:52.257Z DEBUG blacksilk_p2p::net::headers] peer 4: 1 headers up to height 86 accepted (new: false)
[2026-09-29T21:32:52.257Z DEBUG blacksilk_p2p::net::headers] peer 1: 1 headers up to height 86 accepted (new: false)
[2026-09-29T21:32:53.720Z DEBUG blacksilk_p2p::net::headers] peer 2: 1 headers up to height 87 accepted (new: true)
[2026-09-29T21:32:53.792Z DEBUG blacksilk_p2p::net::blocks] peer 2: block 15658e2ceca0 at height 87 received
[2026-09-29T21:32:53.961Z DEBUG blacksilk_p2p::net::headers] peer 3: 1 headers up to height 87 accepted (new: false)
[2026-09-29T21:32:54.076Z DEBUG blacksilk_p2p::net::headers] peer 1: 1 headers up to height 87 accepted (new: false)
[2026-09-29T21:32:54.076Z DEBUG blacksilk_p2p::net::headers] peer 4: 1 headers up to height 87 accepted (new: false)
[2026-09-29T21:32:55.013Z DEBUG blacksilk_p2p::net::headers] peer 2: 1 headers up to height 88 accepted (new: true)
[2026-09-29T21:32:55.083Z DEBUG blacksilk_p2p::net::blocks] peer 2: block a197763ac87f at height 88 received
[2026-09-29T21:32:55.266Z DEBUG blacksilk_p2p::net::headers] peer 3: 1 headers up to height 88 accepted (new: false)
[2026-09-29T21:32:55.380Z DEBUG blacksilk_p2p::net::headers] peer 4: 1 headers up to height 88 accepted (new: false)
[2026-09-29T21:32:55.380Z DEBUG blacksilk_p2p::net::headers] peer 1: 1 headers up to height 88 accepted (new: false)
[2026-09-29T21:32:57.121Z DEBUG blacksilk_p2p::net::headers] peer 2: 1 headers up to height 89 accepted (new: true)
[2026-09-29T21:32:57.185Z DEBUG blacksilk_p2p::net::blocks] peer 2: block 08076cfaecaf at height 89 received
[2026-09-29T21:32:57.341Z DEBUG blacksilk_p2p::net::headers] peer 3: 1 headers up to height 89 accepted (new: false)
[2026-09-29T21:32:57.465Z DEBUG blacksilk_p2p::net::headers] peer 1: 1 headers up to height 89 accepted (new: false)
[2026-09-29T21:32:57.465Z DEBUG blacksilk_p2p::net::headers] peer 4: 1 headers up to height 89 accepted (new: false)
[2026-09-29T21:32:58.128Z DEBUG blacksilk_p2p::net::headers] peer 2: 1 headers up to height 90 accepted (new: true)
[2026-09-29T21:32:58.208Z DEBUG blacksilk_p2p::net::blocks] peer 2: block 90208b461b33 at height 90 received
[2026-09-29T21:32:58.268Z DEBUG blacksilk_p2p::net::headers] peer 4: 1 headers up to height 90 accepted (new: false)
[2026-09-29T21:33:01.284Z DEBUG blacksilk_p2p::net::headers] peer 2: 1 headers up to height 91 accepted (new: true)
[2026-09-29T21:33:01.343Z DEBUG blacksilk_p2p::net::blocks] peer 2: block 4904d7b56725 at height 91 received
[2026-09-29T21:33:01.424Z DEBUG blacksilk_p2p::net::headers] peer 1: 1 headers up to height 91 accepted (new: false)
[2026-09-29T21:33:01.424Z DEBUG blacksilk_p2p::net::headers] peer 4: 1 headers up to height 91 accepted (new: false)
[2026-09-29T21:33:03.196Z DEBUG blacksilk_p2p::net::headers] peer 2: 1 headers up to height 92 accepted (new: true)
[2026-09-29T21:33:03.272Z DEBUG blacksilk_p2p::net::blocks] peer 2: block 6bdf3c0343f2 at height 92 received
[2026-09-29T21:33:03.341Z DEBUG blacksilk_p2p::net::headers] peer 3: 1 headers up to height 92 accepted (new: false)
[2026-09-29T21:33:03.515Z DEBUG blacksilk_p2p::net::headers] peer 4: 1 headers up to height 92 accepted (new: false)
[2026-09-29T21:33:03.515Z DEBUG blacksilk_p2p::net::headers] peer 1: 1 headers up to height 92 accepted (new: false)
[2026-09-29T21:33:05.173Z DEBUG blacksilk_p2p::net::headers] peer 2: 1 headers up to height 93 accepted (new: true)
[2026-09-29T21:33:05.246Z DEBUG blacksilk_p2p::net::blocks] peer 2: block 1a8f8078a838 at height 93 received
[2026-09-29T21:33:05.347Z DEBUG blacksilk_p2p::net::headers] peer 1: 1 headers up to height 93 accepted (new: false)
[2026-09-29T21:33:05.347Z DEBUG blacksilk_p2p::net::headers] peer 4: 1 headers up to height 93 accepted (new: false)
[2026-09-29T21:33:07.490Z DEBUG blacksilk_p2p::net::headers] peer 2: 1 headers up to height 94 accepted (new: true)
[2026-09-29T21:33:07.548Z DEBUG blacksilk_p2p::net::blocks] peer 2: block 845ca6fb0d20 at height 94 received
[2026-09-29T21:33:07.685Z DEBUG blacksilk_p2p::net::headers] peer 4: 1 headers up to height 94 accepted (new: false)
[2026-09-29T21:33:07.685Z DEBUG blacksilk_p2p::net::headers] peer 1: 1 headers up to height 94 accepted (new: false)
[2026-09-29T21:33:09.065Z DEBUG blacksilk_p2p::net::headers] peer 2: 1 headers up to height 95 accepted (new: true)
[2026-09-29T21:33:09.135Z DEBUG blacksilk_p2p::net::blocks] peer 2: block 1f6dbce0d239 at height 95 received
[2026-09-29T21:33:09.220Z DEBUG blacksilk_p2p::net::headers] peer 4: 1 headers up to height 95 accepted (new: false)
[2026-09-29T21:33:09.236Z DEBUG blacksilk_p2p::net::headers] peer 1: 1 headers up to height 95 accepted (new: false)
[2026-09-29T21:33:10.323Z DEBUG blacksilk_p2p::net::headers] peer 2: 1 headers up to height 96 accepted (new: true)
[2026-09-29T21:33:10.386Z DEBUG blacksilk_p2p::net::blocks] peer 2: block d350b77f2254 at height 96 received
[2026-09-29T21:33:10.522Z DEBUG blacksilk_p2p::net::headers] peer 4: 1 headers up to height 96 accepted (new: false)
[2026-09-29T21:33:10.536Z DEBUG blacksilk_p2p::net::headers] peer 1: 1 headers up to height 96 accepted (new: false)
[2026-09-29T21:33:11.365Z DEBUG blacksilk_p2p::net::headers] peer 2: 1 headers up to height 97 accepted (new: true)
[2026-09-29T21:33:11.434Z DEBUG blacksilk_p2p::net::blocks] peer 2: block 4c273eadd6eb at height 97 received
[2026-09-29T21:33:11.554Z DEBUG blacksilk_p2p::net::headers] peer 4: 1 headers up to height 97 accepted (new: false)
[2026-09-29T21:33:11.554Z DEBUG blacksilk_p2p::net::headers] peer 1: 1 headers up to height 97 accepted (new: false)
[2026-09-29T21:33:12.690Z DEBUG blacksilk_p2p::net::headers] peer 2: 1 headers up to height 98 accepted (new: true)
[2026-09-29T21:33:12.747Z DEBUG blacksilk_p2p::net::blocks] peer 2: block 80400890d107 at height 98 received
[2026-09-29T21:33:12.872Z DEBUG blacksilk_p2p::net::headers] peer 1: 1 headers up to height 98 accepted (new: false)
[2026-09-29T21:33:12.888Z DEBUG blacksilk_p2p::net::headers] peer 4: 1 headers up to height 98 accepted (new: false)
[2026-09-29T21:33:13.690Z DEBUG blacksilk_p2p::net::headers] peer 2: 1 headers up to height 99 accepted (new: true)
[2026-09-29T21:33:13.763Z DEBUG blacksilk_p2p::net::blocks] peer 2: block 4f341234dac6 at height 99 received
[2026-09-29T21:33:13.921Z DEBUG blacksilk_p2p::net::headers] peer 4: 1 headers up to height 99 accepted (new: false)
[2026-09-29T21:33:13.925Z DEBUG blacksilk_p2p::net::headers] peer 1: 1 headers up to height 99 accepted (new: false)
[2026-09-29T21:33:16.075Z DEBUG blacksilk_p2p::net::headers] peer 2: 1 headers up to height 100 accepted (new: true)
[2026-09-29T21:33:16.159Z DEBUG blacksilk_p2p::net::blocks] peer 2: block af11023251a4 at height 100 received
[2026-09-29T21:33:16.281Z DEBUG blacksilk_p2p::net::headers] peer 4: 1 headers up to height 100 accepted (new: false)
[2026-09-29T21:33:17.608Z DEBUG blacksilk_p2p::net::headers] peer 2: 1 headers up to height 101 accepted (new: true)
[2026-09-29T21:33:17.680Z DEBUG blacksilk_p2p::net::blocks] peer 2: block 81c1fada7a7c at height 101 received
[2026-09-29T21:33:18.903Z DEBUG blacksilk_p2p::net::headers] peer 2: 1 headers up to height 102 accepted (new: true)
[2026-09-29T21:33:18.980Z DEBUG blacksilk_p2p::net::blocks] peer 2: block 7775c44287d4 at height 102 received
[2026-09-29T21:33:19.892Z DEBUG blacksilk_p2p::net::headers] peer 2: 1 headers up to height 103 accepted (new: true)
[2026-09-29T21:33:19.957Z DEBUG blacksilk_p2p::net::blocks] peer 2: block 777da460ec8d at height 103 received
[2026-09-29T21:33:23.561Z DEBUG blacksilk_p2p::net::headers] peer 2: 1 headers up to height 104 accepted (new: true)
[2026-09-29T21:33:23.623Z DEBUG blacksilk_p2p::net::blocks] peer 2: block 24bfe5c08223 at height 104 received
[2026-09-29T21:33:23.851Z DEBUG blacksilk_p2p::net::headers] peer 4: 1 headers up to height 104 accepted (new: false)
[2026-09-29T21:33:24.862Z DEBUG blacksilk_p2p::net::headers] peer 2: 1 headers up to height 105 accepted (new: true)
[2026-09-29T21:33:24.929Z DEBUG blacksilk_p2p::net::blocks] peer 2: block 14ff76cb6929 at height 105 received
[2026-09-29T21:33:24.975Z DEBUG blacksilk_p2p::net::headers] peer 1: 1 headers up to height 105 accepted (new: false)
[2026-09-29T21:33:25.178Z DEBUG blacksilk_p2p::net::headers] peer 4: 1 headers up to height 105 accepted (new: false)
[2026-09-29T21:33:25.926Z DEBUG blacksilk_p2p::net::headers] peer 2: 1 headers up to height 106 accepted (new: true)
[2026-09-29T21:33:25.996Z DEBUG blacksilk_p2p::net::blocks] peer 2: block a04ae780590e at height 106 received
[2026-09-29T21:33:26.935Z DEBUG blacksilk_p2p::net::headers] peer 2: 1 headers up to height 107 accepted (new: true)
[2026-09-29T21:33:27.017Z DEBUG blacksilk_p2p::net::blocks] peer 2: block 357ccbc7f286 at height 107 received
[2026-09-29T21:33:27.060Z DEBUG blacksilk_p2p::net::headers] peer 1: 1 headers up to height 107 accepted (new: false)
[2026-09-29T21:33:29.798Z DEBUG blacksilk_p2p::net::headers] peer 2: 1 headers up to height 108 accepted (new: true)
[2026-09-29T21:33:29.864Z DEBUG blacksilk_p2p::net::blocks] peer 2: block a63f239e1222 at height 108 received
[2026-09-29T21:33:29.929Z DEBUG blacksilk_p2p::net::headers] peer 3: 1 headers up to height 108 accepted (new: false)
[2026-09-29T21:33:29.930Z DEBUG blacksilk_p2p::net::headers] peer 1: 1 headers up to height 108 accepted (new: false)
[2026-09-29T21:33:30.109Z DEBUG blacksilk_p2p::net::headers] peer 4: 1 headers up to height 108 accepted (new: false)
[2026-09-29T21:33:30.828Z DEBUG blacksilk_p2p::net::headers] peer 2: 1 headers up to height 109 accepted (new: true)
[2026-09-29T21:33:30.900Z DEBUG blacksilk_p2p::net::blocks] peer 2: block 4a75eb110c3e at height 109 received
[2026-09-29T21:33:30.965Z DEBUG blacksilk_p2p::net::headers] peer 1: 1 headers up to height 109 accepted (new: false)
[2026-09-29T21:33:30.997Z DEBUG blacksilk_p2p::net::headers] peer 3: 1 headers up to height 109 accepted (new: false)
[2026-09-29T21:33:31.172Z DEBUG blacksilk_p2p::net::headers] peer 4: 1 headers up to height 109 accepted (new: false)
[2026-09-29T21:33:31.906Z DEBUG blacksilk_p2p::net::headers] peer 2: 1 headers up to height 110 accepted (new: true)
[2026-09-29T21:33:31.969Z DEBUG blacksilk_p2p::net::blocks] peer 2: block 81f737a4710b at height 110 received
[2026-09-29T21:33:32.054Z DEBUG blacksilk_p2p::net::headers] peer 3: 1 headers up to height 110 accepted (new: false)
[2026-09-29T21:33:32.204Z DEBUG blacksilk_p2p::net::headers] peer 4: 1 headers up to height 110 accepted (new: false)
[2026-09-29T21:33:33.182Z DEBUG blacksilk_p2p::net::headers] peer 2: 1 headers up to height 111 accepted (new: true)
[2026-09-29T21:33:33.247Z DEBUG blacksilk_p2p::net::blocks] peer 2: block 09b268a00eee at height 111 received
[2026-09-29T21:33:33.295Z DEBUG blacksilk_p2p::net::headers] peer 1: 1 headers up to height 111 accepted (new: false)
[2026-09-29T21:33:33.326Z DEBUG blacksilk_p2p::net::headers] peer 3: 1 headers up to height 111 accepted (new: false)
[2026-09-29T21:33:33.503Z DEBUG blacksilk_p2p::net::headers] peer 4: 1 headers up to height 111 accepted (new: false)
[2026-09-29T21:33:34.221Z DEBUG blacksilk_p2p::net::headers] peer 2: 1 headers up to height 112 accepted (new: true)
[2026-09-29T21:33:34.283Z DEBUG blacksilk_p2p::net::blocks] peer 2: block 10908dbf1efc at height 112 received
[2026-09-29T21:33:34.352Z DEBUG blacksilk_p2p::net::headers] peer 1: 1 headers up to height 112 accepted (new: false)
[2026-09-29T21:33:34.546Z DEBUG blacksilk_p2p::net::headers] peer 4: 1 headers up to height 112 accepted (new: false)
[2026-09-29T21:33:36.093Z DEBUG blacksilk_p2p::net::headers] peer 2: 1 headers up to height 113 accepted (new: true)
[2026-09-29T21:33:36.165Z DEBUG blacksilk_p2p::net::blocks] peer 2: block ebaa653a14cb at height 113 received
[2026-09-29T21:33:36.176Z DEBUG blacksilk_p2p::net::headers] peer 3: 1 headers up to height 113 accepted (new: false)
[2026-09-29T21:33:36.382Z DEBUG blacksilk_p2p::net::headers] peer 4: 1 headers up to height 113 accepted (new: false)
[2026-09-29T21:33:37.106Z DEBUG blacksilk_p2p::net::headers] peer 2: 1 headers up to height 114 accepted (new: true)
[2026-09-29T21:33:37.192Z DEBUG blacksilk_p2p::net::blocks] peer 2: block 83c425210773 at height 114 received
[2026-09-29T21:33:37.231Z DEBUG blacksilk_p2p::net::headers] peer 3: 1 headers up to height 114 accepted (new: false)
[2026-09-29T21:33:38.144Z DEBUG blacksilk_p2p::net::headers] peer 2: 1 headers up to height 115 accepted (new: true)
[2026-09-29T21:33:38.210Z DEBUG blacksilk_p2p::net::blocks] peer 2: block 97cefe88a056 at height 115 received
[2026-09-29T21:33:38.259Z DEBUG blacksilk_p2p::net::headers] peer 3: 1 headers up to height 115 accepted (new: false)
[2026-09-29T21:33:39.444Z DEBUG blacksilk_p2p::net::headers] peer 2: 1 headers up to height 116 accepted (new: true)
[2026-09-29T21:33:39.531Z DEBUG blacksilk_p2p::net::blocks] peer 2: block 956532ac5163 at height 116 received
[2026-09-29T21:33:39.540Z DEBUG blacksilk_p2p::net::headers] peer 1: 1 headers up to height 116 accepted (new: false)
[2026-09-29T21:33:39.564Z DEBUG blacksilk_p2p::net::headers] peer 3: 1 headers up to height 116 accepted (new: false)
[2026-09-29T21:33:43.634Z DEBUG blacksilk_p2p::net::headers] peer 2: 1 headers up to height 117 accepted (new: true)
[2026-09-29T21:33:43.717Z DEBUG blacksilk_p2p::net::blocks] peer 2: block 52ecad2935ec at height 117 received
[2026-09-29T21:33:43.782Z DEBUG blacksilk_p2p::net::headers] peer 3: 1 headers up to height 117 accepted (new: false)
[2026-09-29T21:33:43.986Z DEBUG blacksilk_p2p::net::headers] peer 4: 1 headers up to height 117 accepted (new: false)
[2026-09-29T21:33:44.707Z DEBUG blacksilk_p2p::net::headers] peer 2: 1 headers up to height 118 accepted (new: true)
[2026-09-29T21:33:44.786Z DEBUG blacksilk_p2p::net::blocks] peer 2: block f8bf4d786020 at height 118 received
[2026-09-29T21:33:46.499Z DEBUG blacksilk_p2p::net::headers] peer 2: 1 headers up to height 119 accepted (new: true)
[2026-09-29T21:33:46.575Z DEBUG blacksilk_p2p::net::blocks] peer 2: block d9fac676ac26 at height 119 received
[2026-09-29T21:33:46.636Z DEBUG blacksilk_p2p::net::headers] peer 3: 1 headers up to height 119 accepted (new: false)
[2026-09-29T21:33:49.165Z DEBUG blacksilk_p2p::net::headers] peer 2: 1 headers up to height 120 accepted (new: true)
[2026-09-29T21:33:49.242Z DEBUG blacksilk_p2p::net::blocks] peer 2: block c489d8295a05 at height 120 received
[2026-09-29T21:33:51.168Z DEBUG blacksilk_p2p::net::headers] peer 2: 1 headers up to height 121 accepted (new: true)
[2026-09-29T21:33:51.240Z DEBUG blacksilk_p2p::net::blocks] peer 2: block ee25c15fdd43 at height 121 received
[2026-09-29T21:33:51.341Z DEBUG blacksilk_p2p::net::headers] peer 1: 1 headers up to height 121 accepted (new: false)
[2026-09-29T21:33:51.362Z DEBUG blacksilk_p2p::net::headers] peer 3: 1 headers up to height 121 accepted (new: false)
[2026-09-29T21:33:52.743Z DEBUG blacksilk_p2p::net::headers] peer 2: 1 headers up to height 122 accepted (new: true)
[2026-09-29T21:33:52.809Z DEBUG blacksilk_p2p::net::blocks] peer 2: block 0d30be5926b3 at height 122 received
[2026-09-29T21:33:52.911Z DEBUG blacksilk_p2p::net::headers] peer 3: 1 headers up to height 122 accepted (new: false)
[2026-09-29T21:33:52.911Z DEBUG blacksilk_p2p::net::headers] peer 1: 1 headers up to height 122 accepted (new: false)
[2026-09-29T21:33:53.094Z DEBUG blacksilk_p2p::net::headers] peer 4: 1 headers up to height 122 accepted (new: false)
[2026-09-29T21:33:56.362Z DEBUG blacksilk_p2p::net::headers] peer 2: 1 headers up to height 123 accepted (new: true)
[2026-09-29T21:33:56.418Z DEBUG blacksilk_p2p::net::blocks] peer 2: block 09efe455a046 at height 123 received
[2026-09-29T21:33:56.474Z DEBUG blacksilk_p2p::net::headers] peer 4: 1 headers up to height 123 accepted (new: false)
[2026-09-29T21:33:56.521Z DEBUG blacksilk_p2p::net::headers] peer 1: 1 headers up to height 123 accepted (new: false)
[2026-09-29T21:33:56.557Z DEBUG blacksilk_p2p::net::headers] peer 3: 1 headers up to height 123 accepted (new: false)
[2026-09-29T21:34:02.104Z DEBUG blacksilk_p2p::net::headers] peer 2: 1 headers up to height 124 accepted (new: true)
[2026-09-29T21:34:02.166Z DEBUG blacksilk_p2p::net::blocks] peer 2: block 22218c119bb4 at height 124 received
[2026-09-29T21:34:02.269Z DEBUG blacksilk_p2p::net::headers] peer 1: 1 headers up to height 124 accepted (new: false)
[2026-09-29T21:34:02.270Z DEBUG blacksilk_p2p::net::headers] peer 3: 1 headers up to height 124 accepted (new: false)
[2026-09-29T21:34:03.667Z DEBUG blacksilk_p2p::net::headers] peer 2: 1 headers up to height 125 accepted (new: true)
[2026-09-29T21:34:03.738Z DEBUG blacksilk_p2p::net::blocks] peer 2: block 508a912660df at height 125 received
[2026-09-29T21:34:03.801Z DEBUG blacksilk_p2p::net::headers] peer 4: 1 headers up to height 125 accepted (new: false)
[2026-09-29T21:34:03.818Z DEBUG blacksilk_p2p::net::headers] peer 1: 1 headers up to height 125 accepted (new: false)
[2026-09-29T21:34:03.818Z DEBUG blacksilk_p2p::net::headers] peer 3: 1 headers up to height 125 accepted (new: false)
[2026-09-29T21:34:04.941Z DEBUG blacksilk_p2p::net::headers] peer 2: 1 headers up to height 126 accepted (new: true)
[2026-09-29T21:34:05.011Z DEBUG blacksilk_p2p::net::blocks] peer 2: block 7d295a7094e7 at height 126 received
[2026-09-29T21:34:05.088Z DEBUG blacksilk_p2p::net::headers] peer 4: 1 headers up to height 126 accepted (new: false)
[2026-09-29T21:34:05.104Z DEBUG blacksilk_p2p::net::headers] peer 3: 1 headers up to height 126 accepted (new: false)
[2026-09-29T21:34:05.119Z DEBUG blacksilk_p2p::net::headers] peer 1: 1 headers up to height 126 accepted (new: false)
[2026-09-29T21:34:05.989Z DEBUG blacksilk_p2p::net::headers] peer 2: 1 headers up to height 127 accepted (new: true)
[2026-09-29T21:34:06.052Z DEBUG blacksilk_p2p::net::blocks] peer 2: block b7727fc22430 at height 127 received
[2026-09-29T21:34:06.134Z DEBUG blacksilk_p2p::net::headers] peer 4: 1 headers up to height 127 accepted (new: false)
[2026-09-29T21:34:06.174Z DEBUG blacksilk_p2p::net::headers] peer 1: 1 headers up to height 127 accepted (new: false)
[2026-09-29T21:34:06.174Z DEBUG blacksilk_p2p::net::headers] peer 3: 1 headers up to height 127 accepted (new: false)
[2026-09-29T21:34:09.113Z DEBUG blacksilk_p2p::net::headers] peer 2: 1 headers up to height 128 accepted (new: true)
[2026-09-29T21:34:09.187Z DEBUG blacksilk_p2p::net::blocks] peer 2: block 32b3571041f1 at height 128 received
[2026-09-29T21:34:09.272Z DEBUG blacksilk_p2p::net::headers] peer 1: 1 headers up to height 128 accepted (new: false)
[2026-09-29T21:34:09.288Z DEBUG blacksilk_p2p::net::headers] peer 4: 1 headers up to height 128 accepted (new: false)
[2026-09-29T21:34:09.313Z DEBUG blacksilk_p2p::net::headers] peer 3: 1 headers up to height 128 accepted (new: false)
[2026-09-29T21:34:12.226Z DEBUG blacksilk_p2p::net::headers] peer 2: 1 headers up to height 129 accepted (new: true)
[2026-09-29T21:34:12.285Z DEBUG blacksilk_p2p::net::blocks] peer 2: block 0460ba563d36 at height 129 received
[2026-09-29T21:34:14.589Z DEBUG blacksilk_p2p::net::headers] peer 2: 1 headers up to height 130 accepted (new: true)
[2026-09-29T21:34:14.655Z DEBUG blacksilk_p2p::net::blocks] peer 2: block a40885d79f6d at height 130 received
[2026-09-29T21:34:16.584Z DEBUG blacksilk_p2p::net::headers] peer 2: 1 headers up to height 131 accepted (new: true)
[2026-09-29T21:34:16.672Z DEBUG blacksilk_p2p::net::blocks] peer 2: block b1e2b209df27 at height 131 received
[2026-09-29T21:34:17.693Z DEBUG blacksilk_p2p::net::headers] peer 2: 1 headers up to height 132 accepted (new: true)
[2026-09-29T21:34:17.746Z DEBUG blacksilk_p2p::net::blocks] peer 2: block d4227764b66b at height 132 received
[2026-09-29T21:34:19.492Z DEBUG blacksilk_p2p::net::headers] peer 2: 1 headers up to height 133 accepted (new: true)
[2026-09-29T21:34:19.561Z DEBUG blacksilk_p2p::net::blocks] peer 2: block 15b7cbac225f at height 133 received
[2026-09-29T21:34:20.549Z DEBUG blacksilk_p2p::net::headers] peer 2: 1 headers up to height 134 accepted (new: true)
[2026-09-29T21:34:20.619Z DEBUG blacksilk_p2p::net::blocks] peer 2: block a87b80bf7da9 at height 134 received
[2026-09-29T21:34:29.514Z DEBUG blacksilk_p2p::net::headers] peer 2: 1 headers up to height 135 accepted (new: true)
[2026-09-29T21:34:29.576Z DEBUG blacksilk_p2p::net::blocks] peer 2: block 98fdbd90808d at height 135 received
[2026-09-29T21:34:29.710Z DEBUG blacksilk_p2p::net::headers] peer 1: 1 headers up to height 135 accepted (new: false)
[2026-09-29T21:34:29.710Z DEBUG blacksilk_p2p::net::headers] peer 4: 1 headers up to height 135 accepted (new: false)
[2026-09-29T21:34:29.710Z DEBUG blacksilk_p2p::net::headers] peer 3: 1 headers up to height 135 accepted (new: false)
[2026-09-29T21:34:37.755Z DEBUG blacksilk_p2p::net::headers] peer 2: 1 headers up to height 136 accepted (new: true)
[2026-09-29T21:34:37.827Z DEBUG blacksilk_p2p::net::blocks] peer 2: block ff18b01d833a at height 136 received
[2026-09-29T21:34:39.059Z DEBUG blacksilk_p2p::net::headers] peer 2: 1 headers up to height 137 accepted (new: true)
[2026-09-29T21:34:39.125Z DEBUG blacksilk_p2p::net::blocks] peer 2: block 31bf9ded3f35 at height 137 received
[2026-09-29T21:34:39.172Z DEBUG blacksilk_p2p::net::headers] peer 3: 1 headers up to height 137 accepted (new: false)
[2026-09-29T21:34:40.198Z DEBUG blacksilk_p2p::net::headers] peer 2: 1 headers up to height 138 accepted (new: true)
[2026-09-29T21:34:40.262Z DEBUG blacksilk_p2p::net::blocks] peer 2: block e566c39debeb at height 138 received
[2026-09-29T21:34:40.505Z DEBUG blacksilk_p2p::net::headers] peer 3: 1 headers up to height 138 accepted (new: false)
[2026-09-29T21:34:40.505Z DEBUG blacksilk_p2p::net::headers] peer 4: 1 headers up to height 138 accepted (new: false)
[2026-09-29T21:34:40.505Z DEBUG blacksilk_p2p::net::headers] peer 1: 1 headers up to height 138 accepted (new: false)
[2026-09-29T21:34:41.550Z DEBUG blacksilk_p2p::net::headers] peer 2: 1 headers up to height 139 accepted (new: true)
[2026-09-29T21:34:41.604Z DEBUG blacksilk_p2p::net::blocks] peer 2: block 6681ca5d61bb at height 139 received
[2026-09-29T21:34:41.806Z DEBUG blacksilk_p2p::net::headers] peer 4: 1 headers up to height 139 accepted (new: false)
[2026-09-29T21:34:41.806Z DEBUG blacksilk_p2p::net::headers] peer 1: 1 headers up to height 139 accepted (new: false)
[2026-09-29T21:34:41.827Z DEBUG blacksilk_p2p::net::headers] peer 3: 1 headers up to height 139 accepted (new: false)
[2026-09-29T21:34:46.906Z DEBUG blacksilk_p2p::net::headers] peer 2: 1 headers up to height 140 accepted (new: true)
[2026-09-29T21:34:46.970Z DEBUG blacksilk_p2p::net::blocks] peer 2: block df18684b99e3 at height 140 received
[2026-09-29T21:34:47.053Z DEBUG blacksilk_p2p::net::headers] peer 3: 1 headers up to height 140 accepted (new: false)
[2026-09-29T21:34:48.241Z DEBUG blacksilk_p2p::net::headers] peer 2: 1 headers up to height 141 accepted (new: true)
[2026-09-29T21:34:48.305Z DEBUG blacksilk_p2p::net::blocks] peer 2: block c2a78b995089 at height 141 received
[2026-09-29T21:34:48.392Z DEBUG blacksilk_p2p::net::headers] peer 3: 1 headers up to height 141 accepted (new: false)
[2026-09-29T21:34:48.588Z DEBUG blacksilk_p2p::net::headers] peer 4: 1 headers up to height 141 accepted (new: false)
[2026-09-29T21:34:48.588Z DEBUG blacksilk_p2p::net::headers] peer 1: 1 headers up to height 141 accepted (new: false)
[2026-09-29T21:34:50.381Z DEBUG blacksilk_p2p::net::headers] peer 2: 1 headers up to height 142 accepted (new: true)
[2026-09-29T21:34:50.459Z DEBUG blacksilk_p2p::net::blocks] peer 2: block 978c5c3e9e43 at height 142 received
[2026-09-29T21:34:52.146Z DEBUG blacksilk_p2p::net::headers] peer 2: 1 headers up to height 143 accepted (new: true)
[2026-09-29T21:34:52.223Z DEBUG blacksilk_p2p::net::blocks] peer 2: block 60644c954058 at height 143 received
[2026-09-29T21:34:52.249Z DEBUG blacksilk_p2p::net::headers] peer 4: 1 headers up to height 143 accepted (new: false)
[2026-09-29T21:34:52.329Z DEBUG blacksilk_p2p::net::headers] peer 3: 1 headers up to height 143 accepted (new: false)
[2026-09-29T21:34:55.316Z DEBUG blacksilk_p2p::net::headers] peer 2: 1 headers up to height 144 accepted (new: true)
[2026-09-29T21:34:55.395Z DEBUG blacksilk_p2p::net::blocks] peer 2: block 08014b3a6091 at height 144 received
[2026-09-29T21:34:55.450Z DEBUG blacksilk_p2p::net::headers] peer 3: 1 headers up to height 144 accepted (new: false)
[2026-09-29T21:34:58.093Z DEBUG blacksilk_p2p::net::headers] peer 2: 1 headers up to height 145 accepted (new: true)
[2026-09-29T21:34:58.154Z DEBUG blacksilk_p2p::net::blocks] peer 2: block d559062076e8 at height 145 received
[2026-09-29T21:34:58.254Z DEBUG blacksilk_p2p::net::headers] peer 1: 1 headers up to height 145 accepted (new: false)
[2026-09-29T21:34:58.255Z DEBUG blacksilk_p2p::net::headers] peer 4: 1 headers up to height 145 accepted (new: false)
[2026-09-29T21:35:00.684Z DEBUG blacksilk_p2p::net::headers] peer 2: 1 headers up to height 146 accepted (new: true)
[2026-09-29T21:35:00.762Z DEBUG blacksilk_p2p::net::blocks] peer 2: block bfda021cb9e7 at height 146 received
[2026-09-29T21:35:00.838Z DEBUG blacksilk_p2p::net::headers] peer 1: 1 headers up to height 146 accepted (new: false)
[2026-09-29T21:35:00.860Z DEBUG blacksilk_p2p::net::headers] peer 4: 1 headers up to height 146 accepted (new: false)
[2026-09-29T21:35:03.429Z DEBUG blacksilk_p2p::net::headers] peer 2: 1 headers up to height 147 accepted (new: true)
[2026-09-29T21:35:03.493Z DEBUG blacksilk_p2p::net::blocks] peer 2: block c00bed193cf8 at height 147 received
[2026-09-29T21:35:09.300Z DEBUG blacksilk_p2p::net::headers] peer 2: 1 headers up to height 148 accepted (new: true)
[2026-09-29T21:35:09.380Z DEBUG blacksilk_p2p::net::blocks] peer 2: block 79bb33db5cc4 at height 148 received
[2026-09-29T21:35:09.472Z DEBUG blacksilk_p2p::net::headers] peer 3: 1 headers up to height 148 accepted (new: false)
[2026-09-29T21:35:09.488Z DEBUG blacksilk_p2p::net::headers] peer 4: 1 headers up to height 148 accepted (new: false)
[2026-09-29T21:35:09.488Z DEBUG blacksilk_p2p::net::headers] peer 1: 1 headers up to height 148 accepted (new: false)
[2026-09-29T21:35:11.442Z DEBUG blacksilk_p2p::net::headers] peer 2: 1 headers up to height 149 accepted (new: true)
[2026-09-29T21:35:11.507Z DEBUG blacksilk_p2p::net::blocks] peer 2: block 4d277446191b at height 149 received
[2026-09-29T21:35:11.575Z DEBUG blacksilk_p2p::net::headers] peer 3: 1 headers up to height 149 accepted (new: false)
[2026-09-29T21:35:11.592Z DEBUG blacksilk_p2p::net::headers] peer 1: 1 headers up to height 149 accepted (new: false)
[2026-09-29T21:35:11.608Z DEBUG blacksilk_p2p::net::headers] peer 4: 1 headers up to height 149 accepted (new: false)
[2026-09-29T21:35:12.504Z DEBUG blacksilk_p2p::net::headers] peer 2: 1 headers up to height 150 accepted (new: true)
[2026-09-29T21:35:12.577Z DEBUG blacksilk_p2p::net::blocks] peer 2: block 3d7dec571164 at height 150 received
[2026-09-29T21:35:12.643Z DEBUG blacksilk_p2p::net::headers] peer 1: 1 headers up to height 150 accepted (new: false)
[2026-09-29T21:35:12.660Z DEBUG blacksilk_p2p::net::headers] peer 3: 1 headers up to height 150 accepted (new: false)
[2026-09-29T21:35:12.660Z DEBUG blacksilk_p2p::net::headers] peer 4: 1 headers up to height 150 accepted (new: false)
[2026-09-29T21:35:13.812Z DEBUG blacksilk_p2p::net::headers] peer 2: 1 headers up to height 151 accepted (new: true)
[2026-09-29T21:35:13.883Z DEBUG blacksilk_p2p::net::blocks] peer 2: block 9840f5567fa3 at height 151 received
[2026-09-29T21:35:13.944Z DEBUG blacksilk_p2p::net::headers] peer 1: 1 headers up to height 151 accepted (new: false)
[2026-09-29T21:35:13.968Z DEBUG blacksilk_p2p::net::headers] peer 4: 1 headers up to height 151 accepted (new: false)
[2026-09-29T21:35:13.985Z DEBUG blacksilk_p2p::net::headers] peer 3: 1 headers up to height 151 accepted (new: false)
[2026-09-29T21:35:19.539Z DEBUG blacksilk_p2p::net::headers] peer 2: 1 headers up to height 152 accepted (new: true)
[2026-09-29T21:35:19.622Z DEBUG blacksilk_p2p::net::blocks] peer 2: block d567fb1ea3f2 at height 152 received
[2026-09-29T21:35:19.756Z DEBUG blacksilk_p2p::net::headers] peer 1: 1 headers up to height 152 accepted (new: false)
[2026-09-29T21:35:19.756Z DEBUG blacksilk_p2p::net::headers] peer 4: 1 headers up to height 152 accepted (new: false)
[2026-09-29T21:35:19.771Z DEBUG blacksilk_p2p::net::headers] peer 3: 1 headers up to height 152 accepted (new: false)
[2026-09-29T21:35:24.583Z DEBUG blacksilk_p2p::net::headers] peer 2: 1 headers up to height 153 accepted (new: true)
[2026-09-29T21:35:24.663Z DEBUG blacksilk_p2p::net::blocks] peer 2: block e01758bdf679 at height 153 received
[2026-09-29T21:35:24.758Z DEBUG blacksilk_p2p::net::headers] peer 1: 1 headers up to height 153 accepted (new: false)
[2026-09-29T21:35:24.758Z DEBUG blacksilk_p2p::net::headers] peer 3: 1 headers up to height 153 accepted (new: false)
[2026-09-29T21:35:24.758Z DEBUG blacksilk_p2p::net::headers] peer 4: 1 headers up to height 153 accepted (new: false)
[2026-09-29T21:35:26.069Z DEBUG blacksilk_p2p::net::headers] peer 2: 1 headers up to height 154 accepted (new: true)
[2026-09-29T21:35:26.139Z DEBUG blacksilk_p2p::net::blocks] peer 2: block 443ff84544f7 at height 154 received
[2026-09-29T21:35:26.322Z DEBUG blacksilk_p2p::net::headers] peer 1: 1 headers up to height 154 accepted (new: false)
[2026-09-29T21:35:26.322Z DEBUG blacksilk_p2p::net::headers] peer 3: 1 headers up to height 154 accepted (new: false)
[2026-09-29T21:35:26.323Z DEBUG blacksilk_p2p::net::headers] peer 4: 1 headers up to height 154 accepted (new: false)
[2026-09-29T21:35:28.405Z DEBUG blacksilk_p2p::net::headers] peer 2: 1 headers up to height 155 accepted (new: true)
[2026-09-29T21:35:28.468Z DEBUG blacksilk_p2p::net::blocks] peer 2: block 017270b52cca at height 155 received
[2026-09-29T21:35:28.669Z DEBUG blacksilk_p2p::net::headers] peer 4: 1 headers up to height 155 accepted (new: false)
[2026-09-29T21:35:28.669Z DEBUG blacksilk_p2p::net::headers] peer 3: 1 headers up to height 155 accepted (new: false)
[2026-09-29T21:35:28.669Z DEBUG blacksilk_p2p::net::headers] peer 1: 1 headers up to height 155 accepted (new: false)
[2026-09-29T21:35:29.941Z DEBUG blacksilk_p2p::net::headers] peer 2: 1 headers up to height 156 accepted (new: true)
[2026-09-29T21:35:30.014Z DEBUG blacksilk_p2p::net::blocks] peer 2: block 0b6c210cf8e1 at height 156 received
[2026-09-29T21:35:30.202Z DEBUG blacksilk_p2p::net::headers] peer 1: 1 headers up to height 156 accepted (new: false)
[2026-09-29T21:35:30.202Z DEBUG blacksilk_p2p::net::headers] peer 4: 1 headers up to height 156 accepted (new: false)
[2026-09-29T21:35:30.202Z DEBUG blacksilk_p2p::net::headers] peer 3: 1 headers up to height 156 accepted (new: false)
[2026-09-29T21:35:32.602Z DEBUG blacksilk_p2p::net::headers] peer 2: 1 headers up to height 157 accepted (new: true)
[2026-09-29T21:35:32.675Z DEBUG blacksilk_p2p::net::blocks] peer 2: block 4e2190b3c290 at height 157 received
[2026-09-29T21:35:32.792Z DEBUG blacksilk_p2p::net::headers] peer 3: 1 headers up to height 157 accepted (new: false)
[2026-09-29T21:35:32.807Z DEBUG blacksilk_p2p::net::headers] peer 4: 1 headers up to height 157 accepted (new: false)
[2026-09-29T21:35:32.824Z DEBUG blacksilk_p2p::net::headers] peer 1: 1 headers up to height 157 accepted (new: false)
[2026-09-29T21:35:35.183Z DEBUG blacksilk_p2p::net::headers] peer 2: 1 headers up to height 158 accepted (new: true)
[2026-09-29T21:35:35.249Z DEBUG blacksilk_p2p::net::blocks] peer 2: block a491c4d210d2 at height 158 received
[2026-09-29T21:35:40.934Z DEBUG blacksilk_p2p::net::headers] peer 2: 1 headers up to height 159 accepted (new: true)
[2026-09-29T21:35:41.015Z DEBUG blacksilk_p2p::net::blocks] peer 2: block 5d0df67f90d7 at height 159 received
[2026-09-29T21:35:41.183Z DEBUG blacksilk_p2p::net::headers] peer 3: 1 headers up to height 159 accepted (new: false)
[2026-09-29T21:35:41.203Z DEBUG blacksilk_p2p::net::headers] peer 4: 1 headers up to height 159 accepted (new: false)
[2026-09-29T21:35:41.218Z DEBUG blacksilk_p2p::net::headers] peer 1: 1 headers up to height 159 accepted (new: false)
[2026-09-29T21:35:43.276Z DEBUG blacksilk_p2p::net::headers] peer 2: 1 headers up to height 160 accepted (new: true)
[2026-09-29T21:35:43.328Z DEBUG blacksilk_p2p::net::blocks] peer 2: block 935ee4482101 at height 160 received
[2026-09-29T21:35:45.336Z DEBUG blacksilk_p2p::net::headers] peer 2: 1 headers up to height 161 accepted (new: true)
[2026-09-29T21:35:45.428Z DEBUG blacksilk_p2p::net::blocks] peer 2: block 6a36183ee5dd at height 161 received
[2026-09-29T21:35:52.612Z DEBUG blacksilk_p2p::net::headers] peer 2: 1 headers up to height 162 accepted (new: true)
[2026-09-29T21:35:52.673Z DEBUG blacksilk_p2p::net::blocks] peer 2: block c740653cd279 at height 162 received
[2026-09-29T21:35:53.895Z DEBUG blacksilk_p2p::net::headers] peer 2: 1 headers up to height 163 accepted (new: true)
[2026-09-29T21:35:53.944Z DEBUG blacksilk_p2p::net::blocks] peer 2: block 2d55e8daff50 at height 163 received
[2026-09-29T21:35:58.300Z DEBUG blacksilk_p2p::net::headers] peer 2: 1 headers up to height 164 accepted (new: true)
[2026-09-29T21:35:58.377Z DEBUG blacksilk_p2p::net::blocks] peer 2: block 475f4b9b42db at height 164 received
[2026-09-29T21:35:58.410Z DEBUG blacksilk_p2p::net::headers] peer 3: 1 headers up to height 164 accepted (new: false)
[2026-09-29T21:36:00.460Z DEBUG blacksilk_p2p::net::headers] peer 2: 1 headers up to height 165 accepted (new: true)
[2026-09-29T21:36:00.518Z DEBUG blacksilk_p2p::net::blocks] peer 2: block fe70fff6cc22 at height 165 received
[2026-09-29T21:36:00.538Z DEBUG blacksilk_p2p::net::headers] peer 3: 1 headers up to height 165 accepted (new: false)
[2026-09-29T21:36:02.202Z DEBUG blacksilk_p2p::net::headers] peer 2: 1 headers up to height 166 accepted (new: true)
[2026-09-29T21:36:02.273Z DEBUG blacksilk_p2p::net::blocks] peer 2: block 1030ed235f43 at height 166 received
[2026-09-29T21:36:02.356Z DEBUG blacksilk_p2p::net::headers] peer 3: 1 headers up to height 166 accepted (new: false)
[2026-09-29T21:36:07.402Z DEBUG blacksilk_p2p::net::headers] peer 2: 1 headers up to height 167 accepted (new: true)
[2026-09-29T21:36:07.482Z DEBUG blacksilk_p2p::net::blocks] peer 2: block b2212b399c2b at height 167 received
[2026-09-29T21:36:07.589Z DEBUG blacksilk_p2p::net::headers] peer 3: 1 headers up to height 167 accepted (new: false)
[2026-09-29T21:36:10.830Z DEBUG blacksilk_p2p::net::headers] peer 2: 1 headers up to height 168 accepted (new: true)
[2026-09-29T21:36:10.909Z DEBUG blacksilk_p2p::net::blocks] peer 2: block 6f1e736ab59c at height 168 received
[2026-09-29T21:36:10.983Z DEBUG blacksilk_p2p::net::headers] peer 3: 1 headers up to height 168 accepted (new: false)
[2026-09-29T21:36:11.048Z DEBUG blacksilk_p2p::net::headers] peer 1: 1 headers up to height 168 accepted (new: false)
[2026-09-29T21:36:11.092Z DEBUG blacksilk_p2p::net::headers] peer 4: 1 headers up to height 168 accepted (new: false)
[2026-09-29T21:36:12.921Z DEBUG blacksilk_p2p::net::headers] peer 2: 1 headers up to height 169 accepted (new: true)
[2026-09-29T21:36:12.988Z DEBUG blacksilk_p2p::net::blocks] peer 2: block 10bfa6fd2516 at height 169 received
[2026-09-29T21:36:13.052Z DEBUG blacksilk_p2p::net::headers] peer 3: 1 headers up to height 169 accepted (new: false)
[2026-09-29T21:36:13.120Z DEBUG blacksilk_p2p::net::headers] peer 1: 1 headers up to height 169 accepted (new: false)
[2026-09-29T21:36:13.154Z DEBUG blacksilk_p2p::net::headers] peer 4: 1 headers up to height 169 accepted (new: false)
[2026-09-29T21:36:14.200Z DEBUG blacksilk_p2p::net::headers] peer 2: 1 headers up to height 170 accepted (new: true)
[2026-09-29T21:36:14.274Z DEBUG blacksilk_p2p::net::blocks] peer 2: block 5569c4f86d4d at height 170 received
[2026-09-29T21:36:14.354Z DEBUG blacksilk_p2p::net::headers] peer 3: 1 headers up to height 170 accepted (new: false)
[2026-09-29T21:36:18.397Z DEBUG blacksilk_p2p::net::headers] peer 2: 1 headers up to height 171 accepted (new: true)
[2026-09-29T21:36:18.461Z DEBUG blacksilk_p2p::net::blocks] peer 2: block 2bababcd250e at height 171 received
[2026-09-29T21:36:18.538Z DEBUG blacksilk_p2p::net::headers] peer 3: 1 headers up to height 171 accepted (new: false)
[2026-09-29T21:36:23.925Z DEBUG blacksilk_p2p::net::headers] peer 2: 1 headers up to height 172 accepted (new: true)
[2026-09-29T21:36:23.987Z DEBUG blacksilk_p2p::net::blocks] peer 2: block c26997bac378 at height 172 received
[2026-09-29T21:36:24.093Z DEBUG blacksilk_p2p::net::headers] peer 3: 1 headers up to height 172 accepted (new: false)
[2026-09-29T21:36:24.134Z DEBUG blacksilk_p2p::net::headers] peer 1: 1 headers up to height 172 accepted (new: false)
[2026-09-29T21:36:24.134Z DEBUG blacksilk_p2p::net::headers] peer 4: 1 headers up to height 172 accepted (new: false)
[2026-09-29T21:36:27.503Z DEBUG blacksilk_p2p::net::headers] peer 2: 1 headers up to height 173 accepted (new: true)
[2026-09-29T21:36:27.528Z DEBUG blacksilk_p2p::net::headers] peer 3: 1 headers up to height 173 accepted (new: false)
[2026-09-29T21:36:27.528Z DEBUG blacksilk_p2p::net::headers] peer 1: 1 headers up to height 173 accepted (new: false)
[2026-09-29T21:36:27.577Z DEBUG blacksilk_p2p::net::blocks] peer 2: block 577c4439f624 at height 173 received
[2026-09-29T21:36:27.824Z DEBUG blacksilk_p2p::net::headers] peer 4: 1 headers up to height 173 accepted (new: false)
[2026-09-29T21:36:35.685Z DEBUG blacksilk_p2p::net::headers] peer 2: 1 headers up to height 174 accepted (new: true)
[2026-09-29T21:36:35.755Z DEBUG blacksilk_p2p::net::blocks] peer 2: block 0fc9ae366b37 at height 174 received
[2026-09-29T21:36:35.935Z DEBUG blacksilk_p2p::net::headers] peer 4: 1 headers up to height 174 accepted (new: false)
[2026-09-29T21:36:35.936Z DEBUG blacksilk_p2p::net::headers] peer 1: 1 headers up to height 174 accepted (new: false)
[2026-09-29T21:36:35.936Z DEBUG blacksilk_p2p::net::headers] peer 3: 1 headers up to height 174 accepted (new: false)
[2026-09-29T21:36:41.433Z DEBUG blacksilk_p2p::net::headers] peer 2: 1 headers up to height 175 accepted (new: true)
[2026-09-29T21:36:41.497Z DEBUG blacksilk_p2p::net::blocks] peer 2: block 1ea5d814abf1 at height 175 received
[2026-09-29T21:36:41.649Z DEBUG blacksilk_p2p::net::headers] peer 1: 1 headers up to height 175 accepted (new: false)
[2026-09-29T21:36:41.649Z DEBUG blacksilk_p2p::net::headers] peer 3: 1 headers up to height 175 accepted (new: false)
[2026-09-29T21:36:41.666Z DEBUG blacksilk_p2p::net::headers] peer 4: 1 headers up to height 175 accepted (new: false)
[2026-09-29T21:37:03.030Z DEBUG blacksilk_p2p::net::headers] peer 2: 1 headers up to height 176 accepted (new: true)
[2026-09-29T21:37:03.031Z DEBUG blacksilk_p2p::net::headers] peer 4: 1 headers up to height 176 accepted (new: false)
[2026-09-29T21:37:03.031Z DEBUG blacksilk_p2p::net::headers] peer 3: 1 headers up to height 176 accepted (new: false)
[2026-09-29T21:37:03.099Z DEBUG blacksilk_p2p::net::blocks] peer 2: block 5e3aabdbefe6 at height 176 received
[2026-09-29T21:37:03.103Z DEBUG blacksilk_p2p::net::headers] peer 1: 1 headers up to height 176 accepted (new: false)
[2026-09-29T21:37:14.512Z DEBUG blacksilk_p2p::net::headers] peer 2: 1 headers up to height 177 accepted (new: true)
[2026-09-29T21:37:14.584Z DEBUG blacksilk_p2p::net::blocks] peer 2: block fa4b1b4140e8 at height 177 received
[2026-09-29T21:37:14.800Z DEBUG blacksilk_p2p::net::headers] peer 3: 1 headers up to height 177 accepted (new: false)
[2026-09-29T21:37:14.800Z DEBUG blacksilk_p2p::net::headers] peer 4: 1 headers up to height 177 accepted (new: false)
[2026-09-29T21:37:16.812Z DEBUG blacksilk_p2p::net::headers] peer 2: 1 headers up to height 178 accepted (new: true)
[2026-09-29T21:37:16.880Z DEBUG blacksilk_p2p::net::blocks] peer 2: block febcce96540e at height 178 received
[2026-09-29T21:37:16.908Z DEBUG blacksilk_p2p::net::headers] peer 1: 1 headers up to height 178 accepted (new: false)
[2026-09-29T21:37:17.132Z DEBUG blacksilk_p2p::net::headers] peer 4: 1 headers up to height 178 accepted (new: false)
[2026-09-29T21:37:17.132Z DEBUG blacksilk_p2p::net::headers] peer 3: 1 headers up to height 178 accepted (new: false)
[2026-09-29T21:37:26.463Z DEBUG blacksilk_p2p::net::headers] peer 2: 1 headers up to height 179 accepted (new: true)
[2026-09-29T21:37:26.537Z DEBUG blacksilk_p2p::net::blocks] peer 2: block d4cadda19f6a at height 179 received
[2026-09-29T21:37:26.752Z DEBUG blacksilk_p2p::net::headers] peer 4: 1 headers up to height 179 accepted (new: false)
[2026-09-29T21:37:26.769Z DEBUG blacksilk_p2p::net::headers] peer 3: 1 headers up to height 179 accepted (new: false)
[2026-09-29T21:37:37.361Z DEBUG blacksilk_p2p::net::headers] peer 2: 1 headers up to height 180 accepted (new: true)
[2026-09-29T21:37:37.418Z DEBUG blacksilk_p2p::net::blocks] peer 2: block 75949c4a176e at height 180 received
[2026-09-29T21:37:37.469Z DEBUG blacksilk_p2p::net::headers] peer 4: 1 headers up to height 180 accepted (new: false)
[2026-09-29T21:37:38.897Z DEBUG blacksilk_p2p::net::headers] peer 2: 1 headers up to height 181 accepted (new: true)
[2026-09-29T21:37:38.955Z DEBUG blacksilk_p2p::net::blocks] peer 2: block c49416d117d7 at height 181 received
[2026-09-29T21:37:39.016Z DEBUG blacksilk_p2p::net::headers] peer 4: 1 headers up to height 181 accepted (new: false)
[2026-09-29T21:37:41.479Z DEBUG blacksilk_p2p::net::headers] peer 2: 1 headers up to height 182 accepted (new: true)
[2026-09-29T21:37:41.560Z DEBUG blacksilk_p2p::net::blocks] peer 2: block c0c35935ec5d at height 182 received
[2026-09-29T21:37:41.608Z DEBUG blacksilk_p2p::net::headers] peer 4: 1 headers up to height 182 accepted (new: false)
[2026-09-29T21:37:42.563Z DEBUG blacksilk_p2p::net::headers] peer 2: 1 headers up to height 183 accepted (new: true)
[2026-09-29T21:37:42.629Z DEBUG blacksilk_p2p::net::blocks] peer 2: block 1017f818a523 at height 183 received
[2026-09-29T21:37:42.712Z DEBUG blacksilk_p2p::net::headers] peer 3: 1 headers up to height 183 accepted (new: false)
[2026-09-29T21:37:42.813Z DEBUG blacksilk_p2p::net::headers] peer 1: 1 headers up to height 183 accepted (new: false)
[2026-09-29T21:37:42.919Z DEBUG blacksilk_p2p::net::headers] peer 4: 1 headers up to height 183 accepted (new: false)
[2026-09-29T21:37:46.951Z DEBUG blacksilk_p2p::net::headers] peer 2: 1 headers up to height 184 accepted (new: true)
[2026-09-29T21:37:47.037Z DEBUG blacksilk_p2p::net::blocks] peer 2: block 09fed550a580 at height 184 received
[2026-09-29T21:37:47.094Z DEBUG blacksilk_p2p::net::headers] peer 4: 1 headers up to height 184 accepted (new: false)
[2026-09-29T21:37:48.522Z DEBUG blacksilk_p2p::net::headers] peer 2: 1 headers up to height 185 accepted (new: true)
[2026-09-29T21:37:48.592Z DEBUG blacksilk_p2p::net::blocks] peer 2: block acf96f3b79c5 at height 185 received
[2026-09-29T21:37:48.671Z DEBUG blacksilk_p2p::net::headers] peer 4: 1 headers up to height 185 accepted (new: false)
[2026-09-29T21:37:48.714Z DEBUG blacksilk_p2p::net::headers] peer 3: 1 headers up to height 185 accepted (new: false)
[2026-09-29T21:37:50.059Z DEBUG blacksilk_p2p::net::headers] peer 2: 1 headers up to height 186 accepted (new: true)
[2026-09-29T21:37:50.129Z DEBUG blacksilk_p2p::net::blocks] peer 2: block 9d93d29ad493 at height 186 received
[2026-09-29T21:37:50.251Z DEBUG blacksilk_p2p::net::headers] peer 4: 1 headers up to height 186 accepted (new: false)
[2026-09-29T21:37:50.275Z DEBUG blacksilk_p2p::net::headers] peer 3: 1 headers up to height 186 accepted (new: false)
[2026-09-29T21:37:52.979Z DEBUG blacksilk_p2p::net::headers] peer 2: 1 headers up to height 187 accepted (new: true)
[2026-09-29T21:37:53.061Z DEBUG blacksilk_p2p::net::blocks] peer 2: block b8c330e91f65 at height 187 received
[2026-09-29T21:37:53.167Z DEBUG blacksilk_p2p::net::headers] peer 3: 1 headers up to height 187 accepted (new: false)
[2026-09-29T21:37:53.167Z DEBUG blacksilk_p2p::net::headers] peer 4: 1 headers up to height 187 accepted (new: false)
[2026-09-29T21:37:55.304Z DEBUG blacksilk_p2p::net::headers] peer 2: 1 headers up to height 188 accepted (new: true)
[2026-09-29T21:37:55.364Z DEBUG blacksilk_p2p::net::blocks] peer 2: block 758e1d11a16d at height 188 received
[2026-09-29T21:37:55.488Z DEBUG blacksilk_p2p::net::headers] peer 4: 1 headers up to height 188 accepted (new: false)
[2026-09-29T21:37:55.505Z DEBUG blacksilk_p2p::net::headers] peer 3: 1 headers up to height 188 accepted (new: false)
[2026-09-29T21:38:00.846Z DEBUG blacksilk_p2p::net::headers] peer 2: 1 headers up to height 189 accepted (new: true)
[2026-09-29T21:38:00.906Z DEBUG blacksilk_p2p::net::blocks] peer 2: block 9469e9d08411 at height 189 received
[2026-09-29T21:38:00.986Z DEBUG blacksilk_p2p::net::headers] peer 4: 1 headers up to height 189 accepted (new: false)
[2026-09-29T21:38:00.986Z DEBUG blacksilk_p2p::net::headers] peer 3: 1 headers up to height 189 accepted (new: false)
[2026-09-29T21:38:33.350Z DEBUG blacksilk_p2p::net::headers] peer 2: 1 headers up to height 190 accepted (new: true)
[2026-09-29T21:38:33.425Z DEBUG blacksilk_p2p::net::blocks] peer 2: block 12ef20a733e8 at height 190 received
[2026-09-29T21:38:33.492Z DEBUG blacksilk_p2p::net::headers] peer 1: 1 headers up to height 190 accepted (new: false)
[2026-09-29T21:38:33.492Z DEBUG blacksilk_p2p::net::headers] peer 4: 1 headers up to height 190 accepted (new: false)
[2026-09-29T21:38:33.493Z DEBUG blacksilk_p2p::net::headers] peer 3: 1 headers up to height 190 accepted (new: false)
[2026-09-29T21:38:37.613Z DEBUG blacksilk_p2p::net::headers] peer 2: 1 headers up to height 191 accepted (new: true)
[2026-09-29T21:38:37.681Z DEBUG blacksilk_p2p::net::blocks] peer 2: block 1b0e9becf784 at height 191 received
[2026-09-29T21:38:37.939Z DEBUG blacksilk_p2p::net::headers] peer 3: 1 headers up to height 191 accepted (new: false)
[2026-09-29T21:38:37.939Z DEBUG blacksilk_p2p::net::headers] peer 4: 1 headers up to height 191 accepted (new: false)
[2026-09-29T21:38:37.939Z DEBUG blacksilk_p2p::net::headers] peer 1: 1 headers up to height 191 accepted (new: false)
[2026-09-29T21:38:43.027Z DEBUG blacksilk_p2p::net::headers] peer 2: 1 headers up to height 192 accepted (new: true)
[2026-09-29T21:38:43.088Z DEBUG blacksilk_p2p::net::blocks] peer 2: block a8be1727358e at height 192 received
[2026-09-29T21:38:43.210Z DEBUG blacksilk_p2p::net::headers] peer 3: 1 headers up to height 192 accepted (new: false)
[2026-09-29T21:38:43.210Z DEBUG blacksilk_p2p::net::headers] peer 1: 1 headers up to height 192 accepted (new: false)
[2026-09-29T21:38:43.211Z DEBUG blacksilk_p2p::net::headers] peer 4: 1 headers up to height 192 accepted (new: false)
[2026-09-29T21:38:44.643Z DEBUG blacksilk_p2p::net::headers] peer 2: 1 headers up to height 193 accepted (new: true)
[2026-09-29T21:38:44.707Z DEBUG blacksilk_p2p::net::blocks] peer 2: block 2a005d5f7cb5 at height 193 received
[2026-09-29T21:38:44.782Z DEBUG blacksilk_p2p::net::headers] peer 4: 1 headers up to height 193 accepted (new: false)
[2026-09-29T21:38:44.782Z DEBUG blacksilk_p2p::net::headers] peer 1: 1 headers up to height 193 accepted (new: false)
[2026-09-29T21:38:44.782Z DEBUG blacksilk_p2p::net::headers] peer 3: 1 headers up to height 193 accepted (new: false)
[2026-09-29T21:38:45.917Z DEBUG blacksilk_p2p::net::headers] peer 2: 1 headers up to height 194 accepted (new: true)
[2026-09-29T21:38:45.978Z DEBUG blacksilk_p2p::net::blocks] peer 2: block 300c0650085b at height 194 received
[2026-09-29T21:38:46.065Z DEBUG blacksilk_p2p::net::headers] peer 3: 1 headers up to height 194 accepted (new: false)
[2026-09-29T21:38:46.065Z DEBUG blacksilk_p2p::net::headers] peer 1: 1 headers up to height 194 accepted (new: false)
[2026-09-29T21:38:46.065Z DEBUG blacksilk_p2p::net::headers] peer 4: 1 headers up to height 194 accepted (new: false)
[2026-09-29T21:38:50.333Z DEBUG blacksilk_p2p::net::headers] peer 2: 1 headers up to height 195 accepted (new: true)
[2026-09-29T21:38:50.419Z DEBUG blacksilk_p2p::net::blocks] peer 2: block 9190562df5f8 at height 195 received
[2026-09-29T21:38:50.517Z DEBUG blacksilk_p2p::net::headers] peer 4: 1 headers up to height 195 accepted (new: false)
[2026-09-29T21:38:50.517Z DEBUG blacksilk_p2p::net::headers] peer 3: 1 headers up to height 195 accepted (new: false)
[2026-09-29T21:38:50.517Z DEBUG blacksilk_p2p::net::headers] peer 1: 1 headers up to height 195 accepted (new: false)
[2026-09-29T21:38:52.388Z DEBUG blacksilk_p2p::net::headers] peer 2: 1 headers up to height 196 accepted (new: true)
[2026-09-29T21:38:52.454Z DEBUG blacksilk_p2p::net::blocks] peer 2: block 6816fcdcb343 at height 196 received
[2026-09-29T21:38:52.587Z DEBUG blacksilk_p2p::net::headers] peer 3: 1 headers up to height 196 accepted (new: false)
[2026-09-29T21:38:52.587Z DEBUG blacksilk_p2p::net::headers] peer 4: 1 headers up to height 196 accepted (new: false)
[2026-09-29T21:38:52.587Z DEBUG blacksilk_p2p::net::headers] peer 1: 1 headers up to height 196 accepted (new: false)
[2026-09-29T21:38:55.524Z DEBUG blacksilk_p2p::net::headers] peer 2: 1 headers up to height 197 accepted (new: true)
[2026-09-29T21:38:55.592Z DEBUG blacksilk_p2p::net::blocks] peer 2: block d674e9590dc9 at height 197 received
[2026-09-29T21:38:55.752Z DEBUG blacksilk_p2p::net::headers] peer 1: 1 headers up to height 197 accepted (new: false)
[2026-09-29T21:38:55.752Z DEBUG blacksilk_p2p::net::headers] peer 4: 1 headers up to height 197 accepted (new: false)
[2026-09-29T21:38:55.752Z DEBUG blacksilk_p2p::net::headers] peer 3: 1 headers up to height 197 accepted (new: false)
[2026-09-29T21:38:57.338Z DEBUG blacksilk_p2p::net::headers] peer 2: 1 headers up to height 198 accepted (new: true)
[2026-09-29T21:38:57.410Z DEBUG blacksilk_p2p::net::blocks] peer 2: block 29566710d971 at height 198 received
[2026-09-29T21:38:57.579Z DEBUG blacksilk_p2p::net::headers] peer 1: 1 headers up to height 198 accepted (new: false)
[2026-09-29T21:38:57.579Z DEBUG blacksilk_p2p::net::headers] peer 3: 1 headers up to height 198 accepted (new: false)
[2026-09-29T21:38:57.579Z DEBUG blacksilk_p2p::net::headers] peer 4: 1 headers up to height 198 accepted (new: false)
[2026-09-29T21:39:00.999Z DEBUG blacksilk_p2p::net::headers] peer 2: 1 headers up to height 199 accepted (new: true)
[2026-09-29T21:39:01.084Z DEBUG blacksilk_p2p::net::blocks] peer 2: block 5ffc639280c7 at height 199 received
[2026-09-29T21:39:01.216Z DEBUG blacksilk_p2p::net::headers] peer 4: 1 headers up to height 199 accepted (new: false)
[2026-09-29T21:39:01.253Z DEBUG blacksilk_p2p::net::headers] peer 3: 1 headers up to height 199 accepted (new: false)
[2026-09-29T21:39:01.253Z DEBUG blacksilk_p2p::net::headers] peer 1: 1 headers up to height 199 accepted (new: false)
[2026-09-29T21:39:09.891Z DEBUG blacksilk_p2p::net::headers] peer 2: 1 headers up to height 200 accepted (new: true)
[2026-09-29T21:39:09.947Z DEBUG blacksilk_p2p::net::blocks] peer 2: block 9dd0ab775e77 at height 200 received
[2026-09-29T21:39:10.071Z DEBUG blacksilk_p2p::net::headers] peer 4: 1 headers up to height 200 accepted (new: false)
[2026-09-29T21:39:10.098Z DEBUG blacksilk_p2p::net::headers] peer 1: 1 headers up to height 200 accepted (new: false)
[2026-09-29T21:39:10.098Z DEBUG blacksilk_p2p::net::headers] peer 3: 1 headers up to height 200 accepted (new: false)
[2026-09-29T21:39:10.929Z DEBUG blacksilk_p2p::net::headers] peer 2: 1 headers up to height 201 accepted (new: true)
[2026-09-29T21:39:11.008Z DEBUG blacksilk_p2p::net::blocks] peer 2: block 2a02c1723b20 at height 201 received
[2026-09-29T21:39:11.139Z DEBUG blacksilk_p2p::net::headers] peer 3: 1 headers up to height 201 accepted (new: false)
[2026-09-29T21:39:11.139Z DEBUG blacksilk_p2p::net::headers] peer 4: 1 headers up to height 201 accepted (new: false)
[2026-09-29T21:39:11.150Z DEBUG blacksilk_p2p::net::headers] peer 1: 1 headers up to height 201 accepted (new: false)
[2026-09-29T21:39:24.082Z DEBUG blacksilk_p2p::net::headers] peer 2: 1 headers up to height 202 accepted (new: true)
[2026-09-29T21:39:24.154Z DEBUG blacksilk_p2p::net::blocks] peer 2: block 8c20f30f28ae at height 202 received
[2026-09-29T21:39:24.214Z DEBUG blacksilk_p2p::net::headers] peer 4: 1 headers up to height 202 accepted (new: false)
[2026-09-29T21:39:24.214Z DEBUG blacksilk_p2p::net::headers] peer 3: 1 headers up to height 202 accepted (new: false)
[2026-09-29T21:39:24.234Z DEBUG blacksilk_p2p::net::headers] peer 1: 1 headers up to height 202 accepted (new: false)
[2026-09-29T21:39:29.188Z DEBUG blacksilk_p2p::net::headers] peer 2: 1 headers up to height 203 accepted (new: true)
[2026-09-29T21:39:29.272Z DEBUG blacksilk_p2p::net::blocks] peer 2: block dd04ac9fe82a at height 203 received
[2026-09-29T21:39:29.417Z DEBUG blacksilk_p2p::net::headers] peer 4: 1 headers up to height 203 accepted (new: false)
[2026-09-29T21:39:29.444Z DEBUG blacksilk_p2p::net::headers] peer 3: 1 headers up to height 203 accepted (new: false)
[2026-09-29T21:39:34.001Z DEBUG blacksilk_p2p::net::headers] peer 2: 1 headers up to height 204 accepted (new: true)
[2026-09-29T21:39:34.071Z DEBUG blacksilk_p2p::net::blocks] peer 2: block 93cd6bdab616 at height 204 received
[2026-09-29T21:39:34.196Z DEBUG blacksilk_p2p::net::headers] peer 4: 1 headers up to height 204 accepted (new: false)
[2026-09-29T21:39:38.977Z DEBUG blacksilk_p2p::net::headers] peer 2: 1 headers up to height 205 accepted (new: true)
[2026-09-29T21:39:39.027Z DEBUG blacksilk_p2p::net::blocks] peer 2: block 749f2b839006 at height 205 received
[2026-09-29T21:39:39.129Z DEBUG blacksilk_p2p::net::headers] peer 1: 1 headers up to height 205 accepted (new: false)
[2026-09-29T21:39:39.129Z DEBUG blacksilk_p2p::net::headers] peer 4: 1 headers up to height 205 accepted (new: false)
[2026-09-29T21:39:39.170Z DEBUG blacksilk_p2p::net::headers] peer 3: 1 headers up to height 205 accepted (new: false)
[2026-09-29T21:40:05.707Z DEBUG blacksilk_p2p::net::headers] peer 2: 1 headers up to height 206 accepted (new: true)
[2026-09-29T21:40:05.768Z DEBUG blacksilk_p2p::net::blocks] peer 2: block f82616799a78 at height 206 received
[2026-09-29T21:40:05.935Z DEBUG blacksilk_p2p::net::headers] peer 1: 1 headers up to height 206 accepted (new: false)
[2026-09-29T21:40:05.950Z DEBUG blacksilk_p2p::net::headers] peer 4: 1 headers up to height 206 accepted (new: false)
[2026-09-29T21:40:05.968Z DEBUG blacksilk_p2p::net::headers] peer 3: 1 headers up to height 206 accepted (new: false)
[2026-09-29T21:40:20.547Z DEBUG blacksilk_p2p::net::headers] peer 2: 1 headers up to height 207 accepted (new: true)
[2026-09-29T21:40:20.641Z DEBUG blacksilk_p2p::net::blocks] peer 2: block 8172cb543c3d at height 207 received
[2026-09-29T21:40:20.703Z DEBUG blacksilk_p2p::net::headers] peer 4: 1 headers up to height 207 accepted (new: false)
[2026-09-29T21:40:20.823Z DEBUG blacksilk_p2p::net::headers] peer 3: 1 headers up to height 207 accepted (new: false)
[2026-09-29T21:40:20.958Z DEBUG blacksilk_p2p::net::headers] peer 1: 1 headers up to height 207 accepted (new: false)
[2026-09-29T21:40:52.828Z DEBUG blacksilk_p2p::net::headers] peer 2: 1 headers up to height 208 accepted (new: true)
[2026-09-29T21:40:52.908Z DEBUG blacksilk_p2p::net::blocks] peer 2: block 3c52ca985477 at height 208 received
[2026-09-29T21:40:53.029Z DEBUG blacksilk_p2p::net::headers] peer 1: 1 headers up to height 208 accepted (new: false)
[2026-09-29T21:40:53.029Z DEBUG blacksilk_p2p::net::headers] peer 4: 1 headers up to height 208 accepted (new: false)
[2026-09-29T21:41:09.055Z DEBUG blacksilk_p2p::net::headers] peer 2: 1 headers up to height 209 accepted (new: true)
[2026-09-29T21:41:09.126Z DEBUG blacksilk_p2p::net::blocks] peer 2: block 5710e4d9673d at height 209 received
[2026-09-29T21:41:09.434Z DEBUG blacksilk_p2p::net::headers] peer 1: 1 headers up to height 209 accepted (new: false)
[2026-09-29T21:41:13.128Z DEBUG blacksilk_p2p::net::headers] peer 2: 1 headers up to height 210 accepted (new: true)
[2026-09-29T21:41:13.224Z DEBUG blacksilk_p2p::net::blocks] peer 2: block 307ddbb32422 at height 210 received
[2026-09-29T21:41:13.257Z DEBUG blacksilk_p2p::net::headers] peer 3: 1 headers up to height 210 accepted (new: false)
[2026-09-29T21:41:13.295Z DEBUG blacksilk_p2p::net::headers] peer 4: 1 headers up to height 210 accepted (new: false)
[2026-09-29T21:41:17.327Z DEBUG blacksilk_p2p::net::headers] peer 2: 1 headers up to height 211 accepted (new: true)
[2026-09-29T21:41:17.398Z DEBUG blacksilk_p2p::net::blocks] peer 2: block 96adfb14623b at height 211 received
[2026-09-29T21:41:17.398Z DEBUG blacksilk_p2p::net::headers] peer 3: 1 headers up to height 211 accepted (new: false)
[2026-09-29T21:41:17.401Z DEBUG blacksilk_p2p::net::headers] peer 1: 1 headers up to height 211 accepted (new: false)
[2026-09-29T21:41:17.401Z DEBUG blacksilk_p2p::net::headers] peer 4: 1 headers up to height 211 accepted (new: false)
[2026-09-29T21:41:34.847Z DEBUG blacksilk_p2p::net::headers] peer 4: 1 headers up to height 212 accepted (new: true)
[2026-09-29T21:41:34.958Z DEBUG blacksilk_p2p::net::blocks] peer 4: block 75b5848bfac5 at height 212 received
[2026-09-29T21:41:35.031Z DEBUG blacksilk_p2p::net::headers] peer 3: 1 headers up to height 212 accepted (new: false)
[2026-09-29T21:41:35.108Z DEBUG blacksilk_p2p::net::headers] peer 2: 1 headers up to height 212 accepted (new: false)
[2026-09-29T21:41:35.159Z DEBUG blacksilk_p2p::net::headers] peer 1: 1 headers up to height 212 accepted (new: false)
[2026-09-29T21:41:42.184Z DEBUG blacksilk_p2p::net::headers] peer 4: 1 headers up to height 213 accepted (new: true)
[2026-09-29T21:41:42.257Z DEBUG blacksilk_p2p::net::blocks] peer 4: block 43719561d742 at height 213 received
[2026-09-29T21:41:42.327Z DEBUG blacksilk_p2p::net::headers] peer 3: 1 headers up to height 213 accepted (new: false)
[2026-09-29T21:41:42.343Z DEBUG blacksilk_p2p::net::headers] peer 1: 1 headers up to height 213 accepted (new: false)
[2026-09-29T21:41:45.287Z DEBUG blacksilk_p2p::net::headers] peer 4: 1 headers up to height 214 accepted (new: true)
[2026-09-29T21:41:45.287Z DEBUG blacksilk_p2p::net::headers] peer 3: 1 headers up to height 214 accepted (new: false)
[2026-09-29T21:41:45.355Z DEBUG blacksilk_p2p::net::blocks] peer 4: block 96485a3a8bde at height 214 received
[2026-09-29T21:41:45.541Z DEBUG blacksilk_p2p::net::headers] peer 2: 1 headers up to height 214 accepted (new: false)
[2026-09-29T21:41:49.471Z DEBUG blacksilk_p2p::net::headers] peer 4: 1 headers up to height 215 accepted (new: true)
[2026-09-29T21:41:49.471Z DEBUG blacksilk_p2p::net::headers] peer 2: 1 headers up to height 215 accepted (new: false)
[2026-09-29T21:41:49.531Z DEBUG blacksilk_p2p::net::blocks] peer 4: block 6e891091d58e at height 215 received
[2026-09-29T21:41:49.580Z DEBUG blacksilk_p2p::net::headers] peer 3: 1 headers up to height 215 accepted (new: false)
[2026-09-29T21:41:49.697Z DEBUG blacksilk_p2p::net::headers] peer 1: 1 headers up to height 215 accepted (new: false)
[2026-09-29T21:41:54.493Z DEBUG blacksilk_p2p::net::headers] peer 4: 1 headers up to height 216 accepted (new: true)
[2026-09-29T21:41:54.526Z DEBUG blacksilk_p2p::net::headers] peer 3: 1 headers up to height 216 accepted (new: false)
[2026-09-29T21:41:54.609Z DEBUG blacksilk_p2p::net::blocks] peer 4: block 4038035b0cb9 at height 216 received
[2026-09-29T21:41:54.673Z DEBUG blacksilk_p2p::net::headers] peer 1: 1 headers up to height 216 accepted (new: false)
[2026-09-29T21:42:01.398Z DEBUG blacksilk_p2p::net::headers] peer 2: 1 headers up to height 217 accepted (new: true)
[2026-09-29T21:42:01.465Z DEBUG blacksilk_p2p::net::blocks] peer 2: block feb9e086d0a8 at height 217 received
[2026-09-29T21:42:01.767Z DEBUG blacksilk_p2p::net::headers] peer 3: 1 headers up to height 217 accepted (new: false)
[2026-09-29T21:42:07.853Z DEBUG blacksilk_p2p::net::headers] peer 2: 1 headers up to height 218 accepted (new: true)
[2026-09-29T21:42:08.011Z DEBUG blacksilk_p2p::net::blocks] peer 2: block ab037b835e3b at height 218 received
[2026-09-29T21:42:08.288Z DEBUG blacksilk_p2p::net::headers] peer 4: 1 headers up to height 218 accepted (new: false)
[2026-09-29T21:42:08.336Z DEBUG blacksilk_p2p::net::headers] peer 3: 1 headers up to height 218 accepted (new: false)
[2026-09-29T21:42:14.798Z DEBUG blacksilk_p2p::net::headers] peer 4: 1 headers up to height 219 accepted (new: true)
[2026-09-29T21:42:14.970Z DEBUG blacksilk_p2p::net::blocks] peer 4: block 60a55843a43b at height 219 received
[2026-09-29T21:42:15.845Z DEBUG blacksilk_p2p::net::headers] peer 2: 1 headers up to height 219 accepted (new: true)
[2026-09-29T21:42:15.846Z DEBUG blacksilk_p2p::net::headers] peer 1: 1 headers up to height 219 accepted (new: false)
[2026-09-29T21:42:15.846Z DEBUG blacksilk_p2p::net::headers] peer 3: 1 headers up to height 219 accepted (new: false)
[2026-09-29T21:42:28.434Z DEBUG blacksilk_p2p::net::headers] peer 2: 1 headers up to height 220 accepted (new: true)
[2026-09-29T21:42:28.458Z DEBUG blacksilk_p2p::net::headers] peer 4: 1 headers up to height 220 accepted (new: false)
[2026-09-29T21:42:28.517Z DEBUG blacksilk_p2p::net::blocks] peer 4: block 744cce4cfdd8 at height 219 received
[2026-09-29T21:42:28.520Z DEBUG blacksilk_p2p::net::blocks] peer 2: block ed471bc8d37d at height 220 received
[2026-09-29T21:42:28.522Z INFO  blacksilk_chain::manager::fork_choice] reorganization: disconnecting 1 block(s) above height 218
[2026-09-29T21:42:28.522Z INFO  blacksilk_chain::manager::fork_choice] mempool after the reorganization: Revalidation { checked: 0, invalid: 0, ring_changed: 0 }; returned transactions: Readmission { readmitted: 0, already_pooled: 0, other_rules: 0, conflicts: 0, invalid: 0, ring_changed: 0, no_room: 0, over_budget: 0 }; 0 beyond the readmission budget, not captured
[2026-09-29T21:42:28.612Z DEBUG blacksilk_p2p::net::headers] peer 3: 1 headers up to height 220 accepted (new: false)
[2026-09-29T21:42:28.773Z DEBUG blacksilk_p2p::net::headers] peer 1: 1 headers up to height 220 accepted (new: false)
[2026-09-29T21:42:44.037Z DEBUG blacksilk_p2p::net::headers] peer 4: 1 headers up to height 221 accepted (new: true)
[2026-09-29T21:42:44.102Z DEBUG blacksilk_p2p::net::blocks] peer 4: block be9536870dab at height 221 received
[2026-09-29T21:42:44.383Z DEBUG blacksilk_p2p::net::headers] peer 1: 1 headers up to height 221 accepted (new: false)
[2026-09-29T21:42:48.533Z DEBUG blacksilk_p2p::net::headers] peer 4: 1 headers up to height 222 accepted (new: true)
[2026-09-29T21:42:48.655Z DEBUG blacksilk_p2p::net::blocks] peer 4: block ec5c13e5c29c at height 222 received
[2026-09-29T21:42:48.840Z DEBUG blacksilk_p2p::net::headers] peer 1: 1 headers up to height 222 accepted (new: false)
[2026-09-29T21:43:09.417Z DEBUG blacksilk_p2p::net::headers] peer 2: 1 headers up to height 223 accepted (new: true)
[2026-09-29T21:43:09.554Z DEBUG blacksilk_p2p::net::blocks] peer 2: block 5b9c9ad6d6ed at height 223 received
[2026-09-29T21:43:09.593Z DEBUG blacksilk_p2p::net::headers] peer 1: 1 headers up to height 223 accepted (new: false)
[2026-09-29T21:43:09.778Z DEBUG blacksilk_p2p::net::headers] peer 3: 1 headers up to height 223 accepted (new: false)
[2026-09-29T21:43:09.854Z DEBUG blacksilk_p2p::net::headers] peer 4: 1 headers up to height 223 accepted (new: false)
[2026-09-29T21:43:18.912Z DEBUG blacksilk_p2p::net::headers] peer 4: 1 headers up to height 224 accepted (new: true)
[2026-09-29T21:43:18.973Z DEBUG blacksilk_p2p::net::blocks] peer 4: block 77c319689e90 at height 224 received
[2026-09-29T21:43:19.156Z DEBUG blacksilk_p2p::net::headers] peer 1: 1 headers up to height 224 accepted (new: false)
[2026-09-29T21:43:19.172Z DEBUG blacksilk_p2p::net::headers] peer 3: 1 headers up to height 224 accepted (new: false)
[2026-09-29T21:43:26.623Z DEBUG blacksilk_p2p::net::headers] peer 2: 1 headers up to height 225 accepted (new: true)
[2026-09-29T21:43:26.699Z DEBUG blacksilk_p2p::net::blocks] peer 2: block 578eb62e5dfe at height 225 received
[2026-09-29T21:43:26.731Z DEBUG blacksilk_p2p::net::headers] peer 1: 1 headers up to height 225 accepted (new: false)
[2026-09-29T21:43:26.881Z DEBUG blacksilk_p2p::net::headers] peer 4: 1 headers up to height 225 accepted (new: false)
[2026-09-29T21:43:58.987Z DEBUG blacksilk_p2p::net::headers] peer 2: 1 headers up to height 226 accepted (new: true)
[2026-09-29T21:43:59.044Z DEBUG blacksilk_p2p::net::blocks] peer 2: block 8d08943b7296 at height 226 received
[2026-09-29T21:43:59.209Z DEBUG blacksilk_p2p::net::headers] peer 1: 1 headers up to height 226 accepted (new: false)
[2026-09-29T21:43:59.310Z DEBUG blacksilk_p2p::net::headers] peer 3: 1 headers up to height 226 accepted (new: false)
[2026-09-29T21:43:59.425Z DEBUG blacksilk_p2p::net::headers] peer 4: 1 headers up to height 226 accepted (new: false)
[2026-09-29T21:44:05.796Z DEBUG blacksilk_p2p::net::headers] peer 4: 1 headers up to height 227 accepted (new: true)
[2026-09-29T21:44:05.905Z DEBUG blacksilk_p2p::net::blocks] peer 4: block cd395663cad3 at height 227 received
[2026-09-29T21:44:06.051Z DEBUG blacksilk_p2p::net::headers] peer 3: 1 headers up to height 227 accepted (new: false)
[2026-09-29T21:44:13.443Z DEBUG blacksilk_p2p::net::headers] peer 4: 1 headers up to height 228 accepted (new: true)
[2026-09-29T21:44:13.511Z DEBUG blacksilk_p2p::net::blocks] peer 4: block 4e2b8577d67a at height 228 received
[2026-09-29T21:44:13.513Z DEBUG blacksilk_p2p::net::headers] peer 3: 1 headers up to height 228 accepted (new: false)
[2026-09-29T21:44:13.698Z DEBUG blacksilk_p2p::net::headers] peer 2: 1 headers up to height 228 accepted (new: false)
[2026-09-29T21:44:18.194Z DEBUG blacksilk_p2p::net::stem] fluff tx e2ef7987482f
[2026-09-29T21:44:19.979Z DEBUG blacksilk_p2p::net::headers] peer 2: 1 headers up to height 229 accepted (new: true)
[2026-09-29T21:44:20.065Z DEBUG blacksilk_p2p::net::blocks] peer 2: block e0654125847f at height 229 received
[2026-09-29T21:44:20.233Z DEBUG blacksilk_p2p::net::headers] peer 4: 1 headers up to height 229 accepted (new: false)
[2026-09-29T21:44:20.287Z DEBUG blacksilk_p2p::net::headers] peer 1: 1 headers up to height 229 accepted (new: false)
[2026-09-29T21:44:24.932Z DEBUG blacksilk_p2p::net::headers] peer 4: 1 headers up to height 230 accepted (new: true)
[2026-09-29T21:44:25.026Z DEBUG blacksilk_p2p::net::blocks] peer 4: block 666de0b5b397 at height 230 received
[2026-09-29T21:44:25.965Z DEBUG blacksilk_p2p::net::headers] peer 2: 1 headers up to height 230 accepted (new: true)
[2026-09-29T21:44:25.965Z DEBUG blacksilk_p2p::net::headers] peer 3: 1 headers up to height 230 accepted (new: false)
[2026-09-29T21:44:25.965Z DEBUG blacksilk_p2p::net::headers] peer 1: 1 headers up to height 230 accepted (new: false)
[2026-09-29T21:44:33.452Z DEBUG blacksilk_p2p::net::headers] peer 4: 1 headers up to height 231 accepted (new: true)
[2026-09-29T21:44:33.553Z DEBUG blacksilk_p2p::net::blocks] peer 4: block 82ea5949d759 at height 231 received
[2026-09-29T21:44:33.668Z DEBUG blacksilk_p2p::net::headers] peer 3: 1 headers up to height 231 accepted (new: false)
[2026-09-29T21:44:33.844Z DEBUG blacksilk_p2p::net::headers] peer 1: 1 headers up to height 231 accepted (new: false)
[2026-09-29T21:44:33.869Z DEBUG blacksilk_p2p::net::headers] peer 2: 1 headers up to height 231 accepted (new: false)
[2026-09-29T21:44:42.473Z DEBUG blacksilk_p2p::net::headers] peer 4: 1 headers up to height 232 accepted (new: true)
[2026-09-29T21:44:42.535Z DEBUG blacksilk_p2p::net::blocks] peer 4: block 923a9a526f44 at height 232 received
[2026-09-29T21:44:42.610Z DEBUG blacksilk_p2p::net::headers] peer 1: 1 headers up to height 232 accepted (new: false)
[2026-09-29T21:44:42.700Z DEBUG blacksilk_p2p::net::headers] peer 2: 1 headers up to height 232 accepted (new: false)
[2026-09-29T21:44:51.018Z DEBUG blacksilk_p2p::net::headers] peer 2: 1 headers up to height 233 accepted (new: true)
[2026-09-29T21:44:51.135Z DEBUG blacksilk_p2p::net::blocks] peer 2: block 94f89b112511 at height 233 received
[2026-09-29T21:44:51.214Z DEBUG blacksilk_p2p::net::headers] peer 4: 1 headers up to height 233 accepted (new: false)
[2026-09-29T21:44:56.970Z DEBUG blacksilk_p2p::net::headers] peer 2: 1 headers up to height 234 accepted (new: true)
[2026-09-29T21:44:57.046Z DEBUG blacksilk_p2p::net::blocks] peer 2: block 51965f4503fe at height 234 received
[2026-09-29T21:44:58.696Z DEBUG blacksilk_p2p::net::headers] peer 4: 1 headers up to height 234 accepted (new: true)
[2026-09-29T21:44:58.696Z DEBUG blacksilk_p2p::net::headers] peer 1: 1 headers up to height 234 accepted (new: false)
[2026-09-29T21:44:58.696Z DEBUG blacksilk_p2p::net::headers] peer 3: 1 headers up to height 234 accepted (new: false)
[2026-09-29T21:45:00.047Z DEBUG blacksilk_p2p::net::headers] peer 2: 1 headers up to height 235 accepted (new: true)
[2026-09-29T21:45:00.112Z DEBUG blacksilk_p2p::net::blocks] peer 2: block 768d485a01d7 at height 235 received
[2026-09-29T21:45:07.927Z DEBUG blacksilk_p2p::net::headers] peer 4: 1 headers up to height 236 accepted (new: true)
[2026-09-29T21:45:08.000Z DEBUG blacksilk_p2p::net::blocks] peer 4: block f8be7fba914e at height 236 received
[2026-09-29T21:45:08.151Z DEBUG blacksilk_p2p::net::headers] peer 2: 1 headers up to height 236 accepted (new: false)
[2026-09-29T21:45:17.160Z DEBUG blacksilk_p2p::net::headers] peer 2: 1 headers up to height 237 accepted (new: true)
[2026-09-29T21:45:17.236Z DEBUG blacksilk_p2p::net::blocks] peer 2: block d1a1c94ff810 at height 237 received
[2026-09-29T21:45:17.456Z DEBUG blacksilk_p2p::net::headers] peer 1: 1 headers up to height 237 accepted (new: false)
[2026-09-29T21:45:22.563Z DEBUG blacksilk_p2p::net::headers] peer 4: 1 headers up to height 238 accepted (new: true)
[2026-09-29T21:45:22.630Z DEBUG blacksilk_p2p::net::blocks] peer 4: block 10d4c93f9355 at height 238 received
[2026-09-29T21:45:22.781Z DEBUG blacksilk_p2p::net::headers] peer 3: 1 headers up to height 238 accepted (new: false)
[2026-09-29T21:45:22.847Z DEBUG blacksilk_p2p::net::headers] peer 1: 1 headers up to height 238 accepted (new: false)
[2026-09-29T21:45:33.761Z DEBUG blacksilk_p2p::net::headers] peer 4: 1 headers up to height 239 accepted (new: true)
[2026-09-29T21:45:33.761Z DEBUG blacksilk_p2p::net::headers] peer 3: 1 headers up to height 239 accepted (new: false)
[2026-09-29T21:45:33.841Z DEBUG blacksilk_p2p::net::blocks] peer 4: block e32fdca47011 at height 239 received
[2026-09-29T21:45:42.186Z DEBUG blacksilk_p2p::net::headers] peer 2: 1 headers up to height 240 accepted (new: true)
[2026-09-29T21:45:42.217Z DEBUG blacksilk_p2p::net::headers] peer 4: 1 headers up to height 240 accepted (new: false)
[2026-09-29T21:45:42.290Z DEBUG blacksilk_p2p::net::blocks] peer 2: block 339d84da7d83 at height 240 received
[2026-09-29T21:45:42.601Z DEBUG blacksilk_p2p::net::headers] peer 3: 1 headers up to height 240 accepted (new: false)
[2026-09-29T21:45:49.317Z DEBUG blacksilk_p2p::net::headers] peer 2: 1 headers up to height 241 accepted (new: true)
[2026-09-29T21:45:49.377Z DEBUG blacksilk_p2p::net::blocks] peer 2: block e521057566f6 at height 241 received
[2026-09-29T21:45:49.423Z DEBUG blacksilk_p2p::net::headers] peer 4: 1 headers up to height 241 accepted (new: false)
[2026-09-29T21:45:49.591Z DEBUG blacksilk_p2p::net::headers] peer 1: 1 headers up to height 241 accepted (new: false)
[2026-09-29T21:45:49.591Z DEBUG blacksilk_p2p::net::headers] peer 3: 1 headers up to height 241 accepted (new: false)
[2026-09-29T21:45:51.974Z DEBUG blacksilk_p2p::net::stem] fluff tx 89b942120451
[2026-09-29T21:45:53.546Z DEBUG blacksilk_p2p::net::headers] peer 4: 1 headers up to height 242 accepted (new: true)
[2026-09-29T21:45:53.616Z DEBUG blacksilk_p2p::net::blocks] peer 4: block b36faf50dfe8 at height 242 received
[2026-09-29T21:46:16.610Z DEBUG blacksilk_p2p::net::headers] peer 2: 1 headers up to height 243 accepted (new: true)
[2026-09-29T21:46:16.682Z DEBUG blacksilk_p2p::net::blocks] peer 2: block 8ce31a61556c at height 243 received
[2026-09-29T21:46:16.939Z DEBUG blacksilk_p2p::net::headers] peer 3: 1 headers up to height 243 accepted (new: false)
[2026-09-29T21:46:16.939Z DEBUG blacksilk_p2p::net::headers] peer 1: 1 headers up to height 243 accepted (new: false)
[2026-09-29T21:46:27.938Z DEBUG blacksilk_p2p::net::headers] peer 4: 1 headers up to height 244 accepted (new: true)
[2026-09-29T21:46:28.014Z DEBUG blacksilk_p2p::net::headers] peer 3: 1 headers up to height 244 accepted (new: false)
[2026-09-29T21:46:28.083Z DEBUG blacksilk_p2p::net::blocks] peer 4: block 3b94950ffb97 at height 244 received
[2026-09-29T21:46:34.842Z DEBUG blacksilk_p2p::net::headers] peer 4: 1 headers up to height 245 accepted (new: true)
[2026-09-29T21:46:34.956Z DEBUG blacksilk_p2p::net::blocks] peer 4: block 01898a5a9993 at height 245 received
[2026-09-29T21:46:34.993Z DEBUG blacksilk_p2p::net::headers] peer 2: 1 headers up to height 245 accepted (new: false)
[2026-09-29T21:46:35.065Z DEBUG blacksilk_p2p::net::headers] peer 3: 1 headers up to height 245 accepted (new: false)
[2026-09-29T21:46:52.726Z DEBUG blacksilk_p2p::net::headers] peer 4: 1 headers up to height 246 accepted (new: true)
[2026-09-29T21:46:52.837Z DEBUG blacksilk_p2p::net::blocks] peer 4: block f71d9ca18aec at height 246 received
[2026-09-29T21:46:52.841Z DEBUG blacksilk_p2p::net::headers] peer 3: 1 headers up to height 246 accepted (new: false)
[2026-09-29T21:46:52.869Z DEBUG blacksilk_p2p::net::headers] peer 2: 1 headers up to height 246 accepted (new: false)
[2026-09-29T21:46:53.006Z DEBUG blacksilk_p2p::net::headers] peer 1: 1 headers up to height 246 accepted (new: false)
[2026-09-29T21:46:54.982Z DEBUG blacksilk_p2p::net::headers] peer 4: 1 headers up to height 247 accepted (new: true)
[2026-09-29T21:46:55.047Z DEBUG blacksilk_p2p::net::blocks] peer 4: block 549fb15cf17f at height 247 received
[2026-09-29T21:46:55.150Z DEBUG blacksilk_p2p::net::headers] peer 1: 1 headers up to height 247 accepted (new: false)
[2026-09-29T21:47:00.298Z DEBUG blacksilk_p2p::net::headers] peer 2: 1 headers up to height 248 accepted (new: true)
[2026-09-29T21:47:00.359Z DEBUG blacksilk_p2p::net::blocks] peer 2: block e8517af85561 at height 248 received
[2026-09-29T21:47:00.466Z DEBUG blacksilk_p2p::net::headers] peer 1: 1 headers up to height 248 accepted (new: false)
[2026-09-29T21:47:00.533Z DEBUG blacksilk_p2p::net::headers] peer 3: 1 headers up to height 248 accepted (new: false)
[2026-09-29T21:47:03.651Z DEBUG blacksilk_p2p::net::headers] peer 2: 1 headers up to height 249 accepted (new: true)
[2026-09-29T21:47:03.721Z DEBUG blacksilk_p2p::net::blocks] peer 2: block 3c635b601955 at height 249 received
[2026-09-29T21:47:03.979Z DEBUG blacksilk_p2p::net::headers] peer 1: 1 headers up to height 249 accepted (new: false)
[2026-09-29T21:47:13.231Z DEBUG blacksilk_p2p::net::headers] peer 2: 1 headers up to height 250 accepted (new: true)
[2026-09-29T21:47:13.310Z DEBUG blacksilk_p2p::net::blocks] peer 2: block d4e0c376bbf6 at height 250 received
[2026-09-29T21:47:13.353Z DEBUG blacksilk_p2p::net::headers] peer 3: 1 headers up to height 250 accepted (new: false)
[2026-09-29T21:47:13.368Z DEBUG blacksilk_p2p::net::headers] peer 1: 1 headers up to height 250 accepted (new: false)
[2026-09-29T21:47:13.538Z DEBUG blacksilk_p2p::net::headers] peer 4: 1 headers up to height 250 accepted (new: false)
[2026-09-29T21:47:17.575Z DEBUG blacksilk_p2p::net::headers] peer 4: 1 headers up to height 251 accepted (new: true)
[2026-09-29T21:47:17.575Z DEBUG blacksilk_p2p::net::headers] peer 3: 1 headers up to height 251 accepted (new: false)
[2026-09-29T21:47:17.660Z DEBUG blacksilk_p2p::net::blocks] peer 4: block c9e2216b88e1 at height 251 received
[2026-09-29T21:47:17.677Z DEBUG blacksilk_p2p::net::headers] peer 2: 1 headers up to height 251 accepted (new: false)
[2026-09-29T21:47:17.744Z DEBUG blacksilk_p2p::net::headers] peer 1: 1 headers up to height 251 accepted (new: false)
[2026-09-29T21:47:32.438Z DEBUG blacksilk_p2p::net::headers] peer 4: 1 headers up to height 252 accepted (new: true)
[2026-09-29T21:47:32.438Z DEBUG blacksilk_p2p::net::headers] peer 3: 1 headers up to height 252 accepted (new: false)
[2026-09-29T21:47:32.515Z DEBUG blacksilk_p2p::net::headers] peer 1: 1 headers up to height 252 accepted (new: false)
[2026-09-29T21:47:32.534Z DEBUG blacksilk_p2p::net::blocks] peer 4: block 6326bb4534d5 at height 252 received
[2026-09-29T21:47:32.816Z DEBUG blacksilk_p2p::net::headers] peer 2: 1 headers up to height 252 accepted (new: false)
[2026-09-29T21:47:34.935Z DEBUG blacksilk_p2p::net::headers] peer 4: 1 headers up to height 253 accepted (new: true)
[2026-09-29T21:47:34.935Z DEBUG blacksilk_p2p::net::headers] peer 2: 1 headers up to height 253 accepted (new: false)
[2026-09-29T21:47:35.039Z DEBUG blacksilk_p2p::net::blocks] peer 4: block d6d414231c36 at height 253 received
[2026-09-29T21:47:35.225Z DEBUG blacksilk_p2p::net::headers] peer 3: 1 headers up to height 253 accepted (new: false)
[2026-09-29T21:47:35.225Z DEBUG blacksilk_p2p::net::headers] peer 1: 1 headers up to height 253 accepted (new: false)
[2026-09-29T21:47:38.989Z DEBUG blacksilk_p2p::net::headers] peer 4: 1 headers up to height 254 accepted (new: true)
[2026-09-29T21:47:39.061Z DEBUG blacksilk_p2p::net::blocks] peer 4: block e59437e9c134 at height 254 received
[2026-09-29T21:47:39.163Z DEBUG blacksilk_p2p::net::headers] peer 3: 1 headers up to height 254 accepted (new: false)
[2026-09-29T21:47:39.192Z DEBUG blacksilk_p2p::net::headers] peer 1: 1 headers up to height 254 accepted (new: false)
[2026-09-29T21:47:39.261Z DEBUG blacksilk_p2p::net::headers] peer 2: 1 headers up to height 254 accepted (new: false)
[2026-09-29T21:47:53.088Z DEBUG blacksilk_p2p::net::headers] peer 4: 1 headers up to height 255 accepted (new: true)
[2026-09-29T21:47:53.088Z DEBUG blacksilk_p2p::net::headers] peer 3: 1 headers up to height 255 accepted (new: false)
[2026-09-29T21:47:53.158Z DEBUG blacksilk_p2p::net::blocks] peer 4: block 7061827391ce at height 255 received
[2026-09-29T21:47:53.269Z DEBUG blacksilk_p2p::net::headers] peer 1: 1 headers up to height 255 accepted (new: false)
[2026-09-29T21:47:53.333Z DEBUG blacksilk_p2p::net::headers] peer 2: 1 headers up to height 255 accepted (new: false)
[2026-09-29T21:47:59.101Z DEBUG blacksilk_p2p::net::headers] peer 4: 1 headers up to height 256 accepted (new: true)
[2026-09-29T21:47:59.101Z DEBUG blacksilk_p2p::net::headers] peer 2: 1 headers up to height 256 accepted (new: false)
[2026-09-29T21:47:59.205Z DEBUG blacksilk_p2p::net::blocks] peer 4: block 43f3d1c37636 at height 256 received
[2026-09-29T21:47:59.424Z DEBUG blacksilk_p2p::net::headers] peer 1: 1 headers up to height 256 accepted (new: false)
[2026-09-29T21:47:59.542Z DEBUG blacksilk_p2p::net::headers] peer 3: 1 headers up to height 256 accepted (new: false)
[2026-09-29T21:48:04.112Z DEBUG blacksilk_p2p::net::headers] peer 4: 1 headers up to height 257 accepted (new: true)
[2026-09-29T21:48:04.187Z DEBUG blacksilk_p2p::net::blocks] peer 4: block 3578a00e6907 at height 257 received
[2026-09-29T21:48:04.409Z DEBUG blacksilk_p2p::net::headers] peer 1: 1 headers up to height 257 accepted (new: false)
[2026-09-29T21:48:04.410Z DEBUG blacksilk_p2p::net::headers] peer 3: 1 headers up to height 257 accepted (new: false)
[2026-09-29T21:48:28.521Z DEBUG blacksilk_p2p::net::headers] peer 4: 1 headers up to height 258 accepted (new: true)
[2026-09-29T21:48:28.521Z DEBUG blacksilk_p2p::net::headers] peer 3: 1 headers up to height 258 accepted (new: false)
[2026-09-29T21:48:28.655Z DEBUG blacksilk_p2p::net::blocks] peer 4: block 9c28dbb22ba6 at height 258 received
[2026-09-29T21:48:30.448Z INFO  blacksilk_p2p::net::conn] disconnected peer 127.0.0.1:54042
[2026-09-29T21:48:30.448Z INFO  blacksilk_p2p::net::conn] disconnected peer 127.0.0.1:54043
[2026-09-29T21:48:30.448Z INFO  blacksilk_p2p::net::conn] disconnected peer 127.0.0.1:10634
[2026-09-29T21:48:31.867Z DEBUG blacksilk_p2p::net::conn] 127.0.0.1:54042: transport handshake failed: Io(Os { code: 10053, kind: ConnectionAborted, message: "An established connection was aborted by the software in your host machine." })
[2026-09-29T21:48:31.867Z DEBUG blacksilk_p2p::net::conn] 127.0.0.1:54043: transport handshake failed: Io(Os { code: 10053, kind: ConnectionAborted, message: "An established connection was aborted by the software in your host machine." })
[2026-09-29T21:48:33.689Z DEBUG blacksilk_p2p::net::headers] peer 2: 1 headers up to height 259 accepted (new: true)
[2026-09-29T21:48:33.761Z DEBUG blacksilk_p2p::net::blocks] peer 2: block 4978e9703ba5 at height 259 received
[2026-09-29T21:48:42.307Z DEBUG blacksilk_p2p::net::conn] 127.0.0.1:54042: transport handshake failed: Io(Os { code: 10053, kind: ConnectionAborted, message: "An established connection was aborted by the software in your host machine." })
[2026-09-29T21:48:42.307Z DEBUG blacksilk_p2p::net::conn] 127.0.0.1:54043: transport handshake failed: Io(Os { code: 10054, kind: ConnectionReset, message: "An existing connection was forcibly closed by the remote host." })
[2026-09-29T21:48:52.746Z DEBUG blacksilk_p2p::net::conn] 127.0.0.1:54042: transport handshake failed: Io(Os { code: 10054, kind: ConnectionReset, message: "An existing connection was forcibly closed by the remote host." })
[2026-09-29T21:48:52.746Z DEBUG blacksilk_p2p::net::conn] 127.0.0.1:54043: transport handshake failed: Io(Os { code: 10054, kind: ConnectionReset, message: "An existing connection was forcibly closed by the remote host." })
[2026-09-29T21:48:58.362Z DEBUG blacksilk_p2p::net::headers] peer 2: 1 headers up to height 260 accepted (new: true)
[2026-09-29T21:48:58.435Z DEBUG blacksilk_p2p::net::blocks] peer 2: block c68b8cf141c9 at height 260 received
[2026-09-29T21:49:01.141Z DEBUG blacksilk_p2p::net::headers] peer 2: 1 headers up to height 261 accepted (new: true)
[2026-09-29T21:49:01.214Z DEBUG blacksilk_p2p::net::blocks] peer 2: block 6364ea838537 at height 261 received
[2026-09-29T21:49:03.229Z DEBUG blacksilk_p2p::net::conn] 127.0.0.1:54042: transport handshake failed: Io(Os { code: 10053, kind: ConnectionAborted, message: "An established connection was aborted by the software in your host machine." })
[2026-09-29T21:49:03.229Z DEBUG blacksilk_p2p::net::conn] 127.0.0.1:54043: transport handshake failed: Io(Os { code: 10054, kind: ConnectionReset, message: "An existing connection was forcibly closed by the remote host." })
[2026-09-29T21:49:07.464Z DEBUG blacksilk_p2p::net::headers] peer 2: 1 headers up to height 262 accepted (new: true)
[2026-09-29T21:49:07.532Z DEBUG blacksilk_p2p::net::blocks] peer 2: block 8dcd023c415b at height 262 received
[2026-09-29T21:49:13.676Z DEBUG blacksilk_p2p::net::conn] 127.0.0.1:54043: transport handshake failed: Io(Os { code: 10054, kind: ConnectionReset, message: "An existing connection was forcibly closed by the remote host." })
[2026-09-29T21:49:13.699Z DEBUG blacksilk_p2p::net::conn] 127.0.0.1:54042: transport handshake failed: Io(Os { code: 10053, kind: ConnectionAborted, message: "An established connection was aborted by the software in your host machine." })
[2026-09-29T21:49:15.131Z DEBUG blacksilk_p2p::net::headers] peer 2: 1 headers up to height 263 accepted (new: true)
[2026-09-29T21:49:15.206Z DEBUG blacksilk_p2p::net::blocks] peer 2: block 9353bd4f9d7b at height 263 received
[2026-09-29T21:49:22.370Z DEBUG blacksilk_p2p::net::headers] peer 2: 1 headers up to height 264 accepted (new: true)
[2026-09-29T21:49:22.439Z DEBUG blacksilk_p2p::net::blocks] peer 2: block 20aec0025cc6 at height 264 received
[2026-09-29T21:49:24.091Z DEBUG blacksilk_p2p::net::conn] 127.0.0.1:54043: transport handshake failed: Io(Os { code: 10054, kind: ConnectionReset, message: "An existing connection was forcibly closed by the remote host." })
[2026-09-29T21:49:24.091Z DEBUG blacksilk_p2p::net::conn] 127.0.0.1:54042: transport handshake failed: Io(Os { code: 10054, kind: ConnectionReset, message: "An existing connection was forcibly closed by the remote host." })
[2026-09-29T21:49:30.198Z DEBUG blacksilk_p2p::net::headers] peer 2: 1 headers up to height 265 accepted (new: true)
[2026-09-29T21:49:30.260Z DEBUG blacksilk_p2p::net::blocks] peer 2: block c8e5791273c0 at height 265 received
[2026-09-29T21:49:34.512Z DEBUG blacksilk_p2p::net::conn] 127.0.0.1:54042: transport handshake failed: Io(Custom { kind: UnexpectedEof, error: "early eof" })
[2026-09-29T21:49:34.512Z DEBUG blacksilk_p2p::net::conn] 127.0.0.1:54043: transport handshake failed: Io(Os { code: 10054, kind: ConnectionReset, message: "An existing connection was forcibly closed by the remote host." })
[2026-09-29T21:49:45.408Z DEBUG blacksilk_p2p::net::conn] 127.0.0.1:54043: transport handshake failed: Io(Custom { kind: UnexpectedEof, error: "early eof" })
[2026-09-29T21:49:45.408Z DEBUG blacksilk_p2p::net::conn] 127.0.0.1:54042: transport handshake failed: Io(Os { code: 10053, kind: ConnectionAborted, message: "An established connection was aborted by the software in your host machine." })
[2026-09-29T21:49:56.208Z DEBUG blacksilk_p2p::net::conn] 127.0.0.1:54042: transport handshake failed: Io(Os { code: 10054, kind: ConnectionReset, message: "An existing connection was forcibly closed by the remote host." })
[2026-09-29T21:49:56.208Z DEBUG blacksilk_p2p::net::conn] 127.0.0.1:54043: transport handshake failed: Io(Os { code: 10053, kind: ConnectionAborted, message: "An established connection was aborted by the software in your host machine." })
[2026-09-29T21:50:07.292Z DEBUG blacksilk_p2p::net::conn] 127.0.0.1:54042: transport handshake failed: Io(Custom { kind: UnexpectedEof, error: "early eof" })
[2026-09-29T21:50:07.296Z DEBUG blacksilk_p2p::net::conn] 127.0.0.1:54043: transport handshake failed: Io(Os { code: 10053, kind: ConnectionAborted, message: "An established connection was aborted by the software in your host machine." })
[2026-09-29T21:50:18.139Z DEBUG blacksilk_p2p::net::conn] 127.0.0.1:54042: transport handshake failed: Io(Os { code: 10054, kind: ConnectionReset, message: "An existing connection was forcibly closed by the remote host." })
[2026-09-29T21:50:18.139Z DEBUG blacksilk_p2p::net::conn] 127.0.0.1:54043: transport handshake failed: Io(Os { code: 10053, kind: ConnectionAborted, message: "An established connection was aborted by the software in your host machine." })
[2026-09-29T21:50:20.310Z DEBUG blacksilk_p2p::net::headers] peer 2: 1 headers up to height 266 accepted (new: true)
[2026-09-29T21:50:20.378Z DEBUG blacksilk_p2p::net::blocks] peer 2: block dd1e711ecdd0 at height 266 received
[2026-09-29T21:50:29.221Z DEBUG blacksilk_p2p::net::conn] 127.0.0.1:54042: transport handshake failed: Io(Os { code: 10054, kind: ConnectionReset, message: "An existing connection was forcibly closed by the remote host." })
[2026-09-29T21:50:29.221Z DEBUG blacksilk_p2p::net::conn] 127.0.0.1:54043: transport handshake failed: Io(Os { code: 10054, kind: ConnectionReset, message: "An existing connection was forcibly closed by the remote host." })
[2026-09-29T21:50:30.143Z DEBUG blacksilk_p2p::net::headers] peer 2: 1 headers up to height 267 accepted (new: true)
[2026-09-29T21:50:30.285Z DEBUG blacksilk_p2p::net::blocks] peer 2: block 8fbb4ef2f0ca at height 267 received
[2026-09-29T21:50:38.570Z DEBUG blacksilk_p2p::net::headers] peer 2: 1 headers up to height 268 accepted (new: true)
[2026-09-29T21:50:38.625Z DEBUG blacksilk_p2p::net::blocks] peer 2: block 1b78cb66ccd7 at height 268 received
[2026-09-29T21:50:39.961Z DEBUG blacksilk_p2p::net::conn] 127.0.0.1:54042: transport handshake failed: Io(Os { code: 10054, kind: ConnectionReset, message: "An existing connection was forcibly closed by the remote host." })
[2026-09-29T21:50:39.961Z DEBUG blacksilk_p2p::net::conn] 127.0.0.1:54043: transport handshake failed: Io(Os { code: 10054, kind: ConnectionReset, message: "An existing connection was forcibly closed by the remote host." })
[2026-09-29T21:50:50.461Z DEBUG blacksilk_p2p::net::conn] 127.0.0.1:54042: transport handshake failed: Io(Os { code: 10054, kind: ConnectionReset, message: "An existing connection was forcibly closed by the remote host." })
[2026-09-29T21:50:50.461Z DEBUG blacksilk_p2p::net::conn] 127.0.0.1:54043: transport handshake failed: Io(Os { code: 10054, kind: ConnectionReset, message: "An existing connection was forcibly closed by the remote host." })
[2026-09-29T21:50:53.226Z DEBUG blacksilk_p2p::net::headers] peer 2: 1 headers up to height 269 accepted (new: true)
[2026-09-29T21:50:53.302Z DEBUG blacksilk_p2p::net::blocks] peer 2: block 7c032dea190d at height 269 received
[2026-09-29T21:51:01.110Z DEBUG blacksilk_p2p::net::conn] 127.0.0.1:54042: transport handshake failed: Io(Os { code: 10053, kind: ConnectionAborted, message: "An established connection was aborted by the software in your host machine." })
[2026-09-29T21:51:01.111Z DEBUG blacksilk_p2p::net::conn] 127.0.0.1:54043: transport handshake failed: Io(Os { code: 10053, kind: ConnectionAborted, message: "An established connection was aborted by the software in your host machine." })
[2026-09-29T21:51:05.091Z DEBUG blacksilk_p2p::net::headers] peer 2: 1 headers up to height 270 accepted (new: true)
[2026-09-29T21:51:05.220Z DEBUG blacksilk_p2p::net::blocks] peer 2: block e321af8f4a93 at height 270 received
[2026-09-29T21:51:08.171Z DEBUG blacksilk_p2p::net::headers] peer 2: 1 headers up to height 271 accepted (new: true)
[2026-09-29T21:51:08.243Z DEBUG blacksilk_p2p::net::blocks] peer 2: block f9c2dea34de3 at height 271 received
[2026-09-29T21:51:11.829Z DEBUG blacksilk_p2p::net::headers] peer 2: 1 headers up to height 272 accepted (new: true)
[2026-09-29T21:51:11.895Z DEBUG blacksilk_p2p::net::blocks] peer 2: block 76220d1be138 at height 272 received
[2026-09-29T21:51:12.083Z DEBUG blacksilk_p2p::net::conn] 127.0.0.1:54043: transport handshake failed: Io(Os { code: 10054, kind: ConnectionReset, message: "An existing connection was forcibly closed by the remote host." })
[2026-09-29T21:51:12.083Z DEBUG blacksilk_p2p::net::conn] 127.0.0.1:54042: transport handshake failed: Io(Os { code: 10054, kind: ConnectionReset, message: "An existing connection was forcibly closed by the remote host." })
[2026-09-29T21:51:22.698Z DEBUG blacksilk_p2p::net::conn] 127.0.0.1:54042: transport handshake failed: Io(Os { code: 10054, kind: ConnectionReset, message: "An existing connection was forcibly closed by the remote host." })
[2026-09-29T21:51:22.702Z DEBUG blacksilk_p2p::net::conn] 127.0.0.1:54043: transport handshake failed: Io(Os { code: 10054, kind: ConnectionReset, message: "An existing connection was forcibly closed by the remote host." })
[2026-09-29T21:51:29.107Z DEBUG blacksilk_p2p::net::headers] peer 2: 1 headers up to height 273 accepted (new: true)
[2026-09-29T21:51:29.203Z DEBUG blacksilk_p2p::net::blocks] peer 2: block 4ebb77f7e21b at height 273 received
[2026-09-29T21:51:32.924Z INFO  blacksilk_p2p::net::conn] connected inbound peer 127.0.0.1:11353 (height 274)
[2026-09-29T21:51:32.994Z DEBUG blacksilk_p2p::net::addr_relay] peer 5: getaddr answered with 4 addresses
[2026-09-29T21:51:32.994Z DEBUG blacksilk_p2p::net::addr_relay] peer 5: addr with 1 entries
[2026-09-29T21:51:33.527Z INFO  blacksilk_p2p::net::conn] connected outbound peer 127.0.0.1:54043 (height 274)
[2026-09-29T21:51:33.527Z DEBUG blacksilk_p2p::net::addr_relay] peer 6: addr with 1 entries
[2026-09-29T21:51:33.594Z INFO  blacksilk_p2p::net::conn] connected outbound peer 127.0.0.1:54042 (height 274)
[2026-09-29T21:51:33.594Z DEBUG blacksilk_p2p::net::addr_relay] peer 7: addr with 1 entries
[2026-09-29T21:51:33.594Z DEBUG blacksilk_p2p::net::addr_relay] peer 6: addr with 4 entries
[2026-09-29T21:51:33.730Z DEBUG blacksilk_p2p::net::addr_relay] peer 7: addr with 4 entries
[2026-09-29T21:51:36.326Z DEBUG blacksilk_p2p::net::headers] peer 5: 16 headers up to height 274 accepted (new: true)
[2026-09-29T21:51:36.327Z DEBUG blacksilk_p2p::net::headers] peer 6: 16 headers up to height 274 accepted (new: false)
[2026-09-29T21:51:36.330Z DEBUG blacksilk_p2p::net::headers] peer 7: 16 headers up to height 274 accepted (new: false)
[2026-09-29T21:51:36.331Z DEBUG blacksilk_p2p::net::headers] peer 2: 1 headers up to height 274 accepted (new: false)
[2026-09-29T21:51:36.396Z DEBUG blacksilk_p2p::net::blocks] peer 5: block 898ffe4e68d4 at height 259 received
[2026-09-29T21:51:36.396Z DEBUG blacksilk_p2p::net::blocks] peer 5: block 6fe0cd9692bb at height 269 received
[2026-09-29T21:51:36.396Z DEBUG blacksilk_p2p::net::blocks] peer 2: block 031e3110822f at height 260 received
[2026-09-29T21:51:36.396Z DEBUG blacksilk_p2p::net::blocks] peer 7: block 69c9e3590854 at height 262 received
[2026-09-29T21:51:36.396Z DEBUG blacksilk_p2p::net::blocks] peer 2: block 67369f39405b at height 261 received
[2026-09-29T21:51:36.396Z DEBUG blacksilk_p2p::net::blocks] peer 2: block 793ab2de8857 at height 263 received
[2026-09-29T21:51:36.397Z DEBUG blacksilk_p2p::net::blocks] peer 7: block ee4b80002c2f at height 264 received
[2026-09-29T21:51:36.397Z DEBUG blacksilk_p2p::net::blocks] peer 7: block 3b8400bb7650 at height 267 received
[2026-09-29T21:51:36.406Z DEBUG blacksilk_p2p::net::blocks] peer 5: block e7bdb34dcd11 at height 270 received
[2026-09-29T21:51:36.406Z DEBUG blacksilk_p2p::net::blocks] peer 6: block 3113b430e5c9 at height 265 received
[2026-09-29T21:51:36.406Z DEBUG blacksilk_p2p::net::blocks] peer 6: block a94cdc815239 at height 266 received
[2026-09-29T21:51:36.406Z DEBUG blacksilk_p2p::net::blocks] peer 6: block cba69bf9c985 at height 268 received
[2026-09-29T21:51:36.465Z DEBUG blacksilk_p2p::net::blocks] peer 5: block b726c9255685 at height 271 received
[2026-09-29T21:51:36.482Z DEBUG blacksilk_p2p::net::blocks] peer 7: block 9ed7d3fe7b6c at height 274 received
[2026-09-29T21:51:36.482Z DEBUG blacksilk_p2p::net::blocks] peer 5: block 45312b9264fc at height 272 received
[2026-09-29T21:51:36.509Z DEBUG blacksilk_p2p::net::blocks] peer 2: block 882dc82ce560 at height 273 received
[2026-09-29T21:51:36.511Z WARN  blacksilk_chain::manager::fork_choice] reorganization: disconnecting 15 block(s) above height 258. A reorganization this deep suggests a network partition or a hash-power attack; no depth limit applies
[2026-09-29T21:51:36.514Z INFO  blacksilk_chain::manager::fork_choice] mempool after the reorganization: Revalidation { checked: 0, invalid: 0, ring_changed: 0 }; returned transactions: Readmission { readmitted: 0, already_pooled: 0, other_rules: 0, conflicts: 0, invalid: 0, ring_changed: 0, no_room: 0, over_budget: 0 }; 0 beyond the readmission budget, not captured
[2026-09-29T21:51:42.164Z DEBUG blacksilk_p2p::net::headers] peer 2: 1 headers up to height 275 accepted (new: true)
[2026-09-29T21:51:42.254Z DEBUG blacksilk_p2p::net::blocks] peer 2: block 860d8ecc0085 at height 275 received
[2026-09-29T21:51:42.265Z DEBUG blacksilk_p2p::net::headers] peer 6: 1 headers up to height 275 accepted (new: false)
[2026-09-29T21:51:43.600Z DEBUG blacksilk_p2p::net::headers] peer 2: 1 headers up to height 276 accepted (new: true)
[2026-09-29T21:51:43.678Z DEBUG blacksilk_p2p::net::blocks] peer 2: block 4f4181b59530 at height 276 received
[2026-09-29T21:51:43.733Z DEBUG blacksilk_p2p::net::headers] peer 5: 1 headers up to height 276 accepted (new: false)
[2026-09-29T21:51:43.773Z DEBUG blacksilk_p2p::net::headers] peer 7: 1 headers up to height 276 accepted (new: false)
[2026-09-29T21:51:43.893Z DEBUG blacksilk_p2p::net::headers] peer 6: 1 headers up to height 276 accepted (new: false)
[2026-09-29T21:51:46.615Z DEBUG blacksilk_p2p::net::headers] peer 2: 1 headers up to height 277 accepted (new: true)
[2026-09-29T21:51:46.681Z DEBUG blacksilk_p2p::net::blocks] peer 2: block cb1b9dceff47 at height 277 received
[2026-09-29T21:51:46.732Z DEBUG blacksilk_p2p::net::headers] peer 7: 1 headers up to height 277 accepted (new: false)
[2026-09-29T21:51:46.833Z DEBUG blacksilk_p2p::net::headers] peer 6: 1 headers up to height 277 accepted (new: false)
[2026-09-29T21:51:46.898Z DEBUG blacksilk_p2p::net::headers] peer 5: 1 headers up to height 277 accepted (new: false)
[2026-09-29T21:51:49.738Z DEBUG blacksilk_p2p::net::headers] peer 2: 1 headers up to height 278 accepted (new: true)
[2026-09-29T21:51:49.819Z DEBUG blacksilk_p2p::net::blocks] peer 2: block acb77e636260 at height 278 received
[2026-09-29T21:51:49.835Z DEBUG blacksilk_p2p::net::headers] peer 5: 1 headers up to height 278 accepted (new: false)
[2026-09-29T21:51:50.005Z DEBUG blacksilk_p2p::net::headers] peer 6: 1 headers up to height 278 accepted (new: false)
[2026-09-29T21:51:53.102Z DEBUG blacksilk_p2p::net::headers] peer 7: 1 headers up to height 279 accepted (new: true)
[2026-09-29T21:51:53.177Z DEBUG blacksilk_p2p::net::blocks] peer 7: block cfa676f76052 at height 279 received
[2026-09-29T21:51:55.173Z DEBUG blacksilk_p2p::net::headers] peer 7: 1 headers up to height 280 accepted (new: true)
[2026-09-29T21:51:55.245Z DEBUG blacksilk_p2p::net::blocks] peer 7: block 2f2b7b298ad0 at height 280 received
[2026-09-29T21:51:56.041Z DEBUG blacksilk_p2p::net::headers] peer 2: 1 headers up to height 280 accepted (new: true)
[2026-09-29T21:51:56.041Z DEBUG blacksilk_p2p::net::headers] peer 6: 1 headers up to height 280 accepted (new: false)
[2026-09-29T21:51:56.041Z DEBUG blacksilk_p2p::net::headers] peer 5: 1 headers up to height 280 accepted (new: false)
[2026-09-29T21:52:02.058Z DEBUG blacksilk_p2p::net::headers] peer 2: 1 headers up to height 281 accepted (new: true)
[2026-09-29T21:52:02.161Z DEBUG blacksilk_p2p::net::blocks] peer 2: block 366f1d1542fb at height 280 received
[2026-09-29T21:52:02.161Z DEBUG blacksilk_p2p::net::blocks] peer 2: block 7d44fe0f2095 at height 281 received
[2026-09-29T21:52:02.167Z INFO  blacksilk_chain::manager::fork_choice] reorganization: disconnecting 1 block(s) above height 279
[2026-09-29T21:52:02.167Z INFO  blacksilk_chain::manager::fork_choice] mempool after the reorganization: Revalidation { checked: 0, invalid: 0, ring_changed: 0 }; returned transactions: Readmission { readmitted: 0, already_pooled: 0, other_rules: 0, conflicts: 0, invalid: 0, ring_changed: 0, no_room: 0, over_budget: 0 }; 0 beyond the readmission budget, not captured
[2026-09-29T21:52:02.382Z DEBUG blacksilk_p2p::net::headers] peer 5: 1 headers up to height 281 accepted (new: false)
[2026-09-29T21:52:05.226Z DEBUG blacksilk_p2p::net::headers] peer 7: 1 headers up to height 282 accepted (new: true)
[2026-09-29T21:52:05.302Z DEBUG blacksilk_p2p::net::blocks] peer 7: block 1a049c2ed4c9 at height 282 received
[2026-09-29T21:52:05.496Z DEBUG blacksilk_p2p::net::headers] peer 6: 1 headers up to height 282 accepted (new: false)
[2026-09-29T21:52:12.155Z DEBUG blacksilk_p2p::net::headers] peer 7: 1 headers up to height 283 accepted (new: true)
[2026-09-29T21:52:12.231Z DEBUG blacksilk_p2p::net::blocks] peer 7: block a0adcf99bc8f at height 283 received
[2026-09-29T21:52:12.357Z DEBUG blacksilk_p2p::net::headers] peer 6: 1 headers up to height 283 accepted (new: false)
[2026-09-29T21:52:18.566Z DEBUG blacksilk_p2p::net::stem] stem tx a9e607afe0a8 -> peer 7
[2026-09-29T21:52:23.964Z DEBUG blacksilk_p2p::net::headers] peer 2: 1 headers up to height 284 accepted (new: true)
[2026-09-29T21:52:24.060Z DEBUG blacksilk_p2p::net::blocks] peer 2: block b3af85045cdf at height 284 received
[2026-09-29T21:52:29.801Z DEBUG blacksilk_p2p::net::headers] peer 2: 1 headers up to height 285 accepted (new: true)
[2026-09-29T21:52:29.848Z DEBUG blacksilk_p2p::net::headers] peer 7: 1 headers up to height 285 accepted (new: false)
[2026-09-29T21:52:29.872Z DEBUG blacksilk_p2p::net::blocks] peer 2: block 77cf875e3239 at height 285 received
[2026-09-29T21:52:29.884Z DEBUG blacksilk_p2p::net::headers] peer 6: 1 headers up to height 285 accepted (new: false)
[2026-09-29T21:52:32.891Z DEBUG blacksilk_p2p::net::headers] peer 7: 1 headers up to height 286 accepted (new: true)
[2026-09-29T21:52:32.951Z DEBUG blacksilk_p2p::net::blocks] peer 7: block eb1739045b41 at height 286 received
[2026-09-29T21:52:33.021Z DEBUG blacksilk_p2p::net::headers] peer 2: 1 headers up to height 286 accepted (new: false)
[2026-09-29T21:52:33.094Z DEBUG blacksilk_p2p::net::headers] peer 6: 1 headers up to height 286 accepted (new: false)
[2026-09-29T21:52:33.155Z DEBUG blacksilk_p2p::net::headers] peer 5: 1 headers up to height 286 accepted (new: false)
[2026-09-29T21:52:37.628Z DEBUG blacksilk_p2p::net::headers] peer 2: 1 headers up to height 287 accepted (new: true)
[2026-09-29T21:52:37.694Z DEBUG blacksilk_p2p::net::blocks] peer 2: block 7fd1f13d0cde at height 287 received
[2026-09-29T21:52:37.968Z DEBUG blacksilk_p2p::net::headers] peer 5: 1 headers up to height 287 accepted (new: false)
[2026-09-29T21:52:37.968Z DEBUG blacksilk_p2p::net::headers] peer 7: 1 headers up to height 287 accepted (new: false)
[2026-09-29T21:52:39.101Z DEBUG blacksilk_p2p::net::headers] peer 2: 1 headers up to height 288 accepted (new: true)
[2026-09-29T21:52:39.167Z DEBUG blacksilk_p2p::net::blocks] peer 2: block 2976fa95968c at height 288 received
[2026-09-29T21:52:39.297Z DEBUG blacksilk_p2p::net::headers] peer 7: 1 headers up to height 288 accepted (new: false)
[2026-09-29T21:52:39.320Z DEBUG blacksilk_p2p::net::headers] peer 5: 1 headers up to height 288 accepted (new: false)
[2026-09-29T21:52:39.377Z DEBUG blacksilk_p2p::net::headers] peer 6: 1 headers up to height 288 accepted (new: false)
[2026-09-29T21:52:45.255Z DEBUG blacksilk_p2p::net::headers] peer 7: 1 headers up to height 289 accepted (new: true)
[2026-09-29T21:52:45.338Z DEBUG blacksilk_p2p::net::blocks] peer 7: block 5e78715ee463 at height 289 received
[2026-09-29T21:52:45.391Z DEBUG blacksilk_p2p::net::headers] peer 2: 1 headers up to height 289 accepted (new: false)
[2026-09-29T21:52:45.424Z DEBUG blacksilk_p2p::net::headers] peer 5: 1 headers up to height 289 accepted (new: false)
[2026-09-29T21:52:52.591Z DEBUG blacksilk_p2p::net::headers] peer 7: 1 headers up to height 290 accepted (new: true)
[2026-09-29T21:52:52.668Z DEBUG blacksilk_p2p::net::blocks] peer 7: block 8e2c2095e5d3 at height 290 received
[2026-09-29T21:52:52.711Z DEBUG blacksilk_p2p::net::headers] peer 5: 1 headers up to height 290 accepted (new: false)
[2026-09-29T21:52:52.753Z DEBUG blacksilk_p2p::net::headers] peer 2: 1 headers up to height 290 accepted (new: false)
[2026-09-29T21:52:55.722Z DEBUG blacksilk_p2p::net::headers] peer 2: 1 headers up to height 291 accepted (new: true)
[2026-09-29T21:52:55.796Z DEBUG blacksilk_p2p::net::blocks] peer 2: block e1d440102425 at height 291 received
[2026-09-29T21:52:55.875Z DEBUG blacksilk_p2p::net::headers] peer 5: 1 headers up to height 291 accepted (new: false)
[2026-09-29T21:52:58.318Z DEBUG blacksilk_p2p::net::headers] peer 2: 1 headers up to height 292 accepted (new: true)
[2026-09-29T21:52:58.391Z DEBUG blacksilk_p2p::net::blocks] peer 2: block 672c611fd3af at height 292 received
[2026-09-29T21:52:58.444Z DEBUG blacksilk_p2p::net::headers] peer 7: 1 headers up to height 292 accepted (new: false)
[2026-09-29T21:52:58.460Z DEBUG blacksilk_p2p::net::headers] peer 5: 1 headers up to height 292 accepted (new: false)
[2026-09-29T21:52:58.806Z DEBUG blacksilk_p2p::net::stem] fluff tx 972a1421477f
[2026-09-29T21:53:01.188Z DEBUG blacksilk_p2p::net::headers] peer 7: 1 headers up to height 293 accepted (new: true)
[2026-09-29T21:53:01.259Z DEBUG blacksilk_p2p::net::blocks] peer 7: block be5ec6fcb777 at height 293 received
[2026-09-29T21:53:01.344Z DEBUG blacksilk_p2p::net::headers] peer 5: 1 headers up to height 293 accepted (new: false)
[2026-09-29T21:53:01.344Z DEBUG blacksilk_p2p::net::headers] peer 2: 1 headers up to height 293 accepted (new: false)
[2026-09-29T21:53:09.832Z DEBUG blacksilk_p2p::net::headers] peer 7: 1 headers up to height 294 accepted (new: true)
[2026-09-29T21:53:09.892Z DEBUG blacksilk_p2p::net::blocks] peer 7: block 8d70560d2b89 at height 294 received
[2026-09-29T21:53:09.969Z DEBUG blacksilk_p2p::net::headers] peer 5: 1 headers up to height 294 accepted (new: false)
[2026-09-29T21:53:09.969Z DEBUG blacksilk_p2p::net::headers] peer 2: 1 headers up to height 294 accepted (new: false)
[2026-09-29T21:53:11.645Z DEBUG blacksilk_p2p::net::headers] peer 7: 1 headers up to height 295 accepted (new: true)
[2026-09-29T21:53:11.709Z DEBUG blacksilk_p2p::net::blocks] peer 7: block 45b83be0219a at height 295 received
[2026-09-29T21:53:11.810Z DEBUG blacksilk_p2p::net::headers] peer 2: 1 headers up to height 295 accepted (new: false)
[2026-09-29T21:53:11.810Z DEBUG blacksilk_p2p::net::headers] peer 5: 1 headers up to height 295 accepted (new: false)
[2026-09-29T21:53:14.285Z DEBUG blacksilk_p2p::net::headers] peer 2: 1 headers up to height 296 accepted (new: true)
[2026-09-29T21:53:14.373Z DEBUG blacksilk_p2p::net::blocks] peer 2: block c68c4faf4e9f at height 296 received
[2026-09-29T21:53:14.436Z DEBUG blacksilk_p2p::net::headers] peer 5: 1 headers up to height 296 accepted (new: false)
[2026-09-29T21:53:14.451Z DEBUG blacksilk_p2p::net::headers] peer 7: 1 headers up to height 296 accepted (new: false)
[2026-09-29T21:53:16.077Z DEBUG blacksilk_p2p::net::headers] peer 2: 1 headers up to height 297 accepted (new: true)
[2026-09-29T21:53:16.146Z DEBUG blacksilk_p2p::net::blocks] peer 2: block bbd3d04d8b26 at height 297 received
[2026-09-29T21:53:16.253Z DEBUG blacksilk_p2p::net::headers] peer 5: 1 headers up to height 297 accepted (new: false)
[2026-09-29T21:53:16.253Z DEBUG blacksilk_p2p::net::headers] peer 7: 1 headers up to height 297 accepted (new: false)
[2026-09-29T21:53:21.304Z DEBUG blacksilk_p2p::net::headers] peer 2: 1 headers up to height 298 accepted (new: true)
[2026-09-29T21:53:21.372Z DEBUG blacksilk_p2p::net::blocks] peer 2: block abfa4644531b at height 298 received
[2026-09-29T21:53:21.463Z DEBUG blacksilk_p2p::net::headers] peer 6: 1 headers up to height 298 accepted (new: false)
[2026-09-29T21:53:21.513Z DEBUG blacksilk_p2p::net::headers] peer 5: 1 headers up to height 298 accepted (new: false)
[2026-09-29T21:53:21.513Z DEBUG blacksilk_p2p::net::headers] peer 7: 1 headers up to height 298 accepted (new: false)
[2026-09-29T21:53:23.485Z DEBUG blacksilk_p2p::net::headers] peer 2: 1 headers up to height 299 accepted (new: true)
[2026-09-29T21:53:23.582Z DEBUG blacksilk_p2p::net::blocks] peer 2: block 427530adf25f at height 299 received
[2026-09-29T21:53:24.208Z DEBUG blacksilk_p2p::net::headers] peer 7: 1 headers up to height 299 accepted (new: true)
[2026-09-29T21:53:24.208Z DEBUG blacksilk_p2p::net::headers] peer 5: 1 headers up to height 299 accepted (new: false)
[2026-09-29T21:53:24.208Z DEBUG blacksilk_p2p::net::headers] peer 6: 1 headers up to height 299 accepted (new: false)
[2026-09-29T21:53:28.226Z DEBUG blacksilk_p2p::net::headers] peer 2: 1 headers up to height 300 accepted (new: true)
[2026-09-29T21:53:28.314Z DEBUG blacksilk_p2p::net::blocks] peer 2: block ffcc90655f2e at height 300 received
[2026-09-29T21:53:28.396Z DEBUG blacksilk_p2p::net::headers] peer 7: 1 headers up to height 300 accepted (new: false)
[2026-09-29T21:53:28.640Z DEBUG blacksilk_p2p::net::headers] peer 6: 1 headers up to height 300 accepted (new: false)
[2026-09-29T21:53:28.640Z DEBUG blacksilk_p2p::net::headers] peer 5: 1 headers up to height 300 accepted (new: false)
[2026-09-29T21:53:31.654Z DEBUG blacksilk_p2p::net::headers] peer 2: 1 headers up to height 301 accepted (new: true)
[2026-09-29T21:53:31.706Z DEBUG blacksilk_p2p::net::blocks] peer 2: block 808abc2277d2 at height 301 received
[2026-09-29T21:53:31.767Z DEBUG blacksilk_p2p::net::headers] peer 6: 1 headers up to height 301 accepted (new: false)
[2026-09-29T21:53:31.767Z DEBUG blacksilk_p2p::net::headers] peer 5: 1 headers up to height 301 accepted (new: false)
[2026-09-29T21:53:31.810Z DEBUG blacksilk_p2p::net::headers] peer 7: 1 headers up to height 301 accepted (new: false)
[2026-09-29T21:53:32.672Z DEBUG blacksilk_p2p::net::headers] peer 2: 1 headers up to height 302 accepted (new: true)
[2026-09-29T21:53:32.755Z DEBUG blacksilk_p2p::net::blocks] peer 2: block a38e3d304fbf at height 302 received
[2026-09-29T21:53:32.796Z DEBUG blacksilk_p2p::net::headers] peer 5: 1 headers up to height 302 accepted (new: false)
[2026-09-29T21:53:32.796Z DEBUG blacksilk_p2p::net::headers] peer 6: 1 headers up to height 302 accepted (new: false)
[2026-09-29T21:53:45.249Z DEBUG blacksilk_p2p::net::headers] peer 7: 1 headers up to height 303 accepted (new: true)
[2026-09-29T21:53:45.326Z DEBUG blacksilk_p2p::net::blocks] peer 7: block 4545fb84997c at height 303 received
[2026-09-29T21:53:45.631Z DEBUG blacksilk_p2p::net::headers] peer 6: 1 headers up to height 303 accepted (new: false)
[2026-09-29T21:53:45.631Z DEBUG blacksilk_p2p::net::headers] peer 5: 1 headers up to height 303 accepted (new: false)
[2026-09-29T21:53:45.631Z DEBUG blacksilk_p2p::net::headers] peer 2: 1 headers up to height 303 accepted (new: false)
[2026-09-29T21:53:48.670Z DEBUG blacksilk_p2p::net::headers] peer 7: 1 headers up to height 304 accepted (new: true)
[2026-09-29T21:53:48.735Z DEBUG blacksilk_p2p::net::blocks] peer 7: block 88baccf73b12 at height 304 received
[2026-09-29T21:53:49.016Z DEBUG blacksilk_p2p::net::headers] peer 5: 1 headers up to height 304 accepted (new: false)
[2026-09-29T21:53:49.016Z DEBUG blacksilk_p2p::net::headers] peer 6: 1 headers up to height 304 accepted (new: false)
[2026-09-29T21:53:49.016Z DEBUG blacksilk_p2p::net::headers] peer 2: 1 headers up to height 304 accepted (new: false)
[2026-09-29T21:53:51.988Z DEBUG blacksilk_p2p::net::headers] peer 2: 1 headers up to height 305 accepted (new: true)
[2026-09-29T21:53:52.075Z DEBUG blacksilk_p2p::net::blocks] peer 2: block 919f9f5862a8 at height 305 received
[2026-09-29T21:53:52.136Z DEBUG blacksilk_p2p::net::headers] peer 6: 1 headers up to height 305 accepted (new: false)
[2026-09-29T21:53:52.136Z DEBUG blacksilk_p2p::net::headers] peer 7: 1 headers up to height 305 accepted (new: false)
[2026-09-29T21:53:52.136Z DEBUG blacksilk_p2p::net::headers] peer 5: 1 headers up to height 305 accepted (new: false)
[2026-09-29T21:53:58.069Z DEBUG blacksilk_p2p::net::headers] peer 2: 1 headers up to height 306 accepted (new: true)
[2026-09-29T21:53:58.135Z DEBUG blacksilk_p2p::net::blocks] peer 2: block c57e40f55e5b at height 306 received
[2026-09-29T21:53:58.175Z DEBUG blacksilk_p2p::net::headers] peer 6: 1 headers up to height 306 accepted (new: false)
[2026-09-29T21:53:58.175Z DEBUG blacksilk_p2p::net::headers] peer 5: 1 headers up to height 306 accepted (new: false)
[2026-09-29T21:53:58.175Z DEBUG blacksilk_p2p::net::headers] peer 7: 1 headers up to height 306 accepted (new: false)
[2026-09-29T21:54:06.352Z DEBUG blacksilk_p2p::net::headers] peer 2: 1 headers up to height 307 accepted (new: true)
[2026-09-29T21:54:06.434Z DEBUG blacksilk_p2p::net::blocks] peer 2: block 1f1663f7da9a at height 307 received
[2026-09-29T21:54:06.534Z DEBUG blacksilk_p2p::net::headers] peer 6: 1 headers up to height 307 accepted (new: false)
[2026-09-29T21:54:06.535Z DEBUG blacksilk_p2p::net::headers] peer 7: 1 headers up to height 307 accepted (new: false)
[2026-09-29T21:54:06.535Z DEBUG blacksilk_p2p::net::headers] peer 5: 1 headers up to height 307 accepted (new: false)
[2026-09-29T21:54:25.627Z DEBUG blacksilk_p2p::net::headers] peer 2: 1 headers up to height 308 accepted (new: true)
[2026-09-29T21:54:25.694Z DEBUG blacksilk_p2p::net::blocks] peer 2: block d6955eedcc44 at height 308 received
[2026-09-29T21:54:25.747Z DEBUG blacksilk_p2p::net::headers] peer 6: 1 headers up to height 308 accepted (new: false)
[2026-09-29T21:54:25.763Z DEBUG blacksilk_p2p::net::headers] peer 7: 1 headers up to height 308 accepted (new: false)
[2026-09-29T21:54:25.763Z DEBUG blacksilk_p2p::net::headers] peer 5: 1 headers up to height 308 accepted (new: false)
[2026-09-29T21:54:30.243Z DEBUG blacksilk_p2p::net::headers] peer 7: 1 headers up to height 309 accepted (new: true)
[2026-09-29T21:54:30.303Z DEBUG blacksilk_p2p::net::blocks] peer 7: block ab644e2c0e0d at height 309 received
[2026-09-29T21:54:30.399Z DEBUG blacksilk_p2p::net::headers] peer 2: 1 headers up to height 309 accepted (new: false)
[2026-09-29T21:54:30.422Z DEBUG blacksilk_p2p::net::headers] peer 5: 1 headers up to height 309 accepted (new: false)
[2026-09-29T21:54:30.437Z DEBUG blacksilk_p2p::net::headers] peer 6: 1 headers up to height 309 accepted (new: false)
[2026-09-29T21:54:38.261Z DEBUG blacksilk_p2p::net::headers] peer 7: 1 headers up to height 310 accepted (new: true)
[2026-09-29T21:54:38.331Z DEBUG blacksilk_p2p::net::blocks] peer 7: block 51c142b0507b at height 310 received
[2026-09-29T21:54:38.458Z DEBUG blacksilk_p2p::net::headers] peer 2: 1 headers up to height 310 accepted (new: false)
[2026-09-29T21:54:38.498Z DEBUG blacksilk_p2p::net::headers] peer 6: 1 headers up to height 310 accepted (new: false)
[2026-09-29T21:54:38.498Z DEBUG blacksilk_p2p::net::headers] peer 5: 1 headers up to height 310 accepted (new: false)
[2026-09-29T21:54:39.260Z DEBUG blacksilk_p2p::net::stem] fluff tx eba8ace16ef1
[2026-09-29T21:54:39.612Z DEBUG blacksilk_p2p::net::headers] peer 7: 1 headers up to height 311 accepted (new: true)
[2026-09-29T21:54:39.685Z DEBUG blacksilk_p2p::net::blocks] peer 7: block 132b5114c21e at height 311 received
[2026-09-29T21:54:39.746Z DEBUG blacksilk_p2p::net::headers] peer 2: 1 headers up to height 311 accepted (new: false)
[2026-09-29T21:54:39.807Z DEBUG blacksilk_p2p::net::headers] peer 5: 1 headers up to height 311 accepted (new: false)
[2026-09-29T21:54:39.807Z DEBUG blacksilk_p2p::net::headers] peer 6: 1 headers up to height 311 accepted (new: false)
[2026-09-29T21:54:45.823Z DEBUG blacksilk_p2p::net::headers] peer 7: 1 headers up to height 312 accepted (new: true)
[2026-09-29T21:54:45.895Z DEBUG blacksilk_p2p::net::blocks] peer 7: block 95658ee81c0d at height 312 received
[2026-09-29T21:54:45.973Z DEBUG blacksilk_p2p::net::headers] peer 2: 1 headers up to height 312 accepted (new: false)
[2026-09-29T21:54:45.994Z DEBUG blacksilk_p2p::net::headers] peer 6: 1 headers up to height 312 accepted (new: false)
[2026-09-29T21:54:45.994Z DEBUG blacksilk_p2p::net::headers] peer 5: 1 headers up to height 312 accepted (new: false)
[2026-09-29T21:54:50.538Z DEBUG blacksilk_p2p::net::headers] peer 2: 1 headers up to height 313 accepted (new: true)
[2026-09-29T21:54:50.601Z DEBUG blacksilk_p2p::net::blocks] peer 2: block 1a3c9a9f20f8 at height 313 received
[2026-09-29T21:54:50.662Z DEBUG blacksilk_p2p::net::headers] peer 5: 1 headers up to height 313 accepted (new: false)
[2026-09-29T21:54:50.680Z DEBUG blacksilk_p2p::net::headers] peer 6: 1 headers up to height 313 accepted (new: false)
[2026-09-29T21:54:50.680Z DEBUG blacksilk_p2p::net::headers] peer 7: 1 headers up to height 313 accepted (new: false)
[2026-09-29T21:54:54.415Z DEBUG blacksilk_p2p::net::headers] peer 2: 1 headers up to height 314 accepted (new: true)
[2026-09-29T21:54:54.491Z DEBUG blacksilk_p2p::net::blocks] peer 2: block 2a6ff1536a24 at height 314 received
[2026-09-29T21:54:54.575Z DEBUG blacksilk_p2p::net::headers] peer 7: 1 headers up to height 314 accepted (new: false)
[2026-09-29T21:54:54.612Z DEBUG blacksilk_p2p::net::headers] peer 6: 1 headers up to height 314 accepted (new: false)
[2026-09-29T21:54:54.612Z DEBUG blacksilk_p2p::net::headers] peer 5: 1 headers up to height 314 accepted (new: false)
[2026-09-29T21:55:06.632Z DEBUG blacksilk_p2p::net::headers] peer 7: 1 headers up to height 315 accepted (new: true)
[2026-09-29T21:55:06.699Z DEBUG blacksilk_p2p::net::blocks] peer 7: block 8a48b435ed56 at height 315 received
[2026-09-29T21:55:06.793Z DEBUG blacksilk_p2p::net::headers] peer 2: 1 headers up to height 315 accepted (new: false)
[2026-09-29T21:55:06.816Z DEBUG blacksilk_p2p::net::headers] peer 5: 1 headers up to height 315 accepted (new: false)
[2026-09-29T21:55:06.904Z DEBUG blacksilk_p2p::net::headers] peer 6: 1 headers up to height 315 accepted (new: false)
[2026-09-29T21:55:09.219Z DEBUG blacksilk_p2p::net::headers] peer 2: 1 headers up to height 316 accepted (new: true)
[2026-09-29T21:55:09.292Z DEBUG blacksilk_p2p::net::blocks] peer 2: block 4fc9524922b2 at height 316 received
[2026-09-29T21:55:09.364Z DEBUG blacksilk_p2p::net::headers] peer 7: 1 headers up to height 316 accepted (new: false)
[2026-09-29T21:55:09.394Z DEBUG blacksilk_p2p::net::headers] peer 5: 1 headers up to height 316 accepted (new: false)
[2026-09-29T21:55:09.482Z DEBUG blacksilk_p2p::net::headers] peer 6: 1 headers up to height 316 accepted (new: false)
[2026-09-29T21:55:11.818Z DEBUG blacksilk_p2p::net::headers] peer 2: 1 headers up to height 317 accepted (new: true)
[2026-09-29T21:55:11.900Z DEBUG blacksilk_p2p::net::blocks] peer 2: block ffe4ac807723 at height 317 received
[2026-09-29T21:55:11.967Z DEBUG blacksilk_p2p::net::headers] peer 7: 1 headers up to height 317 accepted (new: false)
[2026-09-29T21:55:12.002Z DEBUG blacksilk_p2p::net::headers] peer 5: 1 headers up to height 317 accepted (new: false)
[2026-09-29T21:55:12.101Z DEBUG blacksilk_p2p::net::headers] peer 6: 1 headers up to height 317 accepted (new: false)
[2026-09-29T21:55:18.617Z DEBUG blacksilk_p2p::net::headers] peer 2: 1 headers up to height 318 accepted (new: true)
[2026-09-29T21:55:18.695Z DEBUG blacksilk_p2p::net::blocks] peer 2: block ecea09f24f2b at height 318 received
[2026-09-29T21:55:18.815Z DEBUG blacksilk_p2p::net::headers] peer 5: 1 headers up to height 318 accepted (new: false)
[2026-09-29T21:55:18.897Z DEBUG blacksilk_p2p::net::headers] peer 6: 1 headers up to height 318 accepted (new: false)
[2026-09-29T21:55:18.958Z DEBUG blacksilk_p2p::net::headers] peer 7: 1 headers up to height 318 accepted (new: false)
[2026-09-29T21:55:19.474Z DEBUG blacksilk_p2p::net::stem] fluff tx 3ccae0978d85
[2026-09-29T21:55:34.305Z DEBUG blacksilk_p2p::net::headers] peer 7: 1 headers up to height 319 accepted (new: true)
[2026-09-29T21:55:34.369Z DEBUG blacksilk_p2p::net::blocks] peer 7: block 41b681167863 at height 319 received
[2026-09-29T21:55:34.409Z DEBUG blacksilk_p2p::net::headers] peer 6: 1 headers up to height 319 accepted (new: false)
[2026-09-29T21:55:34.976Z DEBUG blacksilk_p2p::net::headers] peer 2: 1 headers up to height 319 accepted (new: true)
[2026-09-29T21:55:34.977Z DEBUG blacksilk_p2p::net::headers] peer 5: 1 headers up to height 319 accepted (new: false)
[2026-09-29T21:55:38.485Z DEBUG blacksilk_p2p::net::headers] peer 2: 1 headers up to height 320 accepted (new: true)
[2026-09-29T21:55:38.542Z DEBUG blacksilk_p2p::net::blocks] peer 2: block 5cd69ebbe80c at height 320 received
[2026-09-29T21:55:38.660Z DEBUG blacksilk_p2p::net::headers] peer 5: 1 headers up to height 320 accepted (new: false)
[2026-09-29T21:55:38.878Z DEBUG blacksilk_p2p::net::headers] peer 6: 1 headers up to height 320 accepted (new: false)
[2026-09-29T21:55:38.919Z DEBUG blacksilk_p2p::net::headers] peer 7: 1 headers up to height 320 accepted (new: false)
[2026-09-29T21:55:38.960Z DEBUG blacksilk_p2p::net::blocks] peer 5: block aa42d66c5945 at height 319 received
[2026-09-29T21:55:38.969Z INFO  blacksilk_chain::manager::fork_choice] reorganization: disconnecting 1 block(s) above height 318
[2026-09-29T21:55:38.972Z INFO  blacksilk_chain::manager::fork_choice] mempool after the reorganization: Revalidation { checked: 0, invalid: 0, ring_changed: 0 }; returned transactions: Readmission { readmitted: 0, already_pooled: 0, other_rules: 0, conflicts: 0, invalid: 1, ring_changed: 0, no_room: 0, over_budget: 0 }; 0 beyond the readmission budget, not captured
[2026-09-29T21:55:46.304Z DEBUG blacksilk_p2p::net::headers] peer 2: 1 headers up to height 321 accepted (new: true)
[2026-09-29T21:55:46.388Z DEBUG blacksilk_p2p::net::blocks] peer 2: block ae13008699ff at height 321 received
[2026-09-29T21:55:46.490Z DEBUG blacksilk_p2p::net::headers] peer 7: 1 headers up to height 321 accepted (new: false)
[2026-09-29T21:55:46.490Z DEBUG blacksilk_p2p::net::headers] peer 5: 1 headers up to height 321 accepted (new: false)
[2026-09-29T21:55:50.982Z DEBUG blacksilk_p2p::net::headers] peer 7: 1 headers up to height 322 accepted (new: true)
[2026-09-29T21:55:51.055Z DEBUG blacksilk_p2p::net::blocks] peer 7: block c8f8f8027a5a at height 322 received
[2026-09-29T21:55:51.579Z DEBUG blacksilk_p2p::net::headers] peer 2: 1 headers up to height 322 accepted (new: true)
[2026-09-29T21:55:51.579Z DEBUG blacksilk_p2p::net::headers] peer 5: 1 headers up to height 322 accepted (new: false)
[2026-09-29T21:55:51.579Z DEBUG blacksilk_p2p::net::headers] peer 6: 1 headers up to height 322 accepted (new: false)
[2026-09-29T21:55:58.096Z DEBUG blacksilk_p2p::net::headers] peer 2: 1 headers up to height 323 accepted (new: true)
[2026-09-29T21:55:58.157Z DEBUG blacksilk_p2p::net::blocks] peer 2: block 06d157c2e2f4 at height 322 received
[2026-09-29T21:55:58.158Z DEBUG blacksilk_p2p::net::blocks] peer 2: block 73088c1c7f2a at height 323 received
[2026-09-29T21:55:58.164Z INFO  blacksilk_chain::manager::fork_choice] reorganization: disconnecting 1 block(s) above height 321
[2026-09-29T21:55:58.165Z INFO  blacksilk_chain::manager::fork_choice] mempool after the reorganization: Revalidation { checked: 0, invalid: 0, ring_changed: 0 }; returned transactions: Readmission { readmitted: 0, already_pooled: 0, other_rules: 0, conflicts: 0, invalid: 0, ring_changed: 0, no_room: 0, over_budget: 0 }; 0 beyond the readmission budget, not captured
[2026-09-29T21:55:58.214Z DEBUG blacksilk_p2p::net::headers] peer 5: 1 headers up to height 323 accepted (new: false)
[2026-09-29T21:55:59.604Z DEBUG blacksilk_p2p::net::headers] peer 2: 1 headers up to height 324 accepted (new: true)
[2026-09-29T21:55:59.677Z DEBUG blacksilk_p2p::net::blocks] peer 2: block d447139d6e19 at height 324 received
[2026-09-29T21:55:59.757Z DEBUG blacksilk_p2p::net::headers] peer 5: 1 headers up to height 324 accepted (new: false)
[2026-09-29T21:55:59.780Z DEBUG blacksilk_p2p::net::headers] peer 7: 1 headers up to height 324 accepted (new: false)
[2026-09-29T21:56:07.024Z DEBUG blacksilk_p2p::net::headers] peer 7: 1 headers up to height 325 accepted (new: true)
[2026-09-29T21:56:07.101Z DEBUG blacksilk_p2p::net::blocks] peer 7: block c53658cd49c7 at height 325 received
[2026-09-29T21:56:07.243Z DEBUG blacksilk_p2p::net::headers] peer 6: 1 headers up to height 325 accepted (new: false)
[2026-09-29T21:56:07.365Z DEBUG blacksilk_p2p::net::headers] peer 5: 1 headers up to height 325 accepted (new: false)
[2026-09-29T21:56:07.385Z DEBUG blacksilk_p2p::net::headers] peer 2: 1 headers up to height 325 accepted (new: false)
[2026-09-29T21:56:19.208Z DEBUG blacksilk_p2p::net::headers] peer 7: 1 headers up to height 326 accepted (new: true)
[2026-09-29T21:56:19.278Z DEBUG blacksilk_p2p::net::blocks] peer 7: block 7a24828e8af1 at height 326 received
[2026-09-29T21:56:19.299Z DEBUG blacksilk_p2p::net::headers] peer 5: 1 headers up to height 326 accepted (new: false)
[2026-09-29T21:56:39.990Z DEBUG blacksilk_p2p::net::stem] fluff tx 55f06c5c4dc3
[2026-09-29T21:56:40.071Z DEBUG blacksilk_p2p::net::headers] peer 2: 1 headers up to height 327 accepted (new: true)
[2026-09-29T21:56:40.141Z DEBUG blacksilk_p2p::net::blocks] peer 2: block 3d9388a78482 at height 327 received
[2026-09-29T21:56:40.163Z DEBUG blacksilk_p2p::net::headers] peer 7: 1 headers up to height 327 accepted (new: false)
[2026-09-29T21:56:41.912Z DEBUG blacksilk_p2p::net::headers] peer 2: 1 headers up to height 328 accepted (new: true)
[2026-09-29T21:56:42.002Z DEBUG blacksilk_p2p::net::blocks] peer 2: block a00318814bae at height 328 received
[2026-09-29T21:56:45.321Z DEBUG blacksilk_p2p::net::headers] peer 2: 1 headers up to height 329 accepted (new: true)
[2026-09-29T21:56:45.404Z DEBUG blacksilk_p2p::net::blocks] peer 2: block d3449cbb1f73 at height 329 received
[2026-09-29T21:56:45.428Z DEBUG blacksilk_p2p::net::headers] peer 7: 1 headers up to height 329 accepted (new: false)
[2026-09-29T21:56:45.443Z DEBUG blacksilk_p2p::net::headers] peer 6: 1 headers up to height 329 accepted (new: false)
[2026-09-29T21:56:49.205Z DEBUG blacksilk_p2p::net::headers] peer 7: 1 headers up to height 330 accepted (new: true)
[2026-09-29T21:56:49.271Z DEBUG blacksilk_p2p::net::blocks] peer 7: block 908169ee8529 at height 330 received
[2026-09-29T21:56:49.394Z DEBUG blacksilk_p2p::net::headers] peer 6: 1 headers up to height 330 accepted (new: false)
[2026-09-29T21:56:53.340Z DEBUG blacksilk_p2p::net::headers] peer 2: 1 headers up to height 331 accepted (new: true)
[2026-09-29T21:56:53.420Z DEBUG blacksilk_p2p::net::blocks] peer 2: block 40e7aedbff6c at height 331 received
[2026-09-29T21:56:53.528Z DEBUG blacksilk_p2p::net::headers] peer 5: 1 headers up to height 331 accepted (new: false)
[2026-09-29T21:56:53.559Z DEBUG blacksilk_p2p::net::headers] peer 6: 1 headers up to height 331 accepted (new: false)
[2026-09-29T21:56:56.197Z DEBUG blacksilk_p2p::net::headers] peer 7: 1 headers up to height 332 accepted (new: true)
[2026-09-29T21:56:56.273Z DEBUG blacksilk_p2p::net::blocks] peer 7: block 34d63eea50cb at height 332 received
[2026-09-29T21:56:56.332Z DEBUG blacksilk_p2p::net::headers] peer 2: 1 headers up to height 332 accepted (new: false)
[2026-09-29T21:56:56.394Z DEBUG blacksilk_p2p::net::headers] peer 5: 1 headers up to height 332 accepted (new: false)
[2026-09-29T21:56:56.449Z DEBUG blacksilk_p2p::net::headers] peer 6: 1 headers up to height 332 accepted (new: false)
[2026-09-29T21:56:59.963Z DEBUG blacksilk_p2p::net::stem] fluff tx ddefe813a3a9
[2026-09-29T21:57:15.506Z DEBUG blacksilk_p2p::net::headers] peer 7: 1 headers up to height 333 accepted (new: true)
[2026-09-29T21:57:15.581Z DEBUG blacksilk_p2p::net::blocks] peer 7: block e4aca4678262 at height 333 received
[2026-09-29T21:57:15.629Z DEBUG blacksilk_p2p::net::headers] peer 2: 1 headers up to height 333 accepted (new: false)
[2026-09-29T21:57:15.869Z DEBUG blacksilk_p2p::net::headers] peer 6: 1 headers up to height 333 accepted (new: false)
[2026-09-29T21:57:17.684Z DEBUG blacksilk_p2p::net::headers] peer 7: 1 headers up to height 334 accepted (new: true)
[2026-09-29T21:57:17.750Z DEBUG blacksilk_p2p::net::blocks] peer 7: block f0ca2bb42d0e at height 334 received
[2026-09-29T21:57:17.848Z DEBUG blacksilk_p2p::net::headers] peer 5: 1 headers up to height 334 accepted (new: false)
[2026-09-29T21:57:17.976Z DEBUG blacksilk_p2p::net::headers] peer 6: 1 headers up to height 334 accepted (new: false)
[2026-09-29T21:57:48.830Z DEBUG blacksilk_p2p::net::addr_relay] peer 6: addr with 1 entries
[2026-09-29T21:57:48.831Z DEBUG blacksilk_p2p::net::addr_relay] peer 5: addr with 1 entries
[2026-09-29T21:57:48.865Z DEBUG blacksilk_p2p::net::addr_relay] peer 2: addr with 1 entries
[2026-09-29T21:57:48.865Z DEBUG blacksilk_p2p::net::addr_relay] peer 7: addr with 1 entries
[2026-09-29T21:57:50.835Z INFO  blacksilk_p2p::net::conn] connected inbound peer 127.0.0.1:11557 (height 8)
[2026-09-29T21:57:50.835Z DEBUG blacksilk_p2p::net::addr_relay] peer 8: getaddr answered with 5 addresses
[2026-09-29T21:57:50.835Z DEBUG blacksilk_p2p::net::addr_relay] peer 8: addr with 1 entries
